257 266
578 607 401 531 594 584 581 701 394 780 22 774 625 128 121 804 873 218 954 158 952 496 168 632 605 365 87 493 955 797 936 55 538 801 255 436 73 432 258 668 157 255 828 99 741 970 262 916 769 427 906 826 587 184 220 701 659 652 339 951 376 477 588 310 608 515 804 674 326 743 551 800 422 199 708 140 493 791 527 12 204 847 306 126 547 151 644 599 347 960 743 550 119 515 7 520 666 406 544 624 813 667 229 92 394 517 526 834 633 292 207 663 141 293 291 859 234 636 263 981 143 666 91 540 817 959 968 72 602 902 468 221 951 939 998 904 568 124 402 383 774 999 243 660 983 566 231 151 469 768 617 688 98 466 120 834 35 483 748 349 342 200 658 16 866 28 611 556 884 876 462 709 509 464 585 302 943 50 164 332 517 355 516 321 880 622 288 954 749 973 962 539 859 414 746 906 820 407 255 533 622 694 313 894 859 783 470 341 452 409 496 236 94 737 49 397 210 564 630 907 701 630 424 831 510 148 583 505 197 804 128 703 31 348 235 201 510 659 625 793 85 451 284 712 16 471 86 433 699 670 736 879 385 978 306 630 368 475 11 199 647 76 905 641 788 480
619 285 526 103 225 616 319 123 246 856 519 953 271 536 427 974 508 153 694 853 214 668 120 633 73 954 745 882 135 104 217 819 736 994 595 386 182 170 451 915 206 248 124 197 741 933 822 976 363 52 377 200 814 226 173 623 430 107 124 762 544 120 442 232 165 647 286 45 459 33 995 361 216 21 452 124 611 956 919 617 988 556 167 988 843 570 527 766 232 205 654 193 517 732 422 512 993 779 785 79 87 634 308 232 85 876 369 947 165 463 924 884 208 426 868 589 486 917 12 73 642 86 412 158 392 983 270 307 694 895 618 683 50 839 879 187 241 851 144 961 160 296 19 370 198 305 145 210 387 519 214 665 507 856 173 628 631 3 639 477 41 758 437 185 376 272 581 435 752 657 314 937 330 479 916 284 444 219 409 868 271 725 823 797 626 829 781 448 398 203 480 970 962 417 449 818 857 663 799 373 997 241 948 806 743 451 374 674 645 534 137 679 565 808 391 634 592 904 880 955 385 376 133 12 538 734 555 130 189 403 978 355 917 395 874 816 678 787 930 523 375 515 171 601 109 778 175 688 474 919 306 293 650 222 104 957 371 540 368 291 824 854 683 283 605 671
892 204 819 573 67 65 925 228 49 251 895 962 461 759 643 492 994 584 123 506 842 913 964 221 996 448 919 62 329 709 447 953 808 232 343 974 79 58 31 801 611 920 732 230 370 896 983 340 938 257 843 280 137 565 231 609 195 836 511 577 841 351 51 816 610 790 684 81 442 334 442 837 25 818 392 411 872 38 5 664 426 930 477 92 438 151 199 627 612 437 122 209 778 146 435 17 215 46 875 573 373 244 617 365 916 207 822 898 401 559 745 849 931 647 352 378 125 608 151 162 339 311 809 456 255 286 65 737 331 436 313 29 555 165 951 802 403 214 823 774 703 143 264 93 386 934 849 679 109 831 770 44 840 15 702 742 189 203 977 999 276 732 574 909 689 638 796 648 823 797 316 44 271 390 49 948 238 436 279 781 845 200 996 338 506 714 236 868 394 862 855 678 684 423 285 416 325 977 314 360 630 325 558 28 439 421 222 298 516 875 224 1000 246 526 205 560 11 539 448 271 984 896 68 335 251 756 378 616 705 325 983 682 847 868 605 833 217 709 485 545 596 534 380 539 225 754 918 413 231 245 828 765 877 845 410 379 471 440 3 626 918 965 218 810 625 51
183 29 310 832 901 811 932 484 488 804 414 885 275 914 958 851 904 140 784 659 743 440 662 827 611 571 840 549 549 899 279 205 531 199 793 394 130 727 795 670 145 834 172 697 945 59 736 475 486 628 202 736 583 665 111 175 570 670 253 500 496 506 408 75 584 28 603 444 918 92 41 962 843 262 569 444 639 807 808 775 651 568 85 286 233 222 4 450 887 948 573 358 437 703 254 304 13 38 587 32 233 653 734 371 536 688 767 580 402 58 290 513 822 49 646 540 845 794 973 995 712 55 125 40 679 645 677 553 56 740 972 381 83 81 14 325 753 954 717 282 324 540 982 493 231 168 304 982 950 653 774 344 737 366 317 583 229 870 606 355 606 390 220 626 303 125 438 761 517 214 242 531 921 860 443 964 728 814 351 124 652 278 762 679 851 922 720 616 901 853 33 619 982 588 50 659 329 819 474 894 885 333 324 184 730 737 280 278 770 107 782 312 698 307 349 396 188 472 921 245 67 204 970 387 423 194 304 173 854 350 456 190 614 431 638 928 976 417 718 972 997 938 640 258 346 62 111 659 927 411 687 970 736 315 647 14 846 907 768 411 771 39 697 231 592 791
117 816 937 839 405 361 3 97 654 770 97 377 541 164 438 858 432 483 777 385 103 638 774 186 541 936 563 181 728 792 297 326 973 338 36 825 595 371 482 266 785 53 97 345 703 601 573 227 891 69 76 136 392 248 734 216 127 747 311 480 866 26 547 220 694 706 216 56 155 303 836 249 215 65 30 65 488 652 623 670 238 589 403 257 482 53 586 6 876 388 673 327 447 214 616 642 927 639 901 612 840 663 35 10 78 167 756 864 926 365 66 128 533 590 947 346 877 995 673 602 127 821 317 631 317 376 565 722 611 229 639 805 304 135 433 595 379 718 671 115 12 767 40 346 812 6 910 683 190 718 288 689 974 230 292 55 92 434 825 21 206 353 51 123 948 449 885 119 736 636 826 583 466 483 201 161 940 507 942 406 495 96 166 502 362 531 894 983 380 242 316 913 917 971 81 415 490 461 527 101 131 989 207 462 190 485 541 404 613 618 16 477 896 983 503 881 435 62 854 793 370 268 984 87 643 788 864 156 439 21 761 236 203 922 663 142 101 243 983 769 295 234 838 554 183 554 768 280 655 653 736 589 414 492 20 345 410 327 152 863 389 998 549 941 538 665
663 807 913 865 700 113 423 520 526 724 812 159 847 131 937 534 96 84 546 389 728 772 479 514 474 149 550 71 445 226 847 610 440 351 327 888 79 453 876 693 975 847 901 322 332 144 227 545 309 490 420 290 609 649 953 453 5 247 470 453 636 673 956 278 929 774 247 255 441 349 618 87 30 656 333 553 801 753 566 833 613 296 80 200 841 391 237 674 57 202 173 223 73 853 57 826 252 303 244 977 637 787 877 302 40 600 545 413 294 111 884 207 98 606 520 984 877 663 399 516 86 983 404 133 150 752 861 185 307 614 693 597 799 251 242 135 667 558 10 768 395 890 138 874 2 498 549 283 481 783 393 389 209 208 463 616 438 402 254 496 139 331 399 267 489 821 807 926 853 151 291 356 666 823 449 363 358 545 31 995 821 554 755 348 505 982 668 985 840 561 41 784 509 283 393 178 742 378 876 759 742 406 223 740 57 864 603 196 866 926 40 222 123 309 798 179 455 472 814 143 764 967 301 92 600 704 817 902 248 696 75 274 111 390 145 871 243 258 766 35 472 216 771 695 679 220 97 609 607 435 216 897 633 151 944 60 184 125 430 63 417 906 561 918 30 792
957 483 891 81 157 9 514 630 712 927 789 291 749 845 440 855 937 403 343 127 678 980 721 161 875 901 712 775 808 806 828 978 772 596 351 840 115 753 158 391 980 387 650 735 134 645 851 216 352 589 408 993 836 606 250 144 748 469 438 545 132 20 914 5 49 594 62 941 578 923 879 262 554 403 883 304 583 593 591 131 294 804 775 73 328 532 302 120 419 666 9 898 953 808 34 349 569 911 880 396 402 744 508 915 41 669 794 833 692 938 970 781 535 854 746 405 748 888 136 9 94 882 813 540 796 353 383 651 163 414 669 31 340 908 541 517 97 18 937 655 278 734 408 90 358 917 342 959 803 220 926 761 804 582 905 954 389 888 663 394 993 6 916 333 49 551 499 823 927 680 160 725 88 739 779 414 440 566 505 647 317 446 245 376 973 294 17 855 47 230 848 361 82 192 160 335 65 645 951 432 941 591 81 412 244 841 907 273 96 888 202 736 622 781 109 238 994 633 89 783 685 837 924 108 255 582 234 296 722 547 990 691 102 806 752 14 664 754 501 25 56 441 204 207 865 866 860 721 367 939 144 232 451 173 657 809 518 165 404 184 429 123 609 973 648 642
732 242 892 242 290 776 38 182 608 678 977 331 953 659 658 145 570 194 392 946 54 628 729 730 275 924 889 639 103 303 308 294 970 714 261 794 636 449 748 922 296 677 194 320 56 984 732 346 670 835 223 595 602 829 600 805 293 785 823 837 605 856 820 686 888 390 160 766 568 663 682 872 551 527 561 721 594 677 898 160 384 311 800 964 435 735 154 565 264 194 642 662 395 909 797 464 114 574 752 514 278 817 91 291 31 721 741 169 108 415 875 530 162 135 329 844 604 38 842 388 882 455 215 304 652 74 447 121 844 829 22 612 9 16 528 383 796 65 972 531 401 357 598 882 801 360 420 132 14 891 809 917 140 597 389 13 460 806 664 376 898 93 146 50 156 973 569 364 183 946 880 742 612 944 780 783 23 450 337 383 823 247 939 212 48 283 395 542 40 144 187 233 779 585 983 458 844 123 421 775 472 138 626 39 832 115 155 665 88 288 177 2 756 94 337 499 657 687 464 758 301 925 244 469 23 381 251 145 111 962 323 670 101 836 666 778 798 508 588 11 158 992 762 229 944 82 419 229 156 383 474 896 12 892 416 388 685 662 800 616 242 123 391 558 291 899
949 691 220 598 605 567 459 844 943 499 555 443 62 536 857 806 487 795 74 795 891 334 892 629 844 401 344 840 470 342 566 573 356 653 58 362 125 922 268 595 332 620 786 141 955 546 575 841 72 45 400 846 376 418 498 251 670 1000 187 665 735 444 242 670 530 607 104 271 810 110 333 538 133 761 816 910 135 84 124 432 187 832 349 517 563 33 496 740 663 963 525 58 741 32 167 629 963 455 849 70 6 276 753 189 319 743 973 63 654 862 212 491 962 238 2 361 787 765 604 131 702 667 233 309 957 47 6 77 872 748 134 698 797 410 442 421 855 922 875 758 331 60 734 848 957 272 34 980 615 630 439 18 914 740 680 795 142 457 520 906 950 457 65 970 667 356 3 329 161 550 704 370 883 763 370 999 257 954 733 282 665 290 61 533 475 524 138 331 305 395 613 90 650 439 575 164 88 17 788 648 267 348 46 713 33 118 983 305 504 723 518 137 319 817 315 317 389 991 242 158 310 436 181 220 694 846 995 189 913 292 645 305 178 307 519 862 459 614 126 273 206 789 935 552 315 152 78 985 374 543 345 118 888 653 867 791 384 539 400 366 127 979 707 847 942 487
577 174 657 306 138 113 224 746 559 151 777 571 838 88 353 91 855 560 126 938 938 633 319 421 574 489 714 719 213 609 592 311 318 685 200 70 844 708 973 303 440 810 410 827 501 756 902 341 235 565 633 644 830 496 140 557 85 158 446 583 448 942 353 204 486 30 590 195 269 776 151 650 365 25 881 715 395 892 300 593 445 413 431 556 869 733 67 599 459 79 707 380 947 343 778 533 141 928 947 996 180 90 778 44 893 539 36 779 106 498 7 68 293 784 102 454 825 650 637 274 199 534 481 33 525 60 587 771 141 195 96 978 248 579 377 687 254 56 280 45 826 967 813 8 238 255 620 498 19 722 379 58 995 546 986 510 988 485 602 724 548 963 809 611 321 766 256 905 612 472 490 575 570 656 483 733 821 502 770 617 414 994 210 941 826 325 212 731 333 424 533 194 866 289 933 818 125 411 827 221 651 384 754 666 833 89 297 985 706 54 403 974 929 911 163 17 673 466 864 280 236 929 253 399 290 544 259 795 522 522 427 573 75 984 799 122 275 21 965 464 37 530 88 247 116 20 441 327 323 679 306 963 255 359 873 920 304 811 330 869 212 813 976 425 830 495
990 203 738 12 524 287 775 966 646 772 89 669 628 36 614 156 536 141 175 621 51 332 317 28 301 396 507 854 313 860 317 776 712 114 194 65 187 347 162 363 611 899 994 381 421 70 594 567 861 571 423 958 579 96 921 102 61 105 952 968 217 686 700 853 351 760 35 708 979 635 383 506 891 884 914 743 784 832 936 936 683 436 895 632 515 779 924 445 917 485 505 142 466 492 295 449 178 647 350 815 130 307 342 813 572 90 993 200 392 834 270 900 944 231 989 128 987 217 927 698 951 402 189 109 804 228 840 866 392 690 961 472 450 448 977 466 749 98 310 509 86 424 628 814 952 38 963 995 956 476 271 626 274 257 514 123 866 471 933 518 18 828 363 261 584 159 802 857 872 228 641 856 832 164 846 151 937 324 338 140 187 506 883 512 796 889 479 718 224 333 607 792 305 145 129 843 347 640 963 662 313 623 447 398 394 751 697 734 946 246 998 576 899 944 342 612 386 947 220 432 812 381 369 851 342 204 834 679 528 135 79 665 292 367 544 138 525 728 40 458 105 372 69 468 861 1 18 446 217 622 123 51 26 520 488 414 945 123 30 227 582 361 726 851 61 903
775 653 506 7 788 711 879 475 214 864 917 530 726 288 612 69 935 153 91 237 854 424 157 555 182 857 963 714 562 19 568 167 484 614 444 535 444 38 458 384 170 880 811 48 375 20 246 162 594 142 61 336 321 347 904 34 818 496 471 902 676 947 483 388 33 421 854 965 913 109 127 330 693 220 66 71 201 979 978 7 613 939 334 737 910 890 466 329 318 162 135 284 555 902 393 321 13 143 626 20 320 731 274 87 543 493 43 382 224 485 669 599 664 733 27 920 473 548 589 261 944 183 962 529 989 111 735 919 847 406 98 511 694 849 498 293 348 254 983 612 269 114 590 753 559 297 766 794 914 264 992 835 264 108 92 368 107 794 902 706 77 839 741 711 910 164 179 467 286 831 237 964 585 494 940 310 1000 923 182 803 526 706 927 744 4 299 690 662 854 454 851 403 311 304 477 431 741 365 275 238 596 386 201 653 563 286 525 423 706 445 107 564 519 41 919 584 678 630 499 945 219 59 159 396 414 49 683 959 91 371 355 451 355 617 11 444 670 376 237 355 228 125 883 498 294 503 381 576 933 223 975 615 168 465 830 213 627 687 787 601 513 602 8 164 687 927
616 846 562 598 338 639 569 289 29 266 387 953 570 759 25 263 882 995 370 85 248 824 722 390 573 817 96 391 237 188 947 392 698 26 758 103 401 749 634 94 895 155 726 499 991 426 45 992 524 248 427 350 318 203 915 753 292 897 644 311 654 707 351 727 693 86 424 245 215 747 237 996 183 169 850 154 302 480 136 997 722 380 901 514 891 496 57 746 946 520 324 132 892 719 310 555 884 639 638 905 534 985 16 315 729 847 50 137 255 412 963 736 278 700 772 501 882 14 51 33 606 892 307 846 157 773 293 32 469 854 502 318 817 55 317 394 723 48 6 83 115 951 513 399 589 740 877 952 903 263 490 733 36 639 972 128 865 325 266 285 934 983 876 176 619 458 892 733 795 430 465 803 261 223 868 940 620 760 621 565 975 334 23 64 911 965 340 521 775 71 739 505 508 598 233 609 531 355 229 583 842 973 835 506 601 222 341 863 548 812 678 930 288 621 511 224 824 333 879 714 836 771 52 457 579 555 67 296 635 973 202 291 918 48 95 513 947 123 25 213 892 782 626 921 590 448 460 90 246 329 507 766 852 679 19 926 815 267 697 145 381 129 552 178 313 253
608 954 860 812 459 391 347 901 18 216 977 766 768 170 505 938 412 889 126 762 701 530 897 161 308 688 278 149 523 276 384 644 938 241 436 774 82 591 130 889 293 194 819 809 160 516 904 475 171 178 544 425 371 814 658 803 479 121 773 82 184 671 961 859 539 840 94 837 517 488 128 639 622 106 998 105 72 242 980 205 256 398 808 983 608 283 155 453 229 494 839 315 613 899 233 248 140 23 961 429 52 140 777 185 297 27 742 54 973 994 861 91 138 361 571 285 580 209 170 138 970 15 465 935 920 293 531 655 482 213 680 361 245 77 336 602 761 244 14 294 100 852 887 52 716 549 724 156 305 399 803 336 731 686 407 832 246 481 982 182 265 872 723 912 956 437 927 52 62 909 212 645 437 397 20 841 64 169 920 35 781 968 916 888 91 174 890 409 810 778 740 264 420 605 688 135 880 548 197 268 13 244 960 897 296 277 838 834 999 693 607 137 582 882 634 886 172 222 494 767 81 200 382 426 642 613 485 325 856 433 321 608 778 610 61 449 400 810 933 256 416 303 608 155 428 582 59 2 247 867 800 866 262 102 518 898 13 142 91 607 70 950 386 43 662 797
236 685 440 51 337 358 779 813 329 823 524 114 367 766 620 135 330 428 304 347 998 917 853 701 456 213 662 770 709 816 584 113 708 439 560 464 695 568 975 90 346 880 206 113 779 617 469 233 369 807 96 578 117 165 738 109 27 570 516 756 515 931 610 378 900 41 753 691 729 106 594 260 194 533 513 48 425 735 474 980 369 939 53 271 619 823 826 788 374 376 715 102 581 72 852 85 274 675 177 2 405 342 301 931 254 573 851 747 736 42 762 923 689 249 924 190 656 540 41 818 621 168 258 218 871 855 302 333 547 276 578 820 334 567 55 78 943 324 240 48 343 245 770 43 731 121 984 157 284 714 115 784 586 490 429 277 850 323 918 486 283 406 535 294 313 85 417 309 704 874 878 176 615 231 981 575 192 705 955 100 185 286 307 602 554 719 577 460 582 724 321 62 736 626 492 256 455 70 590 120 28 61 951 980 365 501 900 808 633 759 179 369 974 828 419 741 473 71 763 313 595 711 238 179 761 346 604 34 494 647 223 969 959 774 779 33 865 153 430 315 770 222 175 777 47 191 947 372 753 244 690 887 262 657 310 463 732 807 990 44 291 40 863 160 646 761
539 67 355 72 328 617 312 153 782 624 510 42 604 37 485 438 286 906 122 329 340 738 706 405 460 596 684 627 24 931 534 586 18 626 445 488 104 421 570 286 728 45 839 483 56 797 5 593 417 913 14 457 317 22 751 81 823 553 528 39 977 311 303 303 328 600 280 821 742 827 69 720 24 547 970 354 584 151 543 21 390 343 459 1000 819 402 575 65 367 952 747 184 609 200 341 86 323 870 410 710 109 727 851 591 931 249 582 260 50 534 171 435 973 13 29 115 456 797 17 447 721 561 251 408 737 344 669 302 872 807 287 475 71 158 77 282 383 300 481 714 951 778 772 186 243 482 621 48 571 177 696 491 891 530 926 432 165 73 435 655 52 798 121 884 793 904 379 927 400 90 334 286 49 540 54 37 49 52 9 723 282 258 878 718 699 142 564 462 473 306 214 663 368 745 978 749 620 795 489 265 313 437 70 168 468 341 82 731 141 872 489 848 148 619 818 186 859 556 53 937 489 843 110 94 688 937 686 288 890 441 30 980 854 56 300 200 29 615 997 559 212 358 153 798 106 457 532 782 644 301 625 679 685 643 21 482 644 331 218 637 876 188 258 337 161 819
873 310 472 342 920 9 88 215 590 479 770 701 148 740 320 401 744 395 656 699 759 756 388 316 728 749 307 681 713 990 330 287 93 895 158 872 716 711 361 580 543 781 375 779 928 70 643 63 210 600 174 32 786 41 819 850 498 125 578 381 643 911 517 290 124 616 488 796 85 55 566 819 321 809 213 252 676 659 292 706 556 35 54 390 337 194 521 685 870 336 461 452 196 164 955 344 982 774 188 210 499 301 296 668 74 232 795 838 414 980 581 818 800 404 234 675 378 791 588 275 434 939 832 587 880 270 693 698 29 918 525 205 665 438 577 702 828 883 836 944 337 991 203 425 292 961 390 63 288 487 389 482 2 236 354 592 597 342 615 864 363 522 680 765 790 347 305 451 381 202 849 899 610 961 280 57 136 622 71 95 273 436 765 211 196 191 168 73 691 704 970 31 581 71 685 956 509 419 923 695 440 522 714 154 76 441 608 142 916 525 999 386 66 160 725 569 860 842 121 130 852 350 5 911 605 817 988 324 617 647 664 350 482 148 1 932 604 543 434 894 487 528 161 31 439 343 305 211 138 709 642 200 357 749 292 264 247 785 127 633 384 66 56 751 464 732
235 36 999 880 169 962 508 944 678 923 795 701 19 989 698 830 199 731 870 347 243 94 506 379 794 58 407 232 270 183 670 91 834 516 301 265 129 499 295 287 69 201 762 655 982 188 903 169 110 472 530 425 400 923 570 957 891 237 415 464 880 981 810 22 119 886 554 856 631 794 246 834 743 352 336 403 825 124 127 346 676 613 503 647 335 658 973 629 741 919 205 694 18 50 217 823 141 83 473 203 109 950 997 813 454 819 889 23 914 707 645 445 562 12 229 945 344 610 389 692 173 145 445 195 313 86 129 872 818 806 504 822 174 143 546 186 410 371 666 927 442 252 65 218 192 981 454 261 70 543 49 340 410 15 735 557 644 821 410 335 927 472 398 269 733 504 547 951 290 748 912 52 375 53 1 995 925 332 471 748 66 741 643 653 99 185 270 857 407 434 306 339 889 483 947 955 316 100 288 537 341 996 273 691 909 892 967 791 146 666 597 887 613 569 962 370 139 26 617 801 517 217 96 224 805 885 156 355 307 298 507 208 116 697 827 976 257 157 701 105 114 685 134 261 83 377 955 541 264 347 223 238 390 33 98 966 499 295 513 652 196 778 732 70 926 347
726 491 84 221 47 74 216 231 804 671 235 648 817 738 175 502 693 441 301 89 390 857 600 290 530 360 30 985 216 599 91 664 691 92 571 295 632 75 842 270 448 883 206 214 957 454 669 918 739 530 441 267 229 909 925 366 820 610 118 158 24 555 187 164 806 897 448 205 582 632 309 470 344 20 35 688 263 568 195 985 864 435 859 485 89 978 611 441 871 863 658 912 676 403 16 900 880 406 178 895 710 390 551 403 560 879 392 80 886 617 889 788 794 505 624 816 208 275 403 443 619 205 937 370 397 929 766 884 906 326 123 296 656 870 108 697 230 699 80 378 161 317 76 903 951 290 106 389 613 430 615 400 753 269 934 530 965 708 337 785 331 304 49 1 344 38 595 235 658 770 624 545 212 186 816 178 176 279 3 743 265 65 415 389 155 339 841 380 616 897 297 412 459 875 616 70 810 970 367 959 608 798 135 975 605 749 235 652 500 219 889 740 534 411 266 771 622 498 674 666 230 59 531 183 546 694 800 971 330 888 197 359 662 989 894 864 216 124 362 351 672 87 722 180 823 537 717 998 347 660 460 668 993 894 666 408 374 867 945 470 756 313 584 883 3 904
640 671 826 718 286 863 996 550 917 634 141 557 332 460 278 99 528 907 149 29 167 174 702 737 225 46 801 645 761 363 674 713 775 168 124 247 620 305 376 935 495 647 424 363 591 892 709 916 171 929 174 607 474 205 545 50 978 912 218 714 962 380 82 970 955 471 795 657 994 313 17 661 585 5 586 515 454 509 301 638 231 185 698 232 117 339 254 996 791 271 758 676 432 210 302 614 554 329 422 169 313 508 918 211 5 624 257 844 818 428 235 21 420 232 266 780 621 137 478 507 312 312 245 84 438 49 6 558 946 15 678 675 12 966 952 488 636 703 101 340 893 451 154 419 166 645 433 323 292 642 765 444 986 528 837 697 511 867 944 140 193 66 268 547 330 726 528 709 440 384 51 518 169 773 713 658 379 789 96 987 717 700 851 370 738 627 531 843 447 667 199 968 220 507 890 485 571 260 711 502 489 994 614 883 713 837 371 483 220 719 236 927 72 812 843 162 573 520 188 788 258 439 18 631 130 303 812 324 595 421 332 600 942 805 548 322 526 298 281 848 26 732 418 455 54 449 413 684 241 371 342 149 159 294 771 483 9 572 491 67 192 919 621 205 689 910
61 962 936 559 552 822 75 63 729 618 609 331 786 294 853 74 594 485 404 14 997 708 142 676 919 860 437 787 867 509 632 668 971 994 830 233 547 557 464 938 689 619 232 206 197 19 130 349 579 648 333 150 563 642 24 643 546 611 664 986 328 604 311 373 945 545 925 43 308 321 864 1 268 533 548 72 391 966 640 901 166 631 728 244 128 345 943 952 668 290 244 653 249 973 725 231 927 793 382 708 447 305 213 223 784 722 796 1000 452 459 530 168 394 656 591 53 870 533 55 910 132 606 596 633 167 219 15 127 338 813 940 838 793 826 427 678 223 583 78 936 593 932 674 725 237 6 139 156 684 184 559 406 701 245 210 914 859 221 996 970 277 61 507 2 562 227 860 921 672 425 616 406 313 432 986 851 987 100 17 830 211 655 327 452 861 75 335 327 369 590 419 27 642 679 364 10 367 297 556 138 197 351 499 753 464 367 256 942 146 644 477 655 806 825 714 712 898 772 916 38 382 9 575 963 952 596 880 35 254 25 288 590 946 782 38 511 906 294 175 457 246 503 805 843 558 134 677 36 422 191 131 770 771 476 793 175 462 665 977 340 805 781 919 991 330 955
597 825 426 914 405 470 904 675 405 878 64 884 116 440 945 166 901 481 230 525 232 357 89 146 915 617 110 567 147 53 725 157 324 26 643 217 143 351 383 896 268 615 728 922 380 381 514 553 911 494 825 552 501 572 754 74 644 543 200 264 476 308 926 141 761 274 607 477 394 732 278 615 497 429 718 680 10 94 133 402 449 616 950 484 488 526 556 169 735 188 971 625 239 587 391 248 794 933 346 91 879 798 986 548 106 742 908 617 810 334 617 685 218 382 8 559 110 599 42 412 617 739 645 467 29 715 178 381 251 50 329 341 694 271 130 31 408 216 477 697 708 366 276 188 963 816 208 236 313 679 995 96 884 381 814 106 283 868 349 366 202 82 544 217 711 325 63 855 578 8 165 400 426 951 523 59 9 352 337 142 846 768 738 434 156 602 882 173 11 399 159 929 194 122 988 722 623 169 836 929 993 231 837 192 363 747 424 166 20 961 975 286 876 144 918 460 886 8 939 731 892 465 893 870 99 81 818 277 559 694 694 755 443 750 508 977 116 128 111 273 301 345 636 37 671 888 408 928 316 721 319 367 895 656 329 701 547 941 322 163 865 558 429 552 629 250
743 869 580 377 280 69 79 911 941 561 510 84 521 754 120 34 102 233 708 187 226 779 747 272 774 396 389 169 470 233 740 731 751 263 899 874 164 34 516 771 513 147 260 845 731 390 602 108 222 764 18 753 566 503 280 572 453 381 668 540 592 301 689 264 946 938 384 721 963 811 142 539 762 562 115 348 579 80 488 484 771 227 385 275 31 880 709 810 919 240 849 155 841 953 573 373 310 877 823 239 264 155 436 868 298 278 141 453 617 638 713 597 267 828 550 26 324 627 822 74 708 568 658 351 375 953 429 526 92 695 850 911 278 627 957 121 708 299 615 553 283 304 834 652 280 681 887 74 431 561 336 772 513 499 964 411 37 893 997 590 495 160 904 761 937 786 563 685 326 998 809 200 922 426 674 797 184 282 855 583 733 826 705 710 73 157 515 695 303 652 274 388 538 54 316 881 299 211 646 311 680 945 403 544 944 768 893 573 374 16 139 887 966 856 398 99 670 377 65 675 396 577 583 320 88 547 354 542 899 512 588 10 781 772 239 717 439 759 921 995 900 633 291 112 317 664 570 765 628 177 12 411 243 94 556 640 546 454 285 224 829 94 295 982 456 843
189 963 168 714 5 762 898 689 241 602 281 685 444 869 531 979 662 233 300 478 487 234 846 291 821 46 919 410 623 330 416 131 721 158 352 125 522 926 665 771 297 427 424 212 334 381 831 734 62 806 279 810 275 91 332 706 361 700 127 139 772 852 581 424 528 850 408 937 371 984 712 145 486 984 51 895 197 594 121 227 574 322 80 71 150 387 588 276 718 534 373 258 908 355 141 530 764 111 29 762 773 62 668 140 59 276 493 496 366 446 777 252 933 447 401 926 875 86 496 466 423 19 566 597 757 695 817 926 369 196 834 533 621 675 223 568 706 766 321 609 266 568 499 212 742 511 931 491 49 205 135 98 601 771 968 60 881 310 501 890 547 847 218 106 439 943 77 581 312 352 465 47 6 41 274 39 878 328 695 950 174 571 222 254 369 984 216 390 785 182 388 218 637 684 823 638 581 614 578 358 725 509 429 857 985 286 387 908 249 84 634 973 85 156 1 221 823 453 763 911 907 534 454 903 930 127 163 800 612 535 899 45 605 848 154 774 278 275 810 356 519 886 29 892 191 888 408 552 437 134 910 194 766 997 117 170 853 468 227 464 938 892 582 270 320 485
928 693 619 162 760 970 275 643 36 815 31 746 559 6 462 909 313 498 735 33 993 589 470 621 898 220 313 431 925 416 815 529 595 677 832 191 927 488 734 76 35 767 200 646 769 112 629 771 876 220 10 446 84 810 366 535 427 949 161 494 228 134 643 914 886 991 436 195 860 289 655 601 13 24 291 702 239 332 104 263 284 179 437 531 159 885 962 964 61 542 469 605 788 259 967 845 554 167 780 567 627 98 392 209 222 943 675 642 32 975 505 380 975 340 850 615 698 311 614 428 346 761 538 824 128 664 863 865 830 973 325 191 523 255 808 618 668 850 891 9 228 145 206 121 14 787 402 14 246 113 314 540 139 479 195 784 749 670 557 685 412 754 366 624 434 282 219 209 78 435 326 909 643 790 696 991 496 107 566 787 180 867 955 857 978 333 603 850 137 288 78 10 713 957 858 170 308 230 987 741 911 800 130 789 917 560 62 183 935 195 216 381 740 454 399 489 554 803 741 879 617 431 739 162 710 556 964 640 33 766 910 605 852 370 613 366 27 560 830 408 345 32 978 94 641 373 283 603 71 664 287 433 864 565 697 942 707 330 544 718 590 992 387 781 677 488
489 514 688 687 600 715 281 441 402 195 54 269 795 154 908 281 913 358 929 98 526 402 757 694 256 57 334 503 768 630 246 252 268 915 37 244 50 543 842 515 302 157 1000 804 244 549 729 504 126 877 322 209 123 757 538 862 72 955 806 364 61 713 236 830 300 635 769 128 388 38 42 725 185 258 707 589 140 46 864 332 332 874 27 968 427 382 707 527 34 703 787 399 926 178 338 701 347 99 126 831 512 431 319 454 965 444 742 126 868 750 67 904 721 358 193 24 640 953 232 423 790 228 877 860 566 205 394 263 922 726 450 277 636 849 10 366 23 448 657 546 299 513 612 476 626 48 105 918 98 41 481 665 193 562 491 39 953 768 753 938 699 154 518 453 990 600 243 220 943 600 927 976 28 143 26 271 310 289 100 756 988 38 67 430 972 259 738 386 214 817 910 493 361 473 648 582 792 540 701 808 43 527 416 820 138 986 670 399 601 171 749 701 889 121 544 155 925 36 334 969 805 34 434 212 549 780 11 669 828 818 157 119 688 438 288 168 91 68 488 466 66 158 417 431 898 869 978 787 267 746 506 165 974 540 10 356 875 87 821 206 745 371 704 770 138 61
887 707 681 218 313 78 655 490 873 746 588 591 906 930 326 411 813 691 860 496 93 649 4 500 752 972 438 502 44 339 849 111 504 562 402 716 992 185 818 393 430 352 744 886 565 722 144 307 188 659 857 693 219 855 702 72 670 338 302 475 749 132 402 420 131 248 785 114 927 164 296 710 912 898 569 661 96 781 590 227 359 670 616 641 279 951 908 911 259 422 724 474 88 259 417 689 273 680 554 342 403 260 244 453 715 411 477 884 302 851 120 459 39 811 860 758 952 451 815 428 664 617 596 983 743 465 935 445 482 223 648 366 529 838 483 880 845 588 254 929 613 569 468 399 216 822 733 788 477 711 261 818 553 544 94 99 218 624 969 685 422 618 82 703 361 276 250 956 672 514 90 283 215 358 779 455 273 622 643 190 705 383 145 178 283 866 104 732 596 762 636 77 515 366 595 497 129 685 44 967 196 483 146 296 171 820 537 584 512 188 241 864 241 71 962 197 107 841 69 380 319 450 605 935 901 874 984 453 965 851 408 766 493 271 335 721 306 727 931 92 818 876 452 815 681 253 218 240 908 706 875 12 942 693 880 186 749 501 947 553 993 526 785 944 870 976
658 101 869 77 312 885 653 515 142 228 685 195 516 816 449 637 969 243 167 240 471 54 630 487 165 874 954 735 249 129 762 185 957 475 75 247 521 463 88 786 362 901 407 810 694 475 211 610 582 151 833 796 337 782 803 49 883 432 23 88 774 935 766 999 467 758 809 153 953 890 274 531 193 785 605 936 810 40 434 200 317 219 998 764 268 466 273 788 583 421 90 671 66 729 436 738 802 638 523 337 266 514 495 206 314 365 85 61 726 477 468 383 983 234 232 219 316 200 889 155 681 482 886 608 999 897 882 638 535 806 255 569 3 570 572 572 928 406 732 229 462 908 386 4 88 681 452 297 289 81 327 358 123 742 939 982 21 826 906 670 790 608 861 333 730 942 61 116 294 74 81 975 528 252 324 313 267 912 374 724 452 770 869 351 431 769 815 993 734 564 320 560 617 61 454 236 617 466 796 135 767 598 625 674 596 141 661 127 615 833 322 98 262 596 315 663 237 35 196 273 208 347 15 1 302 58 68 784 413 604 538 830 347 808 316 384 974 726 274 361 403 637 815 421 419 73 192 830 544 615 331 368 507 156 379 962 605 291 257 910 172 510 877 971 205 642
837 918 885 649 810 462 590 351 919 779 127 620 1000 702 449 429 520 435 631 683 249 912 378 731 259 2 921 484 397 917 246 916 15 493 743 588 182 176 526 618 22 210 116 820 222 481 727 12 704 101 193 268 4 55 808 921 566 422 504 473 786 863 106 226 47 401 37 150 445 507 61 386 245 350 152 26 626 21 332 664 309 204 697 705 933 262 594 564 379 424 481 45 968 93 315 77 674 362 209 489 632 317 915 929 812 487 830 958 733 188 387 165 573 206 730 854 750 202 548 215 838 171 7 458 117 225 940 623 248 37 59 249 8 531 111 759 278 841 79 618 190 366 70 854 336 84 788 65 498 670 95 605 159 214 141 358 649 4 714 646 805 373 289 281 406 253 509 548 180 941 879 553 471 505 189 479 345 649 120 32 962 988 666 123 116 664 321 532 239 505 358 281 33 284 596 249 569 408 789 876 117 534 134 782 765 135 831 681 599 517 927 395 585 155 745 250 386 733 421 496 619 25 423 125 922 430 870 66 910 713 251 4 688 154 24 255 939 382 807 738 727 580 914 291 147 763 17 274 314 52 787 134 251 364 117 185 880 260 138 745 111 393 450 619 880 874
471 652 944 914 997 3 777 852 567 742 678 14 672 913 991 893 268 417 221 661 717 200 218 672 982 648 136 580 83 833 801 939 795 951 3 887 818 846 870 789 933 996 95 868 156 657 540 831 895 419 937 905 769 16 320 309 840 313 286 602 449 407 405 529 242 364 328 463 901 990 147 985 61 491 267 85 230 833 594 209 891 509 629 609 454 380 86 536 687 281 47 180 945 871 133 185 945 554 132 437 266 805 197 600 30 798 874 384 157 947 700 37 172 613 916 337 118 346 650 166 640 3 247 604 101 426 508 232 447 997 658 985 981 296 678 912 789 807 775 544 240 626 398 256 756 773 9 887 753 890 441 258 41 429 634 512 546 511 949 726 61 255 872 550 945 944 496 923 128 695 712 726 203 846 347 611 638 501 832 580 895 523 479 619 247 43 116 831 383 584 526 24 97 573 575 200 188 777 623 805 187 234 317 794 649 294 772 851 922 558 383 534 711 635 511 492 62 528 362 731 499 814 361 798 149 263 392 782 925 497 148 479 503 288 562 45 699 267 375 77 170 877 272 359 765 548 919 813 974 19 297 768 161 490 611 206 767 906 595 548 120 819 475 835 399 302
865 226 938 121 509 724 236 658 801 965 225 546 110 158 629 3 416 489 620 585 920 905 127 588 53 433 437 214 709 93 389 527 718 995 948 536 578 826 249 111 510 810 2 730 261 746 487 466 939 773 613 627 984 491 75 465 970 61 813 64 232 222 808 285 988 97 171 967 613 663 185 658 203 670 604 521 731 659 839 806 929 511 875 616 409 714 168 66 220 119 710 685 29 917 976 699 501 268 392 161 121 421 924 108 502 275 792 695 966 683 783 425 186 42 295 617 736 847 841 426 158 399 194 33 274 769 684 313 785 607 897 216 994 980 632 346 378 38 489 633 766 937 833 541 979 399 65 235 807 33 331 528 954 188 92 177 705 958 561 866 461 405 444 711 802 170 762 218 99 207 829 405 155 587 994 831 705 251 237 84 317 868 803 539 622 543 123 926 706 19 203 669 857 572 660 6 177 845 569 426 498 551 506 90 643 439 71 552 521 441 817 870 104 374 908 16 254 596 988 438 829 104 669 435 703 173 254 932 459 897 562 235 215 360 278 940 732 775 147 292 172 168 500 227 541 347 856 636 779 953 986 706 661 952 517 740 50 462 643 535 867 318 106 326 815 222
925 194 490 419 943 322 558 824 584 930 217 523 833 492 533 462 386 361 593 411 630 875 505 807 531 768 55 805 869 168 549 510 641 312 279 740 786 9 137 587 256 161 415 465 321 930 252 754 532 467 190 467 785 240 93 657 96 663 997 26 330 527 161 881 66 101 384 54 188 262 960 704 209 738 7 683 306 905 354 545 945 787 326 229 715 73 307 604 4 36 36 276 605 408 512 420 616 702 705 473 78 981 488 168 94 429 743 554 972 229 401 252 502 719 954 151 505 67 283 459 345 788 431 175 655 761 612 951 301 516 981 848 908 853 810 226 754 620 395 548 578 986 90 960 739 871 563 525 886 5 216 443 817 669 928 1000 832 204 931 568 805 751 144 821 842 322 744 940 37 464 460 415 201 504 794 7 146 751 818 670 121 442 789 254 75 384 544 760 640 285 516 709 192 521 498 422 271 789 970 445 236 5 753 103 910 984 205 240 594 920 190 530 573 531 2 533 209 615 832 216 673 870 647 103 903 874 137 911 855 433 39 458 835 979 222 632 933 701 538 566 562 513 260 44 730 524 534 203 425 460 254 154 652 79 595 114 922 425 961 226 131 132 84 56 167 984
659 848 344 809 107 102 116 934 601 940 762 514 788 43 511 871 902 691 133 402 956 321 275 16 269 43 818 402 754 19 466 625 846 279 347 169 121 230 522 427 378 627 414 17 87 824 946 124 822 320 31 635 237 493 366 265 50 362 884 41 674 588 924 180 387 328 910 330 126 48 162 778 6 951 673 637 242 472 259 322 221 530 713 109 573 654 686 519 222 413 939 591 384 275 364 233 458 602 666 524 502 529 925 972 175 321 923 294 580 804 33 164 183 463 400 660 848 618 892 316 326 707 479 774 905 519 44 455 745 991 984 908 876 142 657 534 519 211 517 1000 593 845 676 219 205 679 444 526 764 403 55 477 853 150 672 292 688 191 610 257 799 96 322 645 636 320 154 182 442 373 591 486 425 900 98 667 648 998 215 307 311 602 310 186 807 670 837 97 16 380 94 321 386 491 709 824 199 639 772 82 393 766 297 181 180 108 865 461 768 945 33 812 222 17 686 643 339 873 41 291 640 879 444 919 76 741 269 525 649 1 84 291 93 467 293 350 359 994 555 84 952 290 507 991 379 575 216 926 590 771 394 809 628 830 939 688 588 464 858 414 755 608 640 467 807 515
337 648 260 745 870 430 104 212 882 666 943 514 779 543 407 814 905 61 220 15 547 670 268 89 742 263 464 711 332 30 999 858 109 895 464 279 297 805 487 894 152 268 636 594 902 17 781 440 898 831 80 201 608 949 290 355 661 485 89 558 369 443 872 661 133 922 750 283 940 974 544 965 526 685 523 411 713 738 873 825 306 604 482 160 925 577 657 636 917 796 632 107 961 922 244 705 543 78 563 555 190 96 84 528 225 280 804 64 103 191 290 122 546 727 910 165 781 296 857 671 76 38 854 916 474 114 386 625 529 502 933 447 838 559 620 767 485 130 616 708 612 846 967 571 120 303 718 897 437 593 128 331 166 937 452 343 746 503 204 113 23 209 467 447 490 288 636 144 428 622 506 944 609 309 752 961 717 864 971 885 594 812 32 847 586 955 86 7 708 825 706 223 821 114 122 182 489 243 345 622 979 831 401 127 336 607 178 206 634 236 693 970 226 89 825 617 829 870 496 19 648 876 788 978 719 870 260 79 290 615 27 5 589 235 179 6 930 2 606 308 82 32 272 357 227 634 311 256 333 569 857 518 716 770 36 995 915 340 689 914 282 681 25 869 887 570
588 973 664 534 558 58 512 775 300 831 16 211 757 669 383 221 461 765 275 251 707 18 488 940 203 380 309 662 989 419 242 654 806 293 336 474 419 19 124 725 295 563 718 103 945 812 952 483 769 637 975 908 81 34 917 866 153 689 236 335 285 431 148 634 414 681 163 529 204 803 687 311 363 338 607 160 915 555 432 509 987 976 911 586 38 183 828 376 764 720 734 472 242 887 19 815 986 680 536 837 831 707 66 624 701 199 857 694 481 86 196 95 289 778 742 471 662 177 733 704 471 508 890 790 897 345 777 987 751 843 948 640 338 228 165 411 323 840 892 988 341 245 830 466 315 14 913 574 238 364 57 823 764 608 812 560 49 931 862 303 881 431 489 179 279 801 287 789 112 666 150 520 915 515 502 52 831 341 135 402 549 866 958 935 972 179 761 514 346 593 728 48 74 265 59 51 429 428 450 592 636 99 73 499 420 106 241 729 742 160 493 594 157 831 826 130 277 705 684 416 396 317 99 465 859 712 193 392 305 243 907 382 821 627 989 128 629 790 495 527 673 125 374 827 311 572 128 200 775 108 764 706 353 245 786 948 566 953 842 169 365 4 369 824 953 921
922 830 365 35 985 761 374 393 590 208 980 774 23 622 915 924 371 638 655 298 924 659 432 390 673 479 953 599 831 264 200 374 812 834 56 744 68 379 51 616 10 389 18 365 779 297 822 536 590 941 909 79 614 418 653 365 617 2 741 728 226 195 742 579 361 640 118 949 646 422 143 858 916 942 555 243 707 28 737 688 569 742 807 423 233 270 194 809 767 716 438 561 625 693 244 750 412 202 739 575 626 411 782 123 353 87 393 522 908 76 343 892 460 843 608 7 48 365 39 7 571 661 637 953 215 808 370 455 745 874 29 488 551 882 77 416 586 130 255 44 813 985 729 764 571 265 23 836 776 109 447 227 582 412 995 920 510 80 108 105 802 633 341 783 402 788 71 19 612 729 197 247 156 650 504 161 94 689 389 780 884 650 96 907 89 422 828 760 424 300 610 120 863 852 13 728 274 821 821 488 848 827 397 412 606 218 229 255 814 560 355 325 103 484 858 231 714 171 332 413 659 288 641 386 68 519 448 161 845 249 893 20 435 960 794 673 706 290 398 912 21 475 738 396 314 618 1 210 677 418 328 742 363 749 132 845 819 408 462 465 559 989 859 894 978 211
283 540 875 537 336 108 156 27 994 637 116 505 809 597 378 191 762 404 394 331 871 239 594 681 120 666 633 271 970 602 822 225 888 121 307 883 825 206 826 574 780 152 445 688 573 351 381 77 531 315 901 446 514 883 410 143 138 546 412 621 839 471 263 677 652 597 753 193 972 126 5 45 76 205 396 557 260 535 87 772 392 874 928 176 4 44 974 530 592 322 123 332 500 252 681 601 151 313 457 680 810 955 351 615 356 835 805 670 142 68 987 402 276 173 351 317 71 376 916 387 248 910 891 161 37 917 111 962 902 100 104 380 284 873 45 530 512 46 497 895 378 339 881 161 882 50 298 970 661 502 949 538 440 292 17 999 916 244 85 599 997 30 37 332 776 634 937 853 120 769 769 821 693 618 238 61 470 48 404 828 190 898 949 843 950 16 502 329 748 454 176 11 284 968 711 898 373 932 744 112 757 194 652 645 321 644 110 350 343 80 981 840 606 323 908 830 340 185 394 535 563 871 631 449 231 92 873 983 136 904 174 615 819 135 197 822 431 13 652 705 639 285 538 746 919 683 769 303 366 636 557 904 433 118 47 700 865 984 122 820 498 765 431 621 545 9
289 37 310 123 781 653 502 255 304 580 949 466 180 403 693 463 253 448 723 645 828 785 107 357 305 720 34 276 872 96 693 281 678 783 661 485 439 314 104 651 523 134 547 181 107 341 861 543 930 230 701 827 975 973 552 240 56 524 791 840 934 460 385 680 86 703 694 840 972 807 497 31 186 498 233 412 280 50 261 795 394 737 189 340 228 727 777 131 530 25 899 451 70 983 77 334 31 750 68 445 153 405 948 881 488 345 756 126 373 586 983 974 691 532 510 793 636 944 441 754 965 631 958 51 386 397 788 881 695 198 697 492 696 90 949 954 882 972 230 864 341 530 662 441 670 801 197 902 761 91 307 18 481 74 630 884 228 892 865 872 278 506 936 266 695 478 350 141 810 10 761 969 990 132 987 275 740 779 252 751 567 623 361 726 919 648 255 558 754 28 648 592 301 319 496 125 560 825 905 46 734 697 745 292 693 63 150 6 504 642 274 64 69 7 228 720 163 152 117 949 482 130 914 791 140 96 61 778 656 335 184 804 653 66 960 119 601 919 120 439 448 959 395 323 490 13 150 971 141 498 289 576 614 325 533 904 868 879 1 109 576 149 604 120 404 951
171 316 480 954 772 606 296 407 789 180 724 555 47 148 68 440 610 180 700 731 681 736 896 869 641 640 418 378 934 739 911 529 366 864 951 70 652 806 752 616 276 567 834 399 3 915 503 125 374 324 217 11 654 624 6 65 737 641 783 758 294 848 466 146 243 828 620 461 542 814 791 497 192 141 930 938 172 573 873 734 622 508 289 13 527 937 965 650 764 218 153 625 213 59 887 716 470 632 120 633 233 211 521 492 718 920 186 602 926 308 142 8 484 456 434 733 26 955 593 244 490 182 383 412 853 98 118 879 30 988 625 34 807 787 516 543 424 58 466 960 883 288 949 519 339 286 969 907 99 976 836 294 845 379 492 548 499 168 558 631 556 935 31 32 856 912 568 668 721 612 807 60 50 57 375 373 52 361 992 77 862 821 768 300 318 82 937 713 37 177 908 497 421 853 693 89 997 68 331 413 273 82 59 346 565 265 260 315 259 130 125 705 377 197 355 986 996 684 937 791 710 501 460 96 762 429 279 139 200 522 286 748 857 826 547 410 705 876 77 15 957 228 591 840 521 833 132 966 405 873 668 354 174 847 859 228 120 939 5 80 91 424 692 714 857 868
894 232 651 605 33 217 854 687 135 948 51 540 901 593 781 213 409 83 773 30 946 964 980 155 971 565 332 990 698 97 703 229 861 101 663 242 393 172 828 462 883 86 475 170 100 277 590 638 909 246 595 436 727 175 369 371 578 367 121 121 490 386 420 554 771 68 191 368 598 190 157 997 377 303 278 686 570 634 363 439 199 35 960 798 232 291 130 857 223 39 871 625 387 463 409 924 893 637 667 316 438 480 713 443 256 895 328 451 950 917 939 697 97 454 275 671 702 371 307 458 74 753 534 826 175 485 48 392 730 186 184 298 662 891 371 98 231 797 243 992 454 378 176 817 260 570 822 827 434 845 193 388 100 363 656 145 700 539 788 27 315 55 27 409 444 645 322 919 466 804 312 658 738 651 963 666 991 642 668 3 604 485 480 199 871 358 846 84 620 878 34 968 108 808 959 342 887 226 998 267 735 805 994 948 973 708 816 93 66 796 905 720 842 989 564 831 963 204 479 602 499 512 318 766 171 769 912 492 823 592 771 120 689 999 71 877 775 686 808 603 717 828 859 51 637 11 976 132 347 903 417 522 359 959 253 97 445 232 23 145 516 325 693 161 575 490
813 943 781 782 699 113 992 538 452 425 150 361 102 867 848 762 686 732 375 115 838 82 730 97 297 150 220 313 679 163 847 758 57 625 275 892 501 233 566 557 602 643 850 706 74 106 697 667 681 188 939 962 154 349 721 454 745 390 805 38 44 741 300 590 569 709 526 184 398 667 756 693 648 362 445 169 465 190 328 680 517 514 784 965 754 202 896 609 171 409 948 667 70 593 452 779 239 482 7 176 358 837 736 550 38 611 20 702 535 427 894 666 748 824 719 667 229 54 717 733 882 171 511 912 51 865 494 814 142 369 306 59 884 831 445 708 536 614 510 276 286 2 981 593 322 594 312 150 856 383 900 503 164 451 96 492 476 947 254 878 78 521 997 900 679 22 802 690 128 549 852 755 832 167 880 396 414 482 858 278 707 698 618 750 353 89 752 817 632 612 626 956 575 340 944 354 383 428 964 444 582 437 239 403 634 597 694 311 795 780 310 389 948 895 803 635 582 600 262 806 914 436 584 14 736 239 275 380 553 918 823 627 685 218 448 431 393 939 958 363 726 412 650 186 127 83 458 484 816 317 928 973 279 614 831 387 113 125 396 738 358 644 517 18 643 89
603 872 2 931 513 850 492 803 756 143 211 106 774 800 329 227 953 881 116 897 89 886 282 129 637 772 271 444 120 468 164 747 857 229 407 953 324 187 995 247 430 16 634 684 545 45 389 679 318 265 322 453 540 642 617 946 225 31 645 329 394 202 595 893 800 467 230 647 85 822 638 269 703 677 811 214 109 659 467 488 286 623 564 502 274 400 95 402 119 959 27 970 442 563 221 223 137 370 971 649 478 115 314 717 877 372 764 764 190 457 578 339 240 448 729 54 5 751 374 700 943 49 799 709 761 806 141 749 938 861 636 694 788 583 80 122 551 26 369 846 230 785 896 390 821 561 786 358 403 146 903 148 806 419 694 20 610 291 315 73 136 567 817 360 644 498 552 969 552 162 544 772 960 840 200 269 683 286 507 721 833 917 664 80 977 42 854 660 744 856 605 499 78 163 760 563 980 135 889 341 599 272 608 648 398 895 51 970 720 520 215 454 883 639 385 539 613 603 888 475 330 430 499 203 310 120 799 718 210 844 968 445 126 903 226 853 850 434 30 667 407 228 754 198 809 156 265 913 265 639 834 465 672 618 392 207 739 947 651 270 728 719 687 653 794 709
992 302 443 54 941 411 875 622 275 732 930 606 21 617 422 713 249 234 671 215 156 949 82 497 44 398 370 197 655 101 305 846 376 662 780 466 687 98 547 758 735 474 249 657 159 874 156 819 421 177 487 55 807 799 581 133 904 690 877 498 835 426 765 493 450 577 333 659 351 566 397 562 600 113 88 664 564 694 255 924 869 555 620 212 195 70 672 981 551 580 123 522 94 174 116 753 102 162 116 446 185 766 956 593 611 626 236 759 224 28 887 93 333 779 776 188 523 908 482 444 942 991 463 985 675 217 425 906 276 581 771 108 48 130 114 154 231 973 698 659 52 354 598 23 270 10 338 59 903 251 787 418 697 952 330 750 565 836 56 956 519 372 616 142 908 679 13 539 201 149 175 159 383 209 29 406 52 972 398 768 215 412 773 996 567 608 512 314 832 644 823 95 221 493 764 415 883 393 217 667 959 928 864 840 376 677 892 694 492 31 739 958 446 887 249 478 86 918 652 417 924 837 594 615 517 450 957 783 77 257 3 159 823 900 337 311 123 255 500 936 600 335 835 652 657 248 84 588 682 2 635 766 595 314 565 139 908 646 125 741 35 244 732 979 109 460
517 134 722 659 891 483 298 24 755 219 603 261 195 393 195 466 88 350 988 782 783 140 324 899 741 117 969 994 106 877 387 955 993 247 203 191 307 101 504 665 270 228 475 908 444 692 414 312 944 11 30 532 626 944 397 258 71 482 50 46 440 398 727 475 979 212 17 478 105 670 947 334 98 84 680 331 582 647 295 433 277 400 128 987 769 98 671 600 172 630 751 820 123 869 586 179 43 272 734 978 974 57 638 657 980 369 870 921 822 636 106 414 169 969 528 962 102 944 263 558 325 799 312 59 927 458 455 512 7 197 544 340 682 655 963 472 62 62 568 213 412 6 301 187 809 566 645 989 823 193 625 8 246 946 661 517 207 338 692 743 946 79 278 827 428 435 672 237 490 934 29 239 462 527 762 962 744 724 981 908 79 18 344 587 888 531 828 56 853 637 82 918 513 430 618 437 967 314 38 385 515 648 530 466 806 74 350 574 877 982 77 726 447 282 647 408 116 701 753 527 273 333 178 99 325 983 734 439 666 591 949 664 95 566 36 757 276 622 884 279 472 579 107 173 375 150 128 466 646 634 299 73 177 895 426 51 516 874 292 851 908 713 477 637 834 327
309 959 643 451 583 927 393 938 596 899 165 387 916 298 43 42 460 656 489 418 513 36 843 64 806 828 898 3 414 533 219 871 313 562 28 872 64 999 687 606 956 946 456 371 645 750 384 133 346 235 990 68 25 528 650 104 994 763 576 70 868 925 616 219 605 830 404 21 417 793 777 760 79 533 401 951 692 178 341 624 807 315 382 476 192 427 269 740 749 397 383 404 633 825 142 765 856 91 786 244 624 71 574 525 426 255 599 932 873 855 140 431 384 639 66 268 476 474 432 546 175 909 351 594 369 512 870 749 564 690 240 654 343 976 342 471 357 404 841 157 389 348 651 939 421 32 350 802 886 885 703 775 992 281 25 116 247 993 276 120 824 38 847 590 943 796 484 628 716 273 884 68 503 97 504 340 432 772 670 4 462 274 851 24 461 531 896 574 459 683 694 869 607 928 22 134 664 940 812 484 923 74 599 1 69 812 79 793 338 435 928 939 401 57 813 195 13 214 61 2 216 135 308 718 233 215 908 198 946 292 543 822 268 259 161 592 74 866 176 724 238 600 263 732 914 553 25 66 950 578 48 897 719 269 36 386 994 927 981 78 164 79 170 350 68 680
317 533 765 181 130 783 518 184 338 500 346 841 964 7 584 630 892 576 587 931 996 710 183 677 933 857 444 798 634 42 915 14 660 281 654 81 540 394 769 607 725 438 313 409 997 740 363 462 455 230 857 153 493 274 848 634 873 889 548 937 960 105 235 957 260 212 353 639 79 255 891 778 961 805 635 298 492 899 181 877 613 494 476 321 982 957 149 310 131 793 628 179 922 857 953 137 521 954 663 150 837 448 575 299 832 639 277 964 135 433 964 926 183 33 54 714 480 342 581 882 378 190 154 331 475 821 572 390 942 368 279 174 710 976 857 520 860 471 783 11 582 845 751 285 182 157 428 827 835 823 233 885 265 294 169 240 90 867 568 203 861 807 256 138 392 604 750 559 613 716 617 904 88 143 737 629 877 716 57 451 674 343 247 404 735 719 825 243 559 875 639 792 369 388 978 721 336 114 730 104 817 313 437 261 5 416 320 482 622 883 401 806 118 701 154 664 638 640 184 998 669 515 440 906 991 523 472 551 564 277 225 829 733 937 749 338 80 848 394 709 874 973 316 267 450 267 380 785 961 479 483 397 391 665 736 782 517 517 283 609 637 114 491 220 25 860
511 778 601 562 746 394 128 651 189 309 465 765 224 888 824 988 314 550 840 81 492 284 381 814 590 719 346 989 809 540 189 821 524 420 338 66 284 674 903 111 356 143 849 589 65 447 397 95 160 50 930 429 311 541 131 479 157 947 108 965 730 449 188 874 209 24 746 366 525 159 768 301 452 481 300 671 988 657 630 64 830 912 567 688 650 487 590 170 961 95 607 102 429 1 253 741 925 520 625 84 90 693 21 571 553 802 758 688 165 724 56 419 825 572 312 785 960 190 282 888 4 606 474 560 472 542 755 298 505 563 642 619 404 18 721 31 262 708 211 4 748 569 500 686 254 346 74 935 840 22 682 480 709 884 342 649 113 54 863 431 861 368 160 583 540 679 950 693 296 119 378 871 72 655 269 158 316 600 922 802 443 676 256 730 164 602 217 635 422 294 736 838 731 431 267 686 369 682 94 917 713 186 260 39 110 130 622 375 43 961 812 633 710 87 656 752 909 722 805 124 612 527 623 484 313 352 311 77 603 798 688 689 100 634 503 645 609 513 108 407 827 711 118 778 582 980 549 646 161 210 338 872 982 478 258 52 189 767 426 241 388 870 412 892 936 645
104 87 918 673 233 947 237 790 795 788 319 151 22 303 362 811 703 664 9 661 66 744 901 460 278 132 147 279 78 702 37 267 567 521 874 845 266 152 433 38 934 282 498 463 632 438 819 252 947 350 648 580 200 399 820 220 458 490 963 482 7 230 798 59 228 259 833 471 502 901 726 44 811 172 162 342 700 331 742 144 917 921 411 393 128 236 168 334 32 39 126 130 729 806 185 104 863 640 350 579 852 586 963 500 492 100 760 647 402 247 742 229 801 925 197 104 362 804 201 597 602 833 488 22 841 111 659 22 119 898 779 116 800 943 508 211 962 798 506 173 60 37 640 999 520 566 898 262 943 623 570 139 992 992 499 11 325 163 481 594 889 368 677 345 778 943 62 680 218 951 552 674 753 214 126 290 457 506 628 328 903 707 952 84 52 855 775 719 798 381 510 468 839 397 552 42 925 983 735 88 889 754 829 696 670 384 808 77 438 957 501 158 864 292 686 99 151 976 887 115 349 512 570 639 520 534 365 498 311 931 250 284 261 842 906 897 183 858 699 844 848 766 774 712 981 276 519 169 38 374 697 922 279 443 437 878 466 541 364 227 569 291 58 915 113 858
167 731 158 791 280 737 6 981 643 43 40 536 371 187 281 714 289 588 887 498 659 721 492 937 300 630 934 846 778 82 922 927 577 98 987 571 648 902 845 547 540 600 186 959 662 1000 429 345 565 667 757 79 739 137 73 362 553 58 721 574 409 301 198 572 139 450 91 694 624 69 628 596 965 478 889 96 844 61 896 875 140 25 462 495 413 959 774 882 636 660 990 529 154 621 923 433 118 792 621 225 357 659 767 49 25 409 715 771 445 317 530 812 112 136 495 735 371 808 886 888 486 117 634 525 287 333 2 538 395 415 15 192 81 374 737 517 152 513 730 108 404 163 494 654 916 698 441 237 634 63 590 861 381 188 259 899 798 105 508 825 438 263 840 256 125 628 401 535 344 831 722 860 448 649 683 553 951 389 780 960 284 230 813 621 661 878 3 56 239 390 45 554 9 634 60 745 500 508 378 939 695 794 207 471 545 787 928 203 629 842 437 355 201 887 987 806 328 584 903 28 540 10 970 286 92 357 231 308 234 189 600 535 921 991 306 379 573 234 16 234 599 258 619 161 188 269 362 257 755 118 764 777 783 100 975 555 888 459 486 574 668 656 84 71 318 770
617 507 803 715 578 496 786 88 23 941 880 207 70 642 80 682 202 295 145 877 541 711 804 389 607 990 842 883 147 158 380 557 94 991 116 695 174 640 131 138 767 537 711 173 154 930 798 647 539 266 988 118 347 553 838 735 36 840 686 442 431 675 620 19 821 277 803 765 954 622 928 805 492 415 138 878 325 172 860 693 66 702 692 228 411 853 461 79 737 620 425 793 56 376 478 75 312 859 791 768 717 886 410 487 674 983 286 235 912 869 663 845 914 471 619 120 423 485 396 928 427 532 582 152 990 445 741 631 399 748 36 824 513 830 513 676 30 861 792 450 569 896 854 895 269 463 241 583 245 785 332 826 179 71 213 409 395 890 709 281 923 757 384 462 128 895 285 149 224 971 127 678 124 603 162 517 56 303 758 313 792 58 995 783 976 328 618 23 599 193 912 558 589 443 410 775 752 24 481 934 993 204 549 894 506 31 612 441 650 367 560 241 300 81 676 703 264 212 691 94 59 252 922 362 377 645 458 932 522 37 965 270 637 388 588 993 879 61 3 628 653 183 428 523 89 355 580 201 902 3 453 382 581 740 352 395 510 461 622 634 900 26 268 602 813 910
913 908 341 480 28 823 766 573 901 378 292 942 71 201 609 357 155 283 188 757 171 21 677 229 15 437 790 170 308 895 139 211 741 931 988 472 771 9 82 790 374 956 251 583 647 457 867 231 441 881 260 294 845 692 110 666 764 570 954 236 361 631 465 729 672 299 295 873 240 497 767 452 714 378 626 5 709 878 841 665 346 321 58 10 24 73 374 225 293 579 166 798 161 455 577 754 757 89 553 387 453 265 723 174 104 862 940 732 303 47 979 268 303 510 659 988 970 696 577 724 908 345 533 288 993 984 810 123 425 200 361 818 982 609 975 468 381 741 377 633 666 179 550 770 683 706 351 505 318 581 273 399 950 48 310 332 107 195 391 569 396 899 555 276 315 98 70 949 2 91 273 723 385 204 388 990 543 261 40 753 590 812 269 592 411 34 32 419 191 954 694 131 256 755 293 725 282 544 181 820 471 347 307 336 739 797 774 7 710 360 196 278 287 482 241 254 610 694 336 423 987 574 412 350 777 691 770 208 336 489 854 785 151 831 178 380 598 304 872 230 849 996 748 760 376 876 846 902 419 602 160 126 421 660 979 845 575 30 46 708 895 167 689 665 545 711
745 346 929 343 48 723 212 557 397 666 378 865 100 871 538 347 297 210 847 877 854 31 717 771 755 367 585 490 180 814 527 758 912 298 36 43 720 76 118 760 910 414 415 75 221 630 206 41 380 108 98 964 843 780 373 813 929 886 643 48 853 999 920 393 887 67 775 885 309 213 909 438 475 961 279 730 603 47 128 859 243 687 865 199 426 851 73 352 213 913 708 810 917 673 581 71 265 79 625 278 464 699 285 579 938 583 888 892 596 459 437 773 81 187 935 526 422 329 985 619 989 436 432 388 371 334 253 992 801 659 754 669 571 403 42 12 207 214 418 627 397 397 998 537 713 698 40 913 749 833 93 939 544 507 614 619 369 68 835 729 864 841 196 389 954 523 241 303 266 807 124 785 871 964 93 391 404 120 249 691 748 928 669 768 218 115 35 852 432 125 38 70 144 653 597 183 159 318 216 78 64 488 669 713 838 556 965 542 956 812 56 880 123 398 210 934 730 835 936 767 792 985 120 820 89 406 141 750 939 848 958 407 960 516 229 686 902 827 145 728 111 832 322 310 7 24 105 571 318 90 482 140 12 603 114 196 573 986 250 662 917 62 876 931 252 506
975 800 843 984 148 966 629 42 442 148 936 832 148 837 621 679 843 82 413 38 452 468 997 129 958 611 177 225 91 842 559 44 335 872 617 464 543 292 889 944 371 568 40 187 407 908 842 540 4 508 737 183 931 810 799 333 778 163 965 411 565 96 902 459 611 303 236 448 941 880 429 81 283 726 19 330 220 318 911 371 737 483 12 449 395 665 673 501 839 944 75 671 557 961 255 499 225 461 992 44 787 699 318 765 392 639 971 716 776 228 766 856 933 349 657 320 396 169 875 19 99 993 466 680 311 455 473 702 882 693 210 898 897 359 513 215 911 736 81 423 924 921 284 409 201 250 397 746 788 534 336 717 264 313 257 789 605 786 691 102 488 450 783 900 401 50 606 60 626 783 841 776 792 36 93 37 263 107 995 925 915 880 608 719 608 201 558 421 823 792 220 459 883 30 677 282 728 460 21 336 895 784 839 216 555 851 125 534 185 673 176 139 614 203 489 117 18 979 380 913 889 380 684 330 962 577 328 503 318 377 448 633 788 390 838 862 293 355 898 595 600 672 163 251 859 13 921 5 984 600 613 456 601 349 716 844 129 430 447 22 630 479 282 508 153 653
162 861 935 129 656 196 673 434 919 911 850 859 737 405 399 286 477 562 233 271 525 161 964 858 829 99 372 821 379 608 648 839 345 538 57 836 115 291 162 324 747 98 347 485 449 48 241 991 888 780 490 305 933 898 167 66 766 859 451 989 743 40 876 570 83 757 155 804 716 951 851 941 792 474 852 212 704 820 692 533 394 426 508 529 94 813 722 223 521 369 255 302 892 302 815 848 238 115 787 725 334 278 929 431 167 674 824 833 724 220 350 421 299 188 389 594 322 952 781 487 506 457 148 715 970 617 112 503 416 799 588 779 141 400 160 556 36 179 903 572 481 911 596 859 2 768 296 756 738 68 503 779 604 266 912 563 306 829 224 734 303 481 542 825 941 980 478 821 493 947 3 74 23 417 157 327 880 117 902 977 245 927 325 284 780 96 184 311 269 371 702 929 468 557 886 755 707 277 271 782 2 278 447 186 686 827 505 128 992 949 375 444 704 652 995 846 398 969 406 231 296 842 827 641 49 126 766 666 34 66 16 658 144 495 101 479 353 17 103 474 133 88 416 754 77 962 100 509 313 245 793 521 521 483 150 365 152 623 457 951 724 467 402 81 155 629
807 485 289 867 496 453 281 149 377 555 341 835 455 280 287 713 32 355 714 766 426 20 342 158 811 342 566 503 703 244 543 31 60 521 582 388 933 583 372 775 663 457 191 752 75 824 473 768 623 545 851 139 434 924 731 257 711 138 250 117 937 819 17 302 574 13 741 220 388 99 122 93 26 20 963 980 159 525 847 325 113 434 423 874 780 84 281 269 544 492 375 743 256 346 66 703 610 30 30 566 556 740 714 655 962 91 452 169 390 358 578 464 669 783 227 644 247 824 198 167 894 408 111 692 446 978 129 541 145 480 784 725 895 205 307 118 697 465 749 456 984 671 903 366 239 939 795 54 419 838 85 648 97 445 222 909 623 896 115 299 703 840 436 716 823 775 32 235 503 736 140 660 632 911 785 446 337 570 577 341 61 878 803 894 240 537 976 648 391 850 856 22 603 383 912 229 48 486 249 925 348 759 563 23 675 778 621 428 664 358 513 476 792 506 188 941 995 281 456 417 943 988 632 670 430 747 740 349 933 370 790 186 80 268 551 338 207 43 175 726 796 655 638 840 425 272 154 989 941 217 758 183 764 275 573 483 711 567 760 795 479 903 26 375 662 34
675 774 781 72 600 38 756 342 756 492 925 990 555 46 935 295 908 972 909 249 636 103 554 623 102 605 773 852 56 653 917 199 57 105 357 214 131 627 364 283 741 461 763 717 184 602 366 944 288 574 735 399 939 137 742 337 985 383 31 927 971 807 928 472 446 514 120 573 12 478 580 893 134 127 159 395 807 799 12 916 528 405 201 789 821 48 530 38 794 256 295 460 705 235 13 39 732 462 577 838 896 37 501 207 803 550 139 923 508 906 423 991 289 936 462 687 891 247 122 156 715 36 679 122 239 199 785 576 395 663 785 143 830 473 862 204 232 211 753 424 301 41 256 34 328 987 560 809 275 29 117 175 621 718 494 742 354 73 916 361 203 12 911 860 239 123 24 849 828 634 894 660 852 896 872 810 124 334 831 257 732 957 859 13 840 960 698 786 384 579 565 438 82 842 324 840 389 377 312 387 554 222 548 278 566 832 306 115 587 757 75 118 214 87 1 437 386 111 686 752 365 488 475 56 800 227 247 599 48 50 91 806 755 240 525 702 157 41 836 981 799 912 843 544 938 280 734 980 63 403 924 413 439 839 679 114 516 854 357 424 488 853 915 498 366 902
345 125 599 760 372 431 976 195 795 20 325 446 665 396 738 850 286 675 918 602 734 343 811 653 368 217 438 829 458 591 510 865 649 302 650 591 808 196 915 259 19 807 143 182 264 675 875 623 386 62 950 801 813 153 296 159 307 659 772 629 741 648 102 259 96 143 879 692 991 292 689 164 95 713 974 699 483 306 262 924 74 577 828 446 80 895 890 547 793 91 847 506 164 115 820 341 947 732 17 506 766 81 483 875 565 635 209 658 353 311 542 827 11 168 945 542 139 505 501 907 816 898 386 260 198 838 727 305 582 101 180 217 296 142 838 343 775 465 90 809 766 157 684 454 92 294 331 174 961 571 311 856 322 762 51 184 694 937 873 184 378 380 971 381 662 375 453 926 494 338 749 56 71 44 244 217 83 189 315 968 442 174 661 461 470 976 617 635 523 58 422 224 712 346 402 689 678 691 91 201 691 883 798 674 142 507 192 942 688 409 573 746 120 759 429 620 402 365 113 320 850 792 257 824 69 20 61 87 373 631 558 48 455 712 832 163 926 357 501 101 876 250 898 509 585 429 450 460 359 116 663 417 813 770 886 823 812 828 48 92 220 889 186 945 557 524
244 39 612 248 399 417 466 263 462 339 72 690 463 887 919 869 574 72 917 665 249 583 662 773 460 733 799 427 854 282 401 341 740 708 302 292 179 441 243 633 255 178 731 463 177 337 331 492 842 996 681 504 973 220 316 482 464 1 494 78 761 1 701 758 410 677 423 449 496 360 569 840 176 661 133 327 334 752 104 19 386 294 510 590 582 153 710 964 375 573 570 173 374 912 242 549 33 280 796 385 702 434 100 417 350 477 380 253 592 287 337 409 636 720 912 175 245 158 476 831 262 752 809 918 461 462 204 454 335 661 817 745 913 932 931 690 1000 812 411 320 515 990 42 413 349 467 717 406 108 791 202 833 47 720 250 275 154 188 162 255 670 834 609 479 959 59 263 416 737 1000 347 924 66 330 66 185 574 557 288 865 353 155 650 166 403 271 854 607 763 248 984 507 842 421 741 654 693 433 541 156 548 995 863 661 243 708 799 458 531 754 243 296 402 718 795 296 600 526 116 443 272 793 862 974 267 581 809 409 351 812 70 575 734 629 728 92 690 669 224 895 931 490 370 563 287 72 367 164 507 214 443 201 463 784 247 485 315 549 621 730 515 96 41 218 233 388
936 742 852 249 803 851 456 757 450 446 838 303 651 455 680 612 477 96 873 906 568 451 643 206 487 144 499 929 449 824 254 768 614 573 552 603 381 312 510 612 19 61 396 813 668 332 346 719 723 707 177 136 622 886 779 312 147 413 403 506 327 244 95 264 757 888 997 435 881 616 983 296 220 14 10 97 908 448 115 826 276 547 725 271 440 671 484 600 811 306 554 760 851 933 710 52 866 303 572 169 72 668 682 234 525 828 369 818 270 217 827 361 500 852 926 635 568 587 429 860 828 558 302 455 919 776 572 239 945 361 857 207 42 564 93 916 250 867 512 798 581 152 449 141 577 642 92 764 27 78 163 346 314 544 968 223 697 901 604 974 824 789 259 259 118 45 433 521 152 895 440 647 68 550 726 928 993 77 291 485 855 135 574 273 987 273 676 49 944 400 782 123 195 906 674 941 895 580 314 563 534 791 362 654 114 540 253 931 986 996 904 575 990 749 567 65 432 561 488 540 728 751 166 468 950 674 498 222 107 983 954 421 325 123 50 48 602 135 944 394 9 744 434 840 14 644 821 124 453 790 891 26 989 384 65 219 481 447 702 436 284 4 472 894 127 788
768 760 573 634 933 346 960 559 386 504 38 672 675 361 991 400 412 611 657 341 718 541 689 302 834 462 178 294 275 765 708 732 524 289 58 193 888 373 58 175 623 944 764 90 4 565 561 854 969 465 314 243 764 149 481 633 455 936 606 154 531 733 88 362 218 540 673 917 40 72 306 437 433 347 445 241 677 712 192 708 985 71 938 68 880 259 697 415 938 819 220 48 529 870 289 217 24 236 459 684 164 286 143 30 664 519 523 67 937 353 605 522 351 387 895 295 326 763 197 825 846 577 495 104 506 96 859 29 547 839 593 575 334 848 803 223 62 519 797 615 87 274 798 668 664 643 535 37 443 662 78 251 264 135 196 132 20 483 350 281 199 551 161 707 201 272 933 403 410 906 420 450 775 576 548 843 214 242 344 909 697 646 744 560 112 912 40 228 531 650 191 364 934 833 540 368 948 868 204 136 436 712 167 113 929 244 768 594 560 522 554 438 850 969 610 497 690 22 558 905 452 105 471 222 751 728 912 408 451 445 676 706 152 80 929 681 355 236 345 133 788 365 891 850 678 29 128 316 378 332 111 779 923 951 679 133 692 561 373 957 818 597 674 193 727 478
221 281 582 985 230 63 868 689 189 994 38 870 409 603 87 781 569 26 437 823 540 239 344 649 618 506 203 864 334 583 815 509 794 553 264 886 241 499 940 412 514 748 814 417 168 509 658 404 771 937 364 972 803 638 384 197 875 642 306 619 544 716 833 791 18 561 634 845 183 261 87 21 950 631 852 461 154 756 877 895 530 474 393 971 886 309 798 432 449 40 905 443 101 522 571 378 271 848 824 789 370 692 677 919 346 442 98 288 514 639 551 879 181 354 910 869 216 490 688 167 358 895 550 889 338 672 298 529 858 730 444 128 963 339 907 886 221 328 868 88 578 452 720 57 69 641 882 482 361 962 524 496 710 89 863 75 754 843 271 22 675 513 397 19 694 190 48 705 269 282 568 368 700 623 147 614 959 578 829 15 84 590 509 345 428 466 26 371 750 932 807 527 77 322 379 746 380 577 761 45 169 933 752 719 97 965 168 66 995 369 692 554 305 273 256 189 200 821 320 956 321 811 674 414 143 317 432 825 131 966 681 865 319 974 852 230 261 597 438 339 483 854 932 803 274 720 7 123 905 418 71 265 248 237 572 501 803 417 240 174 554 188 874 538 501 52
666 425 415 380 213 130 404 703 214 707 397 924 4 329 219 725 940 375 623 206 182 408 850 951 462 373 148 288 321 580 592 989 949 312 908 877 219 437 729 476 785 134 162 725 202 194 658 938 36 342 179 661 853 593 250 849 700 358 679 780 441 864 202 423 654 586 379 272 625 753 6 728 230 863 763 116 917 916 799 7 29 53 128 558 462 889 589 112 772 998 597 277 737 155 807 662 569 382 491 354 204 717 194 868 955 48 613 116 264 251 320 826 887 936 195 187 535 638 925 501 500 713 436 191 719 443 992 746 18 953 344 748 756 21 539 64 665 984 134 889 749 693 511 632 8 895 512 827 371 196 888 111 576 280 970 447 546 33 701 437 837 217 3 103 133 126 266 359 501 996 314 975 939 365 785 254 39 854 831 524 850 388 980 219 37 651 522 944 538 819 324 656 213 982 729 955 70 217 433 81 97 641 796 733 55 822 73 108 105 291 410 268 462 191 160 531 867 270 691 944 697 355 413 657 390 278 744 75 445 153 332 764 438 926 687 686 428 592 316 266 616 812 776 786 88 380 721 159 622 316 324 787 673 888 458 105 77 19 623 775 880 389 616 160 206 971
978 590 743 551 391 792 150 232 165 222 997 162 241 13 911 142 99 893 323 853 863 243 553 783 314 992 240 242 310 243 680 173 551 976 935 326 207 941 390 657 36 186 56 545 327 217 549 327 8 489 952 74 930 785 898 224 555 469 673 890 955 339 3 453 562 922 757 72 306 449 736 68 941 457 645 576 350 392 883 501 582 221 905 903 691 961 901 328 922 843 827 367 958 808 645 626 39 90 112 171 880 714 597 228 294 629 804 709 32 573 496 490 713 118 121 194 897 880 625 285 594 431 359 871 316 599 157 849 806 239 304 697 319 412 594 252 953 755 752 169 47 537 776 768 386 156 64 605 910 673 292 478 994 835 237 912 58 852 595 834 831 432 435 269 353 301 800 614 372 504 931 919 819 512 190 431 518 237 395 447 112 725 355 669 532 665 305 531 562 292 757 64 882 736 701 253 504 78 561 789 625 134 776 264 343 441 208 363 659 928 618 13 245 670 973 529 773 393 132 276 826 709 391 308 75 922 410 352 5 491 965 624 354 403 369 807 910 643 948 130 355 769 220 103 155 50 496 452 247 423 694 76 693 23 759 105 469 48 175 610 300 850 148 274 536 854
743 66 377 943 906 134 151 133 131 860 598 898 356 796 589 473 77 470 879 992 741 638 226 89 846 591 507 50 101 822 163 878 548 839 508 550 862 800 158 329 800 471 331 478 576 71 987 187 178 628 295 87 706 440 484 677 956 2 99 840 964 816 74 460 566 569 346 322 710 318 978 261 302 624 368 50 620 757 14 474 824 591 658 46 979 189 938 881 991 393 24 11 193 691 372 434 567 417 993 28 747 655 288 531 172 706 836 568 603 543 834 879 159 583 747 98 57 314 78 861 332 843 316 156 561 553 498 946 89 671 201 479 187 580 793 171 428 126 819 882 989 135 746 543 195 298 546 812 508 783 904 623 71 332 743 149 43 729 596 575 226 812 700 251 929 301 163 797 570 1000 158 768 108 527 155 961 841 67 452 25 960 456 324 645 983 183 668 764 254 584 948 74 717 975 264 301 427 384 387 78 951 656 540 626 510 344 827 491 342 68 820 523 820 947 711 281 345 951 474 869 90 428 591 843 824 667 20 207 582 27 920 29 146 971 238 65 299 942 505 506 736 974 273 265 401 331 198 656 808 131 143 519 935 612 447 74 56 163 679 813 959 267 739 893 448 228
362 540 607 969 385 195 771 185 140 892 86 876 610 918 326 582 753 213 473 70 189 313 661 442 166 449 566 695 959 25 40 986 546 91 82 114 856 345 468 376 856 309 932 786 249 251 643 474 265 723 653 439 368 426 774 485 304 798 583 12 823 121 624 100 326 528 775 994 115 865 958 553 803 18 389 973 434 282 691 677 93 148 676 849 991 542 609 812 255 129 399 782 652 876 742 156 443 142 256 221 560 924 941 321 757 675 940 349 109 953 512 705 62 454 950 808 336 980 118 5 595 775 686 831 352 749 9 354 934 145 903 178 967 115 903 118 5 228 85 270 967 724 134 619 793 838 62 817 689 732 721 618 70 585 608 469 657 605 230 810 438 342 190 346 892 657 438 411 739 961 71 344 547 558 377 83 222 957 441 846 627 333 228 751 563 761 41 486 537 496 282 816 13 977 575 896 450 612 993 33 463 31 104 686 140 165 344 33 895 760 998 914 473 899 28 782 565 760 158 716 407 66 764 582 719 202 880 852 374 2 197 355 384 689 237 749 585 41 111 32 670 835 515 275 871 841 991 459 832 260 608 926 390 261 932 130 877 172 303 717 686 896 217 162 398 362
524 42 682 7 621 565 621 395 538 641 7 269 706 905 53 343 646 203 175 633 815 857 88 483 640 300 421 12 734 58 271 185 98 324 347 312 978 43 937 905 412 588 728 568 267 531 429 802 588 861 154 811 610 927 321 710 399 310 233 119 93 347 283 612 150 800 484 332 88 878 800 717 236 166 479 330 911 1 569 452 743 482 76 434 331 99 836 750 131 819 46 817 57 340 691 670 86 165 175 656 673 873 570 729 219 912 601 184 270 161 598 101 177 421 385 218 976 7 684 711 698 365 742 611 638 780 647 489 364 388 998 20 404 907 198 915 870 252 781 537 60 22 986 490 939 74 160 223 145 141 889 706 906 441 575 967 713 438 114 994 797 449 97 234 555 958 888 492 438 202 932 708 578 174 902 978 690 544 961 366 424 227 972 981 683 694 119 589 253 151 830 772 391 988 961 450 522 101 503 203 785 470 391 886 130 534 168 48 546 59 528 905 326 649 978 447 755 319 959 454 320 58 435 817 589 18 147 11 236 921 779 834 413 227 96 975 19 918 266 856 625 514 596 436 693 59 173 27 800 769 909 99 168 751 680 8 32 511 628 296 819 56 35 452 400 754
608 558 905 673 821 546 113 670 399 534 830 462 144 305 62 678 45 787 9 803 539 41 155 721 474 417 977 526 394 130 329 365 972 453 853 860 704 787 814 429 38 742 792 668 200 855 634 136 293 417 493 600 761 214 960 496 863 280 820 168 27 268 863 23 16 254 392 518 686 978 697 823 704 700 455 754 473 944 125 804 649 453 615 719 505 240 412 558 525 421 818 984 56 532 898 993 3 478 965 704 743 304 567 45 242 455 919 343 357 106 613 47 938 236 613 321 476 722 782 375 644 884 481 842 413 941 182 777 279 199 950 112 640 36 827 620 403 356 440 742 858 346 135 95 760 971 560 8 214 446 943 969 107 73 442 806 296 982 645 488 399 313 518 835 850 279 915 686 223 670 335 421 335 438 287 293 22 412 519 8 125 736 274 667 882 560 138 87 200 521 906 414 932 100 185 963 490 813 328 985 925 278 620 775 460 923 270 106 894 54 427 733 499 636 976 458 861 713 833 776 539 368 462 255 633 819 273 191 883 485 867 460 755 279 800 601 236 883 658 376 135 945 977 547 574 991 975 988 14 339 63 477 201 821 526 448 935 367 702 779 190 764 814 825 193 212
975 893 300 349 639 293 697 190 871 43 617 762 139 76 983 635 165 308 985 990 804 339 628 795 372 432 419 44 58 133 548 857 445 916 37 849 833 87 892 699 18 975 500 418 699 91 966 146 435 315 499 864 985 591 534 431 445 369 834 559 646 639 412 691 989 363 366 362 761 823 132 255 758 720 919 530 754 47 190 781 802 803 30 774 745 636 23 607 510 818 586 782 953 18 142 843 7 971 17 284 906 584 550 938 441 702 487 159 684 202 984 111 764 914 593 945 634 756 640 260 777 74 311 248 82 346 723 644 853 320 673 626 283 15 819 295 669 721 874 492 87 304 210 782 187 780 88 894 520 321 414 437 553 957 321 846 78 274 363 983 708 768 405 44 998 145 935 693 217 265 5 847 892 162 895 745 848 596 824 351 190 378 479 123 698 118 630 160 347 260 273 774 971 384 500 663 366 999 445 25 313 11 469 741 23 106 743 532 77 891 762 349 426 297 848 157 774 736 89 769 376 196 243 435 681 576 573 827 47 921 238 505 218 993 167 632 81 577 557 698 432 568 631 607 518 428 710 231 278 257 326 255 88 116 1000 76 916 759 647 903 245 164 984 5 373 531
779 957 234 822 135 557 533 231 352 145 292 965 667 325 20 207 941 217 648 806 940 964 255 168 54 719 439 163 737 665 962 694 627 595 357 937 685 696 120 499 944 723 807 169 332 221 563 986 185 328 953 205 78 480 42 616 738 106 370 587 671 996 376 892 904 333 119 974 347 401 74 800 579 26 596 64 841 9 780 541 613 109 189 353 264 999 483 419 724 211 789 966 156 997 826 419 634 375 989 232 901 441 939 737 596 636 271 852 584 298 262 800 470 671 124 563 326 933 980 522 372 177 112 208 682 77 134 139 816 805 866 505 218 120 432 939 991 21 693 697 865 28 446 459 130 650 424 597 946 663 922 731 219 894 958 68 98 285 934 510 421 806 198 262 514 353 63 102 930 663 424 55 931 47 384 817 355 68 708 157 710 144 232 147 393 364 741 861 769 321 239 169 779 1000 811 869 540 172 456 500 153 197 714 4 123 837 719 702 107 474 77 283 589 64 771 721 940 708 916 23 848 920 279 457 741 154 478 10 351 731 513 67 717 103 167 283 614 470 928 68 397 266 732 902 764 235 374 848 774 265 71 470 639 307 557 838 158 234 342 327 990 917 177 575 170 752
516 554 414 639 545 454 922 391 508 864 235 75 799 60 760 858 419 11 84 973 538 971 141 159 792 977 743 169 843 349 959 359 448 584 78 783 198 658 609 980 667 915 115 554 489 895 326 501 910 791 795 63 381 737 151 54 191 361 989 620 206 165 144 451 358 744 766 16 366 273 541 734 277 863 697 767 747 72 835 547 239 228 523 391 816 469 121 663 523 741 828 295 173 641 547 918 500 648 161 876 484 311 968 287 729 722 66 593 516 997 594 577 219 942 715 577 628 752 659 84 661 574 803 639 349 48 377 25 781 759 709 790 98 469 901 177 242 275 676 355 661 793 267 952 581 500 830 29 746 834 657 811 363 772 851 335 714 589 446 784 861 916 808 447 300 206 627 308 102 866 15 577 464 785 431 292 821 246 256 105 698 160 343 880 452 708 151 863 387 736 254 941 401 353 586 258 713 962 259 282 813 278 335 649 147 895 813 357 633 168 509 520 446 286 542 259 205 970 904 373 489 655 359 68 814 747 364 822 986 468 617 199 151 72 741 820 168 327 957 342 314 205 986 716 43 523 975 582 442 113 471 958 749 761 456 912 600 256 746 481 692 146 512 381 307 61
303 393 595 93 12 380 679 481 753 345 948 14 648 712 791 518 966 156 113 965 637 999 682 475 436 129 60 452 181 609 712 779 160 407 265 636 501 869 111 954 904 661 908 525 985 727 757 488 495 297 779 340 195 327 852 150 330 228 875 533 835 559 722 475 280 882 124 206 265 806 341 277 718 963 669 307 320 609 878 227 71 759 397 19 273 36 862 268 336 497 60 230 111 597 293 550 694 740 479 759 804 97 69 428 573 772 37 466 74 786 234 604 259 774 229 401 814 335 994 682 551 396 550 60 377 635 690 432 215 700 858 813 32 338 250 853 259 564 251 564 512 47 191 6 656 350 30 704 457 417 827 611 517 755 934 988 839 892 717 643 216 699 395 977 495 453 133 450 660 148 381 259 322 797 828 266 611 617 730 377 927 1000 533 59 11 984 542 739 483 892 509 883 41 686 56 344 393 316 855 547 84 471 961 405 116 61 689 573 176 899 15 561 201 816 812 983 724 222 240 243 854 924 57 174 113 430 758 807 439 681 814 969 318 449 686 979 473 812 777 190 756 713 981 33 892 42 728 703 571 19 323 53 253 381 616 301 852 715 606 299 241 213 692 680 410 206
836 45 672 193 541 335 322 584 912 180 204 568 559 768 405 952 108 120 372 661 315 915 19 886 617 38 354 753 66 727 277 193 14 232 277 315 219 789 398 465 359 864 158 541 443 213 263 756 598 448 143 736 133 42 761 155 11 485 232 285 528 517 65 392 156 382 477 837 826 578 665 256 8 958 26 10 609 317 47 96 655 11 216 434 535 28 448 166 393 832 6 163 167 91 461 317 931 690 392 635 733 314 453 85 207 166 329 752 640 785 117 926 138 788 474 115 1 435 775 551 473 677 990 270 750 224 316 331 275 419 239 591 166 614 16 618 248 941 462 704 979 81 243 727 218 657 416 760 128 206 843 468 362 308 359 474 287 508 951 966 898 897 696 286 166 499 735 305 298 815 891 525 32 976 228 83 113 247 14 573 888 424 729 251 465 677 869 234 238 752 369 296 593 619 340 42 41 703 255 257 683 645 68 793 296 838 78 972 937 828 367 5 213 22 97 335 316 677 902 898 540 442 322 154 976 193 15 843 259 650 887 562 409 349 941 530 738 590 537 54 38 13 690 540 887 721 155 672 296 985 694 1 441 521 888 415 483 744 530 263 263 837 926 925 451 769
410 572 440 167 833 221 984 827 58 287 634 546 376 749 113 956 641 385 996 860 640 645 356 241 642 260 562 389 613 851 632 509 682 666 553 512 7 134 68 559 29 154 542 631 215 223 45 128 609 155 270 348 141 754 485 558 66 250 387 795 977 22 951 398 298 429 309 932 52 979 671 870 868 708 31 895 878 329 476 491 33 751 888 206 331 332 306 921 576 747 673 175 80 748 702 35 672 688 862 31 804 819 194 460 460 126 417 764 797 51 967 731 41 809 356 480 898 783 273 621 985 636 634 391 489 426 51 434 485 316 86 65 802 834 333 71 19 218 943 254 861 169 888 698 820 470 743 920 397 182 504 292 866 863 105 277 311 421 17 712 259 488 371 675 822 958 535 360 521 141 372 733 447 505 257 870 501 271 501 54 811 265 627 871 187 631 51 864 590 281 615 97 393 53 949 48 797 407 688 44 346 66 42 414 560 68 154 756 586 918 945 359 319 415 565 209 582 241 379 703 457 166 277 102 47 548 88 767 841 426 40 591 979 528 737 732 981 799 403 767 623 319 451 50 735 924 786 710 975 511 158 513 118 610 126 981 309 337 639 17 637 55 679 787 971 115
414 220 832 214 533 604 664 170 386 936 141 874 540 757 510 260 996 393 393 54 858 516 611 74 392 658 957 526 203 652 654 133 359 224 444 943 450 378 462 262 894 765 849 770 481 392 289 215 203 538 239 575 278 93 616 447 860 693 326 224 622 454 892 313 267 525 395 13 381 984 653 506 346 11 871 686 549 299 177 621 408 826 351 180 69 984 804 881 532 173 878 19 430 224 362 774 993 346 803 353 391 225 251 85 187 467 219 524 339 309 64 83 106 849 282 397 227 321 104 46 754 127 162 838 13 861 189 404 998 299 923 134 246 228 938 318 921 408 778 828 41 669 575 175 310 231 130 387 351 731 543 460 30 147 760 747 973 624 284 177 196 988 533 889 51 471 892 223 323 113 707 256 815 551 106 700 310 244 11 310 956 351 256 752 67 571 190 804 107 853 173 424 715 808 871 996 964 961 968 807 572 515 577 841 231 857 63 327 890 657 403 562 439 205 904 227 686 194 64 723 907 30 933 41 652 175 917 558 846 821 727 850 417 570 421 759 741 126 422 689 378 167 640 611 849 681 103 437 687 147 92 915 212 910 506 624 660 32 621 445 481 416 372 324 944 822
247 967 620 154 98 228 567 296 413 962 252 418 78 696 913 675 222 516 646 375 995 945 908 112 213 242 133 62 344 600 368 632 931 796 373 351 490 976 598 772 326 712 69 229 324 690 831 796 781 684 788 867 134 24 152 803 500 755 60 12 900 947 470 920 417 567 750 401 699 648 268 616 555 602 168 885 925 141 960 207 925 411 584 369 78 394 914 53 28 85 509 118 826 84 629 801 869 98 677 187 290 500 848 571 293 612 138 230 174 154 228 576 526 143 580 407 631 985 988 609 685 20 785 421 986 624 34 549 753 899 440 796 213 612 749 610 776 84 154 73 449 189 500 218 413 446 727 520 264 933 336 955 291 648 982 569 776 280 543 373 365 953 6 415 134 549 610 451 58 239 903 131 154 758 368 855 453 472 760 789 417 865 105 516 373 396 619 596 947 129 219 879 945 524 609 263 189 197 122 689 984 55 540 529 936 556 444 469 117 159 8 823 730 657 905 451 305 381 83 670 380 310 742 709 987 677 59 226 264 996 277 22 844 200 220 991 534 898 370 104 136 464 757 812 626 296 750 774 668 779 260 153 982 918 853 201 199 447 317 882 511 638 972 207 820 806
912 622 993 582 422 765 255 123 605 783 879 993 351 618 925 909 320 269 258 196 358 218 15 736 842 650 363 235 606 134 704 123 993 132 448 362 823 4 58 235 254 410 248 752 870 245 424 768 715 642 256 377 811 890 899 698 171 972 111 226 659 450 881 843 955 299 521 400 394 294 671 728 937 822 147 97 480 790 993 993 990 991 487 321 993 72 900 745 2 314 839 329 321 570 555 828 49 632 712 759 901 209 12 971 741 738 377 573 632 306 900 561 519 14 543 785 671 102 779 195 413 903 68 980 548 5 326 546 35 557 471 78 320 727 226 202 338 974 187 399 985 806 171 804 788 533 77 377 838 948 930 753 656 945 400 439 105 368 324 987 335 700 149 601 825 96 965 852 942 685 939 136 309 842 268 263 967 112 834 151 93 696 453 77 812 639 173 691 832 205 614 954 969 935 866 496 877 846 308 469 61 763 218 961 706 417 27 49 151 240 800 324 185 124 788 576 486 934 798 234 733 694 344 428 463 783 6 80 677 360 687 352 671 633 706 628 245 984 378 571 291 780 183 387 652 242 344 95 190 948 946 517 435 742 94 55 13 564 550 276 846 358 708 239 697 939
562 926 24 45 940 868 752 64 653 561 905 276 783 158 470 278 693 299 190 134 318 930 168 310 538 80 796 105 166 259 218 37 553 397 777 702 702 865 279 606 935 141 268 738 543 729 638 821 301 330 920 16 901 861 271 354 435 267 195 612 52 973 877 613 562 304 469 69 499 239 3 490 737 609 421 737 521 122 345 580 996 642 552 478 417 872 131 682 12 243 97 877 938 601 423 546 636 671 85 587 130 861 559 153 154 261 103 887 66 669 504 207 867 130 209 2 36 198 641 429 122 68 711 599 348 74 357 193 567 944 510 977 986 688 53 20 130 9 296 584 222 140 441 992 228 981 688 253 887 908 959 421 542 554 464 813 690 528 258 97 673 574 983 179 401 772 843 152 881 734 592 605 782 637 131 150 137 927 832 188 343 833 474 312 45 886 872 804 171 715 111 790 530 790 496 362 961 47 485 644 29 777 419 544 12 392 324 727 922 774 72 900 280 894 29 385 407 670 717 624 730 962 965 864 367 197 227 982 380 757 303 993 858 673 815 326 853 365 350 5 756 392 37 131 201 427 935 745 277 138 996 813 494 69 492 108 344 336 374 54 723 802 934 64 921 367
436 996 948 155 911 287 933 502 911 522 463 165 413 340 48 770 814 473 772 945 102 919 986 164 643 60 138 644 181 266 892 713 223 795 549 340 207 24 89 191 12 936 406 629 296 196 483 995 700 553 391 301 790 43 481 44 1000 9 983 772 235 418 839 98 146 475 402 872 981 522 855 200 571 635 675 17 562 897 790 336 145 164 227 971 317 539 638 921 854 124 568 762 454 176 198 194 839 234 64 80 993 72 609 990 357 962 400 738 221 800 962 50 543 882 910 267 318 371 603 435 677 682 829 246 99 23 561 415 687 355 871 909 814 719 304 663 262 800 45 158 890 618 640 673 567 51 182 899 257 567 373 204 530 444 873 351 277 118 886 651 123 982 745 768 675 196 374 11 600 822 296 126 324 538 134 700 689 552 880 333 911 726 94 164 183 900 494 494 55 858 204 19 429 59 889 868 729 963 63 219 450 769 864 741 390 200 417 323 309 64 850 673 147 195 269 800 712 998 688 333 881 495 32 127 233 20 972 354 414 764 61 947 405 110 198 990 877 537 115 74 63 660 747 439 525 980 789 675 674 620 600 531 964 83 23 134 285 867 529 216 902 694 57 60 316 950
227 593 925 497 378 304 909 803 114 816 265 153 705 103 860 639 359 392 854 5 773 633 580 852 202 808 421 314 814 795 73 43 765 691 64 105 836 21 602 48 702 809 601 874 515 974 123 421 818 457 844 535 647 305 558 214 868 406 536 149 42 419 621 647 58 468 174 277 86 813 580 686 172 91 919 625 221 557 150 641 691 771 681 489 815 205 748 642 995 217 515 937 746 96 454 114 696 615 805 792 941 841 454 191 227 857 190 49 881 646 258 468 781 215 476 137 189 189 734 561 101 360 268 457 743 778 246 3 534 5 30 954 919 156 732 410 621 873 825 919 336 853 819 676 432 776 419 245 659 369 753 464 992 622 731 143 868 336 366 452 146 806 639 212 867 819 639 693 915 315 902 422 669 515 260 393 661 479 942 347 531 137 487 124 51 128 692 899 229 560 183 43 681 525 142 929 223 160 266 647 308 575 10 857 937 367 329 870 320 980 260 72 826 925 584 193 874 940 944 883 451 969 882 292 781 490 717 629 985 258 925 981 341 775 504 307 788 69 192 186 483 514 933 42 741 609 958 582 868 694 288 915 869 98 346 238 237 224 699 297 778 852 313 683 915 741
239 369 326 644 362 444 807 395 696 241 719 853 180 821 563 55 652 386 847 99 435 690 843 535 777 332 113 844 533 880 430 243 419 786 811 597 274 868 500 374 923 532 457 196 449 626 511 205 174 246 798 685 565 544 647 850 508 602 214 625 589 413 966 664 40 371 188 643 96 205 806 869 562 520 468 419 149 223 336 791 274 625 451 803 701 936 647 43 507 285 528 631 242 901 533 30 402 559 831 491 25 619 639 863 622 469 617 12 443 583 138 105 385 955 343 813 449 666 602 653 399 228 352 89 873 129 464 809 942 877 458 756 846 951 793 208 879 481 826 780 521 998 521 419 216 349 810 53 104 499 968 496 830 381 791 64 837 156 378 555 129 758 916 249 402 679 62 762 407 597 977 213 232 753 582 449 681 716 768 940 539 608 347 679 688 650 599 127 547 556 332 677 555 760 10 918 566 119 255 413 90 297 263 108 740 164 217 538 148 426 481 35 799 674 203 700 845 497 729 898 126 792 264 982 154 164 550 897 609 281 785 601 761 884 991 697 110 329 359 59 268 704 650 503 665 884 481 924 432 209 383 646 380 599 254 712 118 145 39 465 113 440 669 635 75 547
658 660 378 486 573 148 383 718 68 684 952 738 401 177 591 98 772 93 424 888 638 762 292 491 254 92 334 15 889 17 734 352 605 124 294 36 800 404 248 22 376 860 757 931 563 153 1000 628 707 26 380 921 630 957 98 167 626 7 589 76 469 100 78 575 694 301 440 349 489 108 213 702 63 280 514 305 775 4 247 646 403 862 720 177 544 207 460 563 426 506 617 599 711 921 36 149 943 368 211 344 46 114 751 138 52 643 503 984 732 924 276 31 217 581 81 957 421 861 414 961 105 95 81 4 951 325 665 828 151 188 694 274 435 688 501 747 459 148 837 549 308 330 353 532 648 568 755 785 524 263 800 394 430 851 516 47 602 464 357 439 68 548 589 50 531 383 324 516 968 134 163 340 507 49 703 689 78 812 338 64 270 218 63 467 770 413 837 653 530 571 412 93 223 466 968 87 462 500 275 933 828 372 180 551 91 412 590 798 662 49 254 166 767 210 915 659 810 807 651 910 580 230 243 825 482 556 56 263 513 243 909 414 953 616 456 673 414 253 510 72 97 139 341 112 443 160 495 890 645 514 473 541 939 786 152 77 501 624 765 945 268 528 90 725 924 97
984 956 238 692 838 176 280 414 861 774 986 309 865 805 423 623 246 127 582 767 94 996 991 63 370 855 588 280 309 562 973 161 606 277 557 619 936 967 520 400 759 988 117 483 218 512 138 224 858 24 699 669 91 238 306 254 741 4 36 65 73 642 993 431 681 37 165 62 749 392 959 794 984 278 770 660 8 240 546 588 943 639 819 432 259 472 482 970 562 476 395 316 524 743 81 250 24 968 758 132 64 361 721 916 29 318 230 222 534 248 81 910 668 927 242 94 722 233 974 203 909 933 265 789 905 502 780 111 861 46 555 618 930 677 242 343 402 262 289 474 996 668 628 246 173 753 824 492 901 474 551 772 239 538 124 191 886 264 356 107 241 556 904 823 698 104 310 728 77 735 211 89 92 720 379 743 955 828 973 690 998 449 928 802 28 317 613 76 190 595 125 113 438 739 947 502 186 243 94 414 994 213 967 344 986 215 410 361 619 954 277 874 341 577 253 541 551 949 22 77 373 601 989 637 508 703 182 320 36 177 202 907 267 986 859 125 937 173 912 214 763 787 87 655 125 738 962 623 768 155 100 857 247 469 838 394 700 232 681 774 448 754 847 157 345 157
675 881 425 636 705 284 532 699 565 131 675 897 671 820 232 725 76 477 168 840 954 510 152 650 471 359 458 818 875 363 571 395 81 119 251 974 143 48 492 888 558 700 755 112 972 757 816 1000 211 858 499 242 387 500 712 509 401 864 617 870 607 95 142 551 741 736 291 229 547 796 195 847 115 773 187 746 798 768 698 870 29 504 419 1 215 56 202 659 781 27 971 1 328 728 888 820 247 765 349 698 132 118 894 104 306 227 544 205 946 795 668 199 717 218 981 926 889 916 685 615 667 232 665 94 224 118 158 616 566 776 595 795 347 357 720 11 549 726 654 503 637 985 59 112 372 535 48 593 346 878 311 285 439 614 97 714 450 326 309 983 248 487 917 933 452 62 110 898 369 239 344 679 135 789 904 970 707 387 657 888 202 236 979 31 709 657 240 368 337 712 62 146 368 602 383 988 917 681 891 454 172 754 367 670 253 757 355 696 24 970 821 14 131 557 461 342 716 214 190 619 168 710 381 913 57 259 541 898 40 719 668 637 633 702 982 442 466 233 848 879 872 851 406 738 741 87 654 311 919 515 252 345 364 907 618 636 406 116 246 882 377 377 560 879 430 971
259 725 337 910 43 592 278 766 40 270 453 246 704 32 64 917 764 136 165 860 489 10 248 252 588 937 322 176 817 11 40 580 346 112 103 350 51 450 601 525 433 319 60 498 377 211 54 821 741 767 459 331 49 807 699 277 801 796 371 696 367 334 44 777 920 749 795 166 873 536 138 66 723 937 154 485 491 732 965 261 480 921 357 732 362 483 753 937 823 726 370 480 455 853 456 329 385 974 690 409 413 882 441 48 866 7 478 474 805 465 399 993 520 763 313 851 763 546 861 783 973 599 144 589 254 811 683 439 897 290 66 161 481 980 116 653 174 321 197 945 83 904 59 168 159 900 275 108 915 198 91 322 784 491 894 463 239 763 134 593 874 295 739 570 234 652 335 336 265 581 282 625 676 593 199 159 951 41 342 395 445 71 312 388 720 218 647 769 558 259 877 755 144 665 696 767 908 893 380 168 190 367 396 105 818 895 876 382 684 711 195 501 555 149 840 342 444 144 166 17 469 811 635 270 1 238 212 582 767 553 908 871 718 299 767 135 303 203 223 892 342 841 65 910 190 38 328 6 98 581 834 878 344 694 901 343 69 492 726 969 330 523 325 196 97 458
586 876 1 229 235 302 700 600 218 142 922 588 174 779 384 493 650 46 409 822 273 203 149 123 534 108 964 478 722 969 329 838 439 938 351 109 234 685 98 831 628 624 846 879 548 783 289 455 271 652 777 415 71 274 74 684 493 809 702 769 201 365 423 527 909 34 97 784 506 446 22 1000 38 618 220 664 996 764 787 849 810 827 489 216 109 621 359 445 776 371 850 402 83 504 757 300 429 676 145 371 635 574 166 325 549 554 12 351 941 927 271 193 808 166 812 213 125 783 182 700 134 992 809 891 613 377 273 758 49 339 732 137 817 725 160 573 580 759 164 421 143 858 499 416 136 185 935 531 588 950 799 771 558 816 14 499 496 229 503 234 41 522 872 375 750 347 778 855 226 508 623 659 64 654 77 882 527 385 190 474 3 630 192 516 685 70 257 467 209 84 902 326 524 241 396 498 898 28 397 265 268 323 705 736 148 311 604 572 859 202 963 204 993 65 838 365 810 417 27 127 907 947 292 607 85 802 607 730 698 399 458 458 462 765 191 940 670 171 594 910 687 587 889 978 148 863 985 668 910 188 745 755 678 296 147 935 941 731 793 203 304 365 3 656 510 915
384 890 487 962 960 289 569 435 495 97 822 979 694 320 979 726 551 54 707 933 213 747 219 990 43 953 231 987 398 928 268 642 419 701 530 731 231 6 639 884 432 85 867 554 374 304 565 466 258 509 214 78 954 719 153 535 925 312 191 375 113 71 305 511 509 755 74 142 735 542 77 300 727 310 540 703 758 693 248 993 282 200 591 549 632 781 158 50 748 93 724 274 543 352 487 173 623 146 671 756 468 335 737 136 276 399 936 771 633 300 629 203 18 760 965 485 89 928 804 298 54 966 544 642 613 356 202 195 520 133 442 303 394 777 875 812 796 910 12 659 720 529 876 7 821 275 905 348 498 835 795 915 439 186 447 576 673 569 993 769 763 364 493 671 206 827 474 551 60 878 140 811 485 698 488 473 736 893 970 783 35 431 111 777 886 605 122 456 860 44 662 21 812 468 839 802 924 195 879 931 868 872 166 971 799 763 362 900 943 25 368 217 895 272 577 219 261 603 676 973 601 133 67 558 483 616 440 940 310 360 981 52 624 352 414 870 672 873 146 464 847 932 871 43 347 649 476 9 163 522 604 555 4 685 948 432 23 913 196 486 284 908 936 426 670 3
582 801 114 281 934 803 958 837 901 726 764 182 887 590 518 260 413 781 730 673 192 41 843 307 153 822 219 636 210 791 45 914 332 314 880 913 519 910 467 806 131 980 337 107 594 514 127 622 685 634 610 82 875 412 687 519 843 437 311 702 253 505 357 691 5 729 940 310 393 665 128 634 981 762 779 957 870 475 914 502 494 13 140 497 110 481 52 380 775 300 254 153 989 929 823 525 533 65 195 95 93 296 448 322 543 841 235 674 655 599 569 184 698 652 402 136 586 31 518 702 831 392 717 169 992 93 58 644 452 586 183 537 94 657 753 803 156 589 763 612 964 790 218 364 140 479 112 6 936 306 211 998 639 736 857 498 432 907 44 741 63 635 20 182 957 823 660 283 8 401 195 906 222 344 432 561 842 944 530 66 969 626 967 708 953 653 171 422 848 759 112 755 623 563 243 124 396 466 951 626 758 467 86 977 180 6 966 316 714 857 285 842 597 8 477 461 298 603 315 347 409 322 990 447 272 259 968 552 779 846 790 324 815 832 616 127 836 467 505 104 114 556 892 853 556 385 651 345 546 38 222 360 886 122 574 687 918 96 824 493 872 300 863 952 661 140
263 741 865 639 691 540 337 688 569 135 656 322 681 454 168 699 414 12 780 29 46 94 125 996 705 833 144 374 513 945 344 721 985 864 395 532 798 302 916 990 760 58 117 908 951 278 777 628 535 153 537 65 919 378 393 157 23 802 272 490 736 406 83 388 804 910 829 893 584 853 356 113 487 644 260 730 819 290 161 828 653 277 325 439 509 861 356 630 578 392 501 269 904 614 679 719 304 419 376 49 120 272 473 186 494 849 953 64 10 93 863 240 488 208 652 922 437 663 284 806 506 908 427 907 642 573 177 308 903 479 455 625 523 85 343 841 843 260 987 279 629 30 649 18 149 466 43 565 473 695 688 338 525 619 295 466 491 570 273 499 815 591 482 614 904 99 228 206 949 706 671 939 538 499 162 794 515 646 498 584 703 512 534 690 267 852 106 550 369 98 436 831 276 289 677 55 554 336 716 296 302 268 602 49 746 485 399 516 294 579 515 11 441 671 966 496 410 139 657 359 617 310 795 144 193 546 916 341 888 301 826 962 934 727 318 807 859 448 294 833 596 951 216 342 412 706 425 166 723 244 142 619 542 564 625 571 101 924 431 953 199 352 190 89 194 396
290 985 271 686 755 144 907 264 15 969 796 263 137 730 412 250 861 264 830 659 210 536 234 734 355 100 227 529 713 990 470 290 345 434 945 529 116 707 123 69 801 307 648 646 754 794 124 717 403 88 656 849 595 380 144 737 90 449 303 598 946 189 568 139 254 638 497 548 39 868 553 762 217 730 783 429 559 779 322 78 271 62 820 688 557 609 219 133 415 742 716 452 874 36 804 26 773 17 844 294 398 324 143 220 165 511 847 908 830 805 756 9 801 20 691 97 125 828 871 808 244 147 671 98 160 880 474 194 720 182 573 465 737 682 844 320 925 952 299 253 621 69 759 462 696 404 168 487 875 821 689 175 182 150 525 95 498 93 108 7 15 67 331 855 560 496 950 850 516 779 867 325 823 858 389 394 110 86 110 793 371 616 922 632 974 896 587 82 707 288 633 298 553 730 520 845 241 58 925 205 637 893 889 279 273 459 826 546 270 226 22 53 765 713 529 746 884 66 291 892 122 428 544 744 237 698 168 258 58 696 28 758 173 84 152 707 742 784 45 143 646 389 316 679 871 470 195 462 110 845 821 758 715 27 895 723 569 716 235 157 702 720 413 237 249 810
441 253 342 659 301 920 837 459 436 77 916 622 97 971 786 875 297 413 178 555 731 123 398 548 32 88 458 856 63 726 12 84 161 312 771 754 753 466 581 774 487 604 932 640 606 894 267 167 423 713 656 689 26 84 160 655 847 837 740 498 121 511 961 958 910 427 350 191 936 152 275 511 800 224 976 959 456 312 542 239 570 121 462 42 559 281 461 897 795 594 347 935 454 950 357 305 730 117 965 120 708 414 897 809 500 380 689 46 965 58 296 420 180 773 678 90 55 833 242 457 901 12 598 647 525 416 436 659 841 319 264 557 302 945 314 727 241 832 847 858 543 228 450 219 883 505 417 622 161 673 270 943 512 840 303 667 142 7 990 332 61 937 146 852 253 263 654 453 76 410 820 984 393 805 589 509 640 980 982 136 102 814 511 919 206 378 513 786 14 273 805 586 917 412 985 345 450 149 50 344 256 487 434 553 561 276 547 637 255 6 801 86 610 755 111 433 244 671 14 218 416 35 328 595 513 239 920 288 390 303 195 407 504 258 998 647 294 111 372 891 147 419 19 414 303 436 139 810 954 971 537 816 296 984 804 356 522 1000 578 171 835 967 626 20 115 354
576 635 460 85 932 625 965 713 572 109 32 416 453 609 506 500 100 51 825 639 376 603 338 727 254 472 627 20 889 594 356 326 435 69 688 868 959 355 665 194 371 923 249 611 101 747 82 719 674 15 85 911 319 915 705 922 213 231 461 325 939 243 529 120 868 906 525 273 998 664 47 651 131 527 514 996 130 757 731 663 130 865 926 383 473 210 679 57 834 947 154 230 505 519 185 830 4 777 347 293 138 479 475 77 27 469 682 780 485 48 467 223 105 973 783 764 136 146 610 499 77 372 130 197 908 967 171 193 913 591 461 474 424 46 745 597 53 985 527 972 421 955 628 423 672 182 466 919 681 864 654 159 778 240 260 857 948 313 308 391 518 961 561 157 260 247 696 647 537 130 846 391 516 94 870 365 89 650 17 949 957 794 369 107 920 334 41 885 632 186 747 59 837 978 781 637 592 899 680 939 675 934 735 285 900 878 362 90 698 771 778 457 363 545 48 994 10 323 543 180 586 856 737 564 992 186 332 471 355 890 671 861 353 790 55 649 499 415 644 289 665 750 590 512 150 252 378 660 336 643 717 584 380 431 470 273 309 100 841 487 747 316 979 994 478 861
624 292 147 266 3 724 916 410 68 585 394 635 26 745 537 727 844 23 849 998 139 179 814 398 427 953 764 934 353 394 778 315 945 503 950 567 64 785 483 376 622 910 981 771 556 975 55 983 358 701 668 749 936 166 222 635 284 4 7 451 57 262 988 222 348 927 161 162 236 866 807 568 183 449 246 521 627 960 910 306 469 917 19 153 840 69 398 389 632 534 86 811 553 81 243 960 274 404 774 669 677 519 862 339 866 564 422 22 301 683 888 548 394 31 161 781 250 540 729 102 541 812 142 204 252 106 411 125 346 359 979 73 866 713 925 540 958 738 84 232 904 468 95 785 541 79 686 111 160 352 662 651 278 489 401 331 757 169 58 124 946 954 248 811 520 34 209 630 15 939 49 701 863 158 448 958 381 135 21 633 165 961 832 714 122 517 509 467 35 688 690 31 79 372 695 319 810 67 54 663 537 816 710 619 709 931 658 60 877 319 664 885 53 815 514 305 509 289 630 907 577 697 689 387 858 971 247 971 837 631 658 639 767 806 414 121 403 405 978 279 626 302 556 231 678 975 64 520 988 385 55 983 750 230 698 12 323 344 618 144 432 643 507 638 718 759
277 573 112 913 604 166 131 13 941 345 655 311 753 704 714 270 391 22 450 445 115 293 232 698 134 278 832 651 51 394 162 655 602 256 674 616 294 912 109 593 141 307 218 245 168 145 406 754 639 301 326 619 920 67 921 854 497 979 318 524 808 338 464 965 169 287 58 593 510 340 822 624 388 81 866 760 854 44 931 370 277 975 806 745 516 602 113 713 28 170 601 31 278 377 710 350 379 371 897 154 807 483 550 326 795 161 854 674 682 577 5 501 833 57 395 232 718 811 223 440 453 939 252 395 659 946 892 170 278 68 219 522 577 755 587 196 119 623 417 791 564 502 118 300 664 275 540 118 245 262 1 35 518 975 868 198 328 889 518 117 833 146 762 353 115 309 12 124 214 95 6 761 899 912 238 627 87 741 150 916 292 144 309 565 299 852 244 603 576 486 435 239 358 410 615 380 548 782 438 51 791 821 512 717 322 598 821 89 364 506 891 773 907 156 871 904 489 428 913 320 809 613 439 222 781 890 89 547 55 320 223 533 736 753 989 174 365 75 504 915 981 699 421 945 526 724 447 90 209 595 194 681 324 764 632 214 511 242 625 996 961 570 364 229 407 164
475 454 262 380 85 249 717 882 195 1000 993 786 689 604 184 746 950 474 482 623 284 678 758 46 880 55 622 484 290 751 673 80 982 901 960 749 958 14 355 700 251 115 280 123 328 62 863 436 561 170 407 967 883 260 880 295 482 888 368 977 612 328 229 843 253 334 250 618 940 464 239 208 529 849 484 288 346 94 32 562 838 69 937 322 770 395 86 713 96 503 636 844 445 23 847 492 257 311 51 831 170 854 856 281 774 139 707 383 110 587 4 538 339 198 671 85 157 174 43 701 540 138 456 699 811 526 176 346 400 292 557 603 693 451 355 531 109 128 724 250 333 859 427 69 294 215 166 465 875 590 271 413 668 49 836 820 801 446 387 392 190 487 504 921 429 733 106 122 317 142 665 109 331 493 756 738 865 79 72 690 59 982 951 120 641 38 243 190 381 624 257 775 397 347 689 586 223 911 29 303 233 689 745 505 966 102 909 235 244 765 388 198 694 1000 381 7 542 944 485 450 169 86 86 119 541 169 708 133 602 721 639 707 454 699 926 644 8 258 412 661 569 897 52 460 193 416 320 314 792 747 311 327 357 723 907 669 612 301 460 694 398 983 202 624 651 174
182 945 941 792 839 595 754 550 707 71 639 506 994 340 139 401 498 674 420 718 49 287 560 943 373 609 631 776 492 21 867 731 439 942 326 249 65 881 942 839 323 70 114 180 500 899 456 155 517 433 400 417 196 652 22 167 954 939 208 704 861 221 144 678 746 324 841 758 650 55 750 857 33 780 951 511 977 769 948 908 100 777 423 769 57 35 895 76 243 390 153 42 29 905 132 318 267 373 814 234 405 778 92 404 537 478 238 997 423 855 769 657 332 922 801 993 762 791 584 384 4 417 427 134 145 947 645 315 364 149 1000 154 140 262 813 103 817 315 987 904 619 176 107 228 906 292 69 356 815 862 242 659 400 722 781 318 161 699 999 866 720 631 45 711 870 409 664 842 161 451 280 313 389 253 839 27 581 565 990 158 722 736 47 658 732 660 231 357 196 705 24 613 436 48 325 589 601 322 539 712 912 834 417 306 327 756 675 426 202 861 645 852 41 173 897 550 530 729 642 169 339 385 780 999 912 435 263 476 960 64 65 605 942 648 348 307 11 611 318 211 930 878 256 954 651 543 292 111 92 848 543 112 578 261 394 36 488 114 301 150 537 270 586 485 367 628
493 485 352 710 618 905 198 928 604 604 343 947 700 721 700 857 18 825 458 353 814 686 643 808 362 449 633 370 432 518 535 46 347 780 393 752 227 2 7 697 404 723 577 221 463 417 409 813 261 551 276 830 614 872 245 993 267 121 533 895 151 53 506 451 434 12 168 444 454 410 815 203 288 270 864 447 880 705 806 507 39 698 529 745 187 410 560 293 396 824 427 790 826 279 12 171 245 148 580 102 653 333 503 84 500 536 772 197 257 972 431 554 991 608 137 84 173 692 369 540 197 761 483 615 206 543 939 194 667 16 48 223 777 383 876 167 947 431 762 770 609 225 996 329 56 692 944 536 873 609 734 255 967 51 582 533 459 343 973 173 774 429 639 823 15 662 421 653 728 700 359 733 73 155 998 830 456 120 291 479 394 680 450 561 904 611 739 89 719 617 276 69 489 78 245 882 721 948 777 609 760 395 412 233 205 649 936 447 941 647 799 939 387 256 166 303 183 140 466 472 238 938 79 756 13 494 339 327 310 713 381 269 817 831 590 957 272 722 701 37 98 873 538 327 935 626 537 185 49 86 929 727 158 245 161 412 109 940 479 446 744 497 267 506 438 143
363 35 189 517 870 569 343 849 354 443 235 541 144 70 522 308 682 72 982 201 935 750 335 51 333 69 778 688 829 609 409 27 271 336 171 931 531 48 642 321 156 169 201 431 350 103 642 231 775 115 334 322 131 364 809 130 20 642 516 994 416 619 298 825 417 436 507 396 59 651 72 139 206 661 752 761 965 171 283 506 769 240 328 776 486 337 629 153 966 841 202 499 202 623 954 18 122 360 769 700 149 970 438 200 9 741 946 356 517 318 634 744 286 70 595 124 280 862 2 304 569 808 861 33 994 391 61 857 207 528 77 860 451 510 938 322 682 712 161 548 502 212 562 299 565 857 525 742 590 94 935 927 411 325 380 254 981 390 198 746 5 634 750 909 332 496 482 394 949 348 878 541 568 647 69 140 730 92 978 372 759 540 240 601 609 25 119 797 125 622 273 878 24 226 89 220 398 352 879 821 692 182 437 482 893 447 994 895 18 492 460 484 249 416 451 783 130 704 994 698 2 598 963 882 118 799 687 887 451 444 198 280 824 829 397 451 35 803 982 292 599 378 446 229 739 110 814 315 110 71 135 607 838 483 866 820 49 35 669 581 808 622 228 838 38 13
630 807 182 569 276 253 120 116 702 22 157 768 499 902 66 456 544 72 871 831 243 38 697 973 607 569 494 709 220 741 858 381 568 127 952 561 460 100 709 179 254 361 238 440 845 103 317 776 661 311 857 476 143 521 657 534 544 261 847 455 275 402 317 650 526 742 912 890 688 144 464 822 259 604 526 43 698 68 18 91 384 892 418 63 270 317 770 557 8 479 629 654 805 461 965 99 635 112 277 885 155 716 650 431 599 47 223 933 246 166 639 34 284 382 584 947 678 557 643 622 874 488 799 708 832 813 600 732 82 584 907 51 131 616 164 565 47 418 244 209 97 193 592 929 413 958 343 733 493 339 242 675 988 589 358 639 948 905 364 681 166 90 637 843 256 599 863 318 799 613 188 663 841 267 900 533 13 775 241 880 486 816 868 954 339 52 301 238 555 458 923 563 315 856 498 652 423 557 543 178 147 599 358 811 879 333 43 472 313 477 633 909 558 354 578 109 749 66 674 775 19 955 814 716 117 363 533 969 653 415 46 778 931 103 464 684 344 903 47 257 742 383 59 368 460 331 443 79 329 154 875 212 716 507 649 894 118 755 275 500 471 632 697 799 262 308
389 239 761 261 703 537 629 292 477 419 957 567 241 265 966 817 627 310 117 469 191 528 465 886 305 80 756 452 739 349 238 121 436 215 269 610 412 835 638 386 163 632 888 295 142 511 81 956 106 926 258 103 962 153 669 224 418 205 924 461 209 906 521 707 863 287 309 169 203 610 13 457 852 926 3 489 410 730 456 336 898 301 716 943 172 667 227 243 195 866 695 512 698 989 777 558 274 197 557 304 249 9 634 999 357 184 424 934 316 92 128 583 486 983 558 335 117 441 502 547 42 242 61 696 771 249 583 809 401 803 179 624 837 265 536 678 512 834 391 274 825 435 492 166 279 384 358 825 421 88 733 953 163 363 875 251 673 926 495 830 946 342 178 6 903 341 172 825 449 172 938 166 589 37 878 865 42 838 73 554 917 634 111 541 275 726 468 552 134 833 789 585 318 939 909 399 959 988 227 552 130 96 798 312 16 579 482 228 311 272 901 137 590 602 193 355 729 132 372 718 87 583 92 447 544 660 329 899 359 17 828 375 792 405 377 772 631 187 530 232 896 858 183 352 243 45 928 366 608 965 484 484 837 822 122 999 420 672 836 635 205 136 546 299 365 100
377 153 895 348 782 728 558 785 876 217 33 524 691 829 825 913 207 500 426 605 226 151 151 766 175 578 984 238 155 695 572 363 885 938 17 104 903 174 672 954 217 421 602 810 290 113 134 114 935 98 309 939 161 39 397 876 809 621 539 182 748 863 526 21 411 497 850 121 250 521 327 891 949 901 92 179 839 628 647 998 869 776 652 616 23 944 571 26 818 312 390 571 76 364 666 408 594 995 68 575 144 969 532 766 877 259 86 814 602 38 437 807 15 18 90 756 330 227 130 81 189 434 331 739 748 89 613 503 198 620 849 384 428 227 443 871 508 97 411 812 784 381 387 492 575 869 965 330 845 596 765 295 163 368 632 373 346 125 113 836 116 302 115 975 969 266 801 583 92 284 938 688 399 670 823 937 921 497 699 381 386 314 341 383 871 494 916 431 128 619 278 924 665 853 322 798 81 727 443 196 789 519 625 570 431 425 770 115 419 806 350 853 852 482 192 755 796 781 837 668 120 388 512 821 682 777 460 893 888 26 607 132 228 361 942 646 241 662 911 577 688 13 200 889 813 741 924 179 537 391 306 705 621 910 190 811 998 252 573 68 787 938 341 224 748 428
945 818 843 113 817 713 377 248 120 406 947 61 619 373 478 33 443 415 765 150 175 789 687 633 739 606 250 751 531 815 375 907 84 735 480 537 596 545 382 297 503 20 624 788 305 276 640 373 388 76 128 184 471 207 860 709 206 111 379 850 389 684 463 775 539 619 567 691 276 777 672 741 323 871 215 574 297 663 718 664 773 65 878 385 735 893 411 953 192 964 192 923 556 191 200 411 455 282 629 816 424 59 16 110 539 936 498 549 387 480 442 211 394 275 937 869 926 362 255 76 575 452 672 1000 179 691 952 525 86 331 620 35 740 670 394 381 676 95 269 812 55 133 479 163 519 110 2 387 493 467 209 406 67 904 289 748 864 832 333 290 157 854 934 934 181 968 3 143 481 889 955 385 128 461 186 385 364 80 704 211 127 181 3 475 881 13 992 33 119 210 407 525 171 714 268 406 209 798 373 832 62 158 38 595 508 189 988 36 978 458 324 411 786 421 73 21 278 157 135 714 979 222 313 872 854 897 666 499 910 446 454 446 76 99 706 44 219 118 384 861 853 469 316 756 67 857 690 775 186 125 73 253 712 635 569 378 898 599 762 877 131 507 625 283 161 785
908 477 979 550 548 108 582 91 304 411 890 137 331 142 889 459 23 788 388 220 300 771 640 157 810 322 951 73 992 32 633 68 117 288 660 972 241 180 863 695 772 551 259 960 998 553 155 255 331 900 821 786 330 472 291 867 182 547 284 255 947 15 829 984 317 3 570 58 1000 58 502 591 626 144 480 888 850 391 670 395 226 413 225 346 427 244 278 834 399 709 254 278 530 807 29 643 239 127 925 685 91 389 59 142 102 141 550 587 23 498 204 449 344 45 537 730 736 948 136 695 794 223 373 166 206 367 594 226 674 433 274 391 1000 928 200 994 14 996 750 634 454 933 261 87 441 267 730 888 38 371 429 564 862 83 391 173 487 181 745 334 907 296 906 710 113 35 420 142 390 379 792 17 82 338 94 321 207 662 669 771 461 640 996 127 363 647 265 906 311 738 227 935 944 316 497 984 929 920 648 542 184 287 885 460 566 565 634 980 773 919 795 982 246 762 377 716 986 902 834 460 995 763 805 889 893 488 804 66 783 827 335 605 302 838 226 96 716 817 674 628 85 216 406 583 308 881 416 720 629 142 948 935 796 741 4 515 918 41 790 30 61 876 574 331 490 255
554 520 44 103 371 763 877 929 468 144 983 746 484 750 1 427 6 817 57 424 90 631 50 80 666 414 945 652 274 67 177 145 961 906 949 797 616 935 404 80 644 393 450 966 344 28 376 225 93 995 167 355 474 174 86 7 480 718 445 310 785 312 190 607 621 998 773 587 624 706 484 771 147 294 184 817 259 356 344 879 443 876 194 867 776 107 614 75 389 164 111 423 790 547 732 265 486 643 909 684 36 266 620 892 100 415 263 623 661 841 426 159 534 661 195 775 848 975 906 492 139 679 893 42 188 885 659 420 15 29 883 289 435 673 585 133 445 861 120 511 391 339 957 382 130 164 599 948 858 796 898 825 484 37 972 888 764 734 461 834 856 775 25 386 451 462 435 672 257 148 838 608 17 479 382 980 147 493 221 449 318 878 207 756 325 946 994 400 57 843 752 827 399 494 623 399 820 171 867 318 628 718 132 360 393 211 871 821 54 11 805 877 98 939 673 590 844 949 167 528 245 400 368 252 811 564 347 369 812 715 449 86 133 706 22 209 594 767 728 879 70 415 591 645 985 882 58 681 715 604 174 836 264 932 927 73 93 626 836 595 598 488 271 905 925 368
53 544 492 138 390 873 760 204 667 696 90 811 184 618 133 807 579 739 206 512 93 856 406 659 809 255 931 477 510 179 364 838 116 540 720 137 356 504 318 869 738 173 287 738 414 17 413 486 818 722 175 204 432 839 959 618 842 536 366 336 447 105 50 477 526 993 328 241 389 354 678 376 765 19 27 524 841 581 111 434 61 998 401 713 606 887 92 217 376 958 864 189 33 596 578 929 79 730 492 137 839 490 950 677 292 101 133 458 284 654 15 572 659 740 942 185 378 497 623 686 753 658 984 368 578 234 916 18 299 362 884 837 367 95 739 93 508 945 149 709 620 872 108 951 236 909 703 519 25 5 516 367 410 381 712 830 750 566 388 444 336 414 173 192 283 831 217 529 919 214 995 688 454 152 170 639 543 234 867 783 672 675 672 373 407 885 631 585 759 436 769 901 395 565 545 465 695 193 344 160 692 225 988 476 367 882 457 166 881 940 227 496 634 287 292 33 844 992 439 397 754 509 309 677 936 216 696 670 288 989 463 914 930 396 218 621 715 339 251 375 813 636 114 702 126 23 627 783 135 877 218 894 835 512 858 329 329 221 387 91 632 165 24 723 954 148
154 210 149 496 666 528 616 599 755 638 768 925 198 350 443 694 757 158 374 711 50 580 291 202 651 180 866 866 735 285 764 444 616 30 301 430 459 597 484 538 335 592 172 75 530 172 893 372 923 168 172 175 496 724 540 700 729 449 441 182 424 726 267 402 610 267 912 260 212 654 480 815 377 208 173 974 703 126 417 280 504 463 909 544 620 693 917 428 499 774 635 839 707 75 982 114 532 495 214 533 743 196 810 71 701 520 107 882 780 98 218 311 577 488 251 945 121 161 810 101 245 580 339 650 756 872 112 59 99 760 947 141 659 71 72 764 826 174 20 309 922 202 216 870 355 560 929 663 730 623 731 19 573 296 693 828 720 535 96 158 920 294 223 883 746 984 366 750 828 844 13 7 629 537 297 33 369 461 165 726 647 457 889 383 304 927 829 309 65 632 499 427 403 537 578 852 739 417 891 61 475 386 353 376 498 42 746 375 219 908 305 426 397 27 867 403 703 559 684 154 2 613 102 362 791 862 823 55 917 926 448 775 31 666 356 810 316 946 982 578 638 961 700 618 285 16 474 978 153 753 526 211 155 988 398 266 874 858 516 784 486 572 262 689 320 915
26 273 943 337 511 983 117 478 310 918 168 887 535 818 477 10 121 89 327 720 409 300 621 704 148 25 514 951 648 59 77 13 464 114 874 964 232 366 127 821 761 37 248 780 866 747 220 880 120 422 971 966 744 662 269 888 444 374 338 583 409 394 861 149 930 819 115 77 84 884 427 228 3 592 197 424 571 434 226 286 533 222 939 531 552 190 587 128 360 265 660 883 475 994 159 772 670 398 207 971 444 116 699 46 670 226 371 851 245 155 749 258 261 960 170 460 195 667 949 97 431 142 664 478 631 949 542 404 954 297 722 497 581 732 165 145 914 833 144 711 438 201 64 563 808 248 344 433 409 858 173 979 689 560 877 943 711 160 94 563 98 220 226 320 319 122 818 285 856 29 160 173 889 45 252 542 715 841 531 837 887 345 214 136 299 399 746 216 41 880 91 214 852 951 238 132 122 507 746 811 892 758 157 115 583 822 77 863 814 173 278 671 341 445 619 998 550 973 262 424 587 794 227 362 724 836 737 431 450 638 424 1000 561 615 729 471 104 39 708 175 856 650 157 242 46 65 719 589 461 451 41 716 552 492 950 491 859 680 573 753 981 650 337 468 700 45
875 695 36 105 355 19 191 739 488 723 366 192 795 838 326 98 332 22 236 329 505 791 681 489 146 657 92 988 276 283 53 216 570 752 729 300 704 813 713 631 619 851 239 9 948 835 794 262 607 953 360 759 159 247 53 74 31 394 659 308 194 167 921 174 491 689 156 854 744 549 762 392 504 232 486 776 130 375 309 603 529 666 126 761 835 533 100 121 581 30 837 948 727 94 148 893 991 501 67 235 523 854 936 331 957 190 45 238 596 451 133 237 947 202 11 812 487 564 589 277 109 71 17 95 276 497 369 811 727 657 403 106 516 744 988 449 475 994 652 995 885 109 720 539 689 470 491 869 456 499 247 440 554 584 791 314 421 915 898 249 563 875 807 42 509 971 799 287 743 517 796 312 386 1000 83 46 748 162 968 432 383 434 352 325 786 917 341 923 509 836 528 124 335 171 769 226 669 4 230 607 578 977 567 905 411 770 925 121 695 529 183 500 902 420 268 129 142 310 182 107 472 602 689 83 990 8 240 86 76 993 301 220 85 261 403 869 663 275 308 65 470 365 838 614 42 96 867 445 624 695 737 410 807 869 365 237 264 587 699 193 563 765 492 163 571 702
388 761 197 758 124 130 616 623 410 597 95 882 701 186 299 309 816 722 4 733 898 630 250 724 254 326 431 958 148 440 183 679 606 308 690 490 242 644 265 611 32 853 43 902 533 32 606 446 626 263 617 635 439 42 796 88 579 842 256 598 770 251 770 989 861 609 824 970 937 94 755 803 984 236 315 72 721 226 176 925 748 601 680 993 407 873 393 113 586 426 421 473 622 682 956 869 182 949 845 348 963 443 582 460 909 218 269 63 366 30 601 260 14 235 947 218 886 773 324 411 577 570 167 207 202 592 88 422 267 519 115 320 18 664 269 151 654 768 460 938 554 13 127 734 321 752 717 238 803 677 714 708 257 273 420 417 417 294 772 220 757 458 464 211 230 674 740 252 931 516 45 994 350 727 746 708 724 984 488 898 226 97 763 544 405 694 85 943 464 843 837 721 65 154 453 399 68 141 868 702 510 525 452 273 817 886 129 298 401 275 612 185 905 281 314 408 428 211 893 898 506 775 82 852 390 436 252 844 622 684 988 747 451 919 859 227 547 362 333 560 230 137 131 817 384 261 890 11 360 550 158 481 536 587 300 105 222 942 410 762 204 646 300 882 154 220
954 594 806 306 26 639 304 234 628 897 561 363 985 267 533 376 624 64 789 886 592 934 829 683 329 85 958 735 451 353 49 148 211 259 752 453 311 223 703 753 667 25 658 48 697 897 979 41 275 255 949 494 506 813 614 953 654 796 474 546 731 792 638 958 437 943 272 802 779 882 234 502 443 23 720 785 120 703 714 317 81 962 316 710 449 679 18 852 268 946 816 414 442 331 11 128 738 767 592 513 932 512 350 262 874 405 642 967 138 779 305 891 550 536 80 437 39 780 697 900 954 493 44 349 389 481 308 928 403 621 702 984 12 974 274 931 84 334 4 360 435 607 990 805 658 473 84 992 876 227 99 418 58 598 998 80 759 905 396 150 608 840 923 215 444 388 791 97 638 974 417 752 855 922 635 500 813 316 402 352 400 552 81 769 446 57 106 114 737 191 169 832 475 658 651 829 659 438 699 451 923 766 702 220 794 702 126 647 773 160 100 671 595 759 728 389 151 693 2 943 748 610 546 165 973 820 854 48 229 615 394 152 800 121 550 241 495 743 608 689 994 979 666 973 328 805 733 472 683 7 187 531 719 503 255 84 64 241 879 658 358 208 536 955 969 542
109 829 108 262 957 213 414 531 374 455 126 895 404 485 591 720 438 629 914 100 443 223 475 135 932 792 256 373 398 245 462 387 833 149 918 215 856 51 73 999 504 712 463 438 691 199 98 58 695 458 251 596 954 296 515 12 38 479 539 859 683 858 248 404 613 146 332 27 337 121 703 849 535 478 55 6 398 814 167 901 975 242 502 1000 762 926 123 960 154 672 857 533 119 994 28 776 716 357 494 56 599 376 319 16 184 282 222 456 852 194 747 150 716 892 644 108 262 324 854 805 384 46 796 339 240 816 790 121 973 251 799 711 458 793 674 108 239 986 684 884 403 748 465 198 73 853 800 530 704 877 356 56 915 339 520 144 479 165 446 131 940 540 196 695 724 873 596 465 988 213 406 829 692 149 68 480 124 888 751 638 362 82 567 546 886 49 238 488 582 217 143 34 776 751 277 671 235 770 403 204 532 146 588 678 933 699 467 701 668 214 985 897 650 851 645 949 559 20 48 553 117 951 441 314 545 380 195 196 828 201 324 362 375 690 679 296 348 81 611 809 428 888 300 619 148 382 588 682 725 575 804 266 298 444 966 854 767 260 557 69 221 897 1 816 148 647
916 401 405 822 423 935 377 886 427 728 692 257 857 429 182 634 679 732 858 782 343 866 220 662 860 690 757 741 525 610 395 684 765 732 573 304 7 423 269 968 923 695 682 378 482 32 424 626 932 547 773 576 446 648 952 318 592 106 44 332 39 78 275 971 374 601 824 442 405 232 614 999 573 191 527 295 407 966 833 467 234 753 261 69 436 255 323 344 922 957 824 379 44 283 147 885 498 570 540 972 825 816 945 790 955 435 266 739 574 973 300 573 894 658 245 834 140 113 822 811 572 214 320 277 946 796 492 988 394 958 468 620 863 641 497 227 412 619 392 36 709 357 98 670 287 261 191 916 584 120 134 12 982 693 144 770 839 706 100 433 652 608 701 893 163 961 179 822 252 983 163 603 741 541 325 337 516 377 392 456 269 261 732 737 155 145 537 246 716 378 296 269 12 299 526 435 931 806 435 346 376 535 303 833 468 232 809 349 708 103 579 505 205 920 173 634 327 40 228 810 875 470 363 718 938 407 779 31 339 546 622 559 54 981 441 336 678 45 429 402 748 657 947 310 856 584 995 251 579 683 709 27 644 920 105 103 915 963 136 842 644 830 558 952 638 980
66 351 288 902 279 638 347 388 171 809 541 320 189 560 487 415 559 891 297 882 80 120 767 86 470 512 951 637 758 605 568 423 399 209 927 851 508 225 670 425 361 755 499 749 22 250 340 41 959 898 154 757 417 756 864 284 328 989 726 785 5 591 80 461 456 911 263 739 43 115 380 879 986 220 698 799 431 612 746 99 604 93 839 792 567 517 881 287 283 974 135 345 833 630 275 149 48 718 329 509 872 340 650 626 770 291 253 656 190 30 144 939 374 799 65 385 287 151 372 494 277 524 495 165 423 691 122 606 718 809 703 695 823 167 306 855 756 463 932 99 962 423 496 445 786 87 797 395 44 129 678 130 15 359 638 262 982 145 958 894 567 899 780 428 278 161 132 889 276 346 336 950 382 275 946 999 49 994 924 960 27 9 839 467 745 669 547 443 786 498 228 291 540 460 858 498 22 863 903 605 981 465 593 194 330 790 436 652 506 563 987 514 227 548 682 388 477 664 667 800 865 337 182 533 461 881 115 492 285 664 296 325 857 156 410 430 49 35 162 503 444 179 397 397 579 951 187 392 708 988 362 329 276 319 655 32 907 976 889 56 430 21 87 57 239 695
487 990 494 648 917 15 92 923 135 550 778 263 854 489 257 720 214 666 686 406 599 897 426 998 45 874 736 728 860 114 769 327 827 732 129 519 132 95 359 154 716 427 646 878 866 356 805 608 839 880 567 751 365 728 151 219 388 871 587 958 782 685 916 826 399 595 666 239 791 447 792 662 953 887 951 661 880 919 74 193 338 171 537 560 653 293 517 401 647 19 306 755 40 631 543 351 567 645 197 16 445 774 943 640 841 472 432 34 948 554 929 548 673 348 289 991 825 69 508 122 2 566 849 381 275 523 879 469 987 426 985 366 825 953 822 123 555 182 871 544 236 509 969 566 618 890 770 310 939 248 572 490 522 362 894 702 18 838 315 501 398 970 900 866 293 911 440 123 339 552 624 962 353 596 529 320 424 331 315 718 63 109 928 57 144 653 609 823 982 123 808 893 967 219 945 764 670 509 818 741 815 165 413 289 966 546 920 247 486 162 443 580 580 410 138 497 10 2 35 227 248 897 422 631 646 404 233 453 54 115 522 936 727 319 306 206 499 927 765 385 569 661 250 841 925 188 548 533 127 327 954 750 159 737 801 831 598 955 389 972 981 620 265 783 155 954
423 515 337 883 973 209 369 719 924 700 221 796 346 437 246 219 854 582 574 852 772 332 936 414 330 937 471 191 249 709 745 1 773 929 8 184 268 201 766 155 275 941 245 676 450 741 488 161 143 509 801 848 539 985 65 927 657 936 613 911 518 734 188 627 199 502 909 146 983 808 682 98 908 73 656 202 83 72 771 491 670 863 519 570 851 2 239 500 605 386 391 911 90 999 251 572 395 286 598 18 246 358 432 772 226 522 926 521 974 281 41 761 469 439 220 247 222 781 676 14 735 673 877 710 667 812 156 847 485 387 502 400 463 207 985 814 745 884 370 32 74 565 335 943 534 407 920 474 360 486 54 219 133 322 357 482 646 160 631 498 794 595 171 312 507 966 206 109 621 600 246 444 956 215 57 389 432 842 791 989 830 594 37 516 250 357 921 587 441 103 816 382 374 940 277 34 62 439 800 102 310 634 783 258 136 387 868 766 439 480 802 431 782 157 800 879 39 388 149 434 524 515 302 453 940 819 64 623 995 799 940 269 589 669 505 982 628 998 966 719 265 21 904 5 266 308 48 993 9 853 446 383 860 866 277 968 403 370 105 70 866 512 374 873 53 54
986 98 670 186 740 690 520 149 515 95 346 906 346 948 146 701 904 545 151 924 80 39 271 158 637 255 540 53 226 101 491 952 96 279 899 51 331 843 199 529 619 443 464 130 231 516 307 463 585 907 625 635 319 32 331 420 284 633 57 455 333 326 452 171 125 881 505 346 832 387 856 909 937 430 689 406 841 186 717 955 202 991 526 367 316 803 802 325 737 303 248 24 499 369 374 739 429 847 897 630 488 971 932 7 473 900 346 396 249 225 177 610 575 178 901 385 136 563 637 357 878 134 604 623 271 943 430 710 731 432 985 533 501 9 346 602 77 149 727 942 433 961 538 155 323 431 827 172 647 54 29 534 605 103 894 923 970 320 580 319 829 384 471 467 278 751 205 95 3 61 976 843 306 811 387 264 447 994 456 152 74 24 977 824 776 888 611 406 499 147 273 66 904 267 551 187 626 491 845 837 371 824 465 592 301 170 155 8 474 683 358 977 64 939 190 341 482 294 816 86 343 100 535 502 407 924 772 131 785 756 846 865 344 69 793 889 456 516 850 86 796 902 147 820 491 840 58 895 94 708 121 719 477 758 192 475 300 19 836 230 727 862 779 942 511 192
919 686 238 751 681 301 906 690 115 235 821 553 2 110 832 633 146 788 508 403 602 892 974 168 968 796 171 800 459 929 458 413 577 163 589 114 895 688 981 310 115 417 654 42 650 146 292 957 292 126 760 440 417 105 476 18 778 403 732 278 2 879 364 290 148 50 692 340 617 285 710 771 466 782 252 325 182 632 317 420 308 715 320 382 928 399 207 631 684 500 73 317 884 783 954 174 783 525 804 939 247 640 396 946 90 284 972 389 916 300 391 616 321 577 984 104 624 305 646 161 319 610 408 69 445 907 1000 320 715 681 382 936 299 534 429 518 15 95 27 922 607 625 900 73 125 660 75 687 686 335 228 669 571 817 31 146 924 423 345 839 414 508 494 383 244 340 298 104 626 349 267 915 397 398 561 888 578 475 490 679 45 427 614 432 59 405 462 964 477 928 599 953 617 877 487 114 821 609 61 922 430 524 715 495 204 803 982 309 31 580 257 713 709 463 336 55 682 633 487 931 910 860 821 134 902 479 226 216 443 228 628 364 910 286 680 130 258 286 188 855 894 226 783 87 325 678 854 455 451 802 695 199 348 231 125 101 618 21 376 762 402 81 242 553 757 762
109 290 430 693 863 554 214 970 447 778 988 714 425 390 458 427 278 549 901 376 326 485 396 222 723 651 220 990 299 901 300 245 325 207 738 277 879 309 373 925 610 192 873 644 134 552 810 206 276 902 376 535 483 92 220 646 363 793 929 859 610 849 432 19 288 452 572 698 688 149 695 968 675 287 678 789 426 513 438 311 333 89 480 821 961 226 378 984 616 197 316 369 906 63 219 932 564 270 457 820 318 197 673 291 70 896 500 832 8 895 809 488 506 224 990 94 745 308 494 359 979 976 101 551 687 942 286 626 52 584 133 863 21 526 29 949 265 842 517 563 686 964 532 364 773 784 671 314 83 760 68 983 824 472 683 532 393 296 998 7 329 210 547 538 175 892 81 8 805 508 187 1000 972 594 88 749 654 518 629 881 260 479 986 537 16 987 188 632 871 518 544 560 954 774 214 475 980 551 13 832 479 337 915 303 618 625 115 856 511 327 235 715 735 920 387 256 723 338 341 317 657 604 811 881 375 300 254 110 240 239 474 68 984 89 546 349 794 918 98 701 249 964 259 336 603 181 932 908 853 688 435 811 636 397 888 724 632 117 334 353 829 516 179 422 52 500
734 70 790 36 889 222 827 797 704 702 209 825 560 814 708 606 648 759 814 455 621 942 415 417 608 482 708 951 669 861 101 207 590 445 479 183 101 336 526 157 134 163 854 315 676 677 265 548 47 680 35 169 718 703 867 854 25 859 163 513 345 780 448 842 55 531 612 732 699 632 957 991 120 677 110 604 708 419 888 348 525 287 409 966 668 667 525 550 696 222 904 824 666 942 233 155 860 570 604 63 665 392 4 126 691 767 257 645 415 571 547 713 924 579 339 1000 835 989 356 189 549 123 629 583 372 958 62 75 564 328 982 347 381 890 357 209 82 163 78 607 538 286 331 981 420 873 974 617 591 760 459 666 814 692 906 662 626 22 547 3 506 358 417 475 162 561 906 280 659 192 50 444 30 187 802 616 955 332 841 995 70 184 638 679 587 215 679 328 700 851 794 484 15 364 609 570 252 60 508 435 87 438 9 308 832 441 608 580 188 838 390 995 985 309 158 256 325 356 263 873 571 316 722 307 149 942 228 191 836 508 132 48 619 30 178 846 303 139 520 157 862 814 17 700 976 566 881 178 904 527 763 228 715 902 450 756 416 657 614 13 251 495 948 143 119 334
145 101 543 335 686 169 731 277 412 688 470 217 529 276 713 361 789 397 474 844 674 797 830 56 882 665 690 965 480 812 486 80 336 852 421 409 493 780 168 10 649 357 3 109 111 322 358 380 446 293 929 965 503 398 903 424 405 766 104 42 37 316 61 913 277 935 507 978 161 129 442 325 446 986 349 692 304 964 922 543 54 966 390 814 534 243 525 430 39 347 277 710 133 770 129 424 744 526 799 787 61 809 654 37 422 640 159 201 301 463 523 489 352 97 130 950 31 711 501 400 434 876 335 242 858 476 269 253 165 741 968 845 418 981 386 987 288 477 521 458 312 661 989 831 563 18 189 165 192 306 839 205 383 111 561 397 110 142 27 352 257 87 160 830 301 607 994 833 474 588 650 268 545 256 441 171 378 81 194 757 147 363 99 459 337 567 722 45 495 279 653 817 943 583 594 633 988 974 425 422 277 163 240 903 312 951 589 964 577 232 109 392 911 761 557 432 73 655 783 151 927 552 390 548 435 582 261 29 809 482 998 587 943 714 488 703 381 935 39 443 385 8 318 804 763 137 630 39 367 191 882 605 186 331 186 373 613 184 616 992 147 35 568 455 780 215
367 924 759 125 990 52 803 877 42 600 660 953 265 738 652 200 517 711 340 698 257 588 592 548 548 208 11 829 449 535 817 292 19 802 330 834 650 810 976 166 693 711 916 656 564 963 694 781 957 403 516 716 483 802 528 465 731 350 304 705 550 905 709 111 815 42 280 911 306 371 640 379 548 179 126 821 216 699 61 705 682 247 647 111 592 988 515 413 838 190 924 117 588 756 853 748 967 612 153 124 606 557 963 62 553 438 617 931 533 508 964 24 586 503 805 374 329 829 38 3 212 12 490 149 758 732 245 137 246 735 512 350 20 301 962 336 738 197 228 141 443 94 338 943 162 325 15 202 837 435 624 48 220 260 61 284 686 27 471 921 455 319 136 36 820 373 463 961 779 535 545 868 115 187 954 944 502 921 901 72 732 502 129 271 327 474 791 75 422 812 229 868 373 719 552 988 507 101 976 264 57 478 580 70 629 682 742 46 350 658 2 448 563 753 245 612 490 941 233 847 968 162 670 225 670 881 539 418 352 901 888 246 703 41 216 287 659 380 177 228 103 563 329 258 864 364 2 697 784 968 989 426 492 992 195 512 934 857 349 11 944 331 531 428 601 38
802 349 258 610 892 307 681 408 329 959 219 781 673 978 135 524 314 934 278 715 851 661 450 762 337 716 417 402 395 785 156 462 985 983 514 302 901 133 54 622 937 934 973 997 902 441 911 754 856 429 465 626 746 959 195 77 796 138 361 704 661 450 142 753 572 547 596 355 55 57 751 641 972 125 903 777 741 256 261 697 995 838 558 858 213 998 759 474 789 319 691 602 253 211 89 252 846 821 681 256 220 320 673 313 517 357 904 211 147 605 14 526 863 223 394 922 489 321 732 496 188 603 113 797 403 729 986 841 862 594 303 703 392 502 926 595 520 791 904 933 378 119 124 871 64 899 686 555 303 763 91 391 56 975 638 903 337 759 225 550 871 812 879 892 600 171 418 736 387 691 883 430 644 269 697 700 491 3 473 762 953 729 609 522 522 951 722 868 214 797 727 506 286 556 623 796 349 361 271 117 636 316 529 967 376 317 918 127 669 573 418 764 792 562 96 886 303 506 589 760 628 894 322 589 394 6 340 244 370 872 954 53 764 999 210 655 998 230 741 54 895 962 765 458 16 669 1 798 518 8 824 4 316 203 289 351 449 414 701 318 442 447 756 461 726 586
204 194 419 309 848 392 221 561 357 266 634 551 212 709 627 299 643 593 514 791 225 729 125 395 868 440 812 475 359 566 710 667 994 321 661 100 817 921 776 915 624 381 343 332 206 430 531 158 86 782 516 872 989 391 501 880 935 285 859 215 595 362 447 164 771 985 705 107 907 337 783 575 655 209 735 495 82 990 443 627 699 668 539 923 809 233 937 720 509 398 304 131 28 17 88 40 597 319 937 234 583 553 194 236 788 953 862 649 641 74 870 223 917 460 435 700 922 193 891 287 527 455 707 99 83 917 36 888 604 254 932 42 222 494 768 904 155 788 582 99 72 872 779 622 947 507 899 716 196 186 981 577 554 167 905 910 447 963 269 290 10 138 86 686 236 209 825 155 667 466 430 122 892 414 318 878 765 1 128 474 975 507 93 464 816 741 12 410 134 919 813 960 639 410 825 547 941 9 18 45 9 858 199 852 69 18 761 203 487 428 346 537 878 620 881 763 11 981 938 240 120 854 149 68 255 914 669 627 527 293 712 204 921 930 269 149 957 65 768 790 486 394 230 752 102 2 427 770 890 137 366 923 582 309 949 636 727 709 177 323 955 42 856 750 33 715
27 624 960 822 245 287 325 775 45 12 366 561 572 658 43 684 128 209 373 818 270 182 216 487 505 432 819 516 342 457 29 438 303 30 155 923 356 646 198 34 71 573 881 700 829 7 855 7 922 168 855 468 311 260 511 478 691 730 815 504 342 63 528 164 501 251 161 665 246 912 270 829 797 395 861 450 853 593 289 571 288 867 981 887 823 43 377 935 643 864 431 348 657 999 741 192 706 7 29 594 529 779 569 826 433 250 861 675 793 64 914 906 618 963 562 986 233 556 336 508 649 219 322 821 490 477 511 49 656 158 25 932 212 868 237 44 610 199 90 124 392 503 866 363 713 417 486 161 659 370 450 702 879 555 617 506 708 439 197 28 659 922 945 783 497 946 554 492 613 959 700 497 350 159 176 252 552 108 644 192 763 525 116 515 507 126 991 259 613 728 688 618 629 290 790 839 789 949 674 321 25 373 860 463 688 757 951 152 929 740 790 943 368 349 318 317 755 978 359 463 257 12 20 281 296 931 847 577 804 34 879 579 58 377 222 577 198 630 534 15 850 89 631 585 619 157 515 785 957 456 819 94 894 150 787 920 450 720 325 235 476 475 892 153 492 162
829 172 705 471 132 163 331 703 733 160 668 251 994 844 432 800 520 212 397 152 462 199 108 179 313 521 911 99 491 905 50 423 906 562 283 538 561 716 465 219 524 257 606 407 702 202 554 371 377 144 413 909 162 332 893 359 866 314 280 758 146 41 109 674 988 451 756 800 278 572 678 440 288 31 208 635 158 571 639 892 403 44 555 308 857 379 632 248 6 95 891 445 692 178 527 676 759 273 806 91 202 496 238 232 746 306 214 804 632 614 599 85 957 542 149 202 977 851 651 237 599 259 69 182 869 801 779 380 923 111 313 883 319 804 203 829 709 927 722 531 741 140 167 453 394 966 669 210 818 147 682 210 251 782 461 257 95 543 289 56 432 337 646 754 713 837 827 97 862 987 372 836 255 592 164 334 618 649 896 290 744 505 222 286 952 236 65 548 334 29 843 675 637 64 563 253 559 867 501 408 938 516 116 46 288 196 438 844 651 627 69 427 860 941 733 342 878 21 552 542 113 828 320 357 572 418 468 577 667 411 149 983 156 289 204 818 560 254 8 330 751 680 22 186 224 262 370 33 996 735 87 80 881 660 300 734 417 455 141 734 140 405 739 924 392 409
238 253 50 73 175 402 379 482 601 794 696 466 451 558 641 271 662 257 880 680 254 244 724 863 661 480 247 265 227 143 449 627 202 986 400 305 376 579 30 158 133 749 204 405 745 124 812 541 343 131 518 996 616 134 509 107 819 536 927 992 124 921 34 172 986 739 32 616 14 288 340 321 484 519 256 986 826 556 677 90 26 636 871 660 507 47 985 911 190 451 151 202 221 234 72 944 630 9 754 119 554 82 262 135 239 322 958 813 481 212 613 402 88 133 967 91 187 409 885 255 186 334 324 439 223 874 762 805 623 90 946 824 726 73 981 919 432 91 816 250 996 952 341 158 260 38 949 302 168 128 624 422 279 832 647 915 237 29 964 949 786 59 149 734 295 157 597 617 584 625 901 145 294 754 707 123 694 397 767 923 243 671 236 3 757 411 621 152 451 590 896 850 422 332 116 626 613 627 29 129 514 33 334 512 965 443 204 176 500 843 809 31 986 410 559 132 380 588 492 784 546 894 993 604 739 975 393 155 10 946 796 453 980 311 459 196 255 227 719 684 752 298 641 185 896 555 338 562 76 870 625 230 396 697 290 124 8 794 934 406 496 255 619 660 931 211
599 679 641 930 626 32 120 641 613 490 268 94 416 480 727 766 57 570 326 677 999 351 733 325 148 452 699 730 670 126 963 397 994 873 570 396 350 563 46 831 835 990 688 410 201 232 262 292 327 528 620 809 336 182 147 27 165 52 969 714 946 913 416 198 438 979 548 417 748 358 244 637 620 664 897 148 767 187 281 134 358 410 534 918 369 81 33 867 29 762 279 538 706 964 208 199 715 129 634 406 703 152 473 1000 63 455 735 21 536 414 71 891 952 331 997 410 47 381 201 951 561 133 435 446 470 458 21 336 974 550 688 522 474 392 563 60 86 408 745 883 691 967 64 396 41 877 852 539 520 778 716 26 158 867 704 852 271 603 141 609 202 482 299 877 758 141 304 451 837 480 98 843 895 657 254 16 969 820 458 820 389 694 152 492 632 268 590 711 443 387 48 251 551 5 606 691 79 953 337 903 721 217 626 580 263 608 847 863 849 842 124 483 305 101 376 173 768 653 625 680 959 656 231 654 105 910 711 595 556 765 447 50 507 438 270 117 10 760 332 490 555 221 140 708 952 765 687 409 306 761 846 404 609 334 47 965 946 481 526 336 815 53 776 679 303 623
452 5 683 40 282 835 269 222 242 317 431 84 66 294 58 440 597 944 768 734 84 371 951 336 649 390 715 974 574 410 983 563 724 468 566 380 329 449 892 320 754 103 65 882 835 77 138 969 850 892 188 622 99 480 900 144 988 219 250 67 85 547 619 220 665 529 723 715 823 121 917 848 637 180 93 74 11 615 67 89 767 31 161 540 667 597 884 801 821 609 972 435 756 276 748 143 381 392 424 206 604 947 38 144 51 464 685 660 547 329 81 592 58 208 3 162 757 338 647 745 930 137 437 125 911 983 12 795 86 566 256 1 800 888 170 266 195 459 526 185 852 375 331 453 996 676 782 961 645 842 209 630 869 932 233 194 402 742 346 828 563 174 103 270 446 749 469 11 926 973 934 323 214 260 786 368 627 552 159 170 511 192 419 166 724 142 871 956 643 31 899 19 21 196 489 77 899 733 757 978 124 697 65 623 882 65 811 438 111 438 309 660 36 732 5 834 491 403 970 63 620 948 842 556 913 732 233 136 131 880 199 242 93 384 281 829 766 979 945 584 949 362 529 311 384 797 646 881 585 185 368 225 142 371 443 545 676 32 376 4 377 296 570 549 345 976
253 779 389 60 635 640 148 308 871 406 673 605 341 667 805 328 200 495 693 187 785 985 122 422 499 846 815 65 549 266 412 799 694 829 996 120 98 855 601 429 956 202 435 869 995 635 199 330 967 733 40 469 301 386 778 839 314 693 300 559 503 431 277 354 99 658 139 260 496 196 683 953 442 453 865 932 252 637 490 886 911 615 113 467 637 103 233 691 974 965 239 389 460 332 625 438 148 875 993 834 600 365 464 723 842 168 795 363 167 386 987 676 553 329 284 221 16 375 79 524 373 932 247 815 835 391 95 342 90 284 546 490 581 619 49 976 94 254 405 788 999 116 805 872 638 514 749 434 644 902 249 126 995 321 822 939 557 702 343 657 142 377 189 681 707 444 129 475 357 768 633 606 552 376 52 798 169 80 740 126 339 187 101 143 1000 982 969 171 204 392 151 664 213 628 763 458 989 328 89 176 787 588 384 828 752 681 820 846 203 530 355 234 206 528 41 553 422 881 430 298 942 609 640 258 446 701 805 643 515 708 912 736 142 309 435 487 378 794 403 877 692 160 95 213 483 687 384 61 924 956 749 602 751 423 382 157 574 185 80 256 916 3 573 597 723 956
536 365 546 359 889 518 845 240 896 949 417 328 798 908 244 391 412 984 291 664 240 648 598 169 229 715 794 915 836 548 286 510 94 947 226 573 886 904 687 953 277 647 410 213 816 441 81 905 836 355 455 41 574 266 569 962 406 927 349 64 371 59 23 989 32 133 981 269 525 483 560 768 46 311 893 850 303 637 388 174 524 614 242 995 456 70 184 727 359 931 541 167 370 260 455 844 842 902 46 13 309 986 652 940 466 8 779 306 502 927 506 25 56 183 756 887 562 117 93 691 314 291 809 41 437 251 88 646 270 127 735 108 549 597 858 563 981 780 43 119 121 644 782 440 974 171 879 978 282 48 937 518 648 913 315 395 249 955 279 232 185 484 503 625 686 302 336 208 851 953 468 431 662 36 866 340 753 882 309 24 219 686 187 984 97 187 467 467 365 818 963 170 82 671 7 931 29 362 468 345 300 985 617 710 222 385 47 149 977 998 151 800 874 97 899 391 953 593 718 65 727 792 619 168 342 550 955 287 602 258 468 27 838 168 574 736 285 522 358 568 26 598 174 122 591 415 806 101 586 312 970 804 130 854 281 498 351 202 630 690 781 397 294 114 178 256
456 220 847 437 995 80 299 734 574 536 657 327 633 921 258 187 335 733 666 794 334 753 836 855 152 284 828 919 298 16 101 333 566 258 603 980 630 259 380 706 694 604 686 760 245 903 124 519 655 418 615 723 815 560 695 889 145 323 509 702 500 37 434 672 143 264 834 119 270 166 609 200 480 312 527 418 690 841 384 565 2 511 212 808 714 774 541 342 300 196 161 513 812 785 96 419 199 668 842 926 807 953 508 199 162 569 966 34 759 613 212 486 950 420 82 421 343 451 899 91 937 45 33 213 296 834 214 525 967 818 912 778 850 725 448 320 177 486 656 97 838 385 851 966 461 885 499 902 807 156 529 471 588 258 427 665 100 243 94 884 783 219 836 880 647 271 596 602 70 568 521 512 31 624 527 224 364 960 452 855 749 636 479 156 113 447 894 460 793 42 955 738 358 904 62 753 699 329 847 24 149 997 800 358 562 780 927 399 177 201 857 959 445 219 354 296 209 435 947 877 526 224 949 302 742 458 657 963 194 9 550 423 170 654 609 754 496 494 560 911 587 156 988 89 256 112 467 897 80 990 522 336 515 638 993 575 431 564 202 336 399 858 196 275 309 514
271 267 416 958 558 928 528 861 48 874 446 204 522 188 972 396 554 727 997 77 623 556 925 114 479 13 146 571 569 364 833 704 882 811 416 437 781 130 902 880 135 928 79 111 856 172 582 362 162 176 573 765 497 593 284 968 344 714 166 415 482 21 311 676 497 812 791 1000 51 980 123 51 374 207 160 890 54 504 252 968 839 403 890 61 378 107 358 711 730 454 714 448 381 679 74 308 857 356 618 453 202 712 317 963 743 135 542 359 21 649 755 879 825 950 339 452 67 775 234 883 178 3 118 923 947 573 539 372 786 506 39 536 372 616 659 494 838 693 940 876 496 13 932 328 886 375 647 542 821 125 168 218 494 946 614 79 885 393 665 366 900 214 612 405 889 898 373 665 114 202 770 367 977 20 599 443 779 880 381 966 758 534 500 276 727 222 933 983 426 662 907 252 378 539 683 632 203 252 270 417 567 82 262 308 303 553 429 710 528 118 613 282 989 565 186 722 557 424 936 119 634 939 759 928 133 805 380 188 436 461 287 661 574 985 555 627 694 950 747 995 316 886 924 682 432 631 885 247 816 695 251 644 745 905 9 520 646 171 350 347 379 862 896 890 874 155
921 263 275 370 462 544 622 504 571 944 136 175 248 950 322 166 290 260 22 840 20 359 265 226 59 183 209 40 906 465 785 952 299 508 996 969 592 453 180 915 525 217 31 63 119 866 257 638 320 840 361 321 589 771 945 800 207 919 200 678 214 251 445 398 732 409 570 172 303 278 395 225 142 952 9 914 416 865 10 505 497 2 302 114 867 87 495 948 837 742 461 753 308 169 199 35 681 442 834 577 520 323 668 679 894 94 964 257 13 787 749 179 14 908 658 351 640 291 639 710 646 276 87 828 507 891 397 714 179 386 298 522 522 877 75 645 682 884 263 199 114 63 620 927 17 725 750 483 572 15 352 765 615 624 702 222 957 787 872 367 980 286 816 727 379 488 447 783 915 208 999 456 64 587 596 22 653 484 90 339 89 842 327 488 617 440 457 404 771 888 371 34 502 313 144 492 160 437 376 859 938 818 472 279 290 425 570 73 194 999 748 795 63 970 352 701 435 514 374 989 972 53 802 450 657 2 311 357 842 810 363 298 660 572 867 766 774 232 260 89 193 343 643 966 366 555 503 481 269 407 677 333 423 948 256 454 523 466 97 805 9 295 843 251 851 362
11 528 722 153 29 690 694 709 200 117 681 137 558 173 395 700 761 119 658 818 784 136 811 934 826 781 696 262 84 293 598 182 337 269 817 599 864 818 340 563 15 639 118 232 483 190 41 65 972 198 251 350 351 376 44 348 841 278 144 261 324 301 558 147 521 995 702 899 335 933 581 903 826 18 594 169 188 41 504 58 407 47 149 432 26 340 415 928 502 241 139 299 172 837 902 856 683 376 93 22 273 441 197 419 822 221 52 949 904 569 454 765 877 512 835 263 68 196 639 47 665 429 667 557 295 547 187 85 204 241 752 300 387 665 523 59 279 323 888 588 161 282 605 245 60 543 724 41 969 340 220 700 583 584 77 709 659 87 698 409 508 269 34 218 622 307 233 296 522 378 456 790 372 45 246 583 893 58 851 670 881 704 310 66 16 933 371 702 247 803 83 172 274 474 695 333 40 495 695 839 751 733 742 302 615 669 287 281 404 61 765 532 336 657 79 88 496 142 294 515 578 255 873 470 737 833 230 529 286 253 48 585 378 404 674 581 939 166 431 829 55 949 550 992 210 995 966 343 617 409 110 623 664 902 490 277 58 906 364 858 885 996 504 35 829 194
544 400 756 691 688 254 273 438 557 460 504 990 636 484 730 646 682 655 802 532 136 401 775 822 362 591 890 478 384 776 965 972 625 423 479 688 38 296 432 127 301 193 104 738 790 888 72 947 740 309 248 976 237 857 29 476 779 771 87 105 200 732 514 318 164 357 691 438 820 487 934 483 852 165 713 765 288 392 301 101 805 555 815 98 495 432 810 968 803 273 847 829 115 388 876 738 894 127 57 117 866 1 786 124 122 813 701 494 245 476 253 967 173 18 859 667 697 667 672 393 128 552 320 491 932 296 786 936 912 940 5 473 955 813 798 232 893 587 226 404 180 457 805 860 751 848 91 999 804 317 712 175 991 549 320 103 698 127 673 375 181 523 885 946 419 331 752 663 283 443 645 290 495 845 606 448 920 373 524 551 935 899 673 103 267 154 203 331 80 300 973 869 766 476 727 765 513 961 700 596 50 265 129 727 118 560 892 208 711 984 70 759 513 215 413 286 347 103 427 199 842 633 778 871 831 139 188 266 798 915 306 406 250 330 8 676 745 212 433 791 41 232 466 590 998 525 575 905 188 512 262 394 138 207 505 860 861 263 859 378 970 838 770 29 281 605
382 840 472 592 29 418 211 385 579 288 756 711 693 772 695 834 777 797 604 947 651 512 282 566 914 954 778 794 951 385 778 343 924 260 437 569 611 233 866 663 6 638 126 350 277 623 118 112 587 892 159 787 869 441 627 514 970 180 639 624 678 347 699 115 211 49 212 525 236 862 780 680 899 533 753 320 839 75 609 813 850 500 465 424 188 148 381 587 186 432 700 420 103 382 471 96 204 262 842 871 869 303 184 117 606 586 226 349 355 723 455 172 252 821 285 831 14 686 561 14 941 684 885 898 873 60 482 473 245 111 320 832 976 431 748 494 760 323 799 86 593 546 293 437 744 823 860 843 206 754 623 491 144 148 260 916 591 225 670 85 952 323 761 25 96 757 19 536 625 746 647 505 157 930 607 40 496 833 820 131 778 180 556 959 571 650 922 959 647 203 262 166 624 528 906 651 610 225 264 392 174 50 662 863 379 188 17 327 659 625 645 100 426 354 392 648 532 624 844 494 761 136 202 720 220 837 659 97 142 565 519 835 52 748 880 140 458 627 559 108 944 130 995 272 565 525 348 395 213 620 663 655 371 223 649 368 964 547 50 976 331 862 551 194 831 200
677 640 733 146 773 95 4 22 576 267 690 440 887 81 502 901 99 270 400 856 85 94 345 682 513 220 309 8 205 131 503 874 914 376 496 558 408 483 311 669 759 322 576 967 877 449 893 298 981 879 710 676 828 564 119 496 392 223 134 534 611 88 119 459 935 856 50 977 367 726 233 164 252 156 30 16 215 587 676 981 248 405 408 452 975 508 975 26 953 737 324 783 596 511 928 657 212 462 479 314 850 877 805 226 672 503 627 821 218 772 472 921 264 670 54 995 523 738 968 836 68 945 792 846 680 208 511 97 349 187 663 797 737 572 524 376 198 270 247 92 395 757 594 869 280 840 654 667 507 332 25 323 247 457 639 21 6 647 673 241 608 387 90 718 826 499 578 748 336 781 712 665 607 648 792 79 290 716 937 808 209 510 996 404 805 742 974 454 404 213 357 792 912 903 532 33 847 659 178 560 928 932 588 572 511 597 310 220 778 938 338 184 186 613 660 797 773 366 165 913 49 485 381 864 155 641 336 905 278 632 775 373 311 185 181 968 223 384 955 643 41 783 651 873 243 169 503 865 702 20 826 954 628 774 476 187 671 300 354 617 779 626 991 481 894 913
645 279 903 210 858 769 554 292 862 194 825 747 44 846 619 171 982 479 687 558 96 826 59 551 980 725 453 594 372 777 482 481 258 641 545 759 845 189 583 587 8 802 864 195 506 960 789 402 649 907 18 922 496 207 197 796 942 470 998 922 90 333 362 440 66 677 544 600 310 84 800 375 272 432 740 422 51 202 996 951 279 369 446 393 840 420 145 357 6 726 217 7 134 28 904 317 931 928 477 251 196 378 891 305 704 134 972 348 319 187 750 456 246 448 461 816 223 255 257 736 647 551 609 558 792 297 613 995 332 678 442 73 829 712 563 156 114 263 173 231 939 684 143 447 399 1000 417 118 202 771 959 496 29 998 415 215 728 417 306 187 116 515 837 734 313 410 927 340 127 126 113 833 760 445 116 780 759 982 970 15 476 53 259 878 866 347 139 552 196 463 575 637 513 417 147 134 222 319 630 509 262 590 743 532 719 316 67 101 458 796 682 332 231 603 85 233 633 78 509 356 423 438 325 504 53 334 568 756 527 655 906 625 421 331 186 351 776 587 378 489 753 357 42 75 323 639 581 452 200 647 980 327 614 153 709 61 768 259 795 40 418 25 477 724 582 87
399 71 756 321 988 824 970 683 97 658 934 15 773 777 585 67 387 553 737 293 586 573 111 914 295 457 836 88 928 530 699 129 243 902 822 491 107 137 471 797 642 311 633 171 89 529 856 447 837 860 813 473 947 270 491 277 973 55 584 569 641 100 968 765 328 395 940 922 705 672 840 135 242 170 488 913 357 899 143 813 65 883 523 290 597 183 723 62 104 618 505 145 970 988 44 742 776 347 289 582 916 233 615 111 94 268 537 854 865 116 615 168 994 677 457 710 942 749 425 849 333 931 505 989 540 437 568 30 364 222 449 949 971 221 387 893 743 576 840 884 504 216 896 276 15 573 668 943 282 139 62 730 362 756 670 311 209 774 413 347 440 626 67 144 928 940 389 197 514 437 510 200 320 422 3 807 677 371 404 223 683 387 742 522 376 423 376 163 439 125 342 555 608 90 582 979 861 926 925 607 995 59 734 541 416 39 646 785 660 870 145 882 509 861 474 482 594 455 144 556 118 900 765 565 607 702 491 372 61 131 595 994 606 763 388 679 377 11 647 243 252 156 426 15 376 691 980 675 516 785 696 869 892 328 210 835 382 943 800 156 482 799 817 860 541 692
579 667 68 855 277 238 950 250 28 580 375 800 65 808 796 161 66 910 342 213 130 651 787 917 884 863 285 637 1 135 610 84 424 911 777 167 687 487 100 510 969 87 672 190 262 303 522 312 543 492 809 880 719 421 670 362 493 932 711 732 1 751 573 968 622 189 383 890 231 957 918 328 194 784 783 424 699 898 645 585 741 636 540 576 268 230 761 129 770 534 267 860 895 479 897 126 350 982 220 377 475 531 609 888 622 761 1 133 584 689 624 880 860 221 105 687 748 286 22 152 399 681 182 530 577 945 555 498 687 556 812 888 334 9 434 139 553 564 13 306 969 972 855 335 983 637 754 247 688 201 177 221 233 499 604 898 112 923 24 270 225 145 621 319 516 6 216 575 500 772 525 943 71 561 139 887 313 133 468 533 546 441 975 685 355 900 287 817 381 366 777 763 713 409 511 560 935 551 258 477 266 97 74 930 141 509 883 297 215 331 803 894 139 975 245 68 69 440 1000 728 110 34 49 41 713 995 752 323 468 79 584 658 371 479 360 842 654 738 90 120 767 74 324 248 359 41 798 212 461 402 965 869 260 991 678 497 675 195 706 287 998 897 625 500 320 547
424 185 161 723 265 737 899 812 537 128 766 309 207 112 434 440 251 549 914 271 685 238 194 838 552 628 54 830 382 70 384 2 792 509 938 123 773 773 421 919 362 951 947 717 760 769 536 785 1000 367 298 443 295 979 368 731 46 85 186 37 873 925 224 525 750 470 887 471 94 942 821 101 666 793 859 209 531 358 718 367 326 45 86 725 850 53 335 599 319 109 884 713 447 719 242 489 867 333 353 861 516 622 937 675 293 200 316 352 544 733 897 59 472 283 121 170 254 390 473 941 985 327 996 120 544 283 853 863 304 490 933 906 432 49 748 990 517 271 898 472 993 581 168 817 108 950 55 951 511 539 356 534 682 472 199 611 213 515 958 98 895 824 397 753 500 400 706 819 658 72 766 246 504 351 945 385 967 190 181 273 855 788 577 707 305 650 552 570 957 993 944 682 579 873 674 694 156 930 386 735 806 122 547 841 184 740 717 674 522 562 199 282 238 943 513 68 737 687 122 629 550 512 876 15 417 773 831 628 152 138 421 946 758 641 826 182 96 996 691 666 97 12 163 737 104 498 208 592 791 193 217 436 902 846 955 82 687 804 914 902 952 140 498 564 432 795
479 943 215 882 822 110 387 594 128 437 881 484 982 311 795 443 75 901 3 475 698 667 515 237 379 355 322 460 581 583 14 279 859 396 920 708 428 914 184 272 173 983 748 371 685 759 970 734 181 350 733 424 534 691 614 468 277 662 529 389 758 867 876 240 385 963 366 711 47 875 303 143 316 382 30 809 613 766 227 370 674 937 25 233 447 312 588 519 925 297 936 899 133 744 737 459 550 56 576 641 578 231 345 54 647 943 621 284 203 160 775 673 519 682 388 851 442 487 297 151 272 784 815 91 589 833 773 943 484 429 735 327 362 432 436 910 697 471 25 687 781 808 219 761 139 32 503 837 346 73 902 20 577 696 203 118 693 61 963 779 742 127 744 871 992 34 13 55 181 321 605 659 325 805 982 156 394 909 868 191 832 10 234 89 870 623 987 139 479 736 440 369 154 323 662 331 18 108 330 998 170 11 7 904 405 114 976 206 114 123 442 555 391 767 559 29 95 608 610 862 578 140 29 496 836 4 642 301 864 380 363 926 602 480 28 110 715 447 788 283 106 470 33 610 69 794 245 415 189 257 303 798 304 126 871 852 375 964 958 697 693 80 585 608 18 426
369 454 807 653 518 959 176 221 342 300 799 109 765 610 385 679 147 723 964 274 347 206 157 822 429 949 770 138 425 733 838 492 244 150 811 817 447 364 11 498 838 179 379 353 149 698 196 632 445 387 161 353 879 195 10 649 169 703 316 680 805 37 642 211 326 593 568 373 145 882 208 346 192 558 627 77 713 484 896 784 735 702 610 165 992 370 789 172 126 288 499 76 208 383 809 716 395 462 166 128 912 787 198 36 303 129 388 826 703 876 454 199 159 446 640 21 77 373 831 754 223 485 397 805 306 447 985 512 839 394 334 366 612 67 7 509 189 109 234 363 335 69 442 988 753 262 852 225 240 560 587 11 335 949 610 859 929 347 154 432 141 936 255 93 363 671 341 299 582 805 159 372 872 142 304 467 892 700 427 719 139 408 527 74 694 493 72 494 436 642 132 998 623 700 900 222 282 735 668 291 573 350 449 728 438 88 693 193 148 744 701 725 554 321 723 666 451 462 512 689 505 944 781 506 787 389 790 979 486 828 879 524 799 54 18 41 694 766 636 276 847 174 735 212 605 9 371 250 106 25 70 230 684 147 853 707 319 211 783 140 524 497 524 303 67 542
289 783 43 534 832 848 280 632 218 738 780 685 93 929 487 513 41 563 203 122 729 585 294 523 237 980 725 706 199 342 840 744 460 688 747 240 206 672 768 183 764 719 506 404 899 19 48 201 20 865 198 369 24 974 542 128 121 913 711 653 128 372 549 811 679 753 757 590 439 582 98 250 961 140 350 429 972 978 40 554 856 433 902 552 318 346 620 915 615 107 559 705 5 837 647 410 936 47 936 840 678 944 894 273 150 597 456 564 46 940 519 631 694 148 404 914 825 749 135 123 443 249 3 901 148 536 411 181 336 99 583 167 597 965 395 370 126 14 18 633 789 866 309 213 53 466 407 827 133 627 404 791 646 373 113 927 851 262 38 183 185 452 927 462 981 707 669 977 236 284 578 589 361 329 943 770 266 313 503 204 658 338 932 77 424 470 281 990 467 663 404 645 856 955 447 883 862 142 292 13 642 680 95 723 413 474 859 241 667 777 807 266 2 64 42 205 480 4 349 973 347 359 139 288 625 330 404 752 395 484 538 763 147 35 720 449 983 927 463 702 648 87 671 33 917 367 827 372 483 991 612 401 690 853 347 798 850 760 797 11 750 443 604 807 55 110
519 61 313 70 827 761 31 532 356 463 431 149 690 908 596 88 449 886 918 490 291 855 525 889 935 862 625 24 495 191 753 999 878 944 132 829 569 710 265 36 99 449 843 129 468 732 118 43 953 367 734 540 125 659 54 381 300 760 825 622 282 570 605 246 728 849 28 206 706 731 244 476 46 401 854 488 185 113 359 748 987 312 190 845 962 267 402 412 792 190 363 687 398 148 243 1000 785 984 465 66 398 942 771 631 795 77 960 130 39 1 889 495 893 786 62 223 357 292 911 340 836 17 736 390 566 811 776 790 1000 639 919 669 204 809 120 881 588 669 948 549 842 376 737 469 667 948 663 502 875 390 375 76 719 663 391 113 811 948 722 446 150 960 995 375 311 235 796 969 914 9 244 344 915 15 441 62 326 75 633 963 499 414 937 448 840 627 801 673 623 496 512 147 792 529 510 815 922 32 59 150 124 404 747 527 98 666 671 798 889 96 622 476 729 421 946 82 299 585 553 551 429 890 661 997 706 940 888 423 674 623 569 973 963 340 439 382 953 420 480 948 724 290 966 402 780 991 626 540 173 451 398 754 140 740 368 459 474 284 582 996 597 326 859 981 309 339
939 575 847 291 864 253 850 441 532 802 682 505 531 231 714 378 196 542 424 640 662 795 802 697 486 302 152 310 768 865 301 184 705 288 455 291 448 908 770 201 974 649 848 638 124 242 460 728 998 710 98 378 91 208 272 884 995 14 739 236 170 544 807 889 276 748 75 39 64 571 468 890 609 344 474 61 346 373 546 221 287 928 63 113 175 518 864 555 467 876 215 182 286 832 183 103 323 990 399 699 838 506 940 987 540 520 66 511 118 33 482 814 690 783 785 611 471 183 929 999 795 437 838 961 600 934 195 210 333 316 620 607 651 985 281 315 299 850 796 307 37 523 600 663 216 88 592 10 918 507 520 577 693 240 107 685 857 632 88 828 768 237 149 945 47 535 924 498 440 73 994 972 634 321 344 465 589 220 778 369 499 32 710 416 772 439 59 591 349 430 83 924 797 965 823 735 365 569 278 318 137 11 338 243 812 939 124 558 845 858 120 263 709 331 952 921 247 64 260 747 563 176 1 729 690 542 105 550 116 980 934 893 383 323 706 219 364 224 932 441 649 953 966 343 592 311 466 446 661 297 13 861 950 454 921 838 74 318 286 193 695 900 311 390 311 949
639 228 152 706 902 404 889 435 492 706 859 912 368 367 102 815 358 298 795 816 305 231 784 15 80 45 190 542 775 724 698 268 586 783 979 205 302 36 808 674 965 722 692 888 964 341 737 447 551 69 213 589 904 759 304 251 333 143 117 848 538 862 495 209 502 858 367 165 235 555 474 427 667 221 555 839 309 623 400 122 575 509 549 698 843 647 856 620 728 407 675 425 803 327 488 753 592 83 669 924 525 738 165 982 618 109 262 530 504 831 802 935 874 388 160 218 728 882 238 564 402 398 249 49 844 902 170 117 943 444 64 676 21 974 821 924 730 260 436 655 542 805 931 775 273 584 903 898 547 533 590 75 180 697 957 686 1000 36 166 642 6 975 40 464 936 921 836 337 436 205 652 733 560 929 794 602 469 510 125 217 364 62 131 737 900 789 462 734 243 739 57 71 814 597 691 249 665 770 505 623 933 657 187 905 143 804 169 743 708 85 791 529 909 617 982 427 902 571 836 615 51 425 229 886 283 525 608 374 416 492 998 660 302 215 338 666 546 949 291 902 295 964 564 42 740 745 56 70 159 218 632 461 273 603 508 898 371 767 858 788 371 764 163 801 529 524
423 143 895 683 912 450 214 332 347 576 139 348 704 132 376 698 9 319 541 878 211 46 42 139 229 183 135 545 153 118 945 335 502 395 608 874 158 599 892 28 750 344 43 578 624 223 492 887 582 625 61 258 33 577 245 929 694 24 285 258 767 453 665 940 145 122 860 104 264 660 218 424 8 792 104 893 314 835 380 478 496 514 110 260 481 74 675 944 704 133 389 62 593 277 617 564 833 797 316 120 566 907 506 404 887 740 506 308 258 405 764 510 547 475 504 242 171 928 732 683 482 796 540 286 720 295 608 219 701 588 908 847 635 594 511 210 341 772 695 464 906 845 964 394 657 852 161 457 973 945 470 737 419 705 890 646 893 512 946 509 209 965 757 641 491 293 940 84 878 261 178 678 721 229 347 751 319 861 659 838 146 179 571 355 700 467 495 439 632 168 65 642 972 896 257 301 182 371 527 864 556 526 26 734 221 33 293 50 879 771 676 309 741 916 796 70 109 930 620 439 616 605 484 660 703 231 111 687 814 847 960 254 201 444 701 684 141 218 663 340 420 843 450 848 828 522 1 724 283 29 99 437 807 244 510 302 941 392 320 456 753 832 842 658 814 748
546 41 994 218 12 441 940 598 212 90 308 198 420 673 963 922 564 951 109 978 231 593 613 120 413 943 582 469 920 982 995 105 920 402 97 539 747 124 848 441 102 310 506 753 901 835 304 107 361 856 435 709 939 385 451 335 89 401 122 448 182 869 522 484 770 675 485 563 780 148 267 249 61 131 159 235 893 524 175 976 339 247 660 691 629 567 205 261 236 651 131 45 500 702 856 489 72 915 347 206 352 579 309 854 746 243 469 231 992 782 824 380 147 72 419 677 176 412 558 563 68 330 520 636 436 835 828 459 46 922 243 63 4 86 714 360 562 768 216 667 411 893 100 670 604 718 711 272 377 228 797 807 307 528 715 518 144 750 64 438 405 204 300 986 261 78 136 481 925 272 861 279 943 746 975 946 977 291 137 557 928 689 405 417 32 555 749 820 240 492 197 851 127 313 378 464 449 793 373 188 99 529 469 761 231 50 996 278 611 645 849 269 380 217 680 261 147 251 647 888 629 391 974 421 28 207 365 963 831 657 236 38 667 63 319 38 770 465 190 540 320 342 529 760 947 668 965 944 408 995 194 210 155 822 670 92 328 993 390 549 695 641 689 571 704 777
977 735 115 82 836 247 178 255 759 913 354 157 214 669 39 436 25 691 680 988 313 31 535 668 10 630 408 980 830 851 249 148 274 564 391 620 272 402 9 27 351 600 218 915 4 771 716 852 663 65 901 848 437 252 131 759 863 569 549 464 437 853 345 140 594 319 327 5 505 808 586 693 793 378 696 312 31 827 697 914 584 933 696 643 856 710 542 292 990 603 646 456 774 717 344 748 250 399 26 368 652 873 138 702 820 15 124 292 501 326 73 938 643 499 99 326 893 542 130 992 853 771 48 23 143 833 387 410 869 753 88 970 91 993 117 364 486 139 942 196 762 943 725 300 410 916 303 863 706 385 813 195 829 965 994 305 508 843 79 802 641 765 415 686 474 298 542 684 628 426 415 922 249 580 427 397 488 859 782 874 472 624 981 303 717 155 693 564 115 505 136 334 965 716 160 681 908 847 462 593 637 698 409 918 339 211 123 829 854 948 689 61 36 484 425 840 941 733 113 781 265 516 618 881 601 956 285 346 660 393 753 651 673 298 443 238 284 112 300 907 466 947 596 565 388 951 829 243 684 897 321 887 72 468 814 708 235 983 18 312 158 175 3 116 859 558
431 946 110 516 349 641 856 378 957 852 771 705 462 659 738 390 5 564 998 350 206 396 886 597 702 940 24 16 487 604 231 154 468 427 341 998 98 212 591 915 138 125 419 974 314 500 873 141 118 387 835 303 990 869 895 408 235 895 879 779 887 118 982 885 848 782 246 956 90 110 594 405 732 818 987 465 133 642 661 424 808 229 812 931 663 655 547 651 22 668 258 151 722 375 7 740 611 137 919 498 484 286 448 28 113 100 351 498 320 406 961 485 663 417 459 631 676 475 183 576 292 521 162 789 872 240 525 261 471 651 617 635 454 386 554 232 378 860 435 341 97 733 191 501 253 524 492 857 25 189 573 70 150 484 456 754 209 752 164 201 834 647 343 586 969 190 21 693 102 525 482 690 602 265 100 863 398 623 804 666 731 224 880 683 147 521 995 821 43 140 274 805 217 402 480 924 751 200 507 518 539 727 367 89 668 692 436 404 32 121 71 90 925 64 378 226 232 652 675 88 120 250 259 924 635 364 325 124 788 578 76 619 724 83 333 23 453 397 21 52 325 3 152 46 911 627 635 517 337 710 640 734 432 709 971 18 513 349 149 659 295 677 499 948 715 740
621 46 595 623 420 636 751 852 483 639 976 2 540 278 372 187 720 828 369 619 12 725 165 664 400 633 576 671 100 374 426 819 626 485 487 565 269 620 511 119 614 351 954 794 51 381 310 710 196 211 459 515 355 491 637 707 25 878 635 635 543 55 28 948 788 556 24 548 60 406 950 981 72 686 243 990 131 91 810 376 426 4 352 343 1000 314 880 668 731 348 823 898 743 821 578 296 443 457 613 20 978 362 60 62 931 651 95 736 871 881 298 132 636 57 627 834 21 748 963 106 522 953 790 623 718 306 212 328 601 708 442 449 996 580 859 970 360 119 604 13 907 338 301 499 134 898 258 997 12 895 660 301 78 154 273 807 65 471 818 679 209 633 189 881 728 41 763 336 978 603 135 50 202 890 345 427 971 992 826 724 52 211 232 935 479 773 922 955 590 90 123 154 973 998 710 451 658 711 623 233 716 957 737 53 794 129 417 674 344 436 410 83 382 423 30 533 222 219 9 942 232 38 614 368 261 860 564 2 612 121 566 69 234 728 466 676 403 291 510 414 912 5 22 645 781 527 595 101 17 772 274 65 471 813 986 638 487 846 248 210 354 345 452 675 396 527
690 461 90 183 897 661 517 132 417 76 502 840 640 839 136 196 246 50 214 895 52 549 461 413 472 514 233 327 371 651 252 822 990 931 491 820 32 708 279 379 667 970 727 731 234 792 909 491 449 682 845 198 159 683 182 81 494 872 356 702 191 920 618 996 954 151 602 143 895 195 707 416 856 565 329 578 810 125 612 70 657 479 982 445 664 276 39 828 231 283 383 747 227 922 825 700 302 247 650 133 319 75 286 762 815 992 335 362 414 420 486 240 227 914 983 998 991 255 727 617 128 500 280 104 389 712 13 914 41 893 831 518 139 98 122 30 848 253 286 370 739 834 874 832 571 8 221 718 232 157 151 498 871 931 14 603 663 87 328 161 693 996 743 347 166 333 546 160 760 643 76 208 264 750 764 841 742 126 495 570 689 788 511 981 939 118 433 415 894 758 861 433 920 486 277 289 398 355 896 794 453 873 512 284 355 233 879 944 849 307 979 7 862 86 680 112 937 585 701 715 45 621 865 364 328 519 249 902 530 345 86 856 829 718 241 849 11 929 472 262 270 700 856 983 661 708 563 136 856 443 461 658 647 762 205 950 66 822 681 459 21 106 33 818 57 232
68 607 690 406 490 774 389 114 856 845 335 785 866 589 214 583 297 877 680 163 551 331 729 127 267 232 529 704 614 184 309 972 934 410 684 369 797 614 829 646 473 998 866 103 671 109 479 800 707 217 474 974 855 320 123 582 868 262 762 367 404 1000 784 484 271 959 312 215 387 35 798 359 380 728 393 426 934 844 918 157 833 859 496 773 557 321 1000 365 411 731 342 376 425 199 463 80 544 297 453 642 562 685 845 140 55 840 190 390 701 152 542 18 729 663 162 937 795 663 938 932 395 320 950 518 507 632 670 912 544 693 725 592 638 611 555 287 431 190 564 904 153 197 90 740 827 208 439 973 128 561 774 706 98 692 937 843 317 749 924 770 805 623 58 388 95 113 113 219 887 425 631 591 135 663 243 656 589 973 572 586 668 984 698 293 22 829 716 692 690 844 312 314 866 769 974 723 729 82 724 8 364 46 532 95 86 225 158 319 948 626 423 759 399 924 384 18 654 574 795 156 542 868 911 811 471 797 554 186 848 877 931 676 193 504 213 795 168 573 530 820 447 63 112 89 315 822 356 788 712 165 708 877 430 320 2 604 407 472 367 374 394 731 983 545 330 772
8 141 937 352 926 542 957 608 220 586 695 3 552 993 393 672 689 45 248 585 659 949 405 323 134 257 849 95 842 241 175 841 172 188 1 177 14 100 801 206 251 192 755 527 938 741 608 91 583 645 3 118 164 757 933 497 411 573 689 336 756 105 406 218 517 878 319 64 984 575 279 103 995 281 569 472 600 534 871 731 982 58 197 320 972 294 981 954 178 95 498 505 427 1 454 922 467 748 114 338 544 877 959 761 836 655 829 510 968 122 607 984 925 943 834 263 180 627 975 206 238 439 673 557 486 395 110 632 857 942 183 822 143 53 593 520 512 353 395 274 864 43 904 810 9 829 331 633 759 238 903 614 788 741 667 104 721 350 954 592 353 5 425 862 974 181 397 853 766 658 470 201 357 975 918 21 184 563 74 943 569 742 994 523 985 99 818 480 678 210 194 69 819 421 725 632 766 879 473 346 44 952 750 933 627 235 595 616 535 621 53 937 338 11 749 345 298 812 441 148 609 876 331 706 759 726 865 345 965 106 428 90 339 437 155 771 116 600 3 672 728 484 429 251 123 74 526 229 657 766 548 518 386 306 725 430 790 517 152 55 338 684 763 396 745 55
587 137 545 937 841 564 306 774 837 165 237 462 355 207 247 149 485 504 788 500 784 289 468 451 375 909 784 717 513 401 332 53 524 409 967 725 599 906 891 610 469 774 264 743 513 445 976 163 477 337 790 183 244 626 634 57 736 432 890 736 82 881 879 515 833 841 475 725 376 675 225 283 573 247 173 860 334 748 738 452 579 991 163 937 617 965 564 277 24 146 973 884 858 356 114 60 917 473 21 738 314 991 489 193 826 543 533 431 637 945 60 4 832 612 906 804 272 247 474 656 175 176 404 689 861 597 382 427 44 684 756 35 645 898 521 137 38 569 705 504 375 305 166 83 771 239 875 886 496 920 404 761 979 273 549 542 184 822 27 862 287 229 93 611 402 322 653 504 770 220 994 433 548 725 145 340 896 961 97 474 861 879 770 589 551 376 954 99 108 10 292 430 54 393 22 821 373 63 939 534 383 661 55 350 234 751 268 817 754 786 158 362 45 21 737 801 449 531 543 791 722 421 999 954 914 922 435 54 637 421 867 517 879 247 89 351 54 586 23 853 710 681 235 719 962 796 705 221 488 817 564 258 182 584 458 943 752 955 214 586 39 299 345 489 573 769
306 338 754 286 684 258 261 533 533 731 552 664 173 36 786 995 891 671 99 305 512 273 817 841 253 135 125 258 201 640 82 24 929 624 167 391 129 539 190 67 988 20 41 185 965 388 256 526 778 1 795 652 94 898 174 55 302 438 378 272 862 665 643 393 685 59 53 420 752 581 803 600 931 754 971 465 561 48 825 54 880 135 48 105 93 378 176 859 568 2 395 986 275 182 54 33 561 453 897 194 472 411 822 551 568 248 822 887 452 32 744 70 488 958 362 459 53 204 175 557 919 995 962 38 959 878 222 720 620 351 571 80 329 8 266 278 802 785 352 580 88 397 606 236 379 990 359 682 883 466 487 340 658 846 388 541 157 236 30 564 66 701 664 357 576 917 563 81 386 102 960 937 230 833 759 529 108 413 109 79 942 847 103 972 757 908 854 395 784 176 213 223 3 331 69 930 243 725 606 348 492 205 741 756 969 85 929 250 140 631 294 941 481 525 71 954 884 803 963 613 637 313 128 283 244 812 47 514 536 17 443 130 864 165 357 440 372 620 163 206 399 974 40 260 198 703 321 999 4 163 962 94 725 641 835 801 957 416 670 539 320 176 572 544 767 60
966 289 380 924 850 545 786 856 405 368 821 257 93 172 678 286 473 860 574 525 86 330 183 184 413 933 342 17 547 207 976 83 356 595 228 737 39 79 1000 166 92 79 65 609 999 572 324 444 679 121 514 196 168 510 13 519 607 132 430 102 910 369 837 676 427 608 191 787 689 68 217 569 173 189 332 187 953 923 86 624 859 934 492 596 391 960 589 74 420 470 700 638 395 957 482 690 825 871 407 386 247 689 470 428 415 635 561 151 458 286 596 967 223 1000 367 201 332 388 444 660 370 581 52 320 610 939 130 302 898 962 696 592 274 767 62 635 829 361 778 535 818 358 704 203 455 786 43 714 837 970 655 741 392 909 343 946 80 521 718 539 489 650 803 796 56 629 542 449 493 154 206 10 857 629 183 193 327 501 477 455 201 479 987 719 332 185 466 91 968 892 479 415 407 15 798 197 938 120 61 484 764 9 157 952 877 96 503 458 390 53 138 40 112 706 715 41 273 891 363 218 464 876 831 366 605 101 707 159 573 529 663 791 806 826 390 700 476 683 299 480 836 31 294 382 724 767 64 291 355 77 30 176 198 696 690 681 652 251 991 400 638 172 147 453 904 611
84 874 557 946 357 388 517 217 673 278 160 946 335 624 61 990 668 27 273 548 365 267 532 850 968 647 206 837 857 565 152 967 163 477 992 176 510 803 411 256 244 713 678 11 109 724 629 979 383 108 707 802 828 363 492 130 648 922 427 842 422 814 725 994 664 953 497 629 341 457 971 519 152 304 443 743 464 457 910 582 161 190 854 687 726 839 105 903 533 684 198 227 529 994 671 418 675 206 112 580 436 111 26 886 822 120 599 220 329 812 815 922 637 901 854 649 600 813 98 169 517 269 808 950 935 852 135 979 831 353 135 614 633 814 543 765 775 842 468 110 402 405 748 311 847 787 655 529 729 193 207 128 538 927 156 944 717 142 23 706 640 387 166 978 39 949 36 477 353 437 234 783 569 284 975 221 216 627 591 855 648 370 363 703 714 935 98 497 209 465 443 991 126 355 849 336 375 338 218 296 808 657 345 539 968 572 540 577 981 95 235 144 933 868 452 804 868 164 560 786 601 608 46 951 605 230 585 231 509 415 255 730 419 965 800 527 152 339 787 846 783 821 4 648 836 519 328 873 958 904 241 329 21 710 568 4 81 748 144 70 983 87 496 957 931 264
928 368 151 885 505 645 880 564 446 125 513 719 290 181 14 274 391 570 666 950 293 583 930 91 658 56 24 842 27 24 272 286 426 392 788 405 967 48 252 118 999 395 945 704 595 80 196 810 603 103 396 701 804 905 978 787 926 348 823 512 585 150 40 790 731 306 21 332 788 816 931 762 823 904 411 247 720 868 627 943 717 305 574 851 855 661 401 916 567 770 85 313 590 108 471 278 731 32 591 160 325 256 902 12 988 303 595 838 305 867 293 646 546 255 470 885 552 198 655 573 340 816 119 219 649 9 264 359 336 87 837 889 618 378 408 873 622 151 955 650 949 968 341 687 143 888 334 379 75 318 774 893 666 57 318 718 598 74 912 258 991 761 288 463 926 875 275 716 266 843 480 577 397 983 918 597 941 220 47 810 926 877 807 309 742 201 365 167 60 758 542 891 739 659 554 926 291 315 960 950 249 151 491 525 621 831 236 575 415 542 998 750 351 496 750 672 888 143 430 138 122 447 894 466 662 927 928 568 681 983 266 907 384 704 352 190 433 569 219 612 405 496 731 82 754 343 693 447 379 731 776 247 844 394 266 708 333 812 941 416 546 869 604 832 696 732
478 268 539 665 189 373 400 665 592 740 114 741 362 892 694 988 432 403 514 868 488 433 721 235 200 756 491 298 925 280 388 521 123 387 237 880 827 836 367 324 255 195 978 659 253 412 317 675 409 550 945 641 143 273 351 618 654 362 856 471 883 911 972 997 336 745 374 197 283 317 992 540 316 449 29 162 388 949 852 244 5 766 494 521 286 628 209 137 435 425 584 79 999 539 388 352 36 685 648 534 787 790 389 713 877 126 293 756 385 132 419 338 386 282 861 645 644 947 594 247 886 913 988 389 317 320 358 316 93 432 323 569 10 206 645 864 319 456 369 209 839 408 625 268 256 950 464 662 156 564 983 187 570 794 208 734 844 398 922 352 175 806 675 538 327 70 458 169 855 477 923 705 79 447 414 350 311 23 582 550 356 758 572 120 223 699 703 224 571 434 328 927 706 923 945 203 997 918 622 815 169 339 216 529 219 357 45 861 126 595 663 444 962 103 90 996 219 718 445 485 84 653 579 320 986 931 164 608 704 790 149 742 730 169 2 742 79 814 870 575 330 571 14 676 545 586 76 133 84 719 74 636 226 660 329 33 779 426 541 659 579 748 862 639 890 799
330 808 87 987 382 484 115 796 3 49 321 816 768 663 575 553 759 757 945 997 572 959 809 475 893 174 597 205 643 740 652 502 74 883 858 889 933 567 962 95 369 3 479 147 743 749 681 881 528 476 13 281 760 291 66 425 274 113 949 882 825 522 328 512 811 762 274 41 299 936 713 994 436 336 165 921 291 964 263 686 487 446 788 281 929 299 94 490 920 830 886 771 81 361 422 584 631 336 715 586 557 512 504 983 258 1000 355 669 929 754 218 974 858 237 116 769 833 701 19 196 901 177 420 552 570 448 61 460 256 948 595 173 855 805 404 79 241 564 235 272 249 53 908 156 876 788 186 432 937 40 448 178 825 430 495 824 624 981 540 124 291 802 314 119 684 756 679 440 406 487 20 803 169 958 163 865 692 949 963 341 597 64 191 894 976 183 987 471 181 805 816 837 277 454 8 81 945 567 91 284 144 211 400 808 72 717 810 381 252 661 818 513 653 11 137 764 48 275 892 147 519 627 349 643 343 987 899 572 629 303 160 190 137 336 429 542 307 899 333 917 327 557 714 808 749 789 359 468 880 491 995 787 714 594 387 647 729 160 867 407 879 343 255 31 635 814
774 596 116 744 742 228 442 305 425 245 4 892 285 103 634 369 533 157 531 962 314 483 783 645 265 638 38 99 568 66 308 431 968 239 355 857 516 397 738 336 640 440 710 414 994 801 400 397 304 304 113 215 627 572 771 23 126 851 502 664 305 475 812 670 218 457 775 946 271 796 484 283 78 847 225 672 236 847 535 197 373 642 412 691 655 842 265 840 704 42 16 590 157 411 954 98 490 350 891 380 592 960 183 979 327 662 436 150 874 539 384 753 121 452 172 643 213 254 874 5 662 921 283 302 776 143 97 151 775 248 83 158 425 353 390 313 233 485 596 801 658 693 570 676 918 767 80 884 210 751 662 840 207 678 148 41 568 517 425 877 991 770 254 415 679 329 688 152 500 67 548 348 164 415 134 958 923 417 739 43 673 822 555 253 205 361 308 654 62 888 998 312 155 87 42 471 581 503 583 591 739 774 541 293 828 28 356 199 770 286 701 64 906 65 53 517 206 218 43 883 318 312 366 820 938 671 222 767 903 137 30 865 851 502 352 983 833 827 862 773 528 506 694 322 220 334 636 580 434 619 143 45 548 470 198 483 72 871 741 13 884 97 1000 512 715 215
111 346 796 416 336 848 893 151 719 926 173 976 961 523 23 35 62 193 568 533 963 77 105 602 156 775 373 745 611 715 482 659 329 281 375 326 270 985 694 907 397 181 992 411 956 662 639 531 904 406 660 57 631 116 769 691 623 994 537 970 117 907 973 163 43 739 944 483 866 85 210 994 596 745 515 98 112 610 696 456 986 213 495 640 360 822 514 317 986 35 728 116 144 85 531 251 550 892 189 145 53 933 660 115 812 245 736 595 399 299 962 173 961 561 352 149 706 976 410 222 975 717 897 585 902 95 129 567 63 523 316 505 555 799 71 689 192 692 257 21 881 152 218 189 464 624 122 202 83 732 365 760 218 582 705 674 338 186 642 902 393 744 13 425 656 562 828 840 491 435 749 84 555 530 921 32 141 908 492 297 31 66 820 600 166 189 302 915 785 985 401 470 354 969 176 218 670 227 753 800 119 675 158 520 310 623 314 720 74 574 645 873 318 677 123 727 96 722 569 433 552 327 686 869 844 315 407 770 463 550 990 262 504 113 45 996 240 140 720 586 241 346 56 129 337 788 617 763 558 35 951 354 556 421 942 490 481 375 994 280 347 912 62 740 535 117
185 188 782 260 911 762 80 47 201 97 187 761 772 132 928 609 101 347 151 874 306 889 269 885 238 391 544 633 643 420 718 203 374 702 983 515 685 387 162 580 104 853 149 813 93 977 324 603 663 896 33 351 520 690 717 908 382 817 237 370 724 342 928 298 860 186 458 661 455 549 510 386 835 162 505 293 260 50 998 483 911 567 784 55 316 746 164 575 172 559 207 183 27 377 280 971 650 342 764 509 689 535 343 479 313 850 329 320 532 938 834 412 802 717 441 586 584 25 351 90 987 392 417 237 312 906 809 961 612 690 554 945 201 371 320 943 309 233 628 507 951 546 225 582 434 649 909 170 32 530 628 950 295 709 593 908 402 431 958 870 797 114 832 388 776 542 447 982 445 241 492 150 526 626 524 478 149 841 83 439 561 496 300 852 142 590 501 754 760 143 432 986 315 749 331 655 308 447 468 788 401 440 548 638 547 841 65 807 919 462 622 669 216 609 510 392 364 824 554 630 363 399 136 181 632 805 955 693 76 477 534 836 104 22 17 928 688 843 995 11 787 676 396 35 265 841 265 613 952 789 931 191 730 614 610 839 899 284 872 389 714 879 964 599 789 937
892 320 758 14 142 111 14 196 27 584 198 495 134 66 166 132 574 414 751 143 992 626 195 202 431 362 695 805 241 215 484 365 164 305 685 897 263 919 598 602 612 748 260 818 299 534 195 82 898 79 105 129 823 677 980 715 552 355 179 638 277 786 161 832 335 271 339 366 532 462 114 919 36 108 398 133 441 127 47 123 770 215 86 524 645 200 10 334 890 281 569 466 483 480 90 131 583 649 362 64 269 139 695 127 691 575 314 306 854 767 406 291 342 361 47 554 495 680 461 439 145 321 728 456 339 19 330 562 844 59 251 212 393 862 502 769 383 147 574 831 725 414 592 822 572 691 709 4 611 530 221 573 721 595 754 610 425 830 847 19 627 294 74 422 532 731 300 608 383 201 69 618 644 514 740 443 607 73 940 512 202 635 451 103 409 167 856 793 557 879 201 558 693 191 1 190 266 721 877 850 827 474 281 810 997 573 352 534 585 442 551 199 365 190 723 769 397 36 870 731 308 259 168 389 407 276 265 386 765 175 644 485 197 114 304 612 666 80 973 967 702 178 352 258 889 792 130 217 461 178 568 257 391 724 347 902 123 609 77 493 113 826 477 68 601 722
509 629 550 7 627 678 531 648 649 737 488 720 234 506 705 286 647 231 384 790 322 285 790 936 106 67 505 375 511 735 828 640 477 45 613 298 400 322 384 906 542 178 605 161 363 339 103 32 953 555 209 724 275 401 819 63 757 298 556 645 916 816 896 631 314 65 651 316 756 995 964 338 785 640 247 932 610 201 902 418 899 523 716 642 583 921 766 238 674 745 939 364 150 187 411 7 889 70 420 953 88 650 14 529 868 435 333 780 643 876 377 87 242 797 536 329 211 564 522 78 579 3 717 846 289 132 156 307 907 198 765 408 202 360 115 676 706 629 465 451 836 15 480 135 912 369 201 733 978 725 851 97 607 259 3 832 670 660 645 798 708 977 963 439 785 301 864 134 294 277 323 545 367 472 920 849 168 568 736 241 368 980 184 149 448 726 176 723 359 420 10 259 62 859 501 152 86 207 293 188 939 177 565 237 636 94 658 6 585 327 462 591 849 81 65 943 682 781 44 236 338 329 676 596 513 594 830 437 395 111 728 329 457 582 349 892 83 723 264 678 451 658 468 978 704 259 161 938 282 296 33 516 405 866 986 76 121 407 326 607 458 843 240 845 533 216
252 686 488 239 38 103 361 267 540 702 139 375 25 498 790 810 637 511 741 645 393 605 573 501 946 356 318 772 374 715 203 351 860 351 461 778 830 905 995 472 959 796 236 311 404 561 402 182 73 761 910 830 758 67 727 111 715 99 497 309 476 889 52 411 16 521 468 15 130 327 707 368 770 688 758 50 960 621 613 863 618 617 520 831 181 379 890 525 163 362 265 156 155 167 579 802 244 709 888 213 692 536 422 638 577 591 311 738 855 468 834 899 177 885 786 370 392 217 639 133 717 561 72 593 687 627 212 765 530 425 871 794 905 692 697 953 561 235 802 786 741 977 380 354 410 311 348 101 571 273 474 633 764 63 729 623 868 885 613 392 689 798 469 491 756 976 282 839 957 244 165 95 518 990 1 167 798 393 298 596 907 942 260 965 804 921 403 149 683 903 127 780 182 320 411 212 14 831 358 790 456 574 31 499 887 697 153 438 97 348 505 260 548 837 889 565 939 378 516 1000 983 196 260 738 47 90 857 939 88 775 495 193 897 348 468 580 700 465 545 193 202 628 811 682 850 251 642 739 677 116 92 771 506 259 254 209 37 591 552 669 346 484 572 948 622 780
629 28 260 967 375 367 562 454 117 319 9 81 960 480 11 553 271 582 208 601 445 792 347 922 243 949 866 534 982 811 775 210 148 61 845 528 762 946 798 717 479 80 138 757 114 849 644 532 236 346 666 228 363 96 795 943 340 955 979 605 691 443 837 619 804 678 961 934 302 176 543 780 424 935 769 518 213 783 419 971 518 906 120 65 966 817 669 186 900 253 741 238 183 783 416 814 297 881 950 476 156 784 699 678 644 186 502 859 715 464 654 150 285 590 795 306 614 430 913 415 139 476 814 948 459 926 889 574 841 924 187 63 101 803 622 110 687 477 483 907 53 132 548 698 972 534 334 989 140 867 432 857 375 50 577 936 402 744 806 305 192 146 259 455 334 16 950 529 514 99 751 88 17 363 772 236 972 74 986 854 807 314 476 610 410 35 676 523 978 883 151 587 19 539 230 874 313 960 468 429 858 806 505 21 271 765 700 408 966 951 589 7 767 758 295 1000 917 142 832 333 81 922 725 608 37 339 539 336 679 164 545 165 415 751 634 509 347 909 782 306 38 992 150 466 823 408 567 909 140 888 42 51 652 568 982 636 418 376 527 995 344 913 645 796 185 567
910 53 657 759 1000 43 415 120 729 836 926 939 947 418 417 899 713 95 527 131 319 151 11 136 823 709 2 830 797 455 566 678 638 433 576 852 866 720 376 473 654 326 982 955 908 256 140 972 448 66 579 250 690 238 200 86 161 860 361 866 764 760 508 208 585 25 331 608 377 410 533 393 996 402 53 28 914 303 945 94 703 158 602 693 57 538 271 555 779 630 647 91 337 845 839 771 655 561 411 413 656 96 220 789 178 112 717 83 800 76 369 764 304 757 568 569 110 671 13 962 62 161 952 356 560 499 763 84 821 253 672 106 386 52 338 577 329 413 339 879 575 143 211 200 157 459 121 827 959 603 81 336 909 169 662 933 472 499 96 362 106 912 794 746 558 987 679 609 440 250 683 757 196 204 8 58 847 891 608 675 847 708 523 70 415 19 159 279 16 939 324 566 27 258 321 396 533 762 642 831 254 213 844 736 508 108 557 997 77 121 852 823 482 872 995 319 377 830 330 166 314 538 154 166 631 560 313 752 404 369 494 828 166 38 286 214 844 379 442 847 680 955 957 53 454 110 215 448 574 591 91 95 762 381 677 569 789 300 179 950 259 479 450 118 824 296
353 31 309 261 981 822 491 669 76 929 957 456 454 116 852 465 648 685 231 363 591 286 347 831 397 397 314 330 688 834 784 558 83 612 698 610 495 913 816 527 265 992 353 515 986 477 919 357 347 800 646 882 655 350 766 423 453 940 761 790 511 500 536 692 434 136 73 720 260 196 843 829 691 329 610 715 741 683 44 243 756 589 814 924 933 476 848 393 343 171 618 405 440 656 968 764 59 808 749 928 964 472 904 483 502 712 423 279 161 378 393 167 249 618 389 660 956 380 73 496 103 153 884 729 625 747 731 25 945 640 734 70 623 562 488 887 128 482 853 205 560 892 406 804 326 74 514 691 982 240 951 469 830 67 836 387 52 713 727 504 781 567 783 928 542 955 979 125 22 101 673 462 976 987 104 363 522 739 134 960 886 181 107 597 789 766 51 585 774 55 976 571 405 275 767 790 561 917 271 425 951 946 963 412 655 204 432 564 336 174 325 195 812 151 24 127 49 378 112 541 495 145 788 193 168 602 121 925 786 134 846 14 538 741 653 389 365 922 654 868 789 993 658 502 145 174 130 187 697 469 475 815 518 579 742 286 238 513 20 965 386 138 736 81 545 54
283 862 434 41 62 780 620 394 857 82 499 781 751 689 241 969 689 690 133 329 226 425 645 972 371 403 734 883 227 941 382 420 746 433 735 485 410 400 673 101 656 436 388 913 224 479 724 940 445 300 687 602 601 62 506 445 856 259 370 220 164 697 771 215 768 602 947 34 742 996 285 939 90 201 542 956 738 487 431 159 441 577 967 916 648 409 629 305 695 699 603 50 58 280 799 965 888 140 278 376 873 688 909 195 764 945 947 905 109 946 320 832 871 756 747 230 365 88 963 341 980 83 438 925 591 527 316 281 973 869 400 529 919 848 980 397 215 996 431 640 11 139 409 180 183 470 345 99 421 327 605 921 172 135 571 727 383 725 939 749 912 66 972 884 887 144 661 968 689 400 9 521 724 726 984 542 276 570 993 421 417 242 70 173 826 455 738 731 459 93 843 910 609 148 123 202 427 926 153 179 251 914 634 286 377 169 79 772 481 902 435 137 520 57 721 435 277 55 312 65 481 972 519 340 190 989 513 690 258 571 361 247 572 32 569 885 937 486 581 133 246 967 161 331 843 455 88 432 913 375 399 639 800 672 534 179 703 235 829 190 434 956 550 398 850 481
926 538 844 956 770 362 517 235 996 809 766 673 536 120 623 77 553 781 242 311 852 514 273 475 97 327 128 295 931 317 374 396 304 74 69 24 186 36 77 887 312 406 200 63 728 541 664 717 717 802 952 515 647 337 607 529 527 380 870 534 882 237 207 440 39 179 637 365 936 216 365 807 354 821 989 136 964 259 147 403 661 21 909 840 992 723 572 499 967 241 580 853 910 971 303 993 222 747 146 947 47 423 470 263 733 692 322 710 763 436 794 440 535 761 182 225 926 225 544 11 327 613 215 686 891 97 640 313 65 241 345 716 851 129 878 737 433 193 215 47 642 782 530 726 890 29 860 589 520 744 753 947 175 378 614 814 834 660 156 475 355 113 952 412 625 413 328 29 40 286 766 210 900 760 73 357 298 772 113 804 959 142 989 208 668 155 248 856 472 512 696 884 855 645 961 473 544 499 437 421 812 557 850 198 520 172 818 222 996 335 424 219 337 750 831 449 879 234 67 362 693 396 999 6 600 908 682 501 869 882 46 768 370 705 203 353 240 177 521 228 667 817 319 203 949 573 454 316 337 951 501 649 580 981 945 630 222 163 779 162 882 16 120 764 526 706
326 80 495 326 144 735 155 929 850 774 531 642 35 620 962 686 968 490 455 741 140 60 180 416 16 493 196 132 666 247 245 620 348 783 800 322 748 726 183 143 238 388 119 141 823 75 643 539 821 222 588 500 882 899 649 816 7 497 66 637 166 550 721 820 744 839 903 834 429 486 672 941 805 598 689 743 885 835 284 763 626 76 840 764 419 110 206 761 871 379 903 365 278 348 263 582 98 156 909 305 168 930 27 852 328 117 105 975 669 809 493 67 959 608 447 847 376 485 690 659 678 999 554 751 645 106 758 958 285 468 991 911 267 501 96 518 991 900 467 921 397 573 969 694 879 394 297 624 165 401 379 72 366 30 887 468 494 751 602 880 250 914 810 623 30 421 291 560 457 364 733 665 150 284 397 777 385 500 170 838 618 1 750 922 33 860 901 935 238 321 869 749 975 881 681 906 296 158 219 321 826 14 876 633 487 546 161 719 483 506 310 592 471 491 400 473 24 598 759 107 860 108 88 898 383 504 693 138 662 80 664 532 114 774 649 847 902 107 704 230 204 415 603 477 819 347 829 309 368 296 225 540 1000 180 515 149 570 657 6 410 962 296 778 882 287 853
309 499 499 682 840 157 930 791 229 837 309 961 361 494 212 257 618 609 110 842 27 103 323 679 415 442 70 217 224 881 469 853 867 542 897 282 79 395 43 703 274 503 623 893 913 510 560 738 675 907 94 996 432 508 344 997 323 289 743 722 594 772 574 467 507 105 42 47 169 745 867 731 45 833 665 347 786 952 617 138 520 283 12 583 761 815 519 514 669 84 249 539 975 553 1 724 887 774 999 34 944 944 523 457 506 137 646 484 728 30 826 994 618 573 937 948 572 337 294 137 706 657 175 277 767 118 668 475 918 72 798 67 583 418 311 230 128 410 786 839 39 182 956 646 882 458 703 290 299 953 156 219 93 109 829 912 875 4 122 397 921 134 193 259 304 536 410 414 18 319 695 10 654 966 839 869 183 341 872 110 460 158 489 921 747 905 255 693 849 644 249 806 897 379 106 955 946 163 773 133 416 406 655 715 938 396 878 426 748 489 62 167 714 896 239 669 905 820 361 552 604 379 819 763 839 204 161 763 318 627 604 698 893 712 302 584 76 490 450 533 108 562 573 217 60 157 942 178 336 915 917 642 86 378 81 269 100 593 700 136 946 387 688 843 564 568
34 541 422 115 863 694 993 852 59 952 395 716 63 906 372 431 983 622 24 729 74 619 115 770 902 401 341 851 226 910 773 987 38 598 873 888 740 771 898 75 157 391 405 78 283 811 363 658 520 127 205 287 342 103 574 158 790 976 152 3 897 797 649 881 802 918 94 816 363 703 589 867 845 572 171 202 178 283 126 854 111 619 985 865 62 229 193 375 269 914 651 4 181 869 992 945 77 12 379 474 843 473 710 260 181 689 812 339 822 32 466 994 514 576 661 551 42 228 162 144 29 21 77 101 135 699 587 72 555 414 375 154 494 611 707 181 19 837 914 807 63 59 814 286 78 476 562 304 161 394 519 507 806 721 878 681 341 255 546 988 639 914 523 856 959 530 490 105 158 38 965 389 325 545 654 698 661 835 920 474 620 96 885 619 391 91 609 183 698 344 27 388 956 385 836 476 746 329 141 494 417 377 163 868 267 36 388 380 458 950 296 740 566 683 657 873 827 956 437 145 470 993 830 141 859 705 728 256 726 139 22 611 828 748 914 84 573 380 72 888 296 840 241 641 969 585 701 662 281 4 313 168 663 485 500 52 497 267 281 886 661 108 27 436 966 956
902 153 868 133 91 490 448 759 403 444 867 172 341 628 7 648 107 300 224 240 757 101 470 741 689 911 758 576 206 506 33 900 310 318 280 946 360 878 484 266 389 140 16 96 885 996 567 117 279 100 663 372 139 710 772 731 191 856 644 440 281 585 186 604 202 829 193 31 743 334 475 122 931 396 592 503 57 741 467 633 947 897 245 983 600 507 579 244 602 374 13 8 288 817 199 404 790 802 397 932 223 854 623 849 465 940 565 143 760 663 401 493 142 790 949 667 659 976 89 278 328 496 871 540 353 505 321 922 840 17 153 650 314 75 539 61 579 645 513 658 987 773 806 915 113 873 477 732 368 285 443 898 210 828 9 32 157 241 417 228 502 255 393 61 433 373 792 37 804 628 19 705 703 921 66 237 354 107 685 231 762 934 57 635 620 204 226 406 431 57 274 695 726 447 991 695 784 487 411 766 173 55 681 388 487 183 399 489 96 508 499 652 134 301 3 283 416 473 217 952 179 760 528 753 72 946 820 73 449 796 1000 686 147 155 935 347 964 2 296 442 353 603 976 896 300 624 336 426 886 206 230 933 125 997 570 58 415 894 29 569 16 245 608 896 243 989
667 162 724 250 232 785 261 392 800 495 833 66 555 809 947 261 875 1 996 512 364 728 578 991 562 717 402 126 214 617 231 206 66 771 879 390 607 261 332 464 837 578 589 638 599 333 153 248 559 376 993 59 37 239 734 819 849 858 810 590 696 564 778 173 269 662 788 179 407 442 576 138 15 814 753 555 778 871 244 607 303 41 521 515 91 738 551 781 657 586 411 593 64 489 994 64 632 465 609 927 196 74 354 954 803 215 265 236 714 902 843 482 416 387 929 314 103 974 40 912 711 228 761 537 625 807 469 609 250 8 155 962 574 665 451 734 868 866 740 693 354 519 181 850 465 122 195 747 112 653 474 567 873 505 266 623 162 789 30 834 586 437 490 719 752 707 839 374 304 571 609 613 592 527 349 378 362 551 740 138 300 217 359 758 409 636 434 615 819 817 87 79 977 934 919 238 307 827 693 335 557 591 601 1000 83 788 874 482 500 992 815 518 822 643 109 916 922 238 337 254 579 486 802 80 624 106 446 972 813 502 635 786 330 725 136 668 585 695 64 989 451 17 250 371 369 399 235 868 788 611 687 322 540 236 433 674 594 618 160 287 80 672 972 992 819 911
85 733 43 819 840 244 98 780 292 245 58 490 814 135 335 706 358 44 265 35 228 362 751 704 283 446 339 327 794 957 314 704 448 768 220 298 92 642 430 59 640 164 608 192 738 900 788 7 614 581 716 237 194 37 962 463 281 986 391 670 973 77 146 339 58 249 128 595 659 431 352 470 714 559 698 360 901 380 915 982 629 800 92 271 213 872 472 60 753 729 278 565 427 855 359 588 37 750 157 44 301 942 92 765 591 817 277 406 76 425 633 566 884 167 307 313 612 812 952 220 833 467 505 278 268 547 644 330 27 188 279 592 845 634 488 674 856 113 890 537 933 1000 514 505 634 464 348 857 112 391 813 529 644 896 256 278 343 349 936 442 522 31 705 346 953 704 933 196 714 718 580 1 990 591 488 884 485 109 805 339 141 912 945 294 483 242 816 254 256 863 444 177 129 774 645 113 284 884 783 334 252 575 281 374 865 435 102 329 39 564 173 246 728 973 673 84 640 673 9 409 633 738 642 364 104 962 223 875 423 849 654 924 134 370 792 961 727 844 182 270 58 44 478 160 663 708 225 995 16 833 571 361 826 934 220 481 749 365 468 648 469 970 944 636 364 265
290 140 116 969 848 577 307 174 217 584 935 553 173 61 929 812 178 728 350 611 513 723 277 912 665 177 334 244 804 32 366 947 868 71 230 785 773 265 500 21 766 94 625 827 370 561 273 857 72 856 282 533 169 574 256 806 212 407 376 65 309 848 872 384 1000 807 667 3 330 155 126 81 544 722 504 252 926 93 714 266 729 42 343 627 48 658 370 209 463 143 950 229 214 561 754 827 773 111 693 459 308 384 498 380 753 312 88 916 82 638 971 735 197 334 534 877 213 695 26 778 622 660 620 452 988 222 13 705 826 794 896 495 623 619 856 738 147 110 902 474 429 410 339 546 500 795 188 328 639 68 488 734 830 914 904 281 790 887 440 493 530 302 909 827 872 376 772 25 588 259 116 579 213 678 451 162 750 263 994 773 267 857 854 211 834 550 673 672 583 34 56 657 348 450 803 708 870 154 349 611 333 35 857 967 55 495 744 788 540 592 364 101 93 267 268 43 874 178 679 321 741 310 254 109 989 103 610 19 239 29 287 181 489 903 206 620 72 513 230 198 197 48 140 598 954 551 1000 423 22 793 317 20 111 341 906 430 878 92 299 989 816 177 851 570 867 662
492 995 576 711 492 587 503 822 169 322 417 383 576 749 861 258 708 628 734 540 166 912 402 890 992 900 629 380 95 923 370 509 621 463 832 413 493 896 156 954 306 286 415 407 809 307 266 201 189 312 513 695 751 118 381 968 201 904 36 649 43 175 576 955 944 716 158 174 824 739 884 738 547 416 111 362 775 691 345 891 980 650 222 667 363 564 892 280 390 886 695 663 607 659 150 639 334 300 708 666 5 925 504 332 707 511 960 511 194 783 136 371 787 461 702 296 983 444 927 929 232 519 161 301 503 302 817 949 219 865 430 334 471 616 3 770 286 256 625 282 146 298 896 223 462 330 536 877 307 906 208 850 309 464 530 728 347 129 398 902 823 615 246 834 987 241 486 816 463 840 542 958 496 584 64 81 896 556 21 230 116 274 457 859 533 235 105 624 275 890 273 181 466 850 977 547 113 656 838 714 48 46 905 545 504 418 478 798 357 839 816 478 228 673 922 414 732 608 298 981 896 965 361 959 841 552 754 767 404 760 250 217 401 8 50 704 464 630 817 202 676 199 458 905 392 224 849 669 568 28 193 474 829 432 906 253 362 849 552 745 158 959 411 888 616 25
765 208 305 522 38 878 247 46 341 580 64 368 890 122 485 947 474 879 203 640 684 386 593 736 420 559 161 398 486 238 440 702 238 264 114 694 986 924 648 778 456 916 147 460 602 36 935 661 602 826 480 573 917 6 26 285 281 557 295 945 366 135 531 793 508 315 516 369 385 590 277 568 383 867 345 27 576 135 263 102 138 368 763 466 425 82 262 343 889 45 754 980 362 548 618 518 814 919 25 986 324 108 514 711 12 303 15 306 125 866 731 565 474 614 942 448 998 885 752 447 346 969 14 225 778 704 281 56 927 283 651 145 243 15 494 428 269 294 280 770 617 680 39 534 573 613 288 871 249 348 752 509 41 489 469 2 826 261 996 388 118 217 519 458 58 659 77 391 92 107 904 752 706 884 471 88 104 894 889 507 313 999 315 373 248 494 974 354 67 648 548 88 281 210 891 545 97 951 684 313 795 190 10 470 194 385 897 303 502 169 322 380 445 195 745 594 12 276 943 682 149 584 98 566 774 214 188 299 87 849 338 857 935 785 413 66 300 161 942 874 544 705 236 501 509 902 166 301 7 919 841 902 141 993 456 561 312 702 312 796 969 879 995 942 380 188
354 576 658 580 344 133 186 665 659 12 432 609 553 974 230 737 152 858 708 354 255 565 90 13 2 345 393 148 944 109 306 610 132 785 775 813 658 80 353 633 988 186 402 389 104 231 843 173 599 549 151 685 584 581 138 199 667 912 189 768 937 431 756 99 241 952 189 787 263 853 146 713 855 490 529 181 224 948 766 289 706 887 229 559 475 894 401 568 477 310 25 241 532 387 53 351 990 37 529 876 427 965 374 630 966 517 124 789 870 403 259 696 676 869 621 735 200 309 542 370 787 472 517 438 346 496 733 739 991 70 138 290 27 371 358 325 29 770 416 754 349 799 790 102 386 143 759 528 191 619 358 551 341 302 936 127 337 149 699 350 95 946 570 777 480 625 661 937 490 218 982 522 916 724 758 413 394 461 781 356 628 649 721 891 596 486 60 863 658 691 888 406 798 442 366 637 654 860 508 875 505 232 2 613 551 296 694 87 246 309 318 840 601 620 231 613 346 334 255 524 576 960 36 558 327 853 945 640 666 56 214 801 118 483 864 590 585 791 111 546 137 710 879 638 676 276 979 266 672 219 773 225 242 225 462 942 705 99 939 619 872 805 990 257 543 73
145 106 946 790 645 613 184 349 274 643 446 400 34 790 818 797 475 724 24 510 522 70 692 438 608 723 814 60 792 365 756 777 147 257 757 667 463 259 639 47 173 296 959 749 687 933 661 198 694 726 671 471 500 677 582 789 303 351 95 143 251 717 420 725 57 549 457 829 246 265 9 114 968 41 602 787 992 420 294 766 303 734 259 493 201 514 583 40 520 500 549 83 273 57 364 112 821 7 59 221 506 544 750 911 419 763 203 503 316 502 215 240 250 423 17 192 137 294 413 473 669 284 848 40 644 810 878 323 480 179 389 243 497 24 365 992 404 741 21 121 276 621 370 855 564 396 391 942 727 859 278 748 68 884 616 434 407 564 227 6 772 851 917 737 498 736 110 683 89 340 489 963 568 324 999 276 528 778 122 554 526 814 965 160 462 879 583 446 716 151 422 530 373 860 977 497 85 651 103 717 90 369 192 373 812 11 609 774 548 845 807 424 157 49 288 31 271 125 662 279 971 516 519 647 356 153 515 884 801 839 468 261 331 966 964 444 973 491 952 934 791 447 868 827 371 457 783 827 20 972 150 567 848 649 577 178 302 301 237 939 314 600 749 761 80 123
373 752 964 87 562 840 670 542 599 817 656 553 800 697 937 406 956 99 576 556 563 79 365 18 722 139 403 64 383 517 65 686 551 142 143 539 985 707 291 882 644 902 886 675 651 731 368 185 819 782 563 159 832 955 709 661 339 621 79 436 123 571 19 221 679 815 462 470 774 784 857 481 211 646 424 208 120 768 183 93 813 69 924 576 268 491 228 571 159 432 949 713 298 404 256 694 71 662 191 236 839 129 586 547 301 706 36 697 687 550 716 615 851 693 636 127 639 924 844 912 732 647 547 417 693 75 250 598 849 894 642 249 688 952 140 376 539 930 149 332 598 484 162 220 473 805 519 708 534 425 598 380 896 537 706 521 688 609 215 541 989 205 400 462 682 501 565 756 766 778 631 237 615 709 306 108 38 723 906 231 609 28 418 164 575 829 145 160 786 223 334 951 600 792 429 418 721 280 400 80 257 834 488 716 534 558 953 711 675 376 630 385 778 230 98 317 224 240 885 942 472 612 213 342 445 802 181 669 862 668 506 187 757 509 419 581 213 504 462 463 447 783 397 588 44 475 618 318 107 980 3 24 774 169 174 764 447 126 857 141 919 975 740 846 442 450
538 558 36 897 538 575 716 196 569 499 548 229 913 670 572 71 306 977 300 879 240 753 545 471 988 220 407 69 472 390 594 959 153 603 971 885 744 445 889 200 346 251 310 831 58 725 592 52 653 916 430 885 744 747 303 536 394 207 325 999 220 762 306 317 867 646 48 658 561 232 4 54 866 591 120 179 182 244 191 127 943 509 255 283 957 170 53 381 815 887 451 379 913 768 568 259 296 18 542 943 214 358 738 296 445 539 466 953 782 682 699 903 339 580 272 894 231 505 864 701 840 123 640 638 963 79 954 851 728 212 987 574 571 4 585 192 369 465 857 71 446 347 193 263 884 325 858 36 505 639 527 352 877 573 19 165 381 637 493 879 327 843 555 182 694 202 239 616 533 916 957 226 487 606 562 367 387 509 133 992 826 591 185 35 94 281 950 811 937 657 980 276 919 10 155 255 572 836 664 113 549 339 977 74 516 795 193 692 256 55 226 653 990 55 364 899 654 130 301 263 677 976 982 47 523 692 892 336 978 378 901 135 256 874 958 715 455 640 789 766 381 89 978 824 24 425 612 657 601 442 734 160 839 315 542 184 49 269 58 844 24 746 596 798 794 465
356 634 440 928 664 951 424 457 898 73 630 491 706 137 512 892 915 734 80 640 587 535 47 822 797 991 265 514 894 648 728 972 284 539 687 360 521 471 327 840 586 475 471 39 891 187 298 441 834 754 699 785 100 673 361 256 18 862 886 238 792 242 54 28 842 829 158 302 57 786 451 466 337 294 556 558 859 472 281 73 176 594 931 91 535 847 944 906 524 984 467 628 711 185 905 10 852 181 656 794 434 905 85 250 643 706 45 689 709 332 479 402 425 463 779 439 401 156 675 85 248 860 819 234 967 305 693 502 28 615 6 643 949 555 582 125 537 868 973 286 704 274 690 7 242 101 39 253 783 864 800 898 816 770 623 876 798 527 637 555 331 855 277 126 634 891 14 793 786 18 285 105 788 219 155 754 670 96 436 213 416 329 804 399 628 99 108 488 861 256 164 624 850 874 570 324 426 608 350 684 259 493 282 305 847 286 380 501 703 987 92 950 349 952 975 899 2 298 436 727 821 30 876 431 998 914 141 247 780 193 403 536 307 162 114 863 694 899 30 785 824 326 79 960 223 909 626 35 677 353 768 147 667 595 194 115 814 177 681 318 396 781 19 524 678 268
203 151 487 137 879 880 717 92 733 309 612 225 685 712 932 922 424 921 704 590 877 322 832 157 794 920 590 10 162 767 765 525 7 427 656 946 940 842 141 102 821 307 280 401 958 414 850 185 582 831 836 160 409 260 262 50 72 691 980 716 79 427 253 619 350 226 120 753 783 927 245 751 102 852 184 544 317 589 552 820 157 954 655 594 65 852 979 305 67 929 259 35 523 360 674 624 654 558 396 384 698 875 485 157 871 694 345 192 255 806 70 86 737 842 934 852 354 613 272 863 188 368 285 18 927 414 588 48 930 961 664 697 168 352 837 39 911 900 509 694 189 689 882 694 128 575 751 58 536 788 880 630 485 296 21 756 160 755 162 490 952 552 305 95 393 580 437 809 357 640 105 415 286 598 53 34 739 469 552 900 587 630 768 439 652 704 360 917 515 916 427 603 460 943 628 831 435 336 567 594 987 654 243 521 601 461 201 723 925 377 157 961 340 943 184 881 631 303 359 664 554 10 320 234 173 955 376 783 90 342 117 398 450 365 48 918 844 121 338 266 781 424 134 900 614 863 477 308 675 254 237 641 653 130 643 228 737 845 103 522 175 926 968 742 265 439
146 568 16 976 871 74 43 763 599 685 956 564 267 413 80 503 590 658 321 671 10 523 607 240 249 751 468 637 716 132 289 171 505 399 542 310 973 451 756 886 854 529 148 756 102 959 226 567 60 64 903 614 40 919 186 21 831 506 608 359 783 823 89 599 746 945 52 18 449 875 764 515 772 986 364 316 396 79 928 154 260 110 345 62 923 954 320 257 735 797 2 182 949 465 949 573 850 217 137 769 839 630 629 560 869 231 341 51 159 777 470 444 551 220 135 955 722 557 17 458 386 841 708 654 480 932 963 530 739 952 693 366 265 468 687 747 466 855 138 51 13 767 54 536 269 322 32 735 583 539 229 453 680 766 300 548 679 21 401 946 372 234 542 872 680 878 466 921 295 894 97 954 953 200 921 428 329 340 157 102 145 468 815 49 131 271 468 14 768 241 432 613 920 87 892 931 20 965 139 809 596 56 218 278 72 201 748 808 622 896 400 194 947 993 268 72 401 933 159 595 26 523 14 220 42 139 382 548 79 607 434 805 539 931 426 370 591 911 460 430 435 567 484 91 959 565 523 479 17 526 291 558 472 267 795 850 629 95 125 774 73 772 338 268 885 17
36 885 935 774 204 199 95 846 653 348 484 883 217 487 864 882 91 421 75 311 984 538 714 912 465 955 745 429 914 778 4 255 771 685 547 55 775 761 708 436 846 183 983 959 551 371 241 484 503 592 769 807 501 221 37 587 889 712 846 209 791 739 708 881 243 291 167 86 561 135 162 292 330 441 605 517 113 860 910 620 819 270 644 577 603 495 616 269 645 49 732 638 73 577 793 814 9 629 922 731 732 504 446 817 201 186 77 494 959 954 997 490 612 99 858 843 809 255 431 126 614 605 909 912 51 248 653 13 247 618 24 760 230 629 394 172 110 82 480 140 614 862 492 117 213 953 524 803 360 877 195 908 962 666 584 166 832 343 502 565 121 625 919 767 35 556 793 599 286 286 749 366 463 117 246 206 500 309 492 480 48 451 385 864 71 518 255 818 801 625 371 964 441 371 275 931 496 585 842 962 155 250 562 36 421 553 629 718 726 553 835 869 270 291 570 102 129 858 966 359 278 96 550 75 492 355 102 863 898 731 735 889 365 44 193 543 805 458 712 294 334 514 348 951 19 957 360 899 643 507 809 633 550 195 748 580 346 214 151 556 72 712 238 400 615 121
603 273 308 839 862 320 338 117 346 478 895 526 259 69 214 556 608 747 144 551 373 784 710 597 26 366 643 289 538 788 90 637 919 967 721 252 118 625 912 662 71 26 659 744 156 56 417 793 916 728 934 717 71 215 494 893 103 666 58 206 836 905 114 354 682 976 529 884 10 449 608 117 233 842 77 522 880 281 492 638 303 547 721 316 834 888 121 803 706 758 56 714 280 419 51 878 665 832 274 755 233 456 738 891 722 508 44 458 152 865 219 978 716 286 133 285 777 559 514 588 958 144 520 720 294 105 126 665 473 304 952 413 5 706 335 521 76 379 102 650 466 364 74 904 208 476 769 208 456 528 582 961 587 783 817 17 744 819 109 498 118 385 87 953 336 133 435 750 14 599 130 800 219 720 327 148 351 483 49 900 941 679 672 982 188 600 830 802 377 794 955 835 950 435 655 68 531 428 83 723 184 663 35 291 103 779 229 78 800 94 371 902 254 783 646 646 5 621 568 734 650 362 617 937 935 136 609 440 838 296 105 696 926 636 719 472 336 35 766 28 106 657 642 296 750 614 135 415 303 798 44 837 162 679 274 930 113 705 997 124 319 522 652 964 135 468
81 753 381 402 944 395 104 250 417 770 460 130 248 347 167 364 485 906 493 81 773 295 810 291 767 98 652 432 37 198 877 83 452 410 93 46 355 771 800 528 378 700 303 856 241 282 467 287 851 680 94 540 770 477 649 359 621 823 513 813 796 136 954 959 171 390 917 765 56 803 203 953 247 660 241 1000 639 388 78 506 369 8 219 500 51 666 286 848 760 13 934 142 884 695 874 208 101 129 90 785 741 193 50 765 268 265 746 938 363 914 942 710 353 827 942 6 991 32 427 136 230 198 469 557 69 372 797 280 35 284 248 594 37 256 806 63 427 939 87 778 613 173 530 646 386 63 42 721 70 597 81 464 620 416 568 839 834 504 609 875 207 209 534 444 587 929 853 284 113 540 424 833 376 671 626 204 564 426 337 239 561 644 122 704 169 723 43 778 656 29 658 878 562 513 435 764 11 326 240 62 923 339 87 450 455 532 355 262 112 152 316 607 729 541 630 501 498 355 851 987 462 186 14 101 457 886 865 60 12 226 773 516 171 939 445 958 18 341 720 426 115 865 855 790 403 481 222 583 791 532 871 952 568 403 924 89 414 967 110 180 345 281 99 378 944 338
144 577 558 871 10 674 766 609 793 454 47 332 459 128 790 504 900 757 574 833 97 440 697 187 742 383 562 761 215 662 833 80 582 563 903 630 720 772 712 264 354 790 592 898 2 747 123 617 665 618 673 112 47 610 701 870 301 758 754 47 28 534 780 27 420 682 386 702 826 540 141 404 51 36 795 906 163 940 581 722 608 68 663 612 872 429 139 899 824 556 277 136 214 233 342 318 698 400 791 264 934 712 935 190 714 850 521 265 997 554 94 407 459 817 540 485 783 799 335 322 657 725 781 526 23 335 537 526 430 326 927 373 343 132 328 688 364 450 39 264 138 599 859 946 218 213 165 901 755 214 423 508 201 29 341 90 648 503 365 290 518 26 242 187 923 814 640 25 407 134 978 695 481 211 569 421 241 130 149 540 749 249 582 378 223 691 193 481 198 365 116 274 427 306 442 913 644 588 39 370 123 500 829 305 483 97 424 655 397 353 157 255 420 302 214 561 275 778 779 495 922 465 965 828 4 538 544 222 55 619 913 382 694 541 108 718 709 148 130 303 151 113 699 288 743 148 785 162 264 46 899 402 207 756 15 729 60 582 949 537 728 800 131 650 358 53
130 854 121 208 143 5 46 171 764 959 655 744 134 21 184 883 64 638 6 298 204 634 388 616 878 98 610 54 706 964 846 895 237 888 384 340 82 63 88 854 575 203 521 704 655 932 626 526 301 339 349 201 322 280 593 836 736 90 824 215 536 354 230 376 880 178 788 656 933 396 524 157 221 393 676 627 241 843 723 832 21 470 566 640 218 183 912 171 904 865 643 709 861 108 224 714 999 883 739 685 966 49 475 743 87 691 215 308 967 18 372 445 545 812 500 478 200 344 848 462 460 577 844 577 688 860 954 837 936 861 140 44 113 366 8 168 94 831 135 179 394 789 88 33 734 461 837 728 418 474 376 670 187 226 905 323 270 688 725 379 673 23 335 159 974 250 890 694 980 213 454 441 291 800 883 342 916 108 609 864 437 173 655 481 930 371 953 229 437 282 767 893 306 182 119 687 412 380 25 267 794 888 657 68 164 453 712 152 983 36 33 419 961 152 290 439 924 783 282 704 834 668 355 650 305 481 510 728 536 841 991 981 983 122 245 830 783 871 521 291 477 127 306 329 13 660 680 479 581 655 251 94 86 520 752 625 750 255 429 843 766 469 288 883 166 738
74 946 432 53 180 809 605 915 269 740 539 927 768 768 679 900 152 759 394 511 516 74 658 108 466 815 822 353 323 887 192 501 409 942 88 720 82 280 204 267 761 891 404 229 187 106 650 688 256 634 977 102 704 673 709 395 387 906 622 323 257 206 472 65 457 605 31 276 579 223 144 237 928 900 101 15 556 972 326 864 166 736 904 115 12 436 489 144 236 812 696 879 952 62 148 937 199 43 536 70 572 401 464 136 673 444 149 331 835 861 455 886 165 250 733 508 953 485 188 154 733 956 549 710 156 822 241 78 439 126 13 891 260 360 774 758 416 123 825 518 306 848 953 274 921 518 818 36 85 20 901 212 24 910 101 451 415 232 331 99 24 869 445 401 187 62 521 658 968 796 492 133 65 80 841 867 309 983 334 991 465 699 327 676 446 142 241 733 603 71 124 549 70 249 582 636 292 76 964 63 462 920 241 793 146 936 351 784 581 858 80 808 670 511 448 592 405 586 246 216 485 439 778 839 283 656 128 311 34 856 568 532 525 430 747 298 865 504 363 696 116 119 102 771 167 99 707 781 356 517 427 170 206 704 785 989 745 663 230 1 702 718 866 420 753 310
117 830 16 567 678 944 826 440 613 441 274 323 631 481 429 716 351 429 423 858 399 728 479 318 573 487 153 432 495 735 314 645 971 699 684 672 950 52 487 161 862 600 561 626 999 828 115 682 854 38 968 915 738 340 746 773 913 851 742 601 69 234 556 526 219 745 902 796 446 887 153 984 39 206 744 197 902 136 286 470 82 526 624 804 592 877 507 312 943 878 82 528 610 496 591 223 113 371 787 158 843 986 732 426 322 59 847 178 878 678 952 987 410 9 398 333 280 189 608 552 86 889 43 921 967 78 576 773 434 885 116 764 678 941 914 477 90 410 882 926 442 859 116 491 467 202 822 61 561 161 665 478 178 591 390 454 756 993 54 623 397 651 935 379 611 364 13 319 872 937 938 462 62 436 759 656 785 272 574 299 821 141 814 525 98 482 134 494 252 611 732 916 508 359 30 291 116 18 341 284 105 696 663 613 412 505 104 796 178 164 419 228 453 616 334 276 838 371 651 491 994 435 513 685 696 761 140 122 205 446 55 811 625 25 261 185 106 12 741 823 267 798 117 153 280 108 248 953 828 19 431 398 205 233 992 766 850 133 931 606 368 902 472 28 328 86
23 38 655 176 662 273 768 375 206 213 520 884 846 991 43 569 353 300 199 964 52 485 836 952 912 894 874 685 407 675 767 967 110 957 303 414 282 83 135 522 13 959 401 700 675 255 811 443 591 261 507 108 344 748 422 145 263 255 308 508 277 696 969 918 714 629 578 895 801 420 659 339 167 890 28 43 916 297 983 679 171 785 537 748 706 870 417 436 425 963 408 476 387 94 534 419 709 465 486 996 935 689 859 461 745 584 298 962 209 865 782 272 945 513 435 838 945 275 600 830 985 380 238 164 318 858 237 270 650 593 504 89 244 440 672 814 856 232 277 905 232 971 339 213 367 254 632 538 939 734 982 742 518 220 386 852 731 430 725 370 367 817 912 917 238 431 920 349 553 374 612 376 990 309 617 371 415 993 234 422 196 293 445 999 365 492 600 326 121 273 206 943 43 656 966 634 593 988 266 786 549 294 854 902 646 144 345 155 266 917 573 147 344 385 683 988 840 271 505 936 821 674 25 145 704 71 719 847 365 499 720 707 117 127 161 355 430 129 276 727 31 795 108 122 366 499 253 739 458 199 446 122 779 298 713 496 997 53 268 185 452 803 417 282 711 68
93 517 366 503 201 313 810 152 352 547 114 837 229 985 833 380 576 797 425 788 176 220 120 228 197 212 946 505 29 833 51 619 312 959 685 631 665 164 186 147 109 374 454 334 60 531 607 659 868 412 627 733 937 652 530 283 935 139 260 87 813 954 554 241 230 430 541 405 892 914 298 716 273 192 312 39 473 649 769 648 530 327 840 840 552 241 950 822 485 490 102 855 367 125 968 144 162 797 277 416 368 29 745 819 229 377 229 891 387 265 1 139 625 861 588 622 559 906 535 374 95 81 691 840 753 888 504 455 59 967 765 606 618 916 349 226 530 91 728 731 414 737 940 507 114 488 566 861 274 295 841 151 112 360 587 528 540 238 25 540 48 88 765 202 366 752 805 995 316 182 356 103 280 852 703 901 824 709 403 868 469 309 960 488 455 558 142 488 398 714 422 497 32 525 369 233 726 472 131 336 475 487 775 585 124 911 677 127 775 120 299 501 289 910 363 447 807 961 781 806 494 653 73 509 571 353 800 984 741 600 672 510 183 778 798 326 754 938 223 928 939 478 258 423 281 283 416 435 790 678 936 935 565 743 774 135 824 120 778 265 383 458 665 306 842 24
179 161 951 964 323 184 652 252 953 129 825 244 638 141 993 124 855 536 404 77 176 586 463 574 517 427 363 34 974 623 936 790 959 617 174 955 687 738 663 413 237 556 962 307 176 633 241 821 220 187 621 386 483 354 821 978 892 589 613 556 900 991 592 318 904 47 19 277 90 648 924 137 449 481 520 411 144 326 62 968 92 751 492 566 580 60 807 348 28 707 784 572 565 270 176 562 61 328 435 586 506 146 782 119 391 686 658 745 372 674 345 960 918 220 272 584 911 624 47 340 513 599 815 349 468 651 969 489 766 207 269 209 153 176 152 667 646 962 25 794 987 858 250 74 257 426 493 841 151 301 153 677 441 835 788 745 850 212 733 339 294 108 96 127 647 422 697 541 659 42 370 562 915 949 872 402 767 861 494 558 365 82 300 496 747 588 591 263 700 722 167 965 924 907 637 51 135 463 548 377 204 821 131 353 192 207 7 169 685 880 338 374 659 885 486 380 256 575 398 387 146 378 33 325 504 905 320 856 589 162 601 813 47 426 533 586 381 700 876 420 880 941 899 911 527 738 685 157 569 814 720 240 977 793 544 880 923 187 915 404 678 881 287 990 926 756
490 91 639 731 872 918 579 304 188 603 859 562 961 729 404 78 602 303 961 198 716 720 231 997 771 391 321 806 705 836 24 290 972 830 564 999 48 626 209 864 199 934 241 285 27 325 241 657 757 796 338 534 665 980 522 849 479 106 903 301 385 234 701 656 394 826 399 971 622 442 452 500 145 177 229 201 661 748 70 371 528 486 450 308 698 972 701 762 985 705 499 217 316 308 123 974 680 980 223 150 500 413 829 968 964 803 349 328 890 463 882 213 699 924 218 103 283 114 205 583 756 473 787 822 128 392 844 208 844 527 126 429 706 135 375 167 8 429 242 379 961 74 422 999 847 869 341 476 994 450 764 699 960 139 47 780 487 228 844 794 154 299 261 222 20 189 905 665 519 256 685 795 466 562 400 653 366 229 667 187 193 821 716 748 934 987 195 103 559 17 253 983 633 837 915 477 445 664 662 889 364 515 752 733 804 999 226 674 948 240 315 894 745 38 634 306 103 255 614 320 341 878 809 754 335 239 919 369 130 447 246 36 103 515 914 722 80 497 34 639 180 817 450 152 142 807 188 861 443 739 951 982 721 789 313 451 979 801 587 914 65 804 377 567 143 962
797 671 708 747 892 762 915 273 33 335 715 451 525 106 731 323 591 759 452 518 78 515 66 244 573 49 197 478 477 692 311 553 409 250 522 586 817 822 571 758 102 996 899 783 654 937 31 489 774 578 161 948 743 599 962 267 335 722 27 353 459 704 411 112 910 415 567 130 956 235 808 777 612 818 247 374 714 384 524 777 727 916 646 443 973 442 21 516 335 543 63 229 952 220 610 526 845 561 879 591 40 917 366 963 858 59 389 347 77 601 776 370 367 503 970 133 834 315 393 660 113 332 499 155 382 619 244 376 691 738 403 613 424 978 292 996 99 179 465 187 969 801 614 300 92 823 8 558 370 992 226 978 346 482 181 758 244 82 54 753 529 874 530 865 115 332 616 170 425 460 906 242 576 114 212 981 257 62 391 699 959 824 264 163 537 30 303 784 217 590 142 231 91 860 115 860 381 213 60 129 403 867 890 785 567 698 515 987 928 885 202 100 88 994 513 460 117 469 537 620 813 266 854 208 576 218 561 178 966 774 948 760 777 377 256 954 668 217 338 983 788 370 951 485 602 838 854 118 292 215 668 298 386 472 747 166 120 862 589 566 49 532 233 825 851 678
311 963 977 51 56 793 408 590 965 609 381 279 916 963 136 326 232 699 327 978 509 783 367 440 617 828 785 177 355 966 415 160 718 614 473 821 248 385 206 79 362 700 358 423 575 276 167 796 49 75 200 19 467 64 847 396 305 949 109 801 549 229 200 788 415 601 687 862 874 831 504 54 54 230 857 222 386 603 731 41 363 752 223 492 793 973 134 767 970 949 373 490 882 299 719 282 550 201 627 97 257 899 543 485 267 355 278 900 396 473 229 888 41 411 298 671 507 725 716 652 737 279 200 588 151 236 569 41 844 538 617 503 587 849 954 257 771 850 104 582 93 314 751 347 734 821 758 538 663 491 367 912 291 944 714 13 253 261 416 938 589 9 966 310 750 516 717 153 525 391 395 70 580 271 356 356 45 20 160 6 333 154 765 393 795 640 540 86 201 943 14 757 877 498 771 822 622 878 885 728 750 139 399 824 340 626 690 767 848 834 173 858 505 505 621 514 95 573 395 308 406 845 982 99 902 404 346 978 701 625 950 781 911 675 674 443 815 503 696 421 200 667 803 539 998 92 208 618 648 510 183 857 442 899 692 196 681 402 431 462 623 196 624 902 973 303
675 620 454 789 72 547 485 38 305 470 122 742 576 853 785 121 424 853 885 915 699 659 117 629 892 260 108 46 118 993 866 134 705 441 475 61 553 750 17 421 155 896 306 573 932 693 203 519 600 845 432 411 151 505 62 664 24 701 792 470 211 3 510 118 348 736 562 668 724 239 742 293 337 435 631 265 251 581 129 554 76 176 834 317 933 83 742 143 247 678 362 494 961 123 224 652 650 956 792 614 723 965 14 479 573 97 828 329 166 324 973 573 379 147 757 117 808 64 224 818 517 946 366 242 825 205 510 853 699 649 297 698 187 840 836 8 596 762 768 716 418 482 500 668 781 518 75 567 692 232 277 668 14 895 355 948 605 227 554 277 374 806 754 189 314 806 769 363 409 489 635 276 463 244 690 177 265 371 269 208 914 287 80 976 672 185 102 477 586 577 535 727 833 391 345 822 791 536 536 499 688 913 704 97 918 676 369 917 742 867 996 909 702 636 32 85 981 819 624 160 4 793 453 935 108 711 746 754 20 267 178 312 946 463 817 515 678 356 81 2 407 215 484 663 397 494 366 944 73 146 666 121 560 20 642 167 554 734 124 691 253 232 183 401 109 633
143 858 375 350 323 386 690 559 149 336 942 901 526 995 631 135 347 972 645 604 911 39 233 130 859 68 512 270 345 723 477 274 512 756 853 511 90 27 243 280 27 1000 950 941 52 159 658 765 219 246 333 846 162 732 93 781 852 435 752 137 110 20 600 972 153 792 563 98 753 511 548 174 840 807 961 167 565 668 838 333 310 386 29 746 900 372 580 282 963 927 675 840 894 86 489 253 184 170 229 945 58 152 58 991 892 433 63 223 217 989 562 777 231 958 50 883 949 341 1 594 843 910 274 7 756 349 169 625 761 968 699 257 289 343 882 812 692 200 460 763 677 474 942 195 605 551 39 194 24 893 357 187 9 510 444 397 218 485 693 316 578 585 518 170 233 459 872 103 372 521 48 821 523 627 217 226 256 489 733 113 44 667 719 82 737 125 458 200 466 338 448 764 637 266 583 873 763 256 16 142 60 730 507 645 132 94 708 51 603 443 189 85 230 178 462 636 901 820 100 80 634 13 180 304 498 654 382 31 663 221 99 95 395 447 644 558 914 745 634 528 748 389 967 76 357 653 964 99 809 399 213 770 455 140 566 639 72 869 905 426 979 622 914 343 330 368
95 767 444 357 851 952 864 313 819 633 472 154 100 800 91 352 428 126 41 374 643 679 683 541 596 354 908 836 344 797 257 363 649 732 168 455 724 572 60 706 15 708 741 100 254 593 835 929 26 323 203 701 870 921 101 890 779 725 381 582 573 955 659 248 373 711 586 459 101 353 681 876 696 749 435 918 207 945 397 325 201 567 284 65 372 862 522 372 273 576 655 345 838 318 506 88 60 616 767 362 521 109 802 622 868 127 60 861 538 328 456 51 811 859 885 325 554 680 819 525 991 226 640 959 268 126 447 460 226 882 99 451 903 128 311 123 825 106 465 602 843 37 69 275 796 992 302 931 732 901 668 558 601 24 901 119 132 153 471 677 184 903 322 669 697 631 786 639 751 933 528 295 993 598 299 73 62 427 476 617 780 417 660 461 674 229 497 658 153 782 169 65 619 944 706 934 721 353 720 506 696 470 101 185 6 422 603 595 108 4 810 808 613 188 848 658 413 289 692 255 360 248 984 281 90 2 102 891 498 357 797 411 264 585 385 978 171 262 691 199 673 459 374 923 56 632 677 834 509 69 935 400 162 551 616 392 309 217 91 425 66 647 449 664 641 838
680 402 87 597 283 371 84 552 982 455 853 891 910 26 556 267 483 755 728 896 493 1000 77 285 843 535 805 738 757 151 669 364 506 354 22 402 478 779 744 946 568 26 958 442 748 163 275 423 235 434 291 940 260 549 623 449 685 919 572 580 464 559 950 78 86 683 335 115 601 593 266 635 610 135 52 103 417 255 171 300 248 146 339 86 368 534 286 612 815 992 914 674 877 252 693 88 699 565 305 925 600 888 355 451 633 63 385 676 995 169 938 361 687 323 531 525 570 83 309 293 422 991 145 762 621 458 718 736 883 217 121 793 735 339 411 203 75 368 434 894 275 279 93 813 93 64 885 161 531 649 598 417 797 119 462 514 913 20 780 189 809 350 494 306 599 328 364 520 835 584 842 339 47 48 388 53 152 396 284 320 68 438 463 618 461 975 168 468 936 398 830 108 262 98 916 269 669 757 754 250 316 854 865 224 855 680 127 857 917 974 550 663 587 235 629 488 57 630 225 962 560 662 538 172 19 948 734 207 592 993 139 481 105 797 879 359 509 154 136 460 255 393 973 94 797 965 813 662 206 904 594 230 131 738 658 881 150 181 482 32 325 293 294 340 226 460
810 975 969 140 931 292 733 438 677 234 56 618 404 856 422 353 25 145 540 690 914 352 541 866 883 952 960 436 271 123 420 967 32 815 641 431 326 385 892 651 71 879 86 743 362 33 395 40 704 50 648 428 632 169 94 383 279 448 491 741 864 74 276 305 40 170 584 690 713 677 264 447 544 741 733 560 216 441 92 176 218 651 202 311 463 348 659 752 594 684 696 661 774 15 367 278 741 214 259 508 544 581 742 372 692 722 738 75 625 687 680 500 994 733 60 631 466 261 410 485 558 134 341 522 897 504 875 188 753 292 297 555 300 499 816 581 166 618 93 532 495 906 863 609 266 301 590 439 34 401 788 773 301 738 649 739 418 555 745 547 584 162 805 437 635 472 571 327 558 567 134 571 49 863 269 228 363 559 808 370 920 1 435 215 227 967 344 512 25 179 933 401 324 52 279 912 173 411 431 397 883 373 510 840 50 251 782 171 311 134 981 785 997 665 100 506 386 102 81 460 328 565 364 110 220 777 619 335 431 617 574 685 742 1000 906 980 28 752 355 20 173 651 798 1 567 298 514 958 965 90 607 42 850 541 708 161 200 973 702 424 505 641 40 176 529 71
541 153 135 979 387 287 709 972 867 795 945 98 539 235 586 917 596 73 740 629 690 53 589 241 182 226 442 656 702 830 657 14 604 169 325 613 601 840 319 148 816 655 241 663 626 276 918 572 916 563 559 150 82 135 16 40 941 607 191 608 858 333 437 315 902 462 734 281 4 916 439 522 151 419 853 816 476 718 374 908 509 290 378 443 11 154 243 206 786 430 814 295 576 408 462 989 846 718 218 587 902 357 638 511 513 820 15 860 185 112 8 62 164 520 898 454 853 263 112 494 460 304 862 633 589 310 474 271 567 755 37 502 115 127 418 868 715 420 161 501 803 896 995 489 48 304 280 173 632 448 376 473 752 494 456 562 351 363 945 432 971 86 340 412 2 746 729 582 577 398 84 757 965 645 108 321 848 962 73 954 920 615 131 922 380 168 321 333 241 649 670 680 914 443 797 300 950 468 651 327 463 941 763 429 299 449 423 655 758 905 471 154 102 934 450 714 355 16 428 905 352 955 169 279 780 972 207 548 300 843 303 99 34 942 758 8 804 946 962 60 832 792 142 602 468 79 932 93 55 787 191 617 934 571 715 415 868 307 482 358 842 730 623 347 113 836
96 336 666 329 402 40 768 212 520 833 272 557 226 198 807 343 643 386 414 374 593 32 261 712 919 598 218 124 74 562 358 677 210 157 450 307 219 363 593 927 407 660 855 964 136 785 306 40 661 641 114 337 515 316 391 35 942 955 676 5 529 275 418 58 620 647 937 617 601 703 238 784 704 540 743 933 759 861 444 596 561 317 644 875 901 938 200 512 105 560 735 184 592 208 164 835 323 787 760 574 281 740 327 253 484 220 300 368 21 975 238 447 464 583 191 469 763 988 740 46 795 992 245 32 338 372 62 318 718 993 466 394 65 964 187 810 953 671 134 915 90 125 132 101 253 58 150 682 883 519 185 136 867 119 139 432 771 482 150 810 888 87 420 990 105 694 913 406 279 833 510 193 218 985 638 587 273 534 368 613 759 620 380 646 760 419 149 529 903 800 573 395 39 957 370 699 866 694 164 999 17 913 643 482 680 921 24 111 649 758 864 814 909 157 294 219 666 868 756 625 653 10 570 99 993 658 358 534 166 642 102 613 477 50 512 173 281 50 315 223 787 364 663 296 97 362 672 950 544 45 594 405 724 471 304 531 649 93 953 845 230 520 830 708 875 426
58 603 960 243 808 908 420 457 334 684 541 62 30 972 228 49 319 307 48 215 987 952 894 56 276 651 356 847 31 423 115 590 602 901 4 351 218 896 518 535 926 866 837 681 550 820 916 355 468 309 146 275 1000 674 28 955 374 913 958 789 124 384 450 290 571 456 66 693 793 429 341 585 38 848 184 236 596 493 257 725 894 340 306 434 805 462 904 739 727 975 288 549 321 548 572 530 938 46 820 463 682 383 804 340 234 214 919 660 100 288 318 358 15 533 483 828 239 321 411 271 865 32 65 106 550 436 142 610 129 89 789 211 73 630 589 480 947 869 915 366 1000 579 440 746 100 266 278 730 586 821 491 284 292 733 990 610 181 176 472 602 996 85 916 768 227 600 713 439 153 498 989 842 138 510 143 868 136 527 416 155 996 740 531 232 815 387 300 609 977 407 742 299 990 664 960 524 434 402 213 778 857 85 368 199 182 286 842 171 829 840 372 993 615 135 756 644 980 810 838 764 807 129 36 247 269 50 265 882 58 566 847 722 665 494 426 609 748 476 85 987 281 30 422 29 739 440 306 405 344 636 277 780 359 727 299 199 78 550 145 730 756 745 662 722 497 151
594 265 750 824 988 915 336 671 287 144 556 231 820 771 603 304 833 207 821 830 625 824 824 991 333 336 286 511 259 929 313 854 188 410 371 486 236 834 742 501 526 118 897 176 905 481 676 930 125 695 621 487 596 362 693 877 261 760 154 260 500 346 985 805 366 753 250 1000 826 487 98 141 730 444 272 26 234 96 764 929 518 182 695 687 486 393 448 230 532 170 914 460 170 803 764 614 558 138 204 152 455 330 685 713 4 607 469 231 908 74 611 884 199 88 394 646 21 491 587 366 399 617 72 446 656 588 933 724 70 606 430 817 204 691 291 884 991 966 354 1 777 726 480 849 484 567 538 119 453 25 492 760 774 752 37 31 222 728 605 499 203 474 672 995 528 807 533 931 442 243 318 357 498 822 148 368 689 882 584 783 905 388 33 210 843 371 620 568 357 209 491 892 692 429 690 830 810 636 455 391 113 629 534 257 356 216 530 552 594 879 212 393 598 393 996 371 193 767 391 754 186 797 710 875 954 955 327 813 289 236 1000 947 617 861 79 963 373 981 586 286 503 105 334 201 564 956 235 622 818 476 848 700 147 864 1000 116 458 55 681 905 434 589 277 827 344 486
842 325 532 587 194 914 793 631 963 606 835 497 77 880 372 472 378 233 754 166 724 474 672 55 70 443 18 366 671 786 970 802 220 233 561 918 133 243 441 954 841 740 907 427 949 840 376 516 438 328 693 453 765 428 726 952 228 480 53 925 79 38 348 21 972 552 546 539 653 774 823 725 482 668 722 9 411 431 208 386 11 654 759 994 247 508 991 329 180 870 605 321 883 370 103 765 934 793 847 446 672 564 398 312 871 25 498 88 614 637 76 715 601 699 421 49 46 291 729 380 105 317 567 157 83 356 535 681 77 28 69 574 398 727 800 871 406 669 930 624 856 477 583 406 158 790 718 219 358 950 82 307 827 997 118 842 905 304 442 633 264 624 929 639 395 243 164 405 894 285 686 734 160 988 74 489 679 946 824 34 652 273 440 792 886 687 75 752 753 559 819 540 234 461 851 356 612 304 4 953 702 299 269 767 152 804 837 825 782 699 806 545 869 423 266 965 988 818 875 666 273 128 136 853 959 514 857 321 162 405 430 814 651 426 538 719 234 544 766 430 228 468 466 194 852 562 543 372 98 381 749 161 463 91 984 376 338 231 140 127 406 584 372 151 77 783
656 843 976 298 932 92 283 709 606 639 112 34 921 476 560 390 563 334 90 812 985 852 685 53 724 452 550 822 479 243 343 608 364 429 880 158 8 477 356 775 20 391 134 151 602 342 207 940 296 422 305 3 983 25 804 44 419 879 493 750 854 813 977 468 274 695 143 59 784 582 460 412 706 710 706 60 307 740 714 134 567 159 339 292 83 383 363 816 903 304 269 374 406 371 484 709 369 942 717 357 589 790 443 489 164 615 18 275 847 288 124 307 139 203 125 931 453 119 114 766 435 450 594 938 188 586 547 73 744 892 395 585 707 459 876 338 399 950 482 272 705 386 56 695 568 25 420 585 151 700 920 259 520 45 369 226 257 277 47 135 779 33 932 546 560 925 69 91 863 732 946 271 366 527 188 130 12 302 198 24 83 692 207 498 157 295 399 624 758 233 689 951 779 418 19 713 918 754 966 91 401 580 271 3 745 91 413 540 920 686 329 452 208 800 410 534 568 120 986 954 856 323 708 584 479 384 778 639 225 412 541 553 719 621 3 647 610 852 408 606 233 865 297 902 925 434 959 910 228 56 900 492 729 846 945 704 856 899 646 721 143 829 329 134 670 525
280 986 936 689 618 569 37 622 493 128 36 324 475 652 282 354 172 198 784 140 943 852 17 197 816 725 34 181 647 797 42 622 109 588 363 5 504 561 589 482 780 887 312 518 860 584 639 957 465 820 305 703 549 108 355 462 727 222 528 344 913 965 571 741 316 237 679 723 696 596 348 143 140 876 697 878 769 584 406 435 83 557 560 627 210 785 85 533 124 677 1 451 472 57 881 661 381 491 472 633 379 440 751 240 661 486 349 361 281 571 329 65 122 945 404 297 554 971 569 733 789 187 630 818 257 686 62 656 519 966 183 825 385 357 409 386 842 133 757 83 482 426 658 978 200 514 667 28 916 158 336 126 113 977 746 437 655 315 928 591 357 119 706 296 988 506 927 750 11 783 660 540 239 623 967 222 602 843 595 408 263 806 789 960 813 796 981 124 185 471 50 169 837 605 81 219 79 139 531 405 473 142 85 120 118 733 517 880 345 162 875 257 252 451 842 338 258 530 398 650 515 676 645 133 286 876 773 453 937 28 922 195 352 999 146 202 290 64 377 419 56 8 888 398 181 676 934 695 373 173 837 408 664 781 366 886 796 52 134 254 775 840 947 166 928 187
711 395 240 836 165 951 238 142 195 994 889 476 664 247 411 275 700 113 927 900 147 496 897 211 775 375 776 607 179 998 155 970 777 521 231 419 158 621 653 870 146 632 525 747 112 772 997 508 619 558 977 762 173 441 259 779 248 302 94 987 276 21 135 262 404 891 761 711 930 60 914 934 674 645 314 587 217 965 976 437 171 205 599 785 493 327 466 455 265 508 785 409 572 674 542 737 150 218 410 138 644 660 791 615 75 720 535 92 288 977 382 570 439 237 778 133 607 615 650 416 460 927 653 571 385 657 330 1 805 625 215 389 124 150 211 909 208 315 600 238 145 984 943 850 280 922 323 674 95 711 193 776 915 227 580 599 577 763 459 167 845 518 887 737 394 456 386 998 962 582 124 918 76 167 342 735 693 589 285 206 97 437 590 121 798 763 381 859 217 103 158 587 975 549 440 359 755 793 391 1000 591 289 778 899 900 541 887 83 101 213 159 778 873 748 205 508 663 95 918 392 309 348 889 888 530 723 525 183 430 846 131 509 731 6 512 602 584 947 707 356 632 626 681 285 128 152 273 330 771 27 2 118 722 725 737 74 71 485 532 445 691 208 187 650 366 754
403 209 723 340 249 324 643 258 951 122 562 524 116 460 180 313 629 870 751 612 327 946 873 853 992 644 185 835 526 565 423 993 768 731 139 801 47 409 614 945 463 160 174 326 362 175 240 584 228 528 523 442 727 171 694 927 289 717 626 153 374 324 638 229 604 665 896 887 773 863 915 758 16 90 867 225 767 163 691 389 968 676 339 240 988 124 21 574 657 568 66 469 356 916 827 547 251 596 884 539 743 382 507 336 547 704 916 708 457 537 638 999 596 784 788 455 291 787 670 412 415 608 623 589 36 133 530 382 789 791 594 191 820 409 134 213 71 298 718 38 737 469 996 996 931 310 260 642 278 279 610 973 750 381 925 550 677 996 368 180 652 221 918 812 515 615 610 405 265 114 721 766 59 904 374 734 619 205 283 435 402 782 326 99 847 475 482 654 23 987 834 718 697 11 221 506 661 790 965 873 576 633 711 288 877 915 111 710 187 578 920 225 241 122 195 263 16 784 83 319 918 158 704 339 553 864 542 683 559 806 338 944 847 82 478 730 372 10 596 673 816 601 328 777 221 300 470 638 1 998 42 956 824 867 967 332 639 469 267 393 196 880 519 5 189 103
788 729 248 21 1000 292 297 632 583 656 711 456 649 796 782 927 309 997 587 431 708 834 935 74 924 816 700 829 723 975 246 325 582 387 681 344 314 775 757 544 226 982 856 593 872 274 329 638 520 715 193 466 34 855 640 482 931 992 917 817 103 403 799 47 721 40 694 687 158 463 125 921 891 686 730 426 170 71 653 597 103 147 727 274 468 196 83 186 618 734 279 781 558 290 965 384 235 899 933 945 897 631 65 156 16 75 749 709 499 262 329 937 686 466 390 331 496 46 529 148 777 707 671 985 60 804 320 851 329 962 167 259 358 719 527 132 840 168 598 823 618 288 868 657 241 820 765 329 224 915 360 920 896 55 252 90 673 733 746 83 119 154 519 815 114 420 819 61 870 613 806 946 423 633 544 643 997 956 115 862 810 691 158 638 7 96 918 965 363 390 223 420 797 963 989 333 545 584 342 585 387 479 416 795 626 685 728 701 472 417 4 655 792 493 714 78 752 457 669 265 903 921 212 193 301 521 257 273 255 946 150 331 115 860 212 447 677 906 944 182 75 960 914 632 203 495 499 559 259 17 352 631 985 86 312 154 837 981 753 511 620 953 452 560 480 222
241 744 566 894 596 950 436 400 875 424 186 138 271 744 360 574 148 477 288 782 347 522 884 467 364 315 809 226 870 657 207 463 367 88 239 267 150 166 512 331 129 546 102 774 289 614 514 383 330 388 705 172 483 366 16 112 540 256 389 130 754 614 629 652 334 560 19 531 4 999 912 256 798 481 71 150 350 77 705 637 80 739 831 483 151 674 977 797 909 815 603 655 896 432 397 867 617 598 841 802 267 908 109 639 497 230 574 751 44 256 636 236 691 745 936 498 168 412 300 910 296 779 694 735 560 754 55 204 830 148 111 433 389 265 712 462 728 323 656 9 690 128 622 822 277 137 362 784 331 603 744 91 188 26 746 232 855 46 296 709 474 260 492 545 454 619 297 151 627 237 96 589 33 481 682 542 270 117 518 180 212 925 386 217 10 487 504 723 173 854 719 280 104 78 323 608 775 920 405 761 121 761 661 110 574 439 408 171 932 882 311 811 237 902 151 849 92 84 739 765 325 845 976 970 175 911 646 440 140 868 414 29 198 243 372 85 924 640 583 194 484 175 759 831 406 626 368 815 150 367 626 902 978 610 466 408 394 646 668 859 115 559 39 432 652 218
158 526 733 835 825 699 574 633 896 770 561 470 222 450 419 314 445 758 648 379 941 438 631 389 986 568 778 717 804 144 275 254 892 841 349 525 381 349 46 258 752 919 540 420 483 851 934 845 145 689 206 801 966 36 367 39 382 557 811 289 469 223 732 966 472 71 771 843 894 652 671 589 525 918 798 111 476 947 509 194 983 285 747 491 88 275 647 565 763 901 775 52 825 9 908 278 783 109 858 69 34 58 733 636 285 516 207 225 324 306 98 799 907 376 602 628 20 938 223 986 341 108 954 357 280 183 150 506 150 483 289 239 545 151 456 549 805 29 984 371 904 955 367 815 188 444 834 151 153 56 740 100 857 854 292 874 486 130 526 545 899 181 974 94 814 356 576 581 505 627 526 648 564 322 76 218 648 279 259 486 439 283 667 334 125 381 506 484 653 957 462 78 462 672 260 212 900 444 863 714 604 519 637 551 464 422 32 117 508 916 174 85 255 154 918 666 122 586 55 199 318 368 377 46 594 52 479 870 845 106 825 669 906 866 326 923 163 374 685 181 466 350 316 970 278 382 289 430 550 132 624 307 819 522 991 550 935 593 272 41 418 377 378 892 320 456
635 563 563 301 501 772 581 29 177 75 266 255 160 86 7 335 102 467 120 880 451 794 757 124 70 364 757 680 18 738 82 713 893 31 934 793 445 397 528 742 58 626 197 534 586 488 694 207 956 821 934 512 460 916 729 490 782 887 548 140 663 23 306 197 601 848 15 864 572 909 271 400 378 388 319 325 660 664 490 85 711 1000 198 649 588 11 100 785 953 618 365 312 497 762 566 106 904 307 10 822 86 413 551 593 131 904 174 583 937 39 517 758 627 209 292 788 798 296 161 74 220 385 648 282 217 63 597 419 995 30 349 869 111 492 144 239 163 705 85 746 200 660 38 938 418 388 16 650 81 479 558 197 221 961 612 360 910 784 373 738 882 453 695 724 415 312 137 462 477 260 911 904 50 611 123 376 713 749 636 124 234 479 202 437 137 461 922 414 67 969 478 317 649 633 693 259 208 301 684 659 969 74 597 495 370 813 116 896 485 251 927 669 346 337 400 519 558 711 867 496 22 789 955 261 145 348 297 18 207 293 544 141 675 23 480 332 466 983 390 566 781 94 472 267 952 629 565 911 720 80 14 479 243 63 889 510 801 315 771 428 863 911 318 275 569 553
514 304 356 45 35 234 131 949 968 627 242 477 739 889 137 889 200 389 343 804 957 700 862 565 565 928 393 249 279 526 432 532 997 46 384 454 499 865 391 762 695 706 321 483 180 257 845 540 955 771 569 78 456 55 816 219 202 355 197 491 234 782 809 532 394 211 187 797 836 526 57 653 730 757 531 884 413 127 638 52 978 709 908 952 817 580 921 877 672 278 517 752 946 885 934 389 241 268 897 638 181 101 194 997 585 189 843 329 22 61 710 112 104 640 244 157 817 8 937 296 585 589 339 670 733 18 826 511 859 989 635 593 462 757 323 287 231 775 738 736 48 887 952 196 663 605 751 432 837 378 429 106 144 703 44 754 574 933 434 518 389 581 498 330 175 95 200 287 137 43 442 292 408 189 133 431 108 253 147 611 529 893 273 521 889 322 394 998 456 426 565 276 612 420 484 697 116 507 33 430 982 429 323 898 617 554 510 49 923 398 654 312 534 332 203 508 254 95 268 424 407 173 957 223 8 845 400 47 601 628 104 246 981 645 638 884 184 395 998 779 977 676 764 596 845 79 392 79 882 516 709 92 997 492 587 974 778 543 856 841 710 170 904 872 998 946
393 85 403 716 87 3 263 44 411 710 851 380 943 987 322 647 343 971 36 225 984 587 881 470 72 52 19 543 471 812 143 560 402 581 174 514 689 369 739 775 218 810 812 243 96 333 947 893 956 864 525 67 606 331 862 26 533 880 655 698 202 343 943 478 403 913 484 618 871 630 134 627 809 809 920 62 236 783 172 167 630 534 686 264 774 640 469 235 77 59 957 555 906 997 824 601 326 889 457 501 420 337 664 732 938 968 857 90 115 493 893 390 228 52 991 155 174 420 726 81 182 981 123 754 778 917 528 215 153 637 594 466 243 252 351 38 670 597 624 205 903 234 696 70 139 200 333 302 710 544 816 851 265 314 555 971 543 143 167 334 317 506 452 769 274 115 497 45 868 327 169 182 279 899 567 259 206 233 737 169 737 77 45 615 997 956 681 256 364 725 695 75 53 243 730 909 140 164 118 786 446 124 579 811 78 25 715 340 59 636 473 213 219 800 73 83 988 255 690 34 303 417 408 669 760 389 541 242 899 294 490 449 561 274 985 739 505 267 903 911 745 702 511 218 16 876 298 889 600 182 763 68 414 715 684 414 683 323 573 43 136 696 413 743 270 134
291 993 2 201 481 26 287 648 453 143 345 602 795 397 981 241 796 230 161 643 669 687 386 352 364 760 914 991 27 249 255 260 427 939 455 544 174 809 325 85 618 433 743 6 922 879 357 170 483 450 290 657 939 152 307 965 609 497 652 972 398 26 633 237 576 644 32 650 395 296 221 105 459 111 253 193 629 153 944 544 751 788 183 308 52 999 625 739 471 362 769 385 108 585 323 215 407 271 698 652 521 8 796 814 413 622 990 53 208 911 747 793 77 533 338 346 372 947 343 986 693 799 764 403 63 629 328 278 709 434 637 918 657 43 819 431 88 286 106 205 248 83 279 59 756 848 884 124 588 169 891 277 715 366 890 598 313 811 489 264 900 60 462 348 427 558 470 219 234 904 190 291 725 258 937 807 482 198 985 479 599 358 712 567 842 729 186 209 764 261 626 875 155 497 786 667 103 178 673 739 16 910 982 456 899 508 542 308 51 847 75 775 600 971 419 725 567 135 978 35 309 137 102 53 852 830 797 411 752 655 636 866 761 323 176 884 45 251 109 564 216 733 316 669 382 625 751 325 425 780 158 605 46 759 140 616 194 688 978 484 74 36 111 537 749 297
642 701 221 517 431 292 711 43 355 845 237 945 621 320 173 120 12 840 667 16 150 13 383 573 1000 349 244 28 794 383 297 910 874 645 304 570 266 639 564 53 81 569 463 634 65 315 901 699 913 631 926 438 563 413 321 776 531 997 393 82 967 3 405 426 632 880 99 575 573 427 529 110 234 680 564 763 931 54 573 987 361 15 930 15 235 932 273 65 434 484 151 421 405 986 883 797 583 452 482 283 999 303 433 839 13 514 382 472 625 297 868 125 168 806 508 16 128 795 867 166 428 260 172 898 301 847 187 888 936 894 729 176 836 559 383 750 789 990 154 898 634 393 153 633 70 28 20 959 108 914 751 224 184 810 963 316 37 48 263 466 30 426 331 893 435 867 398 90 667 428 211 350 775 854 270 575 366 447 509 659 706 927 864 624 656 977 102 582 39 496 112 458 506 405 969 131 181 912 719 197 135 867 213 774 414 690 482 487 671 684 259 110 664 644 814 163 227 139 105 565 680 81 852 814 746 965 591 588 974 230 604 673 162 571 296 957 594 547 79 86 888 260 812 69 339 778 357 673 465 545 514 109 415 18 872 248 561 685 415 383 956 193 277 922 841 145
676 282 94 422 68 234 394 342 720 808 326 444 917 29 252 499 864 221 875 830 223 272 310 759 539 988 978 378 653 628 63 271 740 30 745 884 454 305 699 628 221 476 127 99 698 38 460 66 116 895 628 51 200 972 670 574 701 8 765 20 505 139 202 973 125 23 361 646 935 811 490 243 474 42 975 241 824 207 981 157 131 350 637 746 283 641 691 437 114 465 790 555 411 838 465 783 198 63 926 233 940 671 737 553 828 523 146 519 559 724 766 363 834 76 711 218 956 839 545 504 533 35 718 777 505 534 985 416 219 885 987 651 83 699 738 842 377 842 496 897 23 269 1 361 212 14 704 839 749 958 180 235 185 153 973 138 902 611 6 3 548 24 147 428 603 699 361 142 681 410 955 889 556 663 53 295 476 91 722 535 714 954 658 44 73 178 298 379 341 88 976 879 359 814 199 847 331 719 760 194 421 657 499 263 51 325 617 126 867 830 479 730 836 374 422 160 225 187 870 139 658 28 10 443 97 260 14 267 645 568 775 134 219 274 531 810 537 134 532 631 607 53 628 408 242 579 752 574 692 528 85 684 825 669 675 823 31 471 202 440 760 712 434 492 762 254
291 971 655 412 1000 700 263 218 898 169 216 957 189 205 980 197 409 810 519 535 437 730 247 130 848 538 789 613 939 10 505 506 566 454 465 797 597 314 2 221 313 464 721 130 598 689 773 564 769 812 640 61 361 26 602 956 328 589 695 340 326 126 170 711 420 243 628 814 17 835 502 822 165 439 83 706 62 919 72 872 878 852 479 114 971 65 315 123 863 718 500 370 452 1000 683 857 977 430 577 797 281 454 197 602 89 325 296 857 959 940 545 631 431 695 571 334 210 730 281 748 180 382 4 371 494 662 798 719 777 543 407 443 551 982 684 543 609 971 541 714 313 335 782 840 820 923 845 822 493 319 816 443 731 379 517 508 983 451 638 228 221 461 422 121 597 262 562 481 344 354 892 370 98 286 83 699 838 238 860 151 20 820 967 866 197 583 999 168 267 96 692 506 180 636 666 870 250 729 167 767 663 526 858 406 739 825 457 445 117 779 501 358 824 192 85 551 120 89 718 610 384 208 969 219 318 547 399 63 136 202 982 919 311 713 771 815 590 359 842 605 437 150 289 434 855 573 649 672 543 122 656 498 650 384 653 112 62 317 921 743 749 13 441 979 267 553
959 236 474 572 602 439 745 822 801 205 24 251 890 701 480 911 630 813 761 690 732 569 98 919 961 199 444 59 152 383 286 66 817 511 690 335 990 523 722 870 283 847 250 235 640 562 576 98 869 490 41 927 933 817 304 315 526 148 303 390 348 592 30 169 651 992 503 65 249 801 592 945 60 223 625 722 108 235 979 656 525 512 639 950 912 185 156 313 241 361 837 892 599 243 336 81 42 965 352 706 877 762 732 398 900 345 237 978 411 641 351 484 554 622 763 44 383 459 383 315 88 732 209 75 672 941 645 40 683 817 133 94 891 708 835 197 804 774 680 477 58 493 708 678 743 191 417 637 680 669 276 953 516 333 753 751 619 834 34 962 353 686 912 116 386 242 903 998 476 933 179 70 974 450 256 666 616 295 364 564 50 351 289 667 728 809 712 927 431 912 14 758 835 316 51 265 489 492 551 660 756 233 65 998 80 736 778 305 483 195 434 974 857 949 939 967 499 94 66 541 842 723 412 984 540 886 896 76 20 436 725 885 691 327 137 696 255 273 505 820 883 703 143 562 141 756 495 935 325 356 445 540 990 41 355 387 376 799 588 630 266 926 48 501 513 147
74 170 439 18 173 538 928 783 513 787 89 229 290 498 492 604 127 958 900 780 745 532 654 891 22 243 698 195 526 115 655 454 730 444 992 923 108 966 788 606 337 933 252 948 751 904 803 813 179 869 495 499 156 534 5 794 501 195 677 752 990 77 521 112 219 289 767 207 651 319 75 803 236 794 478 589 113 994 933 607 4 132 624 826 552 350 324 508 133 993 131 313 361 144 533 80 390 770 452 294 442 88 867 481 215 164 254 140 79 342 945 637 749 179 413 995 549 166 656 658 32 456 130 808 385 129 292 270 777 728 860 643 190 782 129 294 703 244 591 576 224 826 134 81 456 61 730 217 812 915 629 241 782 473 200 215 695 209 907 763 639 577 1 840 575 360 849 913 644 264 405 359 340 562 803 68 506 144 479 515 236 243 703 455 351 632 378 75 410 218 289 317 776 29 496 321 661 544 613 284 113 418 234 829 87 32 178 204 534 786 212 52 16 709 596 1000 599 523 331 597 502 350 981 582 972 371 17 455 132 416 502 415 505 225 228 848 787 490 469 963 467 418 402 427 131 458 794 379 300 456 41 703 460 547 319 78 25 947 593 859 238 628 737 896 868 972
736 214 704 470 289 41 463 781 62 406 733 76 108 229 834 128 582 639 555 801 511 697 224 958 38 302 907 126 141 874 319 881 354 483 799 262 119 130 194 620 333 344 583 980 398 848 526 72 798 673 717 925 371 41 992 767 363 85 885 95 306 22 577 83 502 167 443 625 537 237 396 953 761 98 612 866 479 257 316 235 337 419 673 267 906 228 204 111 597 850 510 643 294 147 798 649 32 540 628 87 549 135 899 26 391 109 789 607 553 445 745 859 304 605 584 641 984 291 261 681 352 823 589 907 58 605 272 900 109 121 275 80 190 952 657 887 283 305 278 14 132 189 593 226 742 528 158 332 62 195 547 652 764 259 254 231 766 277 275 699 230 229 34 6 770 79 268 607 293 138 667 873 554 621 122 772 851 287 408 777 223 569 364 892 822 728 191 286 642 390 722 39 522 711 434 658 533 967 388 957 653 349 445 857 737 232 63 208 67 987 947 903 777 197 559 920 443 119 285 377 335 638 895 337 170 657 899 587 96 216 18 343 684 196 936 206 53 298 138 393 57 111 698 620 171 414 888 685 419 721 46 421 891 783 766 452 543 525 682 744 92 334 153 235 894 556
536 830 624 177 865 773 306 120 403 481 144 638 882 666 86 601 380 697 756 312 477 838 589 801 848 324 355 742 515 556 888 334 127 740 969 998 104 260 621 363 504 590 716 111 611 714 1000 629 603 57 542 765 447 26 35 630 503 718 875 363 415 368 671 342 72 115 707 517 321 879 447 260 929 215 826 877 184 817 464 111 92 6 965 309 123 174 852 451 121 447 772 255 688 799 538 750 645 921 863 686 702 585 734 418 768 529 51 123 173 955 69 335 368 954 995 4 740 681 620 998 976 345 920 796 804 7 75 680 184 282 265 858 519 873 997 271 400 343 455 183 876 981 756 681 498 951 776 598 529 589 267 4 122 8 828 58 360 559 576 251 93 393 858 757 273 561 562 915 160 561 792 964 764 410 121 715 9 796 210 741 525 851 716 209 42 491 631 619 663 167 421 44 733 756 908 805 636 153 957 882 456 932 993 201 616 351 91 211 479 75 777 803 603 696 290 582 127 661 257 457 330 676 823 601 273 737 297 779 717 239 56 497 595 332 316 799 997 966 607 144 423 988 99 865 28 904 498 518 394 305 962 672 86 131 218 890 479 610 886 518 57 775 924 686 661 884
764 180 763 157 702 38 464 657 392 225 552 385 469 866 998 788 187 280 293 792 919 369 413 963 726 493 166 456 130 622 201 707 782 676 428 244 845 625 257 642 278 241 129 554 603 416 717 186 617 405 303 923 564 12 45 510 410 595 844 410 336 351 737 748 620 848 534 73 519 116 969 151 114 672 462 664 836 247 782 738 546 938 71 48 495 498 599 735 881 133 610 295 479 907 71 165 357 970 398 471 481 401 842 898 848 157 648 252 191 396 301 298 136 147 338 845 990 657 295 627 910 756 830 683 621 659 721 525 339 699 155 408 899 548 424 765 250 658 489 696 733 691 552 88 373 883 179 217 124 384 932 448 955 43 178 799 174 797 339 409 548 398 972 856 21 114 971 240 227 720 594 606 659 22 454 706 273 755 652 617 611 951 24 425 867 147 901 534 618 40 436 501 868 984 914 932 191 328 164 732 22 626 608 512 444 751 167 221 119 334 564 226 452 498 717 713 197 839 178 652 750 42 377 149 396 472 659 288 118 257 392 866 385 242 11 675 513 898 929 571 110 60 837 74 573 130 903 8 36 761 460 683 823 586 887 245 650 61 973 804 993 380 95 222 969 427
826 230 790 236 449 157 184 729 688 716 245 286 834 727 954 340 349 914 3 932 252 579 317 100 726 328 403 61 638 798 858 293 203 464 221 776 642 223 871 573 605 68 258 874 505 325 721 518 80 822 904 611 126 784 289 223 104 993 868 848 993 496 549 107 567 138 283 993 640 757 764 679 39 922 888 822 570 524 874 238 250 963 485 932 428 327 699 316 188 951 650 371 33 628 88 722 306 840 360 58 929 287 172 857 505 50 998 680 104 231 822 729 839 836 618 355 195 696 430 352 851 583 888 581 446 254 383 814 677 290 896 366 963 135 709 586 486 126 458 248 492 958 45 877 1000 27 462 550 61 835 260 712 562 487 934 704 206 471 328 336 524 97 168 114 330 111 222 874 862 431 896 645 45 771 873 232 711 272 334 721 830 354 580 611 676 390 206 394 750 619 162 806 56 575 928 13 592 44 612 930 702 281 83 170 299 482 320 331 947 599 992 305 466 689 774 343 713 14 121 443 605 83 307 869 24 748 560 345 674 150 959 775 624 191 122 541 836 479 516 82 413 535 937 99 151 505 228 454 713 100 401 820 477 589 333 855 23 493 880 996 220 771 509 235 862 133
707 558 517 227 85 99 369 349 429 990 108 732 302 640 866 632 854 158 465 538 522 499 25 193 709 495 70 255 891 822 886 313 222 306 784 707 2 776 794 544 210 182 71 977 654 114 233 534 193 266 900 556 582 588 102 325 871 323 48 794 582 243 372 121 578 330 981 880 103 421 312 942 85 260 252 680 841 891 404 492 414 977 245 996 705 363 94 3 316 663 972 555 588 30 487 744 985 248 288 994 443 82 230 667 364 621 81 897 694 383 597 113 380 357 101 220 240 298 11 850 122 613 60 107 614 118 102 68 273 128 74 124 43 645 884 243 231 522 500 425 167 882 549 958 966 52 873 442 33 318 306 460 553 779 366 216 290 257 862 552 510 158 680 912 998 27 46 505 365 282 515 449 745 259 548 740 102 306 916 860 452 851 773 815 7 98 997 770 609 481 280 810 415 106 282 904 1000 525 691 134 963 492 845 85 573 299 101 4 513 838 244 408 39 897 755 788 976 217 875 747 684 946 478 534 86 612 470 687 299 421 394 762 30 355 676 804 457 751 602 680 559 347 7 352 118 552 186 662 178 62 306 257 516 711 239 466 64 172 900 983 196 648 572 756 217 759
741 699 147 864 159 620 316 81 114 753 189 420 429 689 213 786 7 722 131 432 335 590 579 175 361 178 445 973 197 331 915 109 203 506 509 124 63 319 609 460 667 219 390 311 711 338 239 685 332 358 221 184 447 801 460 260 359 516 323 718 395 45 634 265 493 659 575 683 609 739 986 72 395 63 744 80 710 675 422 150 690 694 514 389 431 405 815 459 786 690 348 306 279 694 480 967 836 116 145 406 726 435 17 285 233 440 311 497 585 254 180 244 455 757 806 848 570 708 749 400 203 478 366 925 553 530 191 731 509 7 519 726 18 133 444 159 81 388 919 267 98 171 143 380 138 583 880 371 433 836 678 129 653 426 74 592 691 530 436 174 562 661 735 421 324 381 836 312 604 926 724 548 952 781 552 602 971 731 222 358 826 947 718 974 446 151 982 957 167 575 995 797 456 570 893 231 784 238 784 16 680 74 408 967 37 486 649 287 964 14 526 158 631 16 700 611 351 447 358 800 838 58 555 568 187 200 566 53 336 277 205 39 495 861 9 901 499 40 596 754 899 968 443 169 328 289 218 743 572 182 174 297 88 151 853 746 986 383 886 94 810 385 872 439 858 528
716 276 599 6 810 102 339 155 365 900 649 713 116 278 633 759 549 897 120 698 401 806 206 366 527 852 740 788 25 12 617 95 246 218 681 554 453 540 242 572 823 801 175 28 500 361 72 486 977 458 138 270 296 549 179 164 813 375 165 18 933 74 658 773 54 962 778 117 860 417 757 565 64 458 565 604 555 292 96 376 43 93 274 1000 806 215 661 915 573 674 95 610 1000 611 960 269 19 407 80 771 277 766 384 534 150 288 869 157 581 932 646 500 802 886 634 18 90 179 520 349 639 23 21 498 262 213 440 330 993 217 831 203 128 371 302 113 385 576 791 120 530 72 738 645 45 694 790 319 234 545 302 488 525 442 746 97 844 792 803 60 536 878 971 493 732 871 599 669 367 749 312 695 607 793 836 865 482 294 869 401 576 582 396 969 857 105 679 750 423 721 586 661 541 560 929 252 814 404 663 880 941 152 157 381 356 243 474 606 163 657 135 977 690 231 587 702 491 593 760 790 840 399 128 390 662 61 677 774 464 152 784 2 474 418 318 42 486 907 760 47 295 499 335 123 478 759 829 859 873 167 915 670 971 707 80 311 101 112 188 864 252 847 955 940 377 544
475 92 184 666 56 322 23 849 161 893 119 670 28 733 528 874 823 531 186 998 752 435 413 216 664 925 322 603 862 20 222 304 859 371 973 203 693 141 533 456 701 611 742 798 736 402 106 68 607 770 156 278 889 627 527 14 229 112 466 176 883 594 751 422 646 266 480 998 439 173 299 732 680 575 932 940 248 365 713 781 336 950 85 20 402 244 255 122 211 157 45 790 13 338 456 772 238 812 151 976 513 169 344 258 265 5 849 170 66 160 249 499 239 593 711 700 671 559 729 179 23 181 156 624 533 49 737 758 325 737 812 797 106 142 244 11 403 691 218 330 680 596 597 290 394 990 642 923 280 345 563 591 480 765 389 590 416 219 349 453 812 266 629 36 853 195 379 33 232 420 502 97 719 938 167 380 893 260 126 580 968 618 697 199 446 858 591 525 552 157 187 966 143 123 553 599 2 768 658 10 957 909 680 847 518 489 248 720 209 367 216 429 861 789 729 445 250 932 626 477 643 783 401 848 513 370 816 45 883 820 513 444 435 786 9 128 509 778 301 904 928 481 562 215 767 472 95 737 116 5 984 539 763 220 982 820 365 129 746 970 771 892 178 501 367 283
396 200 602 413 125 461 366 96 214 690 895 172 17 649 139 887 145 238 178 800 799 172 213 149 584 704 581 53 592 771 376 765 149 4 158 937 667 831 183 891 76 33 652 581 900 842 987 191 379 632 424 612 16 32 24 514 83 340 493 106 627 754 404 745 134 750 404 100 762 513 199 340 2 987 185 747 688 976 177 229 898 725 330 477 58 893 440 825 437 50 767 750 751 3 615 942 87 423 969 474 228 219 687 277 490 205 551 662 736 697 664 194 93 245 380 87 567 893 237 408 943 905 966 518 219 157 182 988 922 355 101 534 676 691 583 413 641 21 588 741 886 589 996 601 453 65 934 34 775 741 631 284 69 883 391 319 265 851 276 835 96 848 931 189 700 393 634 601 408 769 213 619 895 29 270 779 625 425 429 462 700 541 324 669 28 347 997 30 726 90 970 506 933 365 290 52 174 990 341 433 797 603 168 147 286 726 982 305 974 787 48 319 320 262 942 434 601 542 922 303 843 477 892 451 100 659 546 62 620 796 241 34 148 434 104 703 177 975 828 311 312 581 543 650 758 57 91 768 391 562 302 673 960 465 801 533 296 144 69 733 672 476 433 961 330 513
722 845 455 792 357 506 803 707 953 601 647 772 23 590 159 273 976 838 775 266 18 763 582 740 803 972 312 549 773 873 327 664 792 468 479 707 198 245 946 900 60 638 632 44 36 331 825 16 137 411 27 709 560 763 645 137 609 317 942 714 317 953 142 249 854 205 450 285 989 884 490 107 185 45 497 496 929 949 271 388 742 949 685 270 197 34 142 428 497 12 56 397 663 954 570 290 508 705 224 487 109 349 2 328 250 43 578 422 942 434 641 177 849 681 986 321 59 920 712 738 789 261 611 797 413 792 860 49 691 70 153 851 424 954 217 256 264 472 302 664 19 526 842 230 120 926 716 885 169 271 79 120 246 514 548 383 79 281 572 738 836 828 300 706 749 165 78 589 153 15 6 264 401 464 932 179 365 268 295 28 35 840 824 59 80 269 392 804 737 244 199 294 700 78 866 297 767 921 865 829 19 566 114 688 77 567 234 187 958 896 39 776 614 281 59 274 961 427 15 831 471 795 867 905 183 922 902 658 663 631 28 208 302 795 72 766 98 410 361 418 178 213 650 678 150 405 56 410 774 844 595 346 456 882 348 478 242 308 199 593 402 663 608 280 679 465
890 332 110 546 147 343 479 637 607 214 857 944 892 535 591 480 929 993 319 339 629 238 508 384 43 892 827 434 201 637 195 908 748 577 722 648 871 652 544 150 433 757 759 645 637 145 818 292 789 937 758 986 367 182 804 63 153 289 243 849 953 810 173 104 983 44 324 696 393 430 55 719 633 667 627 86 903 867 348 283 870 804 963 291 920 922 679 883 150 631 458 285 809 853 857 817 308 131 460 209 838 21 113 422 767 500 570 238 9 72 969 521 657 37 592 70 405 690 59 773 170 41 589 124 436 697 610 215 889 179 348 811 461 627 26 585 64 670 897 865 44 931 518 841 781 728 697 932 882 393 913 908 702 940 830 895 274 303 317 841 756 634 481 17 314 852 681 541 706 233 247 221 65 467 556 297 768 359 304 861 580 113 728 969 34 665 43 518 116 591 332 613 729 351 312 961 676 307 10 216 744 31 609 515 273 364 752 814 186 959 591 529 311 979 591 594 874 220 626 322 550 674 358 125 161 293 241 703 732 318 852 576 893 26 282 543 254 792 797 847 790 825 276 789 186 767 784 517 277 467 212 759 356 813 299 459 768 866 518 554 268 946 879 227 303 222
975 304 969 517 501 263 837 160 968 672 192 313 14 520 238 556 653 534 503 410 925 290 315 514 192 79 795 240 224 178 346 642 988 870 980 662 388 520 806 81 708 656 178 944 611 960 974 876 329 725 90 957 633 962 116 111 138 434 542 19 220 945 396 407 668 115 65 64 526 717 607 620 914 429 853 147 300 142 287 370 568 549 553 9 328 381 401 376 66 217 650 865 603 33 190 845 807 397 8 776 354 224 858 125 772 903 943 349 399 719 949 655 616 282 181 279 505 643 845 486 908 923 381 233 442 457 622 375 295 471 187 640 520 536 140 941 482 377 668 101 778 652 939 39 886 10 571 279 666 196 311 555 97 332 574 83 333 82 594 33 466 652 740 593 627 703 646 310 315 75 968 797 681 471 338 1000 266 641 289 779 744 404 420 28 798 793 229 578 747 396 913 344 886 416 896 947 12 317 975 579 756 115 874 505 780 279 910 629 3 6 881 281 308 248 119 135 606 433 761 495 160 376 162 772 211 70 979 813 66 133 63 614 279 724 678 353 334 36 443 193 701 224 993 958 32 144 346 921 762 340 855 201 644 796 407 441 33 453 880 631 109 987 707 279 97 385
483 742 573 92 197 648 874 73 340 938 171 23 355 498 182 190 51 614 778 497 272 624 420 467 651 541 166 406 499 254 753 160 707 989 452 928 99 623 944 38 160 460 569 787 844 392 113 746 738 133 414 889 144 514 894 14 310 382 171 111 870 36 515 595 435 475 792 215 424 478 44 71 163 335 767 281 969 430 949 460 952 225 306 206 823 777 400 838 926 921 881 813 453 875 182 815 580 895 888 841 250 37 903 612 729 806 955 310 600 886 453 425 939 395 271 400 884 86 194 684 661 123 930 434 490 983 643 317 472 401 994 375 103 454 329 593 916 625 849 944 947 857 685 132 723 966 281 234 254 650 564 458 63 720 587 605 404 888 855 350 750 874 337 717 403 692 771 999 435 823 470 415 665 928 692 63 496 950 8 765 796 964 761 393 529 931 465 623 960 371 982 307 651 61 356 619 775 626 150 850 862 201 881 703 263 817 393 473 564 325 319 905 49 511 964 326 701 428 377 352 626 457 649 769 623 162 182 592 326 539 797 341 877 663 338 333 760 108 849 720 876 306 191 481 404 86 478 146 128 646 447 709 991 323 500 896 468 33 70 316 693 848 756 999 806 38
172 635 122 125 787 137 297 796 195 186 866 885 285 356 26 331 401 885 973 327 486 708 917 407 383 469 742 840 591 739 14 724 200 788 56 685 856 843 29 420 418 461 229 135 860 707 729 839 107 718 214 642 357 222 35 206 390 154 644 288 798 882 38 552 634 303 767 88 233 245 326 294 391 979 958 392 758 836 182 202 687 365 859 12 128 337 167 326 274 33 850 900 191 439 182 210 848 770 848 25 800 36 216 175 620 471 407 641 865 821 276 362 959 385 828 144 977 567 834 566 525 523 590 1000 777 783 233 938 920 150 727 793 479 781 898 810 863 184 167 374 92 424 441 414 356 883 231 578 668 886 689 829 364 271 258 32 669 693 155 824 192 140 155 599 793 737 458 447 591 589 252 828 909 162 488 660 904 337 866 328 755 53 753 25 594 326 379 465 881 893 764 593 81 318 522 294 478 122 388 14 281 69 846 196 254 927 655 679 552 26 808 311 393 170 282 997 301 57 56 580 432 165 596 840 915 1000 357 506 234 679 282 448 391 471 28 212 91 730 216 665 822 2 78 709 875 426 170 793 721 764 739 212 329 5 268 714 524 132 824 361 774 621 343 874 364 714
975 356 57 232 168 282 491 647 259 447 363 131 113 760 928 764 563 863 256 621 524 315 917 322 977 679 736 998 894 953 229 11 680 558 626 655 411 724 916 858 831 25 9 521 526 694 855 241 404 233 966 87 901 113 263 814 612 443 148 497 925 924 1 154 924 283 23 386 226 661 358 748 223 647 926 172 149 40 23 521 378 733 805 540 663 899 791 309 92 930 193 925 650 282 102 954 20 299 357 79 434 496 44 278 586 131 479 702 186 562 187 196 814 126 72 634 865 752 975 179 478 838 137 479 288 58 941 263 989 915 64 379 483 797 781 766 933 70 146 904 962 316 989 647 907 413 48 281 335 377 31 688 816 48 203 651 480 634 974 826 629 763 999 573 874 595 252 415 582 85 578 800 837 984 209 887 791 232 322 495 384 752 696 151 416 47 505 812 55 384 112 381 509 433 246 472 470 442 175 895 239 745 463 596 754 131 386 241 64 559 948 127 270 704 852 899 343 923 561 521 407 126 414 29 344 814 908 852 591 241 875 275 198 209 479 806 488 332 295 180 569 216 367 764 305 147 329 33 873 881 199 939 916 56 61 287 243 694 606 499 222 992 139 860 338 4
606 479 996 929 408 999 786 204 568 703 333 676 53 607 2 147 668 300 795 589 329 916 520 355 673 532 889 611 195 400 406 18 140 887 82 501 661 964 658 604 490 682 581 519 749 410 486 922 244 239 92 794 934 458 871 220 500 332 720 414 814 533 616 786 621 308 55 966 262 28 887 42 797 413 711 720 628 548 688 653 857 745 298 973 480 919 646 893 124 77 44 449 839 989 853 761 455 258 556 609 833 963 307 482 405 862 838 973 480 241 878 544 667 575 510 553 547 638 677 17 315 740 20 117 126 874 61 495 11 336 639 247 640 710 296 866 60 563 832 740 450 755 359 241 2 834 658 157 231 516 153 71 39 166 833 669 642 794 664 190 66 830 46 807 182 482 237 50 571 181 368 138 190 671 877 574 383 952 138 451 687 630 864 646 626 956 625 991 677 265 687 443 848 544 729 47 343 904 5 152 729 912 716 3 236 65 208 814 71 950 90 720 229 924 421 829 437 496 169 444 649 49 28 391 314 241 740 941 945 477 649 307 96 515 898 148 141 465 89 498 955 528 142 933 561 391 162 685 184 229 159 162 342 272 713 388 616 987 781 580 183 292 1000 969 417 715
554 749 902 712 338 943 328 189 766 255 17 690 906 29 383 268 912 847 439 590 83 189 254 385 781 581 569 577 188 31 215 439 437 891 123 464 487 165 724 206 447 675 56 253 638 469 18 497 358 722 235 294 875 291 344 890 813 22 453 381 170 658 844 486 105 767 264 679 190 323 395 416 506 98 905 951 172 608 592 767 106 253 388 883 294 829 50 200 301 521 837 361 807 262 447 559 157 182 337 915 112 612 543 373 491 302 975 296 493 735 463 793 814 854 300 956 213 428 259 974 448 209 528 887 994 982 700 885 149 640 376 591 341 656 496 734 327 733 354 624 430 130 604 411 357 67 474 402 194 608 994 616 952 27 207 836 950 844 439 672 965 312 130 806 864 251 547 53 676 726 545 765 731 684 939 764 325 998 671 370 3 986 700 631 13 363 465 783 811 969 895 866 691 24 478 246 797 33 856 712 791 532 127 841 571 253 642 998 522 636 846 259 65 260 702 175 329 846 626 254 297 708 446 252 63 173 103 238 325 310 516 293 895 49 298 737 173 317 632 106 210 225 466 454 797 322 636 926 766 589 335 654 391 557 299 255 574 786 7 25 458 825 260 518 225 988
176 936 554 740 497 732 852 691 557 402 437 793 701 162 977 722 731 867 667 147 494 482 239 911 330 331 974 518 936 538 918 489 198 800 472 570 972 573 405 418 17 340 547 653 543 163 163 128 805 617 792 58 723 97 687 85 598 150 537 41 855 387 793 222 569 703 835 690 859 347 878 384 972 352 933 296 980 492 479 78 775 345 955 591 857 920 447 29 764 82 338 731 475 259 552 362 137 418 685 284 799 449 982 349 589 691 246 603 321 600 815 107 137 4 140 498 228 363 463 154 350 675 601 238 161 934 905 236 136 939 934 550 882 268 339 542 123 265 884 241 492 662 434 756 844 668 427 730 815 478 758 970 123 409 872 919 246 665 613 50 583 852 583 90 267 265 592 797 568 725 875 980 733 779 21 979 261 992 101 514 21 310 928 524 751 934 453 208 908 210 837 644 953 62 523 526 849 311 791 355 540 186 365 749 169 546 491 436 297 108 124 903 470 308 233 607 927 118 640 604 688 496 593 924 559 356 917 224 611 141 454 249 974 80 782 311 46 254 777 498 859 765 921 275 18 416 767 849 750 768 572 554 315 506 478 198 875 179 361 39 185 423 806 251 466 840
253 846 334 31 860 662 701 442 428 575 246 429 606 842 669 112 241 85 48 961 79 888 433 326 230 661 877 179 223 893 838 283 700 639 631 101 232 97 696 793 582 860 166 147 726 71 92 704 124 558 720 26 251 634 44 637 589 269 101 950 635 464 540 384 382 660 858 533 646 396 231 45 742 553 473 699 576 331 438 435 512 725 121 966 959 611 765 863 763 814 253 859 358 557 406 252 568 522 241 850 229 930 567 489 620 364 706 165 363 260 771 928 7 272 872 143 302 849 319 396 298 439 715 29 356 774 689 411 999 971 930 725 586 947 826 712 964 108 634 994 84 886 236 799 345 147 339 171 916 710 254 461 176 241 644 738 134 121 184 514 433 986 84 267 506 804 682 791 564 120 59 799 184 54 301 269 716 564 702 68 822 100 18 151 421 620 638 175 172 361 400 628 676 134 848 157 961 395 246 797 492 492 155 785 796 291 275 454 839 207 275 284 359 119 471 476 767 937 10 979 368 456 290 284 284 865 943 694 201 494 74 553 944 904 633 549 16 498 969 932 969 527 688 67 335 946 436 503 351 168 339 337 178 849 13 118 792 463 561 323 898 184 28 474 855 166
782 237 607 458 219 670 211 825 417 283 119 983 392 293 702 717 700 759 650 442 814 665 748 824 250 333 329 888 805 108 726 65 422 52 558 474 457 645 807 838 816 950 2 573 211 314 412 383 757 212 996 12 735 93 461 893 410 992 405 843 321 587 993 973 914 632 339 704 37 506 567 280 291 582 755 651 139 413 703 377 61 578 849 114 297 197 304 471 121 176 700 451 984 150 763 315 875 640 854 894 308 156 573 163 290 278 557 142 746 712 20 276 789 459 484 189 770 977 105 965 715 362 615 782 459 421 284 342 818 897 49 530 8 869 920 805 332 472 535 84 485 266 159 969 133 212 355 639 796 844 315 76 439 848 886 55 217 461 550 342 96 797 576 804 641 940 212 850 290 843 506 28 500 542 277 583 560 389 618 163 184 786 414 951 509 972 635 345 36 827 702 695 325 460 667 863 820 704 544 922 872 33 469 764 263 890 991 73 791 234 311 346 73 221 142 396 946 900 569 382 78 225 732 132 650 770 550 229 972 166 458 940 44 742 474 994 677 868 199 537 601 322 613 526 892 446 754 950 389 509 308 529 364 870 608 333 867 543 565 366 625 44 777 790 894 59
809 776 587 901 189 627 88 918 145 422 130 236 862 480 436 364 581 425 259 738 663 739 314 858 219 453 350 889 685 800 502 316 543 692 427 399 62 550 163 278 344 253 223 742 365 398 404 230 507 977 101 676 397 697 805 353 593 626 793 858 575 542 951 268 409 996 924 835 482 22 560 60 621 295 258 685 464 253 227 97 906 548 680 576 693 798 414 930 25 918 414 352 177 929 131 856 138 25 80 989 579 525 678 332 589 807 770 558 586 104 272 760 833 413 322 703 972 586 69 308 151 767 84 399 811 866 554 327 950 280 901 443 892 420 784 966 89 4 991 773 698 825 480 869 58 35 942 494 587 586 266 148 220 490 229 422 540 106 822 911 798 199 598 894 315 472 280 137 877 843 282 203 260 776 480 51 668 247 408 829 795 406 700 637 385 570 516 875 13 331 232 370 21 540 94 115 812 727 688 847 949 849 202 900 993 939 96 401 543 897 190 589 784 640 753 243 891 777 755 560 872 767 918 220 852 351 428 559 280 300 256 452 623 289 880 718 110 845 383 483 922 701 335 57 809 904 159 791 932 859 798 319 391 654 392 613 27 977 284 716 811 190 621 466 846 494
536 384 363 286 535 452 201 742 500 529 150 169 988 989 738 573 191 434 871 982 436 681 718 502 892 861 638 980 702 255 264 242 217 580 727 444 970 558 568 614 935 374 926 583 862 312 441 978 435 31 571 504 31 643 650 634 119 435 731 792 538 613 657 446 589 505 123 144 899 857 277 355 307 775 257 156 32 371 450 785 854 319 962 991 426 793 305 241 396 867 351 553 114 560 399 979 227 807 617 236 512 450 627 762 723 71 442 803 744 542 379 846 230 360 880 762 244 146 192 918 28 80 106 95 642 818 816 482 439 811 205 153 313 252 685 897 157 920 416 29 20 278 544 490 405 401 703 975 292 782 531 759 143 989 51 611 69 473 47 274 437 601 871 566 356 669 791 272 61 134 648 171 360 379 926 191 470 299 180 926 638 243 618 630 627 150 116 851 383 348 379 46 107 703 274 109 69 365 433 694 78 369 817 351 560 11 728 197 742 469 577 446 772 702 240 225 391 277 346 986 364 809 137 500 575 257 928 708 365 7 520 714 815 777 568 589 919 993 829 704 319 775 833 613 19 126 186 479 78 760 164 729 567 552 724 881 295 265 868 74 404 737 674 936 638 306
464 133 87 153 914 945 910 966 375 819 28 213 704 411 642 138 854 415 959 178 230 830 802 591 755 926 249 681 784 375 623 975 168 470 705 193 686 11 115 207 537 215 781 396 149 869 793 847 719 519 699 642 189 952 649 665 419 272 306 84 362 124 915 457 142 545 647 74 970 877 999 127 95 803 25 317 494 372 889 431 265 632 484 41 71 144 180 891 390 254 831 588 397 92 918 406 380 426 117 743 323 303 235 219 430 13 93 345 442 937 680 593 406 592 147 321 594 773 368 675 113 659 367 568 32 170 409 280 158 541 558 130 43 436 746 178 238 769 544 300 596 778 280 408 759 541 951 505 420 665 338 791 954 695 40 572 202 685 171 500 946 982 826 847 183 818 201 471 412 445 298 610 930 187 637 48 777 217 876 892 956 433 774 962 165 544 764 340 800 964 252 253 277 492 45 683 856 34 413 493 188 172 15 650 36 55 25 534 190 659 370 273 677 126 914 543 185 36 332 462 205 930 599 122 2 438 37 843 735 765 905 213 694 802 70 403 141 349 479 444 660 881 472 523 296 654 516 909 873 344 880 477 22 627 638 569 654 972 160 559 540 414 419 344 313 687
712 509 283 183 694 388 952 600 87 337 851 199 412 317 166 810 416 577 934 960 873 703 268 334 305 963 866 803 627 867 899 525 34 900 183 679 838 16 40 935 130 174 57 529 684 366 892 347 336 956 730 938 925 990 533 822 414 508 400 111 421 342 482 14 270 954 999 948 734 509 476 245 591 394 197 708 712 149 229 491 766 595 689 908 343 613 414 443 783 427 628 440 699 363 730 62 173 351 11 605 117 599 334 236 247 265 530 81 405 786 738 385 310 61 677 236 599 184 591 533 92 21 176 645 744 186 948 534 32 82 265 249 160 744 355 610 444 404 490 494 534 200 2 852 648 265 433 197 661 391 750 807 438 35 94 390 735 697 381 266 510 468 123 607 758 268 911 481 418 930 864 390 611 915 329 413 335 216 979 949 492 198 81 856 133 990 369 206 381 489 301 630 969 79 865 389 697 874 162 745 126 222 10 216 485 903 807 943 268 479 884 422 407 812 413 877 894 477 363 399 160 413 983 694 539 693 578 567 653 30 278 621 59 12 652 639 463 504 924 799 540 362 467 188 379 568 476 682 659 962 483 488 487 203 69 660 475 898 351 92 662 716 448 243 448 204
100 437 488 421 610 576 502 604 977 35 709 505 38 341 349 26 16 769 601 987 455 419 897 185 270 299 900 47 519 98 724 112 249 183 252 943 228 828 831 506 22 939 230 536 348 537 45 725 531 144 823 677 379 48 737 969 129 879 698 415 58 757 461 770 311 562 41 990 791 939 577 898 997 519 350 74 416 677 581 425 67 114 324 252 505 989 40 445 579 201 739 923 65 277 232 6 566 339 776 390 736 809 166 475 370 66 580 685 669 970 571 553 549 360 847 773 404 839 710 666 171 422 381 347 271 389 483 733 652 602 6 271 949 640 893 165 602 138 907 353 468 815 418 388 938 702 812 130 894 100 859 211 727 65 487 701 122 467 673 462 271 275 916 275 77 652 426 478 231 254 876 444 152 960 573 763 495 817 183 520 927 804 397 831 317 297 289 744 355 240 78 988 431 532 368 281 30 242 383 416 785 947 701 106 165 859 526 207 868 481 357 882 713 193 199 951 158 46 144 245 804 164 653 477 969 551 934 174 276 130 624 976 575 175 811 966 183 724 198 303 407 612 30 2 303 930 850 121 634 957 925 850 579 164 776 375 844 326 624 342 585 741 512 634 128 619
854 196 350 747 615 23 728 8 231 990 166 390 484 17 767 806 759 110 419 376 625 97 269 443 536 570 268 399 489 831 995 391 64 23 698 34 382 724 688 867 387 799 971 457 413 103 347 309 9 746 746 310 419 970 260 311 91 274 389 171 609 792 182 28 543 55 474 346 752 182 105 414 596 111 18 482 488 202 443 70 279 892 350 180 372 21 539 43 559 93 677 263 867 353 374 61 136 239 751 916 2 170 77 854 833 586 172 775 459 750 537 112 722 256 589 504 694 921 851 271 453 69 305 532 21 905 670 567 275 255 998 596 658 880 607 683 487 394 866 666 851 962 448 38 493 314 512 538 433 424 937 537 667 160 122 402 772 988 22 87 979 867 171 101 437 482 138 684 396 229 511 671 912 45 827 832 811 935 133 324 270 241 877 510 127 715 384 423 272 636 109 536 156 283 815 427 463 315 631 231 275 112 275 749 472 798 521 6 981 960 353 817 104 213 785 701 599 453 6 870 131 549 366 459 345 382 971 187 232 306 154 743 572 821 955 257 769 723 296 481 273 897 952 487 937 544 473 699 428 53 979 509 825 262 573 872 61 968 390 900 467 234 232 817 405 500
192 309 970 695 753 260 22 724 751 266 792 835 77 34 246 417 344 932 139 374 427 842 659 658 46 803 906 250 92 917 813 580 986 708 796 543 810 834 324 592 19 338 85 13 280 37 764 620 712 910 540 862 925 57 206 325 905 226 595 872 955 185 795 961 568 315 60 930 55 401 14 929 766 316 280 555 136 977 440 135 1000 844 235 958 992 525 636 390 886 833 392 123 214 439 844 319 721 782 295 764 934 347 988 956 694 545 688 393 964 751 829 20 371 736 863 571 662 481 653 884 154 106 800 692 579 209 887 641 648 175 88 470 263 593 19 796 760 799 204 461 621 7 470 654 673 158 880 515 286 659 167 504 13 561 273 349 207 605 337 338 862 411 909 494 482 410 653 155 80 380 943 246 551 276 579 452 24 183 707 669 230 452 257 899 515 693 484 564 168 275 172 757 428 604 345 237 116 72 631 497 496 312 682 976 413 320 81 953 331 67 660 86 163 550 697 775 974 885 802 824 227 296 489 205 633 264 237 889 678 827 96 630 155 295 601 927 518 268 680 807 653 516 613 856 490 978 769 767 366 686 332 24 961 629 594 281 944 91 111 511 755 212 676 178 841 534
253 289 77 52 946 246 749 283 905 744 105 130 559 275 244 384 63 168 649 775 26 104 579 504 238 643 328 170 447 749 104 545 454 771 547 500 155 827 237 374 295 924 392 896 965 353 267 656 925 630 142 956 817 767 346 639 611 329 191 220 124 265 734 533 640 612 432 306 400 474 883 918 424 526 475 172 711 121 948 841 90 427 659 770 704 250 615 629 819 862 2 204 592 453 406 229 958 334 658 179 209 567 811 536 175 107 17 83 572 81 622 814 460 337 625 5 215 879 923 736 994 697 862 957 533 894 308 299 603 739 71 133 602 527 67 224 337 57 777 410 692 904 846 271 533 808 491 80 328 381 699 55 541 115 830 199 366 963 196 630 15 329 445 652 44 25 99 422 563 543 685 941 580 813 891 200 774 314 414 44 273 443 832 58 692 551 807 235 19 836 718 493 243 754 357 699 390 870 283 184 830 875 912 115 819 213 359 87 317 901 12 100 663 725 207 170 393 782 397 498 881 275 15 345 721 133 387 851 837 710 812 626 174 501 869 280 275 388 550 661 111 821 837 296 337 144 240 906 973 204 331 970 910 728 736 899 945 938 730 274 699 4 702 570 308 784
569 723 295 557 528 401 941 608 682 997 301 914 992 798 682 170 722 2 906 290 679 618 607 172 653 111 139 952 898 936 895 727 500 1 265 449 122 436 582 219 627 217 36 343 476 53 912 814 524 929 68 219 309 256 80 885 787 709 616 207 601 824 865 159 691 158 784 605 313 678 622 10 618 73 98 717 553 787 564 931 834 858 961 920 263 138 285 983 682 599 842 870 717 824 168 119 916 843 926 947 60 297 304 343 26 953 386 618 210 339 951 553 241 395 976 834 548 103 238 723 5 150 280 200 607 888 480 17 470 620 315 573 357 310 914 447 156 239 515 782 521 134 710 586 319 106 595 876 27 26 450 921 695 858 483 390 659 962 705 389 652 133 204 149 46 577 196 976 236 903 693 442 897 71 560 894 818 500 987 76 235 224 34 884 603 356 890 291 472 373 987 949 683 780 656 33 828 794 475 528 233 68 662 325 169 971 673 890 96 479 378 524 744 630 375 887 975 670 471 201 418 107 91 401 201 833 418 606 465 339 673 985 845 8 941 444 574 251 468 597 454 303 938 505 122 286 351 804 796 514 852 139 755 804 194 30 871 550 952 1 548 657 290 246 280 175
902 256 969 6 135 106 877 124 89 16 1 954 635 926 283 825 793 145 600 668 274 339 238 664 702 239 371 288 542 727 209 201 197 43 822 41 324 163 512 802 97 671 334 413 110 500 103 482 97 404 950 890 956 600 432 303 567 448 700 243 770 230 700 475 800 773 40 424 198 603 212 771 523 340 223 769 357 442 148 561 521 201 798 198 494 723 5 653 833 222 150 783 729 218 116 306 492 588 25 856 87 319 779 763 984 358 995 212 18 321 898 598 587 52 385 951 467 763 736 400 548 8 414 577 708 418 89 522 209 368 91 332 975 699 404 69 81 223 245 736 180 572 427 558 209 227 932 397 126 253 341 52 15 526 753 649 949 173 81 308 130 497 186 868 125 482 672 276 810 371 841 895 512 541 415 314 441 496 356 376 105 384 624 946 523 202 668 729 439 755 555 900 122 807 247 511 365 569 23 470 82 331 317 858 60 704 170 818 744 650 700 770 931 640 197 357 737 153 897 128 646 695 569 997 365 84 99 763 667 799 981 576 140 724 385 848 320 888 802 407 344 413 456 825 556 251 386 753 203 952 665 130 776 956 897 375 465 656 806 797 803 519 246 193 277 138
