444 497
43 215 632 570 14 663 82 8 714 173 29 1000 236 673 601 431 1000 453 906 567 452 764 523 875 570 328 697 291 241 817 51 600 688 24 354 13 270 664 244 221 614 153 753 308 134 639 563 629 949 511 192 770 587 545 863 184 98 230 796 860 275 786 190 450 644 157 113 194 987 326 277 426 159 425 9 735 440 651 156 728 322 432 346 620 833 615 759 958 996 233 578 996 875 245 936 726 789 487 274 452 62 132 883 92 270 716 842 298 19 827 673 930 247 622 766 435 63 355 175 191 542 703 47 282 425 534 655 625 267 290 732 98 240 625 534 353 286 374 500 264 613 998 910 480 483 489 527 216 706 225 368 545 466 114 940 777 298 62 131 217 602 985 725 288 669 780 747 243 30 144 811 638 198 549 178 428 986 190 721 159 34 600 726 934 993 243 192 22 564 515 69 942 796 241 259 340 379 276 976 377 843 181 762 393 161 35 286 785 870 899 178 722 131 687 953 147 697 883 955 386 989 292 581 344 697 265 681 325 123 477 260 343 133 574 430 523 693 380 691 287 431 966 893 335 358 242 883 599 648 340 182 105 188 214 174 218 374 292 131 758 138 646 673 602 270 157 462 940 340 269 392 320 359 516 80 835 905 756 969 568 712 793 232 432 775 586 479 176 65 682 769 485 240 272 738 596 633 927 358 748 532 529 324 731 425 277 709 355 677 833 332 953 324 593 657 380 580 618 415 916 481 917 517 358 470 796 23 663 799 794 474 913 382 138 96 943 560 200 416 276 108 935 870 881 372 187 712 64 376 1000 888 480 664 616 512 638 443 179 607 780 791 790 814 971 105 963 79 155 62 104 341 849 816 220 247 306 670 463 807 716 843 597 795 333 671 218 713 109 244 612 635 665 651 301 476 355 749 702 60 92 823 623 343 657 550 189 191 910 168 413 527 906 702 133 199 272 632 303 6 717 458 926 351 986 406 591 436 331 40 333 547 913 318 672 387 653 799 939 408 680 505 891 938 274 906 186 342 517 355 725 368 833 778 963 88 795 799 148 151 977 222 938 679 147 986 529 795 61 1000 424 644 288 952 708 482 398 943 861 351 616 566 60 329 340 884 237 224 112 509 195 455 422 234 532 878 372 686
108 270 856 588 20 638 404 916 123 663 297 256 741 598 952 722 261 112 216 959 863 891 997 956 291 783 728 487 103 231 608 738 463 263 55 123 616 558 327 199 432 110 433 381 27 967 398 82 536 529 632 239 900 812 462 88 395 798 729 108 344 541 13 106 711 194 547 989 671 460 745 778 797 555 937 457 63 753 507 33 400 379 587 850 532 979 19 615 178 395 488 327 183 713 374 94 282 660 503 390 444 460 34 366 276 250 87 387 856 267 618 263 223 231 280 543 923 912 558 976 349 948 673 489 688 549 122 180 18 437 219 421 997 888 673 217 548 892 137 779 502 59 915 862 274 877 978 198 445 796 824 577 950 241 888 128 106 500 113 827 516 875 833 803 17 410 450 631 120 479 854 602 775 396 710 792 235 847 517 445 177 572 154 146 468 299 603 698 970 834 322 349 754 952 556 205 480 645 468 844 237 577 669 458 798 871 803 894 730 383 178 795 36 309 703 698 935 957 735 937 312 671 11 378 513 888 617 605 913 920 53 192 274 837 903 715 569 172 470 891 378 378 512 544 365 20 940 360 140 571 290 540 728 726 848 742 329 548 833 340 890 441 417 452 734 893 357 396 732 614 343 251 337 951 444 978 803 10 925 848 644 505 739 114 832 109 196 84 60 296 502 49 435 241 627 735 815 129 199 110 326 518 414 446 799 590 358 718 409 644 985 159 121 214 353 348 425 50 231 435 288 867 759 653 139 992 936 189 751 259 679 761 539 907 980 112 299 399 53 534 947 56 652 288 572 153 151 177 282 531 240 873 243 987 780 665 451 641 739 866 694 675 770 95 366 779 598 440 901 716 923 344 113 964 515 262 96 937 256 874 658 208 130 996 173 971 615 405 52 20 455 666 110 679 320 317 512 109 304 527 198 470 969 631 3 297 774 429 254 996 408 228 972 307 551 799 812 753 256 225 955 655 207 771 738 385 352 302 554 469 292 695 663 315 313 627 947 991 942 316 190 206 9 785 751 70 316 195 35 729 571 127 881 496 882 699 909 702 396 201 883 920 347 530 896 270 680 254 37 323 667 236 158 239 70 463 349 356 156 149 663 233 514 412 804 188 383 386 49 742 135 62 589 465 338 787 768
229 896 617 279 738 547 126 349 887 344 322 29 269 436 406 688 574 53 898 967 446 983 648 42 197 704 403 14 743 135 701 170 720 865 462 612 194 977 876 38 314 319 886 781 932 163 986 386 761 620 121 484 405 518 409 907 62 923 638 681 405 226 951 569 888 39 539 736 810 593 267 372 672 979 136 204 750 854 663 999 589 167 169 496 767 514 285 707 832 860 533 253 638 680 635 189 178 520 396 455 341 571 305 842 741 802 700 328 37 464 291 510 347 799 419 573 844 701 790 8 896 577 194 582 730 52 956 754 126 622 697 682 238 760 36 328 943 805 207 542 659 666 148 685 845 504 637 470 377 788 998 216 950 412 699 551 720 41 298 388 361 301 14 499 79 530 129 679 352 538 114 380 245 593 167 802 366 183 693 58 114 421 301 533 153 249 828 115 11 804 277 126 467 563 925 130 555 222 162 976 341 599 602 22 368 249 89 958 804 570 620 619 824 259 146 43 941 762 329 742 190 206 330 385 637 720 694 138 549 542 683 486 142 850 549 306 66 525 321 132 341 877 416 626 217 560 521 338 790 596 738 264 176 392 618 955 176 587 502 925 156 307 347 325 399 767 165 966 937 872 882 95 847 997 581 116 431 441 257 641 103 152 950 451 88 997 351 876 181 606 691 705 113 951 218 547 339 114 959 153 78 747 383 786 652 868 241 797 511 425 397 460 540 975 512 939 480 704 181 920 603 279 612 672 785 674 688 879 439 645 856 871 658 242 642 451 943 306 713 949 802 43 411 227 39 715 863 657 909 138 672 446 404 245 971 107 534 658 198 963 39 910 214 65 844 581 971 804 173 945 81 673 638 976 51 730 268 38 375 158 244 448 29 890 649 269 734 433 770 340 182 944 277 949 12 939 867 782 131 820 511 690 924 235 14 91 1 783 793 48 947 613 979 205 586 258 256 112 478 362 288 936 838 781 560 792 131 253 587 811 919 348 754 787 145 637 472 101 632 237 914 679 257 154 234 682 568 16 550 666 972 549 935 334 858 133 56 811 498 11 308 496 774 256 439 330 926 512 314 668 776 829 260 894 52 802 341 538 551 275 341 788 744 527 904 911 761 363 941 358 128 763 617 371 963 351 170
873 788 604 881 568 424 755 489 312 831 357 224 209 203 530 545 608 540 821 680 559 866 672 626 983 486 936 377 26 863 193 494 795 584 950 883 254 257 647 428 610 240 404 608 429 291 985 245 854 71 411 756 848 238 511 313 42 858 916 584 259 970 410 940 666 850 338 792 198 203 796 428 934 748 43 181 553 686 720 911 793 563 10 16 374 774 991 46 170 276 564 394 782 114 449 919 325 825 895 558 650 124 615 782 939 469 114 849 409 514 247 235 761 35 410 576 237 770 712 72 90 59 968 1 316 985 920 858 730 165 693 94 324 601 544 599 913 998 888 123 121 1000 870 453 25 828 963 586 541 428 130 291 320 9 725 645 815 943 157 617 356 205 823 108 553 420 103 382 215 540 925 846 306 313 208 36 673 726 250 675 578 664 145 25 587 397 821 42 705 725 264 253 412 721 850 9 680 116 859 63 713 491 159 972 288 44 391 163 714 305 822 890 55 957 310 642 900 452 893 447 596 676 309 427 193 533 587 511 369 598 9 523 203 690 29 113 470 689 76 925 956 329 659 573 273 84 499 529 623 795 308 94 914 277 80 117 307 248 170 691 157 388 676 294 544 506 863 138 675 408 696 609 793 145 493 291 114 575 280 349 768 48 310 856 194 989 137 603 898 135 636 490 72 177 913 826 479 363 874 592 845 878 698 518 928 642 436 88 975 851 951 878 873 999 863 413 333 850 759 309 255 655 825 534 504 137 552 811 645 636 337 40 967 180 390 502 607 505 253 609 769 711 538 55 585 731 516 710 420 825 629 803 601 730 572 749 221 442 256 187 329 975 552 238 57 762 630 643 824 790 595 925 61 337 537 148 268 313 633 567 872 798 629 817 544 32 48 195 625 247 72 346 77 652 913 107 822 486 671 382 464 656 740 593 120 4 124 170 357 498 309 610 186 558 278 534 570 938 892 9 180 981 46 771 560 330 563 405 140 439 107 515 905 709 398 909 323 306 976 891 326 259 119 648 74 80 936 443 378 859 500 300 709 532 433 469 46 197 147 179 95 477 737 996 964 983 336 480 1 850 367 932 792 242 230 835 77 558 985 120 826 673 26 838 265 44 102 379 288 700 32 619 479 624 293 518 741
683 132 288 745 877 5 141 113 714 564 663 401 243 310 363 229 798 885 21 595 92 695 151 591 802 372 926 311 772 701 607 504 822 124 766 972 815 123 523 975 206 592 936 155 285 658 684 312 422 642 127 356 381 134 365 290 239 337 528 563 277 968 910 756 283 273 837 670 47 351 398 951 599 3 78 229 254 4 60 231 994 986 498 46 715 950 493 111 354 829 404 999 654 565 817 995 676 323 44 395 1 46 696 32 25 818 66 87 382 133 332 825 475 480 395 851 926 83 717 166 28 121 242 159 358 142 160 470 276 635 771 635 726 417 520 378 614 118 962 626 47 484 563 963 757 696 503 570 835 694 555 863 86 230 814 263 380 483 306 930 635 465 247 241 991 140 699 550 810 369 388 455 910 904 200 556 121 668 930 43 576 864 798 265 50 612 667 363 493 201 778 588 476 411 957 807 325 625 577 833 441 689 476 892 996 579 491 778 490 597 42 978 406 232 66 979 717 149 772 327 372 146 212 174 998 627 231 750 931 872 59 857 681 425 171 494 3 566 786 519 627 666 583 265 656 466 821 342 345 531 377 494 110 993 817 668 292 470 232 535 460 809 715 890 277 156 447 589 79 254 129 630 44 567 321 730 875 261 444 490 43 672 857 411 499 234 902 187 970 923 293 179 253 329 580 5 276 307 871 527 302 64 611 451 907 586 590 142 605 690 411 822 808 171 844 484 638 825 502 234 163 203 168 711 976 209 763 263 137 209 737 42 203 413 315 627 5 854 900 585 249 55 147 381 394 892 920 788 691 676 416 680 922 600 146 948 40 376 319 618 245 89 519 646 377 501 791 439 678 453 803 268 856 516 850 261 785 169 67 324 466 866 692 427 177 32 216 218 765 289 904 102 603 437 74 429 8 316 201 618 76 850 792 811 396 727 556 56 669 48 863 43 544 183 283 830 147 380 975 485 615 591 41 224 532 939 18 175 318 304 98 239 615 781 260 342 857 759 344 768 865 95 811 518 567 5 878 508 60 255 451 297 457 175 873 77 834 84 261 824 251 222 393 490 904 927 593 455 674 146 672 492 475 11 966 27 992 737 529 429 529 58 371 794 256 313 234 204 376 154 699 573 263 850 826 429 974
884 939 388 781 936 149 779 888 550 631 602 809 244 913 293 162 12 256 222 329 858 43 298 526 331 500 410 232 789 463 537 689 829 840 243 313 329 725 844 599 594 384 133 904 522 574 565 299 587 720 155 502 363 733 525 452 391 267 118 856 825 53 571 409 317 226 729 376 430 970 411 33 975 63 516 50 705 165 928 953 900 446 504 534 650 564 570 659 471 427 547 419 413 976 96 764 818 645 955 360 975 643 121 398 989 708 393 491 113 64 595 300 141 208 206 771 925 340 194 162 503 621 95 434 747 547 805 347 850 428 17 493 213 635 314 350 138 554 856 607 212 887 280 952 820 535 910 417 771 836 129 704 373 602 649 288 609 114 791 179 626 286 816 476 896 146 192 692 468 515 51 796 757 145 892 774 854 305 878 991 35 853 289 439 631 853 624 529 420 898 799 581 276 28 704 134 732 569 495 199 912 236 939 624 26 584 949 768 945 872 583 301 479 505 733 834 246 289 420 599 482 432 441 733 925 949 578 889 541 108 476 17 333 37 140 821 383 198 561 533 734 639 574 690 836 370 999 249 899 147 432 662 491 255 225 934 845 58 313 691 512 507 858 868 14 210 474 199 766 609 548 845 303 366 145 982 947 87 828 947 519 770 214 550 892 517 22 805 943 836 124 443 75 422 181 15 310 304 382 651 72 296 951 928 840 209 871 698 145 875 760 193 384 847 646 453 939 117 128 5 938 189 154 528 683 964 663 129 297 853 993 943 600 13 421 474 391 926 209 57 172 26 855 254 44 671 819 752 437 434 38 685 310 540 380 614 561 833 617 494 414 751 563 75 495 267 583 236 142 140 451 272 962 313 768 537 682 488 227 69 708 252 187 317 183 221 617 6 208 500 221 734 216 862 880 877 861 789 964 822 491 986 842 825 263 168 830 570 826 160 774 177 710 731 386 313 924 954 715 830 329 948 766 754 280 296 480 250 650 379 594 756 254 428 10 69 837 737 583 482 595 759 741 386 864 638 631 55 930 189 445 384 539 54 137 368 294 273 151 891 274 51 708 662 612 831 303 794 41 236 851 922 486 307 133 737 756 264 504 913 732 132 285 906 116 191 577 647 494 355 750 458 141 38 887 509 745
244 394 109 907 314 167 795 890 234 692 338 611 891 783 479 652 124 782 353 814 791 532 620 333 512 364 772 629 663 715 678 380 543 210 179 314 532 732 247 565 160 984 42 976 86 792 990 865 615 807 621 716 227 934 284 477 602 422 285 65 178 558 361 753 75 140 799 23 122 608 168 613 694 382 788 362 969 945 796 342 957 168 593 922 809 290 879 555 916 791 213 278 685 121 187 230 167 171 467 599 1000 46 871 802 51 890 774 846 714 931 837 319 672 365 497 476 721 450 595 122 992 830 504 954 137 271 737 316 164 8 792 623 422 827 292 670 612 395 264 228 719 843 355 192 83 611 535 607 582 691 624 787 871 561 206 273 139 935 803 233 298 750 398 260 563 471 17 508 474 63 780 719 971 489 391 494 807 511 572 759 112 593 927 389 2 271 91 664 651 322 502 891 847 727 12 727 410 234 737 299 940 847 666 57 648 945 641 296 726 104 861 286 236 393 731 379 879 217 937 486 356 117 423 508 598 638 434 286 830 933 44 439 99 35 469 585 216 618 867 62 203 413 889 556 221 905 891 510 694 730 936 343 833 581 829 403 1000 153 943 525 691 323 565 235 889 490 345 671 745 349 928 718 365 612 107 560 361 706 153 786 151 32 211 904 826 798 841 407 124 118 397 162 504 131 751 869 46 654 944 800 864 978 144 876 738 475 55 571 555 642 998 314 533 916 28 700 461 595 476 383 676 116 632 981 112 362 698 921 620 863 290 522 54 914 738 766 590 669 972 263 900 560 640 450 212 392 493 196 689 137 358 257 562 54 727 381 155 528 876 534 559 757 751 761 614 837 738 723 947 618 317 414 244 188 7 100 413 152 959 657 576 843 275 495 258 942 640 166 215 295 683 593 97 198 385 544 888 371 646 691 157 399 89 938 363 532 810 499 882 710 512 591 653 826 227 696 296 161 887 336 98 806 22 444 484 811 238 884 10 691 989 846 610 801 6 153 212 272 812 623 331 929 462 443 482 864 856 297 769 671 441 529 252 539 357 897 8 598 963 786 933 28 370 6 152 937 812 643 718 155 353 505 434 88 418 358 925 672 269 140 971 261 54 990 112 113 69 125 413 79 36 855 485 409 937 802 28
134 82 339 533 535 176 768 872 527 601 549 227 788 370 846 709 122 359 364 933 251 200 815 172 613 190 235 361 983 267 542 601 980 610 931 391 22 1 430 546 626 249 900 635 796 668 479 822 187 919 34 217 744 214 869 650 228 500 607 234 66 956 601 950 997 86 133 33 229 658 465 148 558 690 852 822 80 333 375 675 727 960 229 298 425 161 973 242 941 750 251 709 665 508 676 120 535 383 413 761 553 494 561 998 420 999 894 873 975 219 932 753 811 420 771 262 238 376 583 257 428 5 993 249 819 943 263 918 554 936 121 589 320 915 83 749 119 588 78 28 93 78 625 708 226 99 258 670 926 483 273 227 831 394 575 509 267 792 569 631 692 778 30 389 348 380 814 476 240 322 794 729 532 252 34 102 340 700 222 714 779 613 410 583 776 564 386 6 372 920 208 253 238 142 757 570 583 548 147 194 350 58 854 103 385 218 202 162 34 811 639 883 852 322 458 306 954 898 685 181 726 877 589 744 75 375 964 865 887 903 508 614 941 630 115 374 659 99 673 316 476 872 513 920 776 577 174 298 401 334 890 733 930 538 229 357 214 334 708 188 730 297 349 898 641 11 934 37 338 525 964 65 157 890 588 303 996 539 296 48 733 139 127 412 305 524 573 229 106 396 359 420 928 821 258 116 765 386 957 953 187 80 576 775 61 793 29 838 647 391 737 353 586 421 680 499 71 133 878 855 470 200 795 524 541 396 979 741 359 583 93 12 357 92 486 52 108 365 518 198 336 466 328 871 125 412 372 575 756 966 593 914 738 123 117 787 335 46 178 648 273 546 101 944 142 244 443 284 192 785 140 930 129 946 508 943 290 318 516 25 317 823 542 732 365 52 806 923 864 543 275 34 80 739 425 592 179 220 92 661 586 139 687 447 522 938 941 481 284 404 336 919 639 193 984 821 890 363 476 815 38 218 324 149 563 417 426 877 432 160 993 574 729 248 18 945 944 752 93 226 36 62 474 541 467 422 575 593 929 918 290 742 750 479 165 573 753 848 16 797 645 405 323 837 621 292 240 123 761 867 809 128 630 61 759 497 404 947 843 985 97 585 480 552 568 587 865 164 604 281 703 885 651 393 591 711 788
194 380 906 657 320 924 421 110 112 668 954 98 604 798 780 361 944 53 256 558 272 14 819 958 844 42 282 972 465 542 326 633 465 836 457 294 863 983 308 405 280 378 213 952 278 830 658 13 647 515 174 429 716 706 302 726 336 622 300 724 757 778 947 889 213 202 491 437 565 316 266 205 658 109 197 843 579 811 73 784 63 256 85 975 928 735 505 172 386 533 187 429 172 691 738 430 747 285 463 574 563 33 295 24 590 58 774 136 34 102 338 971 36 405 940 713 92 575 583 873 901 373 206 142 517 310 591 482 636 562 539 176 967 726 539 710 161 642 714 669 566 364 916 962 571 179 284 788 754 811 920 777 609 549 119 548 931 415 440 479 920 80 930 568 58 822 861 901 522 477 981 794 836 446 494 244 451 499 560 557 864 565 343 765 40 712 960 477 130 175 791 686 124 995 927 349 506 957 114 98 458 337 305 872 737 332 771 280 616 818 824 918 462 184 368 64 462 941 497 812 859 92 988 337 422 515 841 388 571 747 360 767 56 670 426 531 80 757 237 141 907 873 475 39 886 471 548 393 322 124 938 199 858 303 293 342 984 839 83 972 186 547 155 748 531 989 759 636 341 661 304 899 747 347 371 410 527 572 761 525 377 901 116 506 345 133 388 504 673 216 641 972 303 319 881 900 610 175 647 817 231 979 599 298 832 821 801 910 299 226 642 832 992 276 657 287 674 698 329 87 753 458 845 921 50 221 376 273 855 757 898 170 19 995 582 326 775 989 902 548 274 353 968 855 604 425 659 578 931 303 693 945 884 531 898 549 195 286 789 404 802 228 19 68 764 913 783 417 304 45 223 304 288 135 592 814 808 286 615 294 186 884 613 227 758 720 601 729 484 46 976 143 813 536 999 357 930 576 692 861 184 867 836 407 460 919 220 625 837 427 650 294 652 306 347 116 609 82 334 907 749 174 516 847 164 888 347 231 686 590 786 898 85 739 33 225 405 783 663 348 887 702 944 730 530 952 905 761 546 911 91 755 797 674 743 834 866 459 787 264 934 286 887 3 275 753 763 176 764 407 717 892 556 361 431 58 684 519 611 338 110 975 783 746 781 961 167 760 32 307 139 948 600 493 450 918 55
365 23 22 903 46 760 618 500 553 248 851 984 39 227 949 995 822 95 458 972 122 561 824 689 584 685 437 428 921 159 704 660 584 602 321 839 377 577 351 537 310 808 223 157 885 167 822 258 719 532 993 648 316 288 845 731 414 355 513 753 974 664 415 251 657 369 954 415 396 268 187 231 536 788 276 93 886 691 441 867 251 58 243 660 524 624 877 463 778 640 803 918 647 866 874 707 983 19 485 948 1 938 113 54 391 595 491 967 123 410 355 951 108 742 149 603 201 626 873 164 134 602 635 781 121 72 408 238 370 857 704 249 785 442 122 293 970 931 173 435 938 67 256 473 613 892 892 757 992 779 610 681 326 340 744 633 895 489 589 929 758 681 465 237 15 571 687 877 854 490 4 219 824 182 139 482 836 883 425 776 136 403 433 714 270 838 116 741 109 298 35 668 825 68 467 756 29 571 199 42 481 544 230 896 992 422 13 802 533 84 155 665 352 846 492 907 758 937 85 253 48 783 687 685 714 215 856 240 345 542 485 386 602 511 15 305 632 153 675 610 735 609 174 397 5 174 606 127 748 864 604 868 445 852 857 583 814 529 89 501 440 851 685 890 804 637 385 213 817 628 342 27 819 726 445 310 715 61 193 630 724 258 357 306 681 774 600 702 23 512 183 210 518 556 127 185 98 871 628 973 375 236 267 37 933 531 657 264 940 445 749 539 685 10 832 451 579 233 6 897 220 883 232 492 643 411 557 77 112 809 273 392 976 750 894 590 433 427 232 231 83 188 942 581 738 893 713 935 603 909 280 866 593 896 865 779 45 614 517 764 998 837 204 728 479 362 471 422 800 362 252 92 800 445 737 376 179 780 17 951 931 803 165 508 683 71 516 489 454 976 408 33 107 554 449 426 818 257 243 934 353 308 139 434 681 313 930 455 682 25 102 819 270 336 630 60 679 838 339 125 12 44 325 991 755 776 51 932 803 894 949 84 398 164 130 939 26 215 546 741 514 376 892 450 189 862 498 541 394 354 920 32 917 419 724 618 694 374 421 743 854 157 457 626 502 735 824 735 260 652 917 968 370 139 444 121 725 141 722 237 423 170 331 267 545 298 81 955 987 879 635 331 419 276 274 264 295
947 320 554 367 283 520 519 395 860 708 688 22 81 814 123 956 704 955 455 311 683 776 125 907 294 754 964 249 574 171 607 855 179 401 178 657 573 723 482 761 518 468 219 894 697 872 147 62 590 72 690 148 954 271 2 420 512 138 907 873 25 5 357 588 972 186 589 846 444 298 974 118 40 559 81 49 809 595 44 641 395 23 228 918 595 179 170 204 695 299 882 950 429 196 289 482 609 251 998 994 725 616 798 643 767 903 533 309 851 495 186 22 992 327 283 481 728 969 90 382 673 81 890 132 254 573 137 3 13 834 551 479 823 475 813 660 277 773 8 449 433 124 142 204 44 185 99 756 436 235 741 822 814 236 405 434 508 838 33 387 38 25 806 408 58 972 426 372 338 950 565 476 26 102 969 35 677 283 199 695 828 538 317 556 244 225 242 146 842 860 379 504 633 29 79 868 718 379 543 73 112 132 896 390 250 266 755 373 370 849 570 571 954 384 585 949 792 98 836 421 312 793 802 515 257 952 981 939 80 123 886 544 285 424 54 889 739 762 667 925 24 166 507 583 699 713 885 926 281 519 450 103 916 355 40 787 265 724 966 207 628 344 594 811 271 879 911 120 226 442 964 461 94 349 992 984 506 45 841 517 933 41 838 932 701 237 786 434 319 648 831 423 27 763 730 574 124 847 301 788 98 483 645 333 422 193 149 538 327 482 154 319 833 895 98 324 676 380 644 940 819 757 809 63 76 901 288 292 788 107 871 905 231 301 541 950 404 549 342 845 457 756 575 860 86 654 306 370 10 354 275 676 659 897 524 883 281 502 824 982 643 441 682 188 88 564 737 919 716 994 480 585 195 503 615 346 639 311 578 238 129 987 216 625 170 990 281 824 638 570 397 907 946 423 413 32 834 959 43 590 506 164 276 369 725 909 69 518 174 194 564 260 247 286 419 332 970 276 894 399 420 857 280 738 607 402 272 680 197 301 940 467 155 517 442 499 685 773 296 643 460 576 772 85 783 327 382 324 513 729 87 953 35 761 410 992 465 106 398 269 613 732 457 961 371 656 827 402 172 817 230 863 207 925 935 861 106 728 106 307 894 341 215 945 990 668 118 595 367 327 69 476 898 293 792 814 3
730 295 865 920 557 305 203 8 384 869 235 491 994 745 874 346 991 971 179 266 315 449 293 810 361 200 700 853 478 848 510 279 946 991 542 137 105 175 330 832 889 351 401 909 956 98 880 733 735 125 521 734 582 766 626 515 508 622 373 108 828 42 106 350 722 337 919 508 622 401 894 828 716 771 504 813 809 257 679 300 771 618 118 120 227 533 228 414 91 406 16 61 933 615 240 222 459 309 591 166 548 709 180 854 161 564 72 415 694 849 836 229 104 765 514 152 720 704 444 356 510 591 980 372 457 597 441 260 441 815 195 785 146 914 716 953 299 375 157 565 702 254 71 796 69 701 976 908 301 735 992 151 227 254 692 626 911 814 748 251 960 815 67 944 128 205 829 505 531 122 774 360 116 785 755 928 282 534 916 103 385 281 426 378 571 576 488 198 18 366 904 995 331 123 402 262 458 748 586 182 900 467 811 31 929 679 549 493 582 936 841 378 200 901 603 580 226 260 433 171 975 187 76 747 507 93 147 231 290 270 223 380 388 344 12 516 350 470 872 434 371 635 207 783 10 952 54 985 754 955 629 502 115 279 992 842 265 896 289 689 143 835 628 658 177 67 24 833 428 309 4 745 389 985 181 419 557 789 405 326 813 641 577 249 471 468 663 403 186 541 213 172 632 909 208 991 18 483 643 418 574 80 425 842 778 953 446 342 203 406 481 99 669 297 239 423 160 42 180 85 257 669 290 105 83 262 828 71 145 185 157 348 250 46 795 596 320 880 460 421 656 841 461 154 151 990 885 596 250 540 447 531 405 291 27 809 361 903 482 579 309 721 564 447 894 56 424 490 118 417 135 624 889 302 137 778 955 666 242 367 477 982 583 724 588 765 370 759 755 928 963 883 723 837 259 211 293 421 88 290 39 481 270 142 751 971 150 575 785 105 911 419 180 276 671 173 760 490 168 65 632 773 881 732 757 649 72 234 939 321 604 762 948 970 621 431 351 399 345 236 815 658 771 487 935 915 786 388 404 197 404 472 958 124 552 612 643 418 478 747 937 553 430 343 826 637 158 501 335 22 287 484 41 711 796 990 537 882 183 768 119 993 179 724 956 14 736 34 940 5 328 127 181 103 779 670 436
427 980 193 296 125 578 56 195 810 393 559 783 421 97 674 128 849 162 55 9 726 837 16 721 350 29 929 586 738 783 100 50 457 446 795 899 283 939 771 438 265 883 261 911 221 248 849 357 935 566 402 236 271 848 307 713 94 898 556 348 58 655 61 377 433 740 514 14 912 204 567 459 646 304 340 571 268 320 253 488 198 583 892 659 527 977 821 847 589 301 825 384 518 923 995 181 832 389 403 327 326 859 318 789 842 248 434 747 183 257 656 471 137 97 890 521 688 833 744 362 566 517 932 934 703 273 780 285 26 998 121 838 850 96 742 472 389 499 593 454 722 895 622 484 455 592 504 554 866 952 175 415 163 216 104 272 803 372 497 367 588 462 674 132 567 369 485 600 697 458 104 722 120 118 769 854 570 448 666 481 146 50 275 258 764 719 483 560 560 620 334 967 922 262 668 497 996 3 111 102 479 810 61 506 859 427 503 722 88 265 201 962 18 208 329 705 475 40 524 46 652 794 761 310 790 50 126 341 543 592 380 802 212 678 899 864 969 72 778 616 248 867 863 325 178 569 356 942 830 984 238 149 173 641 964 864 470 582 238 236 371 775 111 566 412 438 294 710 144 67 766 291 318 378 616 717 180 885 858 953 599 163 849 74 945 714 993 166 40 778 524 562 613 282 150 639 440 257 47 680 218 977 146 196 824 995 424 115 283 719 312 922 752 88 758 937 356 977 746 596 335 674 39 831 150 662 563 976 52 88 476 6 755 624 699 90 853 127 347 626 807 829 719 533 98 219 951 838 839 362 803 281 698 143 332 911 292 617 891 177 914 968 903 469 905 588 718 218 424 699 868 228 797 397 721 197 886 87 85 915 634 511 487 763 414 697 715 265 561 673 816 534 32 60 712 42 973 388 532 808 819 218 11 218 759 426 248 974 901 710 226 410 274 798 976 609 210 434 735 761 672 88 543 497 921 995 191 213 463 47 795 989 666 606 164 560 247 343 640 365 583 451 261 655 52 203 645 335 763 831 367 994 716 463 773 282 104 803 964 251 458 722 691 852 226 347 58 219 961 508 845 403 247 617 754 296 893 133 29 948 956 309 822 592 57 667 537 737 70 231 612 405 652 837 258 866 735
320 286 578 287 291 521 188 707 367 879 47 516 225 868 867 830 471 249 104 533 795 364 976 926 744 377 263 604 337 596 38 38 919 959 809 150 140 770 806 569 723 479 760 520 118 405 482 137 735 343 363 317 640 723 595 633 594 917 918 397 881 533 254 660 636 331 487 573 830 693 118 238 107 622 538 346 188 441 282 647 828 427 297 590 364 777 764 403 203 228 160 404 276 632 720 418 833 631 962 895 151 143 238 691 997 273 918 134 430 268 228 422 915 107 708 14 609 927 438 490 907 467 200 674 453 781 347 4 241 402 434 382 610 466 882 920 493 897 916 159 882 575 242 245 137 884 530 24 70 761 450 325 258 969 239 667 271 89 972 906 424 587 215 806 800 830 926 276 880 651 371 93 871 451 593 393 239 697 483 352 807 209 916 147 863 63 189 817 633 237 672 824 777 27 506 558 731 376 93 576 76 312 453 941 769 568 817 114 306 528 751 121 313 60 747 584 916 10 308 300 423 315 729 830 493 445 118 639 606 62 751 959 160 411 18 708 707 635 653 220 283 547 484 471 886 104 159 225 536 475 308 337 370 472 346 255 340 610 608 458 989 52 582 897 211 640 629 414 216 452 481 323 435 120 615 283 665 328 931 377 927 261 677 452 544 671 755 496 909 365 323 606 11 140 783 360 732 999 872 742 316 589 355 305 898 75 220 222 592 113 770 211 224 13 185 21 478 565 650 674 121 652 154 287 155 775 643 942 821 477 450 620 189 283 768 171 28 911 708 435 975 367 776 254 492 454 733 59 18 366 491 646 370 478 575 529 46 893 447 292 90 550 710 188 740 105 641 569 857 832 409 576 418 325 536 429 871 973 530 185 127 354 64 389 826 863 451 380 475 42 949 162 488 184 793 98 382 826 846 651 113 384 924 897 282 497 123 967 821 862 92 655 174 425 843 698 278 250 182 191 447 914 788 522 234 433 750 839 172 970 591 660 852 713 76 2 567 244 665 111 947 588 963 962 493 900 38 239 676 165 338 480 598 661 345 379 887 360 537 469 162 870 73 608 843 448 188 892 895 481 743 542 400 40 392 699 736 169 964 647 151 544 240 280 38 218 421 237 727 527 75 162 131 561 502 672 728
355 496 201 519 842 953 974 973 455 133 521 479 996 912 86 225 434 590 368 152 680 290 285 300 173 275 529 760 337 447 929 794 713 58 13 370 53 359 762 229 230 957 630 150 49 94 76 821 437 961 605 328 426 807 970 758 29 735 715 196 76 811 984 218 191 506 72 870 308 942 506 130 857 208 921 500 214 217 507 80 456 82 390 713 280 651 908 174 816 906 366 480 437 87 516 861 911 109 986 748 146 557 164 193 834 555 873 954 797 8 136 962 30 290 367 167 353 695 940 109 489 398 322 155 465 213 661 944 360 101 328 749 581 243 137 30 655 573 683 345 27 104 353 518 815 41 99 859 406 856 886 569 529 755 707 717 296 883 772 853 578 382 282 742 328 259 909 885 381 673 799 102 763 213 392 628 819 885 815 219 285 528 622 42 668 872 774 98 906 770 111 214 494 769 861 842 83 384 269 481 182 395 211 384 209 514 814 492 818 45 112 781 51 366 478 838 894 590 492 790 796 465 453 462 645 810 804 996 652 637 884 870 317 959 861 990 512 94 796 346 912 541 897 840 77 517 477 43 618 491 868 891 159 234 598 466 84 641 856 909 708 73 140 959 810 409 8 391 375 858 477 982 871 450 412 801 41 636 486 268 64 653 531 295 363 588 720 152 209 99 250 390 221 388 162 866 667 506 695 963 653 865 19 634 166 285 206 75 78 278 387 597 895 462 420 822 980 636 710 801 575 424 928 358 456 584 668 643 643 112 495 479 324 843 182 428 949 309 682 187 344 237 357 416 288 284 497 350 405 694 114 497 144 898 708 564 270 217 793 354 472 490 92 470 440 504 951 380 955 367 291 633 724 459 414 137 120 342 457 380 135 279 411 771 179 43 79 594 353 433 874 502 22 452 497 778 281 740 777 755 790 235 564 46 717 237 827 627 892 711 786 830 426 875 236 716 58 433 359 382 524 24 678 90 260 113 797 471 460 831 884 811 659 969 590 603 206 287 966 374 309 212 485 468 658 213 956 940 115 979 265 254 588 996 926 730 461 298 64 939 467 449 79 373 815 980 76 42 767 696 262 297 512 611 742 944 835 716 286 395 303 742 572 920 217 451 17 356 809 33 952 895 387 233 888 78 534
137 526 476 227 647 265 20 862 733 369 443 351 724 920 738 572 617 837 695 574 971 168 847 787 631 814 355 542 914 797 937 286 503 414 131 54 606 531 253 186 821 877 479 587 388 41 186 467 955 171 345 266 576 701 806 306 240 214 741 389 447 599 969 764 704 89 538 917 595 170 423 512 286 501 5 671 607 773 889 494 908 754 753 579 509 420 228 120 744 461 714 260 796 460 22 419 965 695 691 147 505 430 289 577 380 868 149 515 819 366 785 59 135 638 464 526 91 308 366 486 539 545 602 565 753 496 494 51 517 609 61 509 398 801 12 654 847 148 184 18 463 776 624 834 743 320 954 456 227 457 808 128 128 193 617 899 191 871 167 597 43 441 740 994 464 412 801 703 72 846 262 619 517 401 387 77 824 580 957 625 40 90 469 688 12 885 613 616 149 982 338 485 447 714 323 118 790 895 80 432 422 374 342 797 450 407 493 551 939 246 717 835 448 619 913 456 848 556 705 961 97 587 616 694 879 402 770 209 110 44 761 819 37 108 136 426 452 83 286 977 509 707 266 17 664 868 57 721 541 728 981 689 575 971 979 135 214 131 374 991 111 760 400 95 845 683 677 699 938 163 668 906 50 485 571 543 798 524 647 199 8 294 511 943 413 857 75 772 379 160 494 148 9 826 641 231 591 761 282 787 358 478 775 991 709 852 90 803 560 732 333 474 427 224 116 941 102 878 870 798 561 309 928 119 300 485 487 235 464 897 610 164 168 264 617 907 924 274 486 456 114 510 868 832 937 960 912 985 425 493 598 208 695 34 695 542 463 869 762 870 807 97 603 1 747 717 988 52 13 331 391 235 381 300 273 40 521 245 595 295 619 169 601 379 608 469 304 345 506 99 113 72 837 866 761 202 706 909 332 21 649 944 138 794 703 447 710 491 650 170 662 667 519 115 632 99 993 643 78 725 981 853 601 408 128 827 273 922 762 568 239 166 593 98 337 554 331 815 864 990 433 594 600 799 436 220 684 135 377 574 757 303 321 348 352 325 287 685 340 645 648 832 822 855 485 617 804 927 536 479 94 11 842 296 140 91 137 341 258 359 706 584 690 377 821 313 183 555 640 57 518 140 818 544 566 999 74
96 925 15 609 427 257 117 478 582 124 165 583 978 503 756 397 605 281 803 348 459 693 704 344 50 556 434 580 373 122 161 102 432 803 135 818 818 269 331 909 762 743 510 239 894 299 155 427 399 49 201 426 737 260 716 47 925 519 539 259 956 368 38 937 25 465 855 693 514 171 974 304 884 927 894 672 73 873 523 927 420 891 208 762 754 965 597 312 355 789 425 866 758 831 875 917 347 835 173 329 301 43 216 858 485 450 145 537 749 336 215 119 577 862 137 383 270 109 859 920 91 289 981 476 646 226 477 223 820 466 257 810 778 697 175 334 14 358 965 993 135 742 266 716 106 982 899 154 966 435 642 652 493 23 419 611 546 740 745 678 696 318 559 765 536 146 978 787 184 949 867 107 753 775 697 347 242 936 684 909 826 219 304 84 985 392 881 752 801 872 896 716 719 149 149 598 894 452 699 929 95 912 269 218 627 707 741 913 300 806 203 491 869 452 932 783 53 423 516 499 948 423 672 286 163 73 61 331 647 130 41 244 766 873 234 220 752 853 323 533 407 545 249 556 273 772 479 665 945 18 375 378 801 966 894 580 385 474 80 514 774 965 776 849 955 766 16 749 75 676 620 706 432 149 963 866 736 47 682 112 320 434 270 14 799 820 584 779 177 639 161 624 254 42 593 821 545 531 847 308 240 30 982 145 424 526 219 738 326 103 394 98 790 707 137 661 863 489 110 546 479 700 71 508 826 296 27 563 761 729 349 900 330 808 966 543 208 430 976 120 810 800 493 191 635 446 727 616 382 863 257 712 971 203 242 81 411 435 242 919 172 804 78 886 864 536 706 909 949 77 303 120 355 40 27 945 331 449 93 209 556 625 464 993 737 357 843 33 62 574 526 774 106 561 184 7 906 88 247 792 316 683 873 747 963 556 544 208 393 943 200 955 945 823 923 489 241 603 458 297 579 981 975 283 34 812 86 39 606 367 77 747 215 256 423 256 339 713 925 409 719 234 142 659 253 322 612 309 29 282 622 283 175 196 328 56 347 961 551 838 683 743 734 727 413 84 917 245 924 492 321 292 887 341 916 944 341 386 341 602 481 219 255 381 532 444 825 309 792 789 471 14 882 926 782 175 82
449 174 688 100 967 249 690 851 165 751 870 959 233 800 761 939 798 253 73 933 523 472 458 821 286 657 891 624 879 326 183 67 996 915 469 967 389 609 355 228 964 237 47 372 822 52 57 478 891 676 788 145 530 843 927 465 923 883 304 172 732 39 465 632 520 780 192 339 620 505 55 501 260 573 30 442 772 970 565 950 554 972 128 186 590 708 74 682 158 939 285 697 764 832 517 271 943 20 587 100 843 34 448 27 237 392 437 22 927 197 830 551 854 386 465 639 174 128 681 531 969 450 420 6 497 430 899 346 885 291 944 546 1000 905 65 25 551 546 170 316 24 483 678 491 475 216 869 211 34 823 26 612 382 354 649 228 309 521 746 993 339 225 285 661 230 468 121 63 798 460 656 398 849 817 92 9 459 463 977 436 69 522 324 487 577 862 58 603 998 417 973 548 668 566 956 34 815 935 845 253 65 819 911 82 980 419 265 892 844 429 906 773 121 258 104 441 766 270 686 436 392 397 972 808 354 411 753 395 955 831 132 469 733 865 502 345 403 454 819 297 295 372 928 560 172 143 336 406 204 659 598 948 995 539 624 272 348 699 346 555 467 526 967 439 901 208 281 227 728 979 573 889 903 170 756 421 340 22 606 10 303 550 484 258 933 906 408 55 234 449 979 302 511 694 436 962 505 384 552 887 427 673 836 827 464 329 206 55 176 432 766 735 989 839 584 858 626 451 786 382 140 925 488 913 627 29 67 855 715 820 125 577 360 459 907 900 264 918 737 623 720 266 325 657 984 376 997 893 304 274 525 210 583 602 146 274 708 842 585 926 839 816 444 355 929 65 478 490 43 634 259 272 793 840 149 372 695 252 381 738 168 50 787 470 183 846 422 225 953 461 858 559 903 953 492 148 711 45 570 993 905 674 418 12 152 944 466 644 811 68 592 887 781 392 755 312 399 288 36 580 575 719 274 729 432 998 265 810 525 73 974 201 675 578 385 898 304 9 566 256 364 447 84 583 91 131 252 52 228 319 401 237 833 923 905 498 444 167 545 769 842 69 937 484 18 118 378 497 709 951 392 375 672 83 818 539 81 580 65 583 259 197 763 531 401 13 478 56 31 848 408 518 358 652 476 245 162
732 465 244 709 197 882 354 689 433 388 854 611 103 121 184 483 511 64 189 500 471 295 873 663 675 218 802 237 17 200 587 658 161 40 925 567 336 744 175 916 882 914 688 838 288 180 961 730 442 235 845 384 141 103 835 356 2 238 210 961 524 434 775 730 374 893 698 541 27 665 500 646 185 746 276 912 827 582 547 324 324 622 694 797 841 392 587 977 131 168 505 402 690 80 150 782 957 139 52 585 295 618 920 385 732 443 183 97 686 632 224 976 889 95 731 174 87 830 25 668 83 252 466 749 345 17 51 507 712 928 106 181 177 376 991 965 945 347 191 566 241 290 761 685 960 604 874 8 645 495 141 428 73 737 71 96 457 126 468 928 25 470 871 825 203 786 136 718 767 39 377 532 571 737 55 410 858 373 660 833 200 484 388 820 55 667 956 524 222 544 804 836 544 601 731 565 404 403 428 121 990 524 314 724 918 89 31 442 711 188 376 517 1000 992 136 989 898 946 411 145 85 828 692 323 23 846 182 233 565 701 122 484 90 911 629 95 291 242 822 182 418 235 804 670 193 622 557 259 594 791 908 821 593 382 101 792 702 413 396 77 781 872 232 459 704 673 407 877 646 329 561 616 674 197 396 489 695 788 903 834 6 752 593 81 563 279 324 997 878 286 229 385 581 203 583 901 324 98 826 607 851 742 526 554 963 530 914 640 713 987 404 628 331 416 277 940 76 949 700 479 720 637 562 48 831 634 166 546 139 812 524 151 353 496 50 583 465 791 322 775 679 524 246 389 257 77 522 235 332 357 150 8 359 839 200 202 485 757 545 327 148 520 967 6 783 262 568 127 627 392 616 389 270 598 3 87 968 961 102 487 468 550 426 269 291 765 440 162 358 49 80 772 329 232 125 553 551 932 911 390 238 185 441 906 473 955 546 595 393 653 943 951 793 980 417 230 429 902 392 735 314 420 967 539 107 518 930 886 698 852 945 809 458 803 863 468 653 415 423 448 761 886 496 326 142 880 634 111 961 523 180 798 208 432 47 691 714 801 945 522 652 354 507 918 439 84 334 797 416 15 561 813 311 309 699 267 838 283 326 302 218 111 552 841 803 947 158 562 528 255 692 180 679 547 443 469 613
700 327 41 318 530 318 175 55 901 77 432 985 94 412 588 309 618 228 780 427 895 55 914 156 454 69 353 641 402 59 710 49 50 588 671 854 76 759 735 112 323 928 676 817 20 745 367 707 281 169 722 138 540 676 146 994 264 652 5 127 379 390 750 645 572 951 890 731 156 889 749 937 369 436 25 42 639 728 923 517 976 514 904 200 296 109 245 822 60 86 687 756 564 908 169 985 388 165 381 150 112 528 749 929 183 666 560 641 596 5 209 552 499 180 829 507 170 431 56 533 690 561 807 237 824 549 730 680 440 102 438 9 199 596 860 574 184 328 109 945 257 980 821 772 834 839 924 438 988 162 772 459 357 282 746 23 315 821 262 893 327 980 690 821 906 68 601 588 968 103 354 969 574 201 586 236 985 755 975 163 856 459 943 348 472 727 475 602 66 55 187 883 476 66 841 411 622 449 91 425 726 215 11 136 898 861 701 333 82 252 147 831 62 61 111 799 775 346 201 291 54 432 391 957 738 600 355 335 632 941 300 520 155 580 327 133 391 608 406 371 595 456 861 653 882 551 36 606 322 333 81 783 780 566 204 49 397 544 21 60 976 17 446 613 620 783 160 532 225 567 137 164 145 911 616 295 608 601 557 415 778 909 767 478 441 333 8 878 276 451 934 610 765 63 642 491 466 229 822 622 403 682 104 600 669 922 456 764 185 139 809 363 924 437 975 975 147 426 533 890 661 6 785 344 902 878 935 806 517 798 727 996 498 680 16 294 566 307 166 182 317 310 209 377 595 650 209 344 911 799 418 512 845 967 312 753 745 504 966 96 232 722 864 855 190 401 203 803 17 429 572 385 189 303 529 505 560 895 532 64 562 311 141 19 167 727 427 373 178 867 420 378 374 734 573 856 297 209 595 960 491 569 959 634 58 222 657 239 40 51 45 932 836 12 663 245 672 4 719 678 178 138 360 737 911 893 174 861 352 332 849 76 286 820 789 894 241 613 697 262 531 808 536 689 250 365 862 863 442 659 459 276 599 50 48 707 869 678 358 947 348 882 982 17 797 242 619 638 544 778 473 428 285 426 627 372 558 768 915 724 670 970 456 618 792 539 859 771 192 667 263 446 857 711 827 236 950
568 367 882 98 372 663 109 828 111 934 107 448 824 704 918 159 463 100 227 847 477 9 606 700 129 200 896 849 98 242 843 39 2 203 370 408 28 278 95 652 979 572 107 738 869 569 486 905 326 338 49 6 175 339 668 862 303 671 370 814 168 976 314 430 338 39 309 694 382 733 761 198 535 16 645 243 86 650 881 327 886 751 688 282 136 540 524 790 363 477 484 838 811 837 572 619 427 453 448 591 79 321 240 893 932 926 149 907 12 529 733 951 530 866 490 761 749 556 500 76 570 468 312 328 992 59 852 340 436 496 90 884 291 196 174 254 373 526 769 964 140 955 480 26 538 235 987 566 902 329 147 645 378 186 742 12 975 127 516 754 211 955 365 58 292 694 544 902 496 77 885 234 419 500 286 649 935 522 510 956 30 553 87 321 86 549 580 476 773 657 102 538 48 279 376 659 224 22 853 86 937 22 488 415 117 784 130 445 916 561 318 155 874 768 458 260 319 158 805 738 531 738 237 149 449 918 658 490 207 551 253 333 915 321 413 453 545 740 741 261 753 670 480 917 647 342 644 808 869 262 445 858 668 935 323 608 273 236 565 838 658 970 67 788 379 889 252 537 95 78 203 303 945 222 593 352 171 110 211 137 31 381 303 609 903 73 274 60 188 118 684 259 751 172 377 644 232 828 962 250 235 708 232 192 669 899 575 191 683 743 796 389 137 653 366 974 903 407 447 648 626 279 847 699 497 904 436 614 913 553 940 253 817 115 316 826 442 279 453 938 843 123 346 775 861 797 63 812 487 100 514 474 41 558 204 976 372 72 738 883 306 910 200 349 23 937 373 992 535 775 518 480 342 594 454 737 411 239 382 160 35 416 178 542 726 91 690 12 152 129 944 471 881 616 778 768 552 120 350 745 730 780 43 618 12 99 344 217 586 129 563 205 210 588 100 818 474 666 925 85 128 453 108 197 557 477 34 38 643 690 91 700 101 397 926 76 523 436 548 230 498 435 109 314 21 700 249 604 527 902 535 570 491 314 178 276 788 453 592 564 402 620 421 710 566 442 520 350 305 626 876 751 673 359 862 387 397 523 671 291 379 752 566 959 691 374 913 732 656 544 459 207 495 773 468 733 272
279 464 557 845 619 744 625 24 88 268 239 791 750 624 750 641 995 382 54 248 815 597 876 371 920 137 44 694 620 405 697 716 41 59 97 627 903 341 873 319 815 296 69 268 497 144 717 600 12 920 299 975 903 320 880 721 264 890 137 255 941 709 892 245 908 340 244 291 226 116 198 644 283 356 365 603 711 758 543 288 56 487 751 480 111 113 109 80 883 771 665 827 457 339 157 202 392 520 478 335 83 625 233 493 923 738 929 61 952 150 191 999 212 535 536 952 30 351 864 418 191 696 335 154 425 728 315 552 558 254 489 95 727 9 88 14 706 771 665 366 659 498 441 135 857 715 225 754 974 259 961 713 701 631 754 100 412 933 573 526 960 517 520 853 680 59 874 239 511 448 515 708 525 550 571 345 116 949 630 526 326 992 293 496 749 524 690 829 135 970 798 927 596 783 580 422 539 853 941 381 746 716 481 65 175 484 45 663 847 768 520 464 253 388 900 479 910 257 274 312 555 311 155 618 178 966 393 893 463 727 20 100 155 776 49 629 569 589 78 309 994 410 883 2 288 867 237 268 533 360 699 485 40 874 552 726 342 298 381 653 711 543 44 448 993 990 131 146 774 123 699 731 27 530 421 126 810 221 754 699 983 376 163 803 980 421 29 939 358 518 1000 306 935 400 727 828 617 369 586 426 444 356 466 419 976 588 990 703 860 84 468 474 42 37 849 153 604 161 197 708 246 836 465 103 777 311 277 382 531 969 688 565 341 438 507 715 402 618 570 157 532 502 971 925 492 132 136 15 995 597 699 84 488 719 74 261 541 848 115 403 905 36 355 38 252 729 497 983 390 135 502 593 221 573 197 784 305 438 817 6 330 96 771 258 10 71 281 912 584 398 510 308 996 981 802 687 165 268 667 780 576 635 566 717 483 830 609 516 817 265 672 395 758 578 221 54 115 831 768 937 242 312 953 595 583 493 713 275 821 617 640 58 186 487 462 26 397 667 182 269 572 31 538 758 727 1 426 813 646 762 209 368 11 954 49 453 723 499 657 891 780 885 57 928 69 442 369 656 632 953 969 645 951 535 632 582 570 759 775 670 584 609 919 928 502 413 989 157 645 159 353 887 306 601 352 299 241
622 699 724 562 398 709 270 352 70 503 576 668 133 890 311 516 927 211 833 134 845 331 835 225 957 338 209 190 469 903 321 171 570 165 805 129 520 236 129 162 949 133 940 450 124 168 249 355 766 735 900 215 110 727 227 915 889 358 811 498 366 523 962 41 873 285 340 163 664 517 653 610 190 903 208 499 842 924 881 217 575 215 841 600 487 469 241 661 717 76 596 726 564 21 296 457 887 657 507 956 151 648 713 493 326 59 14 377 809 409 592 841 404 953 205 672 957 110 19 462 663 724 664 681 576 232 15 409 648 931 98 266 965 313 45 151 943 940 997 640 748 858 120 470 387 425 938 236 47 698 720 535 402 562 584 818 641 982 464 569 914 279 90 813 226 803 666 931 496 245 754 147 191 362 881 258 258 206 983 388 813 515 59 886 899 901 408 3 5 526 510 654 937 801 218 603 790 196 446 521 758 220 904 315 691 197 317 605 859 63 209 387 1 821 437 571 327 225 815 177 786 615 851 127 382 769 331 144 494 86 748 441 690 477 161 491 761 789 981 501 188 877 514 804 664 350 50 225 616 900 721 529 100 754 582 945 706 686 26 448 726 958 133 178 717 474 527 236 433 513 859 306 463 970 406 868 428 993 5 461 342 689 562 434 348 353 96 728 229 310 736 439 487 697 651 62 972 824 231 636 882 739 228 942 560 214 165 451 505 396 225 810 225 92 131 772 407 28 696 89 400 236 993 140 611 761 391 818 649 574 254 321 169 412 258 127 134 412 834 839 796 790 761 165 4 814 4 397 813 207 885 832 577 621 508 568 477 879 643 61 924 948 396 212 868 996 168 357 875 53 128 999 524 526 347 408 790 911 639 664 709 580 888 329 660 735 612 701 449 65 202 965 961 576 409 249 367 603 575 156 133 494 382 858 769 343 90 509 696 113 792 22 160 354 308 888 492 812 709 842 58 51 49 65 399 633 819 162 389 125 53 314 30 660 248 936 25 801 375 343 491 502 304 905 1000 311 893 72 225 780 121 619 806 283 593 412 665 986 121 18 444 595 983 801 944 388 424 600 678 946 409 684 132 902 241 570 824 580 806 940 189 40 744 731 896 519 13 289 209 781 878 423 162 341 732 405 150
948 800 545 788 608 900 323 353 135 264 518 831 554 291 686 808 392 37 374 854 402 331 911 853 236 744 395 54 104 713 65 975 799 51 73 496 605 985 849 639 292 163 116 143 620 906 150 31 52 955 186 460 304 317 188 251 546 325 476 130 247 756 295 502 246 216 215 193 446 57 801 741 994 347 549 233 186 630 487 766 496 840 853 776 249 394 68 745 734 517 446 81 861 624 62 922 474 980 734 994 204 536 429 389 720 481 332 594 540 110 16 233 830 224 358 475 543 725 829 902 530 770 940 216 494 20 546 95 650 603 631 396 106 662 230 57 965 629 184 755 829 62 993 209 686 69 348 723 507 189 283 371 313 635 220 707 319 537 795 526 325 97 142 602 521 16 123 995 616 250 688 491 532 295 602 855 206 445 698 448 961 901 554 729 169 905 214 239 791 586 29 399 250 638 95 102 479 526 52 967 137 7 322 227 802 610 625 622 829 612 323 803 885 657 466 385 310 246 533 851 56 592 127 200 483 424 571 478 569 271 325 803 843 333 654 30 863 836 103 74 122 586 235 575 716 270 284 326 68 280 651 286 792 964 7 541 689 800 773 52 575 583 331 612 875 699 977 827 636 741 407 215 746 690 421 459 427 295 363 367 309 127 942 519 36 211 87 559 390 157 987 144 283 124 403 145 697 766 359 836 511 801 506 593 34 526 520 360 319 525 110 142 545 15 23 246 911 543 28 454 810 356 44 36 262 980 40 425 840 446 999 885 572 758 590 838 751 48 696 75 681 195 788 206 700 986 530 881 515 430 823 447 163 242 186 161 484 697 907 140 277 652 67 255 622 518 838 824 223 760 222 55 282 568 319 914 82 299 463 4 333 371 663 674 245 366 853 774 708 962 758 213 214 396 75 66 449 855 143 983 909 619 685 791 236 558 151 961 360 594 165 584 821 301 976 465 637 756 944 851 838 831 885 61 188 665 84 299 953 712 689 318 541 359 177 49 461 929 758 253 883 580 841 15 918 847 606 405 295 936 820 287 270 355 492 960 811 820 298 763 913 981 181 485 482 645 376 942 351 989 235 534 113 814 503 700 905 828 917 736 100 490 102 459 942 183 232 576 251 78 331 744 164 575 847 539 655
593 15 352 791 907 144 635 988 485 421 208 885 379 883 370 420 896 754 867 546 431 377 410 615 972 178 789 870 985 65 825 110 417 585 590 310 971 17 913 249 417 214 810 85 695 440 380 782 10 798 852 809 552 507 147 717 806 704 372 254 754 607 45 175 912 840 626 818 869 953 596 127 98 45 633 310 729 200 414 365 284 791 249 198 836 622 995 394 794 273 603 298 247 306 231 939 464 833 794 87 168 989 978 397 410 56 857 845 521 78 986 532 592 944 524 713 581 245 879 316 430 995 314 915 792 357 654 975 454 612 935 315 88 743 967 811 275 644 630 523 13 450 548 1 947 223 945 193 927 325 107 4 701 392 382 347 811 57 493 717 523 351 310 977 384 689 168 851 550 168 931 246 873 364 778 435 784 538 913 274 914 816 125 57 248 801 260 28 766 397 850 363 855 315 759 251 795 433 471 817 271 343 825 258 492 951 175 739 859 488 945 357 595 623 1 345 963 742 178 580 222 267 940 535 872 407 5 765 272 535 127 391 194 873 401 623 509 930 131 355 687 108 464 47 751 686 387 504 728 678 536 545 8 120 429 384 10 332 817 637 89 500 741 581 813 460 837 205 867 279 475 392 782 326 313 110 374 949 316 137 805 423 936 653 35 85 375 10 561 393 504 811 205 147 361 757 544 75 241 764 364 13 477 264 887 190 170 587 812 292 367 150 886 524 792 624 50 782 538 949 87 169 548 576 703 160 231 109 69 335 258 105 122 417 94 606 117 921 370 562 473 579 921 541 153 996 816 375 710 138 727 645 470 632 117 319 434 258 52 911 461 117 608 790 777 517 608 284 337 271 60 449 232 912 578 109 271 479 374 474 196 944 335 348 445 582 201 182 230 35 644 365 437 580 170 919 625 464 990 428 983 336 302 492 362 152 339 190 28 277 494 887 294 579 737 860 785 470 91 884 369 63 77 65 574 371 187 133 974 654 978 777 643 121 257 863 550 295 7 19 111 773 184 475 194 456 560 672 643 179 396 522 148 86 612 173 761 551 738 931 773 26 255 814 517 855 747 338 71 171 111 32 845 538 582 520 155 595 151 949 207 44 491 272 567 228 368 868 223 411 340 544 153 836 235 540 33
762 48 904 351 767 512 238 416 42 533 353 428 875 755 107 507 555 75 151 171 398 334 343 395 542 343 760 689 508 527 738 741 207 46 576 656 152 119 613 981 432 856 257 194 680 992 222 190 144 582 270 332 68 696 504 620 672 303 575 138 925 929 579 43 566 991 672 330 212 351 496 774 832 367 427 806 862 381 711 527 37 878 379 197 191 490 613 307 620 570 923 166 296 593 467 303 466 839 160 889 336 104 649 33 90 248 114 577 448 646 566 942 13 624 79 700 419 630 379 761 567 513 521 332 767 224 790 758 895 961 469 611 334 963 172 307 612 269 469 251 213 225 344 558 58 150 948 85 291 841 460 731 40 195 533 523 253 754 397 787 231 123 699 577 351 745 874 217 476 943 358 326 895 302 729 185 224 951 476 379 826 789 555 382 941 341 696 216 505 663 457 288 664 494 629 265 411 540 184 392 522 245 708 282 268 538 827 542 326 526 966 379 447 755 939 1 810 781 192 420 364 226 357 457 477 829 293 903 528 867 531 662 62 353 984 635 709 826 593 402 588 572 111 40 123 863 462 179 674 636 145 954 324 199 189 420 817 809 161 161 641 726 843 762 845 55 957 379 262 798 102 967 720 849 932 141 769 184 424 841 366 269 286 665 588 737 294 769 694 840 501 792 994 274 656 401 898 855 768 211 810 118 709 667 340 309 494 850 873 34 967 394 213 726 919 519 98 676 492 643 10 235 322 607 494 513 974 386 263 325 147 283 46 631 787 156 529 204 793 969 342 802 126 173 656 511 520 674 471 295 743 954 708 386 294 242 748 609 839 533 33 261 222 3 802 337 388 260 225 881 91 32 87 1000 839 562 500 746 359 975 913 245 33 801 199 117 361 373 627 862 316 190 536 210 836 520 736 833 570 362 526 107 482 170 361 673 819 220 557 891 966 400 308 19 553 112 66 252 718 57 897 305 787 52 46 733 866 517 372 177 538 444 339 432 361 722 739 82 470 498 359 231 598 318 810 658 439 690 591 902 754 637 610 725 271 161 371 942 463 860 981 836 565 508 728 423 52 937 751 526 894 611 215 198 366 528 990 869 609 374 95 703 817 181 649 907 849 138 630 678 983 687 12 755 116 641 500
437 312 280 470 640 124 980 591 2 478 2 990 474 648 512 357 542 887 806 308 312 523 622 72 402 469 608 775 275 774 604 257 917 99 832 338 140 748 565 710 983 464 10 883 274 265 17 824 135 673 873 94 814 479 563 800 485 194 378 825 178 121 158 464 854 577 280 283 295 864 873 711 298 67 419 211 384 371 236 658 433 367 220 789 605 380 710 327 264 365 867 550 782 894 100 664 512 562 126 478 601 727 199 226 643 530 405 868 505 808 837 763 99 728 920 941 859 118 960 89 636 225 652 171 17 235 796 314 569 33 686 867 536 196 727 327 595 192 550 320 183 998 596 810 757 858 951 185 786 122 805 1 806 616 331 87 699 999 68 618 199 865 781 795 358 524 738 372 844 894 458 896 152 119 192 627 806 774 254 424 924 215 786 380 850 273 401 569 866 635 286 446 539 640 577 505 473 536 1000 252 519 465 139 307 469 105 544 720 727 402 559 326 231 991 201 122 126 685 327 366 367 703 753 530 574 435 642 696 71 580 242 901 408 613 389 169 560 357 719 647 358 205 8 929 81 952 972 375 674 461 764 409 477 321 670 857 378 77 764 486 795 79 27 961 995 437 639 818 364 551 993 230 935 212 680 812 784 45 742 46 179 875 598 119 996 346 276 541 276 220 439 931 145 357 620 939 669 150 273 909 137 637 163 555 207 534 379 647 907 650 691 291 392 914 393 189 903 718 225 227 524 414 817 991 349 388 323 56 400 277 656 353 86 255 580 87 447 454 320 571 52 547 628 311 57 117 647 39 986 145 935 443 87 565 559 239 663 875 988 473 803 301 975 129 416 574 308 804 872 123 76 645 373 923 413 811 822 966 145 416 509 819 827 63 429 145 648 584 913 871 977 120 519 535 947 106 147 217 689 985 940 372 661 870 321 872 293 882 688 752 458 392 818 825 397 109 446 69 791 964 330 890 299 459 463 529 769 828 495 589 464 372 733 220 735 704 506 660 33 608 536 547 848 561 627 684 560 200 458 635 769 85 593 655 698 958 151 72 731 485 250 521 51 555 373 939 433 286 560 601 827 529 852 448 939 725 690 228 89 631 737 633 200 604 357 305 237 568 262 811 738 216 541 309 911 990 853
983 801 640 671 310 38 643 70 56 789 645 624 712 319 502 294 983 733 816 973 405 505 942 475 493 285 959 406 285 912 787 862 318 965 38 258 996 715 116 976 790 699 75 580 386 640 913 406 748 146 901 379 336 668 312 651 719 842 137 531 796 852 60 480 369 614 278 716 144 891 758 750 646 910 544 670 222 840 840 589 240 158 332 148 579 886 267 77 805 512 505 511 406 806 87 815 318 80 996 238 10 719 202 495 454 267 117 340 492 896 503 380 511 120 388 947 761 969 394 918 504 594 257 779 851 460 607 544 44 724 127 327 193 3 316 339 678 359 227 95 976 573 394 952 988 208 991 632 408 916 660 364 415 29 895 77 851 256 530 513 776 896 608 614 552 140 509 403 835 879 921 65 479 842 766 530 126 233 818 594 697 653 998 973 62 52 312 135 85 649 337 906 521 198 683 703 90 207 306 848 711 20 963 689 962 533 255 399 122 533 214 665 162 977 210 671 222 290 398 433 638 678 558 541 229 888 516 672 342 338 235 38 54 489 100 314 366 422 364 74 949 802 149 893 939 457 43 793 36 924 540 460 924 764 204 71 523 322 172 298 126 465 122 392 79 438 453 179 828 169 21 620 963 665 315 73 646 444 423 153 58 865 83 6 139 578 197 994 508 292 568 387 193 229 156 603 938 853 559 398 192 401 644 679 904 631 629 850 100 125 825 503 610 819 546 291 362 944 503 304 648 767 607 276 862 633 754 290 884 994 547 532 742 316 144 291 146 230 898 248 290 9 100 856 173 379 402 132 888 584 575 908 971 228 719 175 558 809 190 536 495 464 96 749 50 130 206 207 585 865 352 714 686 79 51 265 7 254 195 634 562 664 505 800 15 604 55 261 686 53 333 998 834 365 40 273 779 174 11 561 757 954 284 111 967 516 138 65 28 687 838 248 311 212 111 210 656 22 993 534 509 760 361 836 614 342 753 781 180 630 33 281 135 668 382 23 419 525 637 780 391 190 174 167 785 291 794 481 887 750 400 997 597 636 784 503 967 73 279 270 348 46 289 783 462 735 354 495 811 853 964 920 387 531 500 487 102 304 952 366 260 466 560 334 232 48 771 91 724 203 421 238 426 369 42 967 467
839 199 870 463 630 617 487 476 249 35 938 833 168 175 892 497 520 902 391 53 130 189 519 566 400 329 998 874 959 510 725 736 451 575 879 993 112 89 167 388 445 439 311 352 521 7 705 977 678 153 318 53 102 394 313 792 303 470 387 917 997 988 316 180 379 795 420 216 141 897 235 629 35 287 101 474 604 988 183 472 823 58 539 837 833 585 44 205 157 95 130 811 832 584 969 792 871 750 688 129 527 865 749 721 365 940 726 391 633 683 193 744 828 564 984 561 256 204 930 915 930 545 760 271 212 855 570 621 821 674 590 504 711 290 289 756 990 61 175 819 512 38 888 248 396 84 155 448 249 472 339 916 910 383 896 395 705 291 732 246 372 134 314 799 331 932 232 279 638 324 536 314 290 951 196 320 743 357 561 618 435 736 685 394 919 902 352 500 925 220 184 125 97 678 827 859 112 714 356 617 292 745 754 346 420 511 724 14 868 846 15 748 731 23 181 706 336 394 659 540 928 103 124 797 484 402 843 445 960 877 843 179 468 190 525 713 166 762 678 546 620 428 67 423 999 990 534 916 408 958 224 764 776 221 72 442 257 190 79 728 917 843 872 36 466 387 674 940 453 936 523 460 816 533 481 46 566 90 657 817 32 535 368 867 992 618 43 899 383 196 783 894 887 856 470 187 460 679 811 89 942 319 862 792 324 955 308 474 437 628 424 74 989 103 108 805 328 102 852 841 778 296 631 177 629 835 901 960 700 33 393 725 366 774 480 535 531 639 231 535 187 998 719 460 240 741 229 274 589 910 547 64 731 176 586 154 177 215 457 728 566 550 667 968 225 10 543 474 21 583 625 457 558 706 95 200 815 776 754 133 968 197 109 557 20 453 202 199 262 568 852 903 801 444 306 66 621 173 72 180 953 373 659 912 959 330 93 509 375 851 55 91 912 815 646 183 286 291 712 612 419 146 640 851 753 760 534 603 354 459 391 214 843 557 618 260 532 663 22 386 44 878 884 542 83 17 384 354 645 812 681 229 914 962 895 118 167 347 167 646 206 100 13 421 594 211 325 422 617 891 584 969 17 174 279 478 498 533 496 125 955 502 495 288 350 626 651 55 500 164 169 860 999 624 911 362 381
84 733 358 190 278 909 212 456 228 782 686 725 662 406 87 564 998 270 824 107 718 49 154 848 119 208 465 343 12 320 320 825 983 337 859 647 786 391 928 964 913 735 647 991 340 242 478 460 354 100 355 405 568 473 765 276 281 405 538 207 119 849 810 692 654 647 506 191 369 76 174 602 493 218 776 326 416 253 686 501 547 272 134 666 260 189 233 389 554 175 749 932 599 266 213 510 534 397 787 384 334 542 160 648 123 661 933 544 495 63 591 602 105 236 171 147 459 742 53 730 169 978 891 394 166 94 830 930 973 282 268 616 51 672 331 959 299 623 455 586 98 254 652 437 696 575 892 104 190 109 893 453 282 833 822 948 686 65 922 80 890 983 173 898 65 982 890 763 243 595 698 805 63 163 583 594 59 436 781 774 426 365 496 878 130 913 195 801 344 559 705 375 586 292 709 94 509 732 53 245 161 153 99 915 369 650 539 510 214 660 718 159 790 99 776 69 431 203 65 893 400 303 648 385 909 116 776 787 83 386 204 695 367 219 966 130 605 508 424 695 350 411 599 3 124 139 969 579 979 510 573 643 222 101 700 71 233 655 863 857 3 632 180 827 730 582 996 657 620 918 335 867 336 948 403 961 321 695 269 654 800 700 557 419 383 839 533 938 312 686 505 250 26 460 1 425 24 110 135 551 276 60 857 936 914 291 128 994 360 262 583 606 512 927 242 868 257 179 940 682 840 564 302 630 313 982 128 324 510 688 917 896 82 199 192 938 287 779 65 538 929 559 945 693 654 905 431 328 576 160 292 823 335 694 712 592 870 316 128 5 683 539 35 470 43 806 822 699 285 39 291 154 886 685 504 45 672 385 543 37 102 906 502 188 607 916 746 833 574 347 158 271 88 814 336 330 49 717 971 263 25 46 752 352 851 469 484 881 445 134 987 291 400 460 102 211 530 384 420 929 737 971 437 358 932 89 764 930 525 106 625 264 370 447 335 584 441 848 380 160 944 889 970 872 741 627 296 709 89 855 977 886 127 652 799 309 24 678 672 699 830 629 18 824 36 312 611 851 92 273 143 372 947 663 761 680 301 758 161 64 26 124 192 484 59 959 62 835 791 703 343 453 395 175 50 126 528
147 310 777 471 750 218 898 132 631 563 751 966 474 776 616 669 648 426 210 944 155 758 227 499 676 789 758 216 267 980 602 498 228 487 825 759 868 507 440 280 538 427 233 375 577 469 200 281 569 941 617 209 244 499 860 886 264 727 805 104 189 65 411 444 973 794 825 99 594 612 123 521 787 256 238 545 930 882 60 794 837 723 527 90 248 313 815 317 430 911 728 977 330 166 661 115 148 100 931 53 323 862 436 12 189 334 121 162 296 36 301 108 994 64 372 194 222 811 153 3 387 593 699 388 889 730 491 383 821 748 281 148 800 866 75 385 51 86 310 509 758 541 719 194 417 486 481 288 264 704 471 265 620 681 450 601 189 43 98 880 963 934 796 797 282 301 510 187 803 183 115 455 352 605 81 372 992 554 906 96 987 414 987 330 308 270 840 690 237 869 278 510 270 677 16 577 989 706 74 299 899 654 380 140 58 5 764 806 574 281 563 49 746 242 999 189 658 22 617 92 774 359 205 761 549 167 72 789 572 612 46 489 132 146 478 858 462 419 325 583 459 475 39 32 153 173 105 461 863 586 585 568 883 1 572 222 740 297 708 9 461 783 483 106 611 557 992 779 914 694 616 349 740 864 358 284 763 501 760 396 5 314 395 54 120 885 461 763 447 459 142 320 630 6 288 259 82 394 214 241 865 295 609 225 704 422 749 400 139 798 681 635 311 707 793 877 848 738 601 298 280 355 499 173 35 892 368 64 471 476 274 769 884 78 502 800 205 315 871 482 719 523 688 940 514 914 832 173 625 327 220 157 686 1 864 366 314 663 190 606 772 87 675 341 954 479 529 882 769 380 576 233 132 288 126 207 792 856 867 266 876 153 183 133 43 840 808 945 34 24 209 831 29 865 805 316 872 40 470 97 573 224 41 810 932 295 37 960 331 775 949 722 152 712 83 625 932 168 985 373 811 449 65 920 393 582 830 902 318 69 631 655 401 583 391 7 867 783 548 789 22 407 338 624 194 70 497 970 900 119 44 370 100 667 92 378 333 376 132 660 318 212 911 216 515 642 857 949 249 329 545 175 270 730 242 254 838 689 870 741 647 893 353 914 927 106 62 998 496 345 530 877 376 162 332 944 33
120 476 111 219 533 62 681 665 916 542 411 825 208 738 624 519 460 382 369 860 985 819 708 706 69 405 44 454 143 393 310 418 487 456 556 606 625 513 30 422 413 467 215 304 622 72 282 794 707 374 225 357 75 276 182 700 406 300 754 705 716 222 175 254 462 216 771 390 549 571 199 142 387 376 743 602 108 467 458 530 422 135 958 189 738 371 606 5 827 705 832 435 812 184 825 417 571 552 491 449 660 832 594 218 328 725 20 838 28 852 104 606 987 243 691 377 434 268 656 154 972 230 358 462 503 145 434 95 38 980 885 935 223 584 973 210 777 106 410 645 461 461 427 476 15 777 715 446 682 138 526 697 631 640 753 330 446 106 17 342 288 675 37 318 785 281 89 269 43 406 921 133 216 916 685 413 73 857 139 645 434 271 37 512 96 156 942 121 809 929 434 557 142 651 794 188 284 790 442 84 28 28 386 231 704 381 375 36 435 22 383 811 391 614 50 511 298 232 832 785 440 934 857 617 236 703 836 984 685 542 30 110 519 984 104 376 165 570 212 75 861 998 488 982 633 128 335 342 526 403 3 407 580 453 668 611 128 704 126 11 682 310 17 320 562 212 364 122 460 235 986 806 282 290 898 472 549 286 383 715 667 938 769 205 941 976 356 345 57 852 588 765 123 811 209 879 807 131 608 197 618 924 67 187 460 146 57 760 646 326 739 620 813 53 43 523 808 141 382 236 71 82 374 406 311 52 624 477 922 992 607 799 236 636 116 594 653 49 54 723 417 882 62 606 740 539 301 765 9 143 651 564 652 875 799 110 426 138 803 110 227 490 324 355 38 447 22 540 119 442 843 547 673 41 483 914 775 722 661 126 144 101 203 327 706 753 114 427 880 298 183 916 294 455 37 380 108 964 61 867 989 692 957 333 182 400 59 168 132 11 631 934 518 108 601 544 769 971 391 585 530 395 678 150 444 268 466 865 532 364 759 677 738 637 744 698 537 273 797 121 1000 139 588 120 951 377 247 365 166 933 853 133 582 837 736 659 950 174 744 190 875 889 438 396 800 31 858 733 264 597 223 536 874 504 506 326 637 95 234 367 705 574 198 431 531 892 311 53 339 684 87 947 940 667 658 482 497
601 214 572 609 652 138 488 980 731 735 730 460 263 474 665 883 199 186 864 648 810 479 202 328 759 414 151 903 277 117 914 675 39 418 893 652 499 901 237 921 123 211 898 119 579 547 673 990 483 797 957 865 511 369 3 83 599 630 987 951 111 631 668 872 441 107 339 71 57 482 913 757 941 574 916 65 981 662 920 205 928 721 818 343 217 629 999 667 264 115 411 176 262 985 108 938 19 853 63 67 297 193 851 460 898 197 381 976 370 654 453 396 906 728 859 637 479 291 168 450 249 720 270 59 440 232 826 369 15 667 460 963 630 557 728 259 332 491 684 9 523 610 496 195 718 247 892 771 680 902 618 210 346 543 347 947 354 170 997 675 647 976 376 998 226 221 118 717 439 785 489 458 589 673 325 654 778 82 841 67 371 813 862 101 80 816 318 940 990 305 644 428 291 591 418 950 359 709 524 971 995 992 566 904 344 309 574 392 231 244 626 72 881 811 501 59 714 686 575 535 887 726 300 496 246 935 389 456 26 489 45 948 525 676 776 432 330 736 429 946 909 169 955 336 544 704 347 935 715 874 97 4 50 663 492 416 152 461 34 195 168 857 351 869 339 677 924 548 614 667 969 377 729 312 901 763 384 3 162 612 284 288 450 841 136 674 734 833 566 271 126 47 824 774 345 803 134 97 58 759 837 837 964 166 476 936 264 728 322 370 606 801 453 108 169 448 586 981 697 527 415 45 489 859 304 297 419 224 725 638 749 715 680 976 272 105 301 75 409 3 424 933 710 253 759 788 725 209 220 455 946 153 552 625 970 121 219 455 559 714 120 881 419 290 464 664 557 717 280 959 98 875 624 702 177 693 374 226 894 570 982 635 877 427 856 652 33 91 857 633 309 409 39 32 837 798 723 229 560 64 351 239 604 165 262 762 762 918 891 547 914 551 219 731 93 560 943 932 62 154 636 962 394 336 562 951 495 8 414 24 195 5 453 96 814 17 761 684 529 524 424 800 778 930 655 772 131 809 377 303 186 784 630 575 777 433 692 752 518 936 742 332 252 302 888 838 69 468 587 665 656 877 195 476 761 379 217 794 775 503 87 282 511 507 125 343 293 176 571 183 880 699 615 821 386 996 495
714 198 716 49 102 253 69 796 489 351 290 566 379 667 114 600 119 906 865 741 312 102 32 315 654 219 782 903 247 542 44 582 129 186 153 806 696 309 888 574 429 552 202 453 251 739 512 510 331 733 528 563 735 153 173 250 681 565 769 774 641 489 87 856 141 336 582 870 749 476 486 440 955 42 722 280 998 525 897 633 710 273 465 475 586 327 694 50 468 136 523 275 981 18 879 377 266 561 555 298 677 700 272 678 831 378 916 249 253 260 231 67 520 858 842 871 507 900 135 31 668 609 683 361 117 471 686 99 879 907 789 671 951 347 101 787 950 452 121 395 543 588 700 405 415 512 21 807 710 329 807 64 92 341 329 974 244 981 630 154 238 778 989 494 578 897 342 406 170 459 466 924 865 395 40 572 694 953 467 101 850 719 110 116 555 860 554 626 970 517 845 584 319 684 523 422 965 516 265 52 133 148 447 915 531 960 846 216 519 382 852 333 668 225 442 58 511 56 433 836 667 183 371 42 214 148 441 313 916 398 473 950 353 301 662 998 469 354 453 656 271 67 497 181 773 814 305 932 917 271 894 973 743 87 954 407 276 997 892 444 648 506 534 66 849 732 177 447 948 674 217 508 564 994 746 24 908 984 350 390 550 84 453 415 183 886 69 14 106 231 871 252 639 177 579 228 660 673 217 991 998 254 708 5 749 938 921 715 770 356 51 295 364 857 195 364 543 231 463 6 286 142 599 374 224 85 915 390 976 880 504 175 537 482 719 620 119 647 626 608 9 586 684 100 273 115 629 65 996 842 311 438 659 335 814 548 450 713 623 858 61 679 491 300 469 346 37 457 2 255 555 463 683 891 603 901 91 238 791 846 905 886 968 476 572 150 518 991 814 679 139 531 453 26 463 443 251 346 168 25 317 501 883 427 958 419 317 835 752 557 824 920 694 875 759 314 91 147 481 431 705 820 210 175 101 914 731 6 462 173 589 28 893 744 241 999 587 276 460 706 775 305 914 254 310 519 355 511 707 204 552 698 13 279 752 868 575 971 250 285 238 38 812 656 797 882 469 254 460 652 283 41 383 569 872 102 939 886 601 913 97 507 485 399 706 728 637 474 525 411 59 210 143 345 135 477 847
181 335 911 640 44 800 858 375 4 861 663 313 46 801 673 260 302 162 666 368 609 898 467 688 63 611 605 373 913 458 524 500 453 977 495 863 839 924 741 195 966 781 511 954 903 471 654 540 242 98 95 243 989 689 710 909 728 892 684 286 978 280 170 450 384 154 749 383 139 236 267 533 591 409 701 932 996 535 444 715 801 849 336 718 505 88 64 40 647 330 388 901 917 511 529 202 687 919 608 559 558 758 842 2 636 990 910 835 14 31 335 118 11 405 325 136 81 76 339 504 381 503 996 205 191 696 999 494 309 180 131 92 437 77 755 671 74 184 907 487 260 710 510 281 200 958 805 699 314 642 880 417 618 143 203 913 367 872 770 490 706 683 128 388 860 778 121 822 274 587 662 302 176 609 14 426 908 997 53 51 731 882 87 411 427 732 635 991 14 453 909 995 840 883 361 839 667 849 755 586 202 2 294 963 918 505 228 10 374 869 970 416 490 82 41 493 431 271 306 772 294 821 866 996 611 617 135 505 811 852 579 265 584 149 943 675 852 230 302 143 250 273 927 911 542 289 965 709 995 307 923 906 642 544 149 11 491 608 25 720 224 837 645 2 449 576 37 844 447 427 647 433 796 201 569 686 668 931 608 17 319 434 853 498 477 245 271 759 558 829 459 150 32 725 110 621 153 238 75 255 186 476 999 721 543 21 73 487 993 433 892 230 494 392 93 19 427 161 273 40 598 753 386 400 441 965 386 51 673 591 456 24 332 822 668 597 264 75 472 444 456 746 438 420 876 353 871 892 38 219 104 545 978 431 301 916 155 630 813 624 460 291 989 269 810 942 203 485 227 222 101 121 691 434 18 317 352 407 762 92 919 332 873 436 999 387 588 638 851 730 758 325 64 228 509 986 917 172 778 897 69 223 83 612 364 426 750 119 117 919 947 621 935 549 364 505 178 846 668 212 585 456 620 12 866 61 613 746 847 642 340 352 987 64 751 126 165 683 503 653 958 129 783 612 467 113 3 534 147 870 60 458 423 73 989 659 300 475 760 544 219 140 356 118 279 772 194 558 710 52 555 479 362 494 147 624 856 538 26 292 4 384 165 316 258 543 766 15 855 131 654 160 373 957 148 820 334
118 21 922 272 548 43 793 192 683 801 495 256 849 347 311 298 772 301 701 973 7 366 883 339 51 694 295 80 996 247 333 66 485 557 705 331 557 203 464 426 569 781 723 368 915 632 892 435 182 430 238 218 448 334 750 346 87 922 638 743 806 346 843 268 330 679 731 896 747 264 683 598 23 856 447 23 655 918 202 154 241 514 339 673 38 994 249 81 305 638 476 321 286 622 741 903 851 140 956 457 400 226 827 104 682 164 804 679 897 611 79 568 855 285 950 363 273 561 412 529 659 341 971 649 527 476 535 52 126 605 169 860 964 530 802 381 238 185 394 318 97 97 727 941 630 752 34 567 141 556 798 701 107 395 407 250 463 758 866 944 948 886 113 591 643 952 405 382 365 915 469 164 68 827 971 277 190 833 15 266 877 982 431 892 356 826 537 54 741 108 446 726 49 73 495 987 432 2 983 806 791 190 930 530 905 287 513 996 740 807 361 32 854 578 777 555 417 446 261 637 922 920 17 368 208 544 193 64 264 568 870 542 983 979 383 505 930 786 131 770 700 711 37 60 317 886 262 373 186 803 446 682 708 918 458 668 997 214 414 83 806 514 597 388 90 596 147 474 869 178 558 794 911 350 987 559 945 851 370 260 962 532 527 376 553 682 121 120 613 234 302 175 259 21 152 46 323 213 870 425 174 432 2 792 723 22 262 945 258 222 692 383 406 817 422 424 415 176 525 291 38 825 976 213 547 784 209 860 397 918 175 943 812 454 928 722 794 67 799 693 921 568 366 189 852 258 20 803 234 690 506 221 9 847 561 686 906 423 786 198 566 76 254 392 765 412 273 608 187 53 535 896 101 90 55 278 651 313 490 868 51 613 103 804 685 808 61 416 261 277 12 821 236 73 364 834 800 657 833 300 197 104 495 218 503 239 648 282 156 578 994 569 785 516 933 339 280 8 718 546 139 702 158 366 558 51 645 124 678 451 703 290 61 899 802 816 802 282 891 312 215 981 154 801 196 771 822 942 412 4 436 171 538 129 214 731 506 106 268 636 887 735 806 271 4 613 972 407 198 672 866 505 42 770 198 52 95 976 592 770 206 352 238 268 818 378 958 693 642 272 971 876 860 423 305 368 79
50 137 450 443 198 860 871 939 677 200 778 539 842 243 976 711 809 218 4 374 96 350 484 740 469 161 197 631 737 164 283 670 283 574 430 391 655 534 295 493 534 4 916 303 627 330 290 860 184 95 816 294 83 804 883 241 321 712 35 639 31 401 500 368 793 942 132 259 608 614 102 630 904 574 39 535 331 375 489 176 305 541 895 925 827 605 232 504 265 985 451 460 984 858 410 79 900 845 312 64 214 890 790 723 827 123 68 50 53 829 53 220 866 577 572 473 81 35 42 58 607 669 308 75 18 972 545 682 157 161 70 671 668 62 742 446 204 764 374 835 599 723 788 381 38 588 611 354 517 345 322 918 580 20 493 135 445 315 978 35 837 700 95 956 708 525 981 652 242 330 877 501 75 230 262 954 367 369 362 219 604 207 405 669 697 217 558 673 991 834 771 261 515 220 686 634 822 173 687 410 403 802 138 257 603 615 297 506 745 470 382 836 808 800 234 726 868 950 435 547 109 243 690 758 643 811 992 205 117 591 223 146 638 939 671 84 768 886 954 337 756 235 185 586 891 432 590 113 286 357 746 342 253 22 935 163 365 79 236 506 137 475 294 873 953 901 679 601 952 706 843 670 872 133 829 201 954 124 316 537 720 583 99 935 646 765 725 817 458 471 595 428 26 248 357 192 53 623 397 457 639 778 942 682 237 64 132 459 545 271 608 638 288 799 240 349 509 845 240 629 127 690 163 564 399 2 227 888 496 421 346 524 68 694 817 928 367 700 402 407 150 153 656 139 676 538 186 743 582 935 189 391 608 143 707 52 407 321 440 680 397 234 590 393 385 21 72 154 562 971 258 711 538 61 731 350 446 353 301 253 264 366 18 164 898 258 278 228 63 643 342 500 382 351 835 648 93 304 894 342 624 171 711 495 780 259 151 769 357 668 709 465 708 18 664 210 357 448 934 770 620 313 315 17 899 585 992 46 108 75 721 824 130 168 147 313 975 366 904 39 281 94 757 750 435 484 749 740 880 913 826 369 112 578 554 210 917 936 899 647 208 500 814 718 799 677 410 448 193 39 880 15 798 236 540 308 428 57 882 986 890 428 333 112 651 912 19 10 352 445 569 429 551 169 375 679 691
415 999 78 121 96 173 845 862 518 656 361 792 93 368 752 588 198 787 17 410 941 864 498 712 484 764 160 346 718 701 601 261 355 375 494 97 227 612 900 73 936 52 982 847 815 478 211 365 738 862 559 537 746 101 889 214 967 327 647 348 290 753 31 60 456 34 367 862 27 895 192 974 949 259 80 148 583 283 446 251 417 43 427 129 823 270 804 46 163 943 40 543 926 179 166 163 125 665 434 142 639 112 633 463 559 681 826 543 565 907 137 720 906 554 457 611 155 906 644 780 42 650 5 376 533 883 944 210 422 982 183 329 21 855 881 718 760 934 839 202 473 314 9 798 147 778 54 922 377 828 529 88 434 861 664 168 869 917 868 334 443 238 578 752 824 37 227 660 764 606 119 96 6 821 698 802 108 16 432 104 378 8 659 163 932 144 24 43 441 945 652 973 770 27 538 690 365 419 259 718 574 490 398 447 339 394 551 89 785 451 611 337 363 991 438 549 929 498 296 425 358 214 609 87 422 508 760 526 552 282 816 594 174 303 747 224 843 42 11 823 549 821 67 562 309 513 947 979 619 682 9 529 240 557 932 915 110 452 491 78 397 487 990 248 949 653 798 122 176 289 446 31 829 364 815 288 464 402 684 543 849 503 275 221 311 596 255 728 546 588 793 663 627 619 873 991 168 965 831 1 426 27 845 880 962 283 453 355 386 628 22 697 919 395 855 671 306 509 517 633 434 944 309 424 417 292 164 412 872 432 536 782 547 655 458 817 635 674 651 314 662 484 727 631 405 517 431 451 310 813 695 119 687 781 700 268 404 549 562 445 943 378 596 966 311 16 368 56 76 403 53 872 808 69 847 976 469 623 993 860 60 328 395 546 414 431 850 31 504 23 410 693 188 351 622 730 610 940 269 9 14 239 992 189 1 155 206 898 856 111 846 164 741 620 890 746 721 257 176 971 125 826 665 117 213 918 972 820 786 611 842 895 963 357 889 926 110 452 462 41 452 263 648 532 855 843 601 58 67 65 945 31 962 196 897 674 235 568 712 804 146 215 374 410 297 281 135 95 9 692 215 968 342 556 855 397 959 255 130 450 420 290 139 959 455 156 510 290 716 208 547 392 540 31 801 454 58
737 224 61 81 657 976 590 531 822 785 516 996 317 529 575 114 280 870 451 94 187 388 422 35 120 924 664 298 360 227 616 248 477 229 8 838 478 365 755 655 572 744 96 672 930 963 597 809 198 86 382 133 794 934 205 394 23 712 65 785 731 384 827 330 621 909 459 808 306 922 917 614 454 63 319 820 990 883 340 213 87 228 347 423 644 226 76 852 18 806 827 32 238 464 418 975 869 87 417 706 283 332 87 728 933 585 610 616 992 163 965 552 559 90 863 896 726 738 205 471 504 675 965 860 163 705 96 929 981 972 181 488 284 452 235 927 261 248 754 412 656 666 237 120 162 353 80 670 720 322 12 19 247 763 808 731 589 268 702 110 592 295 774 741 73 361 991 795 19 204 825 713 555 146 97 240 469 590 692 483 105 728 802 848 460 531 186 757 210 153 250 940 755 246 194 111 133 346 476 840 943 249 893 41 343 832 555 228 303 325 684 213 61 554 585 250 40 789 94 950 235 238 104 607 472 730 350 557 214 560 524 809 573 445 290 278 391 844 378 635 762 307 957 42 178 59 497 362 237 811 414 586 819 245 551 159 531 76 718 101 168 276 660 547 810 824 551 676 438 931 219 519 618 15 3 577 515 41 148 953 806 339 812 973 876 671 966 253 346 318 44 371 515 539 702 970 501 784 193 485 143 614 390 770 452 912 601 855 657 592 180 663 130 940 878 184 437 662 991 721 828 347 868 440 134 457 263 77 498 588 312 455 541 318 159 822 241 998 417 468 55 526 530 881 681 51 148 198 803 717 794 850 513 696 548 419 604 904 725 846 676 275 312 255 205 509 9 82 384 272 539 970 739 125 500 566 837 824 767 413 382 892 464 413 72 315 702 261 972 242 275 577 854 571 269 597 926 398 419 502 793 836 77 541 885 853 734 953 399 755 572 329 750 910 602 512 274 923 963 858 524 882 759 508 27 132 109 95 729 166 475 609 188 82 444 976 112 662 13 965 577 203 958 475 356 688 60 787 240 841 512 975 623 727 397 628 587 825 60 105 224 458 890 169 545 559 7 576 524 9 388 862 109 191 606 298 718 542 564 509 583 446 845 721 640 872 529 488 183 426 275 220 285 442 184 27 501
832 275 144 229 219 743 818 194 900 160 39 420 337 860 452 728 580 119 588 677 558 470 887 19 590 924 21 246 188 256 420 959 451 752 327 949 532 505 814 407 119 571 874 162 51 838 201 949 542 658 569 86 427 920 683 170 880 331 681 529 609 193 846 381 854 799 493 155 438 601 601 183 791 83 826 559 444 491 653 318 626 62 10 588 193 29 587 697 260 374 472 959 25 80 685 848 203 738 459 178 444 30 330 858 594 440 89 991 586 812 499 27 581 768 924 586 462 477 174 539 984 655 180 946 272 182 807 641 223 435 922 147 125 110 741 31 351 223 165 79 335 182 569 149 567 143 383 388 688 750 701 665 308 630 401 49 864 159 322 206 970 15 324 989 824 184 482 590 393 822 942 329 82 675 632 543 266 457 760 836 778 749 74 243 170 133 883 171 441 638 619 793 632 315 140 566 963 264 977 474 827 16 273 905 240 953 908 671 738 290 690 116 311 870 203 960 416 38 591 847 334 392 835 178 341 749 32 195 614 23 614 194 464 902 822 446 279 105 666 637 729 433 420 599 854 107 386 561 985 952 232 475 549 286 192 186 614 96 93 769 725 498 100 583 34 882 639 305 635 702 929 25 909 961 369 146 56 842 727 902 428 157 27 602 210 133 776 831 845 522 272 994 290 988 818 933 877 705 138 250 140 957 449 669 35 177 779 942 478 415 747 122 885 821 923 88 322 915 251 520 624 620 693 238 605 617 407 128 636 297 711 83 746 465 462 847 119 1000 828 58 251 665 394 526 225 400 563 985 302 238 623 797 588 565 357 52 904 986 384 718 402 678 321 288 143 3 743 664 719 125 350 286 650 879 418 993 338 458 932 174 922 163 215 879 966 988 185 358 569 837 918 616 337 86 468 369 288 949 65 14 681 54 314 626 422 943 499 659 103 179 687 527 582 252 890 785 821 324 863 874 250 361 610 525 490 688 209 201 382 973 472 312 219 537 312 53 855 243 521 150 980 149 525 78 946 722 775 133 468 888 665 229 555 421 761 539 911 534 564 519 645 229 475 983 377 877 647 937 981 599 531 605 314 392 613 634 492 604 724 903 340 793 953 58 1000 278 422 720 359 490 618 783 522 719 455 566 497
623 732 743 696 312 810 867 786 935 247 548 212 138 63 922 37 618 235 644 947 34 87 932 929 841 223 263 821 143 597 81 234 409 724 279 452 903 129 894 129 369 198 263 671 134 820 769 53 616 922 773 498 480 24 702 643 131 573 614 337 448 4 987 607 213 300 122 517 831 584 443 872 884 256 839 985 610 68 904 180 541 298 552 161 607 41 570 808 266 28 234 172 728 306 938 550 620 877 455 391 272 538 836 51 460 921 675 331 207 420 741 129 752 321 854 174 150 975 583 781 380 751 78 946 876 861 126 102 535 683 2 499 608 222 979 130 430 42 955 795 327 930 795 531 723 57 771 173 577 122 37 860 614 696 221 585 50 884 353 123 820 655 165 838 185 354 460 542 52 300 765 674 540 358 499 25 697 882 220 375 770 38 171 705 922 214 161 737 30 401 196 53 237 645 139 534 384 436 188 989 173 47 373 779 696 511 953 503 124 242 191 697 429 123 123 861 180 116 76 483 690 596 629 28 422 348 730 35 670 15 391 869 940 533 502 606 229 652 436 676 879 602 875 356 482 12 446 337 440 916 503 551 544 57 458 645 143 945 471 765 79 21 177 919 403 802 756 847 348 78 375 194 861 996 640 154 221 574 248 524 516 581 317 893 76 465 601 478 876 919 155 555 71 581 557 181 121 693 835 174 843 817 425 499 561 959 985 529 681 694 121 656 224 753 990 119 875 166 233 371 919 913 86 754 352 60 527 865 53 576 770 670 226 501 620 132 534 167 845 211 559 308 340 483 59 935 101 774 531 841 828 155 85 924 369 551 448 355 989 376 712 320 51 329 584 622 487 72 513 206 952 995 98 399 236 403 118 58 194 491 293 525 982 241 377 962 855 987 551 304 698 356 95 598 39 319 270 512 648 159 961 65 852 220 118 79 382 799 505 589 762 375 636 328 948 380 182 825 536 465 983 289 145 776 459 419 813 805 755 376 375 701 626 14 649 84 111 830 455 140 241 220 591 384 89 116 970 473 395 341 622 743 918 647 5 704 494 660 113 564 153 167 454 900 434 543 591 267 207 360 273 767 459 308 712 634 393 813 328 855 722 553 271 35 252 137 783 61 128 134 465 768 980 12 158 414 684
792 103 960 138 546 995 543 258 685 735 597 295 862 606 948 267 237 990 698 930 980 405 274 543 968 237 484 197 381 350 81 931 716 646 893 592 319 716 545 681 414 935 254 28 958 324 125 98 935 929 784 868 261 502 469 84 241 844 735 702 226 204 628 111 499 196 488 386 733 777 216 153 783 528 908 27 324 942 836 26 327 806 322 16 262 454 335 497 362 154 819 18 761 466 44 241 594 227 838 141 113 196 951 512 553 228 492 104 409 4 618 164 852 564 49 584 397 380 64 957 85 886 923 871 833 446 978 781 318 208 407 666 106 611 998 174 976 326 428 565 363 564 349 717 466 234 831 239 537 998 429 754 960 276 226 950 370 796 716 465 459 749 196 297 669 354 952 877 721 880 709 344 75 221 228 318 347 560 93 211 289 894 540 12 175 117 687 256 727 44 12 717 388 381 626 671 910 136 441 55 261 364 486 857 130 589 516 312 792 446 171 721 916 183 989 463 982 311 979 206 968 373 501 503 127 631 129 531 544 678 53 467 396 755 346 354 409 779 115 454 955 127 513 329 104 351 729 140 132 684 884 655 967 620 664 172 64 332 567 195 878 856 584 275 575 616 777 437 472 596 987 948 17 382 482 785 943 235 333 84 934 720 931 179 416 26 464 231 345 198 607 628 767 553 59 25 694 370 1000 744 364 405 371 130 846 117 465 396 9 279 705 446 859 313 627 989 901 567 626 828 636 321 119 695 796 772 278 294 200 797 555 988 580 221 39 33 920 190 299 832 306 497 949 707 735 687 871 308 897 919 514 310 1 751 482 296 243 494 681 580 197 545 428 887 972 301 278 534 724 384 969 764 805 995 924 657 619 422 993 475 978 381 265 788 81 403 840 308 28 257 757 662 216 888 408 374 735 105 301 803 243 417 872 423 623 906 56 836 152 777 44 842 909 507 866 182 647 525 340 397 722 766 668 472 316 610 943 204 696 172 837 734 567 964 968 368 246 900 729 299 98 715 164 570 478 608 42 1 737 754 744 694 711 561 582 4 375 961 747 334 354 176 522 180 595 599 96 288 271 794 692 846 862 688 549 912 145 708 983 338 247 309 798 79 405 350 229 407 55 191 473 819 190 106 824 812 925
580 698 756 219 502 947 935 374 976 720 880 968 890 376 727 169 177 445 896 126 499 89 314 647 305 634 531 173 573 388 651 494 975 688 304 365 115 555 917 554 372 625 878 869 381 212 552 433 347 793 18 115 656 865 880 321 786 527 228 449 542 113 758 93 125 967 399 42 244 552 635 842 70 45 905 962 271 880 3 754 357 203 545 530 3 617 415 745 943 342 26 604 437 67 330 415 248 985 193 760 686 835 880 256 944 983 205 441 149 151 156 414 561 403 752 731 376 548 511 333 150 184 321 36 545 158 809 830 607 832 275 717 7 345 56 930 787 940 488 372 525 176 196 259 793 734 798 622 539 615 906 901 727 239 265 345 856 887 957 273 349 640 812 559 829 323 979 256 259 580 350 158 865 980 830 695 544 488 598 707 413 449 565 323 713 231 373 16 558 61 487 1000 305 202 180 776 340 225 426 398 488 297 186 169 1 194 6 472 338 724 241 612 938 277 657 420 759 262 871 533 760 739 528 2 573 847 526 573 577 130 592 994 739 462 372 545 969 806 799 476 207 488 236 484 219 825 133 129 797 758 16 755 827 433 602 838 316 831 123 491 593 980 943 435 881 717 661 833 309 897 675 407 672 769 123 465 755 120 629 491 165 67 227 686 22 667 610 36 706 344 989 485 173 852 892 629 728 262 609 751 354 481 716 725 786 462 752 699 690 953 683 195 963 329 756 257 321 743 132 279 58 773 327 582 698 456 256 949 433 66 414 947 757 74 311 802 729 401 445 144 737 887 195 26 375 404 119 755 674 602 956 721 96 991 732 923 441 865 157 206 110 542 909 590 352 845 437 156 148 448 546 519 349 628 912 985 312 442 852 797 755 342 997 281 412 226 774 342 553 785 596 50 101 654 744 61 236 570 805 499 636 572 891 685 211 735 459 382 689 488 835 188 417 830 500 10 778 532 429 387 528 11 817 512 922 798 439 911 576 32 793 621 897 516 664 625 66 832 232 261 651 817 429 768 970 568 141 659 543 468 73 958 954 522 25 50 52 956 209 211 811 465 320 487 83 807 667 386 839 644 796 522 317 539 794 60 351 660 264 166 749 386 763 387 809 239 490 700 802 556 52 591 966 790 166 509 965
456 683 509 136 918 412 712 813 17 195 624 232 393 111 77 433 356 646 648 136 961 369 525 827 291 420 213 741 484 701 388 647 979 691 946 681 387 548 935 424 573 209 415 562 590 154 580 194 89 963 732 807 463 574 481 305 623 1000 550 710 122 546 173 403 30 579 957 148 758 79 118 822 896 294 849 617 462 579 666 306 609 275 71 705 969 298 216 399 375 408 420 910 516 819 458 11 360 618 616 50 286 666 479 481 345 160 813 552 474 440 782 542 964 88 758 329 281 597 768 657 479 69 981 882 413 369 874 317 776 261 870 963 147 358 462 520 130 360 949 834 206 398 950 293 741 215 595 327 488 397 750 37 246 660 182 416 401 818 690 859 472 958 731 47 991 961 763 341 701 968 112 493 851 572 58 950 641 698 744 325 332 486 400 681 238 442 829 401 993 854 590 431 63 910 233 612 754 878 230 949 123 600 659 800 117 69 323 668 516 603 560 822 848 813 395 98 379 211 619 300 886 235 977 617 961 247 558 465 361 722 85 232 33 401 586 431 791 287 266 227 736 922 112 335 104 158 321 110 751 164 716 160 84 398 160 545 999 833 33 896 373 815 384 387 210 543 687 766 872 383 62 846 773 510 420 629 973 249 986 740 249 334 656 961 756 309 715 103 159 726 964 662 232 23 329 579 461 784 932 573 592 295 663 957 309 978 304 407 846 743 822 292 373 778 530 106 679 940 843 997 211 885 416 643 458 592 634 410 334 810 143 703 437 979 797 416 926 39 114 173 721 480 437 74 72 32 666 582 435 535 664 408 530 20 988 349 113 132 518 473 966 240 671 499 212 870 78 356 754 224 544 304 134 407 855 40 680 755 5 570 613 867 732 200 40 772 803 763 878 396 335 116 123 164 549 843 63 33 208 708 854 187 216 873 944 109 470 427 963 465 619 991 303 958 807 931 758 573 788 397 928 26 894 901 918 779 731 87 980 386 534 911 168 180 373 898 303 942 95 221 689 905 633 604 991 467 605 520 577 398 886 269 1 148 468 375 416 250 330 443 706 51 831 870 341 339 764 85 582 288 633 678 448 249 186 532 920 901 69 395 827 921 229 550 739 88 763 139 840 622 361 31 706 304 948 369 781
240 561 371 472 446 244 408 999 200 660 2 836 762 384 658 955 734 837 86 423 444 559 619 324 361 357 370 135 143 814 723 566 125 44 981 309 870 588 880 410 541 928 343 484 367 884 95 339 286 346 766 903 911 68 646 56 948 899 905 375 631 592 907 517 901 639 22 318 239 445 242 577 171 387 659 704 522 579 47 268 328 676 356 625 430 675 663 63 589 984 559 933 346 564 589 63 332 157 51 136 626 570 688 540 1 546 800 731 217 41 647 930 479 780 176 859 694 333 424 387 778 115 381 460 808 280 680 738 981 509 869 890 826 74 255 362 822 69 46 544 105 436 815 592 159 589 658 535 362 35 526 574 665 568 482 219 619 569 119 205 580 790 806 762 578 862 126 886 338 405 418 671 227 690 386 453 667 299 154 886 500 107 858 106 145 906 808 855 461 658 654 972 56 586 937 364 187 932 955 633 801 657 567 328 894 96 174 924 386 337 311 259 969 547 802 375 177 510 32 608 874 647 898 184 164 766 505 718 516 348 104 649 40 956 619 413 165 852 144 837 703 746 627 395 115 673 595 435 875 784 807 913 23 508 415 218 236 949 444 774 984 425 403 85 766 681 716 659 305 685 15 386 741 827 811 245 727 629 667 152 190 437 126 600 123 544 865 524 435 371 425 895 934 59 209 468 306 481 526 53 195 513 34 31 136 8 207 225 143 445 295 65 803 545 655 313 458 487 820 97 413 719 734 258 524 798 336 891 731 826 917 334 162 13 880 257 711 822 906 195 845 224 668 48 408 140 907 159 533 75 405 346 958 204 161 308 774 747 36 325 673 663 130 536 901 673 362 582 507 570 453 758 168 53 670 621 906 587 632 206 164 730 25 914 43 310 536 540 416 410 905 166 648 476 953 380 553 957 590 407 123 909 454 70 752 823 688 391 467 10 439 230 402 159 31 588 951 658 301 779 513 167 382 262 427 475 822 658 790 762 341 418 936 353 655 269 297 427 753 987 935 115 216 176 921 814 360 342 511 643 57 734 748 560 811 950 491 311 855 386 560 282 894 164 247 682 917 921 748 720 20 754 989 797 263 253 657 303 914 610 494 856 653 669 429 951 489 771 876 322 700 926 74 270 555 976 386
606 873 420 81 283 621 931 927 135 823 792 915 173 702 476 498 238 38 874 129 383 19 266 436 512 836 432 746 661 268 363 579 573 144 907 803 895 466 269 910 495 412 777 302 104 85 306 125 220 612 252 375 652 171 542 680 814 903 928 21 190 781 998 845 487 698 329 841 281 850 850 239 601 23 144 143 536 378 695 631 547 236 113 566 164 594 422 293 674 568 926 154 175 568 787 711 567 572 175 784 674 292 108 984 141 850 267 657 476 343 800 910 169 305 458 691 739 317 798 62 873 988 332 988 47 501 134 500 441 765 676 807 598 984 975 973 781 941 871 650 553 425 812 716 376 561 319 396 920 687 974 957 109 772 394 991 649 116 698 225 340 844 655 762 521 909 104 68 284 281 2 769 233 423 750 612 918 686 555 307 542 661 623 238 232 379 100 227 578 32 616 302 311 806 971 237 657 300 309 304 436 200 480 426 297 687 195 90 264 497 305 643 261 36 98 339 456 97 983 835 341 947 176 809 120 929 359 492 337 106 666 519 154 89 546 492 9 936 1 663 290 38 187 7 879 671 351 462 936 648 128 355 633 606 408 525 47 621 67 425 671 219 326 604 126 94 460 90 826 405 584 816 519 800 584 477 579 460 845 138 901 927 219 474 497 662 62 62 577 204 517 295 716 574 733 572 107 402 105 804 723 198 618 222 712 362 7 285 880 353 44 252 76 517 373 777 905 126 236 557 641 710 287 287 449 912 737 522 26 474 187 374 1 401 31 933 319 26 379 634 422 479 419 116 297 991 412 122 753 485 439 315 928 285 298 578 698 277 232 1000 31 344 276 731 389 134 618 780 392 107 650 881 531 738 433 495 920 190 632 102 878 836 121 387 551 1 917 153 105 615 687 598 230 582 320 720 972 918 746 715 369 161 175 591 646 427 43 41 109 871 960 545 541 648 127 887 83 600 968 238 170 356 795 983 881 447 33 636 898 414 349 709 798 211 282 32 854 497 688 233 448 361 242 591 173 905 950 516 852 898 224 900 284 565 323 281 500 154 902 222 993 77 483 481 899 692 858 691 366 227 799 789 682 575 689 123 967 307 253 624 979 243 396 293 642 94 416 449 124 726 789 738 833 948 306 914 545
760 135 549 35 533 275 239 843 438 750 711 35 304 395 537 404 656 186 920 565 587 401 630 566 942 523 405 146 377 490 538 755 375 952 117 912 283 220 606 535 233 324 369 311 867 26 874 691 916 628 327 345 731 686 549 429 104 734 119 713 830 386 186 532 787 136 751 391 532 499 944 634 287 471 549 96 584 230 749 298 963 757 111 848 337 344 981 348 25 151 729 746 320 670 435 568 409 288 853 853 114 159 655 568 601 967 628 406 24 440 553 653 210 360 691 840 454 504 230 810 505 519 269 259 971 141 8 643 835 540 563 579 349 16 917 843 287 854 450 624 817 817 377 12 314 618 986 982 86 741 587 473 662 848 638 823 87 376 663 948 200 996 109 759 237 752 668 735 855 628 436 645 104 184 227 581 324 105 985 798 971 264 384 340 570 539 488 838 611 77 788 372 626 133 963 48 866 547 906 654 738 421 346 125 885 406 533 214 478 734 524 358 300 972 97 449 223 37 925 289 905 445 141 804 101 476 903 987 728 221 883 106 881 633 970 920 988 442 29 509 75 358 78 666 515 13 531 863 490 339 272 174 596 122 546 500 586 809 971 879 567 223 430 810 228 98 257 137 634 228 664 183 385 742 342 472 752 88 990 202 293 618 686 831 120 729 380 457 451 907 214 808 888 135 724 32 101 859 456 574 292 126 410 973 374 688 762 665 676 895 994 203 112 579 960 875 59 379 231 113 310 543 841 672 781 837 735 875 132 358 332 356 956 203 270 713 489 719 331 843 338 784 745 804 160 264 462 951 896 381 368 993 341 90 541 254 650 59 902 133 198 921 460 679 312 744 777 48 169 370 517 633 840 789 937 932 280 524 272 200 489 74 888 108 238 799 202 59 964 273 747 67 446 997 416 347 176 537 388 372 371 746 80 430 461 845 190 565 872 229 366 588 245 877 642 971 234 946 489 643 40 311 856 671 75 649 467 303 458 69 375 774 416 919 999 781 719 232 733 686 223 371 828 438 174 101 200 766 902 965 921 982 148 972 69 270 521 505 794 895 354 504 59 742 508 232 632 979 457 130 814 668 2 285 707 346 400 960 716 479 650 601 388 738 145 189 247 726 842 62 928 444 180 271 74 391 121
496 938 434 630 410 518 201 350 715 491 503 725 667 286 40 502 648 709 12 735 931 954 527 292 469 577 972 864 505 658 486 847 316 183 69 630 351 70 221 193 80 191 722 412 579 418 59 340 794 698 875 419 368 171 504 583 144 446 261 189 305 384 38 446 59 926 517 814 249 826 157 215 60 932 178 700 31 171 954 960 937 382 572 290 739 445 133 715 426 533 370 509 562 126 803 750 844 75 436 562 898 513 454 227 606 301 178 738 586 412 294 67 89 664 192 170 603 997 990 823 284 555 680 574 264 844 152 436 637 566 140 174 706 262 271 342 510 252 178 456 870 368 424 950 461 772 250 229 640 843 992 610 418 301 10 466 239 664 625 453 216 1000 870 996 935 171 846 211 669 689 69 301 692 141 234 201 999 658 910 371 684 924 820 11 308 559 204 204 895 607 927 585 937 943 272 80 391 19 575 849 982 214 632 359 909 478 902 716 964 761 373 636 85 490 64 554 913 226 110 56 904 275 237 464 166 800 374 298 427 17 376 791 145 345 254 629 698 110 405 454 299 551 564 380 602 234 611 62 831 595 681 991 760 496 758 932 971 500 625 706 470 332 731 549 383 648 929 236 982 886 11 735 78 956 897 336 588 657 646 969 141 617 307 499 850 426 798 948 171 11 235 947 558 775 387 137 628 98 287 181 164 916 347 201 339 37 710 111 449 751 926 693 650 160 586 483 477 130 518 419 29 254 163 522 657 517 130 752 377 575 370 34 499 515 368 804 669 70 524 59 531 706 658 472 581 858 671 726 229 877 681 631 235 294 279 846 266 147 480 552 919 581 835 899 138 637 81 476 111 868 656 722 801 779 881 617 782 984 564 166 764 100 800 114 67 441 896 68 978 952 477 999 487 144 521 251 91 407 667 934 375 39 187 9 449 434 475 254 140 745 286 893 604 269 629 624 576 220 931 64 693 490 620 987 435 871 950 407 734 794 409 994 386 491 834 467 270 657 782 995 367 858 894 260 621 973 733 581 83 830 44 737 720 622 176 152 862 117 955 513 615 700 495 154 430 614 790 830 944 379 660 666 206 748 261 593 106 912 622 375 730 127 299 461 229 19 65 897 425 385 799 664 315 205 30 136 41
208 689 712 955 686 558 852 782 975 36 892 211 801 458 900 327 969 821 572 566 737 899 49 675 33 820 602 426 163 125 484 573 406 525 611 120 617 229 326 237 521 539 502 749 986 894 354 628 78 910 321 168 241 335 160 964 818 536 881 839 678 199 991 214 700 242 350 62 163 489 687 528 43 153 519 46 269 33 556 952 784 319 682 751 758 465 615 914 228 468 261 745 96 527 660 998 894 772 528 957 787 576 134 131 650 131 63 603 803 899 445 360 304 682 938 108 520 821 884 935 224 337 165 940 982 38 405 276 946 454 256 722 454 156 842 666 300 135 130 939 331 178 51 801 94 151 463 753 576 957 758 911 714 822 162 89 324 622 36 735 404 223 817 454 966 293 757 936 931 170 499 391 776 372 955 809 760 891 510 974 24 778 548 574 157 697 993 575 931 146 733 492 126 659 879 910 270 555 819 197 917 223 449 179 540 900 582 248 807 198 206 440 2 818 734 960 811 616 298 219 422 901 803 527 113 563 921 98 930 156 563 381 125 434 541 595 92 828 588 57 809 563 266 716 798 326 113 269 882 990 163 278 63 235 919 144 817 990 155 407 501 369 437 686 715 87 275 842 56 968 567 442 779 600 844 185 155 849 249 756 772 918 739 297 820 181 330 125 362 629 352 276 188 154 201 608 58 760 846 921 457 502 909 559 145 710 168 974 682 311 261 41 870 214 339 544 145 531 943 554 442 751 917 943 570 474 894 691 975 594 952 465 409 981 321 263 959 867 653 608 870 512 932 780 387 648 139 385 209 39 821 439 985 478 563 910 342 640 464 183 328 388 720 12 815 370 441 38 417 836 819 614 644 647 366 879 712 834 999 648 653 719 874 351 432 648 928 160 327 291 44 830 250 810 109 660 25 917 856 282 918 462 638 250 943 960 116 875 94 860 11 451 564 230 504 684 929 339 964 673 362 791 647 799 860 586 516 276 579 164 594 362 591 488 126 286 276 297 566 184 537 628 799 57 384 610 165 250 466 278 479 776 568 896 317 963 559 434 22 138 785 875 734 360 196 504 716 432 384 759 725 129 585 452 442 750 318 412 128 167 744 2 198 232 835 673 599 392 143 196 72 873 405 258 70 360 862
341 13 315 457 814 105 981 42 849 498 664 193 381 39 635 92 916 563 177 97 34 465 835 880 390 908 492 613 819 583 727 268 822 248 666 501 950 619 605 142 621 494 860 358 815 619 890 897 599 10 252 81 947 936 575 646 592 529 27 907 874 903 462 583 468 533 473 282 353 151 110 109 636 800 705 142 642 631 590 866 792 418 785 686 653 489 152 294 233 546 668 900 432 251 589 667 946 86 876 133 476 535 377 835 524 574 702 101 47 751 147 709 437 866 26 55 333 55 448 820 704 393 7 261 118 273 48 530 390 399 988 802 659 416 633 469 574 830 286 117 412 174 783 347 42 356 885 831 214 369 633 798 974 62 697 727 119 61 1 969 433 217 494 800 347 193 440 216 944 168 759 580 889 999 185 136 515 297 214 722 506 201 689 73 441 384 674 405 733 739 761 184 616 854 821 505 321 161 492 49 97 871 75 518 328 256 524 243 291 816 372 91 185 341 416 363 538 373 395 567 385 83 504 924 414 735 572 391 791 516 857 80 526 317 346 117 359 649 727 891 897 408 84 678 75 847 289 706 739 499 203 824 718 377 813 670 546 66 246 627 746 816 90 513 492 523 337 416 697 164 221 161 865 688 586 428 874 848 812 197 76 666 320 157 908 464 28 471 116 528 427 714 751 770 568 434 362 325 339 583 336 443 180 93 5 588 251 532 10 581 806 742 147 164 618 402 672 795 903 317 967 272 696 242 784 487 969 670 989 642 751 882 755 530 565 426 959 246 367 667 708 404 612 155 941 304 941 726 641 949 567 908 698 329 438 975 847 422 209 819 414 747 555 221 947 175 250 171 835 498 713 943 732 621 360 160 20 937 814 941 414 999 299 252 593 962 754 612 127 313 301 655 901 279 820 315 708 699 591 319 146 632 204 275 260 771 939 731 416 596 251 377 176 612 322 701 33 268 263 789 431 643 897 389 52 697 348 962 662 480 92 447 587 456 468 634 182 930 583 127 596 235 736 412 652 344 682 303 433 336 705 599 944 434 483 279 594 696 909 666 584 927 194 62 982 880 584 751 217 407 665 442 899 637 160 667 190 371 307 828 674 937 813 35 32 121 765 719 186 787 552 686 959 562 488 580 959
511 249 803 727 130 224 227 72 46 904 246 595 666 822 109 85 286 900 61 465 46 300 587 568 505 235 180 477 666 858 929 324 696 600 612 710 310 333 959 367 439 57 133 135 24 699 511 834 612 728 366 181 4 638 402 374 120 1 142 468 599 382 404 465 227 205 333 700 919 287 809 320 555 565 556 693 604 139 900 629 776 713 602 134 720 346 907 501 407 395 776 660 666 959 30 162 2 813 221 105 420 699 582 690 201 81 176 263 923 842 342 575 82 64 734 496 512 903 936 300 828 964 391 670 484 419 889 8 757 926 358 380 272 629 607 931 523 745 703 712 469 34 614 17 276 619 639 806 638 66 462 245 18 848 615 778 570 943 728 177 572 741 421 125 169 206 397 992 181 72 34 206 493 2 593 805 864 587 857 638 256 246 253 640 127 404 880 94 621 727 459 799 985 971 635 163 210 610 445 535 789 455 471 760 19 731 700 991 999 986 191 729 474 107 795 568 489 535 160 74 25 994 289 794 866 616 322 772 62 854 505 962 69 669 684 218 631 614 750 728 171 840 428 583 192 6 264 670 438 213 300 740 738 360 397 905 454 673 831 423 526 40 559 106 914 805 814 941 427 441 252 881 105 34 31 838 399 288 326 535 296 501 596 867 705 170 502 860 79 940 523 822 857 440 193 436 723 39 1000 167 484 991 590 519 398 897 481 689 719 37 607 428 151 955 179 922 36 817 763 336 208 882 630 120 242 113 467 872 198 968 865 48 353 148 60 471 598 79 985 86 111 980 896 498 427 496 312 579 5 217 507 774 947 602 457 695 583 315 232 454 831 879 572 193 33 202 373 946 760 268 913 790 961 545 880 633 746 990 308 331 150 892 740 155 405 187 729 255 361 916 625 833 985 313 763 825 301 887 760 103 257 369 96 563 992 765 526 541 629 733 231 450 765 876 487 637 350 742 18 265 846 227 475 481 129 255 459 100 107 740 974 894 727 660 724 777 287 801 349 40 423 576 705 961 325 628 493 446 878 462 757 3 865 498 879 289 875 843 574 547 491 201 998 185 783 777 603 286 298 937 337 682 248 164 216 877 387 796 108 299 343 293 954 152 93 218 338 148 820 356 3 604 300 571 951 322 688
36 451 270 481 707 237 161 767 549 714 280 308 15 900 422 702 523 139 530 343 665 548 299 363 205 176 988 797 1 477 88 6 226 525 101 822 150 412 541 314 847 853 136 148 333 339 916 217 341 314 164 922 541 986 686 142 216 41 635 23 61 370 283 796 84 105 714 490 810 445 850 851 37 342 811 150 427 240 778 188 163 898 874 813 959 652 446 471 357 283 470 757 882 912 770 945 64 993 432 90 680 977 405 113 763 797 275 106 334 87 674 636 203 585 4 331 957 786 483 533 838 204 940 217 481 597 670 639 370 639 161 748 436 947 879 39 164 28 855 304 248 570 39 77 669 891 762 886 67 736 375 252 802 861 616 762 389 32 671 874 334 57 614 144 797 388 118 85 34 200 423 705 31 559 590 312 698 526 487 348 849 890 121 390 736 170 869 632 804 55 431 761 650 908 965 961 319 203 818 125 828 125 898 548 807 782 877 15 922 810 627 263 779 371 530 652 739 131 500 151 65 884 972 389 813 416 945 546 876 121 359 225 584 777 805 526 870 430 634 754 991 346 534 113 103 755 361 381 518 872 31 271 720 727 475 666 939 447 28 132 682 639 282 449 330 225 482 960 80 191 292 433 28 895 101 710 497 37 712 460 92 660 26 708 564 166 286 239 343 926 372 432 682 48 403 629 474 582 139 378 941 433 917 659 826 120 306 73 254 403 869 232 159 179 651 905 137 480 690 788 194 586 354 311 670 369 778 710 857 64 289 756 430 21 844 225 147 375 959 772 744 8 231 484 873 469 417 391 478 457 734 766 83 536 198 612 687 767 244 246 353 71 881 517 81 307 383 339 928 474 745 505 662 626 932 844 235 380 689 431 735 669 593 825 682 414 538 571 968 497 200 993 870 474 222 712 283 617 436 581 661 519 55 683 985 273 647 503 191 3 48 278 869 437 472 976 400 984 775 232 319 883 440 142 569 793 186 177 222 709 588 476 792 119 928 638 37 423 264 906 166 469 345 809 81 308 705 528 30 92 154 849 685 921 790 625 413 956 89 57 169 540 434 70 696 955 397 401 376 789 421 358 145 532 207 403 858 337 575 57 524 549 701 230 133 989 503 459 246 753 291 673 299 151 813 914 269
379 62 748 409 567 545 364 638 65 899 48 140 90 802 582 426 519 426 67 425 305 63 873 894 461 973 19 637 911 435 160 618 143 285 455 154 552 27 229 596 204 925 654 161 605 77 791 899 300 34 430 377 85 534 947 70 6 538 236 427 820 627 369 309 850 729 119 493 649 768 909 811 684 220 511 329 290 784 634 251 953 106 688 719 28 145 846 54 113 407 419 154 540 123 807 175 730 768 123 544 848 145 792 252 718 947 226 759 525 354 525 947 482 328 873 451 834 764 969 878 511 718 80 35 705 629 562 548 601 539 437 760 744 660 488 581 641 656 127 576 877 21 4 228 910 798 891 927 187 660 536 998 943 63 17 212 364 740 746 616 621 116 842 823 997 778 375 14 514 802 471 868 446 766 920 642 309 300 659 790 567 468 282 637 290 268 854 596 679 953 28 689 698 2 308 142 306 51 713 751 422 91 320 293 93 606 932 929 479 675 467 266 461 793 83 869 584 931 700 505 98 488 407 957 526 444 403 459 273 605 621 415 896 660 420 217 631 703 363 818 7 609 988 943 420 606 520 698 349 906 833 567 919 750 850 882 720 444 270 573 795 218 78 585 604 494 451 178 432 478 249 395 817 225 550 164 618 919 465 90 156 639 714 255 434 524 645 925 69 768 826 301 367 77 770 461 17 933 995 855 892 865 48 273 904 249 925 413 592 114 137 589 861 996 188 597 746 458 678 493 997 503 930 258 385 791 746 927 199 110 519 819 171 394 908 85 997 987 680 284 542 243 483 985 687 387 128 714 553 9 593 35 103 176 635 593 646 397 358 932 468 915 927 712 561 335 574 570 442 308 225 249 943 820 377 648 857 441 742 602 186 496 225 326 74 157 449 374 189 177 985 309 59 163 949 634 128 834 255 553 690 306 399 564 451 862 969 383 282 382 788 506 364 880 366 195 564 619 104 511 418 831 473 191 47 91 804 423 412 712 333 108 753 12 44 189 414 939 84 318 819 133 162 701 731 631 652 489 489 567 446 333 994 643 558 48 432 179 143 396 822 668 35 457 701 74 641 155 682 539 488 627 606 70 524 136 213 235 193 127 189 932 478 24 460 808 941 544 242 352 962 336 960 234 50 911 564
452 833 525 990 864 282 357 340 718 346 83 641 203 492 565 212 167 78 617 84 9 90 575 136 372 53 775 636 261 319 435 284 359 555 732 170 631 45 853 33 968 761 830 588 33 791 243 717 616 498 775 910 350 827 807 842 121 137 301 278 265 879 916 792 274 601 127 502 252 343 626 543 309 562 344 439 838 176 275 774 804 32 933 904 388 355 892 323 365 665 603 908 753 500 483 515 503 347 760 914 622 675 211 981 460 731 762 526 312 56 206 5 942 201 529 626 609 927 141 761 291 469 663 252 813 775 709 483 468 334 915 1000 430 910 785 405 9 79 60 457 377 80 330 686 875 479 659 764 32 975 772 407 951 921 356 846 633 250 641 771 114 806 701 832 312 337 32 420 852 292 352 896 831 928 993 157 352 548 953 771 33 647 287 806 187 240 245 449 973 784 175 65 922 807 686 1 66 186 593 390 101 762 15 995 173 162 421 453 304 167 258 291 149 550 612 244 636 870 686 73 214 905 826 886 807 120 534 439 300 588 4 682 732 275 472 106 231 297 107 479 589 378 550 21 85 154 680 735 326 613 248 34 184 210 186 961 374 400 571 639 878 493 544 446 498 823 620 509 659 125 74 146 617 850 205 729 714 619 463 866 752 194 387 757 469 339 47 992 937 99 194 288 489 528 166 331 60 152 992 743 13 914 238 930 408 85 307 186 727 104 188 777 974 962 605 575 144 934 212 87 892 569 919 408 750 262 480 232 708 406 434 124 997 765 111 590 313 919 59 211 481 585 581 704 149 210 571 86 641 628 497 893 939 578 2 924 840 283 4 663 652 989 370 464 527 958 127 308 605 352 567 354 910 320 230 556 614 405 494 308 892 100 392 841 208 429 772 567 859 111 840 6 930 253 716 446 970 739 506 993 109 378 589 261 413 694 322 37 308 269 683 856 726 302 802 637 43 27 941 329 891 546 501 222 35 760 567 690 25 676 512 636 943 935 956 188 219 903 899 893 780 15 353 963 976 330 476 41 228 478 873 758 861 732 356 837 392 46 940 256 829 626 158 18 783 814 224 721 1 406 617 129 719 260 851 849 450 151 290 100 826 567 591 66 694 62 763 247 709 477 244 67 199 977 44 233 566
956 438 348 276 351 692 256 999 392 69 536 346 121 719 506 613 205 700 173 636 349 90 834 611 591 280 689 66 759 685 144 496 554 561 373 811 116 725 303 52 909 849 195 70 778 14 845 75 437 123 836 950 144 665 713 190 729 771 322 350 141 356 248 59 942 821 265 506 516 279 570 336 166 335 996 80 626 131 37 615 450 368 778 608 768 965 289 905 277 191 507 343 733 187 842 95 31 483 674 731 912 820 40 278 120 728 832 989 438 699 842 889 319 413 293 118 300 204 714 148 329 376 586 38 432 358 333 46 933 989 858 38 814 928 166 212 503 576 316 635 568 890 529 704 353 748 244 674 504 86 684 417 613 301 200 842 157 552 77 13 1 409 758 40 459 598 412 557 17 921 939 5 355 44 992 985 548 415 358 729 292 157 409 701 595 356 666 938 898 384 155 51 248 900 375 28 903 341 523 93 103 874 221 286 795 389 926 767 594 3 592 129 285 926 197 553 853 207 715 995 741 703 268 581 930 812 363 587 256 250 239 66 261 970 586 111 763 147 676 119 347 770 817 896 344 412 419 387 923 653 33 686 105 383 137 891 249 842 465 68 129 95 373 436 168 620 77 962 711 75 878 948 289 860 675 209 841 18 20 899 10 530 410 428 747 615 503 583 399 222 517 194 466 391 214 342 545 392 17 96 681 507 116 663 531 941 529 446 992 42 680 293 983 27 352 834 855 351 459 209 470 911 589 653 870 686 836 157 265 675 875 472 752 87 81 769 101 788 415 636 328 529 744 598 862 231 431 804 776 195 922 679 517 388 285 689 161 700 790 499 34 194 218 578 58 824 683 103 736 637 311 125 387 641 918 535 923 740 754 292 504 547 205 956 355 687 989 570 108 89 206 730 536 973 73 109 67 877 888 759 890 681 97 722 459 576 591 256 928 52 661 496 241 571 155 493 500 338 902 402 675 50 666 795 913 69 495 493 780 689 835 818 800 361 56 730 407 754 325 333 325 58 832 52 645 401 612 891 818 42 511 383 725 353 680 676 184 282 571 571 470 785 885 813 637 979 578 240 637 525 128 485 275 303 742 908 431 935 35 967 868 318 678 490 402 804 888 452 800 966 649 294 280 767 32 411 105
784 915 835 528 435 910 244 5 677 39 141 848 509 151 971 803 149 441 614 818 346 839 79 206 265 918 317 312 121 75 897 304 490 320 14 409 510 689 256 66 629 874 177 410 30 445 821 694 88 227 216 484 870 590 3 697 514 308 281 711 968 430 92 151 857 66 682 134 494 949 592 324 815 905 686 485 459 236 476 725 68 896 43 611 641 436 958 315 677 600 555 433 975 999 750 359 162 399 505 902 710 164 19 760 760 597 286 300 747 133 412 457 443 812 922 917 765 159 885 99 801 412 130 249 510 761 148 412 272 157 918 711 488 779 484 265 12 852 996 499 55 187 190 398 822 816 110 866 772 382 190 223 825 253 327 458 737 705 776 524 769 529 853 317 456 765 267 915 80 37 28 670 368 394 780 426 546 88 866 940 764 867 718 760 466 528 468 963 679 625 320 313 356 238 862 390 588 534 973 515 933 40 642 560 159 478 668 692 403 32 601 524 641 584 571 476 664 535 839 863 853 142 512 229 435 469 145 256 447 94 654 438 189 730 665 275 657 439 253 599 486 635 213 31 359 569 845 984 793 686 654 876 18 595 949 781 244 146 786 813 434 66 298 402 780 613 106 397 520 733 774 840 585 981 920 811 938 948 47 850 937 574 887 134 502 750 96 463 667 645 618 378 242 36 585 141 229 266 577 865 792 618 442 448 333 664 633 101 27 331 649 233 54 741 775 540 95 470 256 836 72 600 967 973 334 129 320 743 526 147 688 734 578 358 1 649 229 921 41 422 157 269 735 924 290 618 964 162 35 956 473 556 775 807 543 175 43 197 520 820 315 329 588 673 385 308 216 570 148 366 905 705 846 442 257 740 750 425 186 391 466 800 305 980 320 873 951 214 782 944 214 875 221 490 314 719 541 459 755 449 467 866 647 264 921 579 906 260 738 284 183 542 352 254 156 617 880 196 917 417 644 411 576 774 729 276 746 5 558 520 504 611 269 166 299 181 430 803 582 417 996 568 814 961 808 155 286 584 195 582 713 621 379 286 889 847 29 799 206 451 446 990 178 299 543 670 334 353 329 343 324 272 832 558 377 182 686 592 78 694 180 987 560 951 330 417 696 325 629 518 584 830 960 215 545 653 245
217 233 509 908 863 411 769 832 721 836 534 115 294 11 282 956 996 572 115 526 301 2 668 190 446 234 648 85 540 747 559 169 429 165 899 485 188 48 620 215 658 849 777 778 871 430 543 692 402 249 618 31 246 227 543 535 753 833 275 319 949 910 750 424 695 98 501 349 874 734 706 189 63 136 384 730 898 935 901 477 637 631 703 891 213 46 192 312 158 831 798 252 771 711 41 112 878 824 563 336 157 562 240 222 540 149 872 118 549 12 780 358 606 39 388 59 386 460 83 887 605 801 830 890 57 566 363 293 733 723 244 958 263 885 403 81 772 210 881 733 802 542 329 684 956 16 962 895 403 975 95 244 53 385 233 767 939 373 681 645 441 535 953 305 100 486 86 644 883 10 520 899 581 732 408 805 319 618 620 346 167 410 740 283 862 157 503 385 538 602 541 882 936 315 19 425 574 174 867 598 471 446 369 841 625 261 414 867 360 518 542 384 655 439 474 998 964 881 555 784 608 652 280 936 905 57 360 834 913 99 438 968 365 689 798 818 167 839 274 408 982 233 266 778 704 229 60 638 574 436 55 890 898 492 971 456 984 340 973 619 154 737 962 355 651 44 830 585 702 583 793 932 415 873 304 261 339 881 847 904 373 247 354 799 756 599 517 550 220 307 11 635 446 856 946 200 314 80 821 287 915 125 825 892 293 364 972 48 426 145 562 472 326 518 710 978 76 110 929 515 628 332 266 202 805 252 784 502 773 387 931 811 109 792 729 458 618 664 674 900 944 53 325 951 402 630 905 482 667 565 60 103 10 129 241 948 46 490 631 67 298 267 381 788 254 215 250 435 8 846 403 480 529 863 66 837 457 491 802 515 314 737 861 805 173 351 18 510 322 687 2 922 488 399 791 855 661 198 476 459 594 442 271 826 187 873 268 292 418 140 620 260 316 618 350 922 366 96 302 862 226 52 844 227 244 116 184 301 379 100 775 592 422 807 332 235 374 549 615 181 492 769 465 569 427 26 44 158 616 679 397 179 559 199 251 356 314 500 660 331 633 449 934 482 265 467 147 777 678 445 722 799 464 969 931 865 957 173 787 285 557 728 250 116 325 989 523 539 849 400 590 624 411 195 212 159 494
544 530 84 494 737 167 994 119 566 991 377 614 958 762 53 400 450 914 249 108 917 103 721 372 464 309 567 467 324 346 227 204 513 642 913 155 7 250 820 960 44 654 19 317 621 557 88 969 683 565 998 443 909 236 690 845 566 793 575 757 321 206 131 646 625 137 100 479 294 221 229 262 773 360 164 361 224 640 134 530 118 835 740 982 768 138 605 159 79 203 60 588 236 117 192 888 139 565 450 493 909 425 945 988 81 588 378 737 751 234 249 159 893 82 558 563 531 123 262 457 946 62 428 468 743 237 956 63 138 165 65 342 855 343 562 252 589 505 160 408 369 371 417 457 292 499 778 561 186 321 592 187 682 372 724 782 876 580 798 216 14 227 798 722 914 781 371 309 846 662 387 2 212 444 560 134 587 197 806 974 739 895 520 463 711 764 185 236 245 383 618 659 522 354 502 719 146 775 973 420 490 769 515 292 288 914 542 983 244 120 708 201 9 458 391 988 805 843 670 279 316 246 823 978 451 447 261 856 638 725 715 884 495 655 381 689 240 841 763 982 178 940 3 656 929 779 260 569 741 933 572 694 47 548 756 898 489 509 758 558 76 574 743 682 636 429 671 654 711 98 265 529 743 832 22 827 36 346 658 194 404 216 794 789 659 869 192 110 536 63 301 255 349 285 577 859 10 701 486 103 88 968 58 183 207 190 282 229 636 226 452 134 420 457 616 761 688 999 731 858 788 627 349 828 775 583 271 760 961 233 50 538 396 507 703 579 679 747 524 207 328 390 816 588 750 134 208 103 512 996 801 381 426 578 146 183 614 299 623 330 949 941 284 807 811 459 294 610 775 294 760 546 541 360 307 312 277 183 373 480 812 454 171 246 333 673 422 142 476 282 472 986 259 324 204 812 592 285 871 431 785 438 63 874 49 199 863 255 989 936 131 776 579 818 477 589 104 706 457 318 161 308 829 314 88 992 448 14 407 544 729 496 420 310 321 631 879 789 216 543 102 961 913 25 119 828 444 663 1000 431 316 738 458 884 839 332 512 419 132 884 948 596 833 646 281 497 600 456 106 904 524 239 736 198 38 316 613 613 731 178 189 194 206 84 234 781 991 54 329 394 180 994 528 753 796 708 175
573 870 647 263 885 142 752 571 320 154 401 161 965 961 453 742 788 367 104 116 112 499 799 519 599 21 376 729 774 532 361 298 493 263 4 795 329 869 471 131 523 1000 182 59 239 237 270 517 686 854 504 762 460 459 606 74 55 485 435 634 304 547 572 966 157 235 764 43 601 488 24 376 295 197 368 502 969 719 917 2 967 891 458 730 316 925 246 964 580 946 668 387 614 988 401 158 681 918 147 366 307 596 170 794 85 234 612 155 182 828 990 329 116 590 680 663 767 800 295 358 217 915 949 707 541 382 864 988 635 789 816 838 116 338 567 838 99 365 236 656 408 846 406 177 313 4 842 325 502 829 559 96 688 184 831 130 687 459 842 883 805 84 925 642 56 744 510 712 950 522 227 42 960 340 651 156 457 514 656 641 125 107 20 405 182 992 129 353 142 305 297 676 179 752 262 947 381 486 151 215 417 278 439 376 154 668 915 231 385 29 541 339 161 959 715 919 752 660 611 968 598 419 152 787 928 793 565 213 6 15 630 271 309 392 908 294 942 52 977 916 278 184 681 55 226 371 33 911 798 519 552 791 160 909 320 547 952 62 847 777 92 159 75 903 738 834 758 374 778 244 619 394 202 32 791 119 408 421 709 584 577 328 161 488 589 73 996 260 911 229 910 46 983 446 387 763 996 479 778 202 973 227 50 927 830 909 799 893 801 857 426 826 394 792 139 48 557 789 988 169 265 937 51 165 432 791 639 19 867 985 631 937 338 850 136 677 154 922 731 774 675 843 258 830 897 803 90 4 679 153 831 455 51 683 90 275 69 639 282 133 280 629 486 656 538 637 964 785 228 815 694 490 718 627 17 404 443 955 204 605 895 384 98 524 303 690 422 154 526 740 119 7 80 686 178 158 826 751 11 565 894 410 955 810 428 440 179 822 251 656 82 146 752 983 636 796 379 273 205 700 893 585 682 567 371 525 460 354 520 156 806 754 159 868 255 273 251 807 956 933 415 951 406 366 906 638 745 471 942 268 664 685 179 892 144 163 854 118 964 975 621 953 462 744 730 224 383 527 908 923 900 512 327 713 188 87 60 539 656 503 635 15 100 420 684 984 166 69 922 415 364 41 52 252 374 444 903
38 705 898 633 650 240 754 775 123 796 31 442 310 582 780 667 829 697 905 951 891 70 234 347 721 699 867 898 172 329 272 955 448 283 15 976 292 914 967 145 262 966 961 989 248 402 473 848 846 120 349 308 31 667 225 46 20 580 50 547 432 539 923 971 233 464 740 354 347 142 205 118 554 164 192 693 793 611 991 808 285 936 294 304 475 696 815 301 735 732 921 270 408 96 243 227 777 958 787 571 398 646 515 427 199 668 846 791 304 672 663 394 833 285 626 456 197 861 457 216 753 423 904 437 13 238 242 48 708 71 457 999 745 381 508 897 815 753 500 949 688 436 766 628 227 750 363 124 508 388 314 427 6 139 849 302 516 316 394 687 362 719 655 70 273 1000 738 193 979 771 148 23 651 363 645 192 191 405 14 669 945 812 846 531 255 67 516 463 330 878 646 793 561 578 753 813 356 711 484 426 124 672 74 910 171 878 315 441 52 129 172 499 505 282 550 506 618 264 151 392 234 467 86 791 922 749 747 827 53 203 735 928 552 772 966 510 326 875 306 401 301 345 217 729 43 37 262 205 318 470 181 496 450 964 462 804 539 816 503 373 731 974 362 665 425 78 752 798 365 545 803 830 899 958 962 977 944 288 62 51 453 404 88 995 863 846 361 760 625 711 772 60 899 654 46 439 217 875 793 235 718 874 528 117 257 129 713 852 624 324 451 285 671 563 874 352 426 104 538 189 341 77 238 944 636 432 934 224 843 550 114 768 466 288 52 444 299 812 979 841 912 525 841 939 162 812 456 334 601 820 836 600 917 850 38 839 992 723 354 961 534 608 594 445 755 570 681 203 166 836 621 114 446 849 106 507 907 842 81 316 179 944 886 817 266 530 577 679 288 214 879 876 536 752 825 864 192 74 754 211 877 832 76 167 257 489 764 638 563 691 688 230 747 173 589 370 841 672 158 210 79 774 154 47 65 206 562 943 489 22 846 195 633 766 508 843 582 644 831 470 515 68 693 961 501 300 365 659 152 570 461 409 290 14 782 426 979 747 205 707 152 915 603 351 786 959 941 473 400 32 842 816 11 421 626 141 426 966 604 523 531 178 701 814 972 790 601 387 753 328 854 12 134 172 196 228 108
602 739 348 972 955 561 732 333 301 118 610 383 953 648 244 290 978 159 902 446 104 186 279 906 927 261 793 610 432 938 411 642 137 386 512 413 575 37 351 143 759 845 742 202 537 349 162 645 524 667 711 280 482 924 236 540 185 335 893 210 30 586 146 42 12 493 750 270 199 530 914 695 729 873 388 821 373 385 283 221 705 514 708 139 494 120 410 506 140 552 665 158 851 12 664 91 674 164 730 461 364 865 240 696 731 789 789 795 23 866 20 793 706 262 384 809 895 753 948 533 687 577 953 412 654 380 452 225 837 323 793 314 844 26 942 793 483 211 658 458 233 805 179 589 595 658 425 998 767 620 73 196 250 262 571 824 39 487 798 545 739 751 452 877 812 357 917 394 533 670 758 837 799 864 422 663 977 159 738 291 756 272 414 53 161 592 456 823 8 470 651 614 416 472 619 709 405 490 660 849 229 335 486 201 153 43 881 527 882 800 982 326 897 341 128 553 835 641 430 531 3 402 151 695 368 158 741 153 830 927 149 636 285 869 973 15 915 631 88 38 676 431 727 275 206 616 435 73 870 630 763 812 760 496 165 11 532 284 817 569 40 826 475 789 424 201 493 59 369 289 669 559 370 503 986 609 736 737 521 79 772 770 680 49 448 431 146 351 421 151 248 407 374 330 894 824 9 871 405 789 103 624 59 688 362 170 868 742 255 986 901 205 861 552 833 199 332 624 859 560 902 110 869 977 28 261 781 485 30 407 460 788 161 336 312 134 949 814 645 247 930 543 215 309 937 358 655 680 263 502 353 454 619 306 597 562 936 696 470 551 560 647 43 411 758 906 575 20 757 958 372 800 690 47 386 439 438 433 285 286 888 766 715 789 741 46 928 461 356 418 755 956 739 413 647 431 774 369 899 310 549 123 216 687 265 936 889 89 26 980 574 786 15 208 839 737 710 582 729 25 717 170 478 229 922 278 424 765 857 549 348 57 2 722 945 574 384 528 392 958 308 377 998 685 117 280 611 742 318 673 261 807 213 503 315 234 459 147 10 28 658 282 183 751 546 712 357 504 413 268 492 373 344 764 565 94 675 297 263 509 834 753 883 341 943 275 402 91 353 922 506 756 988 442 759 479 612
651 218 33 515 533 195 572 136 771 469 822 99 978 209 912 629 652 558 494 514 995 930 77 180 614 978 435 767 539 525 597 182 628 822 719 437 939 616 464 938 53 417 81 294 511 138 709 213 326 142 122 791 738 670 900 907 448 972 291 117 961 342 957 977 253 532 382 638 912 691 338 575 74 948 923 104 164 52 578 587 662 236 448 894 773 501 707 420 272 258 782 707 227 809 481 97 296 474 367 300 199 607 88 897 845 417 685 922 40 371 194 464 369 732 762 182 276 296 472 904 540 270 54 387 133 138 118 535 403 331 535 551 901 92 212 984 639 644 225 674 569 630 203 326 562 556 261 103 481 209 994 418 270 840 488 867 551 338 237 403 928 566 14 70 416 455 203 318 504 505 575 728 41 485 378 891 320 551 210 943 486 871 640 723 30 404 204 70 256 920 552 151 382 230 263 641 446 403 784 213 104 277 409 498 153 852 99 27 7 720 821 412 578 408 590 870 255 405 628 203 215 517 516 131 370 943 903 878 40 514 672 911 566 98 648 839 49 489 678 5 858 83 925 18 666 292 480 441 206 233 475 319 469 224 259 487 284 813 360 506 153 316 706 899 448 202 866 365 579 582 299 413 237 411 845 358 530 496 719 482 493 621 418 672 752 341 75 559 88 510 396 40 870 209 198 178 34 583 399 352 727 641 546 466 90 605 908 753 90 433 285 157 224 381 552 502 145 341 722 707 457 909 779 966 927 974 249 469 97 293 329 94 236 545 750 462 149 322 503 593 806 210 444 320 762 376 163 95 888 981 681 79 410 771 412 781 954 705 588 351 227 187 734 834 476 881 70 686 410 45 565 793 450 115 53 686 208 544 737 507 939 460 320 79 327 193 501 999 314 665 773 655 66 400 914 681 753 146 328 979 442 598 195 613 216 192 565 915 286 636 836 348 485 377 24 457 613 43 289 154 858 556 681 241 440 838 350 539 676 509 473 282 248 416 669 997 521 726 635 727 379 258 707 148 166 6 45 178 922 573 60 726 912 924 508 895 513 615 583 916 242 596 964 369 739 368 165 205 907 369 765 591 449 72 39 211 990 979 147 605 727 776 769 738 763 529 120 832 161 22 314 594 209 261 351 992 609
471 651 899 700 209 761 283 364 713 566 681 411 868 729 563 338 685 485 644 775 920 257 283 785 791 774 453 128 535 470 158 396 341 813 574 668 97 911 279 940 597 497 469 929 158 288 371 757 784 976 14 504 73 756 530 952 272 517 941 39 84 94 945 504 718 678 68 966 165 883 551 178 320 301 883 231 366 980 352 798 53 890 543 497 797 260 548 923 713 666 629 510 787 143 316 842 589 391 854 141 933 732 922 921 898 683 179 542 322 494 872 477 178 392 757 459 321 765 11 423 821 450 286 239 214 986 405 93 768 743 739 676 75 358 497 739 310 461 765 560 455 938 165 931 517 159 136 79 751 715 782 161 740 467 732 997 304 948 187 863 791 359 859 85 665 776 692 561 675 487 495 15 460 662 493 766 484 669 773 191 562 209 792 698 664 888 956 648 599 981 838 707 232 89 574 888 688 786 906 749 405 292 778 714 830 872 649 615 399 342 287 941 778 76 682 445 304 859 885 875 621 38 651 713 729 495 596 807 769 352 247 329 810 413 569 893 962 578 914 130 475 154 928 979 249 819 269 670 525 99 774 770 717 778 490 976 719 983 815 525 502 52 265 558 325 346 900 616 375 945 315 198 432 126 745 501 759 184 690 637 812 19 625 709 501 994 118 418 752 897 629 5 448 427 777 94 179 982 888 53 758 434 819 657 847 406 687 730 927 725 179 608 669 500 977 41 448 277 709 610 117 402 706 473 31 580 408 792 16 550 761 968 515 979 733 522 338 134 183 620 140 92 386 596 713 192 90 659 543 453 184 395 758 805 322 39 411 617 888 456 920 670 869 48 804 912 54 311 3 366 336 894 197 218 191 693 205 132 20 143 300 5 469 121 165 587 451 287 987 310 137 173 424 713 676 513 953 128 691 374 721 470 372 864 743 367 738 975 899 353 157 915 772 559 920 217 800 622 112 291 497 258 473 989 422 998 695 414 962 888 578 502 464 571 200 804 178 731 581 686 411 569 544 182 666 906 838 105 688 444 779 910 826 420 203 107 305 447 928 581 529 531 493 255 60 19 413 197 982 882 747 871 178 164 349 387 570 853 853 843 68 336 880 48 844 750 121 738 827 893 815 233 928 280 343 220 886
863 19 402 448 336 962 348 989 805 497 400 195 706 147 589 194 102 668 478 166 124 135 362 919 744 302 257 602 116 460 333 85 250 947 273 824 483 778 729 551 9 404 566 584 377 584 584 246 952 305 435 798 811 499 118 562 939 308 211 837 236 9 247 898 254 49 995 646 16 412 294 129 796 931 457 660 826 325 643 78 237 628 219 459 760 74 677 754 580 849 988 547 895 804 854 774 129 912 144 364 955 86 23 521 13 685 69 807 233 248 943 262 785 229 67 869 185 443 60 705 813 496 768 521 221 823 853 737 528 358 639 898 141 141 693 969 279 286 209 962 481 188 51 343 323 404 501 962 385 736 892 145 303 687 798 676 336 866 122 898 973 402 980 642 173 265 29 454 57 743 71 314 307 920 991 790 347 310 547 326 802 218 849 69 467 572 309 626 653 744 643 134 825 466 950 517 60 657 454 612 793 419 622 369 140 40 113 858 354 784 169 409 389 390 472 295 701 367 733 299 892 143 847 408 736 316 759 256 163 441 686 986 103 788 100 836 975 494 859 970 236 535 610 572 278 472 482 525 117 751 32 867 458 6 891 640 113 462 56 335 499 413 165 147 550 811 282 391 894 220 427 950 820 627 81 512 12 276 774 402 701 726 354 623 516 248 712 705 744 180 819 275 629 849 957 711 736 33 322 160 375 801 590 274 1000 858 777 499 321 832 240 336 345 781 952 99 559 349 429 940 685 322 427 697 192 457 40 226 71 950 953 566 287 297 509 367 549 151 726 660 403 444 454 262 480 679 352 468 626 678 470 844 137 634 617 10 649 111 108 955 594 307 892 339 986 34 187 7 748 910 4 234 350 141 942 899 253 638 22 247 587 295 365 813 478 957 2 816 423 27 89 935 13 51 913 133 24 991 834 683 898 548 229 402 767 440 253 69 142 319 976 98 11 457 384 500 721 665 95 233 422 101 711 14 625 134 560 148 147 890 671 602 754 38 108 552 704 33 669 840 181 183 952 742 779 8 431 271 392 721 108 362 975 421 973 602 816 228 683 784 252 497 246 760 878 773 810 201 891 357 126 586 645 140 915 252 649 466 484 914 457 330 351 350 45 18 126 835 229 645 24 897 993 328 602 376 543
155 460 219 94 795 825 988 987 641 601 755 696 798 209 703 622 161 363 967 646 840 128 967 217 47 424 989 265 528 437 704 786 373 377 98 405 310 412 883 910 232 935 861 507 828 26 102 311 896 216 209 914 604 87 806 293 97 238 124 130 175 684 335 40 8 241 974 335 209 171 566 896 815 220 1000 35 849 999 96 68 47 392 910 703 1000 715 848 383 989 114 595 973 634 881 817 797 757 706 640 613 597 195 316 986 129 469 628 102 531 903 369 220 365 318 819 736 205 147 493 74 113 903 751 67 625 235 42 970 307 441 919 477 174 328 527 233 186 368 467 512 981 532 463 988 23 354 440 248 979 76 662 311 565 445 643 307 6 34 699 495 713 622 410 358 147 995 341 124 764 494 597 462 496 259 540 657 929 553 432 694 633 819 884 193 890 261 763 272 93 124 66 409 641 235 681 132 416 914 725 855 396 776 476 164 1 991 257 700 78 914 815 603 190 540 720 98 970 418 594 412 827 544 99 14 190 246 1000 902 40 77 857 264 835 276 458 488 56 134 757 818 550 713 501 254 525 995 442 642 800 189 818 168 793 868 394 989 126 847 32 746 526 201 88 205 579 317 124 138 258 854 334 196 467 813 519 973 321 469 100 105 147 729 365 852 486 368 748 949 140 861 918 177 616 764 753 952 664 528 685 433 972 900 452 642 14 320 262 705 859 929 909 749 923 856 524 634 63 646 981 38 563 86 649 204 741 707 162 99 102 794 737 296 219 640 325 189 822 705 75 776 505 185 374 489 174 6 136 159 936 48 585 556 187 728 701 992 239 130 251 663 577 26 741 874 904 243 146 681 959 748 455 473 43 884 932 479 77 145 109 868 165 116 752 669 996 322 84 237 52 191 245 866 552 20 85 993 785 395 816 523 740 318 448 690 338 199 955 142 138 677 788 957 152 651 876 100 869 286 729 758 279 298 867 761 983 303 106 608 782 5 529 435 671 194 628 357 477 333 117 590 788 640 556 513 890 444 743 601 226 70 323 30 759 93 522 41 49 6 433 358 654 787 636 949 733 848 83 313 259 746 70 687 492 244 887 337 57 411 929 234 46 82 912 436 490 351 901 962 510 207 657 64 574 356 766 984 708
85 493 491 292 247 880 787 750 744 147 806 183 230 333 522 7 579 263 764 740 303 509 186 383 807 518 881 828 786 708 728 270 808 717 842 486 868 319 47 470 774 87 224 86 637 306 276 961 370 34 117 812 69 208 183 632 940 423 251 121 894 728 490 922 220 658 458 843 587 738 485 6 948 251 226 834 44 977 803 303 420 89 93 266 302 311 667 914 9 305 8 88 853 119 500 152 993 693 872 830 506 631 568 96 319 993 19 189 167 703 101 793 548 431 38 427 925 575 343 7 729 469 36 734 909 584 969 824 593 600 839 770 766 570 331 507 341 492 600 433 403 496 663 207 361 135 408 122 714 487 413 729 27 339 645 517 528 733 862 112 869 57 607 674 224 784 371 652 694 209 976 830 887 33 813 327 512 935 787 796 942 481 61 97 556 142 955 446 886 409 412 580 633 915 796 723 12 853 977 501 323 463 247 231 804 204 529 453 492 752 118 729 877 70 66 426 298 599 614 493 414 695 80 36 355 974 578 663 976 160 357 210 736 463 249 364 299 9 656 373 641 962 285 427 314 25 573 927 206 48 556 328 342 111 740 344 756 660 359 700 871 809 999 747 220 172 122 247 987 885 901 672 621 531 936 431 33 492 457 472 351 187 348 920 159 694 448 330 905 81 587 5 687 790 373 785 728 214 792 155 536 492 360 623 80 228 914 565 784 409 785 453 328 976 909 733 887 97 719 280 989 986 361 237 372 71 520 18 303 291 470 399 376 708 186 202 813 175 482 590 80 356 21 216 823 629 381 586 746 473 151 251 619 881 956 679 790 904 240 37 398 658 525 535 102 599 983 393 608 356 56 60 487 497 386 894 223 942 749 346 553 206 128 431 756 619 640 888 871 546 306 665 824 980 368 811 990 701 59 866 818 518 564 356 622 148 321 595 307 609 337 253 809 681 630 462 800 197 444 248 347 583 857 647 549 482 853 996 104 757 65 657 88 519 554 276 986 780 23 39 771 894 70 197 364 596 304 139 145 826 297 689 548 471 29 9 879 894 771 284 836 292 45 128 953 314 281 956 166 468 18 686 112 230 307 234 429 415 754 388 494 426 19 520 6 781 863 466 387 795 984 923 494 588 928 610 267
652 600 826 788 413 620 635 389 370 733 712 951 146 46 727 121 927 987 558 953 108 266 76 140 950 658 893 591 953 156 820 303 711 815 427 15 635 769 906 463 389 470 38 968 657 322 698 63 493 985 75 380 26 199 901 340 597 197 235 426 201 456 203 734 251 496 628 954 573 474 886 258 508 81 18 628 924 948 130 474 80 579 602 130 397 842 529 19 576 966 587 660 577 958 990 784 398 341 702 196 870 997 755 251 806 880 645 585 789 678 855 173 796 531 383 415 52 970 250 89 488 524 920 57 976 632 273 278 200 297 346 589 79 430 834 676 260 666 99 854 176 664 224 66 407 439 510 102 764 247 328 9 858 37 896 542 973 30 665 234 916 140 404 853 914 686 693 664 752 719 483 233 332 426 598 620 785 76 275 172 60 463 408 634 836 947 748 174 826 691 37 397 782 923 228 701 471 586 57 209 798 353 989 316 402 479 421 533 429 279 873 383 627 170 843 322 544 142 496 499 6 47 633 14 777 829 282 33 919 510 230 282 34 672 382 149 701 180 915 477 220 822 343 937 22 872 516 702 100 562 512 111 487 819 483 832 830 975 621 292 903 72 663 76 693 65 149 435 528 701 123 765 442 653 671 220 51 814 146 319 250 800 530 701 832 466 467 298 147 166 623 441 925 792 640 156 506 717 959 366 462 126 297 513 578 636 475 105 748 300 9 766 224 264 438 969 207 290 552 537 314 490 951 617 179 436 801 376 336 405 254 590 177 207 390 327 949 428 912 912 973 514 622 372 59 815 598 490 130 451 318 964 672 602 939 786 262 842 567 945 121 46 297 505 183 157 460 493 47 456 505 215 460 675 108 716 210 893 695 462 902 813 729 938 819 324 755 77 273 288 857 853 895 333 176 868 130 493 248 843 210 901 926 704 880 257 550 696 607 431 806 387 304 246 873 746 623 255 882 226 920 256 362 803 59 866 105 701 732 901 968 509 209 584 605 393 428 491 38 241 527 933 351 6 965 698 929 798 560 157 543 527 490 158 43 309 339 623 853 869 460 32 766 821 180 244 911 137 325 335 115 244 54 351 910 1000 829 471 168 140 813 295 596 882 259 191 197 56 391 701 510 76 50 51 900 86 204
384 442 330 545 984 923 742 476 339 838 88 860 50 487 663 768 369 509 648 415 206 668 547 26 628 238 71 796 472 2 19 317 384 271 553 670 264 842 248 671 261 870 637 373 513 234 492 918 591 853 498 389 306 854 943 575 448 894 684 880 144 988 967 810 317 304 197 563 631 232 68 928 750 265 299 651 764 556 350 184 728 419 406 840 428 767 907 18 145 76 487 811 385 261 409 76 454 734 525 315 251 840 641 308 420 26 602 167 65 944 13 927 844 76 817 620 329 867 589 601 669 799 904 264 708 259 884 302 60 788 804 997 21 54 581 226 836 634 507 693 44 288 454 956 297 631 462 730 265 411 424 52 392 583 717 778 727 403 885 918 853 80 190 8 693 519 858 972 652 656 399 136 766 733 886 9 830 925 201 414 555 754 410 937 718 21 1 822 564 846 123 52 299 125 210 215 930 502 152 260 176 116 554 574 134 999 566 990 918 841 294 58 480 749 331 450 448 751 330 938 287 627 201 106 670 853 282 573 12 834 357 745 94 274 390 418 334 535 205 298 718 249 243 848 875 248 424 804 600 797 675 580 799 265 150 925 977 308 563 38 77 239 404 138 544 400 492 802 177 367 299 304 613 896 663 711 471 678 749 756 134 557 568 647 493 213 354 368 197 27 498 785 279 31 394 208 495 576 616 211 130 321 890 675 352 156 229 42 858 144 761 458 204 10 357 282 374 620 345 915 880 419 378 493 894 971 961 714 791 410 653 789 438 625 28 343 590 566 410 550 308 515 337 411 918 658 495 518 771 725 749 68 968 974 640 32 86 824 7 117 969 181 31 337 958 313 653 824 222 991 614 940 305 927 751 272 24 445 757 595 570 875 57 113 713 853 449 428 325 165 429 268 274 463 180 90 42 177 408 617 344 643 463 315 36 773 157 151 342 142 357 766 233 474 608 103 679 520 218 333 143 11 125 309 748 235 107 735 785 125 759 780 276 646 763 700 593 390 20 703 511 757 964 363 880 625 701 971 834 144 262 70 180 338 206 774 365 691 335 441 151 144 889 395 492 57 35 333 741 25 910 945 674 864 183 204 325 120 116 144 316 134 698 303 583 379 884 252 680 327 819 907 989 17 137 438 4
775 433 825 234 244 613 527 377 931 485 499 883 504 999 410 496 394 140 449 514 680 468 350 721 652 362 79 117 305 901 755 648 490 93 37 731 36 231 843 834 263 937 550 732 370 879 434 160 426 635 405 627 455 563 229 701 235 448 209 103 15 153 787 207 946 634 575 870 957 315 923 52 533 288 274 142 808 451 914 356 553 405 327 833 859 156 364 866 572 486 13 44 752 63 886 657 991 729 711 640 323 436 506 490 846 280 606 282 934 582 193 398 914 188 983 437 235 573 451 397 21 823 107 689 373 620 354 9 849 517 27 753 803 99 9 165 34 157 783 965 255 425 244 451 520 427 922 464 31 49 621 348 341 754 676 158 856 694 740 156 495 776 927 752 599 955 495 687 914 322 140 915 955 138 289 505 327 947 590 798 898 818 891 36 503 748 908 475 948 579 67 389 760 211 870 791 850 430 478 875 365 374 828 538 880 261 602 763 194 853 16 504 216 215 50 602 733 115 606 964 389 59 643 959 252 594 218 794 528 943 130 562 692 753 603 564 604 907 818 723 550 32 15 233 741 110 191 108 198 31 247 381 919 721 801 273 304 124 716 205 706 121 668 353 645 103 498 868 125 536 533 870 662 795 144 967 105 978 813 899 60 998 16 865 934 346 857 433 713 757 10 520 78 107 557 127 355 328 538 662 387 105 945 213 742 827 192 513 178 917 870 204 651 505 242 682 751 247 454 910 538 258 302 83 136 761 987 256 264 877 875 16 902 287 711 888 411 121 535 562 794 464 631 164 373 694 768 389 694 317 998 908 441 378 911 451 944 502 710 272 755 170 608 812 637 583 386 435 440 879 627 688 407 523 878 861 616 59 446 850 79 830 4 185 256 327 132 568 303 461 290 746 425 150 749 249 230 921 800 35 670 114 654 825 921 373 191 97 312 787 796 292 616 57 912 490 449 714 748 252 742 468 152 107 344 605 845 548 773 926 872 327 577 256 325 645 245 128 154 628 138 301 325 205 278 964 522 484 130 460 130 345 840 682 409 462 848 429 7 919 130 527 584 490 881 764 531 503 169 751 446 451 192 213 307 551 443 423 506 59 108 35 827 776 355 619 472 230 463 33 811 477 993 434 162 173 214
616 131 458 125 103 78 413 521 57 330 71 61 70 993 675 518 269 427 531 155 257 263 803 415 560 343 72 506 213 447 206 29 116 394 406 800 886 295 57 487 698 281 532 476 365 674 466 898 295 841 659 755 738 943 852 175 269 218 20 127 67 998 497 607 703 658 159 528 254 523 187 318 41 808 603 500 183 444 565 887 421 266 721 455 336 812 952 773 999 631 676 694 397 672 808 723 219 299 60 490 138 247 643 288 325 404 221 308 897 312 298 25 222 208 551 568 278 688 133 719 208 658 340 537 777 494 839 630 280 292 789 144 916 26 92 597 677 381 527 582 707 21 766 788 422 916 692 723 162 694 784 999 957 693 780 800 451 943 365 814 436 33 339 170 490 13 485 484 541 486 330 611 320 413 8 217 810 892 557 663 123 264 786 991 519 792 354 512 182 26 310 459 236 454 656 214 433 508 17 255 462 418 692 411 501 752 623 666 774 925 392 808 988 966 632 98 364 407 959 336 364 691 413 200 163 594 988 228 180 275 845 366 161 796 782 243 457 181 294 381 973 420 262 153 465 492 30 719 939 171 352 445 122 560 336 848 601 860 502 398 396 647 840 499 283 694 206 189 903 175 961 691 236 618 163 86 623 948 257 908 981 808 875 64 64 732 600 921 418 707 664 918 517 354 902 433 341 733 636 521 979 754 435 807 375 133 457 740 74 816 987 165 847 909 213 513 597 13 78 682 278 802 209 235 810 798 33 699 863 424 31 476 771 20 628 565 968 908 816 489 783 672 177 436 9 329 86 873 671 564 806 960 109 39 800 898 398 301 199 679 960 359 76 84 433 771 419 287 253 871 212 121 150 424 565 354 774 757 460 308 50 304 174 707 445 768 667 803 195 58 299 853 492 763 921 596 272 416 232 134 554 66 320 519 655 464 226 417 99 114 114 623 838 250 890 382 596 59 363 382 168 755 912 890 656 417 902 847 849 76 364 890 772 102 858 107 92 142 602 611 967 32 137 890 657 293 313 388 334 607 429 548 884 870 230 29 575 411 296 9 286 948 73 723 324 247 585 766 607 758 231 886 78 757 198 895 749 538 724 355 308 662 543 731 615 510 216 939 8 88 209 252 24 236 81 157 721
170 678 860 281 186 269 422 817 419 181 820 118 732 43 447 54 747 648 654 419 620 427 256 406 799 233 24 254 902 681 457 813 664 609 836 594 799 904 596 202 184 570 70 348 194 757 758 110 961 596 853 278 578 500 181 665 860 801 985 141 923 195 555 597 254 72 781 464 803 938 579 424 419 747 693 4 269 887 447 751 553 364 78 474 626 387 451 183 827 351 820 760 186 527 657 182 190 912 540 205 860 839 131 228 740 471 5 359 315 114 597 227 853 430 696 635 403 83 320 188 580 823 472 604 952 123 382 290 563 545 295 670 883 403 73 574 794 177 500 155 670 172 463 284 9 535 228 778 713 974 490 289 904 149 786 682 408 28 357 915 184 980 134 376 196 263 33 586 996 169 442 846 310 250 276 2 12 458 588 724 521 386 858 666 638 898 598 207 944 230 639 739 107 55 554 503 659 288 287 107 682 681 474 607 693 989 823 21 603 333 133 575 834 437 916 982 895 653 306 858 430 506 876 47 348 32 13 363 967 568 828 989 4 35 295 862 886 302 440 937 823 854 977 220 432 776 400 958 943 742 882 519 296 219 509 542 455 959 20 161 492 266 293 735 68 37 508 64 732 610 12 536 30 391 68 792 587 663 673 164 28 426 841 156 765 867 568 369 807 757 474 384 203 355 149 919 875 925 140 441 192 543 849 592 233 864 58 79 393 520 958 335 801 541 640 876 715 944 518 166 459 539 95 445 120 799 413 347 198 75 8 643 204 723 754 122 619 740 330 20 408 909 457 509 799 782 70 5 841 338 854 838 134 327 359 32 869 983 221 825 668 814 282 512 987 231 864 51 408 137 408 959 244 921 731 771 48 139 1000 395 755 346 523 743 326 308 231 13 728 14 956 773 181 320 996 240 337 926 52 570 598 381 851 924 979 622 415 128 930 401 633 565 572 843 772 534 601 487 740 283 950 720 281 397 135 5 217 290 106 512 113 475 650 704 386 66 378 21 846 892 10 758 214 351 962 497 322 83 987 491 970 619 604 345 184 98 709 249 313 679 317 365 304 641 897 619 109 154 78 578 530 198 602 808 388 242 949 644 23 110 103 945 195 91 647 224 940 720 109 360 609 476 538 366 853 961 303
613 233 178 14 905 703 114 114 469 956 623 64 562 897 440 685 323 262 781 333 105 632 29 301 127 704 362 89 585 943 3 182 281 260 30 876 233 267 557 417 464 799 830 612 401 204 270 493 110 814 905 480 325 272 239 564 502 840 864 736 345 288 774 276 839 941 859 309 601 186 127 560 240 304 602 852 780 682 853 803 214 809 58 74 444 54 23 524 634 890 46 513 867 912 713 84 494 824 769 893 831 687 700 211 493 192 343 528 748 979 324 273 66 308 367 325 48 400 625 846 250 772 320 691 631 730 114 775 417 875 992 857 110 961 174 139 933 538 563 87 302 512 79 679 240 886 276 943 56 533 31 518 473 527 825 901 456 754 281 212 944 920 313 883 400 811 891 151 118 167 404 31 687 573 822 373 790 123 167 993 490 737 44 585 709 778 491 919 310 88 78 769 69 561 198 742 316 3 685 606 279 494 823 885 497 67 353 978 201 898 966 862 266 801 360 678 771 110 133 118 352 325 471 741 939 403 679 599 94 885 720 392 44 419 543 532 795 524 280 254 489 737 553 298 990 649 941 249 933 942 9 473 778 461 324 252 356 373 62 503 47 365 166 687 560 202 6 750 119 21 132 420 83 614 926 574 583 810 326 869 256 121 701 305 810 580 420 760 760 778 361 477 776 141 373 654 807 583 854 670 134 502 908 785 813 811 462 703 862 347 761 742 836 393 787 469 16 449 635 286 307 574 795 688 828 714 706 279 505 955 717 49 185 835 522 957 315 63 734 185 657 661 190 834 771 868 127 475 548 412 265 707 225 736 983 122 986 579 271 375 542 586 457 662 330 440 359 112 467 118 461 13 466 167 290 164 818 544 883 968 797 579 919 29 640 75 6 634 551 106 263 173 399 483 122 662 91 871 422 477 527 910 760 989 212 10 545 95 545 132 70 863 783 224 7 595 14 159 629 842 199 221 491 736 256 135 538 213 415 790 832 299 740 298 81 802 65 697 400 692 313 621 159 182 865 932 793 838 122 460 13 147 81 641 826 597 151 292 709 249 34 352 259 147 341 68 725 867 308 65 895 77 512 682 138 414 745 902 68 14 65 629 955 391 196 275 214 278 145 18 268 702 721 500 509 391 191
649 259 6 986 463 856 700 524 51 364 877 512 974 806 459 525 540 998 235 520 10 271 534 1 90 539 871 375 153 436 231 490 305 954 983 179 366 723 859 183 420 9 505 437 658 770 538 110 84 208 768 697 182 247 844 739 899 356 16 34 796 807 353 677 923 958 796 264 712 592 100 66 667 406 45 605 743 719 512 945 346 904 977 22 982 17 643 222 171 119 757 330 811 755 833 696 155 366 547 256 828 245 732 74 997 193 822 156 942 530 847 180 517 851 994 76 596 399 531 944 68 740 487 551 351 609 174 264 581 477 534 901 440 758 108 604 390 158 934 172 690 120 14 976 381 719 968 493 584 816 960 228 141 742 907 550 594 259 171 116 65 801 752 448 253 877 398 373 758 375 635 417 450 208 853 319 326 221 363 124 1 174 71 433 738 721 766 549 980 389 800 450 999 71 688 523 811 434 429 67 904 928 729 236 796 518 221 866 746 711 930 489 164 47 908 471 247 748 564 384 97 946 944 323 817 547 9 856 10 561 901 148 940 594 220 190 614 583 392 735 32 259 416 200 490 257 521 340 985 488 526 257 413 154 369 734 580 650 590 839 640 377 862 801 228 305 38 897 371 520 896 897 74 567 752 241 162 682 149 368 637 124 3 92 914 924 64 85 997 724 672 35 637 137 740 649 902 507 431 281 383 880 427 170 928 226 721 301 425 195 208 295 367 671 20 384 60 381 272 481 513 879 113 76 318 26 288 664 190 169 321 649 394 569 527 704 363 286 846 122 842 340 74 946 411 404 296 83 210 304 273 102 326 294 816 373 522 548 877 936 132 904 51 263 296 314 432 921 380 637 171 94 88 29 988 869 857 491 40 324 921 260 356 446 715 567 182 140 401 252 640 474 425 676 898 494 375 927 854 69 44 743 352 734 192 495 605 778 20 324 102 164 561 668 236 921 393 341 456 726 714 321 138 524 904 114 491 170 544 576 582 549 209 468 928 11 850 235 882 149 406 809 807 745 381 572 587 665 861 741 693 212 904 918 755 393 164 940 731 419 98 761 268 138 289 190 9 831 504 311 503 72 674 9 327 111 508 900 556 602 592 381 903 386 287 604 124 345 160 633 451 446 679 542 535 512 332
687 615 860 699 453 811 220 163 768 34 692 229 350 82 283 214 427 509 656 503 441 686 219 139 474 548 87 650 820 906 41 806 719 419 687 43 925 670 884 580 862 662 984 211 495 349 88 880 335 308 674 652 363 748 208 746 541 908 825 257 220 793 796 922 557 12 220 499 941 835 552 838 596 829 942 877 141 860 819 845 952 757 569 617 381 140 11 274 63 730 273 639 302 754 300 714 528 99 944 428 25 328 428 213 648 158 159 107 267 181 952 7 835 625 534 883 336 539 884 497 349 798 476 973 311 490 503 795 188 181 123 870 789 884 740 412 167 980 571 923 525 960 260 60 806 511 714 929 865 92 52 56 136 177 185 590 737 988 170 391 729 45 912 924 209 622 553 411 831 507 214 124 248 107 108 973 708 284 327 238 5 818 888 462 98 500 775 451 154 413 14 436 968 628 794 413 125 579 121 274 484 786 519 816 371 26 755 385 112 810 824 247 70 749 114 291 246 727 783 491 32 804 489 870 973 235 457 340 835 244 27 684 715 135 3 182 687 99 286 310 210 194 73 467 601 613 931 612 225 657 819 917 398 503 283 775 626 371 298 30 851 739 3 858 625 976 735 635 330 655 762 541 978 465 686 644 499 893 527 337 729 632 659 659 106 651 860 483 427 993 219 496 443 173 306 462 956 933 235 219 237 990 652 21 641 822 617 631 914 53 406 698 744 281 748 908 648 428 295 25 276 149 976 653 932 288 412 200 157 329 482 596 577 980 337 41 326 83 387 980 105 255 491 875 38 965 7 684 329 773 764 774 720 503 44 266 571 300 518 827 632 697 604 692 486 239 136 430 286 459 804 502 39 319 652 240 99 285 990 152 527 315 590 174 928 579 655 470 809 486 872 320 339 642 848 492 980 518 210 483 393 748 420 788 971 431 937 538 756 310 23 445 166 27 893 991 964 141 798 497 63 747 452 177 611 217 143 276 1000 233 118 686 550 24 937 910 533 584 599 371 121 885 564 788 601 30 334 29 624 661 226 578 372 459 435 51 9 645 832 915 652 272 994 923 597 881 634 603 75 647 116 249 633 748 261 430 469 142 255 645 523 982 573 158 235 664 434 372 330 692 480 131 34 334 853 455 713
446 639 651 971 382 215 714 961 855 744 874 457 891 4 940 945 895 958 941 22 556 803 473 292 264 448 397 859 95 263 28 3 120 75 350 162 924 341 199 152 343 667 27 543 313 663 23 747 926 729 888 283 970 360 305 235 896 717 741 390 32 161 427 882 907 864 108 973 752 159 79 267 257 706 465 447 874 937 623 201 345 457 963 184 321 726 445 746 647 1 233 966 999 749 339 855 605 462 790 193 157 250 665 664 886 586 600 806 908 953 28 689 696 337 81 953 230 886 54 579 43 887 911 797 521 890 146 428 807 347 881 165 265 818 161 788 137 445 614 612 284 113 556 922 886 479 327 398 98 171 968 607 719 867 527 105 840 643 148 140 46 20 640 595 954 722 790 481 317 53 698 984 38 272 357 142 694 908 627 274 943 91 868 190 848 731 644 221 831 363 126 971 481 368 729 536 945 893 96 647 878 480 231 198 12 290 111 637 994 366 750 102 509 38 876 226 597 199 734 615 888 430 716 837 313 171 213 656 534 154 332 534 236 632 431 360 479 60 335 631 738 768 193 919 244 359 874 238 40 418 686 289 247 847 450 557 317 658 697 180 694 83 965 288 376 614 410 691 356 171 946 526 330 25 722 47 583 842 504 762 336 567 949 999 803 642 767 853 965 729 333 646 48 519 363 423 315 19 955 696 579 582 354 454 109 652 671 693 169 305 56 754 625 746 683 332 782 309 944 950 284 411 444 759 676 93 617 252 268 465 691 326 364 327 757 203 480 48 892 940 454 274 540 977 979 26 343 586 43 72 96 272 638 595 238 256 249 106 639 702 6 908 705 14 201 61 92 944 882 443 840 26 686 547 229 839 673 359 716 168 72 926 515 43 109 81 681 656 942 198 927 4 687 13 467 471 383 949 39 974 287 497 654 617 524 225 213 534 967 157 740 110 698 996 527 381 198 762 739 723 322 160 716 381 593 436 492 958 478 959 905 545 154 641 690 897 414 957 445 799 722 670 966 854 401 206 759 997 264 586 627 214 431 722 148 725 538 964 392 890 106 850 927 405 971 952 208 269 753 444 875 668 308 407 428 123 711 547 40 318 858 249 738 162 741 402 960 595 6 136 784 770 235 634 183 622 751
313 851 894 261 750 532 112 41 942 326 233 541 590 154 941 350 400 350 239 469 133 783 875 517 550 728 731 56 290 345 62 541 451 865 508 972 47 290 914 648 595 587 931 758 311 267 630 249 406 233 274 466 331 434 403 501 284 372 757 609 843 137 729 789 247 966 56 652 225 730 455 334 436 202 304 198 60 962 929 672 695 245 489 229 613 381 992 755 111 138 400 209 155 569 396 136 343 332 746 141 409 496 7 757 908 872 495 244 206 582 962 163 399 4 339 315 997 190 945 509 327 59 496 869 330 195 921 627 739 283 700 172 785 767 48 640 571 982 40 317 839 278 425 553 277 5 457 662 821 401 856 791 614 466 324 971 89 159 161 88 588 95 43 174 817 440 950 20 708 843 792 367 752 850 945 658 262 459 752 769 959 194 853 217 112 845 868 884 594 28 579 624 426 755 433 133 19 34 969 982 552 650 407 784 702 680 193 991 811 216 800 609 980 36 387 196 977 107 761 400 604 866 484 751 508 871 876 277 316 778 958 65 566 593 636 766 823 386 201 824 623 877 331 114 327 182 819 673 124 546 388 778 713 104 593 61 420 501 984 732 785 840 591 824 315 855 174 834 600 527 3 620 828 672 220 155 823 797 683 434 958 737 627 539 788 351 853 863 195 171 994 244 91 407 654 22 85 351 605 743 198 113 963 345 627 40 193 359 65 803 736 636 728 140 506 961 378 252 899 633 307 275 436 738 908 420 822 688 701 742 499 101 242 82 691 828 727 613 253 99 674 390 3 898 794 632 684 995 12 340 432 859 151 620 548 388 954 78 442 134 760 233 572 484 194 118 78 340 653 864 404 774 295 908 406 871 912 792 797 732 260 796 707 265 369 648 764 423 983 997 146 219 805 998 70 982 802 906 35 503 251 668 589 219 583 387 343 101 484 461 997 304 651 60 840 808 260 899 533 644 552 355 574 694 802 411 409 924 550 650 508 914 763 649 669 937 487 860 884 76 838 814 292 815 207 893 235 619 288 69 407 894 369 482 913 142 677 487 222 528 241 247 653 916 172 173 451 681 973 839 430 630 804 282 755 732 825 305 587 972 518 914 805 281 221 498 401 642 929 390 135 178 776 469 447 848 412
695 247 639 727 67 274 551 483 493 939 296 256 400 345 735 112 145 959 901 673 936 985 35 388 150 28 128 864 697 328 877 76 479 462 186 984 972 713 913 200 164 737 247 441 266 472 921 508 836 370 577 353 1 954 460 593 442 421 399 789 156 800 164 813 72 556 950 588 367 730 637 786 802 513 788 54 421 765 818 804 724 560 256 623 639 878 679 401 805 392 727 386 777 631 623 272 504 763 791 453 974 720 590 242 848 222 723 203 666 798 867 237 688 442 328 522 861 169 299 987 831 397 71 670 628 804 727 323 179 872 636 310 238 200 120 732 82 651 100 162 475 633 116 261 871 179 680 677 873 520 164 213 517 587 461 605 797 430 290 702 216 936 443 171 937 210 938 183 655 74 807 845 179 374 96 754 779 564 41 946 520 642 801 587 987 787 959 693 673 356 703 764 196 30 369 286 473 852 722 906 384 392 115 923 743 276 697 828 767 249 211 317 374 30 316 765 240 548 561 282 630 216 378 519 505 2 265 629 502 513 37 652 530 876 866 896 734 858 694 761 413 498 339 549 439 762 23 167 907 851 623 66 676 442 376 481 78 50 641 313 668 242 364 905 929 660 654 651 314 771 541 102 137 724 150 733 574 41 892 6 12 33 840 445 343 668 280 146 599 26 240 785 858 444 339 755 122 431 260 949 184 513 550 739 39 501 485 450 792 721 8 130 336 277 48 605 31 450 511 860 978 977 202 872 494 432 801 732 728 926 339 991 564 865 705 301 477 198 938 16 236 802 868 931 377 75 206 388 701 109 980 541 301 527 168 704 102 137 972 380 466 497 576 353 508 594 620 212 448 404 98 704 216 737 665 889 518 912 967 765 420 963 914 535 554 43 221 683 218 642 559 21 655 206 203 334 682 763 103 253 293 137 624 981 878 550 171 585 658 402 923 172 374 657 865 259 761 531 801 77 615 273 337 331 31 581 894 223 493 140 220 672 254 451 670 37 720 550 518 70 585 763 680 24 898 229 899 964 618 607 713 506 805 18 879 532 779 338 302 632 26 655 961 19 534 92 23 679 652 522 127 253 988 677 514 475 514 609 514 917 789 974 657 43 496 215 640 3 149 966 129 528 837 190 201 390 638
300 762 312 866 435 400 72 76 627 701 489 356 962 137 319 675 983 532 983 30 546 549 389 893 756 54 125 13 288 690 217 148 246 596 387 644 831 292 443 668 221 490 193 39 887 50 80 754 821 768 298 119 612 499 39 473 54 717 135 829 428 911 576 108 208 354 325 151 895 312 270 200 312 25 154 416 603 86 71 453 958 325 788 363 627 578 417 886 124 814 54 294 530 430 124 365 704 481 332 439 383 643 664 21 31 749 238 473 664 432 661 526 941 471 49 646 712 540 960 880 596 921 652 277 859 191 584 32 414 959 494 500 746 734 578 307 845 486 822 750 152 857 209 744 272 598 594 5 233 45 275 989 313 182 916 706 589 455 456 946 642 982 538 736 29 661 857 773 911 419 813 900 165 823 821 154 104 754 679 468 102 124 857 127 210 244 471 894 542 368 906 573 915 874 592 833 743 97 598 936 865 590 423 467 298 279 556 841 694 476 250 283 512 473 160 443 946 923 984 844 374 617 842 180 991 842 417 851 599 314 30 676 513 174 369 849 371 856 846 856 802 843 890 181 194 23 295 932 281 747 703 266 610 23 592 742 536 49 195 487 289 751 432 362 262 363 309 607 550 231 973 918 724 426 618 174 639 124 142 757 42 699 336 258 19 611 307 337 370 204 886 365 712 741 669 681 365 56 45 19 609 410 171 274 364 245 632 712 752 958 224 920 893 374 372 598 31 654 427 604 817 968 715 673 737 488 405 72 767 826 4 332 391 644 728 800 944 645 855 491 676 683 963 399 830 356 480 2 609 348 423 350 184 791 491 727 330 456 889 274 205 478 238 781 625 25 496 211 831 8 887 646 942 939 320 53 404 46 913 523 973 609 534 559 624 575 135 693 289 121 116 823 390 460 961 965 678 298 917 42 80 693 810 990 706 424 799 471 42 749 256 472 139 553 330 219 560 111 348 10 372 437 56 603 942 218 128 155 530 229 197 993 844 130 17 854 612 712 800 152 380 228 864 292 523 827 129 633 730 241 236 324 403 872 444 119 841 6 278 367 108 612 452 325 657 681 423 93 798 241 952 603 33 834 305 288 208 809 837 567 779 501 902 401 257 775 731 723 448 823 247 915 206 13 73 650 840
432 797 260 503 661 517 694 753 373 520 704 257 131 947 718 759 69 868 226 423 719 688 640 535 750 955 496 601 618 763 638 195 803 628 978 247 789 511 699 372 177 293 643 886 195 601 61 665 678 166 217 803 420 380 98 352 479 921 224 896 37 65 38 63 966 523 934 785 661 163 986 744 475 389 73 938 577 92 103 633 687 89 383 389 849 811 307 276 902 84 494 461 758 14 665 939 904 18 277 777 977 365 585 536 276 641 353 421 507 92 330 657 760 92 105 868 990 130 826 959 346 18 97 551 538 576 967 336 720 528 970 687 924 195 474 167 870 700 732 134 160 157 793 219 131 123 525 208 643 166 375 426 262 376 544 218 315 452 435 345 588 557 309 418 652 654 149 463 866 654 296 78 57 407 961 996 189 114 271 725 526 303 135 376 916 867 771 793 116 513 519 870 879 792 25 744 540 418 710 933 579 369 375 628 969 489 242 835 25 939 989 160 407 680 257 946 218 996 447 869 982 826 540 833 978 743 506 756 446 998 549 274 870 161 792 143 461 402 493 940 227 863 281 826 401 156 108 588 736 984 481 606 26 809 30 329 615 178 994 457 687 782 484 69 795 401 140 942 266 641 407 993 907 980 432 411 353 667 376 217 177 180 263 733 252 404 342 21 462 798 968 385 655 558 947 950 247 90 970 856 629 352 718 556 907 587 239 891 531 342 779 844 300 10 480 470 977 950 447 348 377 945 593 113 844 498 639 904 853 998 943 339 988 986 775 503 81 248 994 170 593 51 107 152 670 274 2 277 121 384 198 839 695 944 285 747 512 812 472 681 139 510 951 778 263 169 207 499 11 704 827 71 347 425 678 207 235 427 839 411 276 314 115 845 779 679 873 913 362 669 890 291 724 369 328 837 217 267 950 944 93 667 969 856 406 86 242 673 872 845 212 160 630 494 769 534 922 232 889 926 260 91 943 294 281 157 20 757 248 177 229 216 571 741 799 305 900 391 649 394 525 286 787 561 478 634 957 671 695 476 676 879 793 200 626 171 528 446 484 471 378 343 194 775 809 250 65 792 695 669 209 466 81 819 985 846 667 256 296 673 419 699 388 140 802 625 331 434 111 66 606 633 497 922 50 188 925
902 447 684 230 219 310 997 343 975 290 294 679 982 888 483 770 137 4 431 261 147 779 922 358 524 159 530 114 995 510 14 575 335 672 580 823 981 971 817 893 414 297 722 908 245 109 872 778 497 80 875 781 529 245 365 410 653 916 259 12 852 838 219 650 275 725 50 649 714 897 367 932 29 220 758 820 21 841 733 20 774 973 395 904 662 543 673 662 392 392 165 964 88 682 497 384 319 582 380 712 184 988 140 980 244 698 707 801 855 116 185 172 711 530 439 58 3 321 723 303 729 373 859 162 442 698 469 177 734 204 19 741 72 899 94 482 484 813 751 738 827 86 174 613 324 472 639 977 897 279 920 490 370 270 256 753 411 685 399 776 823 980 197 865 643 467 475 360 248 230 746 753 714 401 99 357 524 367 931 534 405 352 736 381 399 358 204 198 186 705 972 208 318 397 313 502 539 255 541 532 189 384 243 888 837 952 627 988 453 857 845 260 29 901 466 219 574 16 205 643 565 523 711 421 875 408 169 132 931 83 28 61 326 320 241 355 274 689 424 961 160 796 544 75 458 662 349 633 707 689 391 838 244 716 632 785 421 656 697 583 584 241 593 843 924 293 467 783 373 928 153 628 565 538 591 790 897 384 667 388 165 356 372 216 481 646 948 242 934 598 636 415 652 268 528 524 665 598 36 211 258 747 956 716 348 623 313 831 442 407 937 824 247 422 316 87 6 8 569 371 252 542 707 561 145 351 317 765 989 905 128 485 637 628 469 523 252 527 702 211 480 130 924 107 625 278 410 136 4 3 913 942 270 142 549 667 787 889 731 181 178 939 56 29 601 594 247 353 173 319 784 200 834 854 219 947 497 127 863 722 194 716 47 822 907 366 348 298 431 427 761 256 125 732 991 783 900 633 641 897 634 206 732 782 292 237 871 805 252 638 982 153 187 671 85 790 845 750 886 37 435 703 112 235 306 542 628 892 919 889 911 360 290 281 38 186 784 140 673 656 470 869 396 465 665 423 347 925 766 475 826 854 759 444 548 226 927 532 951 155 262 466 223 357 184 723 927 961 461 375 992 398 444 232 496 968 370 248 628 59 970 501 294 589 518 128 680 522 338 128 479 584 271 907 973 261 333
631 810 416 955 418 77 470 110 492 462 264 134 352 255 29 856 778 145 737 370 391 631 643 313 187 861 830 312 671 437 422 895 544 531 185 950 498 85 541 955 799 89 907 908 342 615 449 839 179 437 803 726 211 14 356 412 717 768 567 484 451 251 161 728 223 263 663 672 107 375 987 417 555 142 909 70 859 628 85 799 72 943 294 920 633 616 693 924 769 102 732 353 709 170 431 114 541 536 414 210 920 110 17 34 638 666 109 670 726 265 438 141 860 718 321 10 186 425 950 70 949 977 372 949 442 769 873 371 373 309 577 932 790 799 38 919 510 862 162 622 766 183 650 940 694 185 399 730 366 415 174 781 474 854 920 797 743 423 313 901 932 757 565 206 974 819 926 652 4 570 643 765 657 919 984 101 900 590 888 315 584 864 563 33 359 830 664 492 999 175 346 473 261 66 973 996 543 190 449 519 606 984 301 464 806 110 218 719 601 263 6 562 73 148 185 794 967 209 247 36 113 452 769 852 815 298 8 365 628 374 158 35 640 742 495 339 164 427 824 57 417 770 896 459 143 110 813 476 1 915 103 494 793 705 819 866 503 374 393 755 723 672 291 356 681 921 363 847 307 930 334 281 627 271 648 280 966 988 186 867 697 222 900 431 816 935 447 467 146 187 626 861 670 882 73 78 660 324 183 90 955 938 274 112 175 463 872 165 156 694 515 651 693 704 52 908 912 619 769 99 194 326 747 983 904 969 716 58 97 942 57 166 591 988 394 612 977 62 612 706 468 603 598 736 536 635 233 718 74 950 11 331 380 122 198 171 533 785 891 470 792 35 206 295 750 244 879 968 16 387 815 336 7 134 195 221 568 692 407 406 732 661 38 968 703 725 777 480 456 307 351 889 231 969 471 880 357 387 481 749 551 75 895 484 74 58 549 973 748 13 402 453 365 455 480 891 770 540 872 552 465 512 872 457 405 351 879 933 730 478 31 394 473 169 649 899 224 696 708 336 471 524 418 582 750 369 90 832 978 534 291 766 661 483 818 624 367 794 958 789 197 349 615 223 390 243 309 715 840 629 476 272 140 114 298 827 557 683 634 531 31 566 766 90 355 269 14 638 38 619 817 952 948 806 125 29 737
922 452 750 693 918 584 843 585 952 963 923 293 508 544 990 969 613 146 619 21 209 972 536 393 182 932 290 40 253 216 125 986 467 451 379 627 764 723 304 238 241 198 811 62 480 913 905 514 137 285 235 38 879 63 819 709 363 584 971 145 880 519 343 368 131 349 140 127 955 957 18 887 865 715 302 660 744 633 851 584 949 223 146 104 393 875 953 260 80 264 624 599 901 499 2 258 933 678 37 930 145 635 788 606 76 433 238 568 801 421 28 695 725 10 803 138 590 958 153 545 294 610 253 801 530 813 906 751 159 77 816 509 945 86 324 553 111 719 749 973 27 561 689 936 569 888 376 678 901 379 159 737 649 246 298 103 473 851 306 182 671 263 948 925 930 296 663 675 812 570 806 818 458 847 476 365 540 632 130 112 627 369 999 517 826 646 510 383 176 419 674 736 759 608 141 779 799 935 46 860 987 79 334 753 334 45 27 337 665 469 561 46 750 458 255 150 786 167 530 701 804 678 628 280 826 946 485 61 779 431 808 542 758 770 796 1000 755 245 593 302 658 431 837 852 386 435 109 267 656 703 986 367 398 825 772 435 858 773 683 57 320 270 765 584 239 591 268 309 260 658 676 138 714 252 227 424 221 829 610 986 381 573 696 276 180 174 59 290 817 602 340 317 770 350 684 437 827 315 491 544 306 746 60 100 509 958 186 62 641 676 832 387 793 132 248 179 470 482 92 291 485 58 911 272 11 472 882 962 425 515 351 875 699 55 293 429 191 431 513 276 39 315 176 74 650 331 116 686 171 351 518 996 157 201 90 786 618 807 908 135 657 395 504 674 88 826 609 992 2 35 68 292 163 7 727 732 223 613 271 427 114 784 363 16 211 169 129 866 801 111 556 340 717 235 816 17 830 172 538 564 54 988 872 911 897 825 972 403 112 852 709 810 852 610 902 172 120 572 467 403 123 853 658 920 654 503 21 285 899 109 371 9 189 614 432 437 308 918 281 166 324 561 547 104 348 182 549 547 696 635 683 894 900 606 504 626 225 385 242 270 540 738 273 462 10 176 995 791 909 36 559 45 884 474 133 674 956 989 333 94 48 479 273 168 945 482 354 953 748 325 732 781 670 323 704 37 456
352 136 25 182 172 177 460 160 156 862 465 367 545 834 482 319 630 571 835 962 957 141 576 486 880 268 321 446 318 370 372 939 668 661 277 667 412 100 887 22 157 924 156 459 848 332 769 953 600 123 768 862 76 430 880 437 170 233 533 242 167 120 281 689 444 281 305 629 927 554 684 906 669 198 773 250 870 359 677 212 279 276 815 533 352 4 840 2 714 179 891 889 36 924 676 425 768 698 402 295 144 339 783 697 556 840 297 555 426 658 936 418 491 575 135 393 484 868 226 173 318 885 237 293 103 291 600 772 2 530 816 433 498 822 577 537 663 962 789 903 804 129 581 466 269 190 126 795 46 942 922 766 108 456 510 420 336 792 412 675 344 478 904 370 560 440 925 73 677 650 233 408 627 8 817 617 656 980 631 33 129 939 500 35 19 130 898 748 88 914 117 882 380 644 700 488 112 60 494 364 203 578 36 184 459 122 252 793 788 876 474 151 215 223 342 841 873 679 383 183 111 672 216 739 29 955 798 445 926 997 449 843 251 770 948 186 390 553 99 332 709 61 82 411 211 191 715 581 838 237 764 268 541 354 113 406 175 506 939 297 953 532 614 228 822 792 479 976 931 293 35 482 482 853 910 166 38 354 182 355 640 731 734 278 228 285 324 817 262 75 641 736 364 941 239 683 996 514 880 187 938 117 56 190 204 800 9 541 73 781 513 383 618 854 253 623 475 783 229 595 257 584 427 269 1000 106 364 78 76 317 262 914 908 155 538 876 298 554 716 903 204 690 256 372 128 834 229 737 383 386 623 791 17 964 198 965 992 213 551 177 113 899 744 24 992 919 422 174 928 532 568 751 279 93 147 65 886 489 26 186 545 641 848 236 130 279 402 422 698 942 981 614 757 408 586 895 638 646 8 700 608 565 762 822 854 293 259 731 580 920 583 302 384 998 900 727 895 402 949 492 295 649 969 400 775 543 127 142 301 299 883 749 273 425 487 259 580 857 757 160 185 844 615 734 840 661 38 304 562 646 992 366 990 650 263 672 788 92 832 447 911 732 813 542 554 121 607 894 411 819 790 68 1000 219 195 22 246 759 108 269 922 414 452 25 340 951 552 850 940 998 944 682 682 335 256 401 975
836 73 973 617 997 196 631 879 877 97 298 629 403 430 90 421 104 985 319 725 146 419 535 306 427 932 109 423 386 386 270 427 86 678 844 873 385 166 562 97 725 6 700 263 335 832 245 617 711 885 745 489 253 566 616 317 804 273 48 564 188 746 510 911 889 952 939 322 412 696 612 966 418 995 57 83 164 933 966 397 915 932 978 877 678 814 225 104 259 215 333 341 706 3 11 958 850 480 724 328 509 100 237 513 897 672 788 953 927 362 119 785 146 411 494 190 353 648 910 627 760 836 847 214 435 345 40 285 84 583 615 634 146 890 921 84 156 488 239 378 955 72 828 598 300 975 905 383 745 56 994 232 654 669 717 276 505 992 177 843 752 80 976 996 82 327 339 155 542 781 913 760 177 411 138 942 216 609 76 179 999 843 860 255 464 868 682 253 413 558 800 281 895 813 839 988 970 503 330 162 859 936 167 633 300 955 141 333 587 749 924 583 973 469 863 627 552 789 999 879 662 481 949 646 699 237 15 908 849 637 62 811 653 49 658 563 303 68 127 706 149 988 546 185 30 17 995 623 989 845 527 593 970 505 427 842 789 95 873 853 75 355 393 728 13 180 905 539 13 969 914 302 91 553 1 379 748 636 180 501 324 631 664 926 337 263 587 608 560 46 159 75 610 347 929 603 559 271 313 259 299 433 792 735 491 303 849 633 778 884 96 250 164 300 835 180 579 119 137 935 560 694 27 738 168 895 490 115 198 531 723 523 302 783 876 63 379 783 496 97 370 902 520 922 246 835 270 131 421 210 481 919 973 766 302 163 990 408 581 35 865 903 255 450 313 43 440 517 670 869 184 404 131 907 445 324 562 234 352 345 147 38 972 194 545 75 157 49 529 268 573 64 915 446 878 755 44 214 319 215 279 39 306 990 230 872 91 68 283 697 798 43 358 64 256 706 159 232 411 626 332 405 908 368 719 445 754 351 354 215 462 356 603 175 443 896 802 387 461 821 228 100 730 909 357 905 770 536 556 863 4 838 637 190 962 446 210 318 936 751 490 852 116 836 119 320 661 590 932 146 736 524 236 198 392 315 181 222 182 646 539 700 859 583 488 150 361 944 152 826 140 409 522 283 73 28 394
265 973 4 558 900 374 172 80 833 926 276 353 977 170 668 649 251 752 463 767 298 985 366 1 987 958 594 521 984 750 694 77 683 210 390 896 401 683 524 201 167 898 88 198 919 445 70 569 353 222 438 592 969 154 577 265 484 635 489 738 622 649 268 880 638 42 337 212 901 832 557 497 518 208 680 310 563 98 700 758 78 167 945 647 27 284 276 507 811 769 739 244 518 132 336 866 693 744 126 780 374 503 314 668 895 426 1000 318 331 383 753 529 379 733 569 478 621 408 676 944 880 12 972 910 257 121 810 599 330 96 871 377 23 172 856 656 459 240 999 322 715 249 644 125 826 913 946 313 727 950 680 411 891 601 640 224 217 852 864 731 946 21 588 929 457 99 294 14 557 996 193 721 538 55 385 137 378 927 210 209 218 915 980 597 12 476 492 456 235 734 858 355 817 994 749 60 151 665 498 459 149 387 20 2 177 3 877 868 227 751 944 761 788 32 597 756 801 60 810 689 217 522 332 755 135 190 334 730 286 529 501 270 491 945 740 619 731 483 312 799 629 354 159 729 66 44 821 9 218 905 845 665 44 173 884 478 706 248 391 639 848 323 393 202 781 475 39 944 482 879 736 880 989 127 647 740 277 642 786 842 463 484 52 852 722 275 244 470 871 399 457 336 301 26 865 631 343 238 703 301 712 468 409 722 581 950 162 775 252 269 177 299 462 525 198 117 13 524 284 890 939 295 849 508 781 12 102 541 616 799 276 735 628 800 800 246 596 706 246 732 98 582 385 1000 52 258 135 213 831 899 944 453 894 503 507 506 66 183 641 824 648 407 910 358 70 878 107 887 811 234 91 247 418 289 122 975 602 127 788 528 47 593 438 555 819 880 672 450 349 627 58 920 136 756 700 797 821 444 846 50 896 718 609 862 495 613 757 239 708 296 829 555 631 490 923 966 964 680 236 444 237 449 554 610 520 17 340 842 382 291 344 830 568 341 387 52 282 349 883 102 562 814 783 487 32 190 270 672 803 117 483 521 187 631 646 364 933 185 175 184 636 173 864 756 176 469 883 965 753 35 681 612 546 815 430 72 750 61 993 158 10 772 373 569 390 829 219 182 446 12 426 289 89 562 941 876 806
501 12 599 65 386 808 802 508 771 268 88 563 690 312 344 969 483 862 241 504 670 874 391 838 988 862 38 335 925 206 930 516 425 436 870 444 761 385 680 776 517 418 968 64 406 275 330 574 858 303 815 708 771 5 714 281 334 206 933 823 654 641 764 34 724 301 997 552 207 524 518 922 800 539 53 266 761 943 842 365 100 924 538 228 791 152 350 596 456 437 538 39 299 378 755 326 472 58 217 21 341 551 903 8 862 124 558 168 925 831 231 462 537 903 819 412 845 893 53 105 826 785 589 502 241 174 45 857 275 180 60 981 381 572 362 314 474 575 503 601 792 750 271 33 705 961 365 554 873 407 300 820 493 734 437 668 515 189 832 86 86 90 281 488 129 688 563 416 925 347 834 635 113 223 251 954 726 894 360 610 441 88 85 854 471 323 256 139 961 131 562 991 510 506 134 81 365 30 387 799 715 553 122 920 775 745 524 667 603 655 455 885 249 325 762 818 105 368 512 772 772 163 148 872 161 395 757 601 650 207 969 655 469 603 629 291 777 66 79 628 74 341 895 950 550 762 799 515 131 389 631 920 198 447 738 573 846 390 328 256 821 733 895 539 762 683 214 221 310 318 110 146 657 309 836 350 99 977 885 346 64 311 523 985 973 637 377 362 450 946 336 896 375 27 639 9 151 188 279 780 754 155 127 303 961 15 387 347 982 840 304 799 496 400 881 369 680 715 178 227 715 62 216 208 373 770 481 415 333 684 592 239 416 381 720 375 578 452 658 140 380 694 204 935 677 768 755 509 50 968 129 255 497 424 647 195 680 850 285 886 329 742 560 156 821 685 99 510 126 67 926 49 782 606 649 416 160 524 434 566 755 191 409 111 174 970 833 766 313 919 184 405 774 152 307 566 372 453 282 643 233 405 758 950 376 710 607 128 419 334 808 406 308 249 771 883 749 767 264 240 182 780 552 223 29 599 734 817 616 767 227 445 214 948 221 785 446 555 153 453 629 287 227 467 7 62 360 151 794 980 982 852 694 484 728 370 841 339 400 431 40 515 680 511 845 39 842 639 893 199 347 447 555 627 871 974 397 958 680 269 248 121 495 489 67 113 93 447 351 679 448 406 451 646 228 161 614
348 403 329 859 373 317 50 145 146 894 682 865 59 911 653 389 910 375 862 637 82 502 667 110 870 499 440 733 665 94 859 184 785 593 200 945 47 105 459 838 884 608 18 541 914 183 874 799 67 717 475 493 281 452 202 22 955 545 760 211 717 303 396 986 760 333 653 56 536 773 737 705 314 652 207 426 276 643 179 696 925 233 953 338 943 920 915 56 275 693 832 954 479 595 862 897 577 254 394 16 376 498 58 987 107 230 933 662 72 173 140 858 540 561 624 773 296 328 502 914 131 468 960 552 282 727 379 212 52 508 578 927 655 770 542 342 668 904 19 196 6 582 301 971 196 458 301 830 216 824 348 877 803 828 322 771 141 69 3 57 938 143 819 212 409 567 977 720 737 80 145 103 52 381 977 389 258 577 899 576 498 953 909 963 657 738 584 476 819 253 670 452 713 406 145 737 666 568 700 125 140 892 610 213 653 272 408 607 249 655 695 574 991 548 603 831 754 938 119 467 987 739 442 36 855 498 434 534 771 822 521 506 462 841 753 589 766 107 485 824 154 802 663 501 941 443 163 153 379 383 383 43 802 396 162 407 431 129 707 898 597 491 252 946 915 829 619 295 240 177 40 661 440 182 670 787 158 218 361 701 34 281 459 479 730 97 444 699 357 194 126 661 518 205 678 215 433 346 717 49 599 364 791 564 629 608 273 737 334 749 421 877 639 237 649 168 288 135 259 492 335 29 342 717 987 88 193 393 475 659 225 856 539 104 796 715 263 796 781 31 905 471 419 286 414 64 659 690 161 956 584 267 333 286 581 907 845 718 153 79 338 453 724 818 356 194 208 49 898 33 390 131 560 732 827 860 370 5 472 431 917 140 238 281 563 944 586 470 111 367 354 448 177 913 613 364 88 433 933 615 317 251 75 262 191 440 408 768 82 331 29 49 569 447 383 404 416 998 398 737 209 408 428 910 484 215 966 260 327 349 86 718 304 748 919 560 746 397 754 935 19 699 449 267 629 771 217 170 357 278 119 207 766 583 243 464 636 277 100 175 584 690 537 900 537 111 85 727 985 986 644 373 275 325 38 791 906 978 463 661 316 116 333 493 45 334 616 186 433 96 39 100 755 950 650 178 993
345 729 715 937 466 78 458 546 20 491 563 948 236 206 716 340 210 727 178 572 481 555 828 34 298 265 514 803 894 669 145 862 360 225 177 812 108 359 356 754 737 173 507 255 313 333 284 599 705 21 552 27 188 416 622 522 553 355 459 183 665 725 951 767 139 347 480 912 760 834 367 805 967 722 407 10 671 300 674 507 625 45 273 525 135 447 813 437 852 558 321 625 885 117 896 600 476 74 715 494 1000 56 898 828 925 71 765 153 486 64 866 313 354 84 418 429 252 274 543 839 607 871 382 363 863 441 654 148 301 3 223 995 923 201 332 528 584 817 990 282 371 378 395 716 50 85 470 39 283 230 447 962 110 302 742 633 726 447 910 930 909 866 153 182 656 640 626 67 220 117 242 82 434 391 718 405 873 311 242 406 279 129 167 380 413 828 535 336 508 41 85 772 200 405 416 237 369 460 894 7 919 379 531 946 742 630 819 837 796 601 545 530 341 665 776 376 246 266 612 489 264 223 666 646 430 610 4 946 148 695 874 346 306 219 378 932 250 749 152 285 337 733 764 81 944 11 740 227 333 542 674 156 656 474 869 494 492 450 252 877 693 561 530 502 618 911 157 371 291 791 499 543 951 2 139 445 243 35 108 489 751 226 141 58 99 664 907 179 375 78 118 920 592 639 996 326 784 434 29 111 553 620 78 793 158 539 583 690 98 990 57 837 918 434 439 78 808 518 30 949 503 157 890 947 131 944 59 261 752 690 229 346 834 482 840 56 199 806 179 80 1 470 625 759 621 436 548 569 113 912 911 855 161 45 889 219 449 14 575 109 939 82 261 647 861 555 64 928 149 945 391 338 567 210 426 280 25 893 287 99 213 426 1000 925 247 863 140 384 906 920 528 272 652 839 650 880 825 516 380 115 273 379 787 637 88 62 539 242 248 834 659 743 832 775 923 49 23 591 794 504 299 417 397 862 887 39 24 400 110 296 718 82 312 404 144 715 718 721 752 35 873 804 193 720 959 244 632 492 850 867 741 805 468 150 464 264 409 687 866 943 194 406 922 6 924 963 61 248 399 139 70 623 611 285 280 171 437 408 821 714 670 46 804 180 126 940 495 688 97 398 671 992 910 44 872 350 424
834 701 919 236 572 813 827 794 964 8 484 433 402 945 930 203 373 749 881 594 744 763 580 317 389 23 225 916 248 148 605 608 921 891 30 427 228 143 43 890 658 325 325 453 268 704 378 492 66 238 979 670 890 515 773 826 626 604 157 254 292 672 968 695 646 986 460 402 878 216 894 64 68 514 392 860 553 188 666 666 88 970 260 189 156 448 152 305 169 743 907 733 407 419 943 825 721 316 849 61 647 146 896 874 422 586 501 112 124 926 712 589 274 182 809 47 37 382 43 387 233 17 219 149 784 953 641 900 231 332 86 934 292 256 624 516 99 835 189 422 388 502 203 306 779 855 82 736 327 643 355 801 217 587 325 806 795 976 463 191 80 648 884 766 838 842 167 171 836 74 288 99 931 598 208 720 109 806 539 420 579 706 766 598 212 870 210 622 50 603 860 508 143 897 895 810 543 457 983 176 949 341 314 125 751 577 958 928 893 438 549 541 757 824 381 203 803 751 634 88 898 353 28 498 434 368 550 943 127 629 785 823 928 806 575 705 190 742 98 309 192 543 440 26 4 622 464 412 909 760 523 991 886 283 868 604 678 118 770 899 636 462 688 719 337 551 925 444 151 494 198 312 118 625 605 71 282 398 220 179 95 673 787 445 722 99 853 141 336 114 707 555 195 302 240 852 990 739 137 900 848 832 199 531 651 642 116 5 587 403 830 293 762 503 181 553 822 72 152 978 147 624 131 742 413 869 182 24 129 546 936 990 840 376 860 481 383 190 903 737 782 8 71 183 19 726 266 497 771 564 774 533 731 210 713 754 107 752 465 346 646 604 478 582 285 651 210 202 296 233 744 88 881 726 644 420 788 736 180 771 963 228 5 538 523 196 803 136 545 868 416 636 51 35 599 588 884 818 236 756 181 777 275 490 133 799 312 493 888 440 841 503 877 863 620 21 844 112 973 838 472 118 644 538 944 613 978 274 342 42 161 191 747 310 176 600 640 538 720 439 951 975 920 1 17 54 90 282 837 551 455 318 697 429 973 837 427 913 999 701 212 495 2 76 69 830 254 497 72 620 868 487 986 616 866 484 98 215 116 557 709 257 313 856 367 638 414 623 833 787 879 362 430 356 716 604 639
58 108 551 928 632 355 548 353 597 582 657 886 726 332 577 270 159 209 360 706 87 33 114 204 666 989 111 449 785 32 773 218 816 892 606 263 69 463 97 844 112 144 672 630 283 985 838 853 823 808 878 558 222 735 377 37 140 621 266 830 840 213 947 829 21 86 764 436 370 847 429 651 836 679 261 689 680 72 412 636 553 731 795 571 265 620 87 993 664 595 256 1 723 684 836 874 249 376 165 126 675 897 671 463 270 788 427 265 673 556 213 60 686 948 281 248 29 428 988 531 145 359 353 178 504 818 444 971 646 495 299 440 242 83 318 680 140 670 990 921 74 834 831 304 760 768 142 452 337 439 234 875 216 217 907 302 657 657 373 922 639 373 152 91 110 620 372 387 255 657 628 516 543 835 342 567 688 567 274 679 281 516 836 214 465 140 314 549 77 676 593 936 787 730 773 842 804 303 490 954 422 512 752 195 515 403 983 187 245 487 305 784 299 709 441 63 165 423 368 520 478 446 340 644 808 201 297 781 438 53 966 665 338 168 636 941 823 45 956 357 434 720 389 119 885 492 442 109 518 654 266 960 670 152 768 852 609 894 163 448 249 138 707 529 128 126 195 305 557 796 111 662 214 423 191 53 952 104 53 181 964 94 951 847 416 244 304 625 981 542 600 840 102 722 481 880 192 32 347 670 410 824 620 51 966 892 267 787 731 223 482 223 749 248 218 827 190 355 57 627 436 289 139 838 378 75 835 980 823 343 706 790 500 536 309 743 858 929 740 147 828 57 247 458 620 413 962 422 840 541 674 687 464 928 591 247 782 544 260 315 146 400 351 33 282 317 453 445 706 398 879 820 816 306 93 815 394 451 76 751 600 759 314 758 696 3 527 51 635 546 66 885 256 681 983 564 308 18 26 449 188 278 170 683 939 144 669 917 864 495 319 846 547 707 551 5 431 254 982 937 809 297 634 477 422 606 548 858 45 557 926 419 919 574 252 970 588 218 671 190 576 605 623 333 139 709 946 669 607 584 121 45 501 951 561 172 204 456 705 893 496 1 194 164 956 350 310 911 659 621 528 195 722 682 306 373 201 796 229 421 308 792 785 908 674 748 98 250 296 835 416 151 534 374 87 306 290
947 361 977 426 30 431 819 15 655 27 289 41 826 609 994 557 4 550 881 588 174 141 659 723 373 451 861 295 530 319 776 369 114 320 682 855 436 193 17 935 569 113 422 521 823 220 40 414 757 69 852 390 542 908 995 666 919 483 845 245 204 362 843 597 34 589 506 696 615 514 663 469 395 210 898 709 840 763 706 267 956 479 672 412 297 422 545 77 636 447 817 888 247 55 283 709 160 571 496 751 113 884 517 166 489 672 402 344 224 216 92 951 830 495 217 451 46 933 157 602 919 162 721 820 32 538 160 28 445 523 717 581 440 969 79 500 254 483 609 532 318 884 916 361 448 476 169 366 76 802 881 535 965 936 301 370 746 501 817 119 150 906 725 170 901 159 938 632 260 931 598 251 3 640 988 547 166 904 169 690 594 794 520 438 815 967 273 177 268 107 712 578 879 467 117 430 806 638 596 947 169 29 878 780 948 448 123 328 470 601 936 227 568 982 488 131 797 997 931 646 568 648 919 568 513 667 918 617 464 20 206 316 797 976 475 269 95 89 974 192 42 78 950 481 603 296 696 854 110 213 803 101 215 80 437 911 734 797 763 233 924 209 479 882 58 672 84 438 887 447 980 713 547 96 612 446 448 202 90 458 607 448 467 712 903 513 19 533 313 16 515 479 651 902 141 325 848 39 63 469 499 593 149 547 395 228 449 87 910 25 306 16 508 645 241 466 878 456 919 668 595 131 689 114 210 387 573 947 978 865 643 332 730 896 623 149 873 509 820 148 156 562 676 923 634 735 738 989 93 173 313 742 121 515 988 290 626 521 14 227 160 783 613 837 559 195 913 571 554 714 133 740 230 189 964 327 927 482 558 410 252 183 197 234 636 246 902 138 230 79 198 859 126 539 435 614 117 340 417 418 210 769 978 452 19 784 311 836 33 487 435 523 177 13 653 533 363 363 611 182 878 869 650 154 594 884 995 973 599 219 212 79 48 408 972 725 360 401 895 947 400 450 24 490 466 127 612 68 873 265 970 588 188 772 288 477 30 100 144 490 890 243 876 951 3 82 462 303 481 282 343 917 29 95 972 683 963 625 646 739 85 72 194 590 688 236 227 753 326 424 24 919 741 942 666 999 357
757 411 214 112 194 833 723 43 788 116 275 617 174 710 386 145 43 830 422 687 670 96 866 964 130 74 165 732 482 999 755 950 338 544 317 316 737 620 464 997 860 532 630 257 27 629 105 381 322 624 848 930 203 917 133 557 587 380 410 281 936 363 108 975 522 624 818 594 944 8 105 186 42 252 147 533 232 543 174 704 263 929 99 696 494 970 241 402 873 525 409 725 907 170 116 709 619 98 643 191 798 597 372 880 899 805 156 945 457 410 284 509 547 882 323 15 27 393 654 794 711 942 576 838 402 220 171 955 772 568 477 592 692 900 777 638 183 331 251 690 557 536 722 50 121 472 599 549 578 81 637 236 67 176 721 380 869 856 746 91 168 358 135 360 869 66 482 431 466 858 427 512 689 168 571 268 322 449 491 979 995 495 363 936 244 685 43 753 33 868 655 461 425 148 609 333 83 278 158 501 503 549 585 52 694 962 9 676 948 138 419 870 702 902 526 565 215 81 580 618 551 532 395 213 318 402 530 350 573 165 459 261 888 142 61 763 840 895 260 426 394 228 114 456 375 174 395 959 301 856 391 479 973 299 169 469 272 667 869 647 415 762 520 949 145 950 901 667 819 921 458 153 41 688 883 601 713 707 276 893 26 925 543 428 526 772 19 878 101 370 800 870 3 757 398 458 299 764 642 224 526 320 716 303 740 413 493 116 144 249 144 469 976 383 239 528 295 480 133 628 426 370 807 844 590 761 48 659 395 924 860 476 251 395 362 825 991 149 306 582 632 815 651 929 912 210 374 758 896 460 217 65 375 856 439 193 43 958 318 368 303 536 106 496 925 585 636 741 245 304 468 458 391 368 405 566 919 381 567 297 926 618 728 420 4 104 33 595 558 204 107 894 138 490 584 581 822 28 75 776 464 927 911 274 339 746 329 854 784 704 277 256 345 654 702 561 7 18 296 375 470 106 660 48 899 201 281 493 960 839 129 357 286 726 77 343 256 466 694 629 813 513 925 483 971 715 944 862 741 79 50 418 911 455 583 64 124 410 926 459 706 152 536 766 713 906 26 557 682 37 73 537 744 224 973 940 192 779 839 607 943 807 498 292 93 19 687 795 658 649 849 581 531 969 594 175 188
748 148 479 676 493 748 166 916 532 996 498 749 704 33 18 382 178 670 862 464 35 1 597 846 143 905 417 839 208 882 365 989 680 176 417 803 532 69 717 234 724 510 270 20 470 786 96 740 836 67 179 289 70 717 480 823 796 277 359 637 966 880 283 813 247 123 189 887 849 388 240 176 12 273 587 685 334 950 80 868 272 332 954 449 519 906 776 794 868 845 428 708 270 355 993 496 179 257 530 321 162 705 529 444 855 549 154 355 102 557 65 335 847 440 128 371 746 497 985 705 466 302 251 926 377 91 862 933 16 286 192 513 543 536 125 654 519 599 360 846 283 371 987 442 24 154 350 284 143 521 843 712 846 210 928 724 559 742 185 396 549 843 83 822 372 753 343 749 908 99 233 535 550 757 83 965 156 216 1 727 626 501 99 715 643 884 250 483 948 936 62 666 15 275 718 187 519 784 75 808 555 504 565 523 167 69 491 602 660 337 494 705 319 273 744 925 558 349 96 234 374 634 490 491 132 681 54 292 281 332 217 836 531 538 598 98 971 509 22 696 604 173 345 245 382 842 705 736 206 686 357 360 211 577 943 216 959 720 353 275 636 187 162 697 287 891 493 238 350 2 65 930 61 365 519 572 699 219 388 559 867 433 269 662 155 212 624 481 324 146 782 265 924 604 62 63 328 613 606 658 320 738 58 983 618 762 209 873 72 766 213 423 166 343 541 973 441 595 700 681 196 302 184 523 15 674 420 31 395 431 638 520 438 430 367 280 513 200 186 26 414 166 332 965 222 911 723 216 510 685 31 199 110 179 581 907 729 87 984 689 617 527 940 140 534 797 775 318 374 857 496 58 52 853 986 169 637 674 998 18 138 362 859 109 694 983 734 419 648 311 524 833 618 794 842 998 910 890 840 398 222 140 621 177 176 473 981 302 275 619 993 141 896 623 190 32 21 976 260 617 530 132 820 365 289 778 990 594 403 444 698 525 802 231 43 856 960 852 660 3 114 140 645 138 994 497 281 713 960 911 708 584 683 870 642 389 763 333 441 403 679 780 693 462 539 585 207 316 581 317 354 21 571 787 734 435 944 387 167 109 201 842 494 202 865 237 956 24 984 71 535 373 796 480 302 70 41
558 616 415 580 210 66 337 926 904 835 130 492 869 19 863 311 947 813 553 521 938 786 972 93 591 944 385 565 659 30 482 431 751 552 757 497 877 586 10 74 995 485 307 475 718 146 108 370 396 395 977 994 763 632 644 538 876 665 756 102 628 849 919 929 201 367 931 844 353 926 472 798 769 747 440 297 570 445 431 614 351 748 658 977 417 507 44 463 986 464 233 877 29 557 252 142 113 195 380 344 825 559 747 516 172 288 442 317 415 408 601 70 814 557 43 882 593 264 34 929 133 901 413 368 692 82 891 333 113 191 425 359 103 996 954 360 205 223 719 245 943 77 363 885 166 760 297 695 91 971 804 184 307 363 49 485 849 221 977 763 271 16 685 49 427 28 725 103 10 986 803 146 823 243 433 861 158 300 484 89 640 969 664 888 359 236 14 527 374 721 754 89 303 794 826 823 571 58 575 569 506 619 438 830 956 153 400 987 370 261 538 303 405 193 749 409 498 962 444 847 230 535 981 587 604 996 984 925 679 335 907 308 842 790 936 209 703 327 677 470 257 524 628 643 829 528 393 695 252 606 249 363 917 30 652 965 248 675 387 412 41 576 328 236 716 378 789 826 511 811 421 968 763 755 417 213 90 624 794 20 72 527 984 409 812 773 910 848 243 786 313 468 445 17 854 249 792 186 634 358 185 198 386 431 405 836 607 834 194 586 451 817 420 274 719 906 705 127 740 328 711 497 824 943 474 455 450 114 669 497 530 40 186 365 158 468 164 676 104 590 937 650 278 955 461 659 284 986 733 348 15 926 419 328 533 30 585 78 27 889 698 720 298 849 53 797 95 568 745 394 337 337 218 46 943 810 409 870 75 766 437 655 578 867 75 370 231 69 588 503 672 447 138 258 468 65 106 422 291 910 718 10 617 573 150 67 209 432 769 345 735 365 925 921 144 211 611 228 757 609 139 846 92 885 347 393 602 452 922 600 400 726 287 64 307 643 40 896 271 548 926 819 740 950 83 259 691 960 999 316 424 546 637 731 424 736 502 855 507 853 948 290 249 105 788 243 808 397 530 680 921 610 373 292 29 261 223 408 784 779 618 623 52 249 355 930 293 893 126 801 286 855 358 398 958 547 215
568 718 646 81 492 306 584 241 161 240 975 781 12 31 947 431 825 106 167 577 473 36 488 93 37 926 562 324 421 70 639 592 641 359 921 424 6 224 872 630 522 664 809 827 631 309 703 818 958 386 101 937 697 253 793 578 140 726 460 328 128 346 900 542 738 139 564 263 536 944 209 343 600 726 164 948 509 615 401 203 971 773 63 527 261 470 705 35 362 233 182 799 987 572 490 846 374 954 214 411 338 854 78 923 667 659 954 755 508 482 721 560 345 936 200 712 344 43 556 721 521 344 977 292 700 743 390 495 122 507 895 182 416 752 870 39 313 565 922 69 309 204 282 121 340 358 578 747 866 539 729 3 897 28 604 978 445 127 760 554 260 403 786 466 152 116 979 886 146 118 265 473 795 846 549 355 432 89 996 385 224 119 770 341 615 328 579 152 555 820 601 112 472 739 535 131 341 389 739 411 979 688 897 750 130 22 870 379 800 583 159 403 704 67 716 289 926 41 184 355 972 701 9 328 94 572 174 281 22 324 660 814 475 159 90 680 365 319 735 160 160 415 694 112 884 215 608 957 344 707 537 242 413 151 425 874 598 518 944 510 199 280 298 75 148 690 302 686 722 662 637 467 791 983 46 169 124 618 33 120 415 675 514 439 384 175 338 881 205 948 475 819 445 660 998 458 95 690 228 460 824 361 48 951 910 250 201 757 153 644 49 311 597 237 354 426 995 516 534 408 502 414 599 611 558 186 728 323 348 674 315 786 662 201 290 783 786 336 889 489 119 355 899 548 496 646 393 643 577 538 175 995 470 625 271 505 104 144 191 342 682 717 772 779 921 43 119 803 606 69 90 897 255 484 815 338 877 332 483 494 687 327 384 888 239 103 401 111 662 968 462 74 699 144 33 311 659 961 346 884 382 531 977 152 54 271 733 141 817 729 448 600 842 105 883 805 191 963 789 526 708 990 769 677 926 553 895 719 493 547 204 379 211 982 956 93 371 389 376 371 687 809 497 630 458 50 671 659 409 254 373 537 969 697 673 365 344 885 900 42 542 320 804 576 964 677 256 212 241 105 398 712 53 962 617 530 395 278 742 184 31 727 935 894 158 914 364 286 814 148 816 498 856 68 956 512 467
99 989 90 681 780 915 196 886 53 31 71 561 588 895 811 935 207 325 348 371 965 6 937 98 125 752 495 194 540 731 825 113 417 807 53 185 884 822 279 115 905 151 885 437 49 262 835 82 606 723 848 351 189 761 454 16 69 995 238 273 232 969 152 543 487 860 281 688 421 599 951 955 729 919 822 69 233 233 706 962 896 40 346 648 782 631 49 245 841 487 349 129 523 406 452 305 619 461 922 202 181 762 763 258 755 191 940 300 90 477 980 835 815 799 542 140 962 999 232 147 274 949 178 825 751 620 367 114 798 863 167 483 651 472 998 896 331 347 351 953 928 623 680 716 47 896 105 143 102 393 938 971 413 80 521 584 86 993 241 676 811 351 886 594 73 591 92 891 495 546 311 467 52 651 736 290 413 990 461 606 379 493 279 87 629 831 780 901 495 279 424 250 99 167 305 766 159 189 548 699 875 825 379 612 334 839 412 888 817 28 554 551 353 744 550 281 253 948 591 934 136 751 738 102 86 684 20 523 376 581 375 469 36 221 846 104 815 543 95 406 543 113 936 416 932 485 139 642 347 261 482 696 924 603 254 163 363 718 749 125 4 763 523 703 874 510 113 686 264 711 286 130 730 383 305 353 732 664 7 499 735 831 365 879 169 169 860 137 460 793 535 147 31 338 479 994 198 359 768 919 960 32 593 298 625 606 78 952 63 177 633 938 530 203 661 607 581 583 973 64 921 416 834 886 870 965 28 670 540 198 913 578 25 925 947 916 590 493 692 13 336 333 357 986 520 976 872 83 347 976 755 554 180 646 785 185 705 461 303 23 315 720 374 188 54 26 875 870 939 313 626 76 100 760 3 591 754 377 548 947 570 520 343 662 598 333 485 276 435 631 297 706 786 654 356 569 326 85 52 469 534 336 503 746 339 885 905 465 20 732 699 250 553 483 958 313 428 353 472 334 982 591 828 823 470 378 611 187 560 955 719 305 900 189 917 769 928 687 965 616 904 266 172 15 957 4 95 467 17 348 880 607 966 929 877 280 28 492 814 560 586 855 786 929 321 201 327 164 370 643 756 877 309 396 350 252 52 716 841 642 399 369 787 635 682 347 509 132 480 536 748 151 576 152 248 394 254
247 977 755 400 804 10 240 676 422 322 537 329 781 839 932 366 652 817 200 871 683 244 806 109 709 268 191 335 9 305 754 866 980 213 930 848 870 967 251 327 91 498 808 76 316 520 983 757 444 742 340 9 813 690 809 38 643 901 593 109 642 168 368 337 659 103 827 148 672 440 661 750 519 465 195 167 546 497 5 768 122 811 689 830 741 524 941 630 919 19 690 927 152 197 589 151 298 292 624 708 28 726 265 891 249 485 9 470 694 812 152 837 287 211 202 742 692 839 209 329 806 123 612 856 529 743 39 570 415 511 420 928 364 564 598 71 837 912 137 787 895 640 704 77 749 469 251 993 546 257 707 498 988 642 768 402 905 361 207 643 37 482 467 594 42 712 437 984 30 556 274 467 853 375 379 794 972 804 649 796 656 328 633 814 462 948 538 501 727 725 118 78 239 858 222 952 860 135 99 957 449 76 705 747 500 492 522 767 426 374 741 354 788 479 518 442 608 790 868 60 678 266 997 193 10 42 465 611 20 857 270 287 116 738 271 943 724 737 147 281 763 656 611 131 858 241 551 405 330 928 553 751 286 416 393 318 876 208 65 360 657 903 521 517 27 91 754 595 777 322 173 844 920 709 563 432 972 89 699 581 331 879 224 52 929 684 965 317 93 175 923 187 39 172 260 483 891 899 148 253 858 832 21 734 976 514 38 622 889 608 846 756 804 127 522 352 355 499 222 774 447 819 74 142 399 600 702 54 200 58 674 431 782 919 197 397 25 545 954 517 879 910 755 68 440 571 720 201 564 908 421 828 223 550 326 258 637 981 597 799 623 260 330 433 875 811 676 244 47 875 483 897 242 342 43 767 81 267 210 760 471 928 83 84 955 570 185 246 671 854 581 586 688 763 709 817 349 670 431 850 660 323 505 974 362 148 580 189 122 378 832 422 33 233 722 224 625 38 456 780 932 129 585 579 932 560 181 727 907 401 378 642 651 640 681 653 795 56 251 566 935 122 80 769 616 957 499 202 716 182 551 696 870 742 367 832 108 967 721 934 498 356 926 755 640 377 389 43 520 678 893 592 346 260 898 303 587 601 654 222 165 60 652 392 718 480 451 247 389 930 442 612 433 324 541 254 894
399 943 189 704 57 395 876 777 567 898 155 229 458 995 389 872 553 97 72 697 19 579 824 868 676 2 600 488 303 911 536 304 876 87 44 975 402 962 680 99 251 287 62 847 68 223 73 717 827 437 977 158 862 796 386 631 389 537 943 20 107 879 526 1 96 455 782 506 485 579 17 436 303 942 810 145 790 643 500 524 758 546 919 33 51 676 1000 532 965 357 203 888 167 710 467 932 68 495 191 515 878 434 598 660 442 347 253 62 284 855 256 258 230 220 292 818 486 414 669 410 257 793 774 453 320 597 680 229 61 71 115 877 258 491 539 600 478 954 965 155 701 210 268 181 848 773 723 215 533 19 879 213 414 808 606 261 650 440 855 706 563 57 871 695 492 823 82 254 843 927 944 747 543 197 831 680 321 601 636 441 277 549 528 803 601 107 821 511 600 48 830 487 726 607 730 464 423 253 136 627 716 349 581 813 162 472 527 2 188 340 239 906 872 432 512 171 30 683 320 189 365 695 176 248 833 130 522 521 130 579 107 799 500 651 328 965 239 91 139 281 772 639 625 559 952 10 30 260 861 606 793 607 383 217 463 110 826 777 910 506 268 599 154 377 697 844 496 963 928 657 629 191 333 166 655 660 952 155 355 935 675 304 190 518 855 937 370 906 163 805 454 527 196 69 993 917 785 806 14 898 802 511 564 192 739 921 498 411 406 955 384 227 719 425 129 897 991 833 732 449 391 917 530 672 813 191 139 515 730 291 471 629 166 189 686 901 286 972 943 232 36 539 748 204 409 252 9 122 805 994 883 609 421 264 955 868 829 667 178 568 499 512 588 979 115 25 890 670 6 283 935 203 874 550 354 861 423 693 524 941 736 104 537 7 407 605 999 978 430 594 882 308 773 401 234 233 46 748 475 76 447 426 508 687 477 826 344 948 374 546 362 470 550 72 695 661 798 685 864 574 85 673 416 17 499 354 897 262 232 844 137 670 466 657 970 229 982 124 697 947 828 995 165 622 984 504 856 266 994 769 149 605 758 761 115 669 327 817 321 378 801 312 247 345 150 531 880 363 953 965 385 267 587 622 154 298 293 913 464 967 753 694 69 93 488 384 231 363 542 513 887 963 11 259 111 186 33
511 109 89 638 868 70 15 425 632 276 936 985 424 343 584 266 223 721 941 810 502 974 885 748 238 855 67 291 921 409 325 871 219 584 762 286 743 647 996 643 508 888 147 963 567 197 410 615 269 308 532 978 736 275 274 103 844 366 397 473 654 934 608 442 195 887 827 630 425 504 654 151 357 589 399 592 826 688 227 55 353 405 583 406 829 535 590 188 138 611 792 681 864 434 918 812 564 400 242 357 299 905 383 397 734 10 727 308 683 40 122 849 190 18 124 125 465 43 766 513 888 648 606 168 159 120 352 850 220 975 689 564 270 630 766 336 835 658 957 865 994 423 445 385 455 749 949 547 65 363 494 745 871 533 442 263 405 676 411 471 968 30 342 733 610 545 691 289 285 596 317 118 222 116 225 61 550 252 526 367 559 410 803 836 350 373 575 535 466 816 888 641 829 561 562 318 29 564 608 900 735 819 121 768 511 703 150 260 103 151 968 317 974 91 332 142 730 629 396 452 654 350 261 699 82 336 515 798 816 882 636 389 487 500 712 119 899 628 254 557 205 49 437 253 917 908 86 632 282 599 82 628 917 472 687 99 96 998 39 526 403 170 207 905 980 748 309 916 508 752 136 322 892 25 852 60 753 821 886 2 132 386 91 956 691 97 573 155 355 206 596 732 631 483 185 756 254 482 308 923 663 314 527 717 859 934 274 424 230 713 963 232 814 611 267 71 366 775 92 43 125 469 975 142 957 133 884 513 797 846 604 552 343 469 144 620 571 859 425 903 372 878 619 833 40 551 953 961 758 476 462 994 364 663 412 975 541 415 252 826 580 709 216 215 191 556 502 686 996 510 762 97 602 96 670 161 506 214 823 447 306 919 663 765 936 899 802 693 248 861 805 824 820 470 350 191 77 627 883 822 544 869 188 258 755 861 319 600 558 196 316 886 443 895 806 270 731 754 325 7 571 838 835 341 945 315 660 544 521 104 600 645 520 311 982 854 556 303 898 720 492 430 57 753 602 166 807 435 125 340 81 409 228 503 557 629 574 902 940 741 791 179 275 259 868 485 395 939 798 5 640 471 741 67 40 807 606 921 725 623 109 799 489 837 800 450 754 320 804 233 470 387 233 865 213 4 103
200 931 446 184 17 766 393 507 843 311 281 303 19 15 278 614 585 694 404 905 65 378 189 131 881 483 93 899 71 615 798 118 85 949 369 121 971 342 956 775 812 156 788 125 450 874 910 892 711 255 302 653 780 22 657 793 336 297 266 198 583 434 544 445 60 334 852 946 672 593 377 845 203 642 220 839 967 676 879 741 160 362 522 58 163 740 749 47 735 70 546 823 481 329 179 617 476 19 775 963 281 203 907 983 842 223 37 721 743 357 207 396 728 682 404 614 821 317 477 682 741 131 694 586 641 890 119 591 697 680 451 694 663 134 187 735 559 246 160 131 393 57 82 462 871 862 40 558 239 659 3 380 681 959 243 666 466 557 584 400 993 66 598 57 214 665 646 346 296 508 803 863 114 102 680 720 953 112 631 45 616 391 82 991 634 973 962 736 883 277 657 619 629 901 194 464 438 873 784 621 61 485 777 998 578 659 696 387 263 229 169 896 177 71 338 308 185 128 671 289 924 581 933 991 539 419 953 88 75 223 236 478 869 143 13 589 681 478 346 948 872 933 314 669 953 670 541 864 277 522 869 319 923 264 846 648 178 827 88 741 255 624 284 505 769 230 519 662 148 197 378 885 108 853 188 325 282 450 193 886 842 457 500 91 396 670 129 119 33 624 676 249 694 692 120 909 628 711 813 530 865 769 347 142 587 536 341 307 684 576 324 554 983 901 368 328 517 114 269 677 863 194 121 520 300 452 415 270 770 218 919 520 28 216 719 221 292 336 174 111 421 415 255 228 661 872 448 101 987 61 865 777 907 429 72 779 454 428 475 319 892 903 565 412 764 288 108 250 434 14 326 259 202 472 554 31 408 149 315 462 115 51 85 266 394 196 256 674 881 83 840 197 285 198 917 593 563 70 357 498 555 939 119 433 744 511 695 110 240 467 119 350 772 975 979 895 421 454 309 951 29 686 650 222 415 329 936 272 281 72 497 808 872 437 608 82 976 723 70 23 757 733 751 740 772 750 241 15 602 605 2 653 397 32 745 608 831 74 252 941 256 979 421 17 92 692 376 423 296 726 80 439 695 83 180 207 447 973 7 282 203 233 775 255 584 180 868 454 260 237 706 369 558 948 438 175 763
355 761 660 740 288 100 43 628 422 176 310 864 109 292 532 522 199 837 628 423 424 124 936 80 477 285 760 958 939 89 495 878 203 445 463 334 947 142 268 518 892 85 229 542 91 143 886 792 724 283 933 896 658 520 470 995 441 27 965 292 512 481 375 64 188 351 887 74 978 403 387 319 805 309 739 949 532 701 933 244 269 178 328 187 132 699 585 114 23 421 733 608 427 616 369 326 287 7 7 253 46 649 535 4 523 546 635 298 330 532 953 390 433 633 850 171 314 889 261 177 521 385 112 593 81 465 832 134 368 761 858 113 256 486 711 680 270 443 239 360 806 800 795 639 596 115 889 396 705 297 445 705 117 146 644 820 958 206 728 788 510 993 398 510 361 248 198 202 447 226 433 595 437 765 818 759 777 912 35 23 622 506 256 519 673 203 950 776 491 429 307 485 234 61 248 326 591 848 903 452 24 16 746 716 872 970 791 433 865 115 981 30 336 92 225 940 662 262 964 677 381 681 942 367 761 874 773 54 332 350 405 280 35 24 521 633 224 60 957 965 812 669 742 318 834 708 988 516 472 32 44 20 933 969 929 151 658 16 546 95 184 834 574 885 26 73 59 141 90 605 892 974 840 695 223 329 762 399 469 951 571 388 709 180 493 614 646 978 141 763 771 612 552 246 360 273 742 521 642 407 315 345 441 146 358 720 306 591 714 817 356 500 947 726 322 161 899 633 769 527 500 714 700 159 951 292 810 373 417 403 797 517 458 780 38 609 942 616 704 171 487 42 354 438 99 562 959 34 291 634 621 807 768 958 720 665 571 81 910 236 124 580 900 882 700 406 152 835 122 948 16 763 162 84 290 559 365 293 728 472 369 825 49 725 598 51 939 182 151 634 925 253 847 935 3 415 664 651 50 93 846 291 265 167 594 367 579 448 207 590 113 46 493 728 146 687 718 242 630 316 372 743 980 604 887 51 773 151 979 446 106 292 313 481 991 383 661 9 541 769 925 982 530 501 136 107 121 464 51 311 951 978 559 385 790 402 234 429 559 192 8 248 102 319 415 362 151 864 869 576 963 732 600 552 371 33 724 94 365 974 856 678 639 111 719 241 175 201 541 14 797 910 61 721 908 289 538
152 111 809 167 701 427 641 488 440 421 481 428 949 429 432 420 191 373 777 998 320 793 543 893 444 76 223 149 140 791 564 977 878 242 539 666 543 860 634 259 704 334 387 291 886 788 230 759 46 432 492 934 258 57 648 665 398 156 791 148 501 23 90 860 780 38 296 163 653 820 821 652 457 966 974 298 900 438 157 161 603 612 236 315 107 354 267 448 796 190 751 296 905 876 957 408 685 410 313 99 331 85 676 551 903 661 57 366 159 907 385 400 489 939 647 742 760 21 952 13 878 251 280 157 995 624 361 582 343 367 877 465 748 301 252 884 417 64 471 836 662 388 803 101 846 111 935 267 883 484 722 345 70 316 199 953 643 911 660 977 741 89 982 734 175 391 832 415 411 649 305 660 575 852 940 571 99 32 226 189 256 783 492 788 614 647 74 248 150 288 429 431 940 108 920 395 308 686 650 713 292 689 711 28 318 490 451 854 932 496 459 432 852 848 772 131 608 81 724 126 542 309 393 339 264 576 929 713 691 818 366 856 213 400 972 673 327 587 81 92 294 220 478 403 146 848 884 33 906 647 654 823 207 860 176 924 171 902 493 155 893 727 646 994 982 947 527 43 713 472 471 32 387 745 349 139 425 843 347 482 203 920 720 181 945 757 60 311 348 91 262 672 712 544 330 820 199 292 954 753 837 321 751 74 406 874 540 877 933 240 682 736 736 30 227 705 103 857 368 984 677 235 155 419 276 567 727 87 687 320 926 765 927 611 68 79 388 967 113 566 514 305 429 397 327 688 589 428 390 237 486 683 634 183 454 297 383 87 364 977 796 52 672 437 778 555 131 545 969 867 355 212 771 381 780 674 135 576 222 427 993 409 765 24 420 202 415 772 862 559 483 910 264 971 984 608 421 133 444 406 261 27 638 242 579 109 631 396 391 130 177 96 975 321 41 408 779 37 191 699 52 552 573 420 738 773 785 45 123 148 829 667 179 432 476 516 259 910 438 570 337 400 461 437 932 587 952 455 988 594 162 987 655 693 434 705 860 973 197 10 32 144 889 591 619 520 105 103 137 908 132 338 285 351 931 61 366 667 700 755 567 46 687 771 988 863 676 598 422 450 86 241 299 210 69 265 637
944 932 334 321 559 244 265 920 94 241 405 866 19 10 365 783 855 231 913 911 895 921 355 56 822 361 868 16 177 437 536 493 552 467 500 221 226 621 308 155 457 774 873 285 425 208 385 588 416 475 130 54 808 917 704 902 199 675 639 231 771 285 648 34 752 883 265 438 361 263 7 122 603 25 611 512 844 208 294 645 637 515 763 889 357 421 968 249 143 975 476 857 438 92 837 780 676 766 637 270 602 384 553 419 702 149 676 71 207 232 177 756 408 55 224 603 183 459 452 970 663 804 665 730 518 514 694 944 805 313 162 358 689 976 444 917 656 593 714 513 612 834 236 502 516 220 880 637 321 692 342 451 946 36 960 876 500 143 841 794 270 382 611 196 396 40 292 411 644 296 57 218 300 625 578 83 583 579 492 385 375 209 575 158 662 930 224 105 949 457 982 220 258 602 937 436 733 147 810 505 553 632 29 220 609 701 980 127 375 772 299 482 218 179 739 47 755 786 906 15 151 328 540 96 406 723 303 374 326 502 786 902 208 957 865 579 202 554 212 675 654 629 956 842 448 306 931 50 342 383 992 616 137 318 825 324 760 550 888 153 958 602 500 12 714 297 715 357 998 404 392 588 732 177 159 62 95 280 521 253 411 871 507 373 404 131 499 643 172 130 404 277 956 775 848 440 728 541 797 659 629 79 722 732 225 7 461 598 585 218 583 739 723 564 34 62 979 79 309 432 743 368 944 547 286 93 510 801 85 684 781 115 469 972 512 847 584 305 230 468 726 309 283 80 215 992 185 766 55 659 800 404 762 692 564 522 141 574 923 428 324 501 454 367 896 986 615 40 109 728 605 696 961 659 777 537 70 674 910 780 708 73 252 455 696 410 646 768 208 306 52 956 59 481 443 480 10 600 547 462 992 373 944 728 608 998 561 14 22 319 649 407 656 547 378 334 233 407 281 361 637 570 579 10 730 945 661 596 430 970 79 172 79 917 697 127 780 28 698 949 661 638 323 584 843 412 832 770 240 888 378 372 802 589 378 968 500 641 662 647 529 380 529 496 691 756 217 371 217 55 571 655 82 879 60 217 693 582 301 628 741 605 632 113 569 485 207 630 745 341 229 942 995 642 618 474 502
949 824 861 92 301 188 930 51 929 407 766 153 707 811 17 277 868 189 40 31 796 406 442 398 14 268 610 406 544 283 968 40 606 793 909 788 814 468 602 611 565 89 827 513 676 446 175 548 623 972 999 449 225 39 364 731 717 109 224 327 791 43 720 960 814 204 239 682 64 879 143 341 572 319 831 344 975 865 399 853 658 374 169 550 486 284 137 795 632 417 613 65 139 628 314 401 283 550 293 656 52 406 651 920 249 477 720 861 763 541 852 211 31 144 33 754 791 547 752 657 927 815 369 976 329 167 264 490 329 602 679 81 545 728 444 818 166 182 378 66 36 407 937 106 546 652 418 51 207 804 646 945 966 412 992 891 13 880 150 673 212 48 733 132 40 285 248 353 490 117 52 797 783 786 449 773 536 165 724 431 639 696 97 246 589 672 294 896 128 719 806 639 695 717 995 92 335 125 222 177 913 450 988 133 863 933 492 608 152 1 673 529 497 258 98 473 644 517 936 160 1000 124 574 136 144 35 481 592 425 485 164 305 614 4 671 127 832 531 487 330 672 868 769 322 721 361 528 629 468 692 741 365 444 482 111 394 784 642 635 561 767 799 797 540 133 543 646 833 519 83 747 972 604 81 273 221 699 851 351 31 247 139 538 199 457 481 238 587 646 850 680 957 803 564 809 488 866 447 825 946 267 773 74 898 889 829 944 621 216 289 161 872 782 52 928 800 702 53 926 873 980 74 442 510 818 317 65 624 1 517 679 174 485 290 390 681 421 255 384 412 845 331 479 264 220 134 667 836 244 657 958 635 666 161 875 851 107 910 266 669 675 823 700 671 799 102 772 802 869 836 805 120 445 238 342 397 597 309 790 292 274 241 322 263 623 572 300 248 186 872 27 83 653 345 311 792 104 331 317 269 177 996 582 71 19 495 676 258 139 305 215 820 241 532 648 840 997 331 931 773 988 860 249 748 444 943 433 315 421 726 796 285 467 535 430 704 539 336 790 989 77 231 930 432 75 29 807 23 813 497 723 954 357 49 295 596 296 798 560 359 343 130 227 912 961 660 969 764 863 944 149 45 729 99 661 976 705 614 76 794 790 961 95 181 973 159 719 779 263 180 881 748 474 961 144 220 550
683 544 35 86 308 367 837 437 293 907 834 670 533 992 398 17 283 265 776 717 521 120 746 13 289 739 819 149 181 701 942 934 302 263 91 499 402 438 61 110 195 515 899 552 795 167 123 576 575 266 183 489 578 219 901 581 784 705 897 852 212 396 744 50 486 66 277 644 337 474 556 254 237 831 567 39 891 172 555 419 608 372 893 479 337 795 857 925 488 316 747 831 93 404 206 271 616 193 672 28 402 180 710 567 844 418 452 536 176 536 875 126 711 585 357 289 217 977 238 340 652 325 956 969 979 385 210 257 59 308 634 428 227 141 817 704 242 525 460 834 375 896 722 434 49 765 597 128 416 255 710 211 210 844 494 571 591 952 464 976 695 401 459 266 995 893 543 384 67 986 260 510 72 251 109 427 636 447 439 772 801 503 444 228 157 660 827 614 753 520 331 9 611 773 299 384 931 372 367 463 55 346 332 258 101 244 655 283 775 156 201 284 138 912 586 880 925 671 355 721 232 312 571 129 437 643 924 269 436 12 913 342 156 43 829 585 291 848 692 650 696 706 209 332 644 965 217 823 664 121 533 624 950 373 76 479 554 67 195 465 860 566 265 549 640 896 858 598 43 460 190 7 47 668 22 978 137 419 673 433 746 548 426 302 802 40 340 38 435 550 879 793 509 814 517 662 383 698 654 390 364 15 958 759 400 854 695 944 358 744 236 59 674 712 750 763 610 698 898 658 364 71 593 584 560 332 582 194 255 84 900 400 359 263 787 160 615 721 57 663 134 705 96 202 490 173 858 850 556 792 53 766 755 438 544 932 260 910 358 126 311 492 452 265 958 973 954 647 456 599 911 487 684 957 437 69 942 650 568 947 210 94 379 74 907 863 988 766 135 249 178 412 568 262 496 229 39 940 989 182 576 974 824 281 244 583 769 355 943 607 409 921 239 27 105 429 129 450 104 773 126 685 884 242 741 342 771 886 910 201 510 600 277 210 802 682 596 296 746 215 304 411 41 25 63 299 975 943 744 901 553 383 534 178 806 588 898 636 239 772 111 725 499 743 99 334 344 227 126 652 972 736 151 197 893 89 788 248 75 688 739 916 789 464 78 643 151 370 245 975 786 79 278 860 976 245 96
574 147 688 118 264 263 649 806 23 964 653 171 320 983 176 469 769 466 329 293 963 464 381 44 302 922 969 218 303 392 533 555 951 347 34 611 655 515 250 431 648 115 163 639 372 880 443 627 147 862 584 879 206 468 838 680 148 608 180 894 852 165 817 681 729 354 836 833 114 137 628 673 39 472 630 660 205 483 397 315 257 83 503 107 98 584 470 729 336 60 550 841 661 826 717 674 445 892 322 400 65 361 613 43 541 467 96 850 847 743 784 627 764 178 777 598 989 202 317 975 902 860 108 161 870 604 714 699 554 737 894 210 437 432 77 670 207 196 728 308 400 618 23 160 647 513 973 108 297 360 332 591 587 913 777 486 548 53 674 856 983 489 45 128 533 249 322 433 615 559 856 658 973 575 534 298 624 942 263 290 172 360 172 512 674 514 676 456 976 728 833 850 277 66 899 556 805 360 853 624 453 897 168 749 782 639 994 712 582 317 677 546 339 677 235 350 750 528 580 815 95 759 275 791 305 225 243 501 294 437 336 867 669 489 827 585 369 324 584 171 842 255 850 996 731 904 247 159 173 622 965 899 517 986 31 208 900 535 933 221 143 721 387 924 413 742 852 760 755 828 94 461 10 826 741 705 342 117 917 669 932 910 791 983 925 99 194 632 639 168 305 496 641 810 254 215 646 35 961 209 599 479 662 275 692 431 55 337 941 252 382 797 121 890 901 276 919 985 543 491 975 612 68 230 625 111 399 944 376 418 672 124 320 961 400 105 627 885 213 294 417 391 30 752 759 904 390 643 166 436 727 243 960 410 138 153 121 367 753 134 586 278 753 491 236 937 425 634 23 505 252 793 590 249 346 441 993 496 319 779 660 760 435 359 558 529 670 381 233 36 580 187 494 597 135 296 372 125 53 268 175 191 836 569 392 128 667 250 237 917 562 995 398 865 357 417 501 559 14 960 192 8 351 67 737 352 171 246 727 703 578 263 918 910 117 306 398 32 677 935 582 106 571 525 284 429 111 823 649 884 657 808 510 229 483 602 573 186 658 552 544 461 212 952 809 702 424 405 633 333 136 393 408 920 415 578 820 551 970 300 350 815 735 141 9 83 973 406 589 711 849 437 250 547 271 724 216
189 571 261 715 668 197 147 161 940 413 345 62 861 35 770 832 953 298 212 122 718 503 600 193 714 875 103 131 854 752 776 743 78 383 756 298 906 206 687 374 256 314 444 652 522 93 271 914 920 669 819 77 265 23 472 89 662 66 659 986 203 683 314 173 196 322 377 828 30 706 279 515 716 422 293 139 779 585 583 101 300 908 854 381 764 223 804 2 698 15 225 271 73 299 398 912 896 735 872 720 482 76 30 470 889 523 222 190 846 821 557 699 850 925 652 367 151 587 517 712 220 583 135 701 248 214 695 324 287 584 258 257 265 372 173 547 540 124 700 563 748 792 10 311 961 963 819 499 389 77 554 952 4 152 748 871 460 97 316 34 807 331 985 874 653 974 156 155 629 999 574 380 757 346 508 859 142 999 220 210 564 953 390 401 217 123 203 20 717 566 834 834 670 592 631 94 85 861 217 981 865 208 942 506 865 935 256 205 36 72 258 114 284 660 159 268 913 317 315 242 326 576 14 249 937 102 189 420 877 944 279 311 293 354 297 578 128 433 403 320 266 901 476 527 408 915 44 903 461 920 711 821 151 838 805 452 5 756 972 457 671 623 877 117 484 924 96 807 958 377 268 331 896 261 330 160 451 550 859 304 519 338 770 482 429 952 380 581 8 297 161 573 779 901 734 893 624 71 98 424 463 423 712 277 766 974 61 784 942 813 87 370 877 834 152 483 180 910 200 982 678 813 924 704 62 499 111 406 459 921 226 369 984 633 655 562 819 484 918 178 652 699 413 422 234 807 645 376 533 857 469 306 225 348 583 41 159 382 800 885 623 819 692 905 8 959 210 893 251 644 595 635 453 774 210 99 55 491 855 699 574 671 203 514 74 506 660 830 495 628 254 614 394 222 393 96 619 708 291 955 266 741 904 934 551 493 248 96 23 90 949 57 381 816 109 363 645 81 17 818 587 980 744 285 840 837 782 609 169 334 260 728 256 743 94 56 554 392 384 783 149 139 80 689 289 539 805 998 87 865 422 153 829 744 211 694 994 855 520 602 218 291 356 713 351 460 498 932 668 837 62 618 695 442 531 332 563 645 886 534 325 496 895 259 647 886 580 5 723 191 987 421 16 252 671 663 431
116 134 941 626 92 81 588 192 483 637 398 803 99 487 42 657 854 378 197 96 546 291 143 178 156 511 104 280 882 328 931 455 295 57 279 719 72 223 903 168 416 15 583 662 728 4 479 163 145 676 679 733 68 963 124 969 500 584 340 556 684 160 531 61 704 929 234 752 642 979 542 414 270 639 595 573 254 306 811 313 799 710 220 141 785 829 825 863 582 569 856 512 78 813 937 291 109 562 304 45 831 123 381 632 563 572 36 185 276 173 251 272 968 345 669 210 628 255 553 871 40 704 214 809 857 775 211 905 913 178 699 588 34 683 131 202 18 210 349 316 354 354 284 286 139 624 574 262 99 851 338 709 38 932 400 408 253 33 422 23 623 330 894 860 750 375 481 758 751 77 714 148 30 662 604 587 896 190 293 910 444 12 276 176 388 45 626 612 507 565 157 265 985 231 127 703 667 58 91 718 324 489 899 23 942 486 737 799 493 715 267 179 75 67 125 712 163 495 277 854 559 443 5 555 559 383 401 298 35 99 212 677 981 777 625 663 124 557 424 825 978 948 332 410 387 799 789 161 264 793 582 516 379 568 631 803 141 99 169 48 359 382 987 947 784 484 466 745 858 132 927 206 366 948 980 260 24 839 865 249 420 367 585 616 759 4 835 252 312 747 651 824 217 139 804 78 492 219 855 525 766 212 602 539 147 722 106 777 152 877 981 283 217 382 259 254 927 370 967 254 117 124 32 421 650 251 956 253 61 171 97 438 402 537 223 101 924 341 384 98 79 494 995 460 149 521 450 119 4 320 709 550 122 260 182 404 185 873 983 338 474 467 247 941 705 515 707 866 887 733 39 610 376 89 764 774 296 487 127 699 578 236 9 642 302 474 917 702 105 474 978 242 363 806 9 615 139 1000 955 332 873 466 321 935 326 904 169 496 752 614 766 827 839 942 198 106 856 877 271 322 605 393 74 253 425 186 301 768 261 335 151 842 536 168 100 377 416 290 110 386 956 144 420 786 61 694 430 457 318 185 295 701 204 890 749 506 194 292 5 728 146 747 255 451 168 152 48 224 800 268 140 862 518 63 838 978 218 107 236 986 769 213 467 852 67 531 521 48 11 94 900 147 528 369 386 488 428
286 557 707 416 200 410 683 413 161 685 921 365 947 783 900 336 352 72 240 590 258 159 497 792 684 708 310 764 64 195 445 867 311 91 12 429 480 662 737 43 919 448 231 467 272 760 78 307 336 352 281 963 679 297 101 5 174 89 294 664 384 445 292 127 217 217 760 782 610 808 922 131 166 296 249 59 189 595 249 745 539 499 248 489 945 683 776 882 122 770 214 132 854 467 786 443 535 541 269 552 935 307 355 684 382 667 208 412 898 109 98 266 838 91 222 356 802 538 909 366 82 937 845 306 846 781 705 490 282 765 56 621 8 379 918 715 842 77 708 455 478 733 681 890 355 265 10 387 720 886 762 194 104 10 651 135 6 771 755 361 632 958 342 618 696 160 407 150 206 301 387 832 644 221 391 437 760 142 945 353 849 455 707 384 891 755 90 439 780 855 370 160 796 411 632 21 99 354 962 838 699 80 68 589 789 418 359 967 817 484 211 812 472 785 336 41 765 373 920 67 814 437 347 587 688 506 589 622 527 885 722 383 542 865 77 402 792 167 801 6 495 614 892 994 386 605 752 248 942 308 657 272 528 581 401 42 329 813 633 316 119 929 489 31 243 275 178 542 268 478 976 171 249 285 95 585 242 141 54 468 326 235 581 880 286 847 190 869 893 401 790 613 954 265 859 931 809 305 642 620 4 818 590 817 501 243 857 103 200 255 592 687 369 163 155 83 890 848 419 15 716 720 871 84 750 721 516 852 331 325 382 931 93 379 43 622 843 172 847 207 769 516 612 382 486 918 327 569 245 837 326 621 58 882 236 416 359 36 889 185 343 974 366 522 986 516 735 806 673 635 766 322 72 227 750 258 981 793 326 795 885 208 793 679 816 519 622 769 451 681 536 919 725 44 470 940 757 637 705 32 188 256 836 831 559 405 185 362 255 631 314 901 547 441 801 307 853 169 790 205 275 199 119 526 623 621 466 309 102 363 74 141 853 61 323 432 197 773 115 308 22 16 447 518 285 665 911 137 794 651 379 439 665 63 466 993 891 904 432 989 127 738 394 460 602 955 295 901 724 357 344 621 77 736 320 319 936 889 855 301 50 210 764 605 316 887 435 81 498 855 576 188 48 835 929 387 252
570 428 165 648 771 438 455 250 459 91 972 685 942 672 400 685 155 241 293 682 218 418 62 510 336 666 331 646 811 125 443 637 532 397 286 536 683 519 60 612 579 882 518 864 417 181 37 974 357 434 189 256 524 455 537 570 212 952 939 503 275 995 740 176 276 781 284 975 530 962 588 38 297 196 34 809 215 598 705 768 957 892 816 481 24 61 189 103 824 397 951 333 489 624 442 428 277 169 784 270 47 883 965 310 771 470 90 852 261 161 189 883 459 827 598 987 272 206 567 844 560 964 705 251 144 377 821 635 840 996 162 655 157 174 726 18 583 594 356 716 40 618 256 524 310 404 780 804 635 6 961 223 39 265 522 769 940 22 332 67 992 304 859 221 384 32 886 947 956 702 712 102 750 265 344 621 802 298 912 717 617 692 4 866 621 200 472 399 784 480 726 549 859 534 622 272 453 45 947 63 681 734 281 410 946 355 295 661 802 265 531 132 915 424 470 685 323 10 274 528 529 758 273 272 993 802 428 961 802 220 176 858 605 960 584 944 535 909 843 869 311 713 591 716 189 879 564 176 143 710 762 143 76 715 645 393 183 527 251 465 867 847 723 557 474 899 881 954 370 967 982 832 327 363 804 259 250 711 405 653 217 334 909 517 901 964 895 329 132 970 576 120 59 576 606 244 264 154 833 50 599 666 801 625 335 288 601 664 988 190 261 800 882 459 814 916 216 593 621 334 945 514 254 520 315 709 618 762 964 957 642 950 463 585 179 540 174 527 202 689 927 386 453 600 251 681 663 955 151 222 329 359 719 444 932 254 270 704 515 31 171 281 999 798 673 614 761 575 620 711 233 888 140 660 671 994 399 377 345 530 934 148 751 915 49 451 751 880 266 274 252 766 131 912 294 926 434 458 122 77 190 135 741 256 962 977 372 416 567 541 667 888 64 49 57 123 69 538 819 416 359 829 900 288 908 171 101 210 612 293 938 306 520 170 5 945 47 220 618 162 154 4 18 952 226 655 816 188 484 604 932 24 711 7 904 391 911 488 348 799 338 489 821 96 864 909 185 292 705 313 443 580 203 613 156 85 109 803 580 251 318 354 253 282 21 902 765 848 379 582 46 16 535 226 865 7 816
810 786 124 134 607 805 470 698 686 860 598 170 752 57 352 760 395 615 13 274 926 7 357 862 186 272 83 238 285 220 247 78 474 165 330 898 466 395 311 201 650 962 428 785 651 833 512 130 124 742 844 629 490 71 453 400 950 559 71 356 268 268 253 286 994 763 370 357 718 116 937 276 944 580 863 682 618 538 486 662 322 566 546 38 309 49 197 126 341 604 266 591 820 388 300 112 671 329 668 846 40 222 438 347 992 519 238 488 115 553 639 146 740 745 115 891 676 928 514 942 564 159 164 211 552 884 320 724 389 533 437 601 812 290 61 132 795 152 419 730 677 614 939 717 685 569 368 982 534 993 986 636 896 46 651 430 676 132 544 701 296 618 105 850 363 612 166 408 1000 824 416 758 376 721 742 459 715 526 173 209 710 979 930 996 638 824 6 793 545 99 711 601 380 873 895 551 601 724 158 332 12 520 207 549 296 732 413 175 717 681 477 945 317 899 176 636 558 620 692 355 115 828 329 755 502 158 624 902 329 934 223 412 592 217 221 846 878 904 579 127 581 917 385 156 279 329 152 705 167 659 312 234 673 797 799 771 279 179 655 232 690 715 786 719 561 158 180 216 52 267 543 267 660 237 121 676 922 617 723 736 612 231 66 267 940 46 109 362 616 637 81 438 978 323 366 27 306 609 698 991 944 661 585 782 659 36 880 699 495 469 490 746 607 551 50 119 853 487 383 59 848 62 828 834 531 925 768 884 19 398 106 773 475 853 577 529 73 254 898 495 157 3 278 530 173 409 71 591 821 512 79 751 888 902 291 543 777 365 642 765 112 150 704 445 929 650 107 532 669 228 502 688 295 143 179 38 601 644 417 590 47 300 944 633 109 533 519 571 108 654 593 968 758 536 615 247 991 399 884 328 702 281 607 315 263 105 514 997 424 703 781 486 123 546 42 573 473 744 238 418 778 344 260 225 710 706 970 882 586 650 157 777 906 428 763 641 191 586 529 600 833 536 821 864 287 587 300 994 476 949 762 440 41 754 902 810 352 807 978 261 918 75 828 597 415 274 663 523 361 485 478 340 949 572 1000 227 292 684 650 331 753 508 353 803 455 714 160 202 569 376 552 784 966 946 97 582 639
731 200 10 768 533 263 511 306 351 971 45 897 648 185 198 355 3 464 767 685 372 695 94 179 746 449 717 549 538 638 72 954 87 597 191 807 617 955 218 457 471 647 480 40 687 836 159 850 767 921 853 425 147 692 670 509 41 73 561 107 379 291 308 174 31 986 863 303 238 851 513 499 613 654 10 808 305 979 856 822 489 862 50 487 792 297 835 598 398 824 336 728 200 29 622 223 882 910 488 216 134 140 269 430 134 503 345 953 922 861 318 199 412 811 186 812 107 722 810 819 779 532 317 536 680 872 23 774 3 203 761 730 3 500 78 987 747 761 540 409 46 166 695 158 121 583 487 886 103 708 242 256 746 988 464 219 787 969 108 69 877 52 824 377 278 742 326 761 735 823 309 549 740 65 225 147 356 531 194 670 681 966 577 356 13 669 711 713 112 331 672 123 346 248 598 53 645 454 23 742 511 298 687 845 389 149 473 641 392 330 612 735 743 266 315 383 46 813 861 732 768 397 872 995 785 49 716 119 541 815 9 628 134 150 414 441 564 553 994 635 555 310 986 75 761 184 509 692 741 952 151 888 339 686 550 771 795 893 448 955 640 859 430 45 439 168 275 655 692 405 154 219 545 192 116 167 616 467 9 762 615 237 823 511 758 837 854 320 542 297 641 456 205 242 602 187 974 768 214 107 372 815 987 86 597 241 73 4 78 726 409 444 524 622 103 498 338 224 784 831 46 347 384 653 907 480 925 792 570 122 589 478 467 30 409 684 772 691 764 529 93 815 345 948 543 378 893 932 948 791 649 601 792 221 7 375 565 444 991 218 189 550 915 913 386 611 912 737 205 956 906 339 486 82 866 196 808 162 776 22 22 110 93 34 986 960 658 247 33 424 884 467 86 113 417 849 699 632 873 977 130 269 860 884 984 833 768 684 207 883 655 841 616 709 84 838 443 335 975 700 31 769 900 155 54 243 906 854 557 222 550 91 926 815 146 861 305 958 390 970 330 652 963 85 421 988 526 7 183 357 894 577 956 717 197 424 616 20 923 274 792 706 996 53 11 80 492 630 288 682 373 629 756 930 125 23 652 878 471 466 993 240 517 657 531 701 914 475 656 649 436 779 737 742 40 78 913
246 133 789 294 52 219 211 119 711 21 573 999 907 771 86 918 428 424 217 5 528 258 599 884 801 409 298 545 817 379 819 386 780 406 386 117 642 291 839 385 627 192 472 5 444 844 254 306 887 543 788 711 850 584 123 582 811 87 586 84 938 954 248 861 200 84 322 136 669 463 859 457 467 299 999 453 861 811 310 883 61 24 808 100 609 913 856 887 844 186 159 108 553 752 184 470 984 274 38 912 56 561 95 395 822 914 904 359 256 36 261 614 842 788 259 380 958 54 969 414 864 241 590 645 946 966 33 572 31 257 687 35 411 659 770 590 524 350 306 725 402 108 282 302 912 621 207 859 562 913 807 854 355 883 175 554 609 893 992 739 875 771 331 200 805 793 174 94 660 505 297 134 999 542 482 137 592 94 944 291 743 451 970 654 491 391 483 836 624 581 907 739 917 991 805 346 571 782 561 95 109 431 462 788 284 577 428 725 325 60 293 153 861 802 276 591 289 501 606 118 205 20 430 154 654 870 35 568 966 352 799 342 492 580 933 439 239 755 503 350 366 779 515 42 337 620 259 910 133 33 212 240 665 152 211 190 378 301 73 585 995 599 533 264 695 111 900 689 540 935 408 530 664 896 945 988 668 824 160 525 530 970 431 122 908 671 782 278 490 586 243 597 101 327 254 60 758 424 726 897 746 267 248 25 484 857 271 741 891 118 51 512 200 149 684 387 524 879 440 827 844 291 707 879 776 943 292 773 53 336 773 767 866 443 445 278 964 550 596 776 651 662 657 276 344 761 174 834 785 478 794 704 587 75 471 726 102 251 694 422 713 661 779 132 341 4 275 605 109 711 88 516 394 723 835 470 508 118 567 366 503 678 124 834 784 945 709 968 633 221 692 287 762 344 339 395 364 607 250 322 860 343 133 213 73 930 490 743 567 914 557 2 778 923 60 122 699 585 523 947 29 184 780 923 149 430 231 896 957 761 573 57 471 128 960 513 553 811 748 546 38 177 78 208 82 365 820 111 804 177 571 783 546 558 364 12 406 455 856 549 503 636 909 151 300 962 164 971 974 219 805 916 82 954 491 88 56 510 182 502 154 89 48 476 564 94 416 984 923 917 905 366 442 623 144 958 699
284 27 595 933 546 61 762 368 388 97 202 91 781 271 340 375 348 270 138 194 989 915 664 883 507 325 376 611 532 263 613 378 513 591 434 191 96 119 66 634 65 539 966 57 489 966 51 157 146 627 546 346 982 840 451 431 136 326 35 410 280 991 238 488 785 746 402 585 299 321 34 346 611 677 667 788 787 679 765 39 153 174 963 530 810 844 451 790 25 744 84 90 766 260 343 700 60 699 926 581 495 713 850 199 128 321 819 441 395 593 613 774 450 510 506 266 557 576 815 918 514 867 7 786 308 449 468 921 753 630 972 43 566 866 706 25 458 233 596 225 486 256 464 78 381 165 766 183 126 956 469 122 743 318 774 174 627 342 866 52 472 238 828 970 91 690 378 892 921 788 818 914 528 236 586 249 514 389 450 542 119 336 369 302 924 55 962 379 278 749 839 51 661 117 917 84 927 834 841 271 400 712 535 570 801 736 743 321 954 136 712 910 61 443 947 706 984 314 568 346 617 401 541 994 703 653 328 649 184 398 71 805 516 526 466 895 374 813 250 531 581 490 442 247 890 276 127 77 879 982 718 988 686 734 87 781 890 198 999 212 767 510 638 587 860 128 210 566 394 501 890 863 511 69 310 605 335 511 928 966 690 841 677 490 878 445 369 194 535 290 153 45 553 578 484 680 576 382 397 10 346 580 405 270 52 305 875 818 947 949 792 834 643 74 731 786 412 447 674 438 355 392 607 236 533 436 121 997 322 513 344 104 458 933 88 577 753 973 247 561 167 400 413 607 427 3 433 697 391 284 728 105 475 447 72 535 96 185 546 699 254 396 295 721 580 555 861 686 30 289 697 937 272 549 598 404 408 804 346 342 118 299 593 14 653 590 295 237 854 179 854 222 625 194 75 641 349 948 320 781 636 12 561 436 458 542 804 950 389 447 681 496 947 878 286 34 641 17 679 518 967 861 413 8 330 99 447 559 119 508 308 508 676 136 754 96 805 66 862 418 141 146 435 175 941 655 335 92 180 266 378 512 417 823 104 50 354 438 992 965 352 49 131 505 594 924 777 717 875 262 76 641 163 939 20 605 161 19 801 98 642 222 688 926 567 315 487 920 843 914 53 846 17 920 505 643 261
44 848 310 125 281 999 137 156 693 439 570 855 607 731 596 873 245 97 555 789 530 515 128 470 295 689 771 514 364 789 374 889 725 370 949 976 720 926 335 493 937 414 694 641 924 978 824 843 225 935 21 649 291 247 268 707 150 20 271 417 354 689 298 83 70 991 793 141 262 490 393 996 410 705 48 848 423 818 301 237 915 380 701 741 206 571 400 539 495 492 776 690 210 960 189 477 236 984 351 566 739 473 371 154 755 437 991 834 874 342 460 50 341 289 120 226 785 874 732 654 226 725 281 196 456 691 677 341 693 561 382 45 288 593 383 922 569 115 432 258 920 292 594 199 213 118 562 233 185 219 330 997 650 712 722 632 368 798 682 688 71 429 889 166 749 73 143 926 329 194 22 981 903 399 50 179 804 774 370 400 223 725 376 507 257 370 297 24 610 342 247 381 887 547 459 574 724 337 298 607 220 441 811 911 913 428 335 264 50 91 360 527 79 36 305 481 805 939 511 525 58 657 437 874 834 469 773 714 378 10 741 323 489 69 866 822 860 299 138 566 970 33 149 850 851 907 833 616 645 272 663 344 116 109 454 286 704 218 749 200 809 64 520 108 421 633 429 915 22 240 125 227 842 907 188 67 127 11 17 670 792 262 778 849 831 119 652 358 739 334 165 634 171 752 41 437 92 654 209 275 121 682 183 95 706 136 725 397 744 782 340 736 385 764 123 659 176 544 629 434 490 315 802 360 215 622 655 298 35 166 700 188 505 784 525 45 172 921 382 673 427 158 186 990 195 310 907 5 596 198 841 394 611 421 229 18 40 692 356 136 678 149 829 569 569 693 353 104 394 618 585 923 136 449 726 540 767 338 85 845 512 873 197 861 767 11 110 142 627 117 394 862 768 885 969 250 265 520 992 228 832 522 561 649 560 506 262 989 668 119 638 823 73 578 803 554 945 125 979 834 350 195 947 50 94 179 604 978 502 442 68 65 92 47 953 583 133 209 224 743 286 913 399 17 735 376 82 157 561 84 999 713 645 100 25 206 161 269 761 728 867 333 31 265 563 654 480 445 520 617 413 341 517 727 392 979 581 665 157 26 447 541 684 478 868 605 78 761 941 179 797 756 1000 375 687 32 847
125 174 917 562 181 487 127 922 628 712 233 358 91 671 763 567 905 493 369 579 848 535 513 84 738 815 929 415 243 76 479 800 632 248 905 13 603 83 745 713 18 517 311 825 493 883 403 32 244 112 358 103 524 260 624 992 24 782 723 218 562 597 960 72 731 282 402 480 853 725 52 934 96 388 153 114 926 202 176 25 823 960 739 209 16 438 659 203 391 932 546 599 145 159 196 348 432 19 720 785 489 67 906 624 214 140 150 667 569 114 320 311 562 996 730 827 99 707 373 613 649 951 623 549 16 850 382 492 861 328 239 161 170 298 412 941 574 39 551 927 537 124 150 829 810 633 920 611 216 888 948 969 201 744 913 807 291 903 691 245 616 577 612 353 857 987 31 213 727 746 630 471 339 6 750 991 506 726 98 42 491 594 889 766 76 972 373 874 598 226 366 471 695 211 736 963 421 864 468 907 948 980 133 722 106 945 125 384 7 957 135 626 596 795 310 537 741 802 363 565 801 763 900 15 573 187 905 236 313 944 201 915 113 455 907 338 945 116 244 307 398 929 72 784 2 873 129 665 96 877 157 293 178 301 570 127 600 256 827 90 862 727 877 553 179 880 409 394 805 787 15 114 851 297 420 695 608 316 756 788 813 841 179 48 190 602 600 25 948 23 613 995 890 205 423 324 460 131 710 255 163 840 848 961 302 516 168 667 271 967 96 188 187 776 567 910 798 971 172 313 950 730 746 463 88 586 869 771 588 590 674 831 151 106 379 227 680 464 564 701 165 389 575 577 596 644 114 37 75 903 126 264 896 485 156 90 814 221 574 952 70 243 716 778 222 831 779 384 826 933 576 682 356 531 987 501 146 267 622 847 280 268 564 759 517 955 312 243 69 155 256 363 36 78 198 778 450 435 154 267 894 373 613 839 129 188 853 618 489 384 844 377 702 171 631 334 597 414 766 252 687 371 786 513 367 453 111 348 715 192 830 854 542 307 522 44 565 972 911 252 559 234 300 280 726 277 391 509 103 489 997 19 56 836 756 998 103 493 333 30 323 607 257 710 9 978 496 197 600 932 202 759 921 742 476 203 518 550 79 426 83 520 633 798 618 430 799 301 760 994 828 773 100 145 165 632 483
820 660 421 964 679 994 6 206 129 633 881 516 636 516 394 681 224 77 906 281 994 504 103 709 516 500 868 526 646 848 821 703 722 563 342 666 695 439 224 146 3 709 898 31 472 851 491 297 663 350 950 256 198 419 219 337 145 459 363 204 145 15 314 477 792 567 816 142 792 116 191 988 232 60 296 179 242 834 504 842 380 550 269 227 269 993 795 536 113 372 556 405 180 553 422 184 138 875 896 87 884 205 33 719 744 996 109 876 117 298 971 640 403 944 826 171 469 872 304 186 68 530 90 651 357 965 939 485 421 258 976 955 588 775 405 581 329 530 589 141 131 951 859 688 38 165 271 214 281 924 279 480 799 917 764 583 767 578 740 138 295 362 369 577 418 237 178 456 324 786 146 871 314 894 160 305 8 742 527 154 336 291 752 653 236 449 493 686 459 255 844 927 142 987 621 268 366 455 325 695 410 670 477 894 109 498 797 435 636 364 854 574 296 160 147 620 221 294 179 876 25 429 724 206 619 410 207 540 787 896 912 862 175 447 757 190 859 136 13 59 977 24 390 239 792 786 693 286 330 725 616 684 633 511 215 426 479 441 598 999 795 513 28 367 566 235 394 929 925 535 500 811 881 504 720 184 183 449 549 486 455 932 775 248 87 807 671 726 341 359 532 384 226 928 57 570 829 204 285 553 962 262 730 620 574 688 273 609 587 807 773 645 108 918 187 563 428 902 941 447 338 92 773 576 100 186 954 280 192 188 293 60 32 47 416 91 898 247 924 373 12 464 49 555 584 422 341 598 527 429 145 449 312 951 603 392 995 823 909 774 400 749 131 344 461 807 123 471 123 489 953 783 988 180 633 221 95 269 492 645 439 517 936 659 748 712 960 893 757 541 813 854 741 709 420 736 112 159 149 503 173 80 362 661 876 125 374 164 504 755 774 151 590 603 199 846 589 472 369 140 96 90 86 102 653 594 786 417 708 795 670 734 952 116 930 95 348 307 833 20 113 430 948 350 970 565 416 186 69 970 296 829 447 782 634 622 840 397 354 295 651 445 77 794 280 569 896 436 199 929 563 502 682 691 116 31 831 277 244 396 216 918 633 248 530 847 8 602 168 756 901 491 684 260 607 557 100
450 793 536 890 378 278 71 378 224 692 307 740 95 943 225 287 403 210 399 294 52 510 696 224 124 849 138 771 212 348 663 816 602 361 465 434 392 306 505 990 983 855 401 935 314 619 332 117 517 662 31 41 355 25 710 460 346 12 57 824 677 958 967 489 299 692 148 930 830 752 931 958 467 371 439 3 153 193 44 483 135 186 529 8 266 731 482 164 275 380 329 298 848 74 147 701 204 97 332 41 229 256 851 617 249 93 684 277 456 317 415 222 802 944 313 346 803 791 622 861 980 87 60 505 146 248 895 578 267 371 205 935 280 600 447 908 557 625 583 774 185 607 234 270 113 423 921 923 133 42 660 497 552 523 370 816 101 860 683 253 806 388 680 83 912 348 161 8 334 62 855 938 366 178 231 245 903 906 516 663 858 347 575 377 746 702 503 695 984 741 472 649 453 673 996 863 807 397 352 937 560 449 507 193 171 59 577 993 938 831 195 465 803 513 116 235 385 120 443 680 531 131 651 680 580 166 871 29 591 955 618 686 406 67 446 119 802 746 432 935 227 733 402 369 588 930 421 958 733 685 877 649 239 769 821 77 235 109 448 841 902 576 835 417 548 828 157 402 734 267 467 137 357 160 83 563 944 66 162 739 889 71 360 112 707 91 382 303 186 699 616 748 339 351 866 128 645 325 214 543 845 446 453 906 649 343 833 198 469 851 899 402 245 813 482 267 417 365 984 106 353 702 350 824 999 290 923 853 292 313 886 449 666 994 574 957 486 861 865 995 981 412 640 241 684 909 117 991 450 608 445 640 402 228 467 488 75 7 492 181 67 576 412 746 440 254 840 295 728 908 587 413 571 609 50 165 210 809 187 633 797 952 422 884 27 845 157 125 457 872 806 128 34 65 342 109 971 965 911 203 64 11 995 807 528 164 787 502 568 169 256 617 363 108 447 723 498 699 428 702 41 99 500 795 569 6 942 958 287 383 240 612 313 147 603 577 981 435 935 637 436 592 103 877 101 699 539 730 237 44 655 811 618 73 475 632 153 111 451 349 724 510 829 665 705 116 631 504 526 779 569 371 703 457 831 182 570 408 449 933 782 379 74 682 120 985 371 326 638 360 679 380 712 167 450 465 562
722 114 554 965 749 412 214 292 655 34 135 179 15 77 934 171 277 609 393 315 162 445 301 562 300 850 288 377 271 266 884 8 971 934 259 275 540 691 343 616 309 385 610 796 531 880 501 117 340 26 368 862 92 618 467 269 298 907 878 823 642 656 269 968 266 653 795 178 360 114 113 885 371 588 392 367 964 795 369 930 999 114 899 388 22 723 501 385 24 701 150 119 637 107 28 951 791 898 163 159 63 952 666 71 923 848 890 591 73 456 637 390 912 661 568 639 578 620 159 555 6 285 807 471 519 41 99 857 605 699 266 216 923 698 500 393 297 641 380 283 571 461 945 764 315 23 877 392 344 311 358 638 4 494 542 596 625 345 420 661 971 222 335 597 778 251 202 580 328 215 426 719 670 4 555 815 637 487 796 702 523 991 103 266 375 112 292 688 218 709 86 510 757 473 516 382 233 727 439 968 246 173 502 593 950 755 209 353 267 240 49 633 467 223 155 569 67 582 889 56 823 886 877 714 168 803 770 648 86 219 412 615 177 162 404 839 858 753 533 928 797 493 545 746 930 230 935 184 290 376 665 918 433 273 836 582 350 199 407 434 651 489 370 157 706 180 12 696 118 216 16 553 735 882 322 391 639 176 535 516 475 297 424 984 558 695 620 737 809 347 359 454 756 616 674 343 903 454 75 535 860 426 433 971 35 526 889 846 512 619 533 264 528 358 535 284 101 889 787 885 223 55 75 474 592 796 265 796 179 886 688 760 994 798 454 756 296 456 341 194 315 798 652 899 773 89 270 327 538 604 620 259 64 736 796 641 477 51 510 299 154 375 628 274 575 387 188 200 610 144 956 530 943 273 201 484 546 545 302 128 310 531 44 225 988 504 725 484 743 510 105 744 300 191 108 97 258 490 880 614 542 835 924 439 869 835 648 821 760 464 120 824 125 495 571 137 561 469 236 601 634 877 83 479 297 714 928 976 474 854 482 105 122 791 439 365 46 457 650 916 891 894 249 755 971 42 395 607 994 600 177 14 626 911 119 259 840 566 486 347 366 787 534 454 483 592 694 960 530 102 443 793 807 631 713 803 955 623 278 686 471 755 400 787 838 584 915 49 663 870 676 217 686 20 157 574 420
317 757 413 63 84 388 860 512 472 731 596 871 705 498 3 150 13 865 188 302 590 891 353 508 775 583 89 419 592 840 709 479 51 965 142 435 659 726 821 403 754 253 273 484 547 594 446 159 525 666 132 267 765 126 88 438 362 159 914 158 200 424 118 886 279 122 393 94 707 682 23 754 283 450 513 581 121 582 665 733 338 355 616 492 260 425 688 495 769 960 259 604 706 51 63 254 498 806 891 458 861 250 410 420 875 549 875 59 422 115 13 414 130 697 75 658 77 543 288 6 272 45 669 933 448 368 462 372 446 540 505 155 879 702 695 643 213 182 817 10 205 253 275 685 63 854 582 976 531 598 402 447 872 590 742 485 940 6 890 336 849 610 209 635 962 995 343 606 522 67 815 383 99 430 153 848 783 550 858 70 139 776 627 384 667 636 152 833 588 149 667 648 526 539 32 39 800 732 528 271 166 737 362 619 584 108 462 326 708 617 209 408 540 624 937 447 24 298 639 791 37 202 635 458 514 965 94 927 842 411 329 259 960 799 642 800 11 129 217 858 421 471 238 381 215 689 178 24 584 342 152 198 21 506 977 125 895 128 579 359 940 862 669 205 838 233 482 783 113 741 891 96 216 702 435 871 519 960 503 785 498 78 641 578 666 231 191 558 825 562 469 501 787 662 994 39 228 232 859 37 752 851 814 528 854 821 330 576 933 67 828 624 485 2 219 196 383 282 48 182 846 991 593 904 322 669 242 331 986 794 246 946 781 985 522 936 400 144 999 167 691 578 532 695 166 727 901 223 577 947 127 276 81 964 201 447 917 200 732 98 488 127 347 412 263 900 978 961 71 814 553 171 633 358 305 789 175 759 474 822 364 531 578 647 158 476 366 966 726 527 476 574 781 635 343 504 614 675 91 562 335 802 303 780 929 248 376 287 628 370 113 266 297 727 986 842 826 137 358 26 104 391 763 417 595 642 103 746 678 294 470 855 199 745 798 940 177 447 107 624 686 318 305 183 436 552 85 697 854 926 621 270 720 755 93 254 164 893 992 546 912 672 472 951 286 877 307 576 565 690 597 389 471 22 677 687 648 181 178 826 747 172 251 814 217 461 457 474 286 591 772 54 540 461 407 707 300
460 398 861 45 787 116 265 387 700 374 208 432 647 78 771 495 340 529 429 333 978 80 385 888 59 980 424 911 638 864 648 457 993 976 703 907 55 921 966 137 448 17 437 359 209 489 962 687 663 72 350 965 710 349 294 216 388 593 143 691 444 264 198 660 30 209 199 246 19 936 542 350 202 944 749 977 482 939 40 303 12 88 285 646 832 97 764 911 107 379 962 680 70 136 784 69 454 175 769 465 886 292 448 701 782 166 224 428 722 931 166 578 842 147 320 730 391 769 199 222 242 579 909 184 281 435 658 193 62 487 487 407 592 655 882 948 822 341 700 497 375 870 781 526 561 457 482 929 576 541 958 904 927 539 996 552 405 481 414 758 428 225 65 668 132 416 493 336 325 896 41 439 771 497 902 355 985 617 493 244 666 967 478 21 201 586 200 486 768 534 903 555 473 81 925 956 333 176 806 385 309 742 57 634 624 921 552 56 979 830 974 234 397 597 961 502 558 569 388 971 42 413 476 797 465 996 422 840 487 142 747 30 664 160 614 589 832 85 908 196 171 448 410 823 995 846 496 729 759 394 66 946 869 163 28 175 942 233 169 505 492 896 699 741 238 460 255 697 183 570 506 546 787 608 736 988 801 762 446 14 809 657 358 107 450 720 656 796 675 237 365 145 908 649 141 48 313 117 108 366 801 444 924 242 325 23 395 398 611 628 492 962 609 731 241 791 351 215 16 441 250 249 99 357 945 146 20 15 344 98 269 970 352 473 753 500 110 883 758 858 240 78 464 955 140 285 22 973 428 623 918 632 697 811 376 234 10 216 273 36 542 597 213 431 829 887 282 887 652 844 523 891 983 794 738 103 538 704 273 539 190 356 356 262 465 879 188 523 888 182 224 644 246 866 462 803 113 737 282 519 881 636 419 231 47 176 640 8 42 965 307 617 285 766 634 148 830 275 224 102 519 574 879 46 212 718 413 1000 1000 768 995 998 562 325 510 751 966 910 759 450 830 96 477 169 575 556 494 906 587 521 173 393 133 76 492 339 964 732 467 855 349 416 893 990 301 250 977 683 425 437 615 335 287 171 498 253 868 784 954 871 618 297 711 504 208 676 159 848 273 886 327 872 13 876 324 320 680
550 263 847 673 924 455 581 341 760 234 942 424 82 725 727 266 48 870 701 260 179 164 633 724 994 444 897 93 544 219 884 485 942 243 261 144 996 840 206 587 775 892 432 626 613 167 689 36 549 55 926 442 231 1 174 932 329 12 137 224 875 903 938 261 141 692 128 886 643 164 490 307 850 30 619 199 789 694 426 167 408 659 153 264 252 665 672 446 73 905 202 237 942 992 242 900 156 737 415 213 494 155 757 47 966 658 120 254 618 798 932 602 930 329 738 565 900 517 759 39 61 89 721 526 67 675 928 682 747 610 361 936 944 506 414 336 139 359 960 725 383 946 566 727 959 392 603 389 949 533 257 816 905 861 390 266 314 760 58 441 221 302 226 54 185 918 924 877 147 391 890 153 403 650 547 117 713 435 121 922 421 402 618 145 550 348 218 692 502 757 947 60 282 9 266 562 2 867 735 510 827 919 608 975 375 480 736 269 831 66 476 500 388 879 708 436 362 806 466 625 331 147 976 803 700 780 690 308 590 767 846 183 354 187 569 714 587 38 101 696 21 202 554 59 218 923 12 532 644 199 466 333 823 52 621 943 302 767 783 310 925 835 175 521 288 585 984 451 139 957 816 19 242 111 164 231 942 148 986 947 706 467 275 897 571 992 715 406 655 130 456 804 594 483 22 374 996 283 212 169 776 882 792 712 413 709 733 987 350 528 753 256 310 335 374 600 24 406 644 626 71 71 905 469 10 370 65 164 71 140 71 902 372 623 768 689 433 297 109 319 212 982 447 530 282 940 174 829 996 165 979 460 885 899 861 803 515 702 513 426 270 61 29 952 662 600 15 782 546 850 139 175 109 131 46 217 519 637 34 377 818 428 331 134 129 604 459 883 734 882 146 831 35 357 701 870 45 205 343 541 112 433 912 275 296 424 642 539 983 499 645 953 838 94 205 673 679 593 497 132 889 613 536 807 614 754 297 800 769 778 181 487 605 225 412 418 776 189 912 425 27 764 815 414 940 246 760 24 132 595 228 14 665 925 386 966 870 241 488 976 579 972 815 242 363 502 417 944 541 986 984 130 553 947 291 206 383 189 448 89 990 608 728 178 643 884 82 597 427 597 102 198 77 378 102 476 188
961 261 737 741 675 381 895 613 760 360 706 986 822 937 286 711 229 259 90 400 125 504 425 520 378 888 734 449 592 59 678 881 25 103 176 80 372 36 538 432 114 964 813 985 905 113 872 784 401 822 604 181 924 682 305 159 857 980 511 374 134 849 707 939 651 748 410 139 94 799 870 830 953 519 642 597 210 717 493 395 303 691 69 933 873 383 376 260 852 58 286 866 252 57 687 968 29 1000 68 36 57 289 364 720 395 366 805 729 748 387 8 909 28 831 321 147 72 334 73 430 817 713 584 993 498 676 159 588 46 628 422 464 882 818 423 17 75 572 345 822 900 221 146 422 1000 613 25 835 630 162 960 427 851 58 420 4 504 6 465 138 686 848 118 78 194 296 470 395 294 662 176 79 491 46 922 783 147 5 514 116 561 333 130 23 520 169 263 984 304 911 8 497 456 435 702 525 136 534 361 309 870 712 954 938 962 310 948 458 961 847 651 638 734 817 942 78 836 507 914 770 962 484 47 862 695 485 830 136 472 624 543 528 216 217 650 221 949 819 61 998 985 265 798 853 640 368 588 192 83 575 760 859 501 987 68 886 509 197 201 393 950 425 548 188 417 597 590 795 407 606 298 163 614 68 269 486 305 270 14 81 908 990 562 118 213 196 94 530 361 311 321 449 894 752 219 692 112 295 993 848 114 572 469 557 214 539 299 897 597 462 937 98 363 775 837 237 447 3 236 700 949 450 530 402 959 990 223 450 361 200 89 422 751 557 776 756 43 686 584 237 631 928 28 843 777 654 761 300 72 656 309 580 956 755 853 949 148 810 836 392 345 974 318 68 387 770 966 312 132 4 926 426 47 986 298 867 670 224 372 568 252 814 908 980 869 67 735 540 117 638 912 587 747 573 508 488 83 514 344 960 410 791 28 727 486 919 468 537 470 650 922 552 359 362 565 767 673 627 618 63 296 939 875 610 413 521 781 483 161 318 294 380 445 247 317 843 225 25 160 419 848 197 3 579 931 496 914 72 808 24 137 805 44 366 486 462 819 849 202 980 328 709 579 868 841 455 417 567 356 686 410 826 876 636 79 546 688 32 361 457 679 682 430 878 566 980 943 356 978 685 658 64 328 823 253 731 621
843 149 887 791 818 21 207 539 869 180 130 436 491 854 562 823 788 389 796 485 912 617 644 404 77 351 977 2 34 995 871 291 629 602 64 230 745 174 202 948 600 406 990 206 794 339 993 930 306 260 697 985 462 343 330 516 511 654 511 664 190 715 461 119 963 513 398 59 432 128 707 425 351 59 171 464 274 593 73 578 38 713 807 198 936 230 821 453 969 542 356 451 815 555 312 589 806 370 389 718 811 420 526 587 7 272 317 841 677 331 420 632 21 17 28 437 594 543 467 996 937 90 401 961 112 421 644 469 83 984 648 529 64 81 608 756 801 355 888 108 625 744 970 180 811 30 638 627 379 458 30 997 848 158 97 899 547 484 651 33 228 402 934 877 212 511 898 689 461 671 382 444 33 265 349 888 969 696 61 226 490 79 263 407 222 374 906 156 978 67 357 968 512 496 76 62 90 66 157 582 798 807 359 872 646 377 39 315 901 131 62 757 128 504 191 106 241 188 1000 681 153 293 353 256 306 635 983 682 606 405 96 562 826 176 512 409 105 317 453 218 934 377 439 11 243 829 90 281 645 485 987 132 912 930 525 248 645 711 901 366 215 812 179 2 541 667 30 959 460 486 869 782 496 371 396 365 872 688 355 98 892 329 545 139 675 757 531 871 441 698 373 504 844 930 525 53 383 606 778 123 406 331 854 73 602 51 891 587 497 913 309 823 265 537 18 589 813 414 347 253 391 239 239 627 699 912 826 56 810 634 650 470 713 994 505 520 529 448 348 797 257 487 352 38 915 753 446 839 905 477 281 920 43 388 3 278 331 878 657 46 619 297 465 659 494 337 837 543 611 960 76 658 723 267 746 861 647 852 531 164 440 201 526 178 100 596 583 195 911 411 596 47 637 839 75 232 220 395 940 100 378 979 243 418 677 75 644 551 461 329 828 121 831 99 161 362 521 884 151 988 556 912 216 329 592 725 253 865 255 66 706 356 971 377 641 386 210 364 698 297 748 748 745 705 445 336 129 244 623 232 577 395 996 823 190 14 103 772 343 440 490 751 323 616 912 745 129 629 533 178 840 890 120 136 512 253 112 329 426 955 826 846 664 145 685 717 177 113 621 989 14 505 764 264 750 351 587
295 273 901 33 306 421 938 508 366 690 688 474 797 347 160 676 109 111 15 367 499 48 170 860 860 329 426 813 924 890 657 191 591 894 628 684 356 976 791 643 403 447 36 701 628 315 117 466 450 299 953 101 444 132 844 910 277 522 429 662 138 772 802 95 80 92 97 971 933 833 666 170 41 843 903 202 376 214 867 644 788 340 383 224 432 427 540 23 378 866 122 718 337 912 55 233 907 933 519 402 457 884 111 705 712 711 749 650 159 193 408 696 84 234 563 638 599 463 3 176 939 206 921 190 445 32 760 897 181 435 746 977 381 428 856 968 849 653 363 112 78 212 614 311 267 748 129 996 797 770 461 167 642 394 295 859 451 805 614 539 553 701 700 660 458 899 599 821 602 494 292 253 170 607 813 845 993 744 328 477 342 548 273 28 280 92 300 326 678 155 681 691 142 311 587 377 625 133 806 9 834 688 250 748 661 98 522 650 136 207 242 519 954 705 300 681 162 746 615 149 494 857 468 756 335 440 948 701 93 67 597 469 761 116 794 505 923 907 305 608 158 260 143 60 738 210 287 190 51 458 808 840 821 142 803 982 740 302 185 723 756 920 139 953 898 404 297 688 325 488 21 80 369 585 87 769 153 290 412 643 697 124 701 967 549 648 337 1 407 739 473 168 997 257 49 506 206 804 340 253 144 963 165 860 151 190 817 866 628 38 28 57 5 765 231 677 732 17 243 860 732 492 234 366 526 168 499 794 458 857 281 999 676 203 442 744 731 948 915 510 52 791 812 542 859 34 327 870 808 39 648 985 709 915 13 640 453 103 393 479 354 860 384 820 614 36 616 440 290 891 46 739 770 222 224 502 527 903 278 178 759 583 177 486 380 761 516 18 137 86 369 728 751 803 960 904 429 32 591 775 815 85 597 154 985 933 742 936 874 529 656 839 976 441 140 559 341 90 280 891 721 149 51 503 225 209 829 36 486 939 555 649 250 60 866 67 593 492 706 675 263 372 491 626 195 886 360 798 392 591 542 913 309 624 851 105 698 225 215 645 701 143 367 979 400 265 46 399 994 265 158 696 733 754 757 151 713 277 429 65 452 669 756 214 61 120 614 93 588 650 653 240 947 851 946 990 820
167 698 673 300 543 767 899 739 246 557 917 770 298 410 177 566 698 750 295 671 423 273 413 817 695 948 919 951 53 877 389 858 990 860 1000 948 468 683 992 924 72 235 699 343 289 508 624 204 802 620 215 955 848 920 395 169 954 990 907 12 520 543 604 987 115 717 566 409 187 567 284 538 144 909 529 660 9 705 864 154 226 98 222 896 982 182 528 453 962 366 53 58 624 662 186 987 156 91 658 734 503 680 700 434 196 461 406 401 537 683 726 25 872 360 981 354 77 571 651 436 985 265 486 518 17 12 188 350 812 89 724 546 427 296 328 935 802 777 869 813 900 331 10 631 248 824 171 687 412 877 378 124 683 653 701 523 696 989 305 965 284 706 595 224 14 857 206 835 547 848 31 365 841 400 950 798 590 824 63 741 6 343 63 264 769 387 14 378 582 615 413 187 316 776 993 121 755 717 604 578 751 369 280 719 883 448 600 245 126 546 37 194 247 920 583 100 935 577 811 689 901 626 813 142 8 861 765 244 259 823 749 390 149 857 82 756 467 29 69 269 758 307 748 829 448 15 877 760 345 144 826 82 512 560 877 391 892 418 603 800 333 388 843 946 477 804 681 31 883 646 404 975 684 545 247 404 478 47 786 593 225 346 399 967 432 491 655 113 884 994 509 569 327 459 257 316 177 7 92 603 955 903 271 887 841 856 548 826 918 959 631 380 949 240 275 76 771 34 735 727 846 419 324 790 215 275 307 175 820 118 27 872 793 785 193 351 338 491 880 318 906 869 519 301 60 347 821 33 936 981 906 365 110 158 857 954 150 912 194 405 446 481 959 675 906 84 505 589 499 292 439 434 151 288 944 205 812 653 663 478 728 956 882 631 703 770 948 808 306 23 138 127 307 812 921 491 72 406 867 544 410 342 700 819 370 301 328 102 787 953 865 111 256 550 540 887 306 553 555 637 588 176 593 260 123 54 586 663 906 993 38 668 71 498 682 9 137 252 656 610 894 12 694 513 557 353 468 506 22 741 149 837 565 208 541 108 149 333 682 960 661 764 603 473 281 23 190 68 85 566 612 372 803 353 873 789 509 514 171 548 646 669 881 544 772 264 906 401 350 649 859 328 792 46 434 316 747
520 681 932 92 407 291 701 62 298 498 211 451 779 147 312 353 855 56 689 125 556 326 194 114 829 172 994 116 192 339 950 240 749 847 57 890 453 870 281 283 64 175 991 218 377 395 585 624 81 626 268 131 81 329 180 766 574 308 294 382 732 122 824 563 981 460 166 154 960 42 601 136 430 455 154 584 570 980 402 695 871 942 985 437 786 435 958 955 126 505 769 639 704 743 389 73 201 825 896 248 708 534 215 225 475 170 619 835 85 508 480 841 329 409 703 576 742 79 987 177 287 733 91 807 684 370 992 921 360 247 773 570 991 258 218 215 460 824 977 425 753 7 913 941 61 757 164 673 533 996 865 946 36 342 934 96 525 132 733 996 462 251 496 754 27 785 362 871 749 819 779 33 642 93 597 793 43 695 380 718 518 119 408 628 838 301 862 550 71 629 410 99 694 137 466 726 664 561 271 431 603 342 916 125 598 903 573 424 988 53 295 568 921 743 323 637 611 464 80 632 778 327 123 701 234 508 934 95 70 64 732 594 340 878 221 278 207 941 16 391 65 9 564 639 511 543 182 403 539 751 73 201 490 880 675 559 773 100 59 560 828 71 986 332 616 882 762 260 246 862 569 444 506 658 848 17 65 297 357 552 434 295 267 543 982 273 16 873 250 253 136 437 362 32 645 923 639 222 500 347 128 612 825 670 164 16 40 695 8 886 237 655 89 444 347 785 85 785 967 858 431 896 770 495 934 919 35 890 70 959 647 788 891 611 67 268 681 789 192 321 825 696 288 252 965 566 140 474 212 222 234 678 672 303 135 588 42 705 770 906 978 592 497 882 517 548 922 433 143 271 165 60 399 22 668 686 823 101 484 797 624 595 991 613 108 620 869 570 879 941 705 221 888 592 867 8 587 556 472 496 575 158 422 105 575 955 536 135 514 173 634 533 327 534 651 655 719 263 542 14 229 250 524 884 979 879 712 894 619 732 926 815 378 460 234 294 123 377 23 672 434 717 715 788 816 390 460 393 891 974 45 525 842 255 231 259 697 418 524 57 413 374 909 892 998 707 597 678 229 609 1 106 872 885 253 377 749 682 674 615 632 68 618 154 519 415 67 382 326 927 29 651 344 139 332 336 691
132 263 645 550 137 173 607 152 144 318 398 670 738 751 23 96 305 128 479 736 914 571 373 523 616 304 988 804 115 86 597 534 617 605 311 750 946 292 425 448 642 345 97 370 503 492 848 139 377 921 663 387 356 406 740 66 665 440 484 803 694 384 157 331 683 817 395 588 685 184 727 381 197 78 893 633 14 923 309 636 926 476 674 284 944 829 931 989 764 585 244 917 14 504 58 888 300 489 879 919 713 252 567 816 117 719 5 238 68 58 312 11 612 93 283 303 163 856 958 854 20 518 580 290 124 636 34 164 257 974 69 294 373 396 639 336 673 311 54 51 627 108 270 83 704 41 746 95 249 889 52 525 958 226 557 436 533 596 770 468 841 945 296 647 990 830 229 316 311 436 67 466 133 39 567 759 19 144 215 900 640 281 615 929 103 478 9 297 420 950 179 512 48 412 228 288 208 345 429 31 656 562 288 682 830 207 87 833 843 855 867 222 395 23 245 852 857 606 432 804 434 473 687 597 586 59 539 218 836 3 944 788 318 757 690 111 711 623 190 412 353 538 120 913 966 969 329 721 931 815 415 868 270 660 604 857 658 771 771 448 397 80 611 922 852 858 179 463 405 16 816 123 338 116 80 204 563 763 836 415 12 641 218 395 903 629 850 334 148 751 576 507 321 513 62 124 559 265 47 196 985 895 401 478 495 579 602 128 403 409 802 230 511 161 779 446 911 29 575 788 569 648 381 868 817 692 799 259 639 77 894 478 273 37 149 224 726 852 402 49 758 319 152 476 441 709 827 918 486 988 645 674 677 26 213 7 361 89 871 611 827 402 988 791 179 122 513 463 163 883 275 868 792 897 187 359 196 86 87 800 796 585 687 706 233 734 317 994 370 250 476 102 379 442 476 559 161 108 284 436 986 559 88 757 863 754 665 855 68 216 135 258 337 205 468 434 977 928 675 607 792 339 665 475 448 258 813 471 362 192 214 154 224 435 780 702 311 893 659 501 861 845 175 306 75 865 883 549 447 718 774 886 901 328 562 216 553 296 407 656 243 263 584 124 790 134 885 209 387 214 813 493 735 677 197 152 47 363 62 373 635 835 181 321 221 458 552 643 284 782 714 283 934 703 276 302 910
395 398 41 417 165 814 239 405 352 836 924 881 547 574 714 844 77 391 969 256 74 600 45 789 545 102 637 129 467 704 622 963 269 739 698 29 490 879 53 317 985 308 133 525 243 452 81 142 274 705 596 484 792 9 426 9 373 112 276 923 427 783 286 575 439 516 986 93 285 662 664 103 904 348 100 354 924 687 824 268 968 893 800 558 349 361 46 574 658 319 224 942 855 730 787 198 204 35 415 863 184 319 721 140 285 540 859 563 658 577 622 29 732 24 926 2 676 227 23 715 713 626 391 189 660 494 262 390 595 159 788 775 49 635 598 233 781 635 499 820 778 115 977 599 997 460 122 959 943 878 60 171 486 134 83 361 380 923 787 464 916 244 801 798 764 364 42 750 937 879 436 30 341 269 961 375 306 771 931 334 767 330 475 106 357 587 464 761 366 478 956 491 772 804 425 180 386 394 47 309 130 274 790 599 506 180 370 247 716 739 463 908 491 521 310 608 870 213 565 640 649 676 142 674 547 845 484 459 793 646 503 165 715 894 272 746 618 944 9 293 1 41 707 934 845 957 757 31 553 941 371 975 369 900 168 857 570 130 404 117 944 702 355 64 480 449 780 98 173 318 142 874 253 54 92 489 170 232 934 368 372 717 131 769 286 372 499 71 804 62 462 279 450 149 988 592 193 552 621 470 537 509 347 395 604 333 100 203 555 165 214 625 471 848 888 884 733 731 404 928 358 778 990 554 683 786 767 547 401 497 641 47 816 992 728 73 736 860 535 67 380 767 523 732 157 167 66 339 488 128 11 508 371 177 58 90 875 927 263 879 212 551 959 861 491 923 589 901 729 879 830 842 453 823 250 833 410 171 410 191 963 916 982 245 352 508 700 664 54 738 349 56 947 883 42 396 434 441 123 220 603 822 94 379 845 864 642 692 136 746 407 429 227 243 422 166 632 887 578 834 894 830 759 427 625 471 268 360 924 494 120 440 986 572 107 262 9 873 120 501 535 498 741 468 539 363 566 388 201 898 768 481 62 179 150 351 540 954 913 197 29 346 193 946 124 29 650 514 727 628 954 904 507 942 37 488 115 765 560 554 88 385 406 442 450 765 674 78 113 241 40 967 902 974 216 26 688
564 102 278 333 602 395 216 961 728 772 804 124 662 464 43 51 219 699 612 815 16 968 212 78 425 657 510 699 659 460 520 508 352 264 549 3 831 773 737 644 710 210 894 183 31 828 278 981 406 184 912 664 543 545 108 323 21 971 872 699 229 414 694 185 119 805 428 770 264 579 847 561 123 508 993 709 307 951 730 992 296 323 514 745 850 899 57 450 498 32 397 535 431 428 155 885 437 136 109 986 731 772 52 141 889 68 745 369 350 146 290 931 711 783 111 383 601 49 958 845 753 820 862 699 411 22 74 589 117 924 426 764 418 525 470 470 281 637 824 462 147 920 707 497 359 840 385 847 602 866 638 540 877 51 397 911 406 927 871 418 344 645 998 844 690 273 894 879 288 932 273 203 937 210 399 870 112 945 201 503 580 747 757 358 155 619 572 249 577 352 66 820 139 562 950 137 231 305 300 7 145 358 389 451 868 878 175 337 544 839 770 232 106 652 778 221 303 638 795 103 760 50 952 360 842 417 942 913 861 218 656 233 847 28 854 501 129 506 595 928 915 365 835 437 237 759 902 119 974 572 583 879 453 776 817 735 959 420 885 841 775 841 641 535 251 765 279 75 687 270 764 789 605 334 878 144 65 944 525 13 529 609 910 572 194 840 249 313 908 741 868 87 507 367 601 697 876 998 55 186 456 831 682 428 328 88 64 451 956 116 147 685 40 865 357 750 868 177 767 33 546 117 87 738 11 436 678 740 485 216 29 649 900 237 352 493 584 634 632 804 16 997 882 828 456 968 677 504 708 104 190 507 566 595 960 719 257 28 635 908 296 586 94 287 123 643 586 482 685 490 239 723 341 831 804 506 866 133 702 97 985 1000 118 470 656 61 380 175 49 930 695 232 909 562 731 278 85 578 537 74 355 183 90 377 656 678 792 614 256 41 861 238 80 352 932 873 404 787 374 370 853 727 301 993 2 428 45 63 304 539 436 811 42 161 533 701 734 214 581 807 849 848 739 820 230 470 321 605 608 179 737 186 284 338 806 723 749 417 426 390 882 668 532 395 729 446 139 922 17 581 700 910 172 162 100 233 374 347 367 659 174 211 37 994 332 518 648 46 501 797 509 476 642 231 437 95 119
643 801 499 599 663 136 429 821 482 327 907 663 784 274 583 783 455 859 542 37 276 525 218 799 300 37 738 210 714 29 627 444 162 298 969 872 495 131 282 376 632 878 881 28 462 232 616 257 680 595 994 30 97 395 116 90 876 644 906 200 365 688 781 641 794 357 80 767 377 630 174 158 327 555 675 605 326 555 61 480 628 629 964 618 101 397 138 887 911 126 398 325 205 747 124 476 881 35 241 492 483 339 852 871 383 329 523 875 539 198 395 825 751 115 62 644 419 204 86 363 692 528 925 699 535 883 393 584 788 998 971 103 31 860 797 770 828 53 495 318 759 630 218 576 577 161 952 325 440 587 339 943 691 291 297 732 306 271 824 786 576 864 919 144 170 86 416 672 614 854 214 779 285 271 128 783 978 272 446 187 965 93 213 962 41 875 92 966 9 657 618 988 708 614 930 593 605 277 367 810 776 67 657 225 113 315 315 611 101 27 904 478 638 849 279 223 869 165 279 991 821 547 984 718 846 440 4 990 948 83 846 896 800 193 920 476 433 760 162 376 977 108 263 947 959 549 971 618 809 450 123 52 694 541 521 294 143 507 564 283 823 749 197 570 817 806 334 165 786 874 129 638 352 780 172 487 79 99 683 274 654 58 446 858 758 558 460 130 506 820 81 240 194 909 295 610 773 8 985 222 400 650 573 920 417 939 689 316 930 292 716 453 908 172 631 809 890 80 773 142 523 160 966 479 195 467 118 217 731 75 912 24 190 845 203 832 75 523 100 815 982 575 703 703 452 397 33 412 766 958 790 816 735 10 234 333 101 641 298 862 342 243 373 517 308 290 473 235 534 104 278 188 808 42 191 421 165 693 744 420 720 369 55 300 293 725 789 674 706 524 310 399 552 126 969 972 921 290 801 747 889 662 780 159 820 972 740 557 504 288 764 662 865 323 522 795 637 966 635 129 590 495 641 264 746 376 729 148 608 948 708 789 663 685 305 339 820 206 802 621 325 306 844 529 252 89 918 503 720 931 216 831 338 50 716 555 696 532 983 563 908 499 723 618 332 230 793 121 416 549 736 213 949 118 379 775 888 158 550 929 304 55 754 625 829 196 939 815 996 726 652 813 244 386 775 690 424
772 533 881 291 23 793 22 777 129 316 259 102 164 65 335 547 982 124 172 910 817 775 538 180 784 848 645 758 634 627 598 224 489 242 510 865 234 301 420 517 898 8 685 638 193 708 994 486 479 661 352 524 294 937 452 699 169 194 974 381 186 370 66 343 725 207 41 822 38 915 456 864 604 969 959 896 203 98 129 918 208 81 840 738 543 315 536 116 803 742 840 804 132 883 569 432 360 460 255 619 917 560 600 125 326 727 814 443 332 561 365 602 581 555 114 517 495 935 491 270 567 661 511 647 302 393 541 545 327 874 462 683 57 444 465 69 848 367 87 297 529 712 875 753 477 106 399 603 288 792 609 659 296 240 739 926 514 301 620 634 789 210 728 17 368 241 358 855 54 196 166 446 77 754 495 811 332 231 206 853 986 790 621 203 942 237 734 583 699 651 152 440 956 116 454 571 36 133 828 434 650 822 484 753 838 852 486 892 549 18 62 995 200 505 513 314 515 292 896 997 999 386 234 794 871 234 669 73 444 329 159 546 967 89 402 208 520 637 813 107 645 577 157 775 919 340 642 175 972 256 735 40 692 652 977 427 989 131 890 668 712 404 829 20 815 749 125 324 729 705 984 762 606 440 401 226 859 867 473 323 553 815 341 328 906 447 486 216 416 979 15 605 565 806 678 265 769 69 535 183 978 500 786 905 432 722 143 522 46 637 934 163 724 423 204 25 984 266 493 216 7 673 80 509 325 727 479 901 1 557 278 741 327 438 980 775 833 250 196 485 608 558 900 390 859 427 812 747 564 457 835 601 909 156 797 943 86 692 529 401 350 737 319 749 969 961 462 560 240 105 607 856 125 457 24 166 125 151 195 912 341 349 287 617 525 871 972 659 166 12 487 859 697 571 739 113 93 932 800 139 917 79 756 133 350 915 996 435 921 210 384 542 168 725 37 719 451 853 61 725 769 219 151 977 894 588 207 247 755 327 405 700 698 896 554 338 452 762 879 971 638 891 280 175 217 683 170 27 15 252 45 897 419 160 397 813 371 648 409 443 155 136 424 973 72 403 469 90 869 734 100 89 353 1000 841 634 613 371 122 91 421 330 220 30 908 503 588 795 442 791 314 21 37 248 141 959 235
982 201 850 841 271 526 338 31 65 920 142 925 134 422 349 980 847 422 584 507 995 429 581 381 906 148 134 170 246 696 898 389 109 80 791 301 16 421 710 474 26 436 653 768 904 979 796 577 63 284 365 672 535 230 201 104 952 339 330 543 139 120 398 520 605 939 397 794 946 155 713 916 566 978 191 767 221 133 790 824 89 601 688 114 137 234 171 301 599 323 78 290 674 763 576 546 618 244 71 594 387 32 706 934 367 713 591 93 76 475 124 784 240 14 444 963 357 991 537 551 272 843 15 117 253 228 153 329 986 72 755 362 250 275 318 596 775 368 725 577 794 691 706 655 922 181 484 835 23 526 134 598 360 406 83 776 474 298 273 740 402 99 841 503 451 459 646 394 493 675 228 154 980 714 282 472 187 897 884 262 766 673 321 782 355 252 839 570 476 721 370 427 950 190 686 635 222 21 984 770 394 653 388 780 885 15 406 549 972 714 396 873 842 84 703 884 352 641 637 715 418 769 313 924 678 107 572 509 420 151 184 376 981 158 648 125 896 801 167 916 390 368 280 545 902 564 203 3 626 107 214 772 955 984 585 527 422 709 397 651 655 405 613 792 371 724 476 830 147 100 87 281 809 510 157 992 847 58 900 484 847 465 347 686 902 680 764 33 117 414 920 387 424 732 765 300 802 397 302 987 648 827 7 294 473 869 230 128 167 867 603 458 700 270 376 905 376 974 701 135 57 219 451 598 872 701 903 444 56 744 733 65 325 510 193 125 183 296 656 731 998 889 521 743 501 943 589 249 172 576 904 254 421 67 814 128 395 622 8 577 935 602 699 772 27 875 425 823 515 802 608 253 454 219 195 663 333 864 336 967 60 43 361 710 404 119 508 65 647 140 889 641 384 656 224 994 940 694 336 747 14 304 243 359 231 29 763 933 731 605 954 472 729 215 85 298 833 417 356 898 319 739 857 334 974 692 516 852 785 473 80 508 628 325 193 99 51 210 69 458 708 836 877 294 112 686 660 683 868 228 874 927 169 482 8 407 10 484 889 225 674 701 947 145 413 547 85 788 202 866 826 993 62 682 79 493 220 455 908 201 517 6 392 585 202 800 180 10 197 653 653 761 432 547 249 113 466
625 105 110 960 376 313 367 92 379 211 901 607 629 889 677 811 757 479 401 762 379 912 404 597 577 60 9 930 667 140 315 703 221 350 920 38 67 758 361 960 493 581 485 650 483 999 670 168 421 286 245 862 117 202 386 758 153 43 251 739 744 218 169 657 290 413 691 8 30 782 972 316 399 382 44 159 59 149 823 313 235 443 518 327 306 574 768 241 100 324 251 30 515 595 147 948 854 698 751 46 314 61 837 10 531 492 128 725 523 556 66 255 341 873 852 565 304 736 270 200 235 377 687 922 163 948 463 944 286 913 227 727 866 390 107 112 878 321 899 967 529 359 85 590 99 103 629 259 391 942 706 210 6 101 668 926 639 896 186 32 162 519 938 412 118 373 866 980 15 736 145 926 874 221 106 404 421 484 767 416 965 802 163 29 426 262 925 765 344 36 324 504 289 29 607 161 423 570 303 490 801 240 882 863 487 213 579 282 573 945 533 519 548 621 823 515 344 596 753 939 884 801 639 279 264 807 414 875 34 270 512 536 701 30 436 436 29 87 496 57 714 318 479 998 197 154 493 855 972 242 217 985 703 741 907 714 770 141 67 959 610 826 860 1000 407 237 15 343 437 853 225 333 106 88 920 796 816 414 625 550 728 587 737 394 2 284 593 414 593 33 843 891 626 26 168 164 458 348 48 330 982 917 499 695 292 359 747 704 950 978 843 771 386 809 875 513 644 247 298 564 337 238 321 651 355 469 670 125 67 21 153 208 437 215 989 669 922 696 958 974 850 575 516 421 888 867 649 416 919 566 902 434 568 997 337 658 401 679 3 882 546 576 988 536 786 715 382 841 60 248 868 840 684 12 357 972 539 731 34 836 794 528 524 976 433 880 370 794 441 74 890 82 187 502 443 150 230 47 20 200 220 131 197 660 494 512 575 739 978 896 383 784 931 657 644 951 405 136 990 571 523 660 990 996 1 591 88 332 930 716 653 988 508 286 534 891 379 466 641 560 54 83 171 234 824 56 888 916 572 687 409 862 759 306 495 328 299 278 934 532 520 7 158 357 503 814 414 107 638 391 803 330 583 51 129 519 161 296 384 542 614 318 714 189 414 105 798 810 828 641 629 105 626 139 950 492 352
839 345 256 929 258 578 806 637 857 874 303 282 212 773 267 507 831 8 419 769 507 502 976 10 122 108 911 64 200 785 768 939 364 458 578 143 698 488 53 324 474 528 804 450 301 278 660 994 724 957 75 108 310 278 949 682 229 271 814 988 271 763 325 84 790 708 949 885 922 688 429 556 260 772 736 223 778 759 800 121 913 147 975 679 851 203 323 88 478 241 732 554 913 3 926 123 502 476 103 210 203 919 936 843 129 58 556 243 333 222 928 776 211 414 661 317 31 624 142 432 213 580 929 42 580 231 913 569 330 168 101 914 674 238 167 480 611 89 318 257 114 203 491 195 148 322 202 339 361 553 488 361 225 660 605 781 365 632 554 345 175 651 910 762 420 818 636 477 888 80 16 9 990 973 495 43 662 392 111 666 807 351 48 526 884 574 204 66 580 565 898 577 376 731 612 373 110 356 710 430 897 169 818 403 384 600 196 686 911 276 219 43 682 31 414 52 602 528 640 647 875 432 801 274 522 480 455 705 180 838 182 315 589 868 909 445 432 890 316 804 238 178 742 796 148 934 988 948 618 208 390 863 626 662 232 96 419 113 777 346 205 244 943 801 337 915 539 24 617 606 655 448 235 315 54 964 43 993 490 959 32 71 411 616 435 485 721 260 539 46 310 386 983 46 368 198 8 784 534 366 14 482 198 318 283 68 943 713 121 480 669 73 1000 82 61 944 142 567 385 896 257 91 613 425 921 744 405 904 451 435 62 716 410 333 440 339 904 624 349 908 272 155 71 887 45 988 848 651 452 632 311 400 928 586 390 115 22 7 959 2 273 762 991 31 294 380 738 96 60 819 572 377 251 428 390 712 352 141 582 112 462 6 5 929 590 431 402 799 219 946 871 608 323 274 969 678 384 193 332 884 633 93 910 868 702 640 139 779 841 107 57 708 913 347 237 634 870 541 235 991 310 841 507 896 615 728 898 504 69 977 765 9 960 432 156 954 7 745 947 893 370 49 670 637 588 131 612 659 955 945 937 385 501 618 812 510 821 660 386 71 294 169 214 509 537 569 952 466 435 766 67 658 152 642 110 824 215 7 402 493 860 180 919 799 357 852 915 345 120 639 807 976 388 601 485 97 25
458 578 545 826 435 322 250 26 336 693 12 262 535 484 434 65 753 837 991 403 274 362 312 299 292 4 26 162 662 827 463 72 947 221 990 820 818 952 727 690 306 85 278 478 564 708 648 287 171 169 733 766 419 679 416 154 380 914 744 89 658 912 780 46 522 658 422 563 651 481 66 843 707 651 402 21 661 865 489 807 272 358 164 706 85 275 103 883 66 224 964 823 57 313 643 324 915 966 878 572 362 11 730 20 622 448 152 244 582 181 488 753 672 415 187 772 47 19 734 75 144 321 924 681 570 526 822 40 399 689 949 599 367 389 986 596 420 718 370 179 655 161 316 576 595 453 876 491 85 239 855 921 160 97 490 346 276 762 359 417 112 650 611 261 943 635 690 881 149 191 841 134 935 563 440 431 315 986 939 93 774 468 738 91 895 548 740 484 922 446 855 220 161 105 217 136 874 784 258 1000 984 94 894 26 762 166 111 672 410 470 912 391 657 114 340 91 108 215 535 53 215 421 945 786 147 154 25 163 717 399 730 9 131 879 399 435 540 762 337 47 647 915 924 791 341 886 617 87 733 375 671 951 8 41 969 494 846 788 749 276 952 770 933 452 572 111 508 477 678 512 331 42 440 675 609 192 47 602 539 738 149 516 249 989 322 588 103 875 416 272 197 804 388 281 100 45 533 680 912 984 905 966 417 465 676 237 164 374 425 923 91 854 348 716 863 450 473 786 842 195 909 842 308 92 747 661 314 356 329 729 951 603 498 468 362 503 772 110 159 858 511 435 959 270 546 583 939 325 457 469 257 434 825 964 603 615 890 984 72 236 611 958 646 611 855 313 869 387 624 155 910 336 741 986 461 486 269 412 990 232 167 146 201 330 680 714 512 437 908 947 35 366 669 883 186 828 44 82 185 980 584 242 734 880 472 913 317 904 895 110 236 521 736 578 576 430 664 634 831 409 883 580 527 571 986 203 626 988 838 664 936 770 960 237 238 530 595 325 451 295 981 167 80 493 739 552 794 445 671 402 135 576 63 775 927 966 552 644 565 994 11 341 941 512 964 372 209 867 361 289 506 19 134 711 314 873 551 706 361 674 560 596 214 678 201 928 650 213 651 295 198 441 42 955 14 922 397
494 778 459 386 233 255 456 601 493 618 436 75 80 435 419 454 791 826 687 309 698 249 972 848 4 443 908 109 71 273 611 29 486 583 526 797 930 260 474 789 235 757 648 377 262 935 768 105 765 169 931 924 38 409 822 432 890 33 254 692 584 966 612 638 542 110 769 863 846 318 200 54 657 893 395 245 676 91 590 943 678 935 931 896 784 372 704 499 311 196 70 57 318 172 753 878 958 715 220 421 908 504 592 630 377 352 33 973 291 897 265 262 446 402 68 376 177 202 358 424 248 301 541 297 195 579 271 145 969 970 465 452 213 580 588 74 622 505 51 923 311 238 319 216 431 746 508 953 797 897 955 90 464 585 580 607 568 132 777 612 649 188 246 671 554 240 299 166 799 251 623 345 568 93 856 53 543 728 661 569 557 706 969 327 289 204 984 465 897 712 113 338 329 137 2 321 444 838 317 377 100 585 334 929 447 283 993 73 840 410 108 662 783 396 920 125 227 995 156 298 681 957 517 652 153 722 159 331 823 847 424 477 430 827 694 421 524 416 41 766 529 620 270 429 701 991 498 214 539 810 264 771 256 816 933 241 680 689 429 131 923 676 833 571 221 133 642 350 953 505 455 858 377 406 707 267 9 226 718 768 824 736 887 980 555 142 396 299 51 244 732 27 58 981 983 80 894 190 937 926 579 30 564 671 266 472 483 117 572 444 474 315 913 87 837 358 117 109 333 374 709 509 721 642 254 529 218 862 305 354 533 810 560 739 985 409 524 244 953 210 300 437 966 77 795 954 141 725 699 885 945 659 76 26 987 137 135 681 734 668 472 179 470 463 293 193 424 227 49 773 708 634 60 678 997 98 449 90 845 654 998 857 550 983 468 572 390 717 96 964 22 408 462 662 991 24 195 906 104 800 147 290 813 395 375 128 836 857 863 371 122 217 292 219 629 434 917 600 937 9 372 157 648 183 360 903 392 997 639 348 977 670 979 527 161 351 729 997 776 56 385 307 979 672 166 975 331 870 455 539 722 820 654 879 816 691 770 755 285 865 994 14 470 285 268 285 872 859 68 646 399 917 215 314 306 82 222 959 509 14 460 3 188 34 733 186 89 676 373 715 594 95 348 452 446 632 508
695 396 648 709 185 473 61 460 542 393 543 606 56 131 66 98 598 339 953 995 789 647 794 508 488 888 677 722 709 74 987 79 209 505 508 263 344 963 958 792 899 702 42 823 128 48 489 659 489 681 360 222 413 33 770 185 410 544 957 639 545 109 406 751 128 87 482 857 59 889 580 984 333 591 356 869 604 845 667 857 927 753 10 890 919 50 369 451 501 350 757 937 861 883 912 844 683 355 911 22 646 138 143 912 830 832 793 34 381 823 169 654 959 784 524 554 922 105 756 415 906 726 518 921 52 239 16 770 326 154 624 816 806 480 26 731 419 432 201 492 246 245 871 126 327 454 645 554 724 217 130 897 270 24 246 404 27 781 145 311 91 66 309 294 635 439 427 235 949 500 337 15 766 916 62 42 776 662 249 477 431 29 799 921 181 317 21 707 564 450 986 120 358 209 727 739 946 325 724 156 971 832 486 363 951 378 327 64 6 787 850 89 871 703 3 376 101 823 159 832 835 55 651 530 892 879 389 222 196 670 129 318 204 110 241 110 757 803 597 157 558 547 876 945 392 983 382 602 934 181 593 384 127 546 120 153 302 177 908 233 32 680 328 337 347 725 936 963 518 72 254 550 789 680 207 941 845 497 975 228 95 831 989 926 828 839 791 732 345 865 822 261 334 115 300 499 312 706 954 311 696 78 226 731 76 534 395 561 493 682 535 883 897 287 261 335 247 232 399 45 148 923 655 92 113 152 145 271 298 939 982 75 335 410 790 686 616 713 911 858 15 31 579 688 800 328 853 792 214 553 999 116 341 229 964 547 254 978 2 204 584 255 130 776 82 393 70 478 525 650 963 683 919 96 927 895 154 846 368 996 640 156 212 221 37 148 656 948 950 904 219 24 658 97 261 119 378 820 574 314 325 191 602 744 309 798 725 356 614 390 313 789 201 37 998 261 333 864 685 52 330 146 999 514 485 193 381 111 97 382 282 804 47 197 398 725 639 536 104 292 679 283 71 891 586 385 267 301 442 306 972 839 326 26 376 745 720 570 895 57 78 856 404 116 539 463 150 533 251 836 522 160 80 930 585 666 736 158 584 448 89 320 440 800 820 719 410 185 805 333 885 362 130 828 696 412 191
473 116 131 734 371 310 626 166 704 500 400 299 19 80 450 887 524 73 974 537 468 167 301 11 692 836 714 212 652 915 962 489 218 872 960 181 413 349 242 135 213 482 837 232 564 28 292 290 705 229 242 340 2 314 886 279 388 274 662 914 508 962 48 794 981 751 592 476 291 482 172 979 407 74 206 199 850 560 626 282 827 261 432 621 867 806 368 987 512 709 849 769 491 302 594 693 257 197 929 893 43 649 590 735 100 949 67 419 792 631 98 453 61 597 771 731 223 874 89 642 686 726 246 886 577 950 270 501 910 189 363 411 315 307 161 661 534 851 409 659 323 539 226 87 807 397 22 293 778 228 915 834 336 386 216 943 695 452 441 393 887 348 276 949 176 496 252 176 321 367 511 816 338 361 837 891 726 422 115 889 954 545 600 269 955 224 850 969 634 746 549 585 1 243 836 624 269 213 773 436 231 379 600 84 557 410 628 965 56 828 919 961 948 1000 710 966 233 355 989 142 933 686 266 126 198 772 993 599 811 927 891 193 910 243 987 784 841 368 674 97 374 646 391 444 12 703 980 262 512 225 240 764 189 958 143 800 485 533 324 879 584 865 630 296 924 89 50 981 34 34 195 239 729 870 879 183 196 844 128 587 484 440 64 95 786 876 812 1 153 715 192 948 521 759 474 517 868 810 185 243 641 21 658 752 708 409 552 107 702 534 20 6 862 362 617 153 13 93 624 343 283 761 530 799 197 979 405 383 811 666 806 319 483 675 363 160 616 198 286 957 533 882 356 174 436 801 635 150 675 337 363 387 542 609 582 963 724 434 613 615 375 1 99 285 308 760 745 816 720 304 415 120 947 599 81 295 140 503 535 589 320 999 298 581 65 281 155 480 989 954 587 118 69 961 767 665 85 357 628 554 972 552 943 236 780 374 597 280 112 956 227 83 717 490 422 367 833 233 203 785 138 170 5 208 958 493 937 40 812 957 129 190 813 822 8 635 564 814 505 613 978 53 64 255 636 777 19 389 110 854 909 343 867 831 807 955 57 820 238 313 820 865 656 313 312 278 229 989 519 397 933 354 911 324 850 232 28 774 448 703 300 684 528 612 739 991 864 44 131 152 521 73 167 844 308 142 836
156 111 856 480 379 635 788 953 153 913 250 388 281 720 282 134 42 77 227 453 487 71 314 326 301 150 333 597 610 734 63 838 485 758 517 179 299 65 297 99 681 956 884 573 108 604 283 116 194 79 932 223 778 992 690 994 260 909 190 484 871 386 373 703 188 712 599 360 635 263 364 901 514 730 710 934 791 892 43 379 764 309 759 110 892 202 45 868 359 788 978 93 979 599 235 628 632 29 920 363 443 110 113 141 268 945 194 859 635 180 627 982 528 655 347 432 826 106 1000 717 916 322 465 225 578 714 3 971 877 885 758 390 664 453 751 966 92 364 661 83 438 3 13 354 751 188 628 107 103 844 813 233 415 550 496 841 389 915 571 401 173 116 558 493 111 352 452 602 336 11 260 574 939 829 61 949 980 821 506 377 820 163 982 744 643 409 376 455 531 453 379 475 322 71 132 817 161 183 299 951 864 730 914 11 307 148 361 686 547 979 675 562 80 15 613 234 472 241 908 960 670 470 861 358 763 366 925 725 749 655 504 7 927 595 795 396 999 422 775 327 821 65 317 12 868 133 770 364 457 702 968 302 981 610 879 443 863 402 494 442 732 614 87 845 970 920 252 970 184 936 493 897 49 75 740 797 432 7 506 159 970 330 779 165 891 266 892 558 161 771 663 956 436 918 826 130 6 540 797 495 459 413 551 522 990 748 520 654 980 839 708 408 366 605 283 192 947 273 43 272 965 961 391 962 967 828 366 958 914 166 459 154 65 588 883 454 589 603 563 988 333 387 592 639 629 908 512 424 96 524 250 903 227 589 134 867 359 46 288 820 883 964 369 71 232 587 153 419 418 849 102 33 633 872 430 840 951 397 140 908 180 928 914 617 639 375 466 702 541 289 284 484 365 456 61 269 14 993 414 165 399 14 199 122 42 265 704 61 784 928 724 760 314 162 678 613 614 609 454 936 275 871 212 18 957 290 913 544 121 145 484 637 777 725 969 740 69 961 239 258 811 467 804 471 208 175 216 508 815 316 346 679 359 511 62 566 276 18 710 114 3 234 312 985 645 847 825 340 502 685 486 200 882 631 907 145 991 550 258 946 597 269 801 279 882 788 574 904 650 726 816 638 445 805 629 77 534
47 598 625 367 350 533 144 996 210 88 819 56 451 757 80 825 417 504 849 977 138 136 769 475 314 831 498 27 165 41 245 246 58 676 119 28 629 563 133 505 42 385 893 842 952 301 636 894 14 918 846 369 133 527 302 711 459 566 7 384 152 689 998 625 694 243 395 290 825 120 71 111 940 792 780 600 380 714 6 792 546 946 730 207 697 470 504 701 983 476 420 207 108 136 577 240 283 415 443 645 804 256 762 596 565 178 601 109 12 272 953 562 692 295 769 644 952 919 111 425 734 911 77 380 259 747 546 701 563 556 948 97 923 782 79 354 619 745 347 594 249 789 370 593 891 979 169 93 65 703 700 366 987 712 466 364 803 226 843 154 655 305 229 614 893 431 996 516 576 457 739 268 674 651 723 17 893 20 477 800 965 777 474 795 846 896 644 790 710 984 590 434 358 184 272 353 807 968 149 662 101 186 405 726 545 848 930 880 382 230 87 627 978 544 776 315 945 759 635 856 603 27 794 519 354 56 566 734 760 355 391 163 231 97 1000 989 841 796 580 398 450 767 949 806 395 258 814 851 100 521 803 833 840 146 295 989 204 929 629 795 734 138 237 82 287 879 651 450 968 815 869 461 760 974 286 358 257 271 727 627 829 11 822 156 905 406 596 692 820 938 350 971 886 557 959 434 35 436 705 88 252 487 485 9 304 562 629 931 767 259 251 291 625 903 246 912 580 318 492 800 670 454 385 932 942 57 907 501 315 80 786 183 561 41 827 411 51 653 762 710 386 996 846 351 347 711 725 950 862 221 475 528 870 908 632 485 668 629 462 150 516 506 136 326 479 469 613 325 170 248 831 90 98 317 893 87 2 34 331 911 591 963 759 858 875 192 490 600 650 417 696 176 701 317 346 386 783 844 78 918 137 651 948 702 786 165 114 512 33 989 429 819 105 351 86 745 63 534 798 118 170 521 139 623 665 488 621 989 704 757 890 554 331 191 834 728 471 373 366 39 628 859 5 460 544 714 324 225 321 675 257 144 991 327 172 62 42 905 275 888 453 634 206 105 597 498 24 320 937 174 657 779 487 265 408 883 23 577 842 697 134 395 344 780 381 51 421 926 665 34 994 349 481 655 225 162 71
214 194 11 776 754 513 141 202 122 620 938 869 464 595 92 232 828 917 240 2 579 641 223 306 59 566 13 176 261 907 31 809 880 687 943 552 84 774 671 769 655 803 733 485 560 248 833 476 27 225 449 38 507 337 768 46 171 914 699 208 146 972 251 294 481 959 560 951 142 139 265 571 908 817 802 797 853 470 566 848 423 193 207 504 60 853 418 382 260 944 615 297 159 515 821 747 199 34 320 338 753 775 709 433 772 173 883 991 229 545 286 76 507 632 406 693 22 461 226 58 665 370 254 614 173 926 937 695 130 234 497 475 558 492 365 562 881 236 316 935 89 495 250 605 952 359 76 347 623 599 238 87 774 367 89 794 153 783 76 458 236 761 740 985 618 350 710 393 804 292 486 550 308 712 431 335 830 659 536 162 112 318 255 7 899 423 17 315 93 863 730 346 935 127 87 262 458 226 594 296 579 856 374 100 970 271 312 802 846 940 12 471 217 249 635 924 693 388 280 707 205 66 38 761 960 930 67 587 800 643 707 664 482 1000 726 317 751 408 966 660 901 50 93 288 889 315 278 460 169 635 499 420 469 201 316 896 280 687 458 67 779 181 886 618 833 105 301 195 4 732 997 747 663 353 117 410 733 518 118 674 785 464 939 466 59 343 471 340 858 497 838 229 494 293 715 552 137 559 129 363 366 365 785 321 816 578 255 861 686 406 1 882 287 278 813 558 121 316 941 202 456 125 197 202 822 727 901 554 544 309 485 369 209 831 229 398 564 690 225 289 938 827 61 560 856 351 874 155 102 425 130 148 611 794 524 784 209 45 19 159 166 972 294 877 41 939 642 882 156 737 52 995 788 171 585 929 758 530 713 188 820 294 90 598 241 385 859 17 243 739 331 296 147 91 903 472 778 941 850 341 977 93 699 207 651 470 788 43 234 627 968 90 157 522 620 354 360 981 744 385 407 555 739 648 755 49 166 771 663 238 508 447 420 552 485 728 93 429 133 794 104 753 788 79 926 883 682 655 497 93 26 317 342 973 29 53 411 500 515 744 537 173 392 397 424 163 474 966 986 541 511 72 573 429 798 68 500 453 974 806 914 679 738 85 619 143 456 563 526 145 849 69 559 713 161 536 922
740 747 128 301 783 253 574 448 681 264 150 149 891 78 151 545 322 917 486 330 387 812 128 620 865 336 665 396 442 385 23 622 605 916 264 309 928 380 805 618 959 873 831 347 260 848 492 509 564 20 685 7 82 443 285 648 739 139 522 480 930 758 846 179 179 734 767 489 424 204 762 332 185 657 123 298 546 588 275 324 407 161 172 242 587 827 821 926 5 528 232 800 442 578 971 272 673 6 958 230 61 347 29 454 885 836 347 982 985 955 843 17 241 31 711 964 423 889 38 732 40 248 427 67 230 716 5 230 131 955 285 565 411 908 402 190 761 148 170 948 967 454 561 190 877 358 736 813 831 458 474 148 109 176 993 774 508 491 246 363 122 75 338 639 1 237 532 358 239 295 651 121 730 207 644 142 531 7 446 477 915 668 927 989 142 143 861 487 744 224 287 800 376 40 290 529 262 124 162 760 627 171 792 959 890 121 143 297 923 377 304 375 332 415 799 370 35 659 41 683 514 346 506 154 210 434 959 352 565 799 22 41 307 62 903 73 714 957 637 586 605 957 561 814 504 346 553 31 329 297 4 587 448 498 782 766 442 360 249 100 924 711 663 734 417 177 166 97 217 305 254 181 543 464 310 561 748 835 529 592 558 855 655 68 708 680 384 905 945 600 440 523 118 380 813 911 651 501 808 984 334 255 101 496 912 582 920 343 205 914 111 645 545 920 628 881 840 540 517 296 494 193 352 62 220 574 283 749 783 123 937 76 989 9 816 817 192 103 291 759 49 93 983 343 545 787 594 142 249 195 651 714 307 372 937 977 818 963 942 546 992 434 463 820 656 360 553 19 172 650 194 505 13 763 923 239 462 905 548 848 305 127 736 633 123 317 384 158 678 293 254 319 243 269 554 783 468 307 739 76 478 833 699 433 320 737 97 34 273 507 819 393 703 650 975 398 64 443 913 636 316 82 65 567 545 527 505 496 258 788 508 618 403 938 70 721 461 70 407 46 41 782 354 765 839 532 562 361 482 47 520 997 974 912 107 907 288 400 602 971 580 927 437 797 690 418 276 34 895 551 168 366 925 24 19 953 222 897 121 523 596 801 124 57 467 21 33 569 542 194 56 895 123 301 550 809 499
95 384 185 828 471 764 112 169 632 23 481 924 86 92 876 927 761 468 377 994 935 274 617 826 297 334 883 377 942 624 944 810 839 502 166 653 1000 919 681 931 576 540 416 602 786 18 203 181 646 706 480 126 808 768 835 87 47 30 875 981 984 865 117 200 691 235 533 435 704 226 624 81 458 978 503 807 249 556 864 701 152 197 429 912 450 636 812 423 755 503 133 605 652 527 145 947 437 209 117 330 888 657 336 609 382 952 625 956 288 730 472 747 800 531 769 276 490 899 877 959 851 869 955 911 124 698 416 953 98 759 998 295 363 677 991 989 187 163 720 786 196 73 759 262 862 887 717 628 472 263 919 823 240 221 542 458 960 518 856 39 904 909 529 974 897 496 683 227 609 220 546 656 85 410 7 558 15 854 883 852 497 91 790 996 244 394 276 540 717 432 966 135 689 22 387 257 820 377 281 619 128 94 458 100 249 288 12 138 64 87 651 171 217 527 253 824 572 63 145 261 597 962 822 181 600 804 705 950 813 287 658 334 309 59 926 657 69 155 47 335 392 281 827 125 353 324 210 767 783 880 765 771 945 417 18 410 354 898 588 739 971 785 765 369 119 313 359 906 227 345 290 725 984 222 69 440 436 275 653 985 685 55 675 675 40 961 758 473 440 487 699 514 244 711 987 509 69 295 137 67 766 291 816 881 933 257 562 33 978 68 609 386 166 875 882 767 776 78 168 781 1000 5 547 276 471 656 393 331 633 13 794 250 148 173 452 277 938 954 52 447 193 165 279 118 131 221 741 764 451 61 702 45 343 85 348 436 461 617 620 804 541 407 743 827 440 857 457 491 529 10 318 856 453 173 188 50 868 202 704 896 306 777 431 349 625 475 397 756 442 52 435 564 550 72 315 159 662 758 210 268 384 788 84 276 641 634 339 346 76 331 17 314 248 242 993 748 654 360 296 705 339 319 340 629 59 406 976 566 953 364 995 908 918 497 553 416 49 546 211 75 523 124 176 670 387 944 238 730 208 798 446 23 143 666 667 192 754 82 611 407 118 443 629 858 342 705 813 880 619 234 968 788 367 373 17 441 545 688 691 742 360 497 504 755 308 190 581 801 734 631 722 49 675 506 37 914 839
603 166 234 220 456 511 778 970 114 784 268 488 866 177 376 469 807 911 710 580 763 816 897 576 445 880 433 302 578 676 580 804 396 204 72 260 226 374 783 503 621 692 196 924 511 790 302 6 950 111 469 788 866 376 510 205 357 138 720 425 357 521 883 186 260 208 367 16 238 890 992 584 553 376 495 454 769 445 139 523 421 132 158 928 377 701 963 407 496 620 610 24 328 484 141 970 752 940 252 92 377 498 646 683 234 68 550 911 397 851 308 404 478 216 206 557 375 99 131 818 960 790 334 119 884 845 535 123 337 724 182 92 719 50 811 538 146 453 726 738 841 164 580 322 687 958 273 292 970 902 362 971 543 123 369 130 303 879 759 168 677 745 605 50 741 944 497 310 908 850 977 393 240 317 231 533 422 276 452 214 174 87 454 658 396 696 182 138 665 903 833 164 592 216 432 106 618 640 333 61 726 313 831 221 885 852 512 16 556 611 864 902 403 841 367 918 578 942 920 278 180 246 297 273 103 217 726 71 424 903 733 165 435 95 581 549 336 268 70 181 910 142 524 930 540 237 974 520 796 651 345 986 698 149 929 761 820 817 54 648 384 404 621 54 762 371 166 499 986 969 138 635 183 70 467 99 958 426 72 338 352 253 440 624 191 685 96 442 778 776 991 86 59 548 800 595 282 37 819 173 354 35 115 102 342 310 41 624 217 701 877 856 714 566 199 882 820 613 60 259 23 419 248 628 132 795 165 704 336 351 373 734 313 534 48 392 308 782 571 536 592 958 485 520 285 575 719 539 813 907 176 496 231 444 182 409 230 213 681 675 580 975 634 749 819 744 141 692 350 355 204 902 434 179 312 180 928 948 337 36 956 261 673 982 858 884 133 854 157 32 694 341 447 361 36 171 658 242 933 971 258 322 336 291 320 60 267 891 733 752 381 217 120 991 594 869 158 117 684 460 5 201 132 19 88 248 600 459 881 766 49 901 339 640 58 571 763 704 875 475 983 832 349 765 666 195 138 998 430 575 337 622 931 451 451 661 321 598 547 460 684 179 381 644 632 755 982 254 534 399 355 530 62 489 473 473 343 490 874 134 626 856 46 50 694 633 799 582 898 238 411 892 742 69 86 466 507
84 23 257 7 641 35 905 30 190 609 707 588 773 470 548 53 837 893 562 896 275 530 944 534 928 448 225 194 928 29 470 788 542 760 247 627 137 832 771 139 870 98 840 325 234 327 820 643 531 801 487 981 519 662 370 79 720 228 295 907 456 230 678 411 952 679 675 330 57 297 182 907 401 329 127 736 214 640 236 50 509 866 217 919 567 398 1000 477 238 285 71 140 896 180 339 938 60 487 950 816 64 998 490 495 941 754 228 19 490 862 585 526 45 431 489 385 423 102 749 148 848 184 950 165 905 322 43 663 926 966 810 185 786 796 252 205 127 771 253 93 21 67 918 194 656 861 583 654 970 74 106 91 202 514 792 909 556 572 15 836 42 718 43 775 581 726 757 923 25 574 894 330 691 737 812 948 74 985 622 572 850 57 244 722 537 215 404 922 864 141 20 673 559 766 62 930 383 859 879 300 804 575 612 393 410 264 585 54 501 236 465 251 898 424 872 516 979 594 573 823 685 460 792 756 945 786 439 961 210 804 733 583 787 13 591 352 724 239 862 151 110 347 434 246 205 291 313 205 982 189 176 78 430 542 25 343 995 731 158 967 357 50 100 440 267 881 718 78 188 705 843 866 226 338 535 749 348 331 478 850 155 910 109 931 463 604 743 38 613 344 819 897 60 243 872 928 108 135 830 148 814 253 730 697 404 719 100 972 408 463 684 283 776 406 37 864 837 802 812 83 194 17 725 37 83 563 446 988 287 85 332 415 480 260 674 394 839 530 769 999 986 641 166 587 940 692 63 454 446 287 947 488 396 11 226 170 459 496 961 333 82 160 389 319 264 262 968 464 198 832 690 137 51 634 290 591 834 864 954 999 460 719 940 682 6 146 941 265 451 72 546 998 365 339 146 465 133 566 472 706 419 208 683 535 108 472 747 643 454 422 619 466 410 842 382 36 578 431 748 777 800 291 318 301 236 977 123 488 451 918 625 962 255 986 812 646 157 486 525 377 100 4 727 985 372 233 213 3 309 243 955 910 242 800 533 885 54 694 879 47 213 547 974 890 765 454 484 106 266 999 979 260 733 206 671 778 780 673 520 737 159 574 63 635 484 659 531 865 70 239 973 320 85 924 29 331 74
272 441 871 326 322 101 267 807 351 615 430 332 660 546 295 459 633 896 813 688 250 361 782 844 671 736 437 669 530 258 372 236 227 534 917 834 995 778 576 514 148 129 662 100 805 237 515 124 403 735 742 828 248 177 168 351 465 945 405 530 954 974 404 464 87 616 654 597 923 113 42 984 34 870 106 136 306 398 510 250 959 305 606 362 803 932 102 271 437 80 606 142 583 714 300 778 39 554 643 961 778 94 837 545 112 242 492 587 3 110 180 729 572 659 910 248 902 445 549 523 463 165 941 242 455 430 12 929 488 291 754 850 983 880 348 357 222 414 704 534 92 24 77 703 57 18 651 184 720 895 781 267 545 472 826 831 140 438 330 397 970 851 216 306 523 80 898 346 717 900 257 660 239 10 36 418 523 19 291 716 505 601 515 776 335 724 451 787 978 350 587 988 208 489 438 37 585 865 956 702 910 461 70 756 265 20 977 413 700 773 923 466 859 419 901 2 808 684 532 882 950 805 337 19 160 301 662 652 368 105 527 150 423 194 539 778 538 802 608 700 73 420 333 299 253 454 560 900 982 114 576 128 714 741 369 868 691 362 875 722 664 949 556 855 633 52 520 952 442 828 262 748 234 747 964 715 717 473 996 533 979 447 978 95 561 548 178 610 25 862 71 624 986 898 293 103 130 529 941 869 78 330 678 812 993 524 361 983 163 287 169 288 844 766 526 970 296 252 131 922 373 577 947 242 295 727 112 729 148 703 300 50 601 21 504 883 14 170 177 308 762 942 875 859 503 568 674 548 955 590 698 31 156 714 182 471 522 957 530 319 816 434 641 614 139 651 164 542 678 659 773 586 525 826 190 11 217 941 128 562 789 588 232 932 440 966 692 996 453 603 385 622 290 852 80 916 526 528 954 718 452 489 113 753 620 824 739 497 208 868 410 62 663 271 346 940 775 117 416 551 625 98 165 653 747 569 11 673 486 713 541 344 652 384 786 979 747 57 346 459 545 826 495 126 619 121 344 894 135 42 494 127 944 984 920 102 855 468 201 506 342 414 437 260 875 321 302 647 173 616 299 919 961 548 359 63 914 499 108 601 164 139 39 56 208 590 356 877 62 84 853 2 678 769 151 496 173
606 672 154 490 965 64 213 268 458 554 212 419 309 380 639 329 786 356 926 188 335 747 953 454 390 229 338 984 631 653 303 978 924 241 493 983 51 255 865 818 533 53 577 873 843 625 262 966 292 534 568 609 111 412 770 56 612 230 258 829 585 185 753 109 753 246 816 529 479 604 189 360 78 167 414 581 544 653 758 212 362 902 911 330 525 112 912 293 714 417 110 876 267 359 74 268 304 814 948 505 329 690 472 658 723 155 40 124 250 689 964 391 416 457 558 662 379 764 678 342 545 262 229 14 269 650 870 532 688 916 362 551 293 355 145 73 73 444 234 762 889 984 337 282 420 670 401 96 94 771 587 986 664 6 186 177 12 285 554 73 434 859 737 689 22 776 231 620 62 62 511 582 715 721 609 826 695 19 182 625 855 239 609 615 621 31 950 82 75 20 697 601 414 560 172 293 267 10 990 504 888 988 486 870 133 592 1 172 911 922 948 336 645 910 345 887 503 593 512 880 262 29 250 757 627 705 832 519 65 786 993 601 131 205 9 143 274 986 941 633 277 530 191 678 59 390 739 202 374 97 942 947 637 55 588 29 120 852 507 774 685 826 234 144 44 604 356 308 138 453 540 174 304 863 399 28 773 78 291 445 673 164 504 627 737 802 384 848 801 571 575 996 142 327 735 79 211 479 644 283 654 592 808 953 885 240 542 673 424 689 528 253 276 453 462 680 801 386 335 655 905 714 468 701 202 25 72 662 91 527 277 641 1 676 825 856 792 905 457 558 2 492 551 491 881 103 271 863 470 723 602 323 429 38 528 728 581 611 494 11 203 966 513 488 289 356 317 205 868 886 469 933 449 541 512 698 787 809 284 668 80 525 450 745 901 343 211 248 10 533 666 806 914 446 453 136 793 41 998 451 546 780 923 167 715 537 590 973 603 517 341 998 343 872 374 53 988 695 59 380 450 926 357 566 16 377 940 583 907 56 668 538 884 736 753 274 796 692 426 204 717 892 811 204 770 41 591 263 938 138 575 793 295 100 338 515 147 734 339 80 235 503 380 381 358 870 425 42 512 31 292 892 763 809 80 941 174 101 267 659 752 80 703 221 107 741 315 657 817 806 579 404 226 413 181 460 632
46 757 636 503 695 449 114 712 691 271 840 900 520 875 753 593 76 212 742 361 502 723 770 548 705 928 51 123 129 747 407 702 429 526 188 791 188 907 719 33 50 502 212 173 178 957 847 950 900 775 499 273 974 147 339 524 525 147 179 816 513 980 841 622 485 45 813 54 267 109 851 164 39 997 743 190 619 448 603 807 166 873 440 516 237 35 250 734 258 705 395 340 948 754 624 312 592 843 659 481 912 147 853 321 304 991 830 466 281 894 602 345 872 779 814 933 52 159 981 60 680 602 798 333 921 668 791 179 944 204 412 92 747 465 110 668 738 895 650 398 232 859 208 349 314 943 22 397 504 693 131 88 110 580 838 947 507 182 495 449 258 946 821 962 31 54 976 398 813 492 308 323 915 922 948 291 195 876 414 854 481 460 243 773 166 485 84 650 701 590 730 221 476 536 562 782 8 354 209 753 15 742 777 562 825 833 269 206 467 498 775 100 843 207 608 765 296 888 451 804 192 413 637 719 995 441 591 937 537 112 409 736 734 482 735 917 696 267 372 753 976 850 356 287 434 926 638 266 597 962 506 692 110 229 784 325 783 740 96 2 232 467 495 974 801 596 562 770 418 443 650 428 118 769 651 839 988 1000 412 314 654 366 480 656 394 286 700 986 988 945 639 367 651 203 346 629 341 188 936 590 455 488 373 870 861 75 870 675 781 234 376 621 974 625 556 674 938 76 29 375 414 748 837 513 323 27 350 150 334 336 821 529 830 293 876 656 528 754 370 354 905 122 623 110 560 188 928 234 890 451 737 750 294 489 65 200 491 832 295 369 756 307 855 799 701 68 775 241 729 173 606 441 737 336 210 222 711 66 486 145 486 959 156 750 41 800 974 172 549 452 481 496 699 734 302 844 311 668 829 948 68 512 425 187 5 217 613 955 528 609 477 137 235 631 491 271 644 338 859 76 105 294 191 10 194 939 189 892 194 363 862 527 648 229 752 28 196 901 561 315 77 481 391 866 747 524 853 663 143 653 513 749 36 833 658 790 235 332 125 573 616 155 617 387 525 676 789 916 330 432 128 172 838 294 993 254 194 752 311 908 244 127 611 475 332 384 142 59 307 743 26 35 709 787 175 627 148
670 930 586 945 711 328 15 834 504 553 363 716 947 252 187 294 540 69 201 137 946 299 418 972 598 54 124 849 365 457 327 406 383 364 666 627 62 465 700 995 623 687 900 361 525 364 901 932 936 920 265 55 709 835 839 474 182 435 969 289 36 440 549 65 963 579 598 369 88 117 403 455 649 622 146 339 355 852 846 40 626 705 866 812 102 642 918 153 359 341 932 700 360 146 620 378 654 498 232 849 765 646 889 485 917 945 959 56 16 979 357 914 854 439 928 684 244 186 90 268 98 365 230 102 925 311 550 344 592 19 953 421 604 970 378 311 729 585 134 758 423 219 121 622 917 3 533 444 221 922 293 750 585 936 664 205 812 330 857 29 4 881 455 162 17 573 536 906 103 393 756 842 333 147 835 217 17 755 62 526 108 770 661 842 174 880 696 266 286 795 594 973 828 31 603 628 456 705 622 272 259 268 120 180 712 397 826 670 594 959 411 932 471 418 656 17 276 301 170 463 980 120 688 696 298 722 265 385 179 812 954 122 717 60 457 945 387 268 405 570 569 636 591 695 108 161 925 832 787 632 739 65 681 112 606 111 313 549 690 546 792 663 650 61 818 1 292 976 387 553 178 930 823 680 217 928 109 848 81 332 248 880 500 688 628 215 273 355 854 736 313 652 796 164 773 271 474 906 961 265 484 79 889 935 599 312 989 988 596 133 950 377 612 801 416 422 179 100 496 929 638 826 664 586 477 798 707 569 369 644 579 292 211 90 559 759 528 889 456 156 654 744 621 36 936 716 783 295 402 981 295 333 92 224 294 950 347 684 313 165 171 244 42 293 732 688 785 389 181 371 276 419 133 429 13 454 35 918 272 109 824 111 12 812 438 239 689 74 15 158 934 236 570 235 760 294 353 63 508 906 139 87 164 331 880 426 675 54 150 137 453 906 559 151 626 330 27 204 420 598 450 191 390 409 109 622 396 689 330 241 590 278 993 565 137 375 179 449 224 31 725 561 107 62 467 807 555 558 422 300 408 652 410 587 600 859 15 572 630 380 749 252 768 841 124 561 392 459 793 334 76 762 363 345 774 746 785 165 741 921 760 402 843 953 206 54 701 113 985 26 807 293 438 495 246 346 791
684 556 584 340 918 940 66 42 918 119 498 651 266 909 862 359 527 91 572 389 76 735 514 999 73 466 405 77 138 886 903 336 772 523 584 824 785 391 689 396 46 542 975 128 168 705 194 965 582 351 33 240 402 138 520 191 675 82 775 978 339 615 196 224 843 889 639 341 559 3 626 246 277 949 726 724 138 358 409 24 295 671 807 923 109 734 705 932 861 90 424 356 115 636 870 257 913 551 853 331 240 585 618 367 476 570 653 51 604 521 125 397 96 390 498 334 254 726 192 744 842 818 945 953 253 738 126 422 45 22 996 807 425 944 336 54 410 664 106 468 677 599 430 8 766 549 332 374 224 921 849 683 752 639 210 405 203 927 283 507 371 513 86 143 37 884 343 581 899 543 758 447 869 598 947 454 953 601 662 387 516 184 973 94 956 451 938 169 938 59 948 293 187 363 417 434 596 994 830 427 222 665 741 638 381 968 599 712 494 977 181 180 261 466 585 647 517 999 682 982 799 91 443 983 687 471 616 6 806 20 377 151 846 31 687 23 893 400 758 164 821 465 582 698 714 794 499 335 201 438 345 220 249 286 278 582 281 286 360 328 617 176 900 417 448 535 446 286 410 109 387 809 735 405 163 546 979 643 999 32 350 929 535 154 722 83 321 862 923 840 163 929 367 418 213 713 586 190 558 65 486 548 751 590 805 202 881 438 219 62 422 994 763 512 860 418 579 117 854 142 106 163 913 422 405 289 373 855 846 393 604 534 496 146 195 781 665 493 554 529 795 256 966 689 662 501 933 412 601 240 702 506 818 196 154 108 790 823 538 149 537 932 488 790 398 649 792 957 222 626 693 321 986 124 225 389 68 322 812 345 57 119 200 22 412 619 505 408 166 576 723 183 459 245 427 392 747 946 432 291 587 81 719 517 605 181 635 234 893 930 451 87 165 710 395 84 90 565 69 365 804 87 822 144 909 298 451 705 356 189 148 478 267 422 279 687 457 926 113 603 911 418 58 457 104 686 20 235 137 857 86 588 336 215 160 970 545 234 843 983 65 583 331 680 863 281 952 24 537 435 810 89 907 441 949 807 465 383 705 422 27 317 818 205 676 847 630 774 763 689 11 758 212 872 777 770 321
49 954 701 117 101 75 231 655 532 537 164 23 848 853 403 859 542 242 60 989 856 699 426 712 956 842 707 553 124 262 732 147 275 8 106 951 101 177 990 220 54 190 695 857 784 637 690 412 908 802 977 239 651 564 981 778 828 603 152 831 283 871 941 901 560 583 590 333 126 391 288 262 252 388 982 474 417 453 592 738 208 933 312 739 605 860 905 897 32 386 338 273 432 540 100 640 574 84 469 802 386 74 366 625 434 322 802 482 215 883 913 858 720 920 842 545 151 332 140 340 919 69 610 700 56 682 408 3 426 596 311 523 847 213 28 403 999 858 100 56 712 44 718 736 14 694 969 416 332 511 4 454 496 53 793 575 45 275 312 81 816 68 149 880 447 180 768 583 351 721 964 130 916 972 28 283 435 693 845 541 566 888 582 139 12 738 205 638 240 284 185 336 649 51 429 621 498 443 258 431 221 26 223 806 568 997 847 264 923 248 867 455 302 495 348 426 574 666 257 816 435 328 959 93 716 215 293 10 913 471 692 986 659 165 391 339 271 243 898 282 226 436 261 135 429 703 256 380 720 554 206 873 685 714 543 103 312 523 253 321 43 614 794 274 166 878 641 817 856 724 199 136 922 491 171 598 407 143 262 619 124 611 661 333 800 21 244 923 282 517 451 451 442 206 423 405 40 830 969 400 165 902 778 890 508 767 632 626 495 213 154 532 693 539 577 923 936 961 744 177 674 423 3 324 487 80 380 567 730 490 432 399 705 403 880 966 755 915 220 188 628 775 853 248 171 607 450 792 67 88 312 543 553 73 525 613 233 563 891 620 805 348 833 436 703 873 535 531 371 681 244 319 189 898 294 926 4 722 587 812 539 720 843 356 220 882 650 165 866 970 194 919 946 358 526 425 743 827 410 478 913 504 12 265 183 179 95 293 181 814 891 400 109 648 230 902 183 860 233 990 741 783 327 91 322 327 160 364 323 673 898 880 727 362 573 105 441 994 632 861 481 387 611 584 393 138 331 674 393 294 303 796 976 772 324 73 909 903 566 839 318 254 132 571 682 425 145 133 591 918 975 968 391 739 193 437 762 345 953 929 810 794 378 905 213 932 180 992 313 329 744 463 39 116 214 295 803
78 91 994 490 976 998 226 444 39 351 299 2 83 614 967 329 238 146 203 632 821 378 173 666 584 477 837 623 599 963 473 462 215 963 592 982 470 98 621 716 752 112 51 234 883 547 508 496 736 884 943 782 30 345 717 471 573 101 936 335 352 631 943 227 724 514 13 936 300 479 981 835 243 62 503 517 219 708 831 548 458 369 746 379 945 761 724 926 51 159 842 86 349 549 175 749 708 360 440 475 472 211 456 735 3 509 860 497 631 373 24 743 674 530 438 434 889 498 190 364 149 331 133 323 19 185 489 889 290 946 718 604 776 101 769 796 649 583 348 243 812 151 188 419 644 956 113 222 578 825 774 315 696 407 95 289 766 536 152 645 249 850 647 674 836 174 677 16 141 805 758 216 559 485 331 157 63 954 766 759 687 7 16 274 813 454 524 203 211 436 824 119 167 150 747 573 318 68 172 581 382 932 700 173 686 273 756 481 715 789 572 296 961 102 336 848 419 625 117 867 348 978 774 274 18 632 196 803 930 965 736 9 895 724 374 30 251 213 360 882 381 185 491 280 756 508 74 407 684 895 915 859 775 808 509 200 490 128 782 631 594 498 132 690 16 796 49 698 944 826 818 371 120 429 386 248 979 573 696 656 806 861 283 491 313 44 293 119 895 349 241 91 383 532 89 648 439 265 329 600 663 154 756 792 924 435 928 911 918 337 639 734 436 40 970 726 700 590 770 373 956 370 259 262 307 346 852 461 537 391 268 267 128 933 75 797 406 557 217 969 46 319 300 895 250 751 929 169 479 989 374 670 372 591 751 656 803 149 293 982 906 290 941 848 148 67 937 333 273 951 185 491 999 414 403 577 228 349 389 841 278 37 49 300 461 924 212 971 561 778 844 356 435 138 48 561 53 864 511 373 133 690 622 572 417 373 665 218 779 805 45 635 803 266 272 388 252 386 882 804 128 412 664 126 270 196 812 486 958 158 230 33 486 449 174 31 534 137 443 256 560 55 777 650 620 942 475 466 803 982 39 825 318 854 739 214 830 773 611 201 255 676 163 522 778 826 544 778 347 379 266 12 293 109 232 501 473 704 328 513 331 60 904 760 363 254 169 612 122 198 1000 60 632 561 494 35 125
222 866 175 975 403 49 363 810 975 121 344 774 525 724 754 965 913 26 729 463 297 151 403 151 532 979 240 785 259 259 155 372 641 802 972 625 843 946 897 873 779 448 903 831 839 400 189 512 825 135 127 743 265 440 867 64 591 170 188 293 861 764 79 852 64 684 417 844 813 302 9 61 205 245 351 670 535 21 84 907 200 138 763 313 758 657 946 923 970 70 332 433 600 809 289 345 582 550 462 429 425 851 218 655 155 853 442 789 543 750 713 192 67 645 34 922 384 730 162 290 865 837 180 513 952 59 364 351 377 576 961 458 129 282 886 776 234 124 341 180 372 430 493 22 212 700 110 372 865 746 370 470 604 781 242 149 643 105 873 893 284 577 530 60 700 568 970 69 766 396 812 440 80 797 771 3 120 691 736 104 766 348 379 786 925 789 963 553 234 803 509 663 75 836 310 995 114 310 297 963 717 30 329 550 653 698 800 787 465 618 87 996 492 386 961 690 76 57 24 582 558 316 294 979 39 649 959 435 530 232 781 367 713 364 151 401 448 542 161 786 866 360 861 832 9 20 347 996 355 97 17 229 477 184 863 263 94 441 285 346 376 122 258 543 751 976 448 75 485 321 206 995 501 637 802 848 705 964 960 339 916 272 928 794 380 299 815 226 890 769 885 891 258 352 412 882 751 821 997 135 577 9 929 886 879 659 201 478 235 589 94 173 383 208 85 99 122 810 89 692 265 313 463 919 702 787 832 204 657 366 87 786 773 390 53 388 35 923 381 285 829 835 314 922 591 89 207 374 997 92 553 456 846 528 451 316 892 782 343 588 995 816 31 590 180 267 393 900 946 528 58 617 839 705 219 803 332 861 835 788 884 77 959 801 230 271 204 635 615 184 581 243 967 696 533 180 926 219 752 412 872 663 19 477 4 828 451 356 260 501 170 902 782 463 297 156 310 823 386 509 886 122 851 841 52 356 377 147 316 825 782 762 65 805 443 461 407 878 988 402 208 46 971 90 435 602 170 479 878 143 782 128 377 70 928 431 370 625 668 437 486 931 446 235 760 417 134 39 256 601 350 940 709 234 471 331 433 38 785 190 476 980 691 907 358 548 866 157 476 971 401 456 255 334 619 787 893
906 694 836 223 860 726 319 399 136 770 868 51 897 840 507 346 840 348 769 850 372 568 85 753 199 549 396 350 502 950 853 104 201 830 946 742 547 985 67 105 306 978 855 787 777 989 559 748 167 811 781 263 88 802 415 831 841 126 168 348 289 863 909 613 815 375 9 862 570 849 649 436 335 441 83 814 242 739 997 772 220 40 674 433 629 873 883 192 102 670 870 515 308 425 28 555 828 361 353 249 401 18 229 506 362 44 327 303 760 202 702 658 208 723 968 484 958 624 516 286 601 334 758 286 68 345 443 787 741 605 290 410 38 455 162 890 394 213 992 203 759 301 463 88 303 983 979 141 223 312 405 323 565 416 642 335 114 108 488 756 131 922 978 276 208 244 557 770 905 493 659 349 51 468 901 39 574 601 244 64 287 473 597 24 236 113 236 333 512 107 33 992 49 577 437 820 131 305 249 655 425 396 895 652 743 669 405 500 785 5 932 105 367 16 429 295 476 9 414 407 449 180 951 439 476 755 969 128 362 35 480 947 938 343 361 135 550 605 985 642 865 48 8 838 716 39 23 927 548 771 242 829 295 490 626 995 661 382 709 365 485 265 12 335 92 223 690 299 548 665 803 876 283 528 758 368 70 110 470 647 942 399 311 904 104 493 800 480 931 926 757 989 420 279 666 631 355 243 906 55 972 197 325 828 966 342 84 456 821 594 41 789 938 851 120 299 559 637 216 70 577 516 621 968 853 160 38 507 809 338 323 476 558 929 688 151 959 169 984 132 915 372 247 265 10 852 121 637 674 500 625 65 167 107 336 598 804 812 576 293 555 644 323 214 440 76 421 142 656 127 852 776 937 625 332 718 466 536 119 883 231 692 606 511 792 353 86 386 247 238 728 452 372 497 352 901 475 866 572 934 998 267 889 407 428 957 147 686 167 289 683 422 506 220 405 56 493 699 976 993 158 734 441 145 538 714 752 139 224 90 673 671 331 609 184 847 191 195 48 869 228 174 974 736 992 39 58 99 252 773 76 754 784 24 679 245 768 272 136 257 326 809 740 195 651 154 665 45 447 6 595 440 687 888 163 715 399 367 641 487 60 731 263 48 649 520 180 299 879 859 237 861 221 203 400 697 928
753 777 688 353 741 937 579 709 682 362 569 504 796 51 515 818 64 64 738 712 638 990 984 653 742 413 826 121 986 951 125 507 741 65 712 279 82 737 834 636 528 375 140 924 591 860 457 860 230 416 765 270 99 640 46 851 117 980 492 159 575 394 994 377 167 818 759 941 554 178 900 955 411 537 855 449 972 645 794 766 798 501 974 453 443 184 74 880 376 807 328 40 712 282 134 323 157 310 132 565 19 612 442 115 947 720 668 412 817 832 529 794 994 703 685 208 14 500 474 897 613 142 437 598 110 683 552 36 945 937 988 64 108 822 678 987 873 503 291 626 664 662 191 918 385 607 837 976 229 528 790 487 996 639 862 565 298 841 642 967 203 719 338 951 590 540 644 253 730 720 267 345 49 415 435 193 54 355 568 938 66 522 288 373 266 996 293 26 80 546 381 211 750 982 176 575 105 597 209 627 679 494 466 217 112 379 366 994 629 223 387 842 997 684 125 507 223 752 329 572 942 788 897 440 394 922 28 416 823 737 864 928 756 707 749 358 821 307 431 991 2 438 811 462 751 857 337 641 618 76 409 163 83 201 161 539 732 730 381 431 975 996 786 285 574 509 458 877 654 73 90 616 391 120 641 967 854 904 70 279 458 48 84 785 916 442 94 571 436 43 466 37 389 412 99 126 693 214 687 798 134 684 876 261 628 50 774 110 86 302 580 188 813 875 681 355 489 524 12 306 858 625 730 797 965 176 235 17 300 416 866 262 101 755 586 491 473 904 13 441 560 429 32 952 405 235 412 555 43 842 233 51 348 868 162 772 889 413 179 24 808 502 12 366 925 328 997 59 129 638 146 796 813 869 552 581 709 585 13 171 997 296 327 675 469 742 757 771 857 948 528 930 549 823 449 591 246 622 671 437 380 79 719 452 629 51 290 335 341 151 395 516 905 191 257 327 550 197 195 19 995 943 800 631 372 555 326 269 912 37 451 491 629 603 61 679 411 384 917 506 659 977 747 763 631 798 942 776 218 841 742 714 539 683 843 654 777 538 202 466 759 655 2 188 359 347 578 617 344 577 420 244 452 960 311 154 529 2 503 581 693 306 350 275 142 479 850 279 903 60 571 924 713 433 99 796 106
950 938 891 321 437 247 121 562 341 946 773 842 864 609 66 530 635 333 364 739 464 874 198 496 141 498 527 693 120 356 919 59 427 121 707 213 170 845 999 39 269 947 466 515 558 424 442 946 528 747 476 330 407 717 708 910 69 837 81 245 420 433 905 910 399 196 433 860 904 432 684 240 558 135 180 145 370 563 478 263 997 449 410 613 721 965 120 60 265 321 320 638 129 929 103 731 900 659 381 348 107 912 73 66 731 316 763 755 632 365 563 276 995 850 283 53 228 374 251 352 299 672 471 535 789 204 363 596 10 682 892 511 214 37 467 521 374 531 611 952 983 233 411 529 886 574 856 112 852 903 774 689 721 930 599 602 943 624 289 248 598 464 367 70 774 434 201 14 567 937 407 803 962 849 198 307 448 876 560 195 445 582 131 948 872 262 12 532 374 1 786 352 889 604 27 108 14 63 587 47 133 68 294 995 659 431 637 779 274 212 306 893 41 153 613 556 96 113 31 850 668 437 611 454 685 952 914 417 143 64 121 604 766 959 504 714 707 937 134 253 785 134 949 869 684 769 945 105 361 378 1 992 854 105 371 27 833 471 734 554 401 375 543 682 342 717 224 68 214 215 980 759 732 162 5 106 864 748 464 411 481 586 696 251 917 634 716 677 994 786 234 539 818 101 411 493 790 7 177 379 68 661 837 408 793 26 995 355 148 839 254 896 385 101 792 760 252 117 539 533 92 768 673 613 89 195 692 532 200 494 154 362 833 360 251 894 972 711 169 458 352 733 199 916 719 843 708 864 192 734 438 696 727 435 657 809 237 985 40 895 141 530 76 947 13 381 742 95 251 726 842 355 154 452 944 530 380 520 306 457 785 430 718 773 264 183 664 243 722 282 372 308 116 607 8 183 480 552 535 183 370 885 187 12 839 297 242 15 604 813 287 150 421 479 156 927 976 547 478 808 548 83 840 360 644 695 872 393 898 713 924 59 659 137 61 307 447 473 565 196 388 216 566 885 186 388 503 735 556 813 643 570 293 407 423 87 573 176 92 928 299 335 111 38 919 726 524 417 871 917 649 145 185 472 865 948 868 737 209 282 326 370 835 375 190 914 135 51 251 558 210 652 326 102 219 873 57
643 106 326 773 557 544 407 1 142 626 526 752 385 343 23 533 660 381 712 311 355 65 270 221 194 387 951 327 109 444 488 21 245 931 985 134 533 535 712 919 984 306 327 649 517 8 570 239 727 282 447 908 469 617 295 310 517 952 241 31 808 89 47 748 991 193 579 830 877 8 704 436 643 553 244 996 647 652 50 370 168 522 905 863 286 39 93 140 496 468 472 968 519 638 862 350 411 722 904 693 491 41 458 454 927 471 645 370 991 867 229 743 30 229 470 2 251 777 38 231 515 652 944 901 989 589 899 305 318 156 457 668 670 868 575 775 261 863 925 558 74 243 813 806 717 973 171 11 438 622 581 922 764 703 778 173 291 362 451 659 82 787 582 467 239 42 841 157 102 619 288 385 937 278 132 149 549 642 139 744 601 873 555 254 407 552 146 640 54 622 97 816 909 228 825 147 157 540 657 288 595 743 407 343 276 969 209 451 852 117 549 114 863 575 85 172 510 14 30 614 46 47 814 6 661 634 627 539 664 828 139 342 125 996 980 912 251 452 565 796 513 301 814 986 264 568 637 782 527 459 378 184 853 473 137 25 918 55 671 146 935 238 934 862 971 626 945 815 889 114 861 512 489 877 952 272 6 546 882 251 592 137 164 172 791 538 781 204 542 411 185 770 944 595 368 774 634 914 634 155 245 28 265 965 740 379 122 590 668 586 15 499 413 395 879 20 915 498 685 795 57 754 471 916 290 80 902 123 741 61 307 285 532 851 584 795 25 836 296 179 471 162 408 612 715 524 503 374 679 722 456 296 12 757 778 145 838 744 685 834 683 511 180 31 803 485 316 625 769 199 887 164 6 954 355 934 306 159 915 694 899 513 167 402 784 326 820 683 282 39 747 95 908 270 366 509 385 493 91 667 639 416 61 685 640 350 155 1 561 745 738 373 857 425 631 265 576 94 795 797 1 580 308 817 11 348 533 650 654 970 861 42 743 246 301 149 638 4 945 738 421 424 368 45 57 107 541 645 765 428 302 553 680 535 948 820 713 266 44 721 806 468 816 23 404 403 720 601 128 876 360 560 106 921 741 826 100 290 634 168 728 813 994 558 734 254 93 153 870 36 945 921 719 101 143 104 108
171 640 539 42 179 702 505 115 236 148 644 80 549 978 670 725 542 51 450 198 316 905 540 151 957 719 548 422 158 392 331 403 393 897 98 883 485 213 909 558 446 779 439 604 703 428 797 116 933 429 46 85 88 74 563 611 914 348 92 383 13 472 273 881 309 758 300 68 246 249 899 340 566 72 383 892 947 588 920 385 907 441 33 220 469 284 683 347 336 635 942 130 417 510 971 608 505 584 300 851 1 837 963 952 836 261 883 587 717 76 349 322 845 315 285 577 545 795 382 780 84 664 851 800 528 463 679 133 586 726 875 892 905 372 982 321 411 255 688 434 385 883 622 238 647 686 531 272 204 123 795 710 678 21 507 438 392 671 109 114 517 75 578 825 95 904 4 254 566 854 860 793 832 632 380 167 758 110 508 305 589 298 193 358 901 167 526 676 319 374 697 140 312 736 38 465 974 453 260 756 336 163 264 429 135 720 401 433 952 879 328 575 5 649 750 182 360 635 989 287 485 739 295 52 369 920 536 141 324 20 46 966 82 771 85 111 51 995 949 769 847 996 619 211 80 810 978 33 520 209 228 957 114 893 906 346 390 464 281 994 633 159 95 885 616 470 29 410 6 62 328 39 165 855 39 163 50 925 449 634 244 329 328 711 3 27 705 95 741 214 51 948 587 983 43 688 161 244 713 715 372 209 321 449 164 707 480 533 239 848 714 133 595 443 866 67 939 21 176 808 431 95 295 261 523 270 821 904 602 519 534 337 918 921 998 39 307 279 912 810 5 782 678 606 945 969 119 4 228 816 627 483 764 209 229 997 351 176 782 790 274 511 806 777 381 348 558 552 887 969 246 553 661 263 523 409 582 669 621 657 915 488 370 776 870 47 865 168 169 143 403 681 990 269 734 370 231 239 396 882 664 741 561 39 133 36 923 68 207 964 362 206 660 521 587 47 288 912 6 659 940 397 923 276 849 317 506 107 576 584 23 784 780 399 56 979 410 504 676 258 307 505 640 468 565 118 622 96 260 546 281 269 145 683 891 509 409 607 729 213 573 728 634 250 151 970 859 172 695 68 120 352 874 33 587 265 453 592 921 532 965 51 726 209 540 50 895 442 144 626 108 633 121 975 514 168 268
961 914 18 499 313 683 350 867 397 351 188 820 291 148 615 699 319 488 431 919 23 671 848 429 881 16 813 638 996 953 788 620 307 654 670 690 663 668 242 956 806 152 498 25 893 113 885 399 505 685 353 60 285 521 457 356 239 357 918 300 156 347 540 132 487 390 2 222 965 485 212 797 89 371 882 392 120 712 29 444 900 911 282 980 628 824 839 226 623 973 252 838 748 486 932 452 395 64 914 757 812 973 675 366 813 96 379 287 687 556 904 727 501 739 58 387 875 433 643 653 948 586 93 863 442 330 113 721 447 235 750 268 357 140 638 428 482 539 971 166 688 38 76 192 320 657 281 529 716 646 516 366 955 565 663 426 2 116 734 665 125 564 613 146 999 711 587 99 220 708 721 28 739 751 325 995 335 447 915 645 403 518 482 607 811 575 284 456 181 149 218 82 48 448 559 804 288 11 111 578 454 901 636 637 606 255 113 657 956 80 523 404 420 365 700 647 282 258 394 283 349 90 489 205 41 903 530 888 919 294 906 32 346 666 483 219 787 282 627 723 47 322 696 370 436 943 828 708 21 897 562 611 184 311 913 558 614 321 746 426 552 639 231 379 632 696 45 623 373 731 321 194 740 879 824 660 904 666 805 459 418 66 63 627 518 21 159 254 865 745 993 397 81 894 662 616 278 456 889 662 13 684 326 372 447 826 973 824 593 383 826 283 751 807 575 823 455 725 47 627 383 564 220 120 818 121 611 274 448 999 39 182 785 949 60 476 454 184 869 147 942 35 701 950 868 281 483 917 759 656 920 848 246 636 863 734 377 913 221 935 593 707 757 43 728 688 940 436 924 423 751 487 880 889 358 184 874 378 714 798 758 205 451 690 108 158 122 225 676 669 70 81 195 474 632 580 176 779 555 242 642 810 672 965 258 398 857 366 41 640 902 566 342 765 572 864 632 578 794 814 427 533 16 30 536 377 496 145 740 343 22 672 368 739 62 78 729 803 99 987 925 405 980 748 936 112 768 11 544 32 919 93 123 908 671 431 96 475 831 51 64 643 502 811 242 604 13 577 754 21 785 342 15 99 221 167 446 851 721 138 224 566 924 944 684 717 475 590 996 85 198 268 734 350 28 20 309
263 124 301 740 756 831 837 194 680 151 700 253 231 803 898 778 116 283 867 275 948 740 738 442 89 71 515 694 865 958 968 899 519 618 949 731 613 850 145 66 936 873 395 306 655 866 91 50 571 660 579 900 693 4 320 278 819 753 666 596 354 209 514 407 963 949 186 813 10 987 621 782 805 480 153 536 324 602 415 741 413 371 174 299 859 493 818 252 68 375 515 487 353 646 899 767 426 649 519 23 33 654 807 264 48 515 927 886 57 802 118 238 97 226 602 64 293 932 299 554 663 315 85 645 161 55 575 18 93 38 305 368 782 32 92 737 8 561 369 881 521 419 614 395 555 88 572 211 904 221 17 740 433 492 222 436 408 852 985 570 822 396 784 105 937 920 112 569 332 829 984 746 562 124 550 723 122 424 867 150 161 599 466 134 16 837 280 926 966 263 259 404 171 723 496 547 470 801 988 338 225 846 883 135 497 452 908 336 719 204 754 983 307 774 194 832 463 697 366 1000 977 419 14 39 97 204 21 268 360 811 282 348 496 568 669 175 377 657 890 928 481 298 476 771 152 766 209 806 199 350 309 499 370 783 752 884 110 11 520 790 491 939 706 642 213 365 294 312 107 651 608 345 49 782 93 928 29 418 152 528 916 706 620 109 5 116 697 790 52 762 270 451 280 638 615 663 686 209 677 70 236 73 400 12 240 27 356 597 614 271 84 791 754 51 500 356 994 456 663 148 843 569 904 8 152 22 675 918 759 769 553 246 805 456 158 266 920 383 238 364 902 687 277 777 256 984 125 962 358 146 974 939 642 273 438 503 983 750 695 601 54 813 541 974 128 177 769 997 694 56 294 304 947 190 66 889 487 184 953 1 95 146 59 763 720 491 579 587 370 829 617 120 672 407 63 265 201 803 462 45 911 495 17 816 890 676 864 122 75 515 922 333 493 930 265 736 849 640 960 864 870 730 594 351 31 516 196 218 369 510 886 353 593 151 750 702 617 118 13 356 74 826 135 776 754 538 255 561 745 701 585 766 842 360 404 857 995 810 704 359 389 750 384 232 558 834 860 97 943 932 193 573 628 91 322 443 613 259 322 378 686 460 48 342 390 337 649 402 997 79 269 593 964 237 192 789 502
788 508 612 78 879 75 222 725 238 292 390 503 717 672 607 185 725 750 399 763 25 593 826 309 128 841 737 40 624 812 162 147 871 674 652 634 222 307 942 105 138 203 219 329 717 958 781 708 830 48 450 979 395 644 781 61 952 990 225 543 428 918 757 545 965 297 314 897 782 555 548 552 214 854 446 32 746 934 502 387 6 443 363 306 797 532 883 939 9 290 693 467 300 915 490 71 397 556 912 637 716 827 660 79 916 6 186 479 198 138 390 136 20 15 322 565 754 746 332 483 505 515 375 25 245 592 537 393 444 95 424 182 68 721 499 767 886 486 293 330 748 645 668 976 591 185 423 418 903 402 390 367 580 143 52 346 144 159 493 349 639 684 986 946 297 436 486 832 406 519 7 804 130 832 276 168 185 708 439 885 149 277 505 898 491 757 537 639 346 81 365 254 835 621 649 281 159 880 714 102 594 4 861 323 888 194 279 212 996 940 372 434 243 679 19 273 705 441 623 974 710 931 96 665 181 628 449 179 431 147 810 216 118 127 696 896 877 38 297 380 736 365 174 594 297 854 349 188 239 31 372 554 871 971 701 340 774 477 279 464 634 338 77 131 651 958 331 111 354 756 323 59 377 886 409 948 963 592 158 330 84 13 192 200 105 101 538 970 903 659 578 144 282 66 598 43 635 848 666 127 975 465 554 855 64 644 169 998 394 990 765 186 681 159 775 463 560 887 651 451 939 209 884 526 796 759 792 496 116 376 983 514 928 2 814 305 825 471 735 445 139 308 277 505 866 180 770 261 548 78 587 810 147 163 134 233 384 455 178 541 791 107 927 426 105 163 504 538 564 92 638 74 859 210 250 239 720 819 829 389 10 213 423 276 52 741 166 287 669 266 543 82 4 884 661 544 768 302 647 711 582 322 242 729 66 939 651 685 694 721 17 814 13 74 456 943 225 70 429 357 353 148 259 684 728 323 942 176 904 934 51 434 782 628 499 120 668 610 133 607 267 632 694 273 754 654 854 10 142 848 586 426 411 31 568 928 687 429 834 651 822 575 961 666 766 599 435 161 331 978 332 84 887 725 244 675 566 650 2 216 525 244 404 379 85 355 794 568 985 405 832 652 64 621 558 620 564
504 71 979 933 634 794 336 707 101 537 630 508 631 547 425 892 513 825 493 637 160 822 328 205 175 929 306 884 36 616 13 607 861 250 837 498 564 734 748 970 116 378 842 895 452 571 629 964 121 655 628 757 728 22 228 762 981 55 440 403 974 726 7 468 946 519 876 888 833 171 270 776 967 142 699 900 232 658 373 577 592 840 471 941 55 375 842 503 754 656 654 54 827 837 635 500 1 604 387 234 890 843 633 848 101 707 873 732 340 714 668 39 934 212 808 59 480 159 77 299 632 227 870 902 993 402 86 719 326 797 484 338 863 808 937 919 576 185 745 715 883 265 919 637 237 588 582 691 466 838 632 788 902 816 612 486 32 754 890 525 168 941 556 746 728 464 629 801 17 714 782 267 928 777 864 537 337 185 878 643 868 752 699 512 232 689 879 653 988 524 706 146 54 584 870 294 772 550 884 638 562 131 152 854 379 646 207 258 921 36 180 1000 925 134 585 707 486 264 913 292 231 703 586 177 835 897 137 641 875 487 406 31 308 633 744 278 67 479 906 289 129 573 954 299 922 397 413 63 218 795 657 321 977 711 415 872 393 590 57 156 139 870 484 790 783 951 225 442 962 361 854 197 12 303 883 879 337 577 421 26 194 1 726 927 489 426 571 675 63 301 248 738 186 94 788 931 857 137 185 41 648 516 8 825 724 111 78 948 418 556 31 600 985 708 623 449 589 843 432 835 691 287 811 308 635 670 702 837 884 239 129 142 717 125 697 345 612 896 774 369 603 500 540 248 583 224 738 419 655 376 839 626 31 420 481 52 474 655 382 704 654 296 338 849 588 502 586 21 564 868 883 31 167 817 869 215 917 166 386 326 570 156 166 974 776 228 918 225 990 773 297 661 164 204 157 703 100 600 913 891 451 700 465 684 510 211 219 697 459 808 471 219 690 739 471 54 155 681 271 853 916 906 474 964 751 350 252 584 308 846 482 332 180 646 282 686 806 596 105 609 586 329 956 913 682 747 60 762 826 492 644 778 130 604 23 300 845 217 598 595 708 901 477 44 744 776 610 251 329 302 182 727 930 326 434 976 61 653 42 959 256 271 160 258 758 253 402 764 937 953 907 734 945 394 418 946 942
277 374 967 780 990 413 144 648 459 742 817 148 784 580 10 969 100 655 162 998 102 524 795 619 220 210 479 359 742 964 705 166 949 849 619 449 317 917 318 66 118 689 667 474 984 676 68 720 833 48 94 400 568 725 106 323 801 142 930 735 540 165 642 929 145 306 957 47 384 220 286 119 142 463 162 707 190 823 58 912 480 307 948 968 464 798 53 385 405 563 307 309 15 565 215 160 821 888 725 688 644 486 70 931 165 539 730 33 461 318 470 637 59 904 620 414 840 529 6 591 32 434 13 170 503 788 856 99 256 426 69 285 923 638 660 476 738 689 561 807 860 124 97 219 102 25 228 367 962 385 685 445 472 408 928 191 647 621 563 522 960 374 772 12 443 681 732 585 230 629 928 277 979 803 966 417 729 229 579 3 516 946 366 990 868 558 603 65 55 525 419 466 247 399 985 812 392 910 917 417 563 260 96 696 936 193 597 291 791 305 492 720 621 157 530 693 320 399 548 836 52 634 47 888 174 433 565 512 511 561 657 972 260 859 845 376 80 299 37 566 7 324 492 212 419 410 831 884 323 899 509 998 375 155 155 24 248 46 3 411 344 474 114 974 973 709 419 49 450 280 331 660 894 299 760 971 952 160 276 391 878 626 867 782 417 352 846 364 362 224 407 960 859 209 904 300 143 873 605 659 298 244 848 282 671 221 347 595 78 380 740 840 105 147 323 806 149 876 613 403 591 81 363 201 931 633 565 164 259 128 266 926 29 724 475 430 794 770 800 138 513 473 222 59 120 412 750 679 590 637 192 520 545 771 284 435 793 383 665 267 582 110 190 177 468 551 852 165 429 68 830 209 441 90 778 737 960 501 109 623 641 981 98 162 713 83 300 553 605 20 346 239 492 162 222 337 351 985 906 746 247 834 867 916 390 549 329 2 340 709 863 373 723 328 223 971 770 987 492 758 409 811 525 405 935 770 494 627 774 216 10 969 219 258 360 184 213 411 302 68 187 527 650 166 559 367 177 800 155 496 949 685 263 370 666 398 308 596 527 866 533 681 536 149 14 706 914 678 296 694 689 586 430 635 19 927 493 883 736 582 74 192 494 260 191 996 925 598 86 844 794 676 524 29 363 179 444
160 322 808 5 969 570 481 179 145 654 641 637 224 281 298 50 284 193 788 10 559 469 894 815 582 683 303 364 749 186 323 581 837 348 575 533 737 313 265 322 191 290 749 52 2 818 588 615 450 411 890 895 936 318 284 865 986 194 333 110 294 562 633 982 671 923 480 952 681 648 55 695 116 306 537 936 161 995 147 151 216 967 290 496 693 977 31 972 927 218 462 237 468 46 85 807 498 557 889 572 714 844 894 706 639 674 355 926 481 172 452 872 113 749 88 785 113 340 929 857 468 714 235 280 133 947 844 984 662 67 448 913 596 944 798 245 136 91 642 488 210 500 719 333 980 715 570 753 907 966 508 47 498 794 160 725 639 126 405 167 107 134 288 627 274 361 801 253 643 948 325 289 406 65 424 578 446 27 878 661 945 765 951 722 917 139 770 964 856 512 959 172 651 862 86 942 147 103 570 409 547 784 632 398 72 639 918 194 928 68 454 734 93 348 241 242 413 559 8 818 843 694 609 235 627 113 483 468 453 258 587 611 672 798 949 696 891 209 336 563 682 450 257 292 77 934 341 942 295 118 59 337 672 428 424 500 435 722 338 696 353 745 277 997 186 969 926 982 726 960 884 295 34 919 582 777 747 734 78 600 162 729 732 470 62 218 470 939 594 194 123 566 993 876 238 203 209 268 270 629 659 210 188 20 317 939 283 948 147 340 775 807 427 253 22 886 686 659 760 561 431 193 605 656 740 489 462 73 634 787 847 295 650 714 789 116 550 438 207 580 739 175 794 871 698 439 904 442 187 474 17 928 642 781 875 177 682 952 447 286 736 717 901 491 664 481 769 443 844 605 132 390 102 932 73 650 252 251 338 7 930 197 557 465 656 260 775 589 130 972 670 779 542 734 427 324 785 731 86 133 865 363 590 727 244 838 565 124 106 507 970 762 704 426 950 922 893 734 571 150 73 998 1000 727 360 778 265 258 620 685 150 223 378 480 76 483 232 212 366 644 702 288 780 826 811 911 709 188 944 276 383 430 673 263 506 706 575 407 855 601 936 379 544 845 299 160 430 342 883 418 873 110 983 227 679 246 190 359 910 973 302 609 122 380 113 643 678 301 383 634 871 450 277 340 718 200 973
298 591 298 653 617 936 750 495 851 446 837 126 586 730 776 920 398 293 124 831 48 275 395 646 423 988 282 623 113 580 273 754 645 695 867 641 377 15 966 799 490 680 733 1 28 882 508 175 720 767 699 629 79 399 160 449 827 233 883 460 102 941 47 420 778 834 63 170 422 801 601 792 812 531 339 492 555 792 207 24 988 950 166 405 410 141 362 369 907 216 443 356 745 270 100 165 597 800 370 572 317 331 192 87 724 603 736 966 650 982 82 431 858 313 309 250 767 579 348 697 122 697 204 522 130 587 396 654 1 41 675 949 189 583 360 733 23 838 868 320 222 865 566 768 996 719 564 852 155 788 220 268 17 141 264 121 845 508 358 513 880 459 162 606 943 364 631 13 863 128 867 622 774 495 466 198 810 485 265 64 439 683 622 674 947 442 316 240 523 434 650 238 10 334 565 38 939 927 16 473 525 174 79 443 678 165 491 14 71 139 996 695 796 396 478 720 619 981 715 788 562 38 493 115 283 583 550 141 855 67 77 410 209 517 145 311 45 699 465 86 438 743 524 291 975 86 22 88 838 400 237 590 232 232 934 905 871 639 860 308 536 521 366 360 894 990 843 805 585 397 620 481 445 312 446 85 198 347 663 617 871 186 510 773 627 287 688 764 292 799 157 49 754 330 249 875 145 141 734 813 747 948 68 227 254 961 168 884 528 369 645 601 909 833 866 432 818 920 897 193 204 590 787 314 478 68 102 210 21 823 313 771 276 614 682 855 745 690 636 906 645 358 821 587 770 737 821 41 135 370 569 815 938 291 988 842 825 769 91 504 520 600 975 173 439 757 539 388 192 257 744 141 226 271 690 630 773 96 863 806 346 723 763 380 914 47 31 910 122 48 1 401 89 513 26 419 625 179 704 467 598 329 217 566 565 356 447 735 468 926 37 807 744 144 406 124 351 568 458 584 469 516 442 677 109 175 660 386 852 731 706 126 333 169 104 341 826 423 386 903 217 839 128 62 133 77 694 40 392 631 446 953 203 879 981 461 855 890 174 444 182 585 960 29 207 64 808 907 103 117 605 958 379 625 919 967 771 467 701 396 869 680 936 604 278 424 833 845 7 882 183 18 232 997 862 567 899
526 224 115 268 43 437 230 313 390 206 1 223 850 827 628 399 970 916 27 63 253 830 46 907 180 864 191 788 157 731 346 775 503 399 676 870 241 985 386 530 468 137 486 294 602 511 260 102 126 319 896 526 424 715 180 271 436 420 860 545 983 719 392 355 756 521 282 219 918 178 167 490 592 862 817 486 529 516 435 590 803 371 174 213 117 8 962 842 24 796 527 111 437 277 744 652 401 436 463 401 892 713 387 352 952 323 267 282 566 49 829 63 630 824 388 885 630 569 688 564 661 760 880 988 509 437 800 734 836 463 497 771 674 345 65 445 14 139 788 446 301 577 811 801 227 611 137 223 641 297 228 875 714 497 972 53 492 763 829 892 748 419 260 535 936 123 541 807 147 714 28 460 624 602 618 275 308 412 751 149 624 184 806 172 168 600 614 320 507 20 403 828 312 356 336 750 192 648 269 309 983 33 150 441 363 839 29 801 995 390 25 979 817 113 37 90 131 338 110 968 246 739 924 94 120 316 183 872 342 411 203 951 712 601 784 243 516 46 201 799 490 725 402 915 191 402 874 819 421 906 518 175 922 392 333 541 260 822 667 896 152 38 85 774 247 621 171 792 910 844 796 303 586 877 357 548 139 833 75 241 309 496 531 479 10 820 285 807 916 407 857 715 972 729 826 252 690 523 424 922 65 71 441 596 978 306 164 638 716 696 632 535 989 412 326 877 402 481 308 27 482 588 906 717 888 890 775 442 173 988 599 708 782 151 985 404 496 171 243 51 507 723 851 845 40 886 404 138 323 248 594 7 415 502 157 245 97 514 676 322 230 351 390 46 144 927 817 187 919 738 140 114 666 756 764 463 930 489 360 138 718 187 233 880 743 518 909 273 655 327 161 605 212 115 963 790 727 230 352 454 117 220 514 779 297 629 417 696 535 12 642 366 541 706 455 662 388 17 572 398 838 339 361 914 871 347 16 431 876 467 496 462 784 369 142 885 671 30 599 956 393 581 139 334 714 633 236 59 113 537 515 835 596 532 402 502 994 844 465 538 164 665 888 74 911 226 356 458 626 267 611 739 899 965 777 343 541 817 765 322 921 159 608 513 46 579 804 945 171 448 54 911 86 354 977 467 627
250 106 909 113 766 368 321 152 854 290 162 575 522 899 189 749 191 365 959 101 832 513 284 474 489 899 495 590 925 390 530 752 990 102 57 933 280 415 391 849 544 634 552 925 299 374 268 691 866 728 490 201 380 966 764 409 587 811 970 209 347 936 936 397 85 883 710 730 491 197 807 670 994 556 881 414 277 265 825 375 283 626 845 364 994 243 630 299 9 444 905 366 809 957 524 75 754 37 616 800 535 705 526 20 497 819 772 988 687 653 300 356 408 537 528 717 321 483 952 871 983 536 706 425 495 203 519 637 756 953 786 6 612 767 473 401 653 185 569 527 724 625 563 819 583 159 721 570 578 843 751 549 44 439 692 10 536 606 718 297 459 83 678 830 235 90 110 129 593 207 68 738 931 947 53 411 623 697 749 880 619 307 336 869 827 285 555 726 599 964 471 428 633 660 940 518 69 615 35 663 646 802 973 577 666 398 441 473 352 483 957 396 248 185 159 624 341 65 685 803 636 858 299 648 445 636 383 485 775 686 28 420 744 222 421 472 37 13 124 78 779 26 403 16 316 126 795 911 712 317 681 916 653 681 742 795 37 142 180 182 9 342 850 84 717 389 175 773 849 557 573 967 722 303 345 478 906 680 215 288 655 116 843 926 313 479 791 87 918 126 651 777 893 260 451 892 560 893 194 548 117 775 702 911 320 828 383 858 234 711 146 711 87 123 845 549 507 923 210 548 727 654 658 983 734 859 241 113 261 999 126 838 400 700 400 140 185 559 818 660 713 149 756 856 165 491 738 339 845 349 360 924 580 664 641 625 751 373 620 785 72 165 649 957 122 695 946 787 161 385 945 243 478 950 198 969 801 999 556 74 372 354 150 651 599 626 520 397 362 429 576 762 716 211 464 85 63 805 83 936 438 356 642 533 236 357 942 826 501 968 257 774 87 249 890 989 482 301 655 308 78 614 446 42 972 174 179 167 575 920 630 651 933 637 829 173 963 816 537 738 498 426 13 767 738 952 29 714 47 223 251 456 86 826 442 571 485 408 195 728 152 12 284 661 823 971 172 423 493 963 583 338 370 81 810 773 319 363 124 332 493 54 980 162 405 140 39 912 965 288 859 26 507 912 269 723 749
431 328 962 354 413 609 700 194 520 846 111 837 703 555 362 110 43 58 558 8 852 642 253 24 36 351 717 541 226 680 320 126 158 223 961 952 407 240 959 566 141 732 577 711 520 80 321 96 845 246 42 469 411 799 423 606 53 754 614 68 858 795 115 455 715 182 991 487 937 720 118 533 218 917 784 430 199 825 892 221 692 946 288 612 87 626 847 51 761 94 669 152 681 738 357 690 224 708 887 601 441 705 765 157 836 721 272 869 548 637 694 608 960 734 96 471 708 257 617 691 955 538 150 44 57 971 319 440 231 596 48 897 472 522 661 451 793 264 577 268 791 710 902 969 812 307 370 178 788 289 287 340 355 723 506 191 38 771 207 37 170 609 94 507 197 728 580 216 843 937 852 339 826 517 40 388 124 470 984 994 964 115 690 941 298 611 858 915 509 134 347 249 988 160 776 893 84 256 115 423 408 864 597 533 296 345 819 147 216 299 861 213 831 401 111 279 176 482 674 262 907 44 567 668 481 110 993 381 626 623 807 955 60 808 450 924 790 336 809 480 769 246 520 999 878 729 669 930 23 811 170 431 530 110 504 875 998 923 767 771 673 175 29 844 40 279 688 255 358 379 601 160 91 861 364 133 319 984 902 359 847 242 854 609 425 878 795 113 434 567 235 826 958 551 525 140 5 600 465 310 942 556 2 163 23 780 185 500 422 103 187 889 465 152 589 306 78 454 679 551 738 284 300 124 298 984 547 877 289 694 448 604 495 86 829 216 512 489 997 755 561 934 93 145 893 183 368 750 626 579 217 801 728 45 803 289 915 407 747 115 946 295 56 915 467 755 86 659 313 985 546 640 670 858 499 542 785 705 454 203 748 230 645 918 275 243 348 990 465 292 88 476 132 436 725 209 938 954 86 933 897 780 926 711 646 939 968 17 788 40 795 267 809 423 232 145 323 343 147 105 292 947 353 553 935 234 898 474 938 186 176 902 675 701 270 777 855 958 350 274 114 177 663 543 434 72 224 382 924 263 713 601 794 818 885 221 76 151 399 9 884 630 737 993 426 689 250 680 413 650 765 954 518 753 320 881 894 295 656 668 318 113 608 716 946 77 973 101 198 131 906 601 792 323 695 295 523
785 817 153 398 653 690 465 692 315 222 512 322 189 528 894 951 601 150 202 714 620 86 613 843 370 250 182 428 730 812 217 952 209 112 924 366 492 99 786 889 110 569 174 187 146 561 596 724 385 74 269 878 219 626 399 87 833 695 168 600 590 269 253 357 159 87 827 562 917 987 446 457 758 47 293 18 739 379 455 335 811 270 832 143 730 280 356 846 124 260 181 61 952 852 6 432 521 300 415 38 632 746 149 474 17 23 174 376 659 451 77 683 870 199 767 528 108 734 738 66 203 109 369 647 157 628 893 864 24 237 596 337 65 426 111 332 257 584 692 945 317 758 510 556 60 363 929 325 420 305 241 41 584 653 449 649 274 534 947 967 321 476 668 663 724 963 622 603 103 589 126 144 216 104 214 689 666 212 345 123 427 959 545 400 193 648 596 611 239 976 703 1 517 394 672 253 581 641 444 731 98 889 290 330 76 499 138 597 113 563 546 16 852 911 637 32 302 744 113 194 704 921 683 998 442 886 400 983 668 265 315 359 492 89 537 192 517 376 327 381 411 774 678 902 790 278 752 260 446 104 493 980 269 654 163 148 502 804 87 938 637 274 297 950 959 57 846 606 62 289 553 376 967 262 51 316 334 247 373 426 155 886 383 932 822 6 217 65 410 858 345 382 727 277 659 544 996 624 773 640 734 852 660 5 803 68 259 153 554 956 849 436 193 640 767 358 889 384 465 442 520 452 214 950 176 209 562 815 677 231 285 269 284 401 244 743 321 615 265 47 61 355 40 51 218 547 721 856 101 203 975 948 118 718 850 488 850 720 116 641 909 911 653 411 620 171 672 190 958 279 717 557 146 16 225 872 95 6 500 658 767 808 458 776 430 54 45 139 922 457 69 3 447 817 433 351 730 404 245 686 515 9 347 414 856 529 33 273 839 159 416 314 405 380 726 78 962 597 879 630 3 120 251 366 822 78 17 964 373 548 666 410 652 327 152 760 168 507 187 279 55 405 580 979 145 135 540 950 940 985 571 239 807 744 469 511 742 653 745 676 840 211 299 406 97 848 206 506 773 903 535 443 729 789 156 343 840 882 819 175 964 878 841 936 326 501 81 938 630 912 685 825 621 356 514 25 333
498 769 498 818 998 729 518 121 120 712 405 176 430 613 164 833 453 583 775 268 580 554 96 665 607 710 484 278 153 957 672 236 957 649 724 814 405 791 830 297 987 82 1000 510 248 596 502 616 631 778 750 464 311 791 745 63 852 245 688 959 827 384 373 358 471 985 875 130 267 88 841 71 326 650 544 845 580 350 337 240 868 768 632 419 700 178 872 705 388 362 112 428 525 17 746 392 414 109 717 649 11 263 716 478 594 823 338 122 496 734 369 640 888 570 592 822 296 531 260 597 824 241 775 119 896 277 781 195 159 981 259 205 487 437 885 395 795 134 388 523 783 670 682 466 713 544 591 839 175 119 949 910 963 491 359 128 82 838 54 451 723 72 436 203 8 247 892 239 793 493 435 103 779 988 831 212 725 993 114 45 930 176 496 334 989 644 257 944 706 914 745 750 901 418 481 45 284 157 888 801 197 812 745 903 980 921 848 600 610 108 386 897 977 590 791 432 997 51 724 52 722 650 764 527 819 821 636 631 577 96 159 702 918 554 261 588 247 343 860 644 202 836 757 832 626 906 212 926 952 229 557 1 112 386 981 81 40 479 476 307 488 794 941 211 303 84 465 401 559 937 756 429 772 260 959 51 477 97 760 315 700 727 899 981 430 295 970 237 474 203 792 616 396 687 582 948 966 450 769 845 74 130 205 387 991 633 759 132 136 800 5 665 265 198 382 549 961 229 378 50 873 691 575 751 34 136 818 281 924 323 141 227 66 441 303 420 740 371 29 976 600 403 625 583 350 605 845 68 511 169 226 682 928 718 737 172 711 791 907 431 546 13 808 728 217 932 362 603 545 58 176 719 452 364 529 820 5 461 829 893 311 488 581 106 646 88 563 814 429 649 217 979 634 129 76 510 65 436 855 804 593 990 456 826 662 294 800 936 709 240 928 469 841 555 575 546 549 833 172 506 994 377 663 931 673 731 663 955 823 868 702 903 292 608 464 998 678 993 406 898 531 523 85 726 930 889 7 451 24 506 268 252 912 812 266 916 915 276 877 806 730 578 942 689 249 703 973 142 637 457 18 71 996 359 654 45 311 603 789 340 558 516 32 34 754 970 982 789 418 497 499 504 781 173 866 613 962
293 701 468 658 920 134 29 104 684 818 481 386 347 828 587 357 642 404 49 400 782 374 945 270 818 54 919 927 436 649 98 133 961 933 484 152 183 280 691 262 892 509 672 91 139 811 781 817 553 136 552 641 848 746 908 842 56 198 729 278 14 630 385 526 148 421 106 713 806 14 800 775 749 779 879 517 245 324 757 649 34 66 665 816 5 814 235 107 337 275 963 419 209 3 910 536 348 219 380 871 716 729 703 303 340 770 490 39 434 216 431 974 450 258 121 614 822 636 610 56 847 825 467 21 819 126 607 626 444 199 321 191 50 690 257 58 122 959 114 651 504 567 75 319 662 435 692 134 726 951 378 80 470 98 822 690 514 490 804 443 357 244 671 513 864 840 459 240 390 912 79 331 391 91 850 363 128 905 475 203 431 747 102 230 325 525 336 654 319 329 406 149 386 205 104 568 669 945 462 596 171 987 624 377 395 685 65 208 153 11 851 6 769 536 383 277 800 779 924 207 527 550 869 445 754 462 636 745 328 528 259 300 375 275 580 279 84 910 839 412 20 16 468 432 933 557 281 69 226 798 871 414 63 706 746 94 171 557 545 324 616 614 886 345 956 122 910 582 293 596 456 514 602 684 74 820 841 384 462 400 376 366 439 837 682 126 45 31 772 738 465 293 198 173 160 402 534 913 480 527 565 100 962 902 623 387 220 263 639 581 26 306 355 313 381 228 143 527 364 213 589 602 143 38 773 641 471 868 818 130 406 628 883 71 927 973 637 367 337 569 978 51 521 781 444 185 502 335 705 819 808 563 55 849 884 121 47 779 464 992 281 504 892 321 713 867 380 756 481 378 782 490 229 938 895 775 607 212 787 969 195 759 615 68 924 872 636 524 926 269 67 684 616 924 503 395 926 688 695 378 569 132 882 419 407 896 193 635 758 83 941 886 185 115 568 899 279 872 390 398 605 867 186 969 484 821 124 689 329 630 796 398 640 446 675 953 954 126 231 554 220 712 490 285 889 853 798 425 567 476 247 125 11 631 731 549 419 775 745 97 150 480 638 570 553 627 852 277 700 517 91 472 157 529 291 64 23 270 610 970 697 760 940 941 496 905 261 909 500 833 827 308 888 96 775 702 196
955 120 242 410 666 405 572 82 32 195 76 864 960 891 320 811 644 482 884 691 341 437 411 410 428 315 254 786 568 816 510 421 834 447 812 679 805 723 55 587 84 301 69 945 768 391 312 625 335 657 910 217 104 828 668 240 629 211 964 880 521 943 358 145 974 640 215 711 39 455 309 148 618 869 343 73 802 571 655 280 27 877 811 839 47 716 439 890 109 910 594 131 386 233 871 896 189 32 312 645 403 381 266 372 924 453 447 646 79 994 916 429 742 433 938 761 865 381 947 876 921 349 453 514 178 693 816 918 170 893 267 832 229 577 856 384 854 113 308 900 278 428 868 855 820 437 605 594 211 828 449 660 568 914 822 441 15 280 526 926 205 932 545 383 145 546 401 902 549 349 691 783 480 35 314 402 403 189 835 75 120 676 561 494 319 265 61 269 496 66 369 286 215 347 864 725 722 824 284 3 171 328 387 198 114 701 372 314 222 966 491 752 448 766 373 302 644 556 818 533 621 408 587 883 729 920 902 314 673 167 622 561 874 910 454 400 174 895 693 904 268 566 77 579 691 345 687 195 334 966 23 266 298 440 524 261 179 128 727 268 308 981 875 465 52 570 49 997 710 825 393 738 183 913 95 227 488 48 844 410 952 724 380 470 185 527 46 690 805 981 466 375 190 665 433 639 80 678 867 955 703 357 886 129 172 827 667 750 430 587 770 713 500 970 711 785 382 797 630 633 917 785 932 957 302 307 816 935 157 677 920 838 797 521 416 580 251 47 579 298 890 216 836 762 422 934 794 80 663 978 339 397 27 37 916 474 592 786 111 638 308 578 623 517 249 941 578 353 37 409 19 483 570 79 716 58 633 762 579 67 554 733 313 907 488 439 544 646 145 370 687 252 61 232 109 685 366 139 45 358 433 174 544 625 929 522 790 237 238 717 904 718 103 500 832 1 225 749 609 882 797 807 375 31 660 728 994 667 729 839 235 811 488 971 225 812 500 993 777 175 127 394 439 455 547 457 461 625 323 836 536 617 920 549 608 619 806 222 54 777 925 373 783 520 881 503 604 956 953 746 194 59 320 150 773 230 940 932 822 34 860 592 207 54 920 947 4 562 136 23 470 621 956 782 152 854 627
615 889 145 135 130 959 819 439 65 827 156 200 927 904 169 862 674 546 51 969 18 514 306 660 831 909 449 410 284 168 87 265 227 284 569 679 209 579 477 725 273 665 128 732 949 899 843 550 871 707 755 153 587 603 958 971 978 396 461 844 606 784 249 109 378 739 936 208 519 414 473 725 255 396 566 449 184 509 731 968 275 118 496 175 549 939 740 930 965 933 337 482 395 575 58 902 577 280 522 556 82 293 742 574 251 845 727 270 212 179 425 481 402 609 484 148 251 877 224 662 885 861 970 865 754 911 123 987 965 516 762 312 340 202 826 963 966 115 933 896 378 19 902 620 220 566 597 662 467 772 738 967 141 865 536 725 218 922 582 733 801 579 422 70 639 733 351 846 986 540 190 603 53 858 404 740 156 544 61 550 955 268 650 501 992 304 646 67 825 180 757 456 710 316 397 161 658 785 570 415 55 734 28 590 846 986 663 722 269 445 858 132 153 556 390 956 827 612 997 127 689 669 557 317 506 92 906 183 568 385 216 794 905 383 105 504 953 130 525 952 280 496 375 819 736 767 848 332 165 549 465 328 799 542 138 475 900 358 574 6 927 705 7 663 523 767 626 224 808 835 659 184 295 989 348 108 982 718 341 832 968 618 662 373 32 154 395 683 516 582 333 196 438 738 217 721 761 834 548 301 692 446 221 248 21 569 780 505 447 988 580 795 278 178 570 295 266 570 575 879 504 938 940 125 731 556 491 243 982 571 59 144 71 349 811 612 303 524 478 763 294 678 935 956 376 469 919 674 650 580 606 650 372 247 868 986 703 8 540 445 802 563 601 48 601 581 366 862 540 512 70 683 559 9 404 888 704 274 700 480 268 539 822 233 362 225 480 989 556 291 172 837 899 133 531 719 737 295 770 48 321 770 396 170 19 990 345 481 79 294 626 627 436 981 89 594 360 717 30 938 217 18 134 142 348 550 337 894 922 555 104 535 865 554 715 684 819 126 564 828 641 370 362 241 688 424 975 588 638 385 113 631 96 961 509 910 556 191 656 584 87 969 545 398 378 433 915 987 300 659 95 721 528 329 882 811 932 195 929 574 923 148 522 96 347 680 568 765 903 170 413 422 616 507 8 727 208
57 175 781 794 668 79 76 291 798 795 258 108 501 531 985 713 975 111 806 835 188 485 763 129 162 690 56 215 822 248 649 967 577 880 623 3 507 612 880 822 260 100 300 568 956 140 711 621 581 992 850 833 672 753 932 901 616 683 107 734 607 150 599 194 986 321 268 127 72 949 959 245 620 413 448 609 720 614 844 611 981 721 370 166 778 930 197 762 237 66 771 168 672 378 2 893 100 808 707 500 444 732 461 770 744 803 828 875 695 423 83 27 211 435 531 345 451 371 210 12 575 477 916 48 933 21 448 607 398 126 634 931 502 762 145 755 994 842 241 521 843 304 204 848 194 94 938 604 970 861 161 570 478 317 1 702 171 315 865 235 292 951 42 762 426 954 410 119 254 393 620 350 150 392 59 396 658 952 947 439 130 962 103 559 747 797 907 668 127 225 180 3 776 371 731 271 227 838 410 510 673 996 582 750 56 588 845 448 529 285 790 742 897 564 409 758 716 399 147 112 611 493 333 462 894 89 518 750 77 96 396 5 826 285 133 363 662 341 971 30 568 799 84 402 963 180 495 478 854 960 379 661 582 820 592 935 657 884 715 263 389 538 143 148 131 501 747 326 305 363 42 840 320 964 600 144 201 130 713 436 757 152 276 818 872 748 819 34 733 724 843 441 801 601 383 314 610 495 510 611 574 163 580 449 440 211 9 621 189 693 862 524 30 86 535 771 776 228 184 434 60 111 618 11 345 715 607 309 162 668 208 909 857 176 221 287 598 27 620 856 805 571 970 955 123 504 256 317 725 649 384 829 191 21 734 446 937 20 673 50 820 28 161 401 16 966 911 91 46 701 338 898 394 41 728 21 750 462 723 274 3 579 577 95 631 761 911 842 795 871 17 454 276 180 797 208 898 601 255 47 21 295 110 916 924 646 767 890 417 641 348 132 762 53 802 471 569 97 48 808 454 713 923 521 620 811 971 594 66 12 515 107 851 443 351 829 752 618 987 40 210 487 24 491 791 419 167 140 95 614 141 759 32 597 194 229 312 215 788 358 536 755 255 465 275 739 41 363 164 826 421 934 412 386 343 452 111 874 548 828 175 162 508 886 115 230 845 441 320 397 206 863 152 751 500 216 494
821 958 463 889 806 322 739 697 95 826 722 721 552 428 525 516 166 602 256 863 725 565 793 499 497 258 895 822 180 820 492 259 54 412 619 37 21 28 507 293 150 977 860 566 231 149 195 207 277 324 857 104 218 648 187 441 936 892 539 873 271 545 121 658 132 413 881 565 945 764 939 629 340 730 229 603 570 902 842 777 165 345 824 330 874 304 483 169 35 428 280 150 565 987 118 720 249 597 747 736 229 803 334 525 704 919 808 737 524 519 9 290 527 671 212 801 327 316 890 512 693 902 877 969 366 389 968 377 295 816 388 678 855 634 297 174 981 459 986 341 131 211 18 540 67 235 786 601 267 786 622 650 304 315 871 354 218 148 87 282 378 483 181 623 150 477 220 128 361 579 260 208 234 126 562 776 691 637 770 784 999 962 8 362 477 722 159 458 923 294 438 518 115 547 596 416 168 172 28 594 412 442 819 406 882 345 435 918 876 262 206 354 524 604 887 186 999 345 256 177 767 427 2 476 621 314 543 928 985 701 845 962 856 626 40 873 490 933 163 822 882 755 722 751 482 92 607 852 543 201 542 662 148 539 180 934 560 681 329 154 798 370 991 14 577 290 624 425 851 854 894 193 307 859 41 172 841 27 540 729 779 762 164 524 434 573 191 92 455 781 961 717 516 935 124 305 658 625 156 148 424 669 554 957 506 443 412 195 448 650 523 824 605 784 568 69 718 14 898 57 147 602 258 368 819 849 933 945 59 682 137 279 971 256 523 529 419 352 664 648 614 588 168 770 993 739 770 948 734 84 312 178 156 677 545 878 623 327 969 68 978 932 640 164 126 957 333 104 785 206 612 459 304 507 63 414 821 185 836 792 259 729 824 580 531 664 979 24 857 796 323 46 594 298 431 658 157 756 298 3 952 336 283 90 847 830 2 608 893 492 39 660 220 874 901 941 861 25 407 202 250 634 629 577 758 729 756 273 653 209 281 631 115 260 409 902 76 602 383 583 993 792 661 911 936 637 423 167 888 895 869 534 357 42 263 83 582 877 536 878 465 345 502 740 178 420 432 298 259 626 656 368 367 60 297 504 23 267 969 526 2 70 806 852 84 465 674 902 994 917 489 740 3 544 717 60 782
822 823 986 219 966 237 818 622 794 256 599 862 173 377 957 714 187 282 383 276 258 471 445 670 855 25 917 226 472 27 59 384 129 845 850 652 515 846 583 923 712 26 121 90 695 176 279 850 728 25 819 509 723 777 751 113 306 922 198 847 117 839 535 834 773 294 930 478 53 469 56 180 147 714 787 978 82 890 326 718 365 347 193 374 179 487 67 6 982 207 55 841 374 716 732 956 342 255 210 492 333 642 164 952 888 341 76 447 957 27 835 709 370 554 995 424 843 720 162 726 551 984 312 43 466 206 598 8 994 605 846 935 674 478 744 491 201 610 422 287 848 657 702 918 638 121 39 32 913 760 336 356 28 694 562 486 402 422 883 888 224 419 517 9 555 63 345 256 802 644 898 524 549 589 695 160 609 144 372 692 514 829 681 59 547 393 244 900 382 205 907 984 484 37 809 928 600 481 685 351 12 771 302 296 412 567 590 179 383 818 364 972 585 647 560 370 737 176 763 855 760 180 567 919 880 787 262 765 158 562 757 919 802 706 926 647 738 607 910 623 981 974 743 47 263 795 365 236 520 266 326 875 999 967 789 195 354 278 552 754 192 366 374 246 158 678 334 624 893 507 61 165 27 22 242 437 866 228 741 506 268 410 157 634 610 579 213 856 201 739 913 569 608 402 189 439 650 188 292 952 293 621 311 584 400 754 627 702 401 876 8 835 355 190 923 625 861 847 497 370 281 421 913 138 789 373 237 701 428 334 763 54 675 345 124 539 212 168 689 94 416 26 352 571 847 92 257 7 634 3 857 962 592 551 361 760 232 821 987 511 419 277 195 424 793 659 469 587 526 407 750 491 120 171 869 380 941 928 630 477 348 537 400 361 504 587 183 989 219 638 462 711 543 763 498 79 534 558 1 965 97 199 109 537 579 847 584 685 749 942 809 97 751 912 857 888 739 861 334 678 666 453 279 190 125 38 791 954 263 777 878 412 693 495 891 52 93 272 683 278 584 372 821 442 760 715 272 882 892 924 169 83 345 923 996 929 110 41 701 949 203 766 404 182 303 686 936 378 330 18 19 532 362 707 329 870 810 788 541 599 312 556 926 360 882 162 809 239 64 558 264 12 195 387 70 950 979
721 394 467 861 583 629 599 175 499 514 347 338 517 796 657 697 418 580 906 952 307 147 274 678 830 640 606 385 796 890 69 545 873 487 315 473 893 55 922 540 323 349 111 430 188 782 649 91 499 691 549 555 629 649 367 745 987 130 52 195 923 427 91 227 241 790 748 773 386 894 498 473 28 550 843 699 18 884 555 309 734 845 187 8 93 9 231 181 211 453 536 750 821 849 800 435 628 948 368 667 47 466 805 940 246 593 28 794 924 777 418 929 627 225 569 561 171 249 134 827 826 957 610 514 664 112 949 80 834 116 820 721 224 4 919 976 683 532 867 767 136 428 49 647 340 938 450 155 372 30 676 701 194 483 969 731 618 188 135 939 823 664 709 756 690 891 727 515 187 303 331 549 625 67 962 298 617 571 674 898 384 208 477 451 157 381 492 858 719 583 569 359 504 679 51 25 344 722 490 328 373 826 896 233 99 858 119 733 358 819 290 786 620 137 882 590 497 222 478 962 511 150 41 520 734 791 197 542 891 332 144 496 970 751 893 384 635 373 982 836 374 245 852 933 188 441 540 314 12 233 275 215 459 971 458 581 117 682 513 219 473 470 876 405 666 627 262 677 564 877 731 55 239 754 812 480 407 727 806 991 998 108 184 322 927 832 541 158 121 798 33 280 908 883 649 95 802 478 821 371 381 201 68 917 444 760 522 97 178 104 847 842 940 287 448 47 402 772 415 872 440 983 368 540 602 838 128 85 191 355 739 978 608 446 463 328 146 958 917 379 41 616 750 871 562 662 245 941 967 772 935 348 968 209 798 529 985 283 82 45 839 223 275 24 378 170 439 493 397 656 674 352 698 113 877 876 680 431 254 222 241 116 205 883 880 522 135 434 84 757 536 839 399 194 312 886 938 82 527 426 571 634 136 738 948 400 904 421 160 79 686 118 784 935 334 586 428 737 373 487 545 780 940 10 483 700 304 394 873 15 278 434 829 171 27 422 680 563 234 311 387 789 596 204 231 710 971 706 235 133 729 858 400 13 637 43 470 151 329 546 743 459 113 651 162 359 560 344 122 380 950 579 161 941 612 47 73 18 665 777 544 938 402 504 229 792 392 94 515 710 779 350 858 804 135 522 26
577 313 57 470 120 720 228 909 720 845 481 520 449 257 525 49 495 955 649 604 676 820 530 664 750 518 966 167 682 627 782 492 235 97 156 520 52 813 367 497 570 714 41 216 654 907 931 445 916 389 885 324 951 903 504 926 798 605 492 544 174 495 909 851 315 156 147 389 777 782 143 778 337 449 788 508 465 427 458 589 356 389 945 134 906 60 527 580 342 136 937 880 994 259 607 655 910 777 30 913 103 953 396 421 196 983 470 179 61 470 1000 312 576 45 285 515 70 222 353 664 547 507 345 575 465 409 422 365 899 415 815 753 934 709 436 326 687 288 635 807 858 225 953 111 4 765 103 903 731 327 979 111 597 712 459 195 348 697 242 736 263 221 417 370 720 26 139 403 418 147 121 631 156 169 870 597 414 91 524 20 426 185 1000 11 307 343 688 222 712 22 153 716 303 33 826 670 678 663 456 250 779 591 874 869 924 285 27 120 539 165 145 169 292 211 446 315 382 698 809 191 922 745 436 119 215 251 824 270 242 952 639 338 520 590 823 792 32 801 591 501 961 712 150 707 581 479 826 501 626 515 868 951 775 753 705 878 679 704 678 539 838 144 569 534 351 102 348 698 239 13 521 770 16 303 395 522 633 257 27 530 198 986 48 704 454 517 604 982 608 988 796 424 433 488 130 321 60 681 625 306 196 628 759 239 741 87 895 988 3 646 822 561 787 399 747 268 355 891 603 83 841 488 746 218 672 965 263 385 897 291 232 505 649 118 838 785 355 503 937 489 945 52 676 695 334 753 301 854 560 362 732 853 592 932 420 719 789 626 717 636 649 308 618 174 757 815 966 700 718 148 170 176 772 476 476 844 644 270 625 919 360 960 353 982 224 465 382 784 525 943 527 950 525 784 511 545 679 812 873 303 855 745 880 414 129 259 881 755 557 448 40 882 288 604 376 230 276 346 233 933 946 971 708 732 871 884 437 885 657 556 120 803 324 340 481 458 67 260 191 192 36 823 74 911 374 460 954 396 545 320 45 119 406 638 325 716 422 249 407 920 618 742 154 169 30 442 272 379 708 446 470 651 815 142 530 987 325 22 892 860 85 462 781 850 743 253 422 82 29 982 103 601 565 342 514 550 272
203 40 814 237 572 623 835 3 6 295 433 616 578 752 694 965 209 814 939 345 158 328 136 226 631 136 110 542 837 91 393 828 961 187 687 543 370 754 444 354 367 169 456 706 951 848 219 643 483 445 506 495 304 676 377 571 582 321 693 371 2 531 613 808 162 488 95 793 313 534 166 149 530 930 754 904 241 829 530 385 23 761 228 666 307 745 197 462 714 614 346 138 867 323 852 876 578 968 652 639 699 620 578 476 603 254 903 885 453 349 437 975 359 437 193 165 82 65 431 932 604 306 780 754 683 248 54 141 76 256 260 452 439 160 480 777 136 258 998 7 927 476 725 599 994 719 420 332 556 78 125 979 421 335 500 560 676 454 774 406 775 407 166 428 568 330 491 770 630 256 877 726 379 224 923 471 398 586 223 350 720 372 52 7 122 344 51 109 89 947 992 460 851 85 275 504 910 60 726 204 810 344 501 114 694 916 55 996 650 304 743 535 1 137 505 403 731 195 187 354 155 122 598 956 212 922 567 641 96 548 125 52 211 658 274 767 865 277 183 242 216 325 635 859 542 890 785 40 201 948 291 420 359 174 426 118 560 111 155 358 755 666 437 685 395 560 653 527 625 764 737 332 314 244 621 970 509 416 193 721 109 126 927 359 643 794 762 546 9 877 248 848 500 130 585 686 25 92 572 37 170 357 811 202 294 671 297 679 312 257 270 986 215 133 169 309 368 919 232 38 833 943 272 511 486 636 390 741 216 115 732 315 649 2 66 320 211 549 10 535 339 266 50 681 156 735 683 158 198 844 393 63 579 487 426 731 184 808 172 635 95 197 836 245 542 66 154 921 768 981 836 852 194 532 596 602 219 670 221 405 730 638 913 929 333 603 864 74 636 481 723 800 654 183 973 100 147 246 136 889 35 774 130 395 678 696 793 490 173 383 775 989 440 965 834 797 115 631 384 259 266 207 167 110 322 125 94 55 794 626 402 692 603 285 325 952 901 557 164 664 962 469 240 796 618 200 309 296 948 682 866 242 304 678 964 787 547 315 746 251 422 548 753 21 833 275 356 625 164 99 977 101 972 924 847 612 387 893 521 798 950 488 290 612 664 597 299 62 158 108 716 25 593 500 42 915 254
129 69 210 307 636 398 545 982 730 921 712 790 907 291 143 218 892 965 923 130 120 548 997 622 345 611 133 354 468 357 642 708 454 231 489 628 682 75 531 177 892 390 368 883 680 433 699 840 683 691 319 613 840 779 999 364 91 915 523 238 911 915 417 696 553 455 653 522 669 995 872 615 763 197 928 355 853 847 586 583 413 112 332 112 791 193 95 447 571 862 774 331 742 477 591 795 140 151 136 268 26 739 856 56 995 759 405 775 751 140 233 766 274 428 319 386 493 878 620 336 331 801 308 119 959 918 664 70 508 724 468 392 274 980 488 533 580 100 540 65 789 785 184 267 819 237 814 243 793 352 680 846 326 992 161 817 476 336 121 101 766 606 323 253 767 912 253 768 749 339 831 509 446 684 218 284 419 583 385 553 461 577 465 690 888 271 860 690 315 667 17 215 308 213 26 192 710 71 464 560 327 978 245 526 848 975 983 639 574 819 133 955 238 659 141 50 804 705 685 573 734 408 169 636 820 617 672 334 583 455 954 582 347 447 277 775 935 278 597 743 890 754 411 462 490 634 161 863 999 24 525 449 703 596 105 790 98 570 663 704 953 816 257 470 863 436 597 812 1000 39 998 922 315 493 274 905 197 832 145 231 281 107 800 43 947 377 2 676 111 240 552 653 615 99 163 316 157 522 955 836 146 606 32 638 893 227 511 694 891 958 298 398 74 673 140 744 961 314 815 369 280 688 480 907 997 800 414 733 909 711 994 181 358 301 667 425 61 422 894 22 187 217 556 901 247 941 506 405 880 625 678 357 446 787 700 582 653 344 337 564 597 729 130 21 328 905 151 595 425 312 625 34 250 532 258 996 298 542 939 187 309 343 643 803 834 668 195 605 611 400 947 960 12 821 273 476 217 722 648 309 450 879 405 251 880 680 772 966 716 147 786 503 323 696 7 846 240 968 638 601 506 302 828 532 196 848 670 185 386 239 557 619 132 987 306 653 370 254 370 61 757 790 67 102 974 53 678 704 804 373 920 588 223 191 509 579 269 207 785 701 99 619 199 549 819 231 163 416 296 57 319 438 993 767 735 808 882 646 231 554 593 358 281 644 50 810 950 390 716 31 149 55 10 171 186 558 873
479 357 623 36 879 192 672 352 33 356 795 868 978 891 126 583 562 479 980 1000 241 489 789 441 197 911 948 233 496 10 141 275 483 998 55 638 890 575 130 741 772 486 998 9 301 703 900 724 86 665 971 656 287 377 422 492 302 323 873 551 408 503 818 2 58 773 939 457 394 895 17 490 808 188 502 392 123 533 547 466 17 835 717 508 672 576 944 57 161 146 636 678 828 63 181 105 108 99 336 54 279 357 697 973 831 884 50 960 622 581 902 241 106 430 767 667 920 977 345 649 959 408 914 133 599 901 477 497 938 687 998 770 355 427 704 475 214 314 71 404 477 610 950 942 161 538 634 112 619 310 504 641 902 303 112 655 85 240 599 969 894 173 455 27 864 562 303 389 11 875 268 780 91 220 898 355 102 793 507 488 485 751 413 635 602 604 915 105 729 279 265 315 844 209 195 68 582 436 593 887 87 126 137 708 147 685 458 101 572 17 48 585 773 210 940 136 378 294 520 517 60 59 664 604 795 590 855 614 199 214 898 171 887 698 650 229 997 276 564 709 544 845 907 305 180 10 10 954 402 866 461 750 530 513 383 231 329 136 132 427 707 48 394 490 266 413 694 18 427 12 223 103 377 300 984 525 633 301 619 805 73 87 662 260 816 67 392 192 7 758 888 803 375 739 905 965 297 134 475 357 111 890 887 162 316 907 932 143 610 122 554 613 53 721 363 511 394 20 525 666 806 393 153 394 258 491 207 301 975 48 451 80 335 904 737 904 678 89 380 399 64 830 590 627 606 401 996 776 507 29 139 269 499 780 308 956 203 799 378 83 480 22 945 115 94 472 294 370 3 483 765 394 753 932 187 667 815 337 917 120 70 267 411 286 976 627 320 180 480 977 10 188 294 820 128 801 125 482 980 822 698 330 267 737 264 602 478 272 59 547 864 215 159 438 283 949 543 567 678 888 389 516 902 670 849 553 916 52 890 718 821 131 758 847 17 480 362 780 572 218 980 841 577 200 921 338 39 306 303 425 526 595 578 476 329 788 473 901 402 852 964 475 811 52 168 675 890 230 594 31 134 994 769 988 895 206 669 883 255 133 175 998 286 935 882 58 870 915 139 521 186 403 699 761 471 1000 332
897 793 790 759 273 244 714 776 176 557 146 284 104 20 617 719 240 675 587 726 41 38 158 980 600 656 574 678 634 947 519 469 428 444 532 186 310 58 528 571 351 272 176 815 666 506 500 879 124 811 32 271 284 660 300 427 593 867 620 576 140 196 987 782 100 673 413 867 427 747 27 448 313 978 626 686 142 440 653 996 773 869 589 698 262 24 873 524 744 765 474 639 997 541 405 764 730 183 948 493 747 687 531 273 270 540 333 375 50 550 555 882 684 411 709 609 258 613 608 959 306 269 530 42 404 886 614 40 500 322 825 961 303 975 829 306 241 899 171 481 221 555 32 23 648 938 393 737 83 820 215 797 721 553 868 360 105 783 739 715 342 479 446 713 875 184 520 520 433 813 674 590 898 929 139 242 391 201 15 243 846 711 44 204 258 21 8 485 243 664 92 859 611 534 881 128 792 824 236 329 212 91 342 418 154 325 843 664 73 768 696 692 763 220 825 682 547 342 310 444 962 248 590 632 293 97 533 307 940 567 897 230 854 495 781 423 516 740 917 346 464 225 827 41 273 905 479 825 893 410 105 499 723 335 440 300 670 7 886 813 106 125 645 105 401 114 40 587 219 810 352 695 377 12 242 666 73 264 264 82 795 303 808 307 124 646 689 693 269 382 933 323 580 25 15 513 46 680 399 986 862 852 153 322 130 360 972 694 791 837 996 552 896 821 465 184 159 758 931 105 352 630 113 563 768 659 683 253 538 639 54 369 469 233 424 768 236 526 685 987 532 568 585 896 129 396 931 820 632 913 74 138 111 852 579 160 381 778 999 526 760 594 635 550 752 42 492 554 253 243 165 213 359 681 657 971 464 174 632 413 370 909 568 672 24 102 455 466 519 62 431 577 376 487 590 732 487 77 344 804 666 927 2 624 578 529 628 863 282 782 729 748 467 763 549 777 98 628 561 575 267 199 883 218 10 329 797 74 613 791 221 183 674 496 40 66 715 816 691 939 239 287 737 915 703 590 414 8 432 832 945 605 55 51 519 834 392 48 719 279 589 219 417 244 852 420 849 884 432 733 8 322 898 189 355 842 46 99 529 279 546 913 966 210 683 634 355 988 366 999 510 179 733 275 812 601 775
302 891 861 564 219 626 827 985 828 586 811 758 472 536 274 62 501 846 909 899 562 856 780 469 388 601 807 506 930 585 528 343 468 105 723 409 83 551 50 851 45 674 911 360 430 603 304 516 465 954 768 705 142 778 649 242 966 84 170 933 958 766 222 13 619 829 450 810 565 339 493 174 139 204 897 777 674 11 708 821 854 728 384 85 921 210 867 683 260 86 127 971 4 805 815 35 37 8 956 647 685 270 347 33 616 239 923 495 348 39 95 588 376 452 261 211 925 309 853 471 612 410 293 63 621 848 190 436 254 92 151 387 140 531 502 39 451 411 974 624 501 184 622 781 83 681 463 667 174 806 969 1 399 525 526 834 565 997 368 354 583 549 879 592 154 793 838 894 389 881 646 386 468 83 656 242 538 949 205 762 986 833 41 930 132 946 294 79 39 18 284 745 997 498 227 232 966 576 580 252 364 974 916 712 133 996 127 322 40 57 908 113 194 262 342 498 352 412 480 579 227 377 413 710 680 754 412 301 618 468 201 380 770 170 779 453 181 351 768 257 297 527 771 673 878 417 556 411 299 756 215 267 987 943 489 880 831 901 300 184 813 202 877 335 385 620 937 554 270 842 629 805 80 175 284 329 864 735 251 883 772 134 102 892 683 61 922 681 866 427 853 720 14 686 446 982 888 364 948 31 77 128 463 980 983 737 495 710 768 429 399 697 525 28 454 64 610 162 975 83 289 69 764 223 667 784 465 544 38 262 883 256 312 585 591 914 9 262 787 804 521 542 311 474 654 630 630 188 130 631 357 910 112 149 230 621 837 286 524 749 851 923 131 368 49 476 927 300 649 303 444 270 366 151 111 477 763 562 255 99 832 555 318 726 761 486 831 770 579 1000 346 394 287 488 574 850 783 305 869 334 959 561 434 607 527 477 519 148 563 677 979 707 650 53 926 906 176 716 958 977 529 171 695 758 740 562 485 754 783 509 329 540 650 72 456 517 937 678 759 827 988 123 999 729 237 620 721 282 657 452 641 744 521 940 179 659 636 374 328 701 731 931 148 230 819 4 387 626 399 873 555 584 997 877 694 737 495 708 536 936 168 181 841 816 84 455 190 506 919 888 448 160 860 463 534 400 952
362 745 434 889 776 867 895 158 306 248 590 196 866 871 587 131 402 567 33 995 635 266 379 81 397 746 758 964 888 924 738 268 805 264 199 41 669 700 468 298 860 862 230 589 406 634 328 627 727 344 65 510 634 587 280 627 658 742 397 931 307 889 257 935 658 238 787 10 266 234 44 544 522 846 433 291 672 51 826 465 744 197 514 709 646 999 240 199 184 479 90 993 47 550 706 501 909 351 175 905 362 479 362 82 129 144 425 511 612 544 449 980 816 211 320 425 150 873 668 991 553 201 698 903 336 460 413 226 90 316 438 352 60 689 818 977 606 811 124 20 815 280 581 11 283 286 638 978 588 669 159 13 172 295 172 618 831 800 151 82 374 921 981 973 501 219 950 825 12 904 633 690 982 422 296 823 721 392 909 865 756 264 971 114 783 325 35 392 667 164 595 105 737 659 473 785 860 960 315 832 916 526 384 346 777 781 369 359 65 145 710 968 257 632 326 958 928 497 579 75 864 133 47 715 296 203 462 341 253 479 725 339 716 49 199 148 144 551 405 338 512 237 454 296 270 246 113 563 977 398 153 310 865 596 276 86 792 543 265 965 855 814 651 166 802 6 394 478 421 715 268 215 610 555 58 405 880 803 935 747 162 781 220 358 970 429 696 211 597 624 796 620 863 702 289 168 843 464 48 575 836 6 852 421 859 861 378 9 678 538 882 385 931 171 834 702 867 116 294 687 715 409 417 900 150 386 988 147 944 26 782 990 246 936 170 592 225 833 273 476 315 499 366 168 695 39 151 118 359 716 686 288 533 80 128 668 822 645 195 839 815 131 255 764 267 216 279 990 669 225 142 322 710 539 945 418 639 595 18 889 631 501 634 344 115 372 1 686 608 24 884 531 800 969 548 515 67 341 19 743 776 180 755 626 881 645 241 881 769 639 615 422 924 705 693 323 863 226 88 649 901 539 282 192 979 801 139 330 685 152 318 316 478 439 719 287 367 183 906 968 352 628 241 687 267 695 104 824 969 849 241 787 299 411 659 449 183 457 87 643 377 507 852 485 836 479 789 551 903 978 701 804 842 450 76 654 716 301 134 910 308 537 561 24 656 795 595 704 364 448 81 743 3 146 290 48 415
31 693 605 258 21 586 501 277 175 648 69 440 642 191 287 663 437 680 606 706 186 498 698 442 740 905 616 803 494 656 575 668 41 286 768 979 803 10 393 325 178 124 282 355 695 953 471 792 274 104 39 936 971 630 663 642 617 252 432 626 690 341 585 72 472 66 115 286 691 909 947 432 890 177 347 207 947 981 753 59 666 969 423 99 307 389 473 13 900 59 102 122 676 70 646 711 293 932 454 372 528 195 920 544 354 392 462 592 498 504 504 693 752 860 323 578 19 619 920 604 688 655 236 727 752 402 192 523 102 676 93 645 719 79 52 953 661 254 11 430 964 901 651 544 194 977 442 512 914 814 479 333 27 230 228 518 712 861 201 483 935 524 855 773 481 180 16 590 115 258 841 338 444 925 957 725 365 703 358 211 907 884 554 729 758 423 317 435 109 515 615 746 319 861 53 62 433 798 155 955 480 964 300 511 936 995 672 480 831 590 810 408 900 745 261 167 177 305 984 427 727 921 991 488 510 872 575 259 759 578 942 278 833 2 810 515 608 660 563 913 606 977 218 821 242 693 989 83 562 221 590 274 866 393 617 414 41 244 906 456 531 372 952 955 210 538 522 702 137 829 871 981 188 761 397 637 405 502 280 309 334 926 865 99 378 920 377 957 890 992 566 232 537 851 304 823 785 897 453 533 227 518 762 48 388 157 880 898 776 363 717 477 835 653 406 827 922 341 333 32 558 850 200 767 652 925 739 860 228 606 883 368 4 160 722 227 177 154 425 110 306 343 495 38 859 742 123 343 868 324 311 944 436 129 334 579 155 28 863 127 40 323 175 352 220 813 875 599 724 664 692 5 924 41 57 836 367 403 573 602 907 354 76 242 567 935 94 408 766 206 111 1 499 284 118 607 768 459 54 979 868 951 84 120 528 521 528 365 29 177 868 266 101 789 649 710 927 442 964 398 567 503 15 676 197 443 17 881 267 319 457 510 237 110 233 484 398 511 589 434 634 412 98 592 659 328 1 344 965 361 401 285 606 849 701 70 345 965 713 41 203 509 199 373 548 783 140 134 169 393 791 34 180 987 245 817 935 902 163 640 221 705 820 663 353 224 441 677 112 500 343 788 727 530 519 255 456
21 18 424 207 522 724 413 406 289 396 713 646 658 124 122 867 720 900 402 118 193 702 990 239 918 23 633 969 824 838 224 250 495 981 991 713 541 829 514 18 732 368 694 327 648 380 57 304 408 829 182 819 103 211 93 737 14 481 306 257 797 619 632 283 901 988 404 249 739 494 414 22 543 525 679 450 664 697 38 890 666 344 42 302 329 708 788 460 229 445 706 407 969 933 981 231 314 984 819 984 575 547 118 257 523 196 33 376 718 363 138 182 343 281 728 751 312 303 831 290 577 18 438 410 757 503 392 143 455 72 267 216 931 529 104 618 139 904 641 248 235 612 627 475 367 679 934 349 98 710 210 403 465 454 513 794 636 309 714 592 886 249 400 982 17 797 456 162 97 150 357 683 853 942 436 363 532 528 701 278 179 368 368 501 64 60 943 544 668 862 952 443 953 27 958 715 554 582 191 913 14 505 114 653 285 118 424 791 955 745 112 74 780 180 213 221 424 943 241 617 901 204 354 655 276 786 724 497 845 375 909 95 262 400 838 176 98 347 967 456 663 37 250 175 721 118 639 284 647 916 939 637 516 499 17 17 277 783 830 598 685 833 290 395 548 1000 481 645 850 783 130 333 45 972 636 981 874 462 823 593 377 197 964 853 927 250 697 813 255 41 324 790 436 19 609 899 865 844 853 107 254 582 410 283 808 727 340 194 731 636 338 46 784 267 311 857 269 544 303 696 185 742 509 637 84 584 138 384 471 86 562 979 257 616 403 276 295 82 89 849 92 362 336 958 936 589 949 908 222 240 907 601 944 708 953 74 925 632 241 844 474 92 788 758 91 525 268 455 574 615 531 990 60 763 468 632 339 430 630 655 730 848 955 608 644 780 490 145 828 536 340 173 262 583 871 724 656 119 75 152 308 9 367 1000 516 202 463 647 914 773 815 209 697 89 667 208 986 702 605 799 473 551 726 550 614 803 488 590 985 132 385 207 848 712 514 135 875 704 786 613 558 977 316 548 971 529 842 562 128 893 150 356 823 872 828 417 175 760 648 620 729 894 285 813 6 359 396 233 451 41 868 560 954 436 135 432 144 371 507 989 262 449 860 967 794 665 192 812 5 835 652 195 303 946 613 56 661
798 214 989 423 171 842 556 684 448 831 328 610 415 381 777 415 924 716 259 777 135 17 36 575 692 204 441 589 915 236 791 512 332 846 357 764 42 750 686 598 657 635 750 283 548 114 940 944 852 941 133 110 868 32 170 378 937 453 479 412 764 524 842 11 281 253 271 844 856 276 628 499 693 688 920 982 791 546 996 548 341 336 88 419 848 612 145 713 17 931 368 122 67 719 262 624 851 714 416 155 539 154 968 705 77 515 857 98 784 473 521 357 866 163 96 159 982 617 431 873 651 386 482 19 765 25 179 39 46 408 61 972 602 51 91 428 570 937 214 481 478 17 291 787 319 30 571 920 22 164 534 152 675 194 732 761 464 984 652 537 261 583 554 316 897 633 757 362 837 935 752 88 221 178 730 94 891 505 748 146 564 124 698 725 641 982 833 831 716 569 385 506 616 333 998 523 654 537 504 259 710 972 639 371 443 886 493 61 979 983 214 197 998 706 63 496 446 610 795 967 992 542 352 966 551 286 164 372 293 703 331 674 137 658 654 333 454 918 181 627 417 533 990 366 998 937 314 581 398 363 33 541 129 88 100 646 384 39 511 893 34 623 925 417 394 819 749 259 521 2 726 391 289 170 542 356 319 716 809 457 345 832 288 82 144 607 199 624 974 911 810 213 118 586 697 464 202 926 116 343 469 632 317 170 215 568 925 956 400 88 269 472 765 363 275 868 91 486 668 906 336 319 188 186 970 698 363 534 838 819 625 159 440 266 310 735 143 7 651 758 676 558 800 991 203 310 384 32 769 21 864 678 227 519 255 347 930 469 54 507 913 709 295 281 19 470 815 198 951 20 31 840 102 995 555 428 177 205 674 958 270 239 525 280 237 955 849 180 875 664 295 757 135 714 13 151 677 386 406 274 749 926 119 503 549 439 887 923 505 49 678 804 276 578 990 175 218 286 684 228 298 593 731 998 796 48 774 382 186 876 203 964 245 228 262 625 5 635 706 154 199 211 967 665 959 981 280 327 579 688 332 392 446 109 770 431 726 867 574 46 708 571 654 511 650 307 637 672 934 96 597 572 478 310 468 168 348 65 307 997 126 440 16 550 869 183 81 838 965 228 911 747 512 233 167 658 554
669 749 178 248 253 419 398 663 539 558 603 34 719 476 655 413 325 598 976 785 540 967 177 675 745 685 138 990 289 402 594 924 798 79 700 968 583 103 992 89 764 882 660 607 630 423 90 325 983 320 341 526 777 924 888 397 327 78 526 130 225 351 280 209 297 818 856 233 569 807 8 461 273 13 846 948 592 846 355 48 655 505 426 266 840 939 340 159 353 187 671 731 291 152 309 611 770 714 231 389 704 653 632 308 908 312 326 439 541 105 820 304 348 515 553 369 937 644 854 964 250 930 767 955 929 292 632 915 557 495 923 134 438 880 952 446 741 49 662 742 34 163 68 609 11 489 661 245 292 221 858 584 671 946 199 313 663 437 137 193 540 754 738 312 290 853 203 672 930 674 426 450 409 849 902 60 913 199 837 318 450 277 2 938 135 594 240 491 117 498 25 765 576 434 586 332 263 894 417 475 854 267 633 809 159 751 468 571 640 291 924 44 594 59 550 702 22 773 220 157 210 991 901 71 922 610 945 448 904 191 653 78 73 864 798 326 479 272 326 50 386 200 267 63 407 639 299 806 199 51 803 332 729 102 804 788 152 101 494 76 807 837 218 156 442 500 763 26 372 427 750 380 571 95 953 868 97 926 896 215 202 708 197 40 204 261 16 784 944 86 790 707 903 256 875 810 522 949 781 277 51 603 3 36 447 9 79 760 426 616 934 590 362 165 602 15 907 91 907 816 611 356 65 853 583 418 994 938 354 240 969 18 393 16 861 832 889 124 60 983 57 384 357 125 971 959 586 436 702 833 630 124 4 445 526 732 345 973 766 715 471 991 416 914 78 175 782 185 436 785 811 953 218 195 615 191 171 353 229 576 631 794 966 67 910 543 633 433 800 780 664 876 793 432 242 23 281 822 201 941 100 384 415 247 802 315 923 789 848 89 770 579 764 604 347 409 737 492 778 492 839 180 650 167 874 827 796 620 854 304 798 623 732 827 64 783 357 181 452 430 203 495 118 591 594 292 850 40 509 934 841 449 680 581 436 867 609 826 692 105 150 624 544 932 18 318 383 866 558 162 357 568 928 249 956 662 360 222 301 97 570 918 559 310 523 71 808 139 343 28 706 962 994 624 531 469 311
557 205 598 334 537 862 253 902 741 924 550 287 684 434 725 150 511 285 922 984 277 145 616 310 737 309 238 895 763 564 744 868 56 19 534 754 205 381 614 856 476 291 218 656 831 593 351 664 403 751 454 537 418 55 615 570 27 947 900 51 886 777 455 348 363 751 169 847 523 551 621 966 66 934 615 948 544 549 959 982 620 309 527 897 971 517 574 604 699 963 142 398 642 93 347 206 73 734 642 648 972 871 594 721 721 478 60 979 644 243 91 382 54 677 583 209 286 130 346 793 30 587 846 268 835 713 305 306 61 805 544 133 136 812 59 311 810 516 210 158 154 658 818 777 596 212 113 114 319 53 161 430 8 404 500 411 454 424 257 624 212 307 901 78 244 432 975 889 617 10 432 305 177 163 535 688 22 325 327 666 760 570 492 77 873 801 531 534 530 582 647 172 494 711 576 907 419 371 648 245 693 738 953 516 519 419 585 525 925 610 367 431 365 140 597 803 355 483 713 38 904 174 168 969 326 776 42 423 107 421 549 30 769 37 474 841 302 326 939 539 715 500 860 857 231 324 902 291 126 549 383 124 338 367 555 904 972 459 671 710 754 255 964 273 39 933 776 395 428 557 742 611 740 62 195 140 219 71 512 539 928 316 355 947 61 146 556 228 61 408 69 546 939 564 324 806 154 21 429 662 734 492 990 359 665 816 676 604 610 131 894 145 481 612 282 843 304 857 149 258 13 150 630 184 592 246 654 58 730 329 604 473 115 774 379 966 46 201 340 359 110 342 938 849 587 223 377 315 812 741 396 699 494 514 695 155 60 731 411 195 16 828 489 56 515 543 780 452 941 348 49 164 204 120 913 673 350 962 284 452 298 985 910 838 363 404 9 113 473 15 130 714 755 877 463 142 23 996 87 871 294 679 292 995 239 85 953 579 614 974 821 445 590 220 287 385 234 902 777 571 65 792 874 362 983 211 905 991 722 682 249 222 948 561 915 267 862 107 886 818 187 953 778 860 633 98 246 750 978 852 873 999 45 901 416 83 65 108 751 944 585 637 55 200 956 238 159 677 595 224 965 210 857 369 27 726 533 249 287 29 473 856 606 452 151 105 208 26 391 273 414 312 133 144 952 792 371
19 144 505 243 742 122 517 697 675 590 107 867 736 944 828 950 289 319 272 771 683 323 70 342 783 38 350 835 966 641 874 589 33 598 57 7 396 436 312 994 598 770 640 169 580 724 960 378 134 514 992 311 470 524 566 961 18 443 327 271 108 820 708 402 302 630 899 588 92 74 902 532 292 865 489 221 481 845 42 852 776 176 13 885 504 354 217 159 567 311 174 610 813 120 6 84 840 671 909 569 931 88 368 564 320 955 124 162 520 581 760 828 474 286 308 13 847 293 60 439 708 784 192 264 560 97 373 404 530 410 410 6 961 38 323 2 955 256 562 887 90 246 852 272 310 626 705 445 890 124 900 976 442 936 118 144 216 146 452 827 916 125 930 732 994 961 401 568 103 830 494 753 981 884 148 462 999 85 822 363 362 877 326 495 377 467 991 405 530 952 854 248 494 890 844 558 619 575 722 615 807 820 83 299 432 430 71 813 823 208 277 326 97 475 826 617 960 22 154 825 371 454 287 419 514 679 171 645 513 378 294 637 188 417 272 35 889 452 344 856 80 281 809 716 929 32 787 677 468 830 380 807 180 747 811 423 357 775 971 549 449 456 868 2 908 590 989 740 35 360 630 760 379 716 970 716 192 20 239 723 929 309 667 295 162 594 478 491 816 353 894 794 807 218 527 686 997 240 666 405 168 163 200 861 303 114 11 293 762 490 752 675 335 255 664 495 612 440 631 465 33 350 69 737 841 314 302 158 827 375 641 980 918 162 990 497 943 801 86 363 197 765 261 317 108 103 135 312 835 262 216 654 961 53 454 221 267 988 326 809 692 678 160 583 506 138 320 105 765 786 855 143 903 407 879 252 396 54 374 448 837 661 609 608 787 333 866 666 767 656 331 343 143 899 631 429 194 78 78 993 11 56 328 367 994 67 425 656 385 124 78 406 430 77 52 544 836 179 267 765 225 217 621 763 9 297 306 374 734 482 738 284 38 595 307 218 848 964 413 583 574 266 133 941 188 966 915 571 916 340 719 169 600 84 82 732 781 105 134 461 1 332 517 952 23 812 469 362 463 124 290 594 65 705 865 214 70 52 177 736 872 179 456 695 654 552 492 364 939 98 422 653 779 926 653 870 745
574 715 813 398 674 574 567 321 146 43 33 159 321 721 814 464 605 692 616 994 918 95 229 616 845 426 613 201 113 5 189 652 557 711 732 39 15 581 205 611 372 216 284 918 78 413 950 496 403 241 266 254 544 380 46 117 383 502 869 206 473 149 399 631 590 897 827 980 568 598 633 716 402 455 963 53 399 97 821 445 813 331 465 525 176 261 619 94 515 290 26 952 288 878 667 798 831 212 87 332 643 515 145 400 564 614 897 625 211 571 295 562 553 428 122 369 604 606 942 662 692 736 372 744 60 830 872 1000 684 709 313 742 744 259 673 742 528 150 186 710 208 734 522 263 915 438 313 694 65 129 257 928 255 480 649 880 247 422 563 660 706 612 435 112 965 323 780 639 538 342 291 937 179 313 925 554 959 870 535 617 333 315 921 930 985 381 348 511 14 948 800 976 62 751 506 620 789 759 721 624 253 946 104 491 108 283 251 67 439 47 266 373 368 281 351 211 608 6 132 261 613 603 789 2 337 989 468 11 938 658 409 651 595 749 456 222 754 833 187 497 330 281 302 784 205 730 323 677 274 958 925 71 535 135 747 455 239 684 166 420 651 664 686 578 532 805 674 742 94 438 430 676 902 674 594 378 69 788 777 104 368 830 196 710 183 11 358 325 243 901 170 46 691 617 806 42 678 797 246 467 831 5 697 244 408 758 289 347 263 570 397 429 984 471 973 750 633 885 612 989 212 539 880 429 145 128 291 389 172 307 975 857 498 673 108 906 782 917 372 721 496 934 708 171 699 766 761 615 47 106 963 919 108 116 560 981 289 457 12 481 420 461 882 433 222 869 956 333 679 889 398 893 734 938 959 906 524 565 464 187 567 955 214 733 68 262 821 95 300 301 316 283 653 934 661 425 254 723 417 200 408 157 570 575 296 279 522 74 163 588 971 175 6 559 627 756 56 423 261 341 646 242 914 740 889 206 526 385 234 811 957 253 351 534 700 52 726 194 889 299 661 900 297 550 561 453 904 600 632 180 680 612 934 681 260 956 631 968 546 448 171 181 586 886 114 349 974 26 662 875 635 885 580 935 345 601 991 293 462 432 821 374 901 942 316 899 958 896 436 715 76 639 866 220 803 543 153
502 398 63 86 453 509 761 489 739 787 519 220 728 664 546 844 960 498 67 756 17 222 479 700 94 78 933 710 470 184 632 773 805 590 396 39 326 360 806 602 808 211 544 8 253 473 77 961 903 28 439 740 699 552 94 756 783 806 246 666 660 319 695 25 179 578 96 513 458 875 206 4 310 247 190 346 977 742 179 717 845 938 871 431 441 417 402 769 454 45 624 568 929 214 985 672 424 94 133 68 34 173 450 790 208 435 803 434 598 126 686 759 652 399 287 514 515 269 832 703 593 421 988 587 471 635 257 465 343 715 397 821 749 448 833 657 972 574 547 833 43 875 163 440 901 211 953 65 19 259 567 327 754 53 694 353 437 59 842 53 200 388 262 975 498 532 42 253 902 822 204 646 623 625 508 311 521 525 234 310 539 398 56 18 33 744 326 480 221 816 684 633 393 419 116 333 850 505 200 830 870 971 305 260 764 182 946 984 938 13 138 744 611 314 787 934 797 318 965 90 303 324 864 23 194 404 801 438 323 781 756 472 904 803 977 330 330 269 526 284 707 642 424 780 192 877 385 75 103 566 898 806 239 642 357 324 878 85 97 56 883 383 348 340 846 823 68 597 54 977 616 606 54 78 579 986 722 230 315 414 169 233 283 215 846 805 206 1 375 681 140 954 272 829 130 282 104 39 914 850 980 944 18 845 357 368 256 348 181 337 561 664 203 876 223 490 836 322 600 472 863 189 978 657 727 902 532 852 999 323 781 656 54 674 256 210 553 313 15 537 964 104 7 426 651 78 583 282 37 700 445 348 382 987 441 876 585 802 266 441 422 927 637 141 197 258 167 549 841 923 119 912 331 356 868 261 186 586 156 246 307 159 958 8 312 188 373 374 221 493 148 952 606 938 554 680 302 284 302 392 874 207 51 559 350 145 704 495 551 323 604 821 486 994 51 41 542 418 870 616 793 555 1 147 106 975 479 882 538 31 499 625 506 743 322 581 802 272 423 516 977 940 925 266 107 465 766 512 278 692 133 768 682 537 307 327 68 12 616 404 798 795 243 86 333 565 832 308 749 670 147 446 424 87 878 553 314 606 264 177 506 491 554 4 14 549 21 950 197 126 953 231 67 854 558 846 590
36 319 601 662 171 194 268 243 919 116 174 411 515 382 934 267 857 393 666 903 435 472 466 487 472 311 840 457 60 394 6 265 923 901 773 791 203 57 478 721 75 654 55 647 489 712 354 360 532 427 549 614 609 735 215 497 327 901 350 463 109 310 118 540 501 545 498 100 166 455 95 292 923 701 378 332 688 550 910 286 587 488 952 686 81 916 574 929 822 364 380 313 26 193 813 818 266 562 39 748 123 80 231 136 109 143 692 527 538 879 740 431 798 392 707 99 194 420 284 598 128 105 594 510 18 519 820 656 283 98 336 317 206 175 226 336 558 369 351 459 917 113 840 691 645 830 120 660 43 245 764 373 964 382 498 355 754 983 445 749 958 518 305 229 740 750 468 968 836 776 828 595 774 404 914 121 944 436 105 25 312 611 860 192 47 696 983 303 609 986 282 577 616 799 592 565 659 752 845 133 118 178 913 627 432 518 770 298 976 493 780 811 803 960 492 226 908 753 918 358 368 408 529 904 919 999 582 676 943 894 905 985 601 896 394 133 985 784 260 919 754 31 665 792 677 920 625 156 382 627 874 911 95 406 505 334 280 476 296 134 89 380 739 721 831 941 139 233 556 165 19 807 168 241 940 779 786 876 776 387 762 140 478 377 543 222 216 647 519 810 376 211 837 103 518 897 277 347 157 450 874 273 856 91 874 678 22 534 740 280 194 166 278 19 104 634 94 188 165 213 862 722 166 255 151 379 661 402 592 585 639 499 698 276 482 22 139 803 904 287 547 920 227 86 925 612 339 648 970 474 505 332 378 588 804 23 228 251 266 645 100 939 631 314 66 925 774 385 570 899 652 299 282 767 610 965 447 665 231 407 462 244 739 886 425 1000 944 720 376 989 957 109 135 460 629 865 571 775 644 443 20 642 224 773 883 657 24 844 87 607 621 369 841 951 658 224 811 221 612 287 471 437 866 177 888 371 331 652 212 41 300 445 68 910 182 30 261 870 857 160 507 391 143 458 839 838 175 257 992 886 419 302 239 4 524 252 680 236 236 842 389 840 46 846 884 335 853 381 15 902 306 772 21 116 62 291 64 478 55 715 477 558 706 937 139 703 641 747 656 632 298 759 917 172 365 752 55
485 153 660 329 825 442 482 633 165 271 128 63 23 341 317 826 607 109 867 848 705 409 72 112 117 606 46 329 194 270 139 814 57 957 216 906 572 235 249 444 127 624 154 550 912 754 528 346 160 390 58 504 271 930 200 245 56 2 108 201 632 444 324 841 362 399 668 195 523 187 692 959 846 979 2 859 98 467 937 230 563 483 844 158 933 34 104 254 462 750 192 482 102 186 86 547 726 868 73 864 794 788 940 179 578 33 629 514 731 727 328 183 256 744 567 975 751 974 390 118 141 137 569 209 460 508 587 452 630 677 349 880 458 761 588 522 170 995 538 47 327 731 469 194 74 160 575 478 420 986 46 410 61 606 219 279 254 98 236 843 401 225 493 789 962 550 233 206 628 980 466 798 471 51 70 602 182 55 933 618 842 824 315 193 639 45 904 43 817 112 355 577 215 992 584 348 333 846 384 734 239 485 471 541 123 560 749 519 544 134 416 658 398 103 414 877 101 681 402 422 747 868 24 569 870 296 719 173 766 281 55 403 203 539 864 441 969 214 535 654 766 241 779 450 350 212 853 203 33 429 734 655 881 696 163 685 829 612 604 425 455 781 482 221 817 288 824 48 80 446 113 487 775 631 199 820 110 521 892 257 789 790 940 626 389 871 811 797 72 416 53 567 728 164 546 965 651 183 146 542 636 526 955 619 955 244 871 866 389 640 850 484 75 211 503 516 286 70 618 599 422 932 233 929 613 374 303 429 363 750 205 835 930 850 69 308 468 198 321 426 779 568 563 106 296 305 180 552 636 173 852 1 592 181 342 216 115 76 831 252 206 635 724 556 533 852 388 759 882 119 680 7 642 979 746 546 410 798 974 90 27 106 737 363 221 500 802 2 437 399 242 255 703 705 853 472 439 577 45 901 904 584 289 382 868 868 520 245 374 362 656 800 1000 789 980 12 219 748 669 410 871 824 192 82 775 612 244 14 495 525 315 616 76 782 659 52 699 537 580 502 981 786 448 888 810 718 671 122 801 622 528 800 663 863 366 943 264 669 343 234 349 236 20 52 136 816 910 813 516 912 297 836 329 435 730 490 11 197 968 231 865 423 895 48 407 117 670 166 291 712 605 720 643 404 72 253 107
921 948 998 314 627 492 72 912 784 83 130 907 463 990 414 21 831 139 403 746 685 637 19 374 767 185 251 80 109 478 153 894 35 181 863 365 821 243 179 215 405 81 676 615 369 64 603 792 146 998 817 619 141 291 359 618 600 210 642 931 103 712 928 736 958 609 793 836 857 722 234 47 649 58 808 436 186 97 47 87 278 310 604 658 275 492 23 454 252 418 381 916 256 983 297 978 377 25 500 67 862 476 260 753 981 478 247 240 844 286 838 574 538 977 444 991 53 872 967 717 674 440 634 616 85 328 762 389 693 466 630 365 821 145 366 566 391 572 649 343 489 629 335 625 900 22 652 772 347 831 343 14 339 751 315 763 273 516 382 28 496 418 516 984 998 638 58 652 532 310 710 581 399 353 613 330 935 66 919 805 846 702 218 660 891 678 783 872 541 518 698 398 459 850 553 772 569 395 227 976 101 637 404 808 833 981 943 312 651 211 508 715 746 74 400 114 105 134 451 233 152 339 103 513 170 376 237 156 681 989 307 27 630 174 947 379 876 607 56 61 42 552 607 511 720 354 452 410 230 276 451 927 952 962 686 4 778 381 447 959 187 412 486 943 919 304 841 731 725 751 745 401 408 995 103 228 574 431 141 897 354 228 934 470 291 979 940 595 915 859 694 11 816 938 205 176 36 144 926 540 836 586 286 160 145 494 3 651 747 2 930 976 945 136 893 174 178 251 753 932 707 108 497 109 297 291 634 398 845 602 181 475 344 278 162 615 344 194 751 130 743 480 138 263 210 123 842 465 7 908 955 575 167 394 795 132 770 785 778 408 28 213 134 264 413 435 530 388 360 544 142 261 300 53 418 74 907 838 113 24 930 830 184 958 920 871 947 534 777 706 513 245 707 781 821 716 986 256 615 471 858 181 312 508 414 545 349 857 209 546 864 240 193 619 78 455 3 873 644 408 418 270 591 1000 794 225 909 195 475 137 49 638 419 383 531 834 324 401 911 76 922 329 906 435 487 583 936 436 23 583 210 389 811 138 506 648 776 898 343 44 706 329 726 581 968 644 262 143 315 395 295 811 695 976 496 498 465 287 640 353 429 568 927 14 403 390 216 229 193 366 69 52 77 974 795 177 49
236 777 603 806 853 740 208 102 146 186 966 440 66 112 159 647 394 534 1 201 218 423 749 280 556 379 752 559 154 987 471 350 152 556 310 657 367 818 687 805 209 22 574 343 465 846 833 723 943 168 644 807 988 66 782 268 996 259 959 800 668 681 818 464 334 484 316 725 506 214 622 723 462 63 618 968 95 734 830 728 261 259 189 49 891 732 727 257 435 860 569 695 7 429 45 383 943 241 271 76 427 568 885 773 877 772 971 321 277 334 147 763 833 641 600 384 988 719 582 552 225 432 257 490 798 970 973 938 353 510 235 489 50 633 1000 598 914 484 220 876 45 983 11 16 893 37 471 791 160 363 141 963 798 882 69 625 890 797 569 300 167 230 778 582 71 185 556 771 313 353 601 823 667 756 933 313 552 897 941 394 977 518 973 431 359 531 643 225 14 959 875 804 634 698 572 405 730 896 376 168 949 412 989 259 677 631 262 134 161 199 191 989 634 705 325 209 421 658 330 881 113 526 198 746 375 100 909 505 570 327 41 493 942 311 438 717 192 824 272 173 291 531 761 156 170 82 717 919 782 942 497 580 9 294 761 320 516 248 91 365 787 152 929 590 814 933 801 205 733 516 81 451 775 202 943 289 595 661 742 279 652 220 387 308 445 264 724 912 552 7 355 871 404 737 922 329 212 815 45 65 344 521 648 185 797 183 599 491 193 606 989 595 929 804 889 769 606 903 859 838 750 935 399 876 411 397 242 133 739 720 945 968 789 375 240 212 306 654 178 158 443 405 381 512 471 708 623 722 601 337 250 301 104 810 587 329 862 521 650 181 908 910 356 823 800 557 788 987 306 722 898 54 52 694 584 32 646 524 930 381 447 688 134 165 142 197 981 969 594 701 334 89 161 430 713 338 902 604 867 217 814 978 310 214 849 359 729 346 67 617 473 142 751 802 959 993 574 107 740 863 822 223 957 371 561 99 679 334 726 950 36 916 569 257 513 871 228 504 895 847 919 470 239 173 450 104 572 488 434 733 967 562 653 342 916 310 385 694 386 206 251 700 365 318 362 581 414 20 703 507 995 881 806 909 770 444 387 95 467 719 965 323 24 482 897 580 879 509 272 644 779 86 441 746 699 586 25
531 166 990 604 102 98 1 137 559 93 226 387 798 682 307 45 125 159 735 705 767 516 927 224 945 25 925 781 758 33 866 594 33 984 797 899 103 879 81 416 190 227 705 242 742 562 21 54 90 544 251 800 47 937 85 551 760 406 551 954 628 206 293 860 612 73 498 169 70 75 800 531 945 660 921 581 846 659 895 152 606 694 119 531 992 728 830 881 369 545 528 927 861 559 11 974 446 28 441 753 345 423 349 871 151 967 707 202 664 194 521 358 365 588 945 585 599 105 426 91 836 660 261 288 215 106 642 884 269 312 820 422 582 262 402 49 693 108 421 559 143 500 160 768 460 226 445 746 489 276 522 669 47 2 572 740 158 120 577 173 579 509 361 37 447 938 141 35 519 736 526 339 802 719 385 881 306 761 748 875 502 265 516 440 966 803 594 266 231 406 116 267 462 527 862 589 425 900 795 779 859 147 411 705 679 189 291 465 129 36 438 187 593 947 575 487 494 639 264 581 392 125 954 113 777 409 657 810 593 519 981 993 908 86 95 793 665 732 536 603 723 411 319 797 800 681 438 242 450 927 199 445 324 320 131 671 671 885 660 256 50 334 230 880 104 801 495 29 800 660 568 739 384 131 364 15 447 10 786 442 181 570 785 859 900 633 129 265 338 421 591 83 563 208 494 92 150 154 746 129 32 486 174 683 885 727 258 182 206 752 274 727 222 549 507 939 216 578 409 771 356 172 732 576 152 454 98 345 416 521 770 120 191 597 359 922 149 523 963 463 28 598 543 99 736 288 63 559 265 749 753 692 197 598 54 895 660 415 926 313 124 306 440 293 557 620 391 702 325 769 3 643 442 245 926 292 157 615 151 271 404 427 684 614 459 642 11 897 277 741 972 531 917 826 839 582 439 106 877 513 13 121 475 739 981 903 810 503 195 593 737 716 801 719 676 354 497 138 614 940 19 837 583 934 949 896 454 347 580 34 842 403 123 269 794 957 336 679 415 733 156 942 285 334 764 986 816 982 86 96 909 402 921 803 877 167 717 310 12 196 967 538 117 331 579 421 909 110 502 771 652 861 437 516 163 277 629 395 110 363 341 106 802 771 569 555 287 884 83 174 647 496 38 439 760 368 997
816 617 594 171 764 846 196 457 885 414 126 642 198 85 644 140 781 993 5 316 62 636 333 612 24 461 996 897 798 719 653 287 752 227 306 125 76 200 978 783 265 628 695 116 218 932 776 737 902 627 395 394 986 480 784 259 56 677 840 4 392 542 891 599 521 58 647 860 166 281 329 363 270 642 872 810 807 819 575 427 670 957 442 46 855 694 259 927 555 31 669 996 696 346 611 638 94 350 154 216 928 563 270 903 3 513 726 744 700 138 321 425 43 474 684 508 400 173 151 258 72 405 67 352 312 255 13 735 710 759 302 632 327 853 247 762 618 947 34 11 266 303 391 489 399 796 391 432 850 99 114 615 185 366 494 455 712 741 980 310 628 411 354 656 589 776 365 600 375 376 752 612 988 899 259 659 464 916 794 725 993 828 827 175 656 381 136 89 477 146 550 652 107 238 703 694 989 187 86 494 607 298 489 284 41 109 566 629 165 114 232 779 7 753 342 415 704 983 711 639 365 143 444 447 489 261 741 824 559 262 415 642 180 49 254 778 609 576 379 813 683 380 979 573 110 717 19 523 364 250 309 818 357 976 876 852 118 326 913 33 413 928 68 481 242 248 629 43 31 538 693 291 158 857 212 369 403 384 819 872 590 510 460 801 664 100 711 595 314 548 146 343 188 890 913 975 479 721 542 462 673 604 964 579 688 540 238 438 253 202 993 70 47 391 563 687 469 210 449 444 7 979 801 855 8 856 869 95 734 317 282 988 369 51 160 841 725 991 827 28 969 536 266 331 418 50 585 322 256 521 477 191 794 800 157 826 431 177 183 572 365 375 207 700 834 994 786 505 623 885 364 758 207 394 609 786 954 9 115 675 532 685 934 510 413 647 708 567 753 932 1 219 222 713 907 680 942 851 659 290 53 485 402 488 2 70 814 599 806 715 875 366 194 526 293 874 953 117 38 172 955 1000 76 85 695 406 736 478 163 852 490 77 35 101 527 312 430 190 710 96 795 822 785 439 251 164 831 546 690 141 319 126 549 726 641 925 269 321 862 244 204 138 595 251 366 459 902 797 772 281 75 699 461 14 630 125 526 367 21 899 437 133 29 388 192 335 961 824 598 268 308 797 558 517 16 146 38
549 963 244 381 841 267 317 228 193 288 247 664 360 437 647 60 28 488 453 898 277 576 403 439 668 102 419 281 600 858 892 374 516 899 84 211 50 706 804 347 329 830 695 822 727 63 524 306 701 350 230 938 564 31 380 369 158 761 136 804 900 194 506 208 564 203 212 448 653 566 972 605 385 371 280 656 920 577 949 750 30 606 254 896 145 568 149 623 517 900 386 40 727 934 983 696 320 173 600 770 128 21 858 969 1 562 506 653 56 905 530 164 258 199 215 866 2 687 323 623 128 306 595 302 423 580 305 976 351 903 725 291 740 1000 969 343 980 80 843 695 353 858 987 315 126 677 274 111 106 76 268 635 828 146 902 618 568 113 716 810 379 206 424 376 90 319 289 564 924 36 199 55 620 27 931 942 838 762 899 15 473 200 536 354 566 319 950 100 235 533 968 992 330 125 739 400 73 973 63 635 553 566 417 233 62 22 854 206 800 377 901 874 320 620 19 979 717 874 582 627 658 219 131 913 374 41 145 350 446 89 460 264 57 220 309 314 712 326 800 539 355 746 113 457 741 440 879 695 691 603 56 864 795 457 113 526 558 376 649 340 15 925 406 101 312 158 78 639 904 643 516 255 65 858 390 280 55 879 767 780 874 592 524 85 821 271 485 887 72 77 579 621 984 732 368 637 354 533 15 335 810 375 467 86 687 530 654 1 999 508 91 693 817 425 229 435 803 785 431 652 522 599 106 968 253 632 215 467 178 657 804 397 823 813 407 121 482 253 102 773 64 234 966 308 44 333 554 495 977 880 831 111 76 264 6 521 886 325 654 96 90 840 577 237 580 914 360 258 301 803 303 536 426 594 269 618 474 969 852 977 89 25 124 775 243 761 901 2 986 855 215 106 843 915 765 831 385 35 213 803 397 864 927 974 74 997 843 195 275 635 215 803 61 475 740 133 636 623 558 283 263 530 311 988 550 629 882 987 471 173 604 802 575 713 869 80 221 672 527 863 170 736 687 871 497 63 953 141 590 573 289 501 340 57 218 405 51 917 41 198 176 960 591 994 763 653 975 728 758 958 621 985 76 606 853 574 697 238 100 92 696 244 985 62 595 710 465 692 680 396 58 261 404 580 328 389 10
458 636 142 952 318 412 607 697 512 920 740 162 17 713 373 756 139 708 29 970 208 223 150 576 468 867 925 841 597 290 549 557 384 8 774 327 949 566 675 641 238 180 844 324 667 795 251 769 836 295 611 473 492 165 484 572 971 998 987 436 360 580 164 830 395 298 155 321 624 760 646 316 849 891 43 6 421 262 89 338 189 257 98 309 589 152 10 253 35 118 294 948 343 810 175 542 466 802 7 333 657 562 622 942 799 650 290 10 363 926 149 634 462 869 561 282 403 440 839 20 467 443 974 911 717 584 544 320 365 176 165 937 862 746 578 65 538 536 991 417 557 378 670 36 231 883 546 813 942 815 759 60 762 50 437 250 228 374 192 70 667 683 589 680 433 499 583 307 973 293 492 968 986 796 741 653 580 645 240 812 304 797 293 440 703 689 397 895 868 333 304 816 976 185 36 505 718 918 541 763 999 233 740 702 279 734 477 484 215 677 406 570 233 458 197 129 152 572 651 36 22 459 586 949 738 194 755 615 503 420 384 236 697 650 744 400 827 3 619 311 665 904 750 56 76 470 732 909 5 922 394 512 629 469 641 956 352 289 149 718 949 821 745 746 751 822 554 922 998 744 213 897 24 91 429 831 682 298 723 82 849 816 573 906 831 275 66 466 432 506 495 594 669 244 103 829 818 124 596 848 49 273 493 376 450 820 898 303 463 716 569 837 722 347 663 603 249 20 562 590 870 966 584 718 133 567 273 340 631 816 804 59 649 81 849 214 698 568 996 155 589 811 985 581 202 169 434 156 960 898 628 102 91 625 394 866 444 492 987 336 623 626 31 282 999 382 676 309 421 133 8 233 254 605 678 569 594 378 712 263 714 414 321 480 360 899 428 886 276 158 290 406 644 623 279 278 169 129 699 710 685 4 166 223 248 800 362 766 831 546 802 169 230 441 395 987 713 7 755 589 524 166 370 261 520 897 676 139 468 424 666 209 724 63 704 687 432 60 933 437 833 72 804 456 142 827 513 991 899 111 309 880 494 489 639 591 340 271 369 425 159 386 423 210 724 711 688 574 754 179 590 951 183 722 137 755 60 656 692 36 955 117 840 550 791 342 640 593 657 641 406 678 883 448 310 896 976
523 140 227 489 39 299 542 762 764 636 185 540 68 995 219 295 941 302 329 93 616 712 105 485 683 212 792 792 611 446 890 844 255 567 539 207 613 142 762 710 524 562 952 662 948 311 390 848 587 624 343 693 955 269 496 895 68 775 259 430 104 87 214 319 84 11 64 981 286 33 500 876 464 271 756 746 308 995 780 317 782 190 992 113 259 120 710 967 624 321 418 751 106 74 874 412 560 406 430 929 262 98 244 363 252 310 243 558 991 110 131 31 703 838 474 586 372 8 997 716 438 567 143 395 113 6 812 793 107 909 156 458 818 94 544 55 566 617 323 937 331 312 371 509 58 146 944 481 735 271 170 754 405 204 896 69 626 134 965 38 448 158 640 934 535 48 194 741 491 784 319 9 160 456 765 206 887 893 878 622 108 769 207 845 819 728 52 824 273 630 687 943 221 772 741 648 31 395 20 618 40 287 2 733 179 469 905 44 239 769 655 76 155 210 65 951 817 337 27 770 69 574 969 33 269 218 474 11 163 174 881 139 824 734 684 209 460 481 201 724 747 279 70 638 909 745 296 889 777 990 213 724 134 589 163 974 859 432 122 357 794 150 575 89 486 915 930 14 753 576 108 970 891 229 237 313 376 342 687 196 74 588 174 240 536 488 72 920 544 736 482 669 565 495 952 236 222 186 802 81 205 126 577 536 742 554 757 79 263 874 704 765 57 136 634 695 979 121 799 700 195 355 485 84 112 961 451 436 866 510 74 910 651 74 666 967 30 641 726 452 210 516 706 578 309 161 606 739 274 990 376 434 437 423 950 284 813 334 782 809 502 368 883 565 641 672 394 511 929 421 965 733 73 506 686 238 108 539 739 216 680 144 96 709 175 721 242 834 134 206 191 908 200 349 138 324 654 526 93 189 57 30 14 240 88 401 147 888 178 295 451 467 113 588 921 386 628 719 199 615 811 293 641 359 96 909 460 159 766 719 499 640 4 789 223 785 45 35 764 543 655 582 14 313 902 479 206 132 738 595 34 557 271 285 455 874 648 400 786 628 241 427 494 573 561 346 895 317 398 92 764 716 126 122 208 931 817 665 541 876 825 296 639 56 603 2 93 883 17 513 56 759 599 808 424 258 356
43 222 146 731 204 609 555 904 660 410 831 86 999 545 434 556 594 114 684 80 939 728 208 86 970 313 445 259 12 246 518 318 704 276 765 213 462 64 600 959 71 355 388 571 765 477 534 936 800 296 465 748 224 233 856 276 815 55 889 146 155 726 873 918 895 838 560 46 17 236 873 997 851 90 939 541 476 155 756 565 280 877 703 189 717 380 376 618 216 904 819 878 806 563 568 374 543 185 545 207 304 281 560 208 989 715 85 931 122 437 347 497 257 520 588 118 342 199 234 322 715 569 815 945 406 223 544 14 623 72 205 913 954 117 718 227 193 975 908 182 501 96 479 690 796 746 273 321 230 361 335 603 671 15 663 325 875 339 749 381 100 238 667 281 700 605 93 556 820 259 649 333 763 853 584 302 349 150 955 709 373 826 593 204 344 749 910 517 291 282 817 294 876 345 267 918 655 407 214 724 180 407 972 940 256 139 829 818 704 361 219 170 988 479 348 857 463 357 334 586 705 163 847 691 706 697 773 842 424 636 534 214 613 602 914 614 692 627 246 234 989 62 344 990 141 71 690 231 442 986 360 929 478 685 917 930 887 678 910 6 693 178 733 544 314 240 994 333 998 718 947 424 986 3 387 100 921 596 526 921 379 295 696 529 810 529 820 99 95 209 977 848 692 199 375 604 865 963 102 781 697 836 109 850 857 458 261 361 941 728 992 155 18 749 559 259 134 323 775 197 90 312 562 352 909 999 226 699 179 364 491 21 944 545 968 610 636 554 550 122 881 900 59 923 459 792 671 118 293 738 540 464 366 688 678 381 497 353 819 119 188 772 863 34 735 723 361 187 898 222 227 634 517 283 525 478 800 792 730 944 606 791 234 291 822 89 937 623 704 999 834 558 509 641 337 164 690 37 824 753 731 477 822 153 125 914 388 668 235 394 785 161 654 820 944 216 834 642 789 634 36 998 676 433 504 790 158 147 142 162 550 856 94 778 65 382 372 441 189 773 532 390 210 707 63 11 80 349 898 934 349 808 699 163 929 912 678 941 382 821 493 132 994 295 880 436 928 838 187 298 637 585 363 724 448 656 603 92 609 376 792 227 324 516 565 747 730 450 168 324 614 967 550 449 169 851 9
95 956 139 58 465 147 46 142 448 996 532 226 466 535 80 864 873 511 695 951 78 790 360 201 57 73 805 767 408 284 293 386 189 469 780 195 956 107 288 619 402 812 396 1000 288 856 967 675 325 807 15 788 543 846 336 75 314 109 888 665 648 529 251 3 956 378 676 194 454 238 148 371 440 188 557 829 996 105 29 143 733 689 949 617 445 526 376 838 916 892 168 294 428 785 35 772 272 874 259 746 897 149 852 865 901 698 359 919 493 995 6 325 966 12 456 494 671 475 97 58 200 984 874 359 551 366 348 155 419 130 159 46 59 634 377 931 20 437 439 713 733 379 845 525 455 233 103 983 856 469 243 549 399 398 536 212 565 489 294 547 784 123 339 513 949 473 237 517 243 946 381 938 532 496 841 923 255 738 551 218 727 392 976 331 19 496 751 185 431 847 687 986 88 978 678 428 173 777 134 942 433 431 487 708 780 97 653 624 786 3 917 186 623 632 955 937 145 918 769 325 879 163 981 314 245 144 254 686 619 808 380 352 624 731 795 894 988 781 902 987 497 827 309 895 861 839 706 574 710 384 684 634 789 666 852 996 869 559 32 163 510 5 782 514 545 276 949 457 178 756 562 250 54 185 360 373 478 589 138 10 864 311 855 912 328 332 692 275 492 249 855 99 637 644 662 760 978 764 998 775 402 776 956 163 807 634 53 350 827 866 552 463 888 840 571 705 101 245 787 792 233 481 172 913 533 651 897 62 740 252 604 955 769 480 293 481 940 865 314 965 925 103 408 674 995 834 490 704 886 243 577 43 749 423 303 228 152 418 657 787 977 387 162 574 107 50 331 750 318 273 188 473 495 686 789 496 326 794 145 285 241 369 924 920 643 995 95 910 672 514 263 46 538 690 354 333 461 289 609 783 312 546 334 839 645 387 712 883 438 197 599 119 458 115 684 774 182 999 998 320 199 498 511 151 487 324 620 494 714 628 253 27 442 927 499 896 681 308 821 989 486 961 514 925 203 276 122 204 22 804 407 299 906 187 24 5 409 841 119 293 502 760 516 873 181 676 288 842 580 352 755 677 395 859 867 656 515 809 620 411 135 601 330 92 725 7 881 432 665 902 171 330 532 589 713 446 788
383 209 653 200 86 234 282 55 483 532 201 994 872 44 869 569 242 47 497 636 382 646 450 745 215 130 574 573 257 161 302 643 502 53 235 663 657 320 680 783 302 936 60 378 382 332 81 984 953 400 211 766 123 557 39 253 499 171 312 200 440 457 883 556 746 643 621 10 830 37 101 693 926 69 866 975 653 810 738 211 841 689 433 953 269 874 629 589 886 508 331 326 423 79 477 961 969 56 821 298 74 315 313 251 659 38 912 571 234 764 989 5 217 399 67 769 295 689 40 767 504 450 691 884 723 565 522 207 317 974 43 489 851 123 992 794 254 141 528 251 820 242 585 75 632 539 617 420 207 257 762 180 190 80 388 230 906 559 704 754 923 806 208 301 165 124 902 97 400 874 779 449 657 1000 171 893 834 733 308 504 32 389 354 864 298 866 448 540 155 426 795 628 493 78 742 542 763 245 278 912 689 159 664 48 706 87 497 777 32 721 831 494 909 476 126 133 830 647 69 560 190 58 984 294 671 31 240 684 646 116 764 979 462 1000 564 58 189 631 858 834 933 406 157 63 697 706 167 764 368 964 389 479 479 927 33 488 252 118 675 32 979 959 814 857 535 152 437 66 961 363 581 746 323 983 980 453 865 623 245 16 303 571 819 512 870 983 479 38 758 284 434 175 674 408 86 115 584 334 983 773 807 852 434 17 19 700 328 723 322 700 538 246 474 166 955 377 845 737 308 823 507 382 774 365 537 330 320 685 782 459 832 219 818 949 844 702 504 916 707 160 58 933 429 659 113 116 548 198 632 129 272 191 479 467 988 577 252 687 791 89 662 795 485 575 472 15 585 452 536 947 973 969 261 745 916 241 454 109 278 393 390 922 470 976 475 889 626 898 567 842 471 660 739 578 500 160 197 779 468 618 289 303 205 119 403 440 19 960 984 237 976 685 694 811 248 949 337 36 729 958 384 405 451 318 968 317 875 257 531 172 782 353 287 805 619 47 267 653 910 622 737 155 560 196 414 147 753 390 38 311 744 964 392 410 324 986 798 357 934 802 305 880 529 940 249 92 652 602 602 685 630 209 570 745 566 530 675 359 854 76 880 962 258 203 329 654 412 184 186 700 987 564 70 501 584 565 935
7 95 720 550 449 26 182 718 628 813 706 744 25 30 51 335 480 814 86 289 886 625 431 843 286 771 107 818 387 355 92 589 960 292 817 348 557 299 399 114 929 220 265 558 148 794 389 618 332 187 920 652 400 838 372 81 428 324 218 571 391 7 620 103 314 417 249 250 598 781 305 212 912 820 189 255 473 549 421 224 981 592 396 515 502 229 13 361 687 910 285 86 778 776 695 328 463 91 73 224 933 356 149 582 750 859 140 244 364 555 32 855 1 999 984 396 658 40 131 413 715 104 448 313 474 599 654 161 977 729 565 476 612 365 299 805 919 339 831 788 261 441 198 405 250 549 861 67 590 206 54 704 520 712 987 216 598 468 758 136 206 57 822 1000 317 871 625 88 789 636 772 844 862 977 610 29 226 326 525 738 112 132 982 998 623 602 439 274 528 411 880 221 261 271 742 815 959 972 547 40 521 143 693 891 280 31 361 555 884 573 418 987 315 424 983 113 990 124 56 121 496 587 628 630 609 605 248 419 718 264 625 437 398 633 591 984 369 866 219 901 600 693 151 347 573 960 88 969 865 322 683 209 296 259 538 560 374 857 104 703 358 937 168 150 310 577 590 796 922 806 599 19 538 686 785 900 976 645 13 960 928 259 901 184 758 266 378 880 594 35 70 999 328 952 142 513 538 716 986 390 35 447 624 920 2 105 957 328 466 808 2 249 514 640 684 624 393 115 808 144 202 13 610 934 391 47 336 179 595 821 507 852 561 743 822 589 422 201 64 904 984 583 496 601 638 71 476 454 88 499 915 940 949 132 331 556 517 203 517 696 408 866 270 911 610 716 261 636 934 732 120 739 956 160 175 544 248 956 263 458 257 407 132 425 409 967 106 582 17 734 991 647 905 218 759 449 18 243 627 462 659 934 414 500 995 447 768 965 754 714 889 141 801 81 692 997 330 833 549 852 971 95 870 183 376 891 716 523 728 221 634 339 964 206 906 961 216 868 642 207 418 621 740 142 923 87 379 461 706 798 602 711 103 185 401 842 602 267 387 383 981 878 227 449 954 889 443 170 133 965 967 587 458 175 406 977 88 354 931 870 220 144 843 72 405 441 664 24 674 15 108 846 776 873 910 758 187
741 523 224 964 265 563 924 842 954 945 217 201 175 711 144 970 644 205 526 842 152 120 884 692 534 297 146 830 89 917 663 408 498 345 502 987 812 772 886 578 433 899 67 213 261 927 83 677 545 737 328 278 498 378 570 155 2 549 49 318 518 746 615 833 93 494 703 889 787 251 398 124 591 399 814 28 763 830 610 501 556 463 974 513 420 101 477 769 644 476 593 817 934 753 991 540 884 929 664 367 655 377 841 859 403 862 488 878 965 780 433 301 62 923 742 390 686 512 277 496 529 308 603 947 451 950 380 99 302 125 28 262 585 581 727 429 852 985 977 22 987 918 558 603 553 771 768 158 212 591 653 435 15 412 300 772 408 529 550 187 441 99 12 723 941 13 635 845 920 907 540 842 531 677 368 217 343 699 917 188 763 923 919 653 210 91 256 841 793 885 567 100 87 496 616 432 404 285 526 280 748 28 706 489 878 341 203 382 190 927 795 174 69 312 460 466 717 10 229 428 996 369 430 642 946 922 944 500 690 10 848 842 264 145 403 607 75 297 284 772 65 343 845 24 337 72 346 541 825 33 706 263 797 590 963 743 583 93 60 962 605 660 923 56 214 998 381 872 582 82 950 586 620 752 262 853 957 294 369 492 25 246 555 647 658 140 158 247 209 399 283 197 567 140 457 433 793 370 804 164 347 419 860 607 144 905 649 242 208 535 786 514 771 762 614 480 496 426 897 498 832 428 753 250 478 914 129 606 52 35 687 863 890 309 189 803 364 70 635 596 474 194 174 911 416 166 159 821 208 702 948 28 251 584 199 625 156 437 418 769 673 815 185 402 543 596 990 560 713 712 647 332 244 57 506 542 467 62 918 298 251 777 479 988 616 809 8 869 776 47 113 523 525 947 743 248 415 101 870 895 896 938 603 537 376 873 323 694 705 42 583 439 641 418 120 284 397 691 644 455 89 90 290 646 73 378 461 927 846 454 594 131 866 305 330 994 367 511 837 235 484 156 157 833 198 605 307 132 330 787 899 900 353 17 401 489 320 141 72 313 763 362 34 953 734 429 827 987 194 5 580 721 955 897 687 946 523 198 958 349 808 232 163 340 128 182 550 676 953 971 462 676 887 439 867 195 606
773 152 636 924 682 968 965 38 230 907 735 770 818 324 423 348 651 725 391 26 758 609 387 454 480 249 902 67 220 854 624 943 303 684 244 410 244 398 413 106 487 862 403 630 19 237 224 848 128 158 956 889 112 66 935 61 58 804 373 690 327 462 327 261 691 250 499 856 466 782 480 848 76 808 441 294 290 861 541 737 126 896 504 211 882 740 530 833 588 265 911 60 457 578 136 837 863 412 474 731 833 465 559 833 193 704 973 355 939 994 276 725 327 619 98 802 831 664 399 729 153 435 546 117 260 439 480 983 14 911 905 992 1000 790 240 251 609 854 180 866 483 311 795 922 212 127 87 93 497 466 373 978 872 502 131 317 651 711 504 178 215 566 621 776 544 786 444 781 931 419 373 10 784 621 571 495 231 690 526 250 487 994 764 903 584 394 589 176 371 707 512 581 426 126 130 685 948 668 668 434 732 969 173 431 200 383 926 532 468 570 450 857 420 289 274 758 869 934 276 898 667 378 394 386 27 878 605 997 946 279 89 750 469 983 426 310 192 305 293 917 808 310 142 170 147 736 406 299 303 934 616 865 367 565 219 949 946 564 20 933 330 236 574 273 460 782 43 89 228 133 699 649 457 314 105 101 247 253 143 144 583 936 651 205 516 360 414 879 254 146 782 256 723 944 248 436 142 46 570 486 837 352 670 810 231 696 510 966 896 532 780 999 519 795 86 415 608 584 908 257 614 279 737 64 431 323 994 732 17 515 257 403 1 767 798 791 153 38 596 103 460 268 136 157 657 531 492 81 622 443 73 415 601 752 818 915 101 922 930 452 867 771 552 130 80 180 991 832 7 849 953 227 717 823 688 119 339 960 504 551 780 189 499 197 881 215 232 913 904 147 935 37 459 922 608 479 943 962 157 849 265 752 295 604 334 74 956 976 476 158 49 923 498 558 542 667 965 252 172 858 118 422 547 147 585 327 156 222 959 710 161 702 543 539 840 269 275 89 550 319 661 661 772 484 594 878 216 925 586 970 417 462 826 384 119 458 171 695 203 492 534 693 445 735 769 964 367 262 874 85 774 287 860 254 197 279 411 84 214 537 341 872 835 151 87 141 870 773 476 156 321 11 360 321 22 171 841
63 139 80 287 794 709 400 499 525 212 862 86 438 473 832 210 665 31 645 14 225 635 880 251 522 800 326 696 357 713 769 4 137 11 293 331 897 522 441 809 582 519 684 942 338 51 34 888 284 425 387 101 836 254 891 269 474 233 663 202 434 920 632 603 946 228 856 270 739 58 548 385 114 209 477 199 292 789 45 784 966 71 674 268 230 779 335 714 32 474 490 496 951 787 386 96 747 754 843 862 593 269 652 966 651 847 844 625 753 309 750 534 628 667 659 128 448 123 181 8 906 10 902 306 65 515 315 476 781 111 633 450 722 722 698 775 101 375 356 5 688 198 690 915 633 978 684 331 846 698 696 50 277 808 585 360 332 429 618 447 98 36 661 284 732 554 56 233 856 46 785 997 235 600 939 803 914 166 902 837 924 838 102 315 528 620 625 195 77 766 937 174 664 30 320 374 976 834 161 578 25 31 50 569 419 345 185 647 487 68 325 366 361 978 878 122 579 49 941 462 419 164 961 20 543 993 824 911 292 552 364 191 238 749 905 660 509 695 511 567 144 916 249 819 168 376 936 779 221 546 560 257 780 58 718 409 965 54 164 466 840 855 605 699 400 828 804 461 483 965 383 492 452 698 410 566 157 566 520 244 160 797 170 641 53 414 395 619 317 491 131 235 374 847 330 297 407 147 620 773 990 646 688 784 204 438 744 314 508 187 346 553 141 277 571 196 971 472 355 786 237 945 681 992 274 51 685 698 6 968 7 275 717 69 572 473 717 447 658 905 263 554 6 756 983 190 257 133 623 498 475 30 868 67 731 35 23 844 249 139 297 29 585 13 482 704 298 610 798 816 553 994 973 84 584 840 631 897 272 697 488 174 466 343 675 555 97 653 251 932 719 868 378 568 707 443 470 618 559 790 245 898 728 307 553 478 213 77 855 751 299 533 431 6 743 902 91 757 134 873 845 993 366 150 211 413 358 379 915 566 958 343 666 627 654 583 293 880 14 207 386 668 961 633 547 333 179 526 839 167 42 12 14 488 913 77 815 427 488 750 322 843 449 370 412 638 429 202 385 74 783 55 239 247 908 229 520 188 464 623 647 283 836 146 437 394 156 766 860 994 686 850 371 179 633 128 202
318 127 864 683 39 131 349 480 84 565 775 393 473 239 249 768 348 780 558 327 275 55 16 638 650 155 77 794 218 551 365 9 114 730 943 978 124 615 235 905 897 556 290 508 612 297 185 661 218 576 822 567 959 237 882 706 7 279 456 988 513 531 868 982 760 744 921 455 58 523 324 207 369 548 611 771 826 587 389 741 985 121 326 132 731 7 468 859 245 672 220 56 365 62 140 17 886 700 76 840 656 67 720 187 857 800 752 867 228 797 978 545 587 785 356 336 525 552 69 569 825 797 983 313 925 945 52 305 54 978 489 406 751 165 255 376 893 325 133 577 657 765 118 466 900 499 436 695 490 344 946 521 476 149 496 189 628 277 594 802 738 362 365 725 671 149 103 428 888 641 210 640 259 36 422 706 640 762 751 715 220 201 261 127 84 77 559 225 272 534 291 207 180 108 852 161 692 370 624 933 324 173 743 949 374 552 307 849 809 435 493 897 172 717 632 731 697 959 982 862 329 665 83 901 948 867 718 113 22 975 358 355 576 495 254 365 82 145 431 977 568 384 792 159 583 801 404 801 687 635 30 44 232 337 734 876 884 511 832 502 732 428 411 407 461 162 100 643 595 965 240 690 11 847 676 217 76 419 685 114 963 437 50 607 83 847 326 749 446 483 956 858 121 590 433 505 123 369 955 663 51 441 846 349 909 224 762 812 684 753 565 649 74 388 560 229 558 793 16 386 196 192 223 17 350 453 925 330 409 77 301 721 240 548 401 972 631 900 301 620 49 766 492 81 395 417 43 619 449 901 859 359 666 535 864 357 214 557 194 945 904 647 699 298 559 996 508 757 85 121 841 502 585 843 780 961 432 55 398 234 318 316 809 346 965 154 345 543 641 997 623 414 607 424 756 189 540 597 473 517 252 103 758 709 180 598 466 939 66 544 97 755 946 847 487 81 688 269 739 998 77 670 523 267 977 927 679 726 28 468 375 894 401 989 235 281 999 665 966 259 853 506 654 489 810 517 32 468 610 532 84 867 917 499 183 94 273 593 230 511 303 107 205 364 94 753 117 991 709 15 405 675 695 907 235 817 87 929 280 600 753 15 814 122 714 330 510 529 38 324 184 890 447 164 574 753 495
585 142 286 355 793 787 775 289 374 364 479 655 394 435 904 99 429 525 778 882 656 569 527 510 653 132 35 906 675 335 187 87 544 389 949 380 230 445 543 299 850 631 890 950 926 266 309 487 95 954 414 595 674 598 257 174 850 742 208 120 418 921 622 276 288 555 785 890 977 464 504 977 767 987 189 883 555 332 670 26 864 888 153 597 122 599 696 939 282 146 720 51 699 683 41 990 727 735 213 6 246 999 47 152 748 505 211 987 67 635 624 715 47 533 843 469 961 672 727 283 387 287 729 627 993 222 686 505 464 373 841 162 697 791 284 517 100 492 726 611 227 335 886 167 592 730 267 661 786 551 778 387 302 602 186 612 992 434 79 346 105 293 212 344 713 496 112 876 67 473 137 213 232 935 389 58 608 541 75 232 549 409 778 440 227 926 143 574 891 184 690 395 411 808 621 518 933 655 92 51 735 186 134 46 53 787 858 868 797 718 690 863 227 407 658 385 455 614 542 832 197 564 292 124 162 159 358 157 453 548 556 236 776 613 544 871 1 860 705 21 22 989 71 798 168 968 402 986 630 570 638 227 496 377 285 193 300 228 365 284 253 108 610 519 359 613 895 951 199 973 498 25 242 695 105 501 386 282 494 475 245 189 631 975 756 894 640 858 798 644 51 770 86 234 113 655 760 45 81 154 525 348 628 352 96 838 375 958 638 204 131 41 822 313 947 647 428 698 752 299 301 748 279 63 276 113 161 438 664 593 246 331 728 503 344 289 834 30 352 863 58 639 598 84 935 463 815 65 883 837 791 361 147 704 164 743 294 51 910 526 210 333 604 447 253 55 339 393 993 175 954 851 517 53 499 113 941 149 685 401 710 693 64 214 463 152 737 541 86 971 312 697 408 717 126 278 608 713 920 439 737 56 19 608 199 389 810 428 202 378 940 573 12 237 458 902 84 884 931 652 513 439 469 674 92 784 883 753 817 961 901 620 633 570 749 84 988 668 634 968 428 64 872 419 455 855 51 879 451 218 761 618 832 329 710 299 68 921 652 931 170 628 192 144 671 307 615 836 631 232 457 799 196 1 769 172 230 28 950 373 537 219 579 163 831 281 507 143 60 325 647 323 970 521 161 868 256
168 881 144 981 605 386 611 166 70 867 38 420 762 64 809 282 615 205 766 287 66 783 807 639 132 848 548 868 761 75 368 132 269 298 236 185 10 245 232 669 710 344 552 456 541 214 105 396 51 145 923 479 415 352 58 552 316 510 638 683 893 596 188 408 394 495 381 319 312 854 958 387 434 381 165 165 277 426 754 215 876 897 669 823 964 788 862 610 812 925 762 666 709 963 489 488 128 200 236 107 920 718 755 406 509 676 69 549 155 240 986 99 391 103 987 444 635 146 56 631 89 910 899 954 835 636 748 749 904 874 609 45 471 311 748 677 504 898 91 894 699 897 211 97 161 67 660 510 724 25 286 25 988 622 339 971 866 93 831 647 497 204 4 238 583 204 511 486 684 393 858 139 886 427 2 233 441 944 380 419 990 302 666 381 887 152 355 662 638 613 891 708 658 617 467 578 594 647 118 50 302 410 758 288 589 351 650 443 934 42 565 985 780 939 989 323 972 405 886 14 866 2 904 427 914 509 961 864 803 136 641 250 380 971 710 262 74 734 189 509 368 38 655 464 359 904 921 389 989 755 642 366 696 771 857 690 513 257 428 626 87 975 90 44 393 807 659 317 225 623 18 270 917 224 251 480 388 204 475 218 760 591 243 221 59 285 249 685 123 795 318 189 97 319 517 239 856 284 826 929 381 441 333 392 820 101 993 159 513 522 479 268 140 898 117 786 760 412 371 61 398 633 368 884 55 336 546 333 835 282 737 593 42 670 117 437 73 533 298 707 535 653 525 960 55 831 14 948 737 474 335 69 774 765 53 624 917 870 50 785 309 767 165 181 940 88 154 940 98 140 960 845 793 217 27 505 216 292 557 586 867 13 968 252 559 894 553 534 127 735 121 99 246 1000 134 106 768 400 332 154 15 776 668 379 551 504 724 272 162 332 316 36 157 945 691 467 125 913 412 357 56 119 819 979 536 243 798 743 446 601 381 365 568 611 505 792 663 70 967 313 785 16 506 254 104 392 362 804 228 101 361 688 417 19 717 1000 769 368 548 664 317 118 613 899 251 117 363 275 908 466 481 897 258 908 642 427 268 363 138 467 845 94 80 148 242 972 20 797 704 584 776 848 419 740 634 974 184
430 779 265 72 129 532 53 281 780 559 606 224 543 934 596 666 484 919 701 210 293 508 176 572 90 208 464 653 573 821 351 369 666 28 850 686 427 515 205 444 164 696 348 643 345 70 122 79 596 248 683 385 540 255 233 332 876 160 423 511 501 491 582 51 237 397 366 191 354 511 470 67 792 874 653 611 611 604 377 563 667 786 124 686 419 277 574 128 602 237 269 714 644 85 917 997 622 411 151 515 271 671 646 124 534 936 106 963 690 3 926 989 140 526 358 74 985 147 486 641 587 427 392 396 154 256 161 551 182 853 919 676 560 704 919 529 823 688 560 530 612 345 790 822 928 741 214 351 558 382 907 440 549 727 287 104 931 486 695 195 559 834 291 99 389 665 300 611 558 258 793 63 981 538 926 524 841 915 661 396 976 190 181 475 246 221 800 388 490 461 154 238 764 48 285 986 104 103 351 677 737 146 179 205 403 832 245 895 548 807 786 193 648 791 876 683 827 952 653 900 961 999 151 238 434 53 314 276 496 538 599 827 654 727 357 137 392 517 119 99 786 393 174 120 741 721 386 572 663 74 771 424 269 189 551 808 673 453 540 887 213 342 167 29 995 476 178 247 568 723 370 369 217 893 123 380 185 687 89 834 529 876 622 135 851 561 516 822 716 7 957 285 829 361 382 566 138 461 808 487 184 639 542 195 59 654 594 657 864 827 999 19 994 184 741 964 188 685 306 525 707 25 708 772 184 115 896 337 773 45 461 228 737 396 301 739 425 623 14 608 49 446 566 549 39 488 728 401 490 349 53 925 837 57 541 967 506 200 208 617 252 261 389 206 60 317 290 353 442 651 412 331 212 691 971 672 27 480 970 711 702 690 992 192 665 612 29 934 818 554 793 913 426 42 599 961 507 763 511 843 612 737 797 453 672 600 242 706 95 910 786 334 894 535 260 415 473 381 720 310 618 674 209 607 283 168 186 934 821 824 900 985 26 52 300 63 706 670 334 523 779 973 302 87 291 771 503 515 741 849 920 447 242 934 413 169 602 189 902 185 510 531 363 828 309 434 87 882 720 256 793 957 690 206 594 935 257 173 683 454 880 965 158 734 966 475 434 690 661 209 755 225 372 663 125 79 830
690 265 460 227 142 76 646 96 479 448 554 184 311 659 595 450 830 407 982 632 607 255 81 287 979 758 436 908 849 218 237 345 77 869 114 859 326 615 890 786 671 872 750 627 270 728 980 822 542 923 135 180 133 605 182 612 588 247 564 259 314 67 893 537 734 47 575 621 470 853 604 388 921 210 680 526 922 308 211 182 477 211 443 663 468 805 744 826 420 808 311 781 948 990 629 499 144 584 7 43 446 799 373 180 827 544 708 272 568 500 806 688 743 607 430 543 982 128 214 998 707 312 880 261 322 122 62 198 99 568 601 551 888 971 688 913 192 553 219 218 442 702 93 944 947 813 954 216 346 578 134 55 580 336 70 915 532 390 634 672 572 685 74 586 658 294 344 96 666 918 340 488 623 649 657 350 231 93 543 191 258 985 158 292 361 983 621 742 860 672 570 354 41 452 590 125 919 782 180 277 638 215 890 377 592 184 167 725 214 704 96 698 485 863 986 924 621 942 295 579 107 587 216 209 156 517 846 485 382 624 378 499 882 625 640 594 309 17 795 174 807 153 578 59 779 756 152 971 685 787 117 853 133 499 729 672 658 489 77 336 15 786 992 291 742 320 86 315 2 992 7 684 781 112 76 63 687 530 326 847 137 670 819 476 975 55 788 768 353 475 294 440 386 304 71 376 405 322 994 466 28 997 678 375 240 726 649 309 798 483 33 559 957 719 913 471 703 865 237 413 152 612 468 682 478 815 649 803 935 527 719 949 442 117 233 574 472 319 402 152 7 46 801 316 246 867 395 190 423 718 117 576 474 830 397 701 892 136 873 228 691 179 720 111 553 945 894 734 482 810 783 465 262 668 194 951 554 512 7 999 577 906 143 953 20 813 410 304 83 128 828 763 312 643 259 930 686 709 670 644 782 177 774 561 721 154 530 552 990 530 531 852 340 152 62 374 736 157 12 269 367 25 689 212 915 94 314 921 987 924 106 301 101 624 773 838 982 943 577 477 286 86 488 209 532 227 72 398 581 223 532 815 994 330 451 269 271 542 923 135 584 268 721 175 562 650 68 529 929 98 85 928 560 272 822 100 658 701 131 767 241 213 960 255 254 154 17 529 741 246 303 642 532 761 306 43 544
556 42 719 450 383 923 466 327 213 672 961 540 827 211 969 680 828 288 234 968 526 558 23 855 230 164 105 144 760 595 791 79 744 634 176 134 745 664 367 888 941 209 876 83 668 818 928 868 423 885 72 965 751 929 487 572 336 190 391 959 600 55 132 150 229 500 510 345 736 865 89 669 425 831 152 84 421 460 387 937 919 969 914 745 666 942 916 890 808 255 438 6 918 405 883 300 503 896 968 51 414 161 577 916 626 525 388 705 501 17 222 265 327 595 874 482 699 620 515 436 479 895 263 889 677 302 573 600 8 52 734 110 192 932 35 479 328 932 301 895 343 764 358 165 752 717 145 349 485 134 739 144 873 434 519 317 748 686 733 438 943 422 678 9 892 508 305 100 635 436 567 101 680 603 633 765 22 554 179 664 115 545 818 273 375 924 140 346 361 630 762 246 566 13 478 268 791 254 339 959 582 57 559 168 716 677 441 958 116 920 261 347 847 533 506 134 161 993 615 694 983 631 167 702 953 49 268 800 455 407 274 901 319 722 395 540 471 691 821 551 591 434 102 554 248 412 603 54 534 492 210 13 159 781 124 240 34 740 453 765 367 731 259 463 226 934 197 134 74 285 693 852 471 676 130 958 865 271 711 252 491 982 298 382 463 507 868 922 22 862 246 594 799 245 684 701 630 437 655 710 234 367 129 347 796 370 949 679 366 750 513 952 650 138 310 35 212 832 174 943 785 20 344 138 173 606 597 72 771 353 910 195 20 890 954 788 330 146 900 684 298 592 366 159 767 802 734 257 305 944 957 257 643 312 565 742 686 732 240 431 798 679 613 969 267 717 585 362 247 47 736 78 26 711 322 726 651 513 428 683 768 698 135 540 630 178 233 561 382 268 720 16 747 152 760 909 178 740 407 194 600 416 955 871 975 684 254 292 359 687 638 399 698 106 554 666 912 367 118 202 785 789 629 654 799 687 285 335 260 714 175 711 922 593 578 174 619 545 444 884 510 179 980 32 874 773 855 147 617 449 177 910 923 415 27 460 224 867 431 362 775 865 215 444 231 798 344 407 293 375 670 78 212 495 428 250 634 355 196 221 500 527 872 136 406 168 974 455 476 884 535 823 770 420 472 529 294
199 726 830 146 862 831 552 984 25 946 315 631 656 304 984 273 785 537 60 136 778 804 406 97 813 649 46 109 798 342 354 512 18 487 379 398 144 927 7 419 475 163 138 553 205 213 911 841 126 810 446 906 893 736 257 368 158 915 985 302 672 502 765 122 444 552 417 163 73 567 174 872 215 112 743 582 632 471 359 965 167 842 93 169 585 514 102 866 464 449 819 594 972 613 831 288 612 413 436 305 711 192 170 587 93 327 929 742 107 57 972 150 185 914 375 757 701 328 684 275 454 360 564 385 304 866 53 123 147 485 247 725 308 632 155 424 574 970 137 604 844 14 44 794 387 22 496 665 644 142 541 978 732 482 90 184 660 589 86 456 915 368 841 677 567 683 468 550 918 969 604 437 80 528 254 592 330 521 363 178 120 193 538 428 614 289 104 83 927 419 949 176 263 376 392 852 699 462 183 259 387 982 655 643 828 678 90 254 603 156 518 855 595 844 260 171 454 401 475 265 901 404 932 725 264 913 333 201 530 602 166 356 548 733 847 307 62 827 269 795 19 898 373 573 808 456 20 528 212 755 779 67 1 214 17 132 851 160 359 513 513 848 877 377 853 817 286 42 912 521 687 41 277 511 243 12 340 416 870 48 42 980 427 821 679 597 59 874 666 265 706 249 813 449 986 912 177 521 743 834 680 107 141 22 804 720 6 209 164 168 612 104 955 644 406 170 526 413 704 840 125 1000 290 680 249 748 210 78 332 157 755 772 194 766 418 726 507 655 886 855 607 56 646 988 774 953 558 997 796 857 841 716 941 315 424 392 563 153 163 672 498 85 692 529 84 171 411 903 757 590 680 642 901 93 576 258 64 835 543 604 54 694 700 551 898 475 300 262 987 94 178 70 59 28 387 104 181 814 700 39 246 492 622 300 371 195 419 859 691 436 776 915 90 20 950 198 542 774 623 892 702 803 909 796 141 576 901 952 380 453 717 405 128 846 14 778 169 516 158 488 998 941 764 385 968 392 403 614 79 590 422 671 426 665 561 3 205 830 294 9 14 215 363 330 938 309 937 312 179 222 718 668 213 569 117 393 330 519 524 161 575 544 436 114 781 122 307 470 735 335 584 73 834 451 88 786 578
871 206 469 692 679 854 43 257 615 388 391 273 454 219 621 287 751 759 127 222 950 825 299 886 41 738 535 709 349 483 45 777 745 597 553 925 897 231 225 66 37 849 453 675 707 683 674 402 440 892 361 501 36 701 780 695 340 886 150 141 544 666 56 872 539 26 752 234 722 85 217 885 189 170 979 185 346 136 55 879 579 452 124 825 876 717 425 131 396 342 16 163 283 979 971 882 811 132 275 898 655 448 607 729 702 648 307 997 262 370 977 233 608 922 765 675 892 457 300 421 668 307 736 772 893 874 394 113 294 371 326 986 762 441 620 797 185 831 637 584 281 362 426 413 530 458 717 102 777 916 731 823 336 724 447 823 196 23 407 623 1000 854 682 442 349 886 499 548 54 888 463 808 418 146 376 921 808 579 941 232 108 585 850 469 935 350 81 681 160 520 881 631 344 875 711 3 639 418 309 219 49 705 769 568 53 716 70 520 59 611 111 47 123 45 265 533 711 68 855 602 184 431 99 595 592 826 898 724 531 328 692 270 63 470 594 503 729 488 223 126 926 349 873 989 746 196 651 637 338 50 709 222 492 648 206 242 445 104 741 967 879 391 364 554 617 818 847 566 921 170 458 906 900 690 920 122 871 217 607 344 829 353 301 874 502 97 43 639 499 487 600 69 430 300 642 149 442 325 474 936 601 155 408 253 67 74 715 499 499 207 483 19 766 503 987 667 625 409 839 41 208 788 2 670 656 906 331 884 589 617 224 648 105 578 15 806 824 347 147 441 855 224 990 428 498 445 44 395 282 805 269 394 435 199 246 520 174 475 908 353 646 35 624 602 64 726 667 172 418 139 707 421 293 508 170 676 300 171 873 697 698 281 248 211 114 319 840 125 952 656 294 917 895 738 746 118 494 99 360 112 42 738 687 803 931 472 223 535 250 989 312 19 445 245 611 422 878 386 364 539 21 54 67 89 285 523 827 998 388 32 353 100 967 200 121 967 593 576 257 484 894 918 313 398 34 701 711 747 460 308 169 286 962 986 457 455 725 623 248 168 45 9 871 256 644 566 593 280 44 974 928 553 797 536 708 50 24 517 965 822 596 563 559 765 377 396 81 952 119 149 52 53 364 228 410 224 198
692 535 765 350 659 870 769 913 579 353 990 338 833 682 91 252 145 47 304 398 285 352 135 646 609 910 954 394 992 821 541 26 341 82 847 158 984 999 757 258 970 462 718 585 1000 591 261 977 869 461 953 77 13 906 504 464 977 309 96 830 468 69 252 823 98 587 782 462 948 177 303 106 114 406 343 187 953 630 951 74 520 793 527 604 369 382 261 141 673 316 436 106 392 839 340 975 273 551 477 533 710 789 533 402 170 618 274 897 254 148 972 492 403 139 315 819 231 917 654 654 63 151 100 343 842 271 31 845 609 208 391 893 889 823 486 990 237 556 492 256 116 21 722 547 305 514 511 464 232 363 915 633 88 933 275 578 233 213 666 767 122 472 944 407 94 557 167 161 782 569 751 803 70 675 813 121 738 267 170 521 898 445 371 868 733 26 844 68 679 263 12 94 707 162 99 122 513 591 442 544 491 78 275 164 326 792 581 233 866 624 517 830 9 861 305 581 755 185 72 461 874 118 597 160 193 391 955 705 489 39 409 146 733 749 747 969 633 910 719 519 880 860 659 824 620 972 510 99 30 207 438 231 57 876 616 264 677 355 230 901 297 310 666 872 868 997 257 200 60 747 528 546 316 812 710 642 872 746 621 135 309 609 767 29 686 183 88 257 29 967 136 433 105 455 932 364 659 109 506 542 709 106 355 58 540 936 600 809 801 960 843 186 125 636 624 738 11 59 928 941 201 341 317 204 806 806 409 933 769 248 337 790 725 538 532 825 720 609 940 9 347 340 448 669 499 209 103 782 136 934 151 861 426 285 362 340 81 209 375 177 790 743 437 757 896 978 693 817 135 580 607 49 782 334 69 145 392 423 13 43 193 714 148 741 164 311 761 659 282 487 726 599 408 463 1 274 978 54 805 337 601 74 491 294 495 604 465 214 408 987 645 688 871 410 420 905 929 585 199 492 350 690 406 856 412 61 796 620 38 334 544 417 274 898 932 174 392 397 997 385 698 196 953 378 361 582 771 336 375 442 304 464 550 376 700 420 665 374 786 930 160 149 480 375 54 327 797 814 383 13 346 616 936 817 62 39 826 782 218 895 14 294 950 892 160 148 935 335 51 805 726 733 247 652 566 70 183
334 737 880 629 594 89 473 284 487 765 921 468 911 970 953 206 100 946 636 596 560 476 760 522 80 647 288 517 23 632 401 543 813 179 911 179 170 589 726 360 845 299 851 628 875 778 459 11 742 914 122 894 101 295 317 741 126 785 142 567 883 638 937 778 786 112 940 277 731 233 678 873 622 643 792 200 591 619 803 932 228 750 419 158 810 303 542 245 232 907 616 878 26 359 408 500 563 374 890 158 170 922 603 187 767 168 260 449 559 654 352 545 854 231 961 643 249 198 380 332 863 63 613 425 723 672 752 297 617 312 483 223 870 897 785 355 110 545 740 374 797 549 572 143 754 809 536 355 605 637 318 812 461 749 299 484 500 741 140 423 608 196 967 861 473 321 679 849 942 332 865 276 461 723 540 980 892 673 799 848 424 178 484 851 956 88 557 310 576 250 801 666 128 128 335 964 7 643 58 342 808 596 557 487 727 419 582 396 110 437 729 62 147 426 991 938 395 891 804 384 380 681 816 146 594 803 604 585 615 506 652 923 417 147 222 71 192 347 385 329 446 802 226 852 599 770 379 231 501 583 879 726 510 551 662 811 41 978 15 850 58 554 835 801 554 234 443 72 351 197 802 750 837 149 481 823 191 690 290 549 608 457 432 836 462 815 230 968 874 661 204 545 948 866 414 783 922 865 925 339 690 738 638 786 790 84 813 822 459 304 350 29 766 826 820 917 268 375 901 564 860 37 644 675 46 491 989 546 747 953 874 258 547 76 436 343 377 359 17 651 665 781 382 670 996 399 768 319 478 383 990 186 601 628 444 951 488 69 828 508 586 763 950 628 294 558 31 275 448 392 728 883 587 796 841 765 292 30 947 997 352 37 870 935 887 218 756 762 892 511 398 368 800 261 840 136 56 293 430 39 59 975 98 406 275 884 738 904 722 684 779 891 560 331 788 635 102 26 12 933 588 848 564 96 242 248 763 799 530 432 885 88 526 252 851 697 583 814 32 752 548 930 33 805 574 523 463 362 383 460 634 811 517 442 414 208 314 478 690 316 16 100 726 183 181 304 559 791 778 995 593 903 543 68 203 519 805 475 130 591 415 450 466 871 101 881 626 880 573 944 586 775 210 400 608 153 457
390 745 155 554 148 55 491 569 283 354 336 949 416 689 358 564 891 735 981 582 779 974 326 311 526 227 59 241 941 238 705 970 462 556 369 296 910 395 650 202 291 820 828 941 702 938 779 250 995 604 170 731 517 554 867 769 309 287 625 820 993 704 295 165 366 981 574 997 173 383 559 29 209 873 278 797 830 878 876 944 571 17 347 857 649 876 523 705 179 418 97 405 272 577 951 422 646 811 398 466 206 303 318 397 763 739 515 27 304 24 238 284 31 829 73 21 412 936 312 444 176 981 909 9 140 903 81 816 863 758 201 147 102 118 371 292 538 832 703 438 6 529 189 129 673 23 389 135 243 646 768 87 576 308 28 359 572 58 835 995 199 32 895 27 27 507 736 691 451 203 335 252 616 391 564 880 3 844 743 810 137 295 245 589 334 205 820 203 625 361 179 863 563 14 40 100 705 453 632 272 663 908 527 116 32 477 932 529 339 511 420 903 10 377 410 156 767 326 181 171 447 540 258 649 627 743 964 533 150 482 267 626 536 31 917 268 30 690 832 948 144 489 614 465 306 893 442 999 23 785 104 100 868 306 551 305 776 807 505 483 406 726 660 944 253 482 902 340 690 164 166 824 975 892 706 36 600 325 669 558 878 483 391 957 755 404 75 311 170 631 688 217 383 993 480 235 880 942 469 776 253 724 211 607 812 261 421 887 680 744 126 51 492 474 720 964 142 76 738 602 912 996 597 488 178 378 276 925 347 941 227 215 760 871 290 676 19 117 103 962 555 945 788 578 304 658 499 885 353 805 965 928 110 965 107 472 496 244 925 652 732 807 955 299 88 543 985 140 128 62 312 707 126 526 655 302 43 319 557 415 962 789 314 918 982 91 354 336 10 2 688 532 937 457 2 353 447 13 527 642 217 437 160 379 931 810 702 619 509 849 388 874 495 530 483 167 749 439 622 391 163 956 141 353 922 141 254 206 230 44 901 736 525 340 352 259 169 666 149 994 937 239 633 512 474 911 938 303 9 896 623 988 14 738 217 604 274 532 709 795 374 351 859 570 564 920 420 998 618 580 133 64 848 770 369 691 173 745 874 471 249 421 209 173 657 245 700 74 842 58 65 247 601 44 826 167 962
275 877 416 283 30 87 231 882 724 883 237 382 441 159 350 654 254 475 445 749 457 430 127 495 446 667 468 40 52 582 335 228 848 983 186 105 973 401 773 95 384 618 194 648 526 462 839 850 191 388 171 733 924 580 113 409 354 793 771 266 951 679 673 109 928 617 349 742 41 447 355 783 697 90 451 167 738 687 970 368 431 926 357 871 641 179 380 355 152 390 255 418 306 555 243 179 969 54 544 330 110 391 20 973 547 953 381 728 453 261 779 127 885 77 564 54 977 115 108 43 162 201 906 247 42 91 361 221 735 669 17 206 271 371 205 645 647 449 492 995 255 900 607 111 562 327 433 813 634 367 410 274 836 408 930 233 26 580 419 706 582 280 855 697 953 883 488 752 830 641 185 435 860 698 159 28 598 716 421 511 788 515 973 339 280 811 446 54 235 395 169 827 709 11 956 592 99 305 519 427 425 220 788 240 477 540 237 747 478 238 879 256 644 850 565 579 61 570 483 741 535 612 840 55 478 916 740 48 13 759 270 66 811 976 833 188 849 846 341 55 890 231 104 863 718 511 274 422 276 167 808 538 71 433 143 622 107 310 881 9 339 813 417 513 198 436 179 406 874 37 34 927 103 957 459 239 320 584 704 872 595 335 834 689 828 481 905 914 857 313 641 591 186 197 907 493 921 478 69 669 188 604 672 192 532 868 763 723 840 874 409 577 976 351 115 387 62 305 355 725 538 370 858 186 833 783 233 782 146 837 181 635 273 428 842 736 265 505 605 722 179 266 474 183 612 882 973 53 444 15 234 882 340 96 492 579 17 864 465 891 456 753 522 248 206 636 137 616 13 428 817 959 39 928 704 102 588 458 393 549 96 527 677 463 161 750 843 212 592 836 485 170 525 73 218 621 82 746 844 158 265 675 865 780 688 898 715 115 647 254 307 708 731 438 332 333 72 296 667 708 815 564 639 332 595 786 484 7 351 647 249 300 763 895 23 426 750 147 109 312 285 248 779 277 749 481 269 139 655 355 293 788 971 591 696 760 792 824 819 746 842 915 839 702 487 966 501 295 857 711 953 363 149 457 780 321 291 309 37 705 719 929 444 92 463 937 127 283 495 74 954 593 745 877 932 195 629
852 761 731 599 577 862 493 69 160 986 276 402 711 456 183 261 465 153 711 862 433 304 726 953 123 194 496 647 928 311 47 195 770 655 967 560 722 337 754 411 452 64 765 331 600 73 188 682 200 406 819 809 913 766 959 300 321 667 565 366 999 79 514 662 173 690 828 579 621 188 972 932 173 234 417 355 531 766 15 979 899 150 478 695 427 42 590 432 442 15 643 903 153 161 214 219 510 963 496 616 169 910 629 906 785 489 653 801 735 794 949 100 341 196 606 771 457 952 975 688 547 308 984 752 922 661 939 602 743 752 215 492 203 888 898 464 579 335 841 345 717 877 701 14 608 565 148 297 956 473 12 541 191 882 37 570 920 22 441 35 643 133 826 965 417 685 305 46 614 612 419 743 840 148 64 720 781 566 900 823 225 178 168 57 728 528 34 147 859 463 578 618 182 460 531 224 518 365 652 562 697 162 555 538 779 154 307 69 612 226 135 679 797 208 533 710 517 34 522 626 922 671 125 440 765 396 908 72 359 990 450 414 217 843 694 928 302 677 731 761 776 601 591 731 508 139 56 72 656 854 756 596 861 382 302 28 934 299 307 159 132 687 765 309 796 596 367 840 965 952 9 639 770 287 990 992 30 365 966 848 467 990 645 917 73 371 715 223 261 687 637 262 149 105 355 248 743 466 905 678 309 715 762 610 724 416 204 252 418 805 228 271 779 469 121 458 649 37 201 405 577 399 751 825 713 586 596 351 463 674 464 176 98 844 708 405 848 258 606 345 126 99 166 706 249 876 709 134 466 209 906 655 470 779 200 372 542 706 937 328 955 406 629 599 463 888 652 810 292 993 62 122 597 384 571 124 710 692 80 309 604 169 576 852 477 773 738 949 531 174 779 761 888 148 914 696 705 461 179 494 431 157 385 694 97 268 316 460 934 86 857 996 339 864 925 642 987 912 942 571 598 495 431 958 172 918 384 723 308 617 372 956 960 280 989 249 759 184 221 463 47 606 579 562 327 363 849 42 950 344 549 364 356 681 334 826 942 627 146 368 915 723 371 870 250 375 170 472 497 276 393 74 290 932 689 476 762 274 676 460 965 149 709 890 480 974 231 550 944 408 101 170 483 290 629 679 515
613 552 432 478 769 56 225 12 691 355 609 59 287 538 50 964 695 24 406 533 121 183 379 693 917 215 476 371 641 25 360 483 159 748 200 633 351 151 297 138 969 438 338 759 336 699 627 869 808 380 289 958 285 756 12 900 519 783 410 301 343 116 202 1000 436 56 1 964 113 361 631 638 550 213 535 352 872 658 502 813 617 198 33 294 969 600 799 720 118 313 632 153 111 339 220 914 285 548 184 719 299 894 930 502 855 272 664 35 326 871 904 986 443 924 490 414 587 206 730 489 576 431 645 445 469 39 845 508 189 863 799 612 640 976 875 423 859 763 75 801 551 129 972 535 575 806 640 66 132 651 975 506 805 527 976 493 252 35 599 230 274 26 336 670 610 105 964 127 415 966 802 637 188 674 651 940 998 732 546 765 29 806 751 232 919 639 165 716 851 295 258 488 364 760 837 517 768 976 53 158 322 519 545 10 409 785 920 161 371 709 562 119 850 23 148 335 517 115 932 730 478 620 918 422 186 150 442 504 920 361 690 331 563 173 14 201 95 340 158 364 53 12 438 640 485 563 312 554 507 158 562 160 745 647 441 936 147 478 552 31 949 805 818 42 566 260 175 955 205 516 497 61 959 541 367 65 48 557 519 930 657 99 53 194 384 726 320 323 835 248 911 821 514 432 770 633 120 557 210 34 65 683 965 713 933 528 855 734 346 748 539 564 79 894 511 290 542 288 707 118 17 626 991 640 410 724 514 749 69 835 33 894 183 904 332 607 276 316 870 258 230 607 367 354 600 674 183 619 797 666 883 488 977 137 355 244 517 457 369 654 450 647 955 859 929 540 691 6 290 880 547 72 408 120 811 270 718 529 805 104 825 327 275 413 167 629 803 281 230 990 640 61 746 525 326 588 769 183 496 251 878 205 602 980 403 792 971 83 494 902 557 305 93 250 996 163 72 146 341 811 815 591 848 105 59 10 383 429 663 835 500 694 111 179 835 130 271 934 337 828 575 465 503 328 123 295 471 465 795 754 895 507 62 95 992 723 161 115 763 778 330 95 991 470 761 338 142 92 83 868 954 692 723 806 503 333 999 335 788 641 790 180 449 962 241 1000 619 944 503 576 576 355 794 816 393 753 104
481 18 299 738 97 161 77 475 335 41 932 80 853 368 311 995 61 469 543 178 608 225 900 156 152 833 456 826 589 361 2 679 849 586 79 352 819 736 941 370 414 431 361 984 952 548 906 276 245 660 373 608 702 417 532 520 119 196 260 392 512 459 260 945 162 669 732 900 354 499 247 466 539 813 129 785 973 507 546 422 508 418 495 637 656 155 597 521 271 855 212 417 532 400 465 997 847 783 803 868 69 539 664 390 480 906 382 976 225 65 658 201 123 722 654 736 277 708 598 255 975 634 826 649 782 622 357 154 833 143 526 142 867 565 289 622 133 467 394 736 337 788 765 691 960 548 277 378 172 86 803 456 795 514 856 649 46 187 55 757 119 779 400 393 194 804 237 665 23 456 312 145 682 719 85 315 553 184 631 452 769 851 659 493 182 59 465 714 286 492 189 462 958 923 949 559 863 641 973 873 308 124 209 753 555 180 579 818 71 799 484 869 89 664 678 689 279 145 869 755 736 122 593 100 410 364 959 235 445 353 972 949 834 464 973 212 903 674 397 554 883 881 88 521 208 814 142 434 170 67 747 319 208 753 794 214 906 481 566 102 264 516 724 434 268 948 196 811 895 493 616 182 466 119 570 648 740 96 129 269 54 789 986 863 156 352 384 751 664 183 880 870 150 672 66 782 330 443 210 410 682 111 296 892 319 106 662 922 544 57 888 37 94 81 64 905 770 443 248 792 258 31 444 880 667 239 242 181 794 371 951 332 535 894 400 136 421 349 158 586 441 175 613 399 264 668 432 650 415 144 12 301 452 335 233 357 69 496 264 810 573 897 830 260 864 291 10 849 70 310 640 50 644 170 292 220 237 417 939 980 21 674 286 380 584 874 63 781 443 628 617 120 821 183 362 267 765 230 230 85 266 801 547 180 17 314 31 74 759 525 761 262 342 39 378 152 20 955 879 150 202 69 596 73 77 593 925 567 60 863 568 250 725 248 140 843 469 917 173 610 721 164 76 624 720 388 653 536 816 182 188 303 317 22 626 10 390 603 585 290 184 38 693 15 442 185 977 808 909 706 734 434 895 47 872 813 858 576 676 809 328 512 34 542 51 549 797 737 219 613 226 308 582 375 772 267 398
70 931 536 631 761 769 279 385 997 429 572 34 224 308 695 922 700 479 364 544 890 82 236 584 798 657 378 446 146 351 756 121 982 415 363 16 632 503 572 882 424 492 967 546 87 791 372 212 78 136 709 306 869 261 857 424 218 970 227 304 227 498 521 514 235 994 679 159 736 309 222 49 710 780 750 756 381 906 249 913 944 166 98 994 329 449 899 361 527 125 964 725 349 164 434 105 993 550 416 354 91 183 354 546 751 478 679 198 524 99 723 982 103 673 828 329 593 811 176 227 907 564 526 406 991 553 378 589 953 714 357 834 633 372 176 974 507 112 161 569 747 63 777 306 93 211 399 302 984 638 31 493 543 821 412 155 296 314 675 826 273 578 914 807 590 91 644 350 368 499 63 803 274 941 825 473 875 100 89 581 445 864 692 981 651 995 392 194 643 798 323 696 320 553 957 338 322 642 872 226 338 711 458 279 964 559 643 547 26 793 136 705 414 745 20 730 316 884 271 429 673 405 839 25 46 776 288 835 990 25 281 424 825 367 299 31 738 112 626 924 642 968 727 638 635 697 661 726 173 491 931 385 15 226 272 668 497 921 981 274 261 875 715 526 470 733 90 641 613 531 784 216 225 943 290 342 355 160 689 66 739 621 730 673 259 482 921 966 782 974 906 840 303 964 101 497 182 398 927 768 973 729 447 834 712 436 933 765 272 284 505 90 382 674 914 1 548 48 870 319 691 882 943 433 15 152 385 939 786 842 969 314 933 463 905 184 519 843 736 67 175 813 595 722 541 979 52 998 504 348 971 324 897 259 847 547 208 527 483 277 319 895 246 69 911 575 50 79 81 591 237 13 420 440 740 976 338 483 482 897 230 313 731 165 885 655 707 916 474 418 493 184 407 442 497 736 821 784 451 846 818 224 826 77 127 832 205 812 241 213 251 717 201 584 944 786 942 724 487 754 823 250 992 503 104 371 668 410 777 786 474 402 711 59 437 932 422 564 843 476 884 30 442 589 875 354 383 643 785 324 735 102 771 636 96 163 796 698 328 279 857 227 19 487 975 940 364 685 65 907 216 347 788 857 192 12 137 772 386 326 587 157 862 795 896 167 990 106 488 735 683 917 352 664 267 897 648
547 941 809 896 891 755 359 949 204 437 882 138 34 81 40 512 944 207 166 71 748 289 720 466 669 533 626 901 980 944 321 57 329 314 226 733 822 66 104 343 370 364 457 778 792 303 788 567 837 340 364 52 913 215 512 478 19 541 173 608 552 578 984 351 198 451 299 77 950 396 816 614 215 485 131 915 882 186 760 1000 164 919 588 218 355 461 982 278 314 78 446 753 696 10 299 934 603 429 361 611 664 868 107 49 39 668 767 859 145 422 177 603 314 653 352 798 545 636 421 784 429 57 20 810 25 570 605 851 942 580 135 400 254 628 603 925 586 480 963 905 633 960 471 282 843 111 358 649 727 634 40 485 910 569 313 16 10 174 345 479 841 829 10 688 319 730 968 366 547 154 292 756 832 355 22 40 406 286 375 739 491 339 212 305 330 791 37 741 499 725 66 87 945 574 989 189 860 755 769 756 45 751 151 336 730 861 979 830 745 195 623 550 518 710 782 805 251 29 727 310 876 395 479 646 893 2 521 390 688 896 974 635 32 780 916 498 169 34 972 540 921 230 353 428 580 918 432 615 708 887 583 491 765 284 638 890 588 299 420 980 188 705 429 356 551 251 334 603 585 744 704 137 636 979 598 951 410 160 141 321 202 497 849 457 176 965 943 476 836 66 50 249 408 51 793 531 481 21 420 712 64 627 264 494 792 560 38 723 795 330 717 81 84 150 485 716 890 238 64 941 472 254 149 268 999 851 226 105 783 227 444 780 554 812 696 882 324 281 675 959 982 140 646 755 287 677 80 252 85 181 3 965 840 92 785 240 961 724 818 101 387 845 219 374 579 639 997 131 481 460 68 238 475 245 489 761 216 575 96 531 804 164 777 705 149 75 253 654 384 810 754 30 208 254 517 893 349 330 477 284 727 585 842 468 384 116 768 9 399 348 815 12 689 24 109 730 349 918 716 183 341 627 18 424 199 447 939 423 265 897 855 537 135 235 628 946 421 134 335 435 774 734 347 799 189 422 24 529 175 853 889 408 192 985 985 217 580 402 935 612 651 313 574 654 567 807 131 613 914 900 630 6 392 574 388 703 602 266 815 977 886 362 742 969 601 288 720 471 228 680 81 649 19 628 711 408 14
538 94 768 932 409 990 811 533 151 61 452 663 609 316 568 539 877 179 875 769 679 730 399 524 628 599 227 557 7 89 111 899 505 132 88 530 623 747 614 329 184 203 3 150 575 354 14 35 259 457 24 42 487 863 742 673 315 786 405 195 57 273 688 955 637 774 972 837 287 867 200 171 350 679 785 777 528 379 251 772 711 281 402 917 577 920 161 464 827 934 102 731 618 961 943 412 869 369 710 816 756 958 909 698 352 706 683 858 627 805 502 46 470 818 326 76 281 881 509 581 937 29 694 267 239 774 64 294 297 208 168 638 105 707 925 740 960 822 914 434 85 573 820 150 385 145 788 629 863 464 718 1000 729 3 948 977 494 16 707 998 526 775 730 701 482 831 901 212 521 446 311 399 276 393 659 298 149 723 189 661 50 844 150 359 815 775 106 971 891 263 279 615 752 602 373 342 630 554 738 777 927 737 242 518 412 296 381 963 898 370 530 906 122 421 846 7 479 322 810 866 468 763 472 249 707 250 858 163 828 770 268 809 994 619 403 888 427 569 110 42 299 583 847 316 422 438 463 69 810 3 842 542 660 43 819 185 319 656 860 632 666 1000 179 289 703 267 882 273 774 379 70 519 696 444 814 547 283 511 188 144 331 649 501 188 975 358 643 553 212 216 262 904 547 101 236 710 650 270 7 712 857 847 597 336 341 20 692 681 936 224 597 330 330 654 185 408 321 658 165 163 918 385 211 961 642 978 548 593 598 476 351 794 499 353 638 612 437 606 918 769 705 638 137 452 349 992 394 779 199 604 486 800 494 701 972 425 877 320 60 366 646 205 340 492 563 316 683 504 384 58 466 486 555 624 988 746 348 338 37 961 630 46 153 206 50 171 283 844 615 913 612 213 251 743 842 630 440 565 574 663 539 243 296 183 395 194 816 689 705 580 933 705 85 889 654 151 219 761 686 889 318 469 65 595 341 299 245 818 513 613 145 624 40 799 383 818 110 678 856 313 682 791 968 674 403 473 198 865 737 694 125 977 151 492 73 143 198 17 721 526 868 727 562 618 544 826 718 865 636 454 343 414 551 673 475 606 842 36 820 182 357 322 88 813 692 502 511 974 605 768 703 945 918 190 965 388 767
312 561 694 234 549 154 135 590 89 403 384 306 246 618 134 299 224 986 624 236 327 944 263 480 542 581 921 424 955 815 542 295 151 666 154 852 406 95 145 726 947 509 788 658 132 347 743 644 120 601 498 411 766 454 353 638 575 437 240 792 12 195 437 996 838 528 210 574 739 251 717 166 320 472 370 484 120 169 762 494 369 399 418 862 712 311 363 289 935 733 56 304 691 757 690 337 452 230 710 610 673 745 942 380 739 726 294 448 500 491 914 518 777 485 905 430 310 809 169 322 147 186 48 601 65 569 362 906 625 202 3 898 572 112 367 220 572 166 971 525 643 197 194 667 424 307 411 148 407 58 980 888 812 690 751 166 985 308 744 943 523 758 849 156 84 184 242 923 928 702 452 57 190 518 374 455 559 294 846 18 298 795 226 208 5 177 455 633 108 862 899 330 12 875 83 688 511 973 97 6 949 329 461 938 385 727 883 914 481 643 581 38 679 190 799 508 100 4 86 579 707 543 8 451 701 682 332 85 861 333 795 682 447 585 540 415 663 557 339 38 441 488 217 798 260 987 253 15 350 154 213 819 924 199 721 973 388 291 792 927 704 396 804 651 89 527 252 221 432 628 71 656 293 372 750 311 448 903 785 789 679 423 120 539 719 932 446 37 234 241 627 558 406 595 858 49 333 905 204 452 486 324 50 76 212 92 268 768 497 340 394 700 515 400 936 706 706 375 913 421 185 706 786 701 477 239 84 605 278 43 519 510 159 740 546 99 917 747 448 906 753 667 879 571 527 959 177 710 120 50 74 19 872 454 313 836 949 7 613 464 984 155 268 870 155 563 362 860 782 782 819 991 87 759 117 64 388 314 748 218 648 225 248 360 237 118 723 122 628 867 938 577 162 624 451 574 375 804 112 388 221 95 494 812 907 464 495 540 111 643 982 960 365 161 321 220 134 439 276 532 658 700 899 853 532 161 659 828 947 706 857 718 889 393 691 336 486 982 875 944 929 978 701 656 362 662 468 907 19 322 361 408 202 997 30 624 277 842 118 154 727 474 143 897 88 391 745 103 818 647 873 71 954 958 73 888 143 416 259 747 80 798 240 367 949 865 500 710 395 678 166 337 99 310 86 11 440
646 106 328 564 267 527 204 392 907 400 762 944 231 739 447 604 96 207 124 141 210 881 292 140 660 692 461 660 623 394 150 739 616 579 391 821 644 725 684 702 263 448 108 24 4 754 684 675 139 921 88 566 685 64 492 338 38 716 150 360 994 323 206 627 687 300 512 857 220 999 463 504 991 641 69 552 124 503 615 914 106 699 438 206 243 1 973 100 906 984 727 289 492 83 282 520 972 240 307 885 166 896 42 654 884 90 955 562 725 880 445 390 765 379 763 124 382 50 328 907 974 995 490 995 651 993 466 925 436 388 311 336 862 124 70 779 936 35 63 341 818 614 40 536 723 455 227 717 503 721 503 956 39 728 218 86 513 392 779 320 68 956 89 380 482 1 759 465 30 824 770 838 561 433 880 110 583 693 397 726 630 860 175 741 632 720 708 926 503 146 612 139 312 375 865 698 170 953 518 840 28 818 642 733 141 2 248 494 814 628 61 614 155 889 766 713 8 891 179 382 186 715 433 21 369 878 335 27 783 38 646 464 77 52 153 381 644 869 383 117 52 717 121 615 43 237 489 929 590 717 326 548 230 916 285 994 646 714 898 475 861 28 796 887 411 466 550 328 391 304 92 438 552 937 682 166 960 224 848 622 61 995 628 115 717 715 465 919 778 353 914 527 161 135 858 510 576 351 346 251 119 217 184 991 756 130 63 798 317 15 192 371 164 59 781 983 708 479 312 854 679 636 776 225 10 467 447 631 663 881 231 837 465 982 374 2 160 182 386 549 815 960 841 75 499 445 891 941 260 912 399 183 405 832 325 133 565 496 37 95 1 762 731 216 87 120 484 43 278 665 525 93 42 283 153 425 270 975 404 206 292 734 738 40 479 313 769 256 529 327 12 876 460 673 737 310 959 523 282 377 601 754 985 461 583 607 150 913 599 491 262 672 750 954 270 477 192 75 245 817 784 183 587 311 669 520 679 162 226 123 566 875 864 522 898 221 261 352 852 815 747 37 655 585 710 132 675 549 670 920 694 950 181 255 539 48 109 912 116 258 817 603 105 134 283 585 917 986 144 406 689 162 679 465 86 337 978 200 984 782 305 348 123 730 534 157 676 467 910 252 178 450 54 495 920 796 123
368 900 354 519 647 108 809 812 162 313 186 431 710 547 416 552 251 875 964 843 941 842 279 513 140 221 629 646 131 816 371 426 425 806 943 11 835 800 32 661 823 249 798 18 175 744 881 784 463 807 285 565 180 519 700 212 828 542 636 127 394 196 885 424 56 324 9 546 686 882 255 506 536 121 468 699 311 233 462 687 145 593 572 305 134 90 220 576 229 830 905 78 146 509 301 527 563 790 260 784 218 921 913 499 364 449 750 648 270 295 214 424 140 503 761 796 491 953 89 648 325 937 485 219 792 930 559 504 743 817 916 158 851 335 632 850 874 301 548 642 78 108 271 390 408 853 988 740 155 219 383 635 576 950 450 537 71 950 541 445 110 476 246 940 444 234 150 134 259 475 156 309 542 537 201 174 276 91 27 460 927 161 515 278 242 748 907 875 466 404 368 60 309 678 561 442 45 697 165 597 930 707 561 10 438 737 286 132 154 739 491 984 960 87 1000 366 750 274 303 676 115 282 676 227 281 261 271 471 425 894 285 166 950 801 327 789 701 603 294 577 715 774 520 59 632 387 844 521 260 263 112 514 305 104 55 572 621 1 681 822 14 476 99 485 489 964 136 750 398 926 270 409 328 634 330 73 915 121 135 200 264 652 98 614 701 668 162 275 970 915 646 732 380 686 537 791 877 851 706 675 762 285 209 170 117 378 992 210 565 604 766 416 598 646 785 425 375 187 475 589 931 252 859 506 573 380 988 981 232 719 677 340 257 722 748 533 549 550 591 236 500 826 959 488 298 344 473 455 914 71 768 822 923 754 575 835 355 491 447 558 894 427 877 425 877 560 544 547 380 318 387 118 995 656 842 610 528 496 81 11 234 696 419 565 150 421 940 481 681 447 491 253 21 460 625 919 513 378 632 811 113 718 698 82 186 397 764 865 986 763 803 978 229 917 922 134 165 342 531 220 304 454 11 342 981 115 713 387 538 309 588 136 365 898 466 374 636 99 12 195 730 899 989 535 213 2 952 396 838 124 267 405 524 454 563 656 561 215 458 137 160 778 384 923 348 278 255 232 549 486 153 139 595 109 673 22 237 496 19 199 686 444 84 688 151 263 392 433 763 429 237 199 664 3 885 520 101
86 795 883 530 427 5 759 801 880 353 754 832 15 155 8 265 831 698 111 551 481 527 395 737 339 822 252 538 927 239 3 362 952 356 254 164 547 877 352 592 562 707 851 304 151 717 635 773 606 980 527 828 22 380 502 427 620 996 646 217 865 714 405 37 140 833 665 640 660 989 797 372 224 430 847 314 638 639 970 544 688 648 627 533 982 641 761 759 287 897 200 311 72 853 753 169 380 371 4 918 116 762 612 550 627 985 181 67 421 230 998 552 702 836 104 375 956 781 236 223 839 77 671 119 985 423 211 42 331 288 814 854 257 87 746 226 39 858 691 27 104 682 392 607 3 125 860 843 987 953 431 882 867 439 645 578 327 359 330 4 729 807 805 547 166 577 946 134 196 510 938 86 710 96 180 298 693 752 152 49 94 5 235 522 672 242 158 414 635 589 676 890 723 936 244 357 780 974 355 953 660 906 192 21 646 606 925 749 953 851 122 221 537 401 43 363 123 691 30 922 626 691 334 200 120 559 259 222 5 471 775 22 770 450 110 27 73 796 817 753 667 923 324 209 657 495 181 30 208 264 253 385 93 84 223 972 545 777 849 205 240 596 422 736 756 882 151 282 238 569 511 816 793 141 364 294 186 658 31 414 25 145 248 145 464 13 900 338 188 711 206 212 226 920 726 10 647 626 807 890 365 225 520 811 742 385 730 450 12 600 773 949 790 467 921 574 403 812 611 546 776 380 421 737 124 376 202 266 697 155 464 456 56 531 140 793 208 336 307 85 788 709 744 224 634 68 809 690 876 772 821 943 154 294 673 387 448 60 289 666 138 143 83 385 108 478 653 600 714 382 683 111 499 269 957 391 608 626 28 701 966 867 180 340 831 304 149 893 812 653 436 499 189 132 573 977 741 168 381 837 890 691 60 918 674 991 604 771 92 693 407 738 551 446 657 746 199 689 708 482 146 764 534 431 581 258 5 972 256 538 110 32 977 71 481 789 621 142 989 2 166 288 637 412 585 558 677 704 180 148 678 143 232 403 836 452 215 913 49 445 360 784 91 674 511 783 512 893 683 320 297 756 649 103 815 166 843 173 21 973 553 561 40 95 804 26 867 678 831 416 474 225 719 940 935 728 198
341 802 541 962 369 335 564 324 447 221 387 723 307 875 588 305 761 420 24 297 221 433 96 89 306 801 793 335 373 461 836 85 172 860 381 529 345 190 660 941 191 250 761 716 308 278 296 886 980 22 863 309 868 326 16 158 64 160 960 100 604 706 687 750 646 410 998 418 1000 929 118 153 526 741 175 934 140 101 575 841 782 110 953 777 162 287 950 360 695 633 187 404 563 83 156 392 123 663 706 885 52 686 873 404 688 487 804 991 924 882 12 343 597 677 349 132 571 422 29 973 236 503 75 151 855 273 965 841 166 586 338 389 568 483 408 381 24 688 422 438 793 230 406 192 228 866 656 773 504 26 770 341 24 195 864 713 114 693 716 929 503 90 58 75 336 754 958 874 713 797 419 793 546 580 768 360 186 920 1000 865 28 641 978 822 673 406 221 825 844 595 328 252 684 512 99 674 831 647 317 621 801 872 352 415 135 29 114 135 65 831 94 790 573 700 877 232 963 188 26 457 514 938 286 29 360 167 498 427 891 773 370 786 391 132 562 793 989 482 214 534 583 944 523 142 474 641 100 386 898 955 847 419 408 736 43 6 811 525 997 433 998 715 85 549 188 380 435 808 407 688 712 957 816 812 914 629 676 291 654 209 619 141 252 504 772 523 131 670 428 923 988 661 520 85 423 527 460 366 454 975 503 849 388 490 697 802 323 149 862 274 850 443 45 722 437 48 652 187 405 531 888 152 808 20 740 505 986 190 759 118 521 890 331 268 334 602 754 704 128 84 704 766 861 129 536 921 523 361 549 212 239 430 128 473 434 455 201 461 182 216 568 18 336 435 583 60 257 387 635 686 465 523 657 175 718 321 664 181 684 411 960 617 859 378 615 125 640 389 326 151 528 801 401 940 347 507 174 653 552 725 153 468 87 59 607 712 872 746 598 430 383 995 763 946 39 661 434 438 776 626 687 730 500 792 346 462 560 580 118 965 598 533 110 526 837 171 142 402 111 410 774 293 753 905 732 896 725 542 995 793 449 880 4 784 139 63 581 696 365 735 285 997 383 272 264 29 571 23 678 103 800 791 969 294 484 932 89 679 755 969 742 410 274 796 299 965 868 890 769 396 266 417 68 737 452 311 704
465 496 326 717 608 396 56 144 506 154 253 93 26 437 89 271 595 460 2 642 521 95 969 637 742 965 820 380 294 174 270 456 410 302 806 204 282 314 646 160 640 670 129 765 654 781 99 783 796 399 154 790 77 760 358 314 581 714 51 624 805 436 113 968 282 828 380 875 150 285 459 658 362 778 713 100 852 27 425 697 139 788 336 212 980 761 235 652 227 701 548 495 393 536 882 752 924 518 224 494 397 260 462 138 566 697 151 589 778 363 439 382 651 553 225 962 153 221 467 650 141 636 881 376 982 15 759 98 242 114 711 937 202 412 268 734 243 59 9 87 893 960 554 675 151 651 10 337 265 316 823 321 669 330 623 43 607 83 989 217 918 173 93 476 861 560 167 673 61 550 872 303 952 307 257 449 4 946 468 252 75 401 708 47 535 147 590 910 318 409 217 522 499 578 424 515 236 180 21 499 650 176 752 532 272 967 254 172 21 689 992 448 785 438 483 279 655 257 953 314 173 85 237 37 443 939 287 143 808 922 204 443 982 558 51 779 827 169 658 918 57 564 297 102 755 600 174 900 224 928 13 865 884 408 428 795 153 413 803 403 2 305 760 973 37 844 209 560 627 569 619 478 941 433 534 87 929 601 184 200 738 225 440 350 805 540 111 661 328 455 809 278 561 118 359 901 278 37 235 51 925 762 270 251 446 946 98 349 8 672 79 852 798 715 384 619 277 308 926 275 418 619 701 42 43 862 815 453 781 640 433 991 132 580 637 873 81 338 968 362 238 331 943 174 233 902 13 787 620 719 814 221 118 138 535 433 203 962 554 106 481 364 682 639 624 114 489 149 963 571 414 439 964 172 194 348 820 772 332 560 35 1000 236 435 506 142 542 732 614 503 432 340 228 927 888 968 974 523 788 602 443 315 203 420 489 518 851 702 454 520 433 688 340 134 828 729 995 431 280 963 96 297 654 737 840 733 420 40 885 833 351 563 103 924 869 863 294 666 441 826 275 556 581 331 868 757 445 247 352 239 919 998 426 435 251 233 813 637 807 187 648 371 390 504 29 225 445 803 270 328 552 805 412 955 51 430 290 620 381 106 988 914 222 36 79 283 396 773 627 427 848 798 184 559 596 609 697
88 270 334 37 602 159 94 968 713 17 952 836 172 620 444 204 4 277 808 588 600 925 301 335 484 150 435 974 462 748 302 358 855 530 166 522 765 393 180 270 588 27 602 991 741 24 743 127 538 107 542 154 238 790 443 12 609 638 771 768 305 988 163 286 912 816 585 64 240 236 81 78 341 360 2 20 615 486 609 442 398 942 464 344 640 790 593 975 382 307 677 698 412 945 24 642 369 426 729 721 317 76 287 808 342 779 119 926 734 384 897 285 978 752 783 427 686 373 848 76 946 328 156 10 705 561 267 109 481 491 616 920 474 829 353 616 814 126 905 187 353 178 39 115 843 766 819 677 934 343 8 947 121 573 615 761 595 784 463 954 294 311 669 984 639 498 701 83 225 356 739 724 472 366 955 6 301 623 306 989 645 868 217 852 689 993 523 167 258 894 282 505 535 936 698 772 432 840 199 120 371 941 333 958 768 79 890 836 545 248 268 819 677 669 78 496 309 641 888 409 571 86 4 28 920 712 363 58 649 552 189 738 524 9 468 244 616 480 715 45 565 607 803 791 454 540 830 180 663 548 629 176 837 294 73 497 604 772 293 982 177 418 353 41 972 449 38 571 747 725 496 52 194 390 506 131 791 136 437 507 224 440 328 547 121 402 370 875 457 919 825 988 733 211 944 755 930 745 100 666 600 330 680 378 594 878 820 452 493 408 23 542 827 475 699 454 789 586 718 982 808 435 748 566 798 691 430 845 33 753 481 868 953 835 184 849 358 400 12 327 977 500 911 384 952 305 664 341 370 520 521 586 805 56 519 336 695 751 842 10 816 57 41 416 238 718 207 125 633 779 176 666 187 294 988 963 453 852 804 867 550 833 57 746 71 940 717 417 635 310 803 167 3 582 123 429 856 790 722 265 544 947 754 415 85 517 488 156 861 690 747 53 470 435 187 624 892 628 958 699 985 746 285 569 523 239 607 656 144 800 535 369 900 36 170 804 168 459 710 21 742 577 373 322 84 307 645 326 335 703 217 150 112 443 799 865 491 335 112 167 626 102 27 489 10 104 581 498 918 787 985 926 117 151 34 639 234 560 18 803 839 752 990 646 13 605 933 980 650 856 560 327 817 306 406 539 757
320 526 107 573 331 850 544 314 29 133 186 378 998 489 453 683 512 150 353 967 851 532 736 498 311 467 620 897 208 199 340 691 161 158 179 278 42 659 50 249 201 126 285 788 125 860 965 954 38 131 341 996 190 688 629 624 26 865 918 82 215 42 429 563 81 556 498 17 241 388 860 225 304 87 437 267 41 975 822 960 635 315 758 976 303 324 509 612 602 765 711 542 547 461 301 776 984 663 905 380 601 22 881 742 627 573 120 503 411 729 724 200 4 688 847 595 1 251 645 80 223 620 846 799 260 675 124 56 960 593 453 120 889 181 774 126 12 503 704 516 894 52 794 870 394 268 609 957 676 436 360 303 22 856 614 948 642 823 15 532 658 216 522 701 464 663 133 532 662 644 119 917 613 319 487 801 462 737 752 742 407 964 314 936 945 331 838 272 439 422 774 882 503 826 474 293 192 952 899 198 779 51 219 972 767 815 494 714 319 9 415 252 626 217 168 915 10 365 866 969 164 272 899 446 22 614 43 546 135 156 933 907 876 522 34 339 371 332 372 568 976 594 267 466 98 476 485 433 549 675 505 957 219 535 38 85 154 473 209 755 38 847 150 517 474 328 667 547 564 700 404 318 477 363 691 401 290 95 626 675 989 505 579 263 410 4 882 956 23 222 736 565 585 381 416 536 927 704 382 839 275 693 371 602 699 855 703 89 402 508 26 81 408 86 160 29 709 278 431 286 683 642 867 158 947 609 529 314 744 606 515 551 417 871 260 537 660 200 830 697 49 742 467 529 896 704 947 765 624 423 712 840 953 460 42 834 489 806 665 590 315 1000 932 58 618 753 711 52 796 515 354 141 931 161 211 286 312 861 994 88 578 763 637 352 21 27 941 930 791 830 612 378 176 585 847 346 17 865 458 247 325 452 874 614 827 925 463 777 253 556 522 315 605 878 376 300 812 721 632 76 146 60 236 806 718 174 329 278 649 744 106 713 566 445 323 85 657 709 76 821 368 400 66 640 905 167 788 636 183 718 474 936 590 213 136 105 147 805 242 622 238 101 125 586 584 70 49 86 706 662 700 875 708 348 149 46 491 154 902 903 506 249 553 464 942 805 85 951 537 902 644 96 549 125 583 713 672
995 108 277 815 213 850 810 93 542 303 296 123 493 500 605 11 556 164 563 907 450 417 260 605 447 631 680 138 584 218 993 99 926 975 263 116 758 223 44 733 346 36 331 903 881 446 181 309 918 302 737 777 8 563 703 37 511 586 11 907 254 856 911 58 907 277 524 932 794 645 533 648 614 518 813 959 237 584 678 952 209 891 954 230 245 550 234 472 697 280 769 525 708 753 585 138 484 336 140 603 870 679 401 592 203 120 920 100 320 489 69 898 817 202 595 575 241 245 659 129 981 500 340 873 676 803 496 621 194 411 160 300 33 164 375 774 707 760 885 575 914 577 349 763 309 678 419 744 108 85 554 182 280 756 852 644 106 693 895 748 138 702 6 175 185 234 603 336 822 678 129 217 868 765 638 640 681 332 472 744 161 3 794 289 964 599 643 387 392 147 215 589 577 398 457 190 646 206 886 687 613 789 182 55 179 294 984 953 999 828 507 199 986 475 364 811 610 97 125 868 937 670 463 965 912 534 138 8 381 271 442 119 253 476 97 154 46 711 455 10 986 322 980 583 106 661 877 316 871 19 296 598 889 550 210 753 917 50 421 833 467 884 355 797 922 395 449 702 299 522 305 808 358 728 845 641 525 149 684 678 792 227 976 467 200 440 363 414 178 971 796 345 189 862 606 343 632 474 429 589 977 29 505 176 803 508 335 877 661 10 883 702 79 883 987 461 540 83 301 971 316 880 57 815 552 442 549 506 771 586 644 894 301 964 505 342 685 321 768 747 766 57 626 256 284 678 29 296 756 629 394 263 164 719 790 999 388 277 143 978 586 742 906 860 366 453 670 303 952 6 912 1000 905 470 613 836 243 85 559 4 883 51 509 596 725 232 292 532 885 728 179 188 79 104 58 128 572 466 889 432 327 425 204 535 122 317 936 222 218 448 103 931 631 610 843 711 557 260 415 544 450 874 348 92 671 159 749 585 751 196 622 911 618 159 417 121 519 993 517 587 561 570 388 852 161 427 808 324 961 571 382 890 64 757 504 254 354 811 52 41 453 228 914 874 496 756 117 202 353 338 940 504 171 95 817 130 197 426 558 379 622 55 832 465 810 834 797 290 22 519 593 418 976 688 553 824 616
801 861 586 840 315 51 126 604 750 891 790 738 53 715 747 127 996 444 766 817 571 115 742 253 19 376 907 513 612 691 922 533 985 568 877 920 398 260 108 458 528 328 1 363 432 458 880 680 483 921 72 360 127 382 303 257 753 389 183 818 437 983 312 829 75 450 141 982 479 120 567 762 670 765 807 393 974 170 490 507 433 588 607 676 85 743 246 482 521 225 545 94 375 39 709 35 709 262 988 981 116 615 223 698 827 609 129 407 707 642 483 303 347 472 23 72 160 884 468 687 643 680 719 153 267 955 447 361 418 798 348 408 831 286 583 294 435 545 78 885 565 943 418 391 671 613 172 861 220 435 235 51 261 607 785 775 149 461 321 630 431 773 247 168 618 406 483 459 2 293 952 616 633 776 728 885 573 995 513 565 939 522 504 115 478 250 320 87 69 56 523 851 570 473 391 876 871 488 547 92 178 528 429 923 896 708 481 866 157 640 351 939 544 915 956 607 320 187 210 30 487 615 850 615 465 133 983 948 92 403 609 543 335 261 255 184 434 144 545 678 839 13 576 376 670 551 932 241 128 603 389 540 332 316 417 743 557 574 999 682 904 358 700 209 358 757 406 45 56 63 926 333 369 231 611 139 892 419 104 994 667 952 219 245 921 197 288 835 78 749 742 959 608 421 554 272 230 483 125 140 305 775 569 172 937 840 644 409 632 191 342 461 467 809 973 131 248 446 325 88 452 311 732 764 261 20 125 604 992 162 811 813 851 956 952 106 308 380 692 306 82 650 80 465 688 488 230 765 619 486 299 640 971 198 684 46 121 411 231 680 375 324 721 301 233 72 739 443 273 296 880 729 822 510 678 680 790 793 329 404 350 476 219 432 356 9 904 255 731 801 738 950 982 258 477 299 774 499 35 922 503 316 710 972 596 366 80 390 734 977 652 148 479 925 564 719 213 576 294 566 158 993 50 701 160 651 208 423 911 731 426 689 528 34 906 85 675 25 541 544 564 731 406 220 462 198 520 668 229 405 490 431 448 745 293 731 565 972 110 234 152 990 523 331 928 233 738 586 302 969 357 619 375 638 414 542 395 142 939 782 151 633 721 654 553 318 821 331 188 676 637 513 417 530 778 542 689
559 907 415 718 855 65 403 122 220 142 729 387 862 256 497 215 662 637 19 876 638 513 119 786 714 711 773 580 266 886 530 455 483 479 316 728 749 281 391 900 807 361 627 724 299 931 311 372 464 407 950 476 808 420 635 997 28 573 146 216 782 428 143 601 75 406 309 212 664 597 13 359 485 750 493 62 112 900 675 725 257 539 123 400 236 405 723 660 797 479 941 820 991 916 324 174 236 355 171 97 679 924 731 267 450 947 972 107 611 1 848 836 437 426 82 561 26 572 413 298 788 952 701 571 307 344 309 135 171 136 548 573 731 714 591 200 967 570 345 461 688 8 914 506 199 720 527 837 962 156 138 335 595 786 888 59 531 120 958 42 757 846 775 614 710 223 433 365 871 324 445 558 532 708 647 413 840 137 704 516 896 456 723 471 453 691 33 259 417 222 527 935 155 82 562 761 346 674 151 875 761 448 430 480 500 429 138 572 679 334 978 172 744 535 389 718 458 747 575 691 665 858 174 479 565 133 291 249 399 999 362 220 145 874 118 22 468 636 692 939 827 420 300 255 908 607 523 945 94 14 525 812 52 629 750 145 809 392 952 32 514 120 753 979 62 633 259 659 202 924 326 447 509 561 671 462 377 343 14 356 327 694 523 841 980 739 349 12 64 475 863 736 136 308 631 176 740 126 683 321 923 135 718 592 434 703 376 838 111 888 769 227 711 831 54 797 526 800 549 426 846 577 448 417 973 396 915 212 739 882 774 442 533 353 930 846 999 950 521 435 58 4 934 162 666 416 989 348 111 994 645 107 139 482 432 948 32 317 495 157 707 634 701 515 909 264 894 793 613 947 836 425 452 112 654 165 109 289 691 664 247 345 943 41 497 36 36 936 894 776 554 394 139 650 897 718 623 649 619 552 589 734 198 166 495 225 582 374 961 245 931 890 307 545 264 57 666 376 92 332 708 145 728 641 860 531 758 998 91 733 88 637 743 6 716 128 424 847 449 326 266 147 226 149 596 672 659 744 732 796 818 291 895 112 736 216 598 587 640 260 680 398 948 75 786 348 277 865 189 729 990 146 192 629 458 550 77 324 200 473 742 32 295 194 152 411 757 132 672 287 280 365 419 393 204 692 737
85 46 344 134 343 601 382 656 640 161 952 45 810 646 728 363 278 661 194 418 174 418 684 296 180 37 348 927 674 662 687 930 396 391 284 779 79 46 1 111 47 66 425 324 510 863 947 117 441 259 818 192 311 209 566 288 985 30 933 461 230 12 812 404 693 864 486 223 373 891 762 781 961 108 428 79 699 377 201 37 632 643 951 312 852 83 523 414 55 614 147 593 648 835 16 186 187 837 266 220 214 385 273 520 645 42 34 537 669 587 140 269 764 140 691 253 233 913 794 911 515 876 766 300 7 601 35 839 342 203 830 514 181 730 641 664 496 742 482 770 424 277 862 859 768 897 400 294 102 12 483 272 228 883 436 693 294 889 678 75 16 899 566 387 957 364 427 133 810 472 821 131 31 716 938 117 927 490 163 515 613 882 900 707 419 945 919 125 932 552 433 502 77 432 745 713 160 233 614 4 202 581 891 714 110 257 59 567 504 150 979 497 736 497 303 211 316 45 846 212 640 644 811 315 150 443 361 865 653 481 83 256 292 666 950 920 307 735 929 901 948 443 133 79 586 537 335 103 134 692 31 35 27 735 351 720 847 559 624 845 586 985 68 22 376 620 77 985 374 796 565 766 897 217 472 396 193 749 759 616 144 700 570 953 691 341 874 573 514 871 828 208 790 271 716 224 718 864 969 416 502 735 561 122 147 317 871 260 795 283 496 676 572 690 330 443 235 460 254 584 57 143 53 711 341 685 829 182 363 392 285 431 967 168 373 897 962 943 422 375 117 464 1000 372 965 122 323 482 573 700 793 501 609 904 539 390 962 100 96 447 99 638 734 881 801 879 651 261 298 440 981 810 377 442 126 274 785 679 378 349 741 375 818 5 9 602 642 241 619 209 368 449 339 344 602 851 300 143 529 323 920 459 716 193 617 882 492 904 972 520 328 242 182 204 791 364 963 728 554 726 488 443 23 746 427 524 564 49 695 306 873 421 157 174 613 50 36 480 687 783 909 146 405 962 313 343 955 432 348 923 438 145 186 14 363 97 964 999 89 308 995 893 257 216 841 179 263 485 372 112 500 130 440 113 691 850 438 945 844 759 786 178 54 212 270 485 764 713 636 935 985 839 989 707 460 440 608
742 703 562 937 899 896 414 657 66 359 806 893 888 560 546 388 5 468 990 622 511 710 895 969 305 855 666 210 692 117 395 909 740 133 837 327 243 94 724 89 692 349 432 354 136 588 576 439 209 103 951 385 167 371 616 698 417 85 791 146 146 594 718 556 865 657 370 440 787 814 242 246 94 61 669 471 837 830 881 11 887 641 875 69 371 633 567 706 774 724 345 538 117 389 428 186 741 926 418 506 337 340 150 10 647 810 115 528 350 883 351 999 31 369 801 426 567 510 460 675 977 781 839 862 99 595 617 894 504 325 141 692 868 766 732 745 572 295 979 262 318 428 651 216 143 719 587 280 37 36 634 131 814 68 17 112 260 972 735 259 242 593 621 410 261 860 240 684 507 131 749 982 475 842 218 42 128 711 263 538 587 444 704 606 772 716 558 622 955 52 834 29 501 959 192 133 693 661 559 398 816 669 221 377 767 159 269 415 907 293 469 221 828 990 744 238 231 865 989 73 156 862 99 951 150 885 867 528 936 78 206 893 246 540 891 111 637 674 782 555 813 105 481 958 57 351 172 370 224 631 481 342 230 871 24 491 787 266 709 921 495 971 369 521 894 527 18 705 604 612 232 544 844 880 742 184 309 768 211 349 483 783 226 146 982 953 732 472 458 412 157 668 90 558 522 813 297 335 865 484 408 160 287 204 861 948 720 957 684 744 47 351 373 150 872 285 588 271 842 205 802 115 376 467 134 967 399 9 988 681 607 33 4 14 962 384 287 785 79 110 594 759 811 48 73 415 680 892 954 112 377 805 944 306 340 576 465 284 108 420 897 455 602 792 818 628 28 487 272 849 28 99 194 541 719 197 766 566 522 958 242 226 367 715 770 226 460 345 113 651 732 741 342 596 51 982 123 994 687 554 845 539 55 587 794 272 208 881 756 341 240 760 947 680 323 111 332 944 648 622 85 374 622 713 958 300 608 338 321 716 656 494 600 682 108 760 795 818 83 926 932 186 34 30 913 93 645 252 707 450 557 860 257 87 602 64 16 856 79 556 21 561 791 874 689 351 580 642 327 811 801 311 412 82 923 27 450 658 532 611 573 713 698 156 503 757 702 756 14 942 398 176 335 822 723 485 470
986 284 897 301 363 3 185 408 930 191 940 37 471 933 502 276 744 229 283 498 793 410 574 388 936 783 888 653 849 953 944 385 893 767 305 468 881 187 579 135 752 617 802 810 600 343 52 660 783 616 942 909 542 806 435 606 341 444 766 243 339 531 458 594 777 676 248 944 130 798 999 358 935 728 306 367 624 617 739 624 707 815 601 139 26 230 262 416 186 142 711 438 312 895 967 811 346 786 180 518 335 385 412 678 787 575 594 518 276 169 879 519 541 607 184 2 377 979 183 437 583 130 43 842 514 350 741 779 11 998 863 800 690 466 839 749 922 563 54 315 809 578 959 772 221 583 733 984 500 173 951 995 116 796 235 31 789 403 624 978 222 462 809 820 662 508 213 120 823 867 299 176 710 33 356 994 221 998 980 712 253 273 961 861 251 306 205 678 112 923 761 904 162 739 149 867 569 963 850 436 423 805 92 605 300 362 821 68 135 617 402 7 31 29 478 422 486 882 821 470 892 647 438 713 415 335 896 472 316 129 518 934 306 722 878 181 673 849 400 771 140 181 643 361 882 369 954 344 32 353 380 821 207 942 510 638 586 154 369 276 76 438 5 957 572 117 703 284 363 769 382 526 430 535 289 780 111 224 909 303 97 588 412 667 693 892 961 759 790 767 103 769 177 425 818 984 707 452 44 536 227 88 248 992 57 549 633 982 412 333 848 817 751 318 421 125 39 529 754 350 77 397 233 647 451 645 240 836 83 318 216 160 813 859 437 876 662 755 28 406 264 781 241 177 799 483 973 473 382 510 502 10 680 186 337 266 89 855 113 574 454 810 618 181 730 925 232 791 116 743 86 882 748 532 683 762 324 415 985 504 819 862 491 596 327 926 761 980 887 863 520 759 510 60 904 944 438 556 805 722 772 123 759 335 773 631 205 453 840 68 710 291 238 743 742 589 180 85 817 505 125 690 527 600 909 73 168 285 723 443 968 129 92 782 304 123 204 999 511 446 64 152 978 321 728 317 351 768 554 785 211 629 815 19 450 720 128 784 942 338 699 796 128 556 628 213 546 588 612 98 296 597 469 336 179 209 418 591 368 628 125 336 727 769 570 416 675 616 421 435 301 400 933 845 815 564 454
665 960 56 195 102 20 473 785 922 91 180 158 396 924 396 302 478 514 704 840 108 973 606 444 833 961 809 957 739 130 193 754 626 618 888 538 901 123 280 200 445 296 85 122 616 584 992 416 392 41 290 339 66 744 886 821 424 435 273 20 913 565 717 78 800 898 174 400 656 800 942 321 847 754 799 428 481 757 148 634 914 747 394 441 676 688 779 510 903 160 189 636 563 79 418 623 259 222 138 488 427 841 530 405 397 138 563 902 746 102 312 353 124 100 584 572 71 279 850 919 414 640 967 465 4 199 249 977 537 28 1000 151 918 339 530 372 375 172 713 838 824 26 828 533 133 521 184 685 420 838 120 371 636 436 310 795 276 672 158 346 915 267 80 926 848 157 962 455 737 628 191 668 949 653 406 666 456 675 633 774 80 415 952 522 354 119 832 478 568 432 612 662 982 123 353 389 61 195 272 226 985 433 155 891 726 970 877 799 701 246 699 270 203 44 971 216 306 351 226 148 843 460 421 599 183 271 511 776 92 399 631 614 298 788 475 869 77 184 363 103 419 305 264 665 703 21 62 217 664 919 462 943 335 358 205 274 502 437 265 769 74 954 772 57 639 516 25 906 896 861 836 940 246 48 928 690 632 528 203 754 626 254 122 84 538 376 49 248 376 845 470 952 724 943 690 668 207 130 264 867 837 114 274 839 798 852 178 468 913 966 5 276 458 874 829 305 783 563 653 843 234 212 150 544 724 204 861 136 135 965 886 64 262 223 730 625 466 281 362 454 295 1000 594 486 595 749 945 623 269 506 134 867 868 83 256 438 355 856 568 56 519 275 691 774 792 492 144 181 371 792 868 11 909 242 263 20 26 654 856 607 206 857 341 8 144 557 294 437 765 581 417 679 877 210 321 266 835 573 558 889 611 277 602 602 633 617 637 850 25 718 497 537 283 15 317 951 853 616 700 874 344 913 911 300 807 597 577 954 701 354 21 571 771 3 243 169 758 458 133 173 402 921 210 191 360 926 448 279 113 570 401 458 130 955 291 895 416 576 126 390 670 288 550 775 449 845 888 92 673 523 524 702 650 923 790 673 476 163 604 310 554 560 568 17 478 658 480 326 488 987 713 804 351 788 613 53 373
317 554 508 260 140 328 388 918 228 597 13 26 656 17 481 651 995 143 18 796 541 574 732 399 7 926 487 407 815 825 159 831 111 237 540 538 915 998 628 979 77 786 363 669 990 838 135 214 415 243 678 384 610 990 603 767 363 441 68 40 864 415 505 432 450 504 831 6 221 893 27 648 443 687 819 56 683 791 608 198 699 518 496 467 380 37 24 896 744 664 494 328 565 781 420 461 375 499 188 432 176 623 725 762 350 38 429 135 130 795 600 494 214 916 281 997 519 619 71 291 127 780 925 640 521 685 190 435 264 831 146 841 770 903 76 249 207 477 337 210 759 401 945 279 650 489 438 912 20 901 545 607 96 41 399 995 645 244 83 551 601 308 440 32 188 560 366 145 771 319 261 880 335 233 852 894 890 296 631 319 429 543 119 303 337 182 242 503 339 471 993 678 56 403 536 426 127 213 932 91 660 946 850 589 856 379 662 52 701 388 875 66 693 514 780 776 892 38 868 895 566 539 164 554 354 51 753 515 436 751 302 543 609 964 232 918 921 631 192 626 717 543 552 597 128 95 626 371 790 763 827 93 103 133 728 919 410 838 719 39 19 23 265 570 653 400 132 827 516 103 617 58 844 609 97 262 428 953 433 1000 818 919 697 313 567 963 761 982 416 80 950 602 142 731 214 743 98 490 826 418 837 29 657 907 849 143 885 701 978 392 115 565 922 324 585 133 766 948 765 148 716 861 634 470 715 616 679 455 312 324 198 22 552 875 982 468 881 791 428 897 56 961 83 72 523 543 322 900 775 691 662 108 147 179 519 766 571 276 300 143 573 333 196 400 744 168 376 843 933 663 453 469 864 438 408 941 180 401 378 517 873 41 875 407 186 344 178 242 680 338 353 996 897 307 493 24 318 664 537 768 686 559 822 629 667 111 599 618 344 826 572 187 222 118 789 754 601 728 931 588 342 679 783 950 450 241 394 295 302 967 506 285 262 815 20 939 102 107 98 738 128 902 955 160 236 947 888 583 145 842 666 559 249 407 780 981 658 251 655 658 679 696 291 351 758 699 761 335 360 496 750 819 106 906 495 513 56 129 92 884 410 700 78 108 970 73 388 924 709 693 211 147 587 295 218 826 176
637 121 963 449 992 389 633 577 882 361 931 955 823 852 95 581 798 757 72 855 638 9 229 213 482 44 694 88 589 338 525 141 631 696 80 772 565 143 100 130 882 780 443 218 159 126 839 311 470 392 462 424 338 271 855 766 354 543 439 422 917 130 21 15 793 837 183 992 71 991 46 165 83 19 274 408 50 523 447 200 128 367 571 547 5 289 169 984 24 315 935 868 439 509 490 11 165 900 47 501 25 667 62 968 649 361 703 859 198 883 421 96 881 765 211 400 255 505 947 964 252 527 718 511 299 394 127 113 128 157 336 227 71 734 569 316 81 192 406 795 215 799 39 240 158 517 318 736 576 568 58 166 7 708 460 747 771 390 383 904 508 499 419 832 435 637 654 599 531 935 624 297 222 291 644 179 123 269 120 921 124 716 908 2 253 100 404 278 785 183 865 831 873 156 438 795 647 279 807 480 170 629 775 542 163 620 446 952 806 906 678 368 19 796 316 35 14 89 987 485 708 20 852 114 610 284 472 151 88 215 277 749 318 917 938 687 875 140 407 497 562 461 821 507 474 438 48 957 313 871 171 403 689 893 273 368 599 755 825 677 693 788 205 544 278 661 471 58 302 283 280 518 722 404 248 687 521 422 218 45 387 495 923 19 792 11 379 885 385 852 390 162 972 183 966 751 963 525 275 607 458 562 113 39 790 964 587 10 255 973 667 494 743 565 514 105 710 721 680 766 635 737 16 75 384 261 397 27 717 309 270 669 608 518 305 969 519 218 220 259 699 886 530 147 830 688 966 63 619 699 239 996 190 18 432 329 631 615 672 439 623 140 658 672 309 529 920 118 424 862 677 288 205 121 165 495 921 638 934 142 463 248 529 351 466 891 638 198 832 290 629 571 613 559 341 341 650 729 241 463 29 635 165 129 910 293 145 731 912 699 28 974 27 813 734 397 598 170 942 837 754 264 992 267 433 487 70 404 704 65 317 4 402 87 418 13 94 197 200 550 180 486 268 460 478 922 534 288 505 119 872 244 599 853 374 64 101 62 423 542 646 759 169 577 305 147 951 963 676 373 727 13 353 805 567 294 134 53 245 349 164 646 914 915 145 704 130 640 829 803 375 286 649 443 393 62 866
811 906 599 114 113 835 323 940 110 923 36 557 696 64 362 673 365 789 991 848 959 846 285 188 335 189 508 944 778 884 200 967 129 38 367 672 887 447 493 457 754 558 943 496 260 513 876 279 52 463 879 926 607 360 712 909 404 717 746 869 17 612 823 155 569 53 418 610 103 888 833 571 928 32 498 458 319 608 716 41 737 851 270 784 410 757 685 316 433 580 644 18 684 923 189 451 240 713 813 223 802 730 572 119 425 204 216 287 225 921 840 427 725 485 770 115 458 610 267 771 887 515 497 290 751 846 328 291 297 119 90 814 122 104 703 683 952 411 988 535 314 713 668 932 703 289 795 375 809 795 212 644 768 35 811 10 639 383 749 593 905 923 499 45 644 276 433 624 917 550 931 322 627 132 536 808 422 634 458 760 361 741 954 403 1000 897 75 248 5 619 205 770 34 54 258 620 398 188 330 367 998 732 446 560 163 785 572 521 609 187 963 773 820 916 677 163 130 70 324 105 755 145 225 680 709 493 177 309 661 380 615 696 436 757 402 480 168 984 847 331 261 668 130 971 594 214 281 625 879 318 845 472 661 514 454 330 849 772 32 263 800 377 615 848 354 705 592 625 148 132 686 111 88 830 861 445 308 659 972 634 927 13 773 308 678 642 956 323 732 964 495 59 434 234 956 250 310 144 361 756 34 353 634 640 294 928 937 411 887 639 685 911 794 450 324 993 656 647 11 690 47 593 721 19 884 118 335 166 909 341 752 903 40 712 767 143 425 846 210 643 807 827 481 931 658 779 995 998 846 664 420 141 501 81 452 829 885 979 496 649 112 441 574 130 804 342 139 493 875 856 270 99 898 661 81 866 210 502 747 393 980 895 223 289 908 60 532 596 898 200 846 743 577 951 262 364 295 259 339 628 589 288 695 24 192 1000 73 29 798 632 567 966 220 663 546 705 487 218 70 808 444 780 993 482 281 806 523 956 320 149 35 281 781 412 143 382 707 180 210 229 702 712 212 324 824 669 348 651 798 461 71 621 296 974 988 664 343 68 575 179 850 943 31 899 559 303 47 72 603 727 299 931 206 923 59 607 939 956 39 61 677 902 589 757 655 339 646 933 593 418 294 634 712 881 879 877 651
899 573 106 779 899 951 952 149 540 894 423 786 492 146 649 680 334 447 947 228 288 810 475 666 592 159 417 944 280 810 246 279 420 524 452 504 778 476 42 22 858 883 7 138 396 470 133 339 392 950 761 448 381 108 154 105 74 992 608 154 76 996 352 188 64 414 675 532 398 209 319 53 966 369 343 462 174 829 17 798 319 212 995 24 229 734 600 836 584 703 526 391 868 79 508 590 494 250 432 510 87 915 108 60 753 360 457 306 58 777 638 358 683 854 684 264 945 461 932 287 995 222 891 54 748 934 973 513 502 535 574 85 778 30 801 829 806 653 826 415 66 385 249 494 912 293 474 187 897 139 859 530 255 641 704 811 733 435 149 261 333 726 594 595 679 30 928 596 307 776 914 743 997 271 716 516 886 664 461 635 170 762 105 556 53 940 161 593 534 118 83 529 477 544 47 489 485 306 429 527 633 824 217 619 931 94 54 853 142 760 792 490 904 462 633 448 830 360 687 782 518 908 311 512 303 621 560 707 865 38 502 515 442 286 587 65 308 549 385 533 167 578 589 770 732 447 308 367 544 134 539 796 712 153 753 198 708 841 925 275 601 539 205 406 600 46 490 537 638 583 430 852 608 536 305 800 104 802 877 228 954 923 259 928 933 247 810 856 63 341 249 221 147 134 829 351 253 9 908 922 104 587 858 45 708 702 33 243 558 18 299 426 574 216 690 182 192 585 945 39 976 893 967 180 174 170 654 168 523 600 963 33 316 356 439 450 331 286 293 86 804 262 117 547 866 71 640 312 815 379 955 350 210 506 615 271 754 375 727 519 62 441 408 669 720 556 605 54 451 370 680 450 350 929 426 630 253 923 379 291 480 797 764 472 48 223 913 329 313 858 176 531 96 271 77 518 170 33 891 464 15 32 86 583 478 471 37 979 499 929 109 381 175 757 3 854 553 790 631 330 565 208 978 993 527 466 701 297 249 767 668 655 880 271 485 31 433 198 882 277 672 114 253 725 362 180 321 119 149 754 210 630 601 412 832 940 93 9 50 748 296 302 277 597 52 239 710 588 278 189 367 932 173 135 856 268 930 636 177 921 943 805 730 499 972 439 352 88 917 562 75 716 383 936 228 548 416
66 264 267 903 765 897 672 968 871 407 311 498 375 810 132 598 404 165 353 538 808 98 326 640 802 65 572 848 34 195 757 194 773 32 176 112 685 538 572 735 708 527 706 317 922 370 143 412 775 213 335 753 826 880 523 992 128 646 571 896 929 429 463 46 693 48 889 126 945 492 172 995 190 304 194 359 269 769 401 182 71 155 885 446 507 728 889 833 667 655 5 20 990 486 990 608 478 921 942 16 565 663 545 921 918 330 922 224 838 254 361 138 618 578 436 397 11 330 274 970 538 374 164 373 452 649 77 225 495 946 781 801 613 938 420 979 142 357 492 424 977 144 820 548 699 779 468 565 968 847 85 787 649 452 560 196 121 678 977 399 467 640 40 163 266 445 202 706 426 36 255 415 453 853 60 598 839 499 602 502 701 249 924 220 46 927 970 401 166 739 434 236 879 941 279 600 713 343 829 956 379 400 336 406 791 344 103 9 944 515 139 488 342 103 548 44 728 560 145 821 247 12 506 143 970 516 810 706 406 465 968 560 197 48 111 1000 621 813 662 164 692 493 481 844 508 332 752 350 287 709 732 290 755 250 27 903 307 152 778 715 151 816 561 711 796 610 475 32 878 568 124 390 826 639 793 122 449 98 282 905 577 744 770 242 805 238 321 415 948 504 455 301 818 316 609 657 486 266 505 898 368 312 735 430 652 811 305 633 801 563 99 5 620 867 326 908 53 870 815 928 282 997 46 57 766 995 554 988 893 992 70 15 538 144 285 167 245 440 974 171 388 740 872 832 891 410 668 169 496 421 776 782 756 193 122 985 983 788 947 71 657 631 926 597 410 827 90 66 333 254 593 13 274 827 414 265 65 128 632 991 455 56 215 271 968 574 735 377 440 130 551 82 443 467 870 53 996 714 532 483 854 9 25 400 814 481 870 942 593 21 691 144 662 14 533 834 668 406 582 793 359 897 346 787 396 980 900 710 638 23 804 959 789 482 460 692 519 924 843 825 244 363 538 820 371 340 619 40 714 225 388 178 153 324 295 227 720 959 195 709 131 483 224 381 404 552 158 314 94 351 608 136 75 958 702 732 215 380 351 921 17 834 148 994 450 68 382 365 336 351 500 269 308 424 287 241 886
809 367 719 207 8 807 515 384 742 875 566 185 175 229 133 611 199 322 721 171 403 522 807 881 629 59 770 652 238 695 96 979 661 104 172 782 502 579 426 869 826 591 505 976 361 116 946 925 255 237 380 828 594 607 446 7 794 587 72 957 174 689 946 214 866 277 903 545 340 452 934 563 267 611 869 105 174 215 96 509 468 895 834 508 375 967 812 619 77 855 492 651 320 711 37 882 709 885 807 726 342 569 253 832 411 961 363 977 350 80 804 455 994 766 265 831 695 60 271 764 297 46 72 15 670 923 316 493 665 713 927 160 121 663 130 396 558 548 83 620 230 669 304 846 844 276 899 806 821 302 996 905 375 359 296 435 592 188 843 780 514 740 534 695 631 310 35 12 585 947 556 631 394 805 857 103 750 773 87 716 459 928 29 137 391 790 679 929 673 797 47 362 320 468 551 159 932 481 923 752 490 646 349 119 733 671 312 719 254 407 596 781 269 834 416 727 347 535 76 323 714 515 596 594 139 469 168 377 302 269 428 871 431 994 518 910 460 799 52 75 544 283 103 124 257 850 233 226 57 602 768 883 7 218 776 737 175 765 271 137 893 621 92 564 947 482 183 682 873 344 279 673 390 181 782 775 688 978 941 271 403 591 845 557 827 197 23 319 519 494 578 578 34 106 606 402 43 333 71 87 785 72 4 696 887 547 667 643 735 636 369 384 17 37 53 414 78 465 36 684 899 436 225 264 580 795 431 957 599 520 124 883 11 966 681 217 333 804 79 649 631 794 598 729 820 896 340 979 569 428 801 203 328 403 542 879 496 19 813 905 998 879 586 177 754 699 399 635 35 584 651 36 143 301 885 242 485 661 490 957 833 823 64 999 929 825 627 422 817 341 768 896 853 671 171 164 138 257 564 626 243 35 787 581 969 31 142 248 955 864 32 547 194 648 194 955 482 456 363 85 254 913 739 604 504 578 196 831 541 438 289 340 893 196 544 992 856 708 335 970 507 760 789 99 517 159 244 873 594 70 418 600 108 541 341 808 578 514 961 818 974 557 423 333 130 387 733 605 372 892 380 822 635 432 695 126 90 726 244 183 71 348 16 650 708 494 483 324 503 63 730 981 603 814 500 228 592
651 764 443 990 675 679 518 665 147 710 839 260 902 616 162 521 965 622 802 996 488 760 400 479 10 638 377 948 353 980 748 196 106 178 183 421 114 72 150 649 717 412 443 506 241 552 228 22 989 827 825 20 40 375 266 66 305 308 454 799 529 518 112 296 774 999 951 88 302 3 991 24 999 134 531 712 934 425 58 967 55 502 619 748 158 869 50 181 945 130 895 937 500 458 126 274 371 292 170 73 704 116 385 194 513 668 174 194 896 443 266 713 74 972 574 131 679 437 24 774 110 973 517 71 347 100 929 611 460 510 466 67 290 16 432 272 127 222 845 267 283 723 188 37 739 584 29 471 873 372 809 87 768 793 327 319 602 309 461 68 106 150 385 541 978 494 681 260 561 810 850 273 941 798 860 295 522 565 389 431 431 681 927 4 118 958 240 646 217 682 257 519 955 35 677 855 660 438 347 718 368 83 293 201 155 364 289 941 942 178 638 962 565 571 112 296 976 654 126 972 580 622 873 704 417 776 373 78 97 468 431 212 501 725 410 129 829 966 80 960 585 947 602 749 569 705 959 516 229 7 322 808 583 653 7 309 741 775 251 499 172 835 260 279 259 29 886 775 942 682 184 565 108 889 198 331 288 13 452 432 458 604 941 541 137 233 460 887 196 533 546 21 510 43 406 564 953 789 169 975 809 687 228 738 37 516 748 330 127 809 619 738 881 200 673 494 903 701 740 981 695 570 828 153 237 938 836 685 444 854 182 38 118 531 273 272 158 116 564 984 82 628 155 339 10 303 839 893 835 290 148 963 771 549 380 711 627 569 937 106 292 173 754 741 854 738 118 396 806 499 181 798 968 207 438 704 501 510 463 203 887 499 958 718 131 194 14 587 556 551 657 683 305 341 606 10 754 558 177 826 594 740 665 147 40 497 661 293 710 333 747 995 550 115 666 625 916 267 161 471 366 741 403 720 859 836 82 430 86 188 311 910 839 452 699 509 115 883 880 845 103 669 357 952 394 549 688 891 54 728 307 552 580 156 246 880 818 653 904 365 3 285 263 316 526 367 924 87 63 906 163 630 963 99 286 392 397 150 544 112 406 536 972 422 462 624 642 911 259 694 102 93 937 435 219 972 631
574 1 640 950 146 987 147 581 28 861 173 269 310 747 278 690 150 132 219 150 121 453 945 858 765 86 787 849 805 515 352 246 305 922 816 2 190 415 147 51 620 719 229 422 71 429 70 833 643 702 186 703 296 260 697 957 311 372 979 782 588 96 507 806 767 957 620 71 793 532 795 517 765 937 943 209 263 190 675 575 107 903 962 1000 428 821 15 288 708 467 167 150 234 483 870 649 61 876 20 543 559 165 795 836 653 415 628 882 384 318 734 773 907 64 878 456 544 312 435 220 409 944 319 357 871 149 330 302 885 718 418 131 916 776 536 25 261 126 310 353 138 737 211 284 114 546 251 165 921 858 289 737 456 583 703 361 972 262 219 197 452 31 586 734 957 415 604 847 892 555 203 634 638 547 188 913 81 120 255 461 780 447 691 155 669 531 145 911 678 475 828 526 439 986 38 140 297 725 670 775 420 84 394 93 56 978 600 783 923 866 239 1000 629 990 619 737 322 41 22 106 426 588 687 792 135 740 789 88 640 345 88 898 849 322 487 706 568 885 694 716 822 185 811 99 976 453 132 294 558 291 810 716 156 489 996 499 185 957 103 916 202 697 685 747 340 921 837 74 643 117 505 389 703 389 757 399 498 93 234 498 998 303 224 122 53 130 650 743 744 127 749 581 410 629 224 67 147 130 924 11 450 960 161 405 998 80 952 786 155 521 377 451 448 232 63 63 939 611 21 754 776 128 236 608 670 509 128 92 406 979 899 662 132 844 489 865 480 136 239 794 339 449 894 775 570 279 892 810 357 937 797 243 194 186 658 110 694 821 64 496 844 812 710 974 790 246 645 719 234 61 460 628 375 809 369 822 501 166 615 826 313 493 522 747 624 384 658 705 567 266 228 104 690 547 377 961 187 898 162 126 590 284 548 218 727 979 231 613 920 829 374 463 124 151 867 639 688 966 376 452 432 375 759 642 801 254 719 387 325 911 82 410 930 640 442 902 731 756 309 553 273 788 887 997 80 56 54 871 742 716 571 32 479 463 276 961 992 882 55 281 785 758 190 892 182 459 615 966 910 619 871 762 394 307 415 239 464 280 998 395 898 599 507 371 694 411 340 441 791 166 320 730 84 46 49 686 419
934 872 869 86 87 520 199 616 807 207 399 131 912 617 675 100 45 830 579 466 795 391 333 548 62 633 154 483 796 408 232 988 217 570 890 754 648 283 339 370 457 29 905 405 786 367 690 116 238 846 318 401 413 156 635 672 577 621 631 301 937 175 951 789 744 605 735 933 981 900 833 413 603 303 827 391 894 385 759 153 926 380 145 987 591 301 925 829 723 347 536 381 230 353 749 437 461 815 193 656 441 725 63 869 852 917 147 493 605 62 212 318 624 365 789 773 271 863 962 619 907 861 273 439 956 149 620 861 451 406 538 321 337 394 791 547 881 167 702 125 426 401 743 650 241 135 352 329 453 121 528 547 458 808 698 892 88 472 564 41 828 967 757 521 677 438 479 741 493 437 905 410 528 849 434 700 126 494 92 741 956 888 210 593 16 773 336 572 121 142 802 723 264 403 536 461 395 209 210 468 682 961 309 412 90 433 938 186 991 118 631 732 798 325 464 678 394 980 385 733 164 537 580 839 464 295 204 42 926 388 996 302 787 576 58 869 5 196 995 933 814 957 532 910 825 415 101 126 373 195 134 553 345 502 956 19 795 99 867 345 435 550 250 867 980 148 230 173 334 471 68 668 178 835 693 97 370 927 906 818 323 425 887 594 905 472 774 215 457 334 300 70 399 994 84 658 517 14 382 692 168 734 761 182 398 944 985 219 815 176 950 869 774 627 952 553 67 134 945 924 164 238 260 523 119 239 435 399 121 913 231 640 823 15 582 537 213 495 588 896 6 912 985 695 801 940 834 901 597 518 620 610 828 514 948 654 700 711 129 564 88 485 772 52 491 883 421 170 309 726 472 503 307 196 638 164 180 117 630 642 513 402 91 346 385 506 466 947 102 425 79 835 621 243 838 210 908 11 528 99 199 374 788 877 489 416 895 936 835 695 628 443 376 939 800 41 432 533 399 41 955 955 670 343 844 366 179 201 271 250 968 150 715 339 707 760 528 521 909 44 723 135 808 745 654 161 504 955 643 673 332 614 832 134 402 698 91 388 110 194 577 733 840 998 223 739 527 280 191 27 184 530 483 717 441 73 956 975 941 313 57 858 131 272 106 779 718 130 802 826 92 777 413 440 654 26 289
493 881 541 505 989 989 480 498 363 92 826 445 339 736 598 503 63 142 475 280 990 322 733 216 860 529 99 808 438 277 957 502 468 914 912 691 885 974 690 945 186 322 211 656 615 389 518 594 216 689 797 724 639 44 363 628 75 607 1000 2 815 831 943 540 415 880 143 631 493 96 935 808 588 926 405 335 90 887 963 792 137 932 981 575 857 901 381 997 44 34 989 145 304 694 381 201 10 587 286 67 163 908 400 681 961 287 914 322 711 367 803 502 77 882 821 237 313 386 69 779 701 570 27 178 552 702 884 845 209 814 50 190 884 363 757 715 498 629 307 970 196 534 581 556 19 133 820 82 732 786 300 401 649 451 709 104 382 688 966 837 412 413 64 235 133 363 547 63 592 213 569 319 278 944 920 57 658 100 743 300 750 160 414 715 939 141 686 828 434 908 127 415 802 285 477 944 303 906 970 522 613 430 310 804 66 962 548 656 142 178 764 977 877 631 748 98 705 350 229 228 787 575 51 184 82 579 41 233 182 68 658 686 254 142 380 667 900 791 140 404 417 257 799 229 308 623 703 689 824 832 697 959 349 947 952 556 133 352 179 419 335 986 579 769 707 291 509 509 4 664 25 693 916 171 407 817 252 701 821 956 146 880 604 790 681 918 234 504 634 502 670 121 210 264 377 711 463 276 5 685 290 661 251 301 922 449 817 370 854 64 977 270 376 92 485 154 446 342 33 484 327 808 954 455 615 679 950 489 100 193 962 229 967 444 641 905 299 79 841 646 859 534 654 530 163 156 6 93 941 43 341 451 15 355 171 633 667 968 550 147 772 243 469 72 586 605 25 811 856 192 18 858 57 826 472 546 268 45 409 454 969 657 784 418 268 931 940 754 635 230 423 143 536 896 843 33 407 413 171 318 411 638 857 575 36 523 397 455 346 228 376 888 781 525 342 511 43 831 525 684 302 103 558 864 637 313 152 717 720 691 715 717 349 838 296 770 227 467 613 718 241 409 44 219 421 675 413 676 96 308 829 511 975 566 277 75 295 916 54 722 754 190 263 149 987 437 810 569 851 582 419 763 98 723 129 142 866 904 995 138 924 453 591 667 823 882 678 93 5 711 588 640 760 468 239 321 901
649 495 927 563 916 998 320 706 138 404 334 595 85 554 116 977 331 933 878 882 838 531 127 990 192 240 401 486 489 991 1000 807 574 293 249 592 778 251 110 510 90 858 185 449 62 680 734 614 633 315 661 168 297 145 945 714 920 286 161 639 836 284 962 972 34 282 731 188 305 638 269 154 967 854 248 124 740 517 84 531 436 918 807 604 918 544 531 232 23 619 262 227 12 846 436 268 863 139 232 719 49 551 114 160 173 924 49 257 639 744 313 250 771 658 118 606 333 808 969 157 881 769 586 545 708 955 724 738 182 576 626 111 95 51 216 123 761 626 785 834 517 929 451 672 602 293 717 3 763 728 926 792 790 679 174 91 662 721 92 794 912 755 635 554 768 274 151 244 95 765 638 727 845 60 606 894 388 206 44 565 930 107 235 886 830 111 260 994 938 567 136 927 901 166 582 946 982 136 311 202 918 560 208 668 849 151 857 361 865 701 522 337 189 763 19 391 416 718 474 171 820 348 686 465 149 360 102 540 745 854 238 250 261 541 894 271 567 296 650 580 381 101 27 429 711 764 732 339 364 812 948 609 123 984 910 518 758 824 454 230 689 25 548 542 662 814 575 5 653 811 145 90 978 101 415 39 962 6 757 704 993 937 190 416 286 576 792 212 219 804 229 290 304 749 883 823 349 57 613 688 103 114 455 558 9 183 681 342 634 967 195 689 313 519 900 967 362 185 216 762 564 365 207 986 9 70 406 981 311 381 546 300 30 55 250 985 690 285 22 632 355 301 584 141 671 811 227 694 861 132 340 970 578 429 530 271 136 531 178 991 420 884 832 528 645 847 169 695 208 613 456 681 492 981 568 450 512 792 912 474 710 469 664 615 265 279 148 498 333 673 882 264 31 223 412 328 966 952 299 7 663 721 397 454 907 260 739 360 484 715 197 892 928 20 260 600 968 433 54 530 159 161 380 598 981 8 749 976 741 785 21 287 314 473 563 743 99 453 554 611 992 140 528 718 186 289 979 811 920 816 451 855 688 916 483 423 550 976 851 270 527 46 175 895 55 49 698 708 128 213 14 314 860 981 773 977 541 500 364 836 889 269 752 516 853 440 842 85 646 156 558 417 176 306 105 884 845
862 410 794 146 297 124 139 720 760 124 721 862 320 959 492 402 71 137 380 318 120 673 598 79 322 694 112 462 29 335 305 74 519 15 619 656 639 735 518 957 544 372 303 373 722 910 981 256 80 168 911 58 221 754 576 756 133 838 616 569 587 670 894 414 707 945 152 644 353 4 672 104 820 170 855 497 560 9 1000 800 136 117 148 719 703 13 976 175 121 764 930 892 48 689 364 116 237 95 794 439 274 303 963 219 570 193 463 537 83 213 852 722 575 689 325 246 700 1000 796 787 721 465 856 824 379 564 31 628 176 370 74 961 856 80 405 837 797 581 386 148 11 26 662 616 896 702 233 185 714 760 275 468 128 247 440 469 770 22 833 746 82 71 336 736 568 586 769 621 802 676 316 964 9 110 26 237 114 149 112 302 102 422 227 238 597 703 905 360 604 488 38 722 232 317 735 853 832 907 602 207 318 195 492 235 967 864 641 518 348 815 846 18 501 708 994 38 932 823 865 56 186 333 974 892 918 354 628 642 576 853 678 551 335 745 660 992 532 244 141 899 905 354 987 185 431 346 898 64 376 403 771 347 263 739 91 82 240 809 678 543 33 275 842 202 774 316 20 767 128 155 785 798 442 555 44 378 264 733 370 613 799 202 107 96 738 252 555 154 744 201 835 901 325 660 856 916 629 117 167 233 49 832 337 464 94 556 114 477 316 332 378 681 923 104 714 495 27 918 605 687 203 709 715 121 843 368 526 143 331 931 160 412 862 12 405 411 228 472 459 959 305 609 303 152 616 337 20 507 744 827 891 38 782 19 383 848 771 70 14 840 212 654 415 190 538 650 264 534 259 451 603 998 50 805 361 329 423 813 264 119 980 716 412 794 271 367 365 856 274 750 706 58 617 828 373 486 471 118 895 372 583 964 941 690 729 403 442 914 943 937 291 179 42 73 189 191 244 551 156 291 393 910 115 60 553 861 255 496 823 711 306 679 741 907 853 381 311 333 606 857 153 81 397 236 932 793 73 202 256 727 798 952 260 97 894 5 590 325 417 590 560 98 85 427 225 622 811 733 212 349 410 292 118 172 186 759 288 928 306 721 432 215 799 215 440 544 349 922 939 646 644 74 573 808 444 351 229
389 500 72 465 832 374 712 795 720 226 780 809 702 759 983 384 83 907 853 520 588 37 960 843 91 335 453 744 38 207 467 433 272 460 539 438 34 702 529 135 692 6 991 793 27 467 742 22 541 71 775 725 261 846 980 981 403 363 265 655 650 430 93 461 992 143 505 997 115 351 887 48 382 356 764 544 230 182 398 357 300 430 488 408 670 633 275 342 495 131 261 785 530 60 518 581 860 535 26 945 53 829 240 512 161 251 840 976 64 667 822 363 673 835 265 118 527 995 753 244 898 888 517 602 603 241 307 704 437 525 467 61 78 463 624 618 437 978 783 651 220 293 401 343 933 265 55 290 946 721 476 916 160 958 286 543 72 407 758 248 314 645 902 783 353 495 523 936 685 236 315 889 325 156 251 418 796 33 780 443 802 721 84 898 645 75 915 396 223 504 372 347 237 420 350 390 372 532 233 540 453 418 275 440 7 339 687 416 647 416 597 911 196 263 122 653 568 610 235 914 579 794 681 564 560 617 755 408 663 76 912 649 624 956 675 728 232 270 345 521 101 868 279 346 665 14 354 542 380 541 112 95 103 881 285 686 23 557 311 809 784 55 535 512 794 741 611 764 152 630 825 61 30 644 832 901 872 475 632 393 731 960 522 312 885 132 662 760 606 131 394 821 153 772 21 138 636 762 935 227 7 763 862 500 510 154 40 539 237 28 467 154 318 562 533 32 577 730 754 451 140 251 575 248 758 107 839 125 973 845 518 88 292 911 614 545 246 533 318 547 323 469 192 489 739 784 980 316 652 167 115 36 797 565 758 507 757 711 907 694 11 926 631 755 307 473 713 223 724 327 658 299 326 398 841 902 38 313 719 475 62 872 304 796 429 333 777 585 635 142 943 757 159 867 939 702 917 720 860 160 442 160 532 293 112 755 13 256 38 16 547 664 9 801 250 34 917 329 153 96 801 994 731 736 468 982 201 167 280 316 712 570 664 688 765 606 971 335 936 39 885 488 884 157 738 568 337 169 380 859 731 730 327 846 656 232 523 149 504 97 748 473 753 262 797 209 654 761 662 250 337 640 223 77 912 701 374 635 566 612 516 464 535 109 880 343 780 190 558 897 422 908 413 207 30 467 317
316 116 811 592 819 910 488 753 76 838 447 258 381 895 768 745 754 725 332 490 900 294 220 528 594 699 233 344 212 899 589 755 685 517 273 499 481 639 161 906 668 667 59 627 710 663 452 221 324 83 600 105 800 621 406 721 481 834 49 378 158 57 733 18 154 667 18 911 287 268 547 22 323 70 290 447 872 822 420 577 533 182 130 842 723 246 911 20 706 356 253 938 471 60 812 705 814 168 475 616 762 555 99 883 904 897 991 430 63 989 217 392 99 685 626 53 364 9 724 10 357 167 69 820 728 590 682 891 102 177 222 953 234 135 387 825 916 881 769 233 549 731 609 861 732 508 225 748 226 954 220 631 420 157 586 68 485 369 365 147 722 961 163 454 608 8 337 102 410 347 649 942 934 25 804 975 616 152 249 990 72 265 281 96 917 556 950 711 743 792 840 30 909 10 552 472 834 530 83 810 848 194 841 892 617 479 626 379 836 350 685 390 77 23 535 653 230 785 447 68 869 658 440 443 152 899 29 805 727 430 727 470 329 223 340 125 347 949 621 651 647 646 563 373 667 349 119 474 566 272 577 423 132 525 240 592 665 538 710 282 489 869 985 248 594 122 375 475 671 781 261 613 484 417 653 285 110 527 544 597 107 452 629 52 161 195 359 717 470 555 457 171 943 524 594 2 985 918 526 869 2 342 973 413 222 24 992 969 776 670 906 756 231 442 724 967 599 483 160 587 177 559 884 635 307 983 307 932 183 875 794 149 986 175 292 334 923 232 889 565 858 503 496 767 398 664 945 275 781 50 994 119 906 284 84 156 372 720 538 562 794 306 981 20 320 285 566 261 757 691 57 476 241 930 516 15 700 36 997 312 609 95 667 512 398 851 536 143 733 608 906 982 295 1 752 227 163 901 354 993 542 77 102 64 653 229 256 562 7 297 248 257 316 935 171 841 288 487 552 335 572 224 760 344 165 104 448 49 860 625 100 31 788 686 473 464 597 853 829 982 695 663 574 888 55 200 768 41 517 622 954 742 672 785 517 780 436 646 685 173 419 350 199 672 165 794 391 880 49 784 615 204 634 259 701 329 446 116 112 894 841 55 196 547 936 699 298 492 607 204 696 167 674 532 260 232 536
505 12 204 452 654 411 912 641 664 732 938 859 978 98 443 216 2 115 693 742 990 276 831 292 538 426 391 793 67 887 44 24 323 186 428 446 625 328 93 735 676 284 475 10 141 965 545 337 47 968 923 154 336 773 288 96 734 659 526 454 218 330 300 798 173 118 408 404 891 675 178 283 6 516 326 139 457 335 187 713 548 793 509 724 691 712 851 905 930 226 148 374 375 271 45 425 798 428 489 192 43 774 262 668 678 701 368 10 282 731 415 783 792 613 595 67 757 632 230 106 331 567 769 230 88 634 997 815 802 682 842 976 89 939 695 16 2 641 639 259 998 507 263 433 521 770 188 318 272 279 716 802 133 768 512 13 241 607 204 551 875 29 409 259 536 980 941 85 401 746 708 439 263 10 692 382 42 440 314 90 958 350 470 484 448 747 204 814 333 774 959 168 462 391 883 747 344 38 498 837 632 281 333 214 818 709 252 589 971 841 212 772 840 57 777 957 172 918 209 742 459 991 472 682 434 205 615 884 144 121 911 848 396 753 837 813 274 835 38 355 261 66 615 308 38 315 812 982 644 56 383 354 339 268 920 768 154 496 659 907 495 762 736 38 707 233 34 957 304 667 959 304 337 568 937 809 368 459 601 118 653 834 163 219 79 95 590 594 989 84 589 498 376 237 440 581 728 195 343 523 933 215 618 432 622 309 234 413 353 804 615 76 417 721 79 966 112 985 728 675 902 264 860 23 828 518 860 329 838 431 574 224 287 942 426 612 561 726 761 670 318 150 594 661 866 63 359 651 777 372 459 496 767 337 598 504 166 805 487 521 831 511 22 705 501 685 864 582 993 355 135 916 75 832 740 763 614 856 968 115 484 286 101 565 713 877 359 895 176 756 763 310 813 638 789 616 616 365 468 792 110 511 497 152 605 886 862 129 540 479 676 709 609 595 570 999 460 239 261 160 214 582 169 531 203 410 465 624 600 903 836 32 25 116 463 653 694 483 984 708 928 719 6 769 8 787 520 71 321 121 155 349 378 916 454 535 965 965 243 299 115 85 866 899 399 382 32 572 637 800 431 266 505 613 134 167 914 859 852 87 319 772 85 808 214 76 69 415 114 204 722 261 404 448 38 505 208
993 949 212 946 145 738 641 247 196 471 194 487 438 973 279 646 287 679 455 321 984 616 285 797 943 284 770 126 597 621 403 28 527 96 80 140 839 735 562 747 794 391 793 111 886 414 290 226 366 853 375 876 816 775 85 33 518 508 77 76 627 638 358 149 137 153 964 272 797 16 715 676 328 702 374 5 254 704 592 360 455 823 697 188 23 38 537 55 488 89 977 612 877 538 105 825 535 551 319 557 924 13 662 265 268 324 243 656 668 851 845 231 392 878 755 541 650 447 368 370 79 744 86 184 728 70 306 128 459 653 580 696 620 596 133 339 611 171 350 570 709 501 86 683 111 261 67 839 100 327 423 881 185 837 914 639 75 369 436 737 578 221 445 717 711 457 357 783 934 512 541 239 472 488 431 271 323 126 704 584 685 884 358 100 283 522 550 743 554 251 518 756 206 993 519 407 150 486 123 939 991 910 604 703 25 746 452 678 224 842 530 857 68 512 577 163 457 808 284 505 43 841 254 298 75 959 77 970 665 942 558 666 379 676 603 70 164 69 582 337 725 530 6 586 109 100 568 102 405 789 325 123 376 716 426 373 151 76 558 599 313 557 944 403 879 517 860 758 708 798 403 922 954 740 309 620 547 504 857 88 440 669 977 224 615 928 306 661 280 994 629 562 770 950 141 122 305 567 410 109 819 804 804 750 944 267 436 522 802 625 848 810 831 141 844 517 647 848 703 714 571 197 713 969 40 514 379 566 477 939 322 647 154 63 662 838 987 942 964 740 820 830 394 442 150 409 246 591 833 105 592 343 220 147 862 661 758 357 597 558 823 957 770 996 66 118 269 303 663 359 294 33 1 3 269 168 622 160 802 431 776 713 816 631 201 383 402 624 414 544 820 591 971 954 243 428 925 932 709 121 615 882 105 357 654 728 439 868 37 448 20 397 439 601 2 174 515 742 92 467 965 516 767 237 952 363 762 590 890 134 67 801 356 361 528 943 336 513 602 327 757 980 802 220 57 261 135 404 532 235 354 725 550 808 970 450 171 952 454 596 621 273 470 148 407 872 372 228 663 344 673 393 489 146 267 667 853 280 630 264 701 438 297 565 544 160 732 299 773 543 557 415 218 191 411 245 916
893 418 314 676 805 484 18 464 18 105 960 480 625 616 841 785 836 177 31 621 881 149 172 463 374 213 646 856 19 262 53 113 443 917 229 607 568 937 927 152 443 688 108 414 278 216 988 539 755 248 977 80 18 808 539 90 452 76 518 958 869 35 58 749 406 259 337 501 625 767 491 601 904 977 549 355 681 80 144 669 238 457 155 586 767 904 253 132 791 862 482 529 404 603 132 461 771 966 711 418 446 982 814 622 61 366 354 961 806 244 227 532 362 458 155 798 528 425 145 810 71 172 271 519 189 640 170 883 728 711 520 527 274 965 454 288 742 900 534 86 499 312 500 152 357 212 646 242 511 840 517 10 66 221 359 899 889 388 882 398 720 831 746 752 681 622 272 97 75 696 91 279 23 470 616 271 726 979 862 911 685 222 820 600 901 786 402 200 749 297 460 540 242 805 931 225 490 703 369 466 438 779 50 407 763 297 486 408 788 114 803 150 148 358 239 61 56 939 432 722 538 818 738 11 978 525 477 955 613 894 450 271 629 504 500 302 762 66 377 934 178 957 174 808 89 288 526 357 663 234 13 911 981 738 23 265 469 958 499 317 375 73 307 361 411 596 284 597 528 929 236 1000 833 589 276 695 742 684 756 763 29 323 911 375 509 209 68 221 820 841 252 398 977 418 548 948 53 938 127 316 834 510 734 117 634 289 102 509 576 318 407 187 421 667 367 146 893 991 999 444 647 995 930 826 172 471 537 582 50 911 163 347 875 225 882 979 952 943 464 929 691 352 957 70 895 905 61 533 205 464 470 185 363 855 678 609 597 531 822 597 955 623 692 750 746 51 63 483 771 455 92 881 692 989 1 346 784 221 298 576 939 595 216 530 407 232 348 524 389 576 969 629 9 250 663 402 738 956 520 244 918 394 762 239 155 581 341 777 155 387 434 296 164 129 182 715 431 738 44 995 293 329 630 401 419 70 903 45 123 865 455 370 317 392 652 464 862 8 550 313 601 150 676 258 345 254 719 764 746 31 543 581 605 669 198 627 455 31 38 873 553 434 357 320 917 480 770 750 477 923 907 221 214 192 939 111 848 204 218 570 879 279 242 954 311 28 562 963 89 84 765 503 778 34 813 63 302
570 577 470 116 432 686 279 509 311 452 910 28 142 957 720 460 637 14 329 521 790 872 467 726 808 975 849 956 443 256 216 731 196 605 226 577 470 18 640 666 50 157 535 652 110 449 529 612 719 775 440 408 790 692 809 978 566 372 60 689 908 809 603 469 193 218 363 663 165 482 402 633 726 333 871 853 417 165 73 640 497 971 650 366 618 384 795 286 1 954 284 724 965 297 895 632 162 478 186 345 773 22 424 474 308 799 274 524 949 166 384 67 958 803 410 706 24 673 747 786 539 790 448 475 33 567 471 956 200 268 717 100 463 180 586 112 381 54 607 74 306 600 214 258 974 957 88 113 447 209 703 714 470 659 922 249 350 489 214 655 535 675 146 378 71 780 992 860 333 139 434 764 522 262 807 539 196 418 52 975 218 449 69 570 136 989 947 309 803 926 331 85 215 710 856 568 120 228 745 299 109 762 245 653 701 435 424 106 821 297 768 136 9 920 738 222 871 499 343 673 574 446 253 576 547 672 281 899 687 132 520 470 257 238 238 924 732 654 397 479 556 683 273 433 326 929 384 824 349 624 472 87 471 596 541 954 909 648 30 136 959 697 221 623 799 341 354 505 27 173 89 863 262 462 20 607 853 925 925 186 608 368 823 137 199 816 224 992 80 977 440 176 693 613 737 785 64 864 170 720 834 45 753 280 439 744 917 259 474 144 282 147 782 39 196 806 952 497 351 187 432 262 459 501 998 355 940 685 579 38 197 709 811 379 262 35 286 107 363 175 106 758 511 190 497 753 487 139 14 235 787 125 770 620 880 484 966 571 574 983 607 438 642 675 397 773 751 849 777 75 813 323 555 34 344 317 796 814 86 142 192 383 902 242 996 5 646 967 559 707 740 453 86 450 931 690 957 785 94 621 830 357 917 608 796 10 522 114 500 325 320 82 36 147 389 210 371 414 717 73 503 369 158 919 3 205 517 179 816 320 496 113 754 18 953 613 385 160 720 884 207 434 202 204 950 889 850 34 398 653 68 619 780 883 175 751 957 425 241 569 692 533 277 335 459 992 492 660 4 852 277 329 262 166 867 359 276 77 630 989 225 401 280 409 24 975 263 173 304 784 147 883 800 706 966 28 191
451 656 885 350 530 361 948 113 674 517 174 780 559 143 569 895 925 763 99 122 707 670 54 91 367 38 517 203 149 655 353 610 731 993 348 799 299 553 770 613 292 641 859 952 790 996 237 15 658 923 853 48 647 326 116 663 835 293 114 190 173 78 66 861 49 663 503 415 12 52 754 574 507 376 535 930 451 638 168 490 799 6 748 726 6 880 869 668 37 909 935 42 999 274 443 386 759 449 613 510 754 363 767 444 631 678 100 725 635 851 169 146 247 623 931 472 361 194 919 632 586 819 489 867 114 766 528 536 1000 106 669 404 704 981 853 188 519 438 973 707 559 78 960 816 977 610 986 237 277 333 48 28 482 151 608 632 217 631 254 10 564 374 971 712 890 731 444 721 168 675 538 988 797 58 741 618 71 105 678 750 547 148 546 822 735 120 551 684 591 738 54 752 334 81 74 788 401 939 324 814 44 300 283 674 460 760 797 147 615 759 144 165 197 994 982 188 61 534 796 526 969 172 240 652 44 37 20 294 440 37 932 263 113 395 449 632 393 426 930 972 248 741 456 54 80 571 671 946 451 60 171 364 687 479 61 943 530 301 33 565 316 910 447 675 723 199 420 248 71 920 592 948 542 198 392 567 443 872 152 805 360 423 683 863 416 438 911 917 696 29 34 363 376 94 263 193 876 680 392 936 515 632 921 95 983 94 572 153 277 969 648 579 76 606 883 193 217 623 58 629 971 627 878 663 490 251 566 680 701 465 588 814 67 130 433 425 562 530 300 244 490 341 167 871 75 230 181 198 708 784 543 351 153 471 931 391 23 559 532 749 622 729 429 678 211 472 349 340 881 279 446 548 974 929 177 453 105 72 418 263 567 635 52 315 587 698 683 332 368 386 632 552 39 958 372 456 817 136 128 932 514 451 898 849 863 779 279 831 798 930 159 504 466 476 946 787 708 122 540 428 801 19 72 839 507 858 868 170 868 593 67 743 849 562 389 464 10 828 639 521 833 57 439 544 531 552 194 500 638 880 368 854 784 108 925 75 489 852 411 890 306 904 907 775 347 434 453 451 903 253 507 278 376 338 80 430 541 386 537 995 886 590 509 188 662 656 816 642 523 166 595 993 79 217 760 427 726
404 42 176 486 115 651 1000 205 183 233 970 236 876 611 954 655 431 984 841 993 572 375 972 804 714 932 355 508 365 271 619 458 961 507 690 877 471 864 702 148 427 807 777 643 698 424 452 309 694 592 701 882 531 776 167 763 1 796 218 275 860 73 261 406 782 55 980 246 158 592 274 232 163 637 437 637 466 275 327 292 356 169 980 266 186 766 617 924 780 609 695 328 404 359 926 88 700 224 897 829 9 764 249 401 660 26 865 460 5 424 139 956 469 968 128 737 667 747 641 19 921 64 40 682 454 889 313 443 508 788 185 266 346 785 924 949 715 458 651 872 441 465 505 356 93 162 830 705 659 132 593 972 602 66 324 397 27 123 743 881 228 713 479 155 452 421 217 294 819 595 708 897 24 470 198 495 119 941 127 100 649 323 412 399 327 256 852 792 424 184 395 829 292 105 386 435 34 615 283 520 270 447 718 868 962 978 686 373 94 425 194 401 984 429 222 251 590 918 609 829 9 937 98 14 624 346 875 867 122 607 570 716 416 894 691 678 817 4 695 263 377 944 871 974 743 470 899 840 739 156 260 508 558 761 880 780 844 330 625 988 185 256 552 682 192 271 177 505 206 468 115 699 4 831 528 398 184 739 158 37 723 473 428 54 419 650 306 607 887 913 639 222 689 72 81 688 875 963 823 298 657 913 741 198 3 315 436 447 284 439 465 972 456 447 747 261 935 634 209 532 556 117 116 366 975 859 112 806 541 742 283 605 568 629 10 639 299 829 445 845 769 342 439 720 141 398 109 550 396 516 22 419 83 809 728 55 171 71 464 117 958 851 922 306 223 30 934 325 119 762 790 967 735 480 491 869 972 367 354 950 866 492 985 460 814 291 917 779 618 965 47 929 290 434 933 702 909 434 990 961 30 266 897 341 829 590 43 724 404 263 883 168 546 287 160 388 438 228 371 863 410 732 886 976 300 248 931 635 361 404 761 483 826 685 249 306 211 717 914 402 737 609 298 300 102 943 631 340 269 127 336 560 809 957 540 867 188 434 582 877 81 930 67 989 643 867 143 448 961 725 177 213 885 307 308 404 609 686 289 845 613 852 288 216 822 710 85 118 383 966 905 777 537 682 430 91 70
852 78 836 837 451 987 777 376 999 791 465 283 956 723 652 712 234 258 868 216 422 122 892 790 82 4 929 775 913 571 42 119 708 934 121 23 938 752 577 453 225 128 193 659 134 181 484 130 730 62 59 145 866 345 856 169 181 768 672 714 577 624 551 523 346 145 320 140 753 314 9 882 145 943 454 392 545 923 465 316 805 157 467 603 562 99 417 194 41 775 680 428 855 796 235 873 699 154 423 603 291 67 912 282 967 71 789 607 574 655 692 943 293 23 63 499 542 538 949 844 44 428 69 706 517 130 526 263 885 886 837 32 599 991 112 809 8 388 80 981 655 230 824 435 52 960 419 720 528 121 462 868 843 934 819 518 863 240 82 532 740 771 515 417 691 163 325 495 741 807 692 180 461 892 671 534 138 858 560 459 892 65 558 611 450 127 379 442 43 664 795 324 330 251 204 218 492 812 248 306 241 338 8 466 750 506 763 269 384 129 354 868 548 432 456 896 905 336 291 49 353 377 958 989 193 445 568 59 792 719 73 473 478 964 352 711 864 779 187 780 307 959 198 980 313 441 259 183 963 257 570 132 813 938 907 208 142 812 213 654 224 45 806 791 594 794 381 738 390 698 475 791 185 333 554 645 217 905 638 422 891 919 264 597 529 181 975 710 965 685 746 333 705 58 292 438 185 772 27 940 435 450 650 678 223 248 746 324 805 290 738 358 821 82 427 847 252 809 643 996 156 415 518 103 334 356 433 426 353 512 609 353 850 228 436 807 372 550 730 586 189 937 985 371 167 79 26 17 456 29 388 940 553 976 175 708 973 77 610 491 77 207 777 400 25 478 732 40 772 763 144 113 578 328 614 924 592 377 523 147 325 633 578 16 753 52 678 975 940 994 451 9 858 992 403 505 600 652 798 353 973 977 489 95 600 567 400 54 91 200 609 629 426 263 754 308 571 738 526 635 769 412 343 775 266 209 143 803 156 614 133 499 733 788 377 816 504 306 61 581 158 730 656 853 649 265 836 578 795 297 596 806 921 20 887 926 693 264 948 101 370 548 830 374 852 803 367 685 561 301 889 750 454 268 148 392 530 929 428 55 318 837 122 54 949 566 976 805 707 200 253 646 254 564 606 213 26
801 354 92 386 416 29 910 913 558 795 289 429 277 178 763 371 613 450 231 346 292 923 827 382 214 763 894 705 419 699 681 158 727 653 663 593 567 124 647 353 509 795 891 368 721 397 776 508 435 20 863 102 117 670 645 775 851 380 490 800 156 771 273 634 929 949 889 276 327 284 864 602 530 349 352 952 618 782 818 168 196 599 460 150 437 924 208 723 272 874 594 698 962 464 984 655 63 620 742 467 436 541 94 815 575 425 616 1 208 933 492 41 845 272 760 297 619 128 351 229 783 419 844 604 901 225 924 267 297 182 370 186 823 160 699 793 864 931 523 598 311 626 285 995 101 207 441 594 461 996 184 473 80 585 822 285 709 15 215 381 68 576 600 821 694 394 184 908 120 130 63 87 533 90 729 844 535 840 977 207 693 365 419 903 147 459 485 128 667 208 422 650 109 392 744 828 449 5 404 634 329 923 525 704 316 404 815 963 972 644 842 690 545 646 434 572 121 188 482 686 51 80 957 134 487 907 535 883 339 411 183 164 864 941 293 542 260 187 946 462 604 699 844 262 880 234 733 779 814 535 126 767 804 353 380 727 883 378 273 237 109 935 589 129 320 889 888 952 878 814 782 848 837 236 712 447 560 961 335 770 508 453 824 210 777 245 496 259 189 256 853 761 387 801 431 605 642 331 583 409 983 890 270 60 166 18 376 925 225 191 600 296 706 256 818 957 852 553 989 630 887 955 483 161 299 461 166 411 242 100 992 74 408 660 390 457 470 533 882 835 719 790 134 201 592 230 337 967 383 270 495 117 655 641 436 663 640 179 304 671 562 835 585 12 998 366 191 570 437 7 200 815 533 146 837 204 207 171 443 452 170 79 148 695 291 716 756 835 4 260 397 309 771 305 2 670 136 609 481 545 57 705 556 559 229 125 359 505 869 70 319 67 662 243 128 997 721 440 790 526 468 911 995 724 967 834 169 222 710 313 237 65 18 194 123 171 837 457 28 977 525 920 444 998 270 246 926 756 624 601 486 356 561 631 385 671 779 136 477 602 821 642 213 204 999 307 545 46 172 563 750 193 174 318 937 275 871 958 761 481 447 426 993 915 264 647 84 629 509 10 869 317 479 473 238 213 135
641 381 89 974 110 577 369 496 36 111 616 599 310 29 563 127 565 601 162 851 975 782 268 948 547 105 463 93 607 371 164 846 655 132 372 552 621 228 23 259 555 97 511 962 937 723 310 774 760 717 863 339 248 994 578 32 826 744 291 541 180 969 575 744 317 822 626 302 500 560 386 644 630 174 96 91 671 888 300 214 148 710 971 110 243 378 27 690 424 240 622 366 727 141 887 229 100 369 60 716 87 325 121 791 885 999 329 257 679 162 513 204 575 819 402 483 513 75 322 549 420 4 795 414 892 955 58 475 498 711 933 257 190 550 876 111 310 297 865 907 253 906 876 29 611 751 83 953 24 919 852 436 959 39 518 579 938 571 89 806 648 257 829 514 707 207 735 811 300 736 883 124 144 705 640 625 955 393 783 791 721 789 276 728 587 46 171 860 717 372 33 680 48 340 649 463 342 90 591 889 181 578 122 794 713 644 274 123 877 879 52 111 517 80 454 254 238 181 426 111 846 578 534 693 572 4 84 686 989 498 314 590 76 423 431 367 436 554 720 38 767 372 91 400 533 965 583 980 891 383 621 580 465 313 333 208 393 204 298 230 228 128 352 244 438 462 688 443 245 158 278 61 575 544 285 11 85 150 736 738 296 215 472 803 19 346 216 679 144 672 656 385 104 921 360 866 880 59 383 174 352 273 760 579 41 851 362 83 385 234 894 902 594 806 420 594 879 900 976 365 967 705 154 700 948 374 46 303 14 607 394 979 271 625 851 484 188 825 800 676 613 488 783 55 793 289 68 319 375 912 46 760 35 734 24 361 742 871 735 863 294 499 437 862 897 351 250 669 908 101 722 80 674 593 784 297 992 791 48 922 984 153 410 908 820 502 177 849 369 479 833 949 22 336 707 810 763 136 160 922 29 964 358 72 765 982 721 389 564 654 893 522 492 589 615 1 388 77 345 204 231 186 220 447 912 134 177 647 801 765 744 347 380 222 743 64 525 983 162 660 207 485 521 548 350 924 944 227 137 151 918 281 492 900 295 984 528 651 316 841 314 406 282 709 550 712 662 281 460 867 824 80 583 236 592 955 440 373 143 955 81 24 350 635 51 529 721 333 16 703 683 745 536 321 991 182 745
667 578 408 654 133 731 672 275 138 274 269 342 98 781 138 481 638 995 325 905 5 148 30 204 25 960 881 633 650 252 156 127 8 227 789 674 345 936 421 136 42 196 685 672 457 152 923 335 816 773 128 534 586 742 355 659 436 177 974 964 41 567 814 766 41 550 567 809 605 399 290 710 581 255 550 691 903 837 608 856 664 17 460 390 866 171 427 396 763 229 219 477 73 204 218 220 580 359 204 461 68 907 790 167 274 246 595 994 865 196 181 281 408 539 875 989 90 904 822 687 288 601 966 597 187 576 72 923 24 292 612 649 91 404 420 186 622 504 356 179 874 62 281 717 898 631 659 780 744 746 68 889 699 272 675 920 853 826 470 546 758 390 510 488 418 958 474 601 332 995 676 633 921 607 816 245 451 141 395 678 650 719 788 370 50 466 965 988 92 379 232 511 148 161 526 561 439 447 177 661 117 612 970 887 491 105 224 675 790 64 141 454 594 329 747 728 822 326 53 891 537 704 246 690 889 154 591 861 322 533 687 263 913 916 260 648 931 646 713 871 743 366 583 820 209 140 867 705 216 319 875 157 846 435 638 442 7 302 174 173 487 720 106 650 374 311 382 531 865 268 906 645 164 454 47 617 911 776 332 49 17 785 855 54 863 698 953 862 69 559 859 250 315 672 567 259 772 20 327 913 783 629 740 837 785 778 886 513 947 697 788 673 435 622 689 380 41 833 434 220 163 422 257 221 123 889 504 864 746 174 976 824 696 567 436 1 276 568 187 921 682 751 716 781 697 927 990 525 715 681 979 732 529 666 839 293 305 615 870 77 401 377 894 116 347 890 210 829 428 940 485 403 709 562 23 933 803 511 476 543 1 459 231 705 286 21 583 844 28 835 775 353 114 215 360 713 189 949 453 525 975 866 968 691 243 324 978 477 692 802 16 868 333 745 806 646 159 523 652 987 946 248 397 538 673 794 209 643 964 128 679 644 68 834 634 200 250 670 138 584 138 818 422 302 90 130 371 465 807 976 124 72 636 795 668 105 485 594 998 938 882 285 463 532 567 147 59 851 929 738 409 777 428 846 758 810 806 222 2 579 92 493 530 270 11 71 50 490 674 962 490 844 728 388 837 423 743
573 842 331 420 716 539 209 72 31 490 184 54 234 22 436 89 416 816 569 700 228 103 422 290 817 751 18 300 793 495 722 167 61 979 47 481 691 199 316 971 717 564 493 266 181 704 843 918 185 123 102 167 638 577 495 615 244 451 372 580 75 285 579 336 693 587 161 182 417 500 357 567 842 189 836 869 181 501 385 956 695 612 546 405 963 161 627 643 624 769 152 581 886 965 715 148 839 791 431 798 236 147 21 211 273 148 743 406 606 138 392 989 309 293 557 800 591 360 952 969 6 513 237 156 362 665 67 736 954 758 275 386 934 42 999 736 629 557 796 384 562 273 582 782 425 14 70 27 181 911 593 747 122 40 523 340 471 287 19 500 623 808 126 923 479 1000 318 752 19 333 383 861 839 872 189 636 266 866 885 935 9 408 955 708 226 97 56 124 476 484 731 368 539 898 153 361 380 360 763 988 515 73 348 498 578 977 984 165 98 151 547 527 934 94 407 89 133 208 690 310 137 91 300 324 309 182 36 312 557 827 784 470 330 741 282 322 281 312 817 484 176 440 654 985 498 873 586 760 700 513 997 544 652 564 355 497 766 336 714 718 782 665 460 652 435 508 655 623 156 931 160 548 927 920 725 527 642 832 326 674 21 981 492 351 496 965 916 798 878 303 772 1000 402 533 861 447 943 953 191 843 789 677 789 251 205 355 160 897 480 116 926 736 238 648 622 914 543 261 297 127 642 193 894 583 887 293 528 929 430 792 76 580 311 434 778 984 743 192 179 903 121 132 28 242 924 536 674 921 192 328 956 879 630 998 429 847 10 683 115 39 489 501 266 800 587 606 818 814 148 198 119 986 210 777 571 204 700 902 745 678 874 801 400 853 336 667 380 612 842 363 158 739 484 727 733 818 307 651 185 830 318 229 984 385 629 231 707 108 426 991 575 116 155 279 643 834 731 222 207 662 928 135 273 220 863 453 546 208 151 185 611 70 814 661 978 856 673 673 435 423 793 45 916 834 508 842 718 382 150 124 85 546 232 620 595 268 443 264 423 951 76 255 515 938 363 302 349 856 58 759 241 504 280 862 36 635 509 131 401 947 947 471 402 648 310 189 975 906 538 119 796 855 72 39 725 948 299
210 90 216 120 403 725 203 26 455 912 710 902 226 276 338 452 674 523 884 352 823 273 79 989 16 599 801 531 82 865 208 17 628 596 998 303 831 114 632 171 681 982 512 666 741 922 732 117 485 763 848 805 48 434 560 376 553 282 88 275 878 526 664 412 466 896 454 552 25 322 113 373 352 181 313 90 74 398 217 564 316 970 90 839 867 196 198 61 424 565 296 661 585 145 63 635 725 852 446 722 415 778 432 511 828 586 25 482 314 616 732 203 443 76 280 112 23 738 588 112 653 369 772 447 912 698 862 649 261 252 770 756 959 520 19 858 222 520 328 499 765 205 401 231 435 115 748 902 904 134 470 786 365 237 759 715 650 795 845 69 548 995 286 35 914 328 615 272 680 276 700 102 692 834 796 528 366 159 450 915 385 906 910 644 90 707 464 356 950 562 70 658 331 342 971 135 562 220 130 139 99 808 77 817 907 625 353 698 572 624 633 518 110 641 688 720 893 181 340 994 672 637 786 472 241 202 795 662 426 516 569 161 941 603 667 402 518 947 294 14 352 473 108 593 597 572 251 532 336 848 916 182 313 86 302 242 602 276 216 74 791 884 69 51 190 265 75 424 568 463 95 16 118 347 514 670 324 364 833 455 776 990 417 419 735 131 260 700 329 371 951 964 386 179 763 676 226 838 854 214 965 852 41 352 876 974 618 257 189 772 291 246 287 136 165 930 75 111 847 770 877 974 914 921 242 301 39 653 858 802 16 32 536 109 777 618 172 763 522 613 643 861 332 48 372 318 471 980 747 268 444 943 714 873 426 309 860 360 209 663 35 975 146 710 199 396 487 603 70 629 486 866 221 816 926 548 910 590 375 412 529 481 479 859 172 169 143 160 370 624 95 631 799 855 567 99 271 242 192 174 618 266 41 642 252 939 714 425 760 374 399 717 298 625 337 46 148 789 754 971 566 457 444 587 19 952 467 972 996 69 43 682 191 745 724 949 492 593 79 624 553 305 282 590 892 944 789 624 514 599 872 86 400 469 58 965 98 679 816 886 726 373 975 31 351 251 697 949 920 11 195 576 891 185 984 467 861 16 76 523 657 876 755 610 294 580 366 490 54 563 321 373 475 39 472 878 720
530 965 561 884 734 373 681 435 413 10 938 595 113 361 143 461 571 217 835 500 71 504 161 949 736 57 886 249 752 539 160 969 477 942 904 393 409 233 478 961 466 547 815 708 551 48 821 260 844 769 901 417 317 477 421 922 984 199 878 867 166 836 220 165 832 17 484 102 336 293 462 301 461 779 452 361 119 52 600 412 219 607 672 13 691 703 812 793 475 374 797 2 328 897 371 910 671 956 323 683 956 985 484 17 27 224 624 510 292 780 325 575 715 751 684 813 147 811 420 93 370 507 43 605 129 605 352 347 601 661 13 420 319 862 192 683 238 42 223 269 92 643 545 557 698 201 189 485 409 441 898 368 754 919 926 653 889 965 941 103 844 984 369 307 199 39 760 346 999 933 495 684 378 286 90 299 391 72 1 538 888 803 136 637 123 237 566 699 659 230 966 355 389 979 759 747 408 740 9 168 396 183 253 96 724 648 17 518 506 699 920 273 767 331 658 991 20 40 744 402 19 223 701 849 537 535 139 463 175 135 537 671 905 428 454 412 595 399 786 196 615 151 207 881 833 743 338 920 257 90 620 972 63 341 625 287 796 459 210 367 711 592 438 203 719 649 663 168 874 854 831 46 474 47 290 634 702 41 806 423 15 306 108 140 368 547 797 266 78 554 29 908 270 920 227 270 90 417 841 394 900 582 649 102 402 994 312 496 173 863 246 932 95 525 771 702 4 201 923 127 546 412 43 905 976 326 19 266 344 892 221 379 173 138 393 551 114 918 519 297 544 232 852 874 576 808 292 909 828 579 575 763 420 944 657 304 849 275 158 586 148 855 434 826 141 318 584 8 20 114 950 530 686 556 174 818 647 142 853 532 44 369 444 478 842 441 663 954 425 80 14 474 38 301 750 840 93 812 371 43 118 628 20 252 203 155 647 363 835 706 754 981 425 668 255 474 151 807 101 35 21 523 568 930 802 850 528 853 552 135 482 983 364 437 158 704 633 84 321 945 419 983 261 941 911 425 152 714 450 930 533 137 405 726 351 224 372 387 772 974 982 443 967 493 125 258 341 78 741 626 985 946 561 362 989 774 171 754 495 705 531 109 626 280 650 511 484 146 431 230 935 404 39 584 610 775 798
100 499 294 269 394 767 975 378 891 967 213 998 471 740 952 152 165 295 231 754 15 687 653 331 561 538 384 92 723 409 862 306 228 96 36 868 936 623 172 964 839 202 410 154 120 750 33 315 988 584 811 911 825 368 1000 834 963 472 884 770 590 444 993 517 881 991 934 182 577 889 120 265 993 965 570 861 304 860 729 545 158 598 635 45 950 532 539 753 743 646 825 204 507 376 460 751 273 540 936 741 301 84 184 948 873 917 638 495 653 295 918 33 89 11 225 274 695 753 369 508 851 628 764 808 211 182 340 883 199 120 595 176 291 792 167 285 958 807 129 496 256 544 615 209 485 549 224 202 568 335 643 523 188 905 624 542 304 813 487 194 696 784 241 747 170 489 477 427 157 727 184 438 312 185 79 569 403 843 447 60 925 443 247 60 16 716 121 22 637 787 490 454 490 903 560 230 667 479 32 53 733 779 258 527 151 873 42 70 19 146 400 161 599 332 834 124 991 208 168 309 344 272 632 26 990 310 849 688 297 550 98 456 176 423 256 267 881 611 764 424 570 404 317 267 619 490 856 447 738 357 257 726 756 607 966 734 890 262 778 500 958 681 269 112 881 428 14 130 91 843 852 655 144 615 927 480 581 205 717 564 383 469 474 331 377 507 221 34 774 307 9 835 817 147 630 800 834 356 875 460 865 63 171 615 846 368 599 941 742 307 700 615 250 835 342 716 408 404 763 948 751 100 878 303 74 380 771 863 961 489 529 860 312 646 38 396 250 822 693 788 449 867 931 811 450 539 877 416 593 73 756 562 847 800 880 334 79 109 407 834 790 715 43 37 651 252 731 974 405 398 106 221 686 778 484 449 450 827 287 932 271 806 368 360 485 498 413 301 953 889 269 707 239 787 377 934 66 148 385 270 409 813 381 70 929 441 461 181 498 298 672 993 921 799 318 646 941 731 599 25 596 829 549 761 307 247 359 315 474 766 445 730 653 583 659 162 346 456 354 140 344 133 763 131 932 970 206 285 230 694 406 255 701 471 273 661 177 502 213 569 186 838 51 751 41 777 276 620 716 966 385 146 721 427 2 193 157 945 889 62 717 430 506 623 516 176 265 474 869 993 534 511 678 640 125 214 794
105 443 568 789 701 990 144 683 340 609 179 571 236 391 310 849 508 231 992 337 359 503 561 821 737 409 118 612 676 688 607 709 120 809 754 444 10 298 144 410 572 591 896 443 307 158 814 182 984 997 990 9 300 689 147 217 804 817 819 593 954 643 589 795 55 576 964 201 342 511 266 840 590 835 27 413 955 424 53 195 143 120 347 255 586 798 372 718 254 95 667 130 687 553 538 261 946 315 589 115 851 736 801 299 247 32 587 77 174 650 427 745 546 197 771 450 627 842 912 574 519 363 731 232 857 358 438 599 492 93 906 93 434 329 529 861 106 891 257 50 10 670 873 433 186 942 259 744 477 778 439 557 997 734 812 866 284 571 74 887 645 18 933 813 440 387 399 90 126 470 33 656 196 470 841 836 927 467 262 264 423 237 820 248 180 873 669 794 121 445 545 431 95 416 885 372 574 491 112 739 298 763 829 20 586 153 873 414 712 772 26 6 88 455 534 730 639 466 244 206 701 533 990 968 802 224 778 368 626 991 196 637 173 783 253 777 582 681 869 318 690 441 699 102 194 874 943 962 730 49 914 308 732 774 505 755 987 440 329 267 353 9 437 772 897 941 732 37 385 211 265 100 974 261 968 240 976 459 506 66 943 265 274 430 647 481 929 94 128 16 293 454 635 474 5 76 503 441 577 853 795 213 473 816 679 405 38 750 226 864 970 97 452 767 481 406 239 455 623 684 587 862 578 76 191 221 521 784 751 355 236 203 52 711 115 67 78 160 211 493 604 217 704 439 530 527 477 699 48 124 180 536 821 510 519 448 759 712 276 93 543 160 916 191 153 2 412 29 252 654 78 792 587 55 572 833 342 77 646 787 786 891 281 701 526 260 891 638 35 331 38 740 572 573 295 188 588 229 200 46 414 487 223 64 478 460 443 18 364 575 401 291 545 75 826 442 879 926 978 428 764 768 311 879 969 617 889 484 974 559 427 874 474 484 515 985 269 43 424 248 590 222 177 835 595 817 859 762 412 906 659 473 715 670 361 337 350 264 879 668 614 831 480 184 416 339 653 176 565 333 410 354 84 657 695 770 381 599 752 914 701 732 833 160 412 686 127 43 427 560 99 582 390 940 306 512 692
695 175 356 56 486 676 667 631 638 281 830 273 397 886 952 943 985 217 366 655 883 519 2 110 568 798 932 302 357 469 421 702 755 464 40 605 60 821 662 326 291 629 38 731 304 153 726 170 109 454 60 160 716 371 759 207 195 953 557 310 770 554 631 469 354 790 814 825 945 143 465 145 853 155 690 854 115 286 229 208 940 159 900 117 642 908 276 188 96 306 720 275 572 655 184 321 369 168 516 167 184 168 874 940 326 982 12 927 59 697 682 392 854 961 826 734 611 627 889 315 492 826 24 560 847 987 85 129 207 354 812 769 455 67 31 412 871 133 395 603 442 941 15 40 890 492 651 367 116 336 373 934 50 69 827 208 783 829 364 409 554 309 155 28 108 503 305 314 215 644 468 507 482 212 851 140 923 374 420 737 382 164 989 921 634 55 668 416 608 887 203 831 526 233 317 696 814 255 591 653 598 465 526 93 602 300 218 135 278 225 691 816 372 770 469 277 692 860 297 145 413 523 558 235 749 308 896 66 415 710 742 342 27 745 612 902 666 778 949 377 334 779 870 432 911 576 260 867 907 520 172 772 672 900 742 51 637 739 469 947 934 813 761 41 181 943 820 314 727 623 967 543 899 133 679 745 806 428 616 556 444 845 210 181 646 29 239 933 240 196 888 451 315 520 271 247 812 912 681 427 687 246 54 495 17 530 439 455 649 169 201 832 83 473 619 101 581 296 123 578 288 506 261 964 433 227 469 355 50 19 40 630 879 984 350 110 227 305 439 137 14 591 546 232 290 998 788 891 173 805 203 812 799 921 385 835 691 537 373 469 159 825 280 193 886 280 148 955 633 123 382 862 460 778 102 582 530 425 410 252 111 888 245 106 243 910 124 886 117 316 966 95 691 543 133 354 775 595 248 530 807 369 823 976 562 390 570 805 533 181 370 713 386 27 23 927 186 205 132 87 472 454 506 576 437 821 274 469 257 121 546 9 65 760 916 384 515 24 92 871 216 7 469 770 31 934 606 725 711 981 303 427 647 913 519 772 6 34 302 860 646 110 317 994 488 372 122 129 484 713 39 199 581 243 983 781 797 137 671 318 882 796 787 221 853 609 298 853 220 603 971 588 294 856 462 4 650
235 839 888 202 425 478 455 874 158 172 73 468 304 665 42 453 302 561 520 805 402 590 52 539 583 777 430 602 82 326 942 365 992 301 313 229 504 384 765 615 565 780 375 896 733 4 943 83 781 536 251 755 70 556 472 766 484 192 924 473 298 985 192 949 924 1000 417 354 975 206 985 13 335 831 115 613 174 40 313 179 124 85 433 942 938 522 214 155 737 340 656 698 147 529 656 201 448 552 806 432 402 595 357 151 50 387 61 407 126 908 48 876 334 315 913 159 491 325 590 272 344 430 1 998 107 672 251 595 602 272 165 41 958 47 786 124 294 527 161 369 906 895 114 232 173 857 810 527 57 539 56 654 914 399 797 773 167 902 161 156 345 848 51 504 237 717 493 635 741 353 985 288 756 124 593 137 416 71 439 413 653 398 822 646 586 99 597 816 890 214 768 506 518 628 174 933 532 23 929 708 806 729 388 603 693 827 109 154 331 207 286 750 395 709 624 111 361 442 643 306 410 522 975 675 703 403 932 960 342 127 977 833 35 845 383 808 948 787 690 715 250 445 99 875 964 465 395 901 256 47 927 161 497 344 833 208 766 887 221 901 895 109 630 799 528 617 166 968 564 541 970 440 645 340 553 975 155 486 768 594 275 515 274 342 143 183 265 933 651 571 560 358 712 466 790 881 698 787 139 729 158 754 241 850 170 141 219 305 69 532 149 354 743 631 749 658 495 482 144 564 532 1 364 431 815 882 62 608 59 398 195 631 139 620 640 270 961 571 85 223 643 697 29 655 139 571 430 416 522 534 403 517 693 663 206 614 642 91 500 92 936 802 639 412 4 581 176 762 833 740 730 80 552 211 76 735 697 957 517 154 517 25 877 886 516 780 993 475 508 889 140 21 407 662 847 567 784 66 305 791 336 254 429 487 163 222 980 624 719 692 152 9 297 87 981 388 2 259 828 114 460 154 964 861 311 796 381 565 410 730 509 363 562 243 384 861 525 53 445 767 8 770 570 518 892 971 150 284 75 738 332 23 654 898 499 628 815 973 805 241 334 78 394 271 223 537 373 637 468 505 824 477 269 73 719 990 595 93 828 770 433 549 263 736 703 335 924 541 565 20 186 258 852 593 326 97 65
303 286 21 632 731 231 387 694 909 308 441 414 419 131 952 517 436 607 476 252 194 896 119 152 691 974 336 136 320 355 845 156 323 953 428 790 791 626 688 734 759 450 389 959 303 234 513 477 355 336 899 729 972 580 718 210 909 810 557 520 117 945 903 193 586 685 1000 752 193 598 43 883 333 400 333 292 185 459 77 336 531 359 928 604 59 192 319 523 631 86 139 905 628 183 426 664 90 199 848 75 631 114 367 844 365 816 317 441 335 849 449 549 216 947 419 182 678 833 265 403 259 588 848 272 705 417 343 546 847 808 902 109 961 701 341 318 837 974 953 715 203 262 391 382 855 485 836 978 555 179 174 1000 201 177 892 603 184 718 389 727 116 601 510 167 458 888 131 567 92 606 374 767 747 799 581 488 544 235 729 145 539 203 813 72 999 505 679 450 344 793 907 552 180 524 431 129 60 216 359 238 383 221 468 937 927 45 666 459 563 897 12 958 70 483 229 824 590 790 916 548 949 80 694 165 9 31 16 966 842 698 486 203 340 387 269 33 659 359 442 91 44 934 902 382 444 596 286 216 715 423 14 308 138 890 392 424 2 593 656 138 28 420 832 238 815 733 225 661 263 559 269 310 865 707 360 197 898 299 421 431 465 150 664 257 347 874 780 675 954 645 878 418 865 971 568 173 13 875 155 584 312 891 369 851 594 753 796 327 61 128 176 141 867 573 682 929 689 503 531 675 827 614 791 803 911 354 984 571 979 166 194 691 821 283 178 898 351 162 253 832 722 731 906 157 723 465 921 229 266 374 895 821 975 141 101 817 889 731 201 851 849 689 782 321 197 998 443 398 931 705 690 76 431 851 194 871 66 608 231 339 236 355 902 197 816 181 584 838 695 695 942 78 121 611 333 689 791 751 379 444 665 733 316 651 672 78 258 518 414 463 451 67 173 631 768 869 550 617 565 227 639 79 886 366 518 722 974 55 821 944 964 476 802 977 724 866 937 70 820 465 304 411 247 959 802 378 920 563 322 105 718 638 617 335 665 366 508 42 46 871 309 572 983 541 52 128 357 516 420 397 252 954 913 322 597 605 968 537 688 682 980 840 818 867 882 551 918 428 179 548 507 611 979 705 601 340 410
44 978 319 574 146 92 16 801 836 185 936 615 45 862 254 757 185 110 532 388 257 983 146 296 237 725 281 898 805 76 295 21 833 25 415 364 488 478 127 468 17 153 692 576 451 377 470 381 322 288 465 883 422 263 778 497 200 54 782 88 79 83 655 197 100 315 867 205 632 787 147 642 143 124 190 883 366 946 106 857 232 103 881 381 55 123 563 493 248 563 47 434 521 118 890 744 999 355 507 208 799 361 15 816 399 799 101 505 543 970 178 692 353 85 433 814 801 262 863 709 91 12 222 157 880 297 868 190 946 659 522 342 443 299 646 706 957 254 129 337 575 926 411 871 768 27 990 955 53 200 8 147 448 720 275 526 345 610 173 356 836 642 477 272 167 11 623 699 484 242 831 464 482 462 648 985 889 782 234 327 931 869 870 515 403 147 529 133 367 777 246 53 837 553 401 595 977 985 511 919 784 768 48 659 235 901 198 701 262 632 680 189 111 786 442 859 570 202 545 153 448 976 293 181 917 379 22 953 32 173 824 35 433 89 742 467 594 791 529 178 812 951 120 402 593 931 833 308 644 89 854 130 213 191 709 736 466 224 99 457 898 753 851 232 114 909 352 887 38 364 982 87 244 491 316 981 114 372 31 774 678 784 480 150 67 694 576 477 724 590 56 639 512 806 239 242 883 324 841 384 684 929 175 211 463 819 711 622 369 985 581 940 19 464 610 793 257 16 173 395 849 737 91 573 923 686 704 274 222 109 348 493 244 936 108 105 245 331 995 208 705 432 75 883 292 792 693 543 699 688 429 515 532 854 720 972 490 553 115 52 991 455 533 696 158 552 876 4 616 608 277 267 281 648 720 425 64 272 371 960 755 536 955 668 630 61 484 628 164 923 985 940 394 414 303 6 976 777 219 527 899 463 571 81 74 916 756 721 198 732 82 988 362 216 349 402 80 598 992 569 320 995 697 564 779 505 258 236 467 89 763 682 577 984 995 560 376 367 414 104 905 120 9 233 119 153 808 619 809 824 97 11 584 899 546 993 720 669 31 446 288 110 386 91 890 318 904 733 284 304 226 649 432 815 118 956 337 931 657 714 589 348 800 630 874 980 638 549 604 742 935 967 773 565 759 269 499
305 9 267 615 941 2 421 34 558 976 653 606 526 614 235 821 92 847 956 34 514 138 392 558 439 999 859 954 934 12 102 899 241 607 963 647 705 892 597 649 391 223 125 768 757 726 54 590 445 674 40 864 324 573 707 41 532 932 121 48 478 493 90 248 669 174 597 806 666 715 288 170 562 999 491 963 854 320 863 768 313 85 993 850 997 861 40 747 593 963 994 534 634 912 487 82 463 588 982 987 472 851 740 362 145 283 980 671 629 742 711 795 908 280 654 593 864 666 257 736 135 785 941 811 816 479 916 433 596 908 749 721 468 381 942 626 727 650 634 454 654 793 477 655 916 108 576 730 182 41 909 789 310 953 436 332 951 623 326 885 51 600 841 272 355 784 605 937 686 475 586 571 589 311 870 235 235 866 32 1000 494 183 2 319 194 153 959 117 12 459 264 520 990 778 858 412 399 41 916 725 354 508 847 436 60 456 703 190 53 834 170 567 248 316 793 673 809 622 184 295 716 265 196 117 59 517 354 240 910 797 232 189 238 591 274 309 492 519 35 669 41 821 441 644 519 69 797 354 532 651 675 15 350 868 208 949 730 449 676 926 392 935 460 594 969 313 66 222 376 130 186 300 586 87 631 189 882 373 604 192 206 419 634 61 640 601 802 872 879 963 795 564 427 454 865 58 258 157 281 536 294 357 779 625 860 43 449 903 258 544 232 799 258 334 877 337 189 867 617 577 948 716 322 82 76 992 664 561 552 814 100 357 390 355 256 459 665 581 773 313 895 799 489 459 54 223 302 763 44 383 480 133 78 413 540 247 188 428 912 490 189 814 898 987 557 466 1000 686 836 518 733 453 328 577 707 996 319 92 487 141 672 610 256 595 603 149 711 483 995 493 475 533 366 699 724 872 836 603 493 862 669 294 335 83 945 268 838 79 555 932 841 837 48 449 595 462 379 504 668 389 335 196 127 941 561 695 696 680 211 947 751 104 768 536 94 562 57 761 293 821 832 33 374 219 279 932 284 322 149 943 393 538 438 102 404 187 826 268 159 175 371 316 507 409 253 493 243 57 695 451 195 541 333 677 244 740 513 748 164 86 223 806 968 783 278 489 248 797 394 422 129 542 573 257 344 188 852
714 769 280 392 235 906 665 511 305 166 421 483 647 436 888 321 146 458 113 507 566 693 236 505 828 150 237 80 967 136 256 602 802 379 824 494 628 279 273 637 889 325 744 501 660 870 574 915 510 20 728 705 441 125 208 517 809 37 979 578 371 915 860 379 323 23 649 800 738 98 417 121 379 805 230 278 785 917 938 139 623 327 392 256 733 151 440 458 64 886 115 16 452 764 283 476 351 336 195 654 209 844 145 388 780 905 448 845 735 9 809 148 621 813 590 492 375 415 541 326 749 19 114 782 834 745 501 741 753 501 779 396 540 994 80 231 700 207 205 211 433 417 439 392 137 457 106 811 516 645 460 892 928 217 815 846 881 23 883 988 671 295 479 104 421 121 870 751 82 729 347 716 538 6 137 663 663 143 325 627 573 106 263 476 854 338 10 840 634 24 968 234 34 698 949 183 412 851 40 330 414 968 774 872 43 831 295 71 868 784 520 567 307 700 454 493 730 661 178 447 632 748 163 251 442 172 356 902 361 305 864 235 604 771 163 19 190 439 323 361 162 481 342 491 516 242 442 2 486 116 554 596 834 301 969 976 720 778 983 305 699 343 547 758 974 670 943 626 302 413 369 174 139 207 879 932 161 450 134 163 373 199 695 485 555 805 656 964 9 827 140 988 737 651 884 207 599 292 585 898 264 532 2 934 349 574 518 984 555 801 800 802 28 634 636 333 721 818 797 291 765 743 131 408 768 389 186 279 154 53 832 174 307 95 293 126 146 847 905 162 784 341 80 64 243 695 633 754 594 346 858 509 111 966 345 658 971 741 931 331 459 269 372 675 724 155 988 925 285 188 870 244 457 932 260 518 686 396 890 680 576 35 472 710 533 369 286 75 278 120 908 293 332 920 641 946 618 632 776 903 800 123 820 173 527 398 106 164 759 268 439 660 378 899 927 531 863 936 782 881 844 267 886 598 966 659 746 247 250 430 455 587 403 120 88 65 732 120 869 843 147 935 545 871 588 49 555 508 417 761 642 198 172 987 566 750 74 956 73 269 174 582 641 525 647 719 273 938 297 238 118 565 631 988 54 524 731 966 513 756 361 488 653 625 638 859 304 557 476 745 207 854 220 224 273 109 464
782 61 470 587 16 462 1000 917 749 31 672 569 755 682 444 840 698 494 796 268 95 492 538 41 164 803 518 600 887 604 616 783 15 720 987 381 195 121 398 86 710 11 897 528 572 87 413 441 43 324 446 723 262 843 665 783 329 552 458 837 234 103 989 968 998 401 629 426 405 508 650 684 338 861 740 174 743 6 92 76 355 748 122 529 251 176 588 952 836 49 960 301 67 203 545 304 922 747 701 792 9 196 870 36 716 421 671 7 798 609 679 54 758 752 867 231 270 335 625 998 515 357 123 31 395 859 536 245 102 932 994 965 950 540 312 712 934 890 715 779 275 220 680 501 598 453 562 490 248 884 453 956 14 658 979 948 473 407 799 889 314 768 683 264 154 869 541 840 100 189 485 611 1 4 919 539 235 772 913 230 869 387 421 111 915 519 301 101 934 335 641 111 820 8 143 306 846 352 529 412 354 621 775 850 371 193 689 3 142 318 6 251 719 97 203 216 874 649 972 118 372 892 61 405 286 783 551 632 780 843 463 674 860 806 105 25 935 843 955 183 778 883 262 996 34 810 286 139 281 946 94 640 255 778 625 963 132 84 413 900 56 847 560 81 407 528 595 473 841 123 276 780 376 562 461 179 139 898 243 773 530 435 91 654 78 729 505 40 824 971 659 293 11 870 857 459 857 536 615 225 517 137 829 203 18 477 520 496 546 403 26 245 347 518 978 355 561 363 338 887 90 750 970 647 220 465 280 249 485 871 859 2 688 283 613 41 33 32 818 148 445 266 59 431 326 789 450 779 284 163 809 742 930 708 674 792 848 350 827 376 58 445 443 2 459 400 39 333 810 774 686 427 485 687 381 295 778 559 25 148 178 492 289 323 374 162 84 759 28 343 4 78 439 267 943 520 180 388 816 156 199 115 151 79 930 732 505 58 877 809 403 500 533 150 121 682 58 763 378 78 655 857 943 608 364 923 730 978 211 273 943 648 122 621 743 750 166 894 902 776 533 61 880 50 636 944 921 208 317 816 390 495 898 968 264 16 974 235 489 854 420 164 882 721 70 557 522 460 933 805 501 629 274 97 5 194 292 297 347 310 220 332 431 320 941 391 770 770 652 187 141 1000 722 645 362 579 496
365 36 249 635 993 542 644 678 588 918 480 57 448 173 600 877 656 511 175 314 299 655 881 799 992 799 379 985 551 541 349 688 65 661 616 67 439 88 406 599 52 223 103 315 75 507 276 604 335 987 999 207 563 388 725 928 117 862 484 967 62 209 473 155 95 931 605 611 211 875 654 519 689 19 841 305 798 330 681 463 860 516 418 972 65 824 96 739 11 509 488 58 122 997 537 931 799 164 787 227 81 595 186 291 153 806 752 55 346 850 536 985 644 988 201 345 347 686 492 119 643 278 584 906 549 886 676 797 766 107 106 42 771 715 900 488 622 918 312 685 965 587 579 95 662 740 693 733 258 732 805 764 497 762 711 569 869 257 831 896 868 334 209 732 156 971 279 448 276 729 110 153 15 43 544 249 383 807 929 517 280 672 651 665 769 993 986 640 67 248 980 556 920 408 83 546 11 888 933 573 834 470 332 61 398 398 32 31 915 439 214 569 246 690 672 943 277 712 341 445 975 194 400 497 954 990 184 503 191 824 678 141 656 874 440 436 805 281 307 386 523 400 942 347 541 739 127 118 314 911 937 202 407 546 293 200 609 87 702 281 681 325 872 585 160 663 543 466 281 161 715 612 88 154 433 795 691 903 369 566 923 816 661 149 175 929 342 640 77 183 575 759 278 542 629 91 303 424 336 351 308 459 965 718 556 493 825 464 342 948 156 1 499 772 317 991 139 103 877 384 317 886 438 104 893 702 859 747 17 171 623 878 792 712 946 758 562 207 367 519 403 540 448 682 681 879 474 484 490 305 295 549 377 888 187 154 2 32 591 51 762 672 811 65 596 853 390 955 905 944 160 418 176 824 619 794 543 996 840 639 916 853 802 224 306 265 768 230 969 916 483 952 357 44 413 985 931 295 923 695 830 297 131 108 365 725 600 685 521 399 567 615 167 118 102 725 187 932 145 858 915 701 164 350 635 818 674 229 27 349 288 625 743 845 165 906 430 37 28 245 572 924 800 314 414 415 238 475 326 704 281 650 199 683 162 607 818 637 857 321 441 677 42 180 65 717 972 656 317 803 972 669 657 917 863 246 519 259 634 384 312 979 289 809 742 733 320 422 495 751 622 700 380 302 374 613 89
684 996 302 952 376 584 151 331 486 977 194 865 368 450 700 296 532 523 462 751 867 262 882 715 527 277 992 563 884 307 46 863 951 958 730 986 222 17 692 601 477 652 832 156 225 4 646 84 835 659 305 203 460 349 432 962 938 878 659 318 33 903 182 382 383 947 183 473 741 637 913 939 434 330 506 333 435 855 168 669 473 465 864 218 598 547 203 296 627 621 68 999 245 603 297 13 518 962 278 767 204 499 727 443 703 175 639 287 896 12 837 451 56 640 357 854 943 448 102 759 644 902 962 984 31 639 827 568 646 685 497 862 524 169 107 238 311 920 995 416 714 492 138 838 92 230 333 935 556 301 488 584 822 4 603 442 760 165 85 985 517 405 736 849 16 794 825 656 835 347 524 107 932 753 84 129 42 763 258 641 673 92 867 888 407 47 291 530 291 595 601 407 383 214 47 883 571 776 503 495 852 351 84 508 244 340 461 235 468 83 358 90 758 989 219 348 896 506 295 614 25 832 672 174 843 196 534 102 776 269 62 294 163 547 57 617 441 301 574 810 549 713 84 369 286 718 443 986 835 613 217 632 658 146 834 655 524 527 28 991 628 977 165 800 867 949 494 256 786 501 500 660 840 443 1 542 19 258 361 137 798 436 325 867 777 264 381 592 259 892 759 674 936 21 245 721 178 903 979 249 909 272 801 230 328 680 794 316 831 408 180 641 120 372 264 631 454 138 47 775 676 431 741 517 239 1 12 398 230 219 862 841 45 1000 875 381 997 174 796 673 185 454 429 50 652 955 888 351 245 294 754 638 848 624 650 719 802 831 608 925 878 577 577 544 711 761 526 161 758 135 321 958 165 542 540 299 337 670 45 312 521 640 412 916 452 316 96 844 846 666 246 673 548 550 500 565 282 18 341 801 927 492 958 841 682 935 506 88 178 507 181 636 499 344 622 419 107 341 178 26 556 143 872 578 399 67 574 520 717 565 46 750 882 223 744 737 360 327 393 953 882 832 436 48 56 939 912 118 949 772 435 379 988 843 179 621 295 683 393 656 918 45 299 692 406 209 322 267 941 354 730 322 569 53 659 913 436 84 830 259 143 882 978 709 167 769 237 217 430 463 814 459 249 144 170 116 347
477 553 636 751 901 271 190 508 146 522 344 170 586 941 999 530 967 507 312 418 941 462 797 265 982 28 259 377 63 659 854 931 876 828 888 386 896 961 532 384 433 692 247 771 676 922 46 753 898 870 853 790 457 302 425 29 599 274 742 23 731 203 984 392 511 178 625 142 2 15 859 483 944 455 715 216 325 766 924 389 353 320 482 289 631 255 931 395 255 495 243 270 899 230 901 732 110 505 481 13 311 513 500 67 469 972 322 632 600 570 583 519 3 544 625 474 492 604 94 79 644 683 617 238 540 41 706 405 338 791 945 363 22 673 981 796 410 476 22 520 539 98 501 829 827 516 352 562 73 232 409 371 253 830 120 541 499 996 609 13 505 178 946 29 1000 581 762 950 134 987 70 37 98 510 711 43 646 35 40 236 672 132 685 697 760 320 132 37 186 895 429 564 787 888 42 871 886 583 593 949 630 709 85 62 759 572 996 344 986 686 918 222 429 337 966 314 334 779 265 796 476 101 738 672 566 431 823 568 668 642 987 595 21 960 772 670 193 141 159 409 290 558 845 458 453 405 874 384 398 567 970 209 33 628 91 667 622 610 844 317 830 148 493 86 390 691 625 772 436 830 819 507 652 489 544 142 994 329 280 259 783 373 700 453 961 241 76 749 651 931 87 318 540 266 595 606 49 42 545 497 902 540 52 174 133 85 924 33 897 89 442 932 571 896 152 88 542 271 286 299 378 780 184 174 364 287 578 208 795 522 305 757 138 521 623 822 869 822 663 748 219 557 119 69 124 679 779 704 371 287 597 809 590 675 918 988 846 223 688 891 811 835 662 727 54 491 111 140 799 672 523 890 645 962 643 992 625 189 1000 180 560 339 750 985 294 455 570 741 534 223 258 244 954 268 570 791 487 690 456 853 52 225 522 844 543 416 555 880 340 948 441 312 965 388 108 841 725 808 406 821 736 537 677 779 118 616 577 279 474 896 476 965 2 791 182 221 480 998 57 410 855 87 686 73 148 312 200 484 924 138 679 860 968 705 882 82 512 675 68 289 659 473 45 644 171 718 554 898 132 178 501 23 551 977 638 905 476 683 637 766 709 538 728 37 72 378 296 499 417 334 488 281 195 342 527 583 738
115 199 731 31 434 507 189 640 641 528 681 196 772 852 850 615 716 509 681 656 496 512 573 150 554 569 810 503 216 54 612 488 833 536 795 167 385 214 77 321 721 127 969 371 260 187 632 871 121 793 476 841 450 653 935 188 975 109 46 327 296 736 394 924 564 570 906 613 842 174 2 641 959 391 678 293 789 142 527 649 155 399 640 545 607 72 272 84 404 597 346 114 223 610 714 200 95 435 488 505 552 70 560 271 668 846 195 21 206 381 441 872 67 475 944 466 570 274 362 522 406 187 834 804 749 346 667 944 818 933 635 180 722 910 113 784 259 665 862 860 501 201 846 463 537 349 731 432 942 326 168 789 525 458 719 68 552 402 492 927 831 880 576 834 569 682 74 793 601 676 869 150 126 854 95 537 924 621 227 142 705 489 447 273 790 576 17 74 349 354 449 834 809 619 769 604 31 85 86 93 844 471 225 926 824 339 663 643 270 160 646 831 476 899 659 845 285 580 482 832 932 86 813 761 547 979 608 797 518 818 445 582 579 609 889 346 928 126 817 312 975 361 402 572 759 607 194 171 322 242 59 223 19 542 227 860 221 294 294 920 247 935 835 319 63 458 711 356 111 705 158 79 701 546 383 955 303 935 798 19 672 14 571 101 884 793 408 680 851 981 933 961 137 504 241 405 703 923 366 733 570 551 952 584 679 544 325 255 283 148 339 785 1 35 117 390 61 25 836 274 805 705 773 554 950 766 223 292 363 804 596 136 35 235 603 650 235 61 387 623 195 948 225 740 289 710 470 714 385 391 603 423 510 107 6 275 273 639 576 727 338 225 691 228 723 973 81 786 971 252 754 720 23 623 157 769 78 903 356 112 688 990 314 921 293 826 194 915 745 121 663 597 709 340 98 947 221 285 177 536 758 319 990 514 972 739 391 506 368 307 304 299 427 481 522 281 171 573 80 502 123 453 425 301 993 414 176 626 913 263 217 936 852 144 577 693 517 211 470 451 114 10 327 589 58 738 282 100 992 580 141 275 468 243 111 57 818 414 133 281 43 537 575 929 586 287 176 501 606 823 270 902 512 862 630 424 975 119 153 178 734 699 664 509 94 853 122 799 727 733 482 676 334 350 186 1 703
293 412 27 281 463 903 99 553 907 757 460 861 691 99 638 35 289 443 316 595 655 691 175 575 394 959 421 382 421 870 916 664 212 646 466 877 41 499 378 790 167 480 121 256 688 269 772 738 715 659 725 833 32 578 896 769 971 774 402 137 866 976 409 331 586 594 620 983 1 806 643 112 491 383 117 29 873 732 864 364 934 825 778 733 852 765 180 332 900 721 119 588 926 865 962 960 44 873 804 467 126 175 725 88 138 435 946 44 618 925 373 25 67 17 936 180 933 312 157 975 303 95 721 775 824 585 288 708 201 313 961 182 966 837 623 678 502 965 665 567 323 942 131 747 410 475 620 369 170 547 284 970 650 932 327 10 793 150 726 142 769 944 207 965 302 916 222 876 705 631 121 17 873 163 679 815 111 315 972 990 741 969 417 732 573 740 528 743 636 620 361 522 629 331 10 31 678 720 876 410 847 760 324 353 105 986 721 78 771 687 730 799 47 109 761 245 326 683 876 293 649 350 131 461 645 825 435 916 968 399 764 58 864 751 15 623 806 473 270 965 945 871 285 306 926 919 10 295 529 126 508 268 940 231 900 267 193 599 283 532 410 476 131 257 985 416 927 282 41 172 317 349 869 645 249 291 394 992 253 737 143 89 727 474 616 351 171 333 935 235 777 509 745 206 404 365 382 730 139 791 951 837 204 611 433 367 699 880 142 971 998 357 107 96 196 362 780 281 175 492 845 778 993 23 506 884 46 547 222 627 181 779 378 978 934 770 733 761 463 483 487 29 902 159 311 305 431 231 671 496 123 780 520 277 206 308 412 438 665 856 311 510 199 545 707 210 649 636 926 620 111 620 206 55 986 423 708 877 840 167 987 697 961 782 614 820 881 673 961 243 299 635 455 336 312 364 144 171 879 859 125 388 344 231 512 852 789 749 56 201 517 724 687 149 715 283 568 450 238 5 420 21 60 687 725 648 416 686 147 478 369 65 587 602 267 983 377 387 254 87 375 181 824 362 329 108 492 148 139 345 35 135 833 806 231 390 556 73 865 805 280 850 580 700 848 582 424 223 451 529 735 986 88 798 304 677 795 721 123 954 881 116 443 2 932 770 585 920 372 597 381 309 844 906 531 531 538
490 965 844 267 594 251 399 532 899 935 276 622 178 779 880 579 978 475 943 137 195 619 858 913 959 130 879 767 341 539 486 656 553 673 1 317 888 482 485 22 312 876 960 318 182 340 631 938 288 935 348 889 130 365 494 642 845 600 891 855 489 871 912 417 744 293 11 367 731 341 263 672 284 353 242 72 971 482 594 852 110 611 910 61 887 768 453 280 321 362 980 82 687 57 860 610 368 409 16 631 394 181 132 525 774 130 835 445 637 558 319 449 478 348 94 697 183 309 377 37 258 991 519 747 465 348 637 663 368 551 901 276 304 162 473 449 216 543 294 259 858 179 607 33 508 187 939 629 956 64 40 991 182 922 355 752 285 265 724 573 322 977 530 28 855 517 479 893 509 85 896 897 563 715 837 930 629 61 671 597 414 766 357 18 993 689 563 612 889 348 873 79 235 721 361 597 302 904 63 425 915 106 925 217 510 545 883 222 3 243 651 518 88 725 988 37 268 48 252 723 173 655 838 233 424 130 906 440 674 368 254 941 520 62 574 587 369 398 824 186 894 144 712 715 199 826 384 986 900 404 52 542 887 739 171 712 361 283 262 142 606 48 848 535 943 814 173 919 727 381 768 98 145 942 946 354 501 707 320 149 574 505 398 765 247 771 757 321 592 930 157 585 953 732 658 194 903 173 75 370 353 752 444 330 906 49 24 978 436 838 527 267 518 298 383 869 499 438 671 212 77 564 533 526 962 603 254 547 916 704 860 685 285 106 719 206 698 947 805 87 186 416 35 102 420 632 410 306 870 252 873 488 413 506 790 8 552 661 825 391 904 928 161 534 44 516 474 659 955 615 552 716 933 266 817 379 502 310 978 815 958 891 352 362 368 596 974 323 22 384 984 289 796 782 101 152 34 689 154 891 50 375 76 607 365 299 19 512 479 596 873 438 106 150 363 776 275 9 335 192 950 830 811 427 515 802 114 341 16 658 153 628 741 19 674 176 177 442 865 741 941 878 679 831 523 576 56 273 670 548 235 889 228 563 525 911 339 256 707 158 999 334 704 653 26 183 255 634 565 133 604 617 660 772 514 245 64 403 888 950 14 800 598 935 456 961 912 997 818 727 179 342 447 268 494 999 17
692 489 176 659 542 120 426 214 456 248 287 387 465 251 574 803 844 740 458 538 390 812 168 814 550 513 836 590 419 538 928 390 936 127 972 250 401 575 959 824 854 333 876 221 904 654 64 833 111 945 912 324 460 102 519 163 439 901 162 21 193 358 225 859 169 450 641 925 745 606 125 349 330 163 473 577 815 842 743 8 333 368 173 898 400 226 23 542 157 747 988 1 731 915 380 195 821 854 183 223 732 480 556 288 994 220 619 744 856 776 976 829 209 224 106 233 244 170 376 792 930 453 830 126 188 804 42 687 188 509 996 45 810 77 404 390 137 236 475 189 421 14 144 246 359 380 601 527 685 783 60 663 143 754 917 321 273 338 551 123 293 707 93 581 784 232 479 631 323 550 841 683 321 996 190 948 3 599 531 199 915 971 321 104 460 608 436 22 737 46 121 427 107 928 152 78 972 433 707 899 599 499 762 822 128 204 937 868 132 39 13 654 121 609 722 363 311 268 610 184 525 147 791 143 902 527 242 276 709 645 42 236 301 166 545 607 454 443 537 295 492 368 574 596 337 919 606 326 25 473 7 253 853 469 709 142 311 465 386 903 329 879 202 243 592 547 391 717 750 170 584 938 758 584 706 821 363 231 631 927 340 889 608 829 207 602 464 192 999 95 702 823 450 189 363 927 643 263 42 434 277 824 586 799 630 559 16 754 745 278 283 119 276 979 415 698 637 520 841 834 163 274 922 102 305 296 934 465 30 568 122 650 187 512 369 397 793 971 709 142 718 442 865 897 506 707 892 746 991 925 238 856 519 458 761 688 422 526 277 644 962 911 687 688 196 677 307 420 799 705 93 736 130 201 113 793 698 780 363 34 253 745 924 707 413 311 725 712 388 555 932 438 774 64 307 815 786 193 431 843 26 389 826 327 5 500 400 627 937 113 916 360 385 75 1000 57 481 906 649 700 783 87 433 490 628 70 832 461 420 89 163 664 739 318 218 750 888 548 913 880 902 911 311 548 253 909 538 908 456 402 35 630 477 391 479 573 941 226 676 585 607 711 864 333 698 303 526 933 251 86 818 297 777 843 26 622 225 527 254 964 178 765 342 838 814 80 416 702 453 27 973 350 375 880 551 783 276
836 465 758 429 168 306 916 510 29 63 468 258 761 306 479 438 157 461 732 529 986 212 120 507 484 306 591 814 671 648 273 525 789 380 667 322 491 904 913 307 885 119 26 400 364 768 409 318 664 276 146 836 112 933 873 429 490 598 85 385 731 123 911 49 229 571 415 389 521 933 238 510 378 219 837 34 436 523 65 921 233 141 539 670 444 375 516 59 115 280 887 437 41 530 884 137 444 638 443 30 957 976 677 548 485 633 919 65 396 831 545 272 983 206 235 699 298 573 11 143 280 249 459 165 104 203 10 914 134 971 338 682 573 351 801 325 723 953 624 257 915 468 211 640 85 220 974 934 673 470 38 482 178 166 130 960 304 694 277 632 205 845 581 644 678 313 166 336 519 180 683 414 75 79 396 243 76 929 216 504 869 33 112 947 131 872 191 828 59 410 515 155 932 665 717 256 848 487 574 160 798 373 364 163 955 997 467 794 190 558 782 38 989 125 105 795 174 288 879 347 170 342 520 353 739 868 48 580 749 883 628 185 698 39 834 554 491 813 264 369 294 240 528 306 242 534 792 736 501 357 343 33 803 959 759 968 714 314 779 523 877 212 682 541 315 619 666 543 497 709 222 537 50 290 719 111 347 293 946 731 931 301 523 289 758 194 365 195 60 770 121 8 91 434 455 366 109 803 420 78 936 255 80 394 906 221 237 996 224 924 126 20 226 44 607 869 712 561 315 231 792 26 594 423 379 80 685 931 442 978 933 977 875 18 895 881 752 540 564 591 901 192 917 164 812 343 490 588 564 944 906 75 858 222 313 872 643 705 967 328 61 762 393 822 687 700 435 959 418 133 204 726 604 792 716 724 999 629 806 452 956 291 223 794 271 504 4 96 481 580 676 188 313 889 335 892 822 246 356 982 316 590 769 309 645 435 77 234 313 272 401 354 987 777 483 961 43 249 577 957 761 682 761 332 629 732 666 927 562 408 161 248 888 837 314 833 509 785 284 574 537 898 665 766 133 435 444 501 250 7 171 842 53 967 971 516 107 854 814 501 411 465 70 647 68 330 166 419 448 200 118 104 164 307 103 259 894 632 32 866 863 70 554 11 235 145 471 17 255 518 767 893 158 494 526 40 148
873 426 15 808 758 191 738 154 616 897 959 178 569 99 84 780 399 936 247 591 749 149 358 859 7 969 585 8 86 685 359 903 10 548 523 130 154 542 762 916 282 330 442 99 208 578 488 60 277 753 150 183 756 744 544 190 272 128 592 884 767 124 634 492 386 65 780 628 211 243 495 599 26 527 351 908 248 770 860 749 727 673 854 687 648 363 447 293 233 323 402 896 627 605 871 469 296 197 385 254 881 901 144 369 187 377 286 639 832 414 905 676 43 229 403 858 885 465 990 88 594 89 545 385 804 118 698 174 411 935 378 921 510 604 243 349 948 802 743 532 284 280 964 963 214 115 163 517 778 254 531 26 958 315 338 959 706 201 137 28 890 503 829 33 540 262 843 219 673 512 724 81 171 312 504 732 377 189 89 419 725 413 477 537 881 630 794 142 519 367 756 258 60 332 560 937 132 431 829 899 969 509 710 16 895 306 250 301 698 100 458 205 170 847 282 286 241 630 70 93 442 737 129 329 710 888 889 300 928 913 131 965 358 347 242 348 879 130 102 935 297 115 182 546 764 256 231 76 480 815 497 281 279 687 305 742 143 927 77 552 236 534 997 288 868 672 550 852 74 229 906 103 226 394 626 984 508 275 498 34 625 532 222 83 699 226 113 98 92 159 17 686 572 504 22 275 931 247 70 646 780 303 560 880 993 278 901 648 228 589 460 869 317 954 903 134 967 72 531 714 465 615 214 238 616 397 750 886 160 975 469 842 312 851 550 367 885 179 353 4 76 436 35 416 786 290 821 735 128 99 312 192 47 970 138 927 101 551 713 156 104 580 358 360 164 405 258 718 105 246 448 901 484 400 612 438 392 468 544 518 245 904 335 47 915 468 180 41 793 739 597 855 422 332 55 432 168 324 865 710 917 955 298 226 835 284 940 165 284 178 618 494 703 250 759 844 232 443 523 339 155 284 280 212 415 337 916 930 267 19 760 975 661 970 153 318 176 796 188 924 392 977 908 339 142 702 41 388 322 590 955 853 978 395 590 477 625 430 98 174 480 714 733 945 370 302 664 198 251 915 347 726 341 307 424 571 840 978 397 206 534 797 795 426 249 159 76 62 837 726 515 333 301 330 615 89 900
541 15 95 939 715 861 617 5 912 487 870 860 266 115 453 768 521 870 346 120 566 688 174 271 310 726 685 79 840 604 345 741 508 937 215 588 905 687 558 812 305 992 80 959 861 343 113 968 914 857 530 890 881 97 982 504 198 625 420 332 861 358 844 668 835 239 571 649 366 345 982 28 121 95 897 616 337 468 54 352 101 546 894 23 964 558 918 67 104 505 924 822 581 385 491 957 123 6 760 99 582 867 256 438 219 52 724 134 332 264 215 290 94 376 959 549 253 223 665 914 576 467 794 409 478 5 959 185 607 420 101 469 801 945 498 397 241 847 354 894 883 669 513 346 233 863 784 546 469 126 536 196 153 234 747 303 349 152 764 546 18 828 948 342 125 93 822 705 779 354 749 656 234 586 363 672 686 989 427 635 230 1 46 7 505 556 806 114 478 992 855 645 819 708 350 853 519 793 327 488 864 977 995 915 905 941 49 899 795 563 239 205 538 102 365 311 50 637 929 789 809 409 371 594 697 941 759 778 815 326 433 283 703 495 182 114 174 210 584 860 416 805 396 729 110 828 340 529 754 516 97 186 114 989 427 381 717 947 923 137 838 405 257 598 55 836 983 232 346 97 912 507 343 138 627 956 149 742 181 460 481 730 223 224 421 650 748 985 242 586 666 579 423 857 202 1000 745 532 469 5 692 352 843 282 787 673 787 531 912 88 82 389 852 667 844 60 408 957 890 586 981 488 525 746 928 451 976 519 382 406 154 438 364 994 829 455 899 637 278 334 295 558 553 746 229 337 528 177 573 421 224 250 570 335 219 378 677 458 246 824 599 701 410 433 732 136 743 240 721 538 556 546 301 425 866 11 628 785 546 44 247 965 297 533 389 953 389 52 530 460 677 134 837 816 422 297 81 574 921 223 260 481 382 913 774 574 13 349 112 997 372 190 978 968 930 584 955 139 842 472 310 566 6 276 490 833 687 198 351 921 759 350 689 841 827 105 739 207 880 425 270 451 804 502 638 655 536 484 740 666 842 186 202 855 367 107 882 91 406 664 159 782 854 22 89 710 505 583 110 778 365 277 320 124 561 547 636 588 15 369 369 641 489 691 263 660 742 216 251 765 917 447 114 91 119 463 556
20 716 710 651 434 899 981 511 175 885 964 678 355 699 679 770 962 344 458 64 860 362 788 921 429 349 331 922 620 811 738 331 396 81 34 141 932 476 358 552 397 949 354 825 769 984 46 494 259 433 545 45 345 546 744 887 900 47 600 118 125 982 630 558 492 683 739 90 655 752 310 250 783 867 801 680 631 850 103 397 150 871 454 25 876 858 767 928 546 121 902 779 281 885 550 511 445 750 920 970 540 658 242 160 811 214 530 849 624 12 684 316 928 998 130 334 478 452 793 609 768 751 401 896 630 978 629 421 548 488 444 317 123 539 651 24 618 643 548 662 125 991 280 42 528 921 870 817 744 727 18 328 970 383 659 409 590 473 841 353 740 207 840 583 605 491 573 462 470 696 970 15 929 951 227 553 905 567 835 257 485 636 990 703 208 341 595 74 310 960 108 845 940 329 961 356 926 137 876 439 853 152 784 132 386 453 795 265 690 637 132 306 619 779 1 279 915 139 672 230 607 311 951 173 693 724 188 508 54 452 275 462 984 183 988 314 677 407 462 348 851 587 10 669 549 575 177 611 753 299 513 189 701 240 276 949 907 720 215 99 911 930 386 186 910 966 643 138 327 651 295 124 45 960 192 791 95 449 957 290 286 359 884 426 443 897 94 845 35 72 412 948 118 233 248 474 803 528 577 450 490 403 550 628 358 40 748 164 190 973 50 328 251 608 33 90 432 837 159 149 571 519 220 781 607 754 72 400 437 712 312 721 527 25 747 253 420 400 301 607 64 383 148 899 396 281 942 613 897 969 978 747 896 982 661 439 736 675 78 421 324 27 947 29 355 320 96 472 812 45 805 927 106 68 786 114 60 547 910 120 896 218 569 189 724 210 769 849 411 175 789 404 141 513 332 884 577 490 879 510 994 293 168 84 913 681 225 754 697 723 208 294 999 828 795 904 932 801 389 248 406 725 902 358 523 720 549 162 231 115 384 348 551 929 526 557 319 896 618 527 890 503 589 148 325 596 769 492 521 385 561 11 493 765 165 541 872 118 835 215 52 414 769 754 359 400 97 612 926 548 953 442 313 747 196 147 288 260 877 914 851 870 376 162 947 418 968 874 600 29 951 428 145 325 706 443 514
702 130 6 755 838 582 810 172 352 686 772 941 640 823 551 464 3 344 89 930 715 689 607 682 410 357 969 437 792 429 937 894 501 943 498 692 753 996 285 30 785 494 774 4 461 120 166 227 739 891 153 140 576 227 933 688 121 107 687 872 396 419 896 671 472 191 838 985 873 243 589 874 722 174 375 183 398 381 232 577 983 887 933 234 561 900 64 493 4 841 776 455 859 193 242 911 613 460 45 165 875 210 53 676 822 237 681 251 79 369 437 859 338 322 794 211 44 333 782 679 504 507 384 694 469 132 324 869 376 688 938 866 891 775 86 636 875 688 256 59 220 369 749 462 335 558 158 223 126 483 142 521 821 264 409 466 158 892 899 262 59 240 702 876 182 68 683 659 156 873 366 612 232 791 241 369 447 125 346 136 664 174 614 880 736 691 838 708 347 709 1000 522 722 301 495 815 287 267 103 47 712 861 617 931 653 736 45 960 103 696 578 30 967 873 949 80 714 37 465 962 305 830 169 400 15 326 125 256 169 814 890 813 492 85 727 524 353 146 720 776 826 719 561 716 35 229 296 170 106 884 27 518 821 892 873 151 849 278 883 889 112 41 451 612 459 52 85 732 36 500 123 748 717 908 788 740 226 534 239 726 158 802 836 663 377 950 41 863 511 256 446 888 837 611 791 934 871 936 528 381 965 963 863 571 295 547 426 359 891 32 406 480 464 121 167 787 485 543 589 10 207 449 800 997 613 224 584 419 850 654 730 557 533 936 752 825 152 735 209 300 522 575 224 621 167 657 937 764 196 694 911 682 122 140 367 433 650 252 725 985 178 19 685 77 707 892 695 994 45 792 673 678 553 691 672 821 386 182 917 27 348 491 356 818 609 981 960 914 457 794 657 62 599 607 103 689 292 644 771 38 824 123 710 15 38 904 118 631 98 802 173 809 411 242 513 839 525 791 272 943 111 474 927 871 805 546 821 234 417 180 777 592 236 736 217 560 946 86 629 196 296 495 300 124 102 703 64 919 917 440 787 428 210 290 329 528 637 54 531 752 324 165 123 508 556 965 437 99 606 452 336 194 492 749 551 752 887 669 46 796 984 994 320 305 45 961 542 502 507 403 465 214 384 586 783 845 335
621 308 505 870 427 752 346 847 370 524 122 684 542 914 480 247 335 304 589 17 188 397 307 606 146 203 222 610 621 233 55 288 201 13 591 28 526 508 738 916 288 514 952 183 645 810 530 59 179 122 658 896 587 755 731 681 62 766 437 306 145 949 777 511 957 315 327 96 587 21 995 552 635 502 701 315 660 56 22 492 58 761 913 489 494 778 940 338 311 23 631 840 939 506 711 508 297 954 327 547 268 304 821 668 177 323 641 429 810 806 458 969 62 892 806 72 30 339 758 433 130 238 307 720 87 508 433 584 121 545 546 867 353 652 10 187 664 821 768 611 680 70 329 721 228 887 240 536 102 24 12 943 435 889 416 200 686 542 637 356 588 948 847 508 570 923 90 601 336 673 793 515 779 312 963 273 405 526 923 748 424 625 463 1000 678 675 154 707 62 2 170 862 384 891 546 916 804 983 189 284 48 267 62 203 678 691 138 491 231 44 752 361 189 674 348 738 513 744 898 75 14 988 797 399 310 62 56 302 973 196 16 509 911 326 555 924 788 465 68 450 118 929 976 630 972 582 750 926 593 715 718 710 544 623 884 492 979 389 860 581 872 517 291 818 242 822 268 921 533 287 250 856 651 707 924 44 856 651 872 326 498 79 879 415 469 172 866 23 839 697 459 906 274 946 585 714 488 44 851 578 457 738 58 539 583 701 48 325 265 640 169 526 227 13 39 49 537 436 212 374 84 655 895 824 866 854 205 52 540 384 366 334 953 989 890 113 832 423 803 590 846 724 199 249 773 799 84 173 379 647 211 884 461 251 982 192 168 131 871 205 891 120 114 40 730 770 782 690 275 999 169 41 902 309 916 696 406 11 537 513 534 731 429 790 657 684 719 957 484 306 105 977 545 416 435 833 771 833 465 883 14 83 469 91 749 616 914 283 496 739 877 1000 936 338 281 921 462 933 249 970 324 686 88 252 366 193 39 214 772 934 185 62 627 12 131 733 156 954 863 644 953 375 187 23 430 452 576 735 461 157 138 809 372 678 225 548 400 111 908 595 930 990 266 950 168 747 798 194 158 493 7 125 324 956 6 227 705 867 751 365 77 106 758 291 432 451 315 764 322 274 276 623 474 895 905 419 540
273 818 325 638 274 308 620 272 911 743 733 813 574 639 43 552 427 95 681 341 484 526 407 276 306 33 904 302 460 677 368 256 873 634 627 593 117 425 985 246 265 514 539 368 411 907 934 519 437 510 844 793 160 359 715 909 746 11 951 358 201 174 620 729 364 405 912 325 273 617 586 533 696 417 688 363 586 139 396 405 387 371 823 157 887 264 299 219 151 38 642 37 508 25 130 101 909 676 427 95 412 920 519 648 208 76 280 531 176 492 716 627 38 936 53 506 406 494 462 963 131 601 722 786 294 654 433 723 5 193 402 590 745 282 486 885 866 225 672 528 953 33 837 615 663 668 495 724 653 201 206 590 200 183 697 359 916 593 733 744 528 864 741 198 806 98 937 633 109 18 758 294 171 622 982 496 120 97 830 750 631 336 690 486 259 911 521 64 715 613 811 325 77 417 226 908 618 938 818 498 404 418 659 489 885 565 393 927 306 471 947 34 334 628 984 73 846 921 797 624 687 190 6 8 226 584 590 86 653 607 804 330 147 332 861 858 930 884 199 317 349 533 167 736 747 529 893 282 157 957 317 572 308 775 46 786 63 553 979 790 395 922 799 204 420 621 682 284 537 534 136 548 244 196 865 274 747 561 103 953 219 245 861 311 716 969 54 165 539 392 303 807 61 128 447 731 71 61 950 17 266 991 655 169 265 519 542 867 49 298 107 147 801 368 717 51 808 3 845 197 569 193 715 426 225 809 790 970 598 535 634 619 500 566 618 905 336 147 240 170 627 138 130 921 197 736 374 966 279 904 574 245 767 705 308 325 892 50 933 590 369 638 690 172 946 381 606 112 826 699 523 886 935 356 807 115 901 759 664 447 571 240 610 541 677 258 473 577 888 516 673 897 37 782 667 160 438 37 997 982 316 334 152 762 284 372 672 133 852 918 937 673 803 116 92 333 199 345 20 101 136 452 917 125 755 153 854 515 468 191 807 320 655 865 795 985 725 657 545 258 817 40 843 572 502 619 892 704 434 724 677 908 767 798 598 76 986 769 366 944 548 42 634 393 945 796 274 813 516 58 787 424 504 251 100 332 308 815 113 287 946 461 958 926 565 964 202 201 349 969 192 219 572 881 538 521 737
714 220 383 112 127 180 129 11 945 980 539 811 699 26 254 787 274 555 329 786 922 880 318 254 913 331 251 999 761 805 279 247 230 615 355 924 870 278 100 133 330 271 756 134 286 747 838 491 473 392 493 338 29 36 737 67 295 894 823 422 888 55 591 624 582 823 792 743 432 439 732 27 113 494 637 980 839 396 145 762 747 126 165 457 237 497 188 204 825 954 279 483 258 970 514 478 452 738 93 760 923 10 610 15 87 996 379 395 629 855 879 437 518 153 805 220 877 446 684 640 57 477 260 995 62 417 372 935 220 600 12 53 134 783 686 794 107 198 329 730 758 74 902 25 630 757 168 46 411 896 186 548 748 651 701 950 517 707 351 961 293 942 607 379 879 462 70 386 769 745 262 836 866 414 764 739 258 266 4 419 361 991 56 430 757 461 83 930 787 814 93 987 652 297 876 955 589 307 987 652 586 338 88 849 502 15 402 865 44 938 218 73 538 84 905 859 575 571 517 933 398 224 867 440 803 580 916 938 744 403 683 245 671 190 954 918 23 965 448 796 270 497 694 885 7 93 140 999 310 661 384 819 215 513 513 905 448 546 209 624 930 145 757 39 685 269 110 989 259 768 219 95 960 947 636 987 494 313 53 955 86 446 64 22 693 156 558 379 780 660 549 370 254 34 975 337 537 738 434 634 84 713 989 850 605 378 388 774 618 300 701 797 26 832 924 18 791 159 318 455 815 559 788 333 254 115 465 794 390 773 376 317 1000 530 333 638 645 695 664 998 37 283 117 96 484 401 670 751 944 251 427 654 802 519 893 23 678 549 25 382 924 541 179 616 583 333 574 251 378 59 812 376 967 240 670 960 988 334 103 358 512 580 364 611 874 719 532 906 704 253 547 10 947 139 351 370 214 14 603 81 570 327 726 696 669 938 694 482 942 310 259 321 926 27 990 384 973 379 694 214 850 876 881 540 226 886 970 731 777 304 564 972 118 149 970 745 192 660 272 864 642 487 877 506 482 58 621 727 505 493 677 806 702 216 457 391 884 857 541 256 629 322 481 892 112 59 591 488 595 225 4 111 250 1000 372 83 297 641 695 972 172 600 280 433 922 355 182 590 847 515 834 438 122 455 468 827 164
728 3 873 274 405 213 670 673 399 296 61 690 884 788 797 407 69 466 784 992 844 141 562 279 870 442 379 651 488 385 975 973 62 464 429 596 109 671 904 701 280 248 857 731 271 961 167 988 277 98 834 465 468 881 968 118 702 286 63 568 434 735 264 625 287 324 977 621 523 574 267 472 397 966 745 124 461 371 555 796 269 484 382 872 578 526 341 775 217 790 143 788 373 382 274 387 839 457 945 232 866 655 426 882 74 599 121 201 736 468 883 743 426 701 180 635 506 315 991 660 702 377 379 424 937 33 970 156 59 503 18 226 57 286 900 748 624 285 953 277 238 171 667 70 842 241 27 916 921 436 749 556 539 688 137 884 733 560 366 559 721 750 964 400 911 640 905 447 940 311 598 202 716 952 589 888 282 195 831 42 291 11 870 566 973 730 588 839 228 176 395 823 923 527 763 501 229 114 816 990 529 554 349 961 292 133 909 749 378 455 17 391 334 646 193 412 258 272 66 817 612 726 875 91 383 688 454 276 326 908 834 655 653 766 54 744 3 153 647 814 425 845 430 734 998 672 429 42 563 684 293 251 15 147 247 666 399 152 735 195 893 608 195 785 593 538 401 542 687 803 304 989 964 477 295 477 415 548 188 378 557 480 450 868 918 433 600 83 157 926 466 713 623 327 401 524 407 459 669 10 939 359 465 919 688 471 827 503 429 951 980 829 865 994 256 581 487 438 847 194 981 728 639 341 448 345 431 111 276 359 959 643 489 579 754 583 471 884 600 853 111 510 658 118 457 939 633 528 172 940 613 514 912 145 435 932 25 912 472 199 581 80 925 530 667 874 137 817 889 104 303 751 951 451 825 1000 452 104 655 133 394 971 497 990 7 386 22 591 582 430 653 372 690 274 706 502 589 394 510 285 987 755 679 955 288 14 464 218 867 80 488 361 181 743 651 924 461 141 2 295 478 696 614 224 391 560 604 847 929 479 605 489 130 540 498 6 507 701 475 711 636 845 546 209 540 720 280 937 373 639 649 995 100 475 242 331 442 674 87 294 504 110 672 78 486 630 261 886 798 280 208 635 898 522 863 728 51 950 7 792 535 827 469 586 249 947 511 851 470 198 680 259 513 22 553 327 453
613 699 858 603 576 112 594 704 326 988 320 801 431 977 414 509 471 734 648 565 376 694 261 119 42 520 899 574 211 425 3 645 735 826 626 14 854 260 74 858 515 560 965 948 968 442 135 285 699 956 63 715 524 224 751 574 225 929 667 162 695 530 869 712 35 739 972 144 411 251 749 358 326 259 857 929 514 254 82 418 506 434 209 732 848 888 397 886 769 968 626 340 753 247 392 353 56 683 959 122 331 658 873 311 951 108 289 911 581 539 575 6 51 157 755 194 142 98 607 224 820 976 413 267 401 625 799 889 847 185 304 53 884 726 275 739 620 800 808 853 831 830 447 287 259 510 768 3 54 880 58 387 208 404 222 724 492 522 337 151 416 398 778 522 763 442 295 230 270 358 657 789 726 652 671 688 725 640 877 756 431 753 715 173 422 136 222 486 731 345 917 917 258 118 284 11 559 690 320 527 343 229 610 564 71 849 380 279 248 813 979 447 119 195 676 260 536 530 434 54 437 521 277 192 473 455 421 827 55 296 594 934 43 873 723 452 654 247 705 681 247 423 64 65 103 583 224 715 686 262 228 619 337 1 503 789 344 333 711 430 35 243 44 171 733 630 697 435 305 529 573 798 459 889 508 502 750 282 20 335 60 304 320 70 978 883 312 702 303 900 686 393 30 363 200 533 996 644 673 114 902 189 619 681 830 77 575 550 302 601 308 56 997 941 941 913 712 848 856 290 275 120 704 946 156 459 389 665 959 779 274 356 884 412 403 405 634 853 341 748 90 430 688 905 764 210 204 564 797 749 206 180 134 903 630 484 281 870 703 633 591 925 918 235 410 526 441 392 80 33 352 587 502 163 438 602 622 755 117 32 511 198 330 854 102 820 786 101 635 391 909 475 948 173 212 741 735 267 692 24 572 26 706 336 249 555 545 950 687 392 520 944 818 394 899 471 143 250 448 249 888 686 219 509 908 983 871 431 8 209 502 166 980 430 853 713 602 774 100 813 232 833 995 392 771 613 681 156 373 364 103 23 825 448 484 243 422 152 20 700 324 50 132 175 910 617 735 747 322 768 993 20 886 84 572 941 450 141 789 553 471 107 958 661 964 176 264 189 598 51 680 392 628 81 972 250 962
139 422 811 19 953 42 233 370 350 726 100 576 685 750 453 349 151 922 454 46 987 189 317 834 717 678 541 544 970 721 274 817 703 753 151 650 515 846 901 253 607 554 851 943 352 434 98 556 39 170 297 770 652 656 842 40 153 689 490 845 529 265 838 628 505 698 959 472 51 768 347 11 146 788 602 564 146 282 728 170 98 751 24 439 326 627 138 386 870 936 30 305 787 579 577 158 892 856 273 469 349 140 216 393 655 789 519 86 881 547 893 181 871 359 68 1 997 191 478 266 58 709 454 872 828 903 188 61 799 686 328 777 55 555 278 275 751 409 986 387 932 396 743 294 167 322 90 511 819 892 592 77 676 499 539 501 796 356 571 373 756 282 993 354 759 577 363 938 737 528 532 43 742 960 715 648 309 741 373 516 245 964 203 950 909 216 147 486 502 123 430 33 546 863 478 904 37 336 495 834 485 207 404 988 741 367 922 789 153 446 690 460 86 536 587 586 868 526 777 905 620 471 406 801 109 235 471 499 751 756 292 630 198 340 511 495 493 620 541 797 177 476 500 651 130 1 735 915 419 370 178 764 720 651 227 284 595 584 981 451 607 985 911 517 539 676 559 597 171 265 687 855 888 643 768 45 115 168 494 344 579 990 809 674 166 646 47 582 800 476 578 918 609 449 332 388 650 93 682 237 725 193 95 641 228 636 399 510 495 638 207 506 362 703 456 983 773 897 820 118 276 199 920 603 494 999 921 303 828 298 641 250 458 129 56 959 621 331 736 862 203 6 248 365 520 904 30 430 17 890 80 255 764 977 428 518 815 908 420 470 140 78 403 657 714 790 405 546 833 575 587 205 857 333 209 201 141 700 776 364 581 133 556 482 572 917 848 26 191 445 297 580 866 47 969 499 964 878 73 372 162 902 244 415 281 681 768 873 691 42 832 875 448 515 795 261 283 336 192 888 979 846 850 611 49 231 831 80 721 176 846 887 742 962 598 634 961 291 193 10 502 941 786 729 544 955 568 95 906 53 981 599 839 240 725 455 819 249 178 809 139 783 798 398 23 562 820 95 702 41 101 434 325 869 408 805 454 184 913 193 953 515 107 149 636 312 655 777 467 19 477 805 815 410 559 552 511
859 45 598 121 855 352 453 694 707 778 981 743 992 185 499 587 868 274 69 973 912 179 78 45 514 184 58 404 956 291 107 619 148 587 83 149 311 923 91 417 415 786 349 984 526 966 447 250 804 640 589 778 979 875 838 310 357 636 77 506 600 915 133 960 445 186 964 379 694 896 879 606 139 121 565 40 542 497 916 112 491 843 503 556 949 718 240 553 69 404 520 504 140 979 16 728 257 44 121 955 595 889 240 664 190 279 207 922 645 761 344 140 547 310 55 184 234 907 704 930 588 239 917 536 683 397 828 263 210 345 797 588 893 841 552 288 710 53 225 447 632 439 369 308 396 154 408 859 959 107 937 223 495 33 759 737 479 350 607 175 627 643 485 69 543 224 277 602 20 942 159 216 33 435 956 237 765 746 76 932 307 55 919 182 425 233 780 750 247 326 501 749 415 240 485 654 531 834 796 752 41 34 563 989 703 410 684 984 812 211 806 623 444 3 900 796 985 132 410 816 18 59 9 754 652 288 442 222 913 862 616 692 165 595 204 477 233 654 83 793 936 671 392 289 576 340 964 593 41 443 373 978 579 290 507 898 130 762 728 959 958 100 478 907 933 500 994 603 778 56 231 923 704 34 437 177 258 169 972 546 723 742 355 391 34 508 250 297 296 456 63 627 147 817 420 492 638 470 790 375 474 222 673 94 449 769 200 78 543 42 925 734 958 812 914 587 131 825 109 115 590 9 194 626 37 624 968 717 439 589 235 847 765 253 41 186 26 170 669 400 710 426 291 712 534 998 464 52 903 558 126 449 139 981 711 504 132 907 168 474 99 764 81 845 388 519 425 106 371 342 285 64 152 671 2 133 114 51 313 817 73 905 487 289 990 468 555 359 232 84 373 603 875 368 11 528 396 508 631 698 331 952 858 607 740 11 372 484 154 464 437 572 928 382 883 73 862 842 116 274 506 854 655 245 584 589 267 588 897 43 92 155 537 912 339 541 547 36 922 294 397 781 863 293 79 36 251 319 586 499 478 276 570 196 881 646 36 810 357 916 125 777 373 990 263 722 977 401 525 422 598 610 109 396 752 456 57 861 269 351 535 437 300 799 38 42 935 28 461 899 455 137 795 725 792 639 71
520 986 485 351 925 805 653 695 546 225 774 954 671 448 485 409 56 377 760 861 837 214 466 317 5 582 314 716 542 944 412 994 615 551 752 572 320 489 925 104 240 477 490 722 454 500 970 467 580 363 56 260 885 141 257 270 356 734 282 20 305 538 66 422 694 470 412 996 547 842 87 754 934 523 236 103 567 914 649 547 685 787 791 58 434 539 934 508 203 513 144 316 819 771 824 324 506 936 306 468 469 99 447 842 858 320 945 925 299 907 59 470 269 710 916 596 307 602 118 603 220 740 112 586 528 329 442 845 920 352 846 914 434 42 711 539 596 113 510 820 820 845 929 164 787 689 166 955 836 481 248 33 639 229 217 257 452 17 623 827 921 917 247 734 292 192 977 778 728 469 565 43 505 860 767 995 160 129 654 141 414 827 160 249 559 892 932 917 345 380 207 453 619 118 793 727 283 792 899 911 221 826 798 899 889 376 495 488 239 772 77 507 681 761 371 422 921 288 370 860 487 617 744 825 479 137 488 150 588 729 846 197 791 581 242 939 948 420 518 40 485 190 659 885 726 607 93 67 35 742 882 973 523 752 513 703 465 17 834 236 24 161 544 449 338 357 851 645 173 344 580 399 378 221 119 288 121 599 621 914 397 122 640 806 271 880 142 774 586 619 986 928 927 761 931 336 5 196 812 311 155 364 169 930 710 171 621 909 283 652 916 489 639 400 301 57 165 442 559 158 497 687 546 589 551 329 996 867 807 853 173 947 661 867 411 272 980 823 602 848 493 377 154 649 36 738 274 972 416 440 307 444 14 256 94 105 662 916 106 119 711 66 480 815 269 309 879 87 782 65 651 955 390 35 819 391 65 741 711 505 75 214 424 766 326 864 291 249 113 915 321 203 835 318 516 811 811 98 204 507 547 177 306 170 901 464 75 518 674 649 273 563 79 645 637 796 172 201 565 1 79 670 53 694 515 858 610 691 304 128 46 632 922 127 20 150 245 40 664 702 914 657 918 140 906 382 905 687 59 695 678 355 708 442 429 484 788 531 247 437 63 925 794 242 548 474 272 469 873 819 25 185 751 438 295 210 891 800 161 858 738 459 295 183 997 363 888 276 177 285 998 67 645 85 323 980 33
315 843 611 12 699 75 441 177 451 304 749 56 668 868 972 325 425 448 660 239 162 248 718 770 741 855 145 74 285 541 771 390 950 929 902 207 724 49 983 835 520 707 284 603 79 949 308 478 801 24 40 160 838 363 774 748 217 532 408 208 712 293 653 126 50 629 660 443 231 923 798 8 421 803 68 458 175 828 873 903 342 310 699 613 807 189 130 709 415 2 717 963 910 201 208 206 464 148 738 830 419 295 800 139 492 20 186 624 975 689 888 997 214 720 470 32 116 660 839 503 137 550 505 217 460 700 92 171 615 856 975 492 106 797 548 302 446 229 991 27 658 721 482 73 176 398 117 794 645 732 779 21 914 560 583 434 545 335 813 732 825 327 737 980 211 238 956 907 831 10 955 976 227 392 891 78 838 891 582 102 569 383 65 429 661 490 828 754 32 452 325 892 506 808 668 387 732 534 554 36 721 72 813 9 79 123 204 740 432 50 614 478 892 555 724 396 837 735 456 173 224 604 349 828 298 389 982 219 575 907 427 187 990 325 447 242 109 265 492 843 780 861 822 137 87 443 257 34 951 394 643 355 269 222 97 524 707 126 323 325 624 190 427 617 976 677 675 73 140 862 926 703 42 678 869 63 228 49 891 65 71 572 380 711 428 517 8 50 740 346 876 67 318 940 999 119 496 288 489 790 12 413 650 963 678 871 986 924 501 228 648 504 996 993 767 487 696 105 290 834 878 285 600 862 479 478 810 26 824 22 233 911 654 526 288 391 626 527 275 721 174 375 55 756 435 671 748 559 181 775 178 897 740 467 219 45 675 111 980 102 634 904 777 72 841 756 866 428 270 132 459 725 332 232 194 181 747 355 489 15 898 453 755 343 717 149 693 77 494 202 53 769 640 678 296 5 468 805 367 198 869 323 435 128 732 531 420 179 855 788 358 702 673 822 967 541 714 496 812 881 190 197 564 462 441 839 231 535 887 663 194 566 970 945 524 350 4 891 60 877 205 344 479 314 967 468 744 454 214 216 264 699 282 33 698 275 922 812 488 359 189 686 637 451 271 110 297 78 407 353 645 242 189 663 661 620 564 977 148 71 116 561 387 756 899 543 799 18 726 12 504 561 927 336 342 155 937
413 79 180 752 582 97 934 100 775 655 199 87 415 115 166 903 800 105 959 662 867 165 778 305 821 217 187 830 354 61 499 672 887 20 365 169 909 615 752 911 557 878 514 356 118 38 721 64 131 194 86 127 468 876 569 460 516 666 799 497 202 318 759 395 217 296 555 864 415 413 938 331 517 942 794 350 225 266 998 60 505 936 89 853 923 718 868 481 194 787 830 533 994 697 322 100 453 11 639 456 504 582 308 501 942 427 920 223 440 744 830 5 430 303 76 253 517 993 438 221 452 765 273 559 982 101 555 88 523 799 663 617 138 171 799 893 595 83 101 121 286 649 447 863 275 467 40 590 398 976 815 648 80 843 138 445 503 115 604 713 194 593 824 412 825 598 825 340 492 852 297 981 312 802 37 877 971 31 721 204 766 154 571 765 443 150 648 320 211 828 815 812 601 238 366 126 335 65 312 220 983 859 843 83 745 571 10 341 692 172 985 515 304 88 82 203 366 682 986 697 262 564 617 17 710 54 138 895 501 857 647 743 199 398 12 205 150 775 614 7 761 23 550 180 568 460 274 924 217 218 323 71 887 112 736 628 561 208 512 664 787 656 132 393 511 712 962 391 375 961 337 940 444 758 450 554 422 887 51 503 614 888 897 145 543 258 824 230 275 525 397 302 827 276 226 56 266 327 344 122 509 615 67 677 611 293 923 349 687 326 936 337 858 311 431 498 423 845 520 61 985 211 572 787 489 784 444 397 165 710 672 921 554 531 254 25 477 336 10 257 510 883 741 850 975 85 353 850 816 869 642 919 290 99 991 389 572 455 914 161 805 873 950 784 790 553 658 32 533 479 617 54 397 206 104 298 302 305 729 935 615 359 949 622 467 320 414 614 709 694 737 972 863 162 59 155 719 465 157 616 613 886 602 496 603 253 561 111 933 189 831 540 511 459 222 339 957 212 346 283 333 583 346 55 69 371 690 149 418 440 988 154 634 166 278 306 316 2 86 691 629 500 358 113 246 792 486 701 590 483 191 547 45 344 832 448 478 967 756 754 868 519 574 923 737 461 217 105 73 812 670 454 219 48 998 997 498 26 744 529 420 102 818 366 806 161 717 574 900 835 266 40 212 931 142 113 759
692 218 137 791 724 49 61 468 659 580 707 322 903 973 926 701 936 913 879 266 990 568 728 107 348 86 299 217 871 97 598 146 518 152 139 519 176 620 522 347 350 395 250 790 194 141 486 468 484 144 677 127 443 659 447 892 569 608 45 404 100 455 692 794 872 170 41 674 839 711 150 316 654 842 564 981 18 117 186 228 358 936 544 596 245 467 933 127 548 22 845 660 167 209 283 594 466 192 26 298 562 837 527 210 654 780 326 660 207 389 781 279 657 573 938 260 578 313 281 738 678 249 963 619 109 377 22 164 716 398 569 415 679 571 997 908 357 795 542 915 955 533 825 16 813 676 182 866 414 759 51 337 508 563 379 324 917 928 423 470 451 162 313 631 865 399 106 84 528 117 497 538 345 511 437 900 273 842 224 208 21 328 386 517 824 116 382 218 562 149 708 686 784 130 669 828 967 555 957 65 288 213 804 560 39 847 49 874 418 105 135 868 822 878 890 109 128 42 950 818 685 359 860 285 110 689 617 836 323 533 510 243 253 729 313 323 618 475 252 315 714 264 536 945 977 721 447 307 7 573 312 145 865 248 501 388 879 735 225 755 796 232 689 173 808 953 679 902 306 682 647 64 620 256 841 124 296 375 247 609 120 396 297 126 259 727 156 171 535 927 579 223 245 508 77 138 494 541 674 636 98 135 98 392 307 799 722 751 301 389 762 551 192 245 863 426 841 27 101 645 352 728 727 385 155 299 212 413 763 184 360 726 811 187 931 102 493 591 719 446 243 199 582 2 877 674 900 149 403 615 505 738 210 395 295 9 916 493 912 718 830 833 457 543 185 471 978 412 71 710 418 988 698 381 367 248 180 808 256 547 363 244 910 80 834 264 592 766 425 638 666 91 329 474 650 373 136 790 985 224 737 444 132 746 96 428 192 505 442 670 169 606 422 716 536 912 203 674 96 981 670 545 106 569 720 448 261 728 296 811 367 322 90 988 909 523 973 86 736 213 257 546 249 990 184 913 853 389 485 429 44 865 399 508 879 23 836 840 607 577 370 924 143 944 713 13 692 967 794 367 960 879 424 542 792 393 216 372 889 327 137 526 853 307 66 1 871 294 784 235 425 721 698 125 767 924 163
816 760 695 320 420 701 146 901 582 482 549 241 891 423 675 709 366 929 304 762 659 85 539 819 820 303 917 823 671 295 908 265 987 756 390 141 358 835 581 668 925 579 291 208 378 272 963 641 313 773 422 885 269 485 585 563 29 596 575 999 649 35 566 208 193 455 471 161 811 702 963 783 248 972 144 285 507 927 595 975 179 362 109 299 928 616 430 152 215 762 284 1000 799 462 921 780 503 547 819 370 357 665 13 186 835 632 689 335 776 733 273 645 121 537 246 257 784 676 891 807 423 846 741 744 152 66 425 893 877 786 821 166 843 356 685 838 672 461 587 85 292 18 129 981 112 800 690 1 573 57 147 268 892 453 904 381 586 866 777 870 575 592 678 390 509 443 821 939 272 953 805 472 364 814 350 458 706 437 248 936 22 719 248 922 933 395 996 659 877 790 414 332 870 663 967 176 662 76 406 548 334 1 864 877 227 141 691 982 828 919 254 517 470 332 964 830 188 321 432 766 984 188 941 460 84 225 131 421 823 779 793 644 787 922 608 425 508 9 781 208 2 190 132 580 967 33 334 451 429 497 660 14 163 476 213 747 921 36 215 703 375 908 493 768 395 615 273 520 471 611 693 940 468 912 637 306 382 882 145 602 972 193 571 25 370 915 368 533 285 366 212 576 637 215 580 177 931 720 160 412 907 314 657 249 842 748 641 940 720 898 202 415 751 788 681 683 358 783 802 779 584 861 640 520 3 431 737 222 110 519 665 97 462 587 422 61 362 424 90 126 8 900 144 649 327 628 220 277 878 604 909 402 540 120 711 520 905 241 557 793 360 138 21 668 763 310 833 957 16 51 281 844 685 779 169 11 643 194 815 907 46 834 688 746 473 807 710 342 304 920 849 433 478 990 238 796 845 303 605 202 472 96 488 624 351 845 572 777 205 687 66 3 66 200 735 698 801 253 236 541 230 728 663 830 516 712 912 931 671 665 900 309 589 727 819 522 311 567 420 193 394 3 406 539 997 237 345 528 980 665 512 483 529 749 855 411 332 837 650 528 552 784 690 675 757 629 637 185 148 655 246 206 764 480 25 86 680 946 288 670 933 585 1000 675 598 668 326 802 378 671 421 298 708 545 470 962 396
205 251 351 589 959 51 786 451 1000 449 569 62 343 340 780 162 927 185 40 429 829 237 997 675 821 109 616 395 675 673 762 100 523 799 39 136 381 777 145 129 749 34 662 512 312 371 394 263 564 539 50 377 791 227 234 439 896 127 805 71 537 777 42 593 685 982 859 293 252 741 207 599 653 86 993 322 958 191 245 270 847 652 112 35 57 663 666 874 190 9 497 78 204 348 659 377 671 680 635 174 824 274 139 285 120 910 360 194 10 75 504 872 438 997 203 572 151 79 751 763 325 209 91 222 143 485 184 487 72 168 730 415 535 364 544 4 477 312 116 867 285 684 260 94 474 83 619 476 896 23 600 516 977 320 440 853 120 841 887 22 613 781 709 623 794 787 653 809 221 8 726 780 972 869 387 434 24 243 228 722 755 311 996 978 25 946 547 365 28 648 888 876 52 196 208 767 412 659 665 549 626 374 749 646 420 685 330 239 687 183 493 764 463 42 307 620 63 208 998 514 481 37 267 802 654 710 344 371 707 925 784 952 110 821 875 127 790 70 738 589 150 688 444 955 139 483 815 445 179 459 967 349 860 9 68 364 54 594 314 450 328 697 906 347 617 946 901 482 825 295 69 859 482 218 953 456 421 445 248 494 856 62 421 862 284 162 797 101 293 513 195 29 695 778 170 752 368 86 848 658 180 811 856 141 875 784 62 169 938 99 968 270 209 750 765 994 480 940 92 19 950 85 806 316 717 388 107 163 476 911 658 95 856 558 967 455 883 856 543 119 441 638 943 375 654 95 222 353 922 348 28 422 953 566 544 215 690 919 936 265 237 61 637 802 724 50 497 418 745 812 498 401 833 975 711 171 428 188 435 276 42 325 88 226 881 833 736 248 529 157 939 712 222 877 787 994 376 806 37 817 179 774 957 630 877 865 719 69 932 653 444 404 141 505 909 85 379 55 180 557 568 499 295 565 188 556 702 19 420 773 364 577 26 243 402 642 454 702 344 415 444 954 820 616 553 855 526 737 693 784 909 694 964 364 347 926 46 998 928 491 906 237 380 123 13 780 688 808 261 803 246 536 189 991 9 414 842 800 247 897 569 311 785 726 608 295 592 58 221 991 536 266 863 446 382 881 474
200 531 856 411 263 988 878 492 707 699 640 519 384 593 336 870 727 295 362 412 257 76 734 345 601 479 270 1 660 925 939 607 711 482 723 950 78 580 821 206 165 914 657 630 876 506 383 756 726 471 320 85 28 255 190 708 217 246 827 990 301 448 144 453 908 548 253 143 307 724 748 720 731 529 480 592 607 538 134 514 156 814 276 382 941 860 866 619 913 761 412 294 454 338 107 30 204 504 717 661 467 151 337 611 581 368 283 545 949 252 961 824 251 866 584 426 127 628 464 95 625 649 599 744 537 343 568 1 905 668 94 297 496 994 944 791 112 197 576 416 344 167 493 694 805 395 502 600 319 838 21 481 638 154 876 794 342 115 684 477 729 323 38 585 159 21 968 244 918 21 610 275 702 643 180 33 372 675 80 840 519 723 718 281 899 907 31 959 188 293 931 420 160 809 661 252 772 879 156 788 969 450 500 928 366 481 912 832 362 796 987 366 39 941 594 687 266 875 867 935 763 140 911 578 856 541 239 453 156 656 172 79 109 749 197 835 471 142 484 381 854 838 64 999 937 104 982 680 877 711 296 971 154 161 463 846 226 398 29 987 208 606 354 280 928 326 622 130 536 915 662 644 877 504 363 153 984 757 780 773 134 653 550 447 780 550 538 273 696 644 973 930 118 313 621 302 476 884 258 300 895 249 193 34 847 484 651 430 296 538 581 675 473 222 285 878 245 786 787 963 236 920 922 122 580 120 297 610 715 306 542 222 667 610 666 853 862 708 24 516 706 401 396 365 261 891 789 619 287 107 584 936 300 249 529 107 756 74 929 632 30 454 869 637 451 814 33 27 388 770 837 585 262 719 80 572 430 335 640 472 560 991 428 598 353 487 831 526 277 439 37 139 458 280 718 993 380 593 334 198 705 444 388 570 119 11 660 928 96 209 61 706 698 745 837 966 87 773 64 315 554 721 474 70 630 998 731 639 173 510 155 230 381 21 662 1000 856 938 249 96 941 18 758 722 731 763 229 408 845 39 513 592 846 631 548 795 942 438 884 596 864 947 622 405 971 385 652 576 269 999 199 14 61 929 822 467 166 963 90 688 974 781 514 303 889 968 211 618 295 529 109 864 598 224 718 236 730
816 342 517 921 73 511 345 533 679 772 651 143 216 175 488 15 249 353 285 121 212 283 846 417 342 67 307 629 794 926 53 906 366 122 388 337 519 888 890 56 490 5 732 847 819 21 508 50 768 797 67 114 872 485 517 459 943 896 750 679 771 351 376 804 182 834 137 840 394 339 233 463 516 728 496 651 662 522 454 752 191 552 874 102 942 470 673 464 316 436 630 516 68 947 784 849 880 744 769 395 656 165 565 19 770 381 528 568 758 236 607 286 204 212 387 594 156 291 739 116 894 962 417 549 159 495 350 485 907 410 416 888 178 706 481 733 526 981 311 11 484 546 638 95 948 933 741 164 311 789 651 226 653 852 912 472 886 525 935 137 708 190 368 835 372 886 221 614 506 628 646 809 326 75 372 673 603 455 747 362 735 490 544 56 468 547 279 699 659 769 724 70 901 697 533 388 564 886 454 690 918 706 467 438 583 774 37 903 251 534 394 719 209 409 413 447 296 451 571 987 155 482 624 177 414 211 449 614 297 437 811 200 813 291 346 91 957 989 420 141 868 842 326 201 982 584 610 75 607 619 903 224 116 949 9 564 488 245 265 874 74 515 367 444 471 950 371 143 605 891 429 152 638 96 439 374 374 92 84 493 736 365 887 59 735 70 31 927 774 704 666 835 969 133 343 700 87 706 1 34 515 134 803 544 472 207 191 148 222 292 625 817 756 487 347 821 852 859 370 88 573 409 756 152 222 788 727 569 240 241 458 923 152 196 928 660 929 882 467 196 968 359 950 393 869 44 139 173 880 538 7 687 965 988 629 532 790 109 441 278 937 158 424 578 484 379 820 785 380 377 564 731 673 14 551 96 208 793 828 786 504 972 1000 575 633 779 813 676 823 795 147 689 794 789 470 918 557 808 266 268 68 947 786 814 913 606 259 469 868 572 807 886 71 57 96 383 790 546 313 254 174 843 997 961 295 872 146 468 950 43 36 282 497 594 206 908 664 811 225 28 637 900 896 613 947 436 570 873 786 858 947 417 654 595 634 153 418 693 391 108 573 166 582 531 194 359 176 914 545 945 710 574 838 283 269 687 919 74 382 412 418 45 905 859 391 659 470 925 343 547 968 568 632 570 167 900 61
126 814 656 416 674 649 817 252 996 3 478 800 970 371 54 532 551 727 916 373 796 575 885 321 426 449 808 300 982 505 202 764 669 960 672 8 585 320 435 374 895 862 395 629 132 346 643 260 255 143 306 140 548 89 386 962 226 887 184 100 948 924 36 866 981 896 258 538 964 475 148 889 257 110 761 102 939 492 729 479 678 645 332 59 367 472 938 741 428 268 537 162 115 670 694 247 347 631 934 727 662 684 141 847 511 323 158 449 842 993 496 486 403 811 351 61 635 787 589 900 930 724 160 696 291 144 75 550 829 203 324 238 778 19 107 780 306 204 427 632 385 316 627 282 55 791 923 7 115 766 738 163 247 143 998 551 194 553 144 921 967 436 283 30 397 747 857 116 458 982 568 257 700 492 21 187 58 76 404 668 875 891 762 194 104 928 713 213 547 146 375 785 909 688 959 894 598 406 591 945 476 617 990 311 530 161 54 865 725 874 844 430 207 661 968 131 486 341 119 800 792 756 813 708 783 777 263 789 867 255 911 351 588 65 597 26 705 194 593 385 348 510 975 686 966 518 502 770 720 212 448 227 448 880 77 333 833 685 588 674 610 786 186 716 301 558 117 285 378 576 83 927 788 890 280 38 297 56 676 435 192 563 645 361 357 510 26 894 517 32 169 762 970 91 529 798 96 583 85 509 233 116 302 911 86 368 774 98 550 442 193 387 204 786 616 154 681 621 79 625 952 531 761 424 705 934 507 844 774 127 509 831 907 350 560 292 684 494 176 844 678 500 864 186 524 299 413 111 756 150 150 383 250 211 117 659 285 394 750 628 950 174 110 130 560 341 187 748 827 151 851 301 855 190 334 472 923 80 176 138 853 383 136 637 310 992 942 727 425 331 341 875 305 461 657 702 972 899 119 743 633 373 673 9 526 808 705 137 334 623 412 184 321 354 644 863 732 957 128 474 667 114 236 806 772 8 859 898 181 970 165 689 84 952 711 597 371 383 64 271 570 397 838 99 242 600 428 798 92 259 300 27 363 80 975 457 321 52 245 313 487 702 990 15 920 605 380 467 116 377 795 426 458 474 873 620 768 94 1 122 35 512 643 646 517 685 634 108 837 985 374 592 699 72 495 131 742
226 447 943 188 109 626 958 511 41 652 374 813 862 340 808 443 551 938 110 405 962 642 686 109 500 353 986 743 612 935 48 11 866 75 886 450 980 162 312 503 995 920 216 222 740 459 187 764 403 246 249 206 770 596 505 458 905 337 17 833 394 994 267 93 151 690 709 112 263 632 407 496 779 823 224 112 530 645 879 610 54 726 591 819 523 460 851 640 722 593 589 770 53 498 76 607 66 301 43 902 414 824 437 257 200 176 916 31 598 836 106 614 189 70 51 14 277 750 891 37 770 245 402 176 444 864 581 595 508 800 360 380 973 97 449 713 950 567 255 759 631 724 549 838 244 309 300 732 116 174 651 695 447 165 680 184 989 662 5 898 822 980 37 290 713 991 268 42 21 411 270 126 783 795 562 86 150 818 67 599 717 508 588 619 146 518 549 259 868 422 285 173 346 812 973 533 182 253 676 323 388 17 743 694 892 771 831 660 720 638 919 326 190 905 609 809 861 230 372 23 981 924 427 447 396 308 18 927 621 435 611 602 583 376 619 853 508 877 78 212 20 999 554 97 420 888 498 161 701 779 129 876 955 7 550 860 52 683 806 107 227 501 118 533 719 280 770 174 656 620 886 742 465 855 56 20 309 672 181 932 104 823 945 16 594 357 523 582 220 835 224 85 424 195 324 116 478 973 8 994 918 700 694 214 237 323 193 37 653 44 963 913 631 163 596 313 549 592 404 469 328 605 866 275 58 650 393 340 683 457 586 281 896 659 777 916 712 817 504 320 589 119 490 11 585 947 285 587 141 68 97 523 280 979 241 789 8 548 424 202 765 467 167 135 146 86 735 627 744 846 521 952 72 352 798 160 948 40 518 237 387 509 893 63 988 400 76 481 184 324 81 145 955 303 534 95 148 492 435 369 462 73 183 242 116 471 15 572 485 343 198 791 343 3 688 404 503 131 127 23 9 147 971 385 823 459 295 267 118 545 758 575 263 851 710 739 511 533 856 153 862 44 956 160 86 600 244 368 919 896 716 373 669 129 252 283 601 274 269 698 835 550 731 101 36 594 18 785 333 889 565 32 647 594 297 945 870 405 870 35 723 179 303 412 679 806 898 829 721 127 205 126 872 215 951 519 315
444 247 131 256 893 115 366 140 977 391 577 527 301 585 389 596 111 474 914 95 185 66 717 781 447 898 141 55 54 981 27 104 309 304 209 740 289 484 860 259 241 127 367 959 590 193 5 831 932 162 171 736 95 919 678 649 1 883 596 210 734 116 647 718 480 63 805 714 440 568 297 722 416 235 206 205 449 628 364 724 978 45 943 96 144 874 961 541 579 528 845 32 299 444 728 272 487 625 857 830 786 466 477 321 680 853 364 59 645 995 541 908 789 455 631 358 36 573 438 571 812 20 439 816 777 982 233 443 145 319 794 16 252 81 221 811 958 226 8 188 649 744 54 94 351 919 575 79 465 359 316 114 2 757 139 178 99 541 69 122 874 507 236 234 525 852 531 675 988 169 243 938 536 53 442 46 826 263 31 305 733 195 344 556 591 412 367 964 129 64 145 490 484 703 260 789 176 470 196 800 910 337 879 935 335 325 887 380 670 484 899 603 968 730 459 205 473 466 357 247 647 572 593 242 640 664 17 484 228 595 561 224 26 550 668 435 374 168 713 830 599 752 353 95 159 366 846 885 351 771 698 168 567 315 351 114 784 251 19 31 937 764 663 667 900 918 620 845 19 71 438 868 229 212 878 489 956 868 553 86 305 310 17 941 899 628 655 614 85 123 740 286 157 612 289 828 159 699 181 54 182 732 572 321 612 453 408 897 103 814 677 999 760 94 624 209 569 820 740 519 294 889 981 408 472 413 525 37 455 331 512 467 932 57 619 962 923 663 205 961 923 898 576 305 943 321 919 907 76 107 663 875 315 574 81 699 619 539 646 767 577 78 238 459 418 764 188 493 158 860 759 878 962 310 840 178 972 808 139 246 852 720 258 165 208 649 928 690 200 289 646 302 327 869 464 311 905 803 796 889 636 430 24 416 891 194 971 864 953 143 138 727 205 208 617 178 843 788 175 462 823 587 844 136 502 18 475 86 183 912 127 729 917 442 843 946 378 735 190 9 191 357 436 596 453 80 240 412 158 51 828 185 943 452 638 137 94 415 769 805 371 235 929 173 868 626 828 723 350 345 992 87 324 623 328 693 998 637 412 642 785 248 641 818 294 104 766 331 768 87 665 695 367 66 349 906 899
868 800 31 758 756 551 387 450 490 138 201 402 260 610 488 28 732 999 634 539 967 325 762 357 289 928 723 700 334 71 574 49 36 982 125 759 759 355 40 901 561 61 545 84 458 261 66 466 248 98 378 849 410 861 812 34 419 406 412 868 475 746 169 552 853 418 357 207 558 766 641 868 772 625 587 903 786 727 593 603 142 634 510 747 19 712 842 115 174 947 24 516 402 853 15 87 811 121 822 846 272 974 374 799 671 958 570 936 260 107 606 741 706 954 104 604 475 252 351 577 7 668 200 249 604 58 248 504 890 986 69 611 826 72 832 25 868 141 941 725 714 272 152 373 19 465 631 722 518 260 131 189 741 215 173 719 723 759 249 200 165 789 620 405 780 332 442 455 760 898 256 272 550 710 918 272 227 486 277 843 982 176 156 899 107 298 727 654 942 425 940 473 376 106 64 262 950 561 836 575 525 794 944 414 968 448 495 745 5 803 322 28 477 524 370 192 474 839 225 38 722 754 867 463 621 380 788 449 117 84 914 417 439 305 412 399 761 762 798 228 733 537 877 38 520 127 25 523 39 753 923 781 314 822 553 336 254 288 893 387 241 959 520 945 56 276 675 35 104 51 907 538 142 296 451 477 836 719 613 451 391 517 87 685 411 18 579 606 216 72 361 235 456 576 846 571 106 514 850 636 170 2 207 140 303 450 779 690 205 136 640 858 498 709 480 470 730 102 170 627 590 419 87 695 700 2 151 217 261 82 616 686 36 743 501 537 714 69 986 223 471 850 79 270 945 589 884 356 255 563 524 107 612 194 261 961 852 14 841 226 625 218 363 126 664 605 906 950 868 12 461 557 79 77 799 482 934 437 504 364 525 548 33 126 345 123 589 357 35 21 606 761 805 418 525 426 531 836 6 590 65 276 771 361 9 789 932 965 773 185 464 859 951 798 905 168 46 574 276 140 159 450 58 333 32 155 270 160 717 423 59 884 892 55 837 748 494 398 675 330 688 987 978 920 52 952 868 307 442 932 108 834 146 693 350 321 774 281 522 376 60 685 767 742 774 838 311 2 558 596 877 147 707 650 534 670 150 993 387 534 95 832 489 21 779 923 270 634 607 306 336 849 799 764 443 319 222
67 346 161 682 436 730 455 403 638 287 22 649 129 873 928 941 437 244 366 737 292 887 62 586 897 38 692 1000 839 932 931 710 396 40 900 701 761 528 758 156 424 838 217 155 231 256 758 15 753 714 572 32 437 963 605 888 291 168 675 425 968 830 479 931 48 177 86 190 625 93 365 178 503 630 90 434 175 829 803 416 189 124 57 7 974 138 418 967 598 215 140 694 798 891 906 211 73 266 799 673 73 24 685 47 183 507 435 425 179 654 139 184 276 601 630 292 84 489 902 601 602 242 672 378 923 129 412 585 782 186 914 632 449 21 505 619 645 6 740 99 250 603 379 224 8 830 542 238 547 704 336 346 191 886 664 98 289 148 913 540 715 169 366 823 17 131 963 370 580 760 643 324 71 24 888 806 85 908 186 680 293 137 532 604 741 27 510 775 230 480 933 146 89 708 738 827 698 33 423 249 999 981 856 656 997 518 625 423 785 67 705 392 700 519 372 90 288 453 356 720 595 333 425 491 857 391 645 468 389 155 186 438 335 64 266 419 127 390 514 742 277 523 225 150 409 740 451 850 360 390 81 832 434 143 752 396 72 359 28 887 997 938 673 304 194 603 514 491 9 129 344 35 731 59 5 548 231 739 426 800 650 211 347 177 24 230 332 845 443 622 473 155 326 695 704 556 23 397 473 742 682 305 777 374 491 263 581 777 442 373 547 416 942 50 902 621 758 828 612 772 661 941 44 518 665 886 222 213 275 155 213 331 379 455 833 982 551 654 774 614 467 307 115 100 576 209 11 994 558 430 489 326 34 27 366 438 45 2 122 984 697 741 822 266 640 986 683 579 910 956 511 471 82 314 985 685 322 979 768 435 138 58 453 589 100 185 684 552 287 914 962 243 832 89 839 809 668 796 69 334 634 998 643 174 114 393 318 65 232 110 19 945 464 925 329 477 299 980 164 160 808 724 672 45 870 784 10 949 333 442 470 160 234 970 278 810 750 648 895 198 219 809 38 661 44 479 809 779 287 338 538 76 292 877 235 638 8 272 829 923 163 93 551 131 626 110 346 432 219 137 931 781 179 214 229 329 942 425 341 493 493 960 107 377 737 562 358 348 195 268 415 990 799 442 884 329 19
361 604 243 201 62 750 408 112 137 601 720 343 480 246 470 266 860 203 228 235 596 909 427 174 586 369 119 283 248 321 558 588 991 216 694 677 146 917 390 973 581 167 272 989 189 556 316 183 480 875 46 872 771 653 670 359 302 229 650 48 940 242 110 11 299 813 753 589 541 289 255 26 266 273 884 548 625 317 976 608 706 672 286 558 550 207 765 192 271 364 43 142 503 47 252 891 990 516 659 305 413 205 447 104 107 397 278 345 87 459 175 259 397 803 250 859 468 262 336 986 975 902 894 968 941 757 94 97 237 901 196 638 310 289 177 977 722 194 545 458 624 941 263 330 241 563 735 338 517 77 741 128 173 572 276 219 43 697 408 459 9 570 913 68 920 858 701 244 227 109 394 440 556 970 942 405 90 370 860 69 59 771 216 263 784 75 17 600 710 276 679 624 683 495 93 245 405 51 999 86 496 439 881 875 730 335 768 665 461 173 510 408 893 537 208 39 413 551 850 306 442 797 16 282 672 206 281 849 966 250 53 126 586 247 102 779 335 614 75 280 18 532 744 48 785 869 951 641 163 974 337 78 126 767 359 189 654 786 560 642 633 391 924 56 279 808 866 47 770 947 74 23 885 637 951 386 873 972 490 535 349 514 854 184 106 232 211 470 561 917 759 555 143 301 271 474 3 780 923 816 970 947 659 743 401 134 896 831 606 427 937 805 853 804 350 200 827 459 614 735 123 355 277 797 945 534 758 827 748 460 13 198 310 948 616 800 184 593 785 163 830 146 165 584 532 741 360 555 234 58 81 120 825 366 299 778 630 694 166 550 406 27 78 509 865 138 391 700 741 346 1 922 443 219 281 260 205 865 796 184 989 319 517 410 542 991 41 386 345 902 951 619 518 528 162 421 450 252 925 118 98 216 871 141 257 477 753 123 757 113 812 630 754 407 627 324 992 371 259 548 468 218 288 799 681 828 376 320 460 418 435 263 642 612 666 323 239 468 424 477 557 576 859 211 598 169 799 828 617 204 368 190 649 177 940 923 138 859 311 791 702 798 730 601 467 566 599 376 584 105 113 844 314 857 425 543 847 811 43 859 80 71 419 810 148 916 729 18 502 597 699 57 81 330 57 932 132
836 475 938 463 394 885 529 962 646 565 490 784 279 251 599 928 92 960 822 791 486 173 900 597 167 649 449 441 640 603 354 83 677 707 284 935 651 825 378 276 945 770 50 348 426 321 841 251 313 606 208 193 204 465 568 829 747 797 285 603 10 671 37 118 795 285 488 305 781 381 410 546 749 398 904 776 619 240 246 414 352 464 57 774 197 303 874 400 258 395 432 539 963 777 320 599 843 656 981 78 573 802 119 17 133 521 747 270 601 483 478 26 897 481 963 784 786 628 430 699 590 381 17 450 732 767 118 258 321 828 995 153 585 19 583 23 8 538 100 587 834 516 492 897 532 882 416 189 639 386 21 501 740 400 217 563 306 421 177 597 692 561 264 420 367 943 385 401 321 975 750 743 797 61 121 927 291 577 55 494 824 750 876 570 419 965 9 851 700 844 97 809 459 707 364 940 805 851 504 962 281 68 765 579 724 73 808 993 624 409 803 100 570 404 176 646 392 499 259 949 641 240 45 342 797 130 996 991 86 950 897 54 913 662 491 666 688 361 128 512 862 865 526 980 76 682 118 49 277 176 346 254 598 777 791 331 545 746 894 522 904 362 977 257 923 178 733 490 525 252 17 76 719 557 918 94 325 505 147 347 696 558 86 519 716 472 552 821 893 534 872 136 618 40 847 185 422 376 23 849 658 170 201 315 3 314 281 440 999 747 581 373 583 705 35 819 628 784 246 763 103 800 631 375 891 981 885 473 406 186 717 493 987 575 851 967 779 286 973 118 584 608 642 973 484 985 6 139 925 221 126 369 102 644 487 507 558 267 113 758 281 536 460 424 561 336 304 834 858 99 185 266 942 856 206 915 184 475 668 165 141 327 307 776 427 794 709 175 803 361 938 504 21 818 404 621 961 261 237 145 530 370 182 705 240 302 698 655 973 250 997 623 19 98 937 102 563 164 918 875 322 127 29 866 344 736 744 317 989 202 340 915 881 415 999 381 161 650 604 101 734 346 339 624 380 515 791 575 524 110 340 144 88 160 640 29 963 124 370 343 553 202 520 567 673 209 935 970 775 76 166 438 474 279 5 923 984 548 890 168 421 480 529 602 563 823 383 840 139 810 834 354 715 941 561 790 653
459 97 174 95 311 311 491 322 537 537 628 522 842 463 425 977 127 332 726 151 586 536 183 839 652 971 938 816 625 381 660 52 500 896 500 527 73 145 204 802 212 255 708 835 186 507 295 272 468 164 620 119 204 398 992 459 283 687 792 663 566 292 339 759 415 176 927 980 124 611 902 574 788 725 617 306 925 369 637 259 675 60 925 887 861 880 82 249 617 981 859 105 942 343 817 860 845 268 989 176 203 230 627 329 700 859 505 177 441 124 713 779 713 651 382 776 380 643 183 412 123 936 556 177 406 75 141 142 681 169 444 351 414 125 142 589 815 388 237 23 817 944 753 717 841 886 596 574 873 280 433 109 514 291 264 925 484 686 355 388 186 262 267 676 789 619 975 519 266 702 694 164 64 649 355 424 809 624 830 775 426 115 207 484 762 870 102 891 168 416 602 601 220 670 344 736 42 389 789 237 31 940 859 310 90 959 801 470 440 466 540 849 712 129 844 719 37 235 343 795 144 279 736 109 890 100 364 513 221 799 478 510 491 630 217 156 64 457 290 330 578 402 130 368 193 123 774 960 320 443 238 375 997 526 72 198 888 331 582 653 24 365 346 802 606 191 114 323 494 293 470 835 304 205 148 889 428 132 281 890 229 764 908 555 573 180 531 96 193 898 489 189 939 783 929 540 267 44 206 892 831 167 548 513 224 821 457 213 50 615 338 491 702 481 922 43 301 54 302 611 658 547 33 292 921 182 553 130 182 376 831 250 147 952 273 638 698 495 999 631 341 215 453 401 273 266 711 449 187 701 73 26 788 560 403 938 767 235 482 766 114 271 335 274 653 241 754 251 791 621 258 920 549 659 261 982 586 396 529 607 171 998 745 872 165 613 456 131 496 762 240 938 502 828 374 846 248 105 980 903 202 227 131 539 154 768 685 937 446 70 262 240 798 396 136 925 540 922 717 514 865 683 353 986 75 614 898 747 526 704 379 638 2 39 678 951 37 515 274 275 195 489 472 217 290 451 10 604 286 673 612 875 250 976 300 176 821 812 542 393 779 851 51 677 646 454 743 146 219 314 197 739 635 601 77 210 890 582 986 425 745 492 578 810 731 969 640 796 479 89 731 246 600 207 372 471 694
977 724 903 822 196 704 781 776 210 981 985 506 476 993 765 500 795 775 399 194 693 625 860 157 53 54 634 930 114 38 241 702 441 829 512 785 732 986 139 915 228 285 767 195 705 253 841 726 978 28 713 706 160 331 13 434 511 247 108 865 39 769 787 444 408 103 233 275 763 932 747 354 806 623 118 869 436 990 449 302 103 462 33 729 909 652 933 500 153 372 116 844 89 806 599 125 759 299 948 731 417 384 994 372 56 590 156 934 846 191 638 299 766 346 198 5 329 214 634 565 591 804 118 450 592 172 300 304 638 202 837 94 138 667 633 466 654 507 938 276 583 381 267 320 505 436 959 205 2 528 954 115 232 815 166 383 892 693 456 893 719 443 126 302 723 734 684 632 490 294 996 591 930 591 449 926 676 753 793 961 31 565 309 903 200 867 637 63 4 201 703 309 918 749 299 987 77 488 134 901 744 428 933 440 586 560 371 734 116 727 399 413 802 490 691 367 296 192 517 536 116 951 587 83 911 727 994 394 859 125 456 862 908 340 742 43 35 646 541 599 905 389 815 817 254 72 217 504 713 523 501 321 115 141 906 218 329 904 165 470 905 374 688 978 817 340 123 481 522 568 529 682 895 540 891 466 345 855 161 894 155 224 535 231 945 28 115 666 806 830 948 475 980 271 912 701 229 147 827 2 810 810 31 586 772 346 79 942 743 3 762 419 114 324 46 56 514 785 420 937 494 628 848 696 799 689 690 626 345 175 688 303 348 758 483 75 474 831 104 879 173 860 64 472 246 747 772 610 578 773 378 336 574 165 771 568 960 148 819 266 73 631 621 399 780 6 71 89 591 619 648 526 418 540 561 330 309 961 150 375 741 842 641 855 871 631 619 412 635 502 974 738 950 925 772 610 252 126 936 346 433 774 54 478 558 779 303 333 760 233 262 860 906 994 626 575 191 788 644 397 490 392 135 147 709 695 930 394 382 217 56 319 24 839 20 128 108 855 504 173 815 915 938 819 573 208 451 980 994 127 941 226 189 215 588 817 267 996 172 220 938 940 602 54 878 763 228 984 810 649 481 819 438 681 895 850 464 647 711 342 601 108 562 307 534 763 816 795 596 797 795 260 671 701 407 55 7
603 625 463 996 919 730 202 746 307 547 310 866 353 311 502 702 427 409 50 65 515 31 611 141 589 984 610 636 665 785 393 747 429 864 939 648 58 618 595 152 326 807 513 348 149 472 339 34 216 696 690 395 213 93 257 273 856 458 154 668 74 391 639 547 4 549 750 85 909 878 659 756 87 52 54 903 730 282 791 176 332 191 50 939 314 390 863 560 829 983 600 798 265 667 233 413 951 295 103 714 846 229 272 790 791 558 607 896 766 276 566 629 560 133 491 81 58 995 746 856 785 830 800 991 699 968 318 851 554 795 457 864 120 796 581 187 203 129 587 702 541 579 785 982 622 189 228 852 711 205 861 434 951 402 756 462 369 684 191 305 323 572 702 804 979 8 933 665 840 615 699 267 316 660 359 295 791 884 713 286 929 324 841 844 826 979 449 435 58 260 264 786 838 97 615 954 636 880 977 4 813 79 299 409 275 805 301 251 209 171 664 562 856 465 509 426 76 711 469 968 537 160 760 536 484 791 482 314 443 435 758 696 865 880 290 131 878 18 986 146 89 331 729 482 415 296 308 813 124 730 702 576 406 997 80 144 57 627 28 544 975 518 984 671 647 585 258 781 662 323 555 309 410 752 702 96 183 872 870 607 941 663 598 108 658 640 573 780 185 556 345 488 635 175 907 562 364 785 673 905 2 397 39 87 201 235 848 994 136 445 618 518 678 912 46 936 524 856 533 898 853 446 462 856 664 456 158 956 626 637 949 407 650 384 625 754 100 239 642 741 604 401 72 697 254 158 783 245 998 280 319 900 824 676 499 545 244 69 640 80 811 153 733 694 945 723 101 669 525 212 378 199 950 497 355 748 189 103 261 376 269 560 199 589 138 219 709 539 901 988 469 578 112 827 802 961 835 552 137 453 820 816 197 825 810 226 197 692 312 566 104 941 578 836 937 480 768 66 880 41 381 892 728 847 323 114 267 736 247 678 31 424 692 604 38 970 972 869 624 382 160 681 316 920 454 117 86 354 541 241 79 73 944 910 59 355 588 260 701 581 292 87 714 464 16 946 504 424 125 429 510 961 182 508 106 353 192 566 997 244 210 806 770 600 174 976 717 191 855 548 542 530 731 394 963 131 816
77 777 447 385 523 668 232 188 752 770 527 490 682 346 982 621 218 217 48 520 59 252 421 499 16 689 347 725 984 753 159 980 713 532 488 429 97 474 304 171 266 220 79 559 977 997 524 500 674 269 238 682 615 584 313 815 376 300 876 185 212 181 948 739 498 935 516 704 118 439 920 75 354 185 59 484 580 700 482 402 941 816 30 289 321 7 299 521 854 748 442 946 316 749 433 960 97 635 209 779 864 565 694 465 153 867 542 280 12 364 433 792 685 918 564 427 243 813 443 548 764 265 365 878 982 801 867 752 108 420 180 39 415 788 215 735 876 798 526 823 344 541 560 261 874 433 64 434 672 501 25 25 690 231 76 517 342 690 888 962 574 159 695 908 683 981 262 213 254 546 612 823 549 492 810 809 92 941 425 909 758 557 746 260 767 802 742 838 399 392 585 286 600 932 730 257 609 2 198 56 115 644 564 402 889 843 914 988 331 27 40 315 713 892 183 960 345 810 533 982 938 708 618 429 451 471 342 571 397 107 995 14 543 661 728 265 680 914 900 908 980 852 297 275 501 573 945 868 540 366 359 39 999 689 940 544 602 265 257 700 921 798 516 261 485 861 70 899 198 304 848 48 639 900 962 403 854 70 507 695 72 374 639 474 189 665 251 442 575 604 590 302 149 878 135 509 200 133 751 476 199 944 23 150 254 268 482 898 196 835 427 334 620 456 910 726 666 70 466 172 183 776 142 927 987 759 747 346 387 899 94 504 693 582 426 61 699 8 452 832 149 56 98 586 453 264 86 57 516 592 408 164 591 57 383 478 640 594 750 333 507 342 82 621 512 916 853 587 641 872 337 270 185 222 729 649 25 600 450 219 67 664 81 572 538 517 577 47 712 271 648 418 770 329 872 419 548 677 214 171 1000 753 496 468 703 600 837 363 906 143 812 131 855 74 688 148 344 623 27 95 985 8 68 539 339 849 796 665 997 307 67 542 802 121 199 483 207 627 502 889 283 323 555 711 193 432 488 440 55 213 403 756 497 809 89 300 929 861 806 191 778 438 643 263 325 459 972 431 291 736 784 631 458 281 531 47 59 593 101 180 618 391 14 113 469 689 721 528 724 400 229 450 268 42 299 257 886
315 182 28 394 271 360 34 216 939 850 931 933 850 434 206 162 796 469 805 746 479 875 807 413 731 906 791 315 838 654 272 163 419 602 282 357 251 513 379 843 451 812 458 935 907 771 524 736 189 387 466 976 723 925 199 218 801 592 599 979 895 835 580 335 843 2 958 120 340 68 897 545 661 443 901 455 49 954 44 624 840 627 711 934 759 291 62 858 243 224 772 199 485 479 816 323 265 57 511 53 37 742 554 97 263 710 583 628 376 292 17 368 602 151 834 580 17 379 676 549 867 712 674 415 325 134 183 151 757 341 255 674 725 273 252 474 547 820 444 505 608 554 71 876 849 567 830 962 326 30 880 26 967 654 860 672 909 334 122 977 680 807 553 197 667 757 433 926 286 861 83 749 167 785 149 396 898 729 737 84 892 844 385 17 297 23 152 698 685 49 509 539 192 361 42 617 642 10 910 691 713 557 402 381 449 917 244 59 904 965 228 588 760 437 188 813 318 572 794 365 7 972 357 850 107 489 15 353 336 196 781 162 252 445 639 33 630 837 64 852 509 909 273 920 701 795 691 450 818 654 588 754 773 620 180 960 825 400 445 698 839 352 97 116 218 391 103 842 13 765 946 933 783 348 859 476 397 348 21 563 950 565 850 135 905 528 647 233 712 3 684 409 854 741 128 308 184 991 576 95 149 84 65 53 446 953 862 388 343 236 395 629 118 293 867 760 246 130 134 929 888 819 878 859 683 547 102 337 567 165 323 721 581 385 114 987 724 130 551 339 895 102 160 568 758 452 510 138 838 842 924 358 242 883 395 830 713 245 161 205 753 187 33 818 414 201 435 710 915 485 162 91 492 11 338 175 717 332 796 279 566 793 278 600 684 843 901 74 673 451 501 559 852 703 516 708 372 916 76 245 253 119 226 975 427 578 354 335 324 350 560 817 495 491 708 204 409 234 381 61 370 670 338 547 994 803 106 844 133 410 369 286 513 390 196 142 421 275 179 395 930 952 2 456 873 511 980 503 914 291 614 763 322 492 92 242 930 985 796 385 41 188 265 814 783 301 265 45 290 578 497 434 937 323 873 59 245 172 525 231 902 811 793 521 836 225 546 753 644 969 842 349 399 468 206 421 735
664 342 808 643 992 19 120 784 259 350 172 7 431 188 571 741 210 824 913 966 492 220 903 50 987 590 183 464 785 772 728 889 675 316 611 468 852 255 519 303 563 805 207 870 847 344 144 614 592 422 433 858 752 47 408 3 735 352 244 947 226 638 102 232 257 823 336 944 396 429 430 359 128 229 896 925 227 754 743 200 458 96 671 100 891 452 217 9 586 120 759 940 676 227 859 773 310 637 285 920 611 913 385 158 778 629 167 355 360 653 168 757 877 373 316 948 257 590 462 504 359 316 805 519 356 339 157 99 222 188 1 803 35 254 821 57 411 744 301 38 654 67 261 411 386 303 78 769 317 449 95 968 752 592 761 327 368 20 266 479 472 167 287 119 601 998 198 631 23 575 287 793 639 210 500 79 144 462 808 356 689 997 201 152 808 705 474 869 367 795 890 811 657 428 131 493 354 489 811 717 99 743 561 462 97 714 648 52 488 236 32 691 579 939 270 250 699 547 303 384 711 936 739 752 950 184 14 154 134 141 47 855 834 456 954 841 602 555 477 948 870 981 576 331 951 376 533 228 948 894 213 768 26 105 242 985 765 933 559 615 292 711 615 78 780 207 928 335 921 579 65 232 431 41 776 337 68 872 722 300 875 247 310 588 419 551 648 80 707 172 975 160 24 584 448 221 103 471 479 335 244 837 55 726 579 446 94 909 911 137 340 514 40 799 306 41 485 159 657 593 781 678 15 377 470 912 986 801 119 499 669 38 202 952 407 331 537 248 159 448 88 849 517 934 302 582 506 487 492 370 640 2 455 823 271 907 220 419 651 541 258 248 845 62 771 487 519 267 878 442 899 642 347 885 673 510 580 359 978 915 648 885 445 436 589 364 856 719 229 773 260 952 280 696 875 100 636 268 285 18 869 426 278 1 717 245 118 122 437 718 597 366 455 674 429 767 103 602 389 232 631 616 467 481 358 449 48 836 284 910 120 451 152 777 348 419 824 522 542 770 794 8 75 434 408 857 66 951 271 440 117 151 530 258 559 964 755 617 521 165 489 300 669 769 756 29 621 367 881 909 429 238 352 932 708 23 359 508 890 352 193 825 192 562 76 376 556 908 593 377 659 735 171 311 330 632 836
871 927 503 336 140 467 279 427 178 835 988 316 860 875 960 523 677 680 807 207 678 179 863 312 18 159 972 223 993 228 754 460 369 814 783 230 17 853 775 826 811 458 498 31 347 99 301 220 421 386 988 238 639 268 306 114 990 232 903 972 644 218 176 797 48 920 258 477 867 589 415 205 673 989 678 707 300 451 517 355 675 852 195 866 738 783 202 680 105 791 464 580 993 840 652 109 864 551 904 410 766 208 309 62 786 755 762 799 434 1 678 25 625 580 842 345 518 599 84 540 464 818 823 142 733 890 48 980 67 311 652 268 909 308 904 446 469 512 634 413 669 228 783 302 503 695 850 629 980 835 17 663 519 908 685 572 971 887 705 433 828 263 159 224 555 150 657 147 390 382 569 22 438 530 618 266 846 444 460 745 454 725 38 181 939 968 74 470 492 365 200 577 858 977 263 828 26 661 478 233 833 394 628 473 741 88 416 260 647 301 944 333 920 619 462 848 796 903 389 521 895 580 502 933 602 467 99 49 606 342 160 403 634 1000 900 582 864 611 176 214 490 495 474 599 126 35 712 449 761 363 43 187 48 606 284 202 959 725 867 346 448 298 100 701 613 617 673 812 204 676 330 450 739 132 630 269 661 78 672 234 818 391 134 264 505 687 848 841 883 448 394 115 285 468 447 888 561 57 143 570 190 749 898 487 295 704 903 569 706 873 194 390 796 274 756 667 922 774 434 300 330 128 334 65 810 930 333 231 892 17 458 84 569 110 867 946 737 861 357 162 368 617 126 983 601 661 19 368 789 107 855 540 534 135 961 37 614 412 521 567 91 237 799 941 953 675 989 682 886 920 281 818 562 375 640 761 188 127 840 495 783 333 774 105 377 52 242 575 406 836 586 56 934 307 137 136 642 998 562 105 501 154 240 632 15 997 113 782 612 613 300 251 586 963 676 748 355 733 56 700 424 943 265 81 785 266 13 567 264 916 726 892 204 583 211 878 396 81 240 683 713 464 966 718 504 330 884 130 484 974 292 387 99 573 871 923 279 117 332 927 593 726 267 475 644 763 597 823 971 383 398 374 512 323 381 265 409 58 344 895 620 811 154 312 640 99 997 942 460 772 113 553 391 173 102 223 303
748 415 141 313 927 937 731 892 420 356 350 311 734 856 236 460 702 177 221 907 299 881 483 993 887 696 197 459 998 37 79 364 826 571 646 928 505 613 558 604 28 785 50 30 768 570 86 68 943 620 676 172 445 762 624 923 237 634 960 776 510 686 229 510 954 173 244 902 40 301 275 911 594 135 717 544 273 933 71 525 558 69 113 188 567 443 204 801 910 657 870 640 178 245 338 841 801 103 91 537 366 670 706 86 161 3 203 143 147 42 856 465 166 796 787 73 905 956 161 194 324 597 253 933 597 703 57 480 156 295 126 468 145 711 333 302 322 267 294 863 683 918 595 327 679 76 459 906 43 225 98 356 696 79 337 43 577 153 352 410 694 835 459 517 926 810 144 950 780 909 761 564 585 805 373 507 586 222 60 216 821 231 738 660 276 601 655 77 103 773 963 438 699 414 398 341 64 127 100 620 190 132 703 600 744 8 714 927 806 259 101 413 522 664 499 406 880 790 869 333 547 859 597 39 898 876 176 709 708 489 310 244 805 730 699 463 28 555 951 939 784 921 309 433 155 754 892 224 889 681 850 186 551 308 492 506 821 996 178 436 815 884 776 323 284 364 70 725 185 912 231 162 158 394 127 410 376 718 386 273 352 260 889 257 407 647 407 14 457 929 501 786 535 652 809 646 43 636 898 144 411 976 928 172 31 873 600 209 905 60 11 450 602 404 780 149 360 805 986 186 976 77 117 109 128 154 590 629 297 21 308 911 522 558 820 299 315 217 761 65 782 411 648 79 76 164 226 764 951 71 531 617 341 74 630 895 616 281 350 291 693 699 812 533 126 440 726 687 249 724 832 338 95 412 150 329 50 18 104 364 403 684 392 188 420 176 728 191 18 579 80 186 510 597 565 287 658 821 205 793 621 496 34 189 308 97 23 620 271 671 497 15 509 980 132 842 952 48 450 309 522 120 852 242 135 262 289 598 920 61 847 895 229 21 776 74 404 679 176 104 21 51 947 632 254 150 589 985 735 233 900 258 754 324 465 934 996 676 989 504 692 278 892 75 190 913 174 82 308 30 123 242 86 925 245 984 116 71 88 757 580 706 302 14 216 346 236 802 944 531 429 97 495 80 307 876 144
540 161 968 271 150 496 696 864 882 615 492 205 567 23 483 58 59 404 513 561 278 825 584 973 335 904 905 759 77 303 507 573 935 663 512 697 957 403 887 654 896 167 579 954 29 625 102 194 800 938 584 999 491 672 614 830 616 631 963 528 322 53 390 812 505 234 599 730 267 574 668 28 48 507 357 568 181 686 296 354 833 122 234 468 699 753 483 127 244 804 178 167 47 186 979 212 56 453 781 641 12 829 938 359 560 829 994 350 860 123 242 772 768 432 323 702 857 869 572 262 199 358 293 805 30 813 868 356 425 73 880 734 414 608 318 171 2 545 28 747 222 444 814 853 748 429 630 848 439 802 117 454 538 336 276 927 127 890 196 729 87 597 493 419 314 192 72 864 59 647 43 830 240 967 860 534 517 798 219 802 686 559 715 194 197 605 68 116 201 570 755 84 757 476 963 223 761 763 475 205 849 773 411 531 55 736 493 317 163 930 6 232 478 212 372 551 490 966 31 905 232 848 583 913 662 589 35 558 845 69 14 473 384 407 862 594 112 226 857 210 70 969 606 72 955 458 126 855 554 309 175 640 677 41 660 553 361 921 319 784 569 396 591 733 87 634 322 173 156 653 717 80 595 587 380 971 46 618 299 295 215 929 431 240 930 563 538 159 355 965 661 393 62 71 999 298 203 530 595 675 407 972 934 403 936 901 249 720 272 796 481 59 197 223 779 960 663 539 476 466 496 486 467 138 373 503 800 302 954 511 703 949 909 995 159 828 19 749 601 170 581 783 205 230 104 565 815 825 577 64 378 820 575 16 513 194 465 217 698 331 837 181 229 412 691 58 193 932 813 627 694 626 87 784 411 868 780 189 273 380 822 471 575 979 860 16 467 795 240 510 314 967 70 423 332 588 132 830 675 834 481 609 623 79 905 476 615 330 832 44 508 195 292 614 791 525 693 356 413 296 390 722 674 511 177 227 923 950 15 714 498 166 643 241 178 753 854 566 635 709 28 507 437 28 173 836 776 266 861 711 431 840 20 699 991 601 825 911 835 200 77 988 336 849 500 681 183 882 914 705 771 341 900 60 26 966 969 980 777 721 283 773 424 772 369 170 286 714 717 946 221 737 285 618 450 312 441
962 404 248 797 677 433 543 574 762 627 1000 155 171 783 23 635 487 69 201 346 634 376 838 604 145 872 350 444 96 628 292 216 524 1 90 201 689 659 889 957 54 971 711 890 314 580 692 790 606 168 520 6 409 130 645 679 399 720 625 849 947 885 975 412 274 612 792 287 480 984 385 553 513 662 978 363 956 683 313 796 281 592 435 62 481 23 123 457 106 789 798 680 57 548 145 560 314 639 380 649 975 318 709 57 811 697 584 890 457 401 877 168 101 794 735 351 275 928 80 899 174 288 647 304 761 961 208 131 508 671 371 607 781 824 520 700 572 316 312 47 860 483 70 598 742 453 693 947 788 328 391 911 934 125 569 399 644 739 328 46 108 655 3 351 652 682 598 943 820 441 705 938 315 745 439 664 549 693 564 67 599 144 769 503 861 268 739 129 519 305 606 296 525 268 148 24 552 264 869 816 961 166 118 817 210 724 54 681 577 204 271 308 41 757 208 57 875 135 355 145 672 299 43 720 809 594 693 438 907 170 42 863 996 820 583 827 314 989 693 577 596 652 289 557 626 390 166 899 755 229 274 520 411 439 109 275 415 130 629 107 54 533 562 357 654 242 226 653 283 176 697 573 455 950 74 763 472 698 950 462 807 959 669 612 579 331 61 237 865 180 256 906 111 398 955 725 959 306 845 261 370 308 404 720 993 333 880 288 735 811 240 459 585 242 798 48 758 64 177 294 373 553 870 379 83 789 857 632 378 345 135 523 783 850 806 659 345 846 849 817 87 206 129 313 273 516 314 222 87 455 729 72 546 45 414 492 852 269 930 294 100 871 677 330 3 47 440 266 795 823 685 223 276 44 46 275 95 818 298 417 338 776 638 320 477 326 991 148 674 720 497 256 173 235 914 675 469 537 195 565 183 990 280 758 301 587 844 980 85 604 911 897 445 583 660 371 730 184 605 58 929 209 474 744 977 202 708 784 683 999 618 789 805 174 47 294 904 529 445 879 746 808 239 353 783 776 894 414 206 836 118 441 439 741 628 784 977 2 203 447 300 212 838 492 810 379 627 453 814 880 833 730 395 262 861 931 623 988 21 257 492 988 327 652 80 273 200 875 492 724 472 412 950 799 303 311 960
655 278 997 868 792 464 635 633 216 842 438 756 41 658 262 442 972 256 135 384 414 576 57 412 343 171 989 682 975 903 342 350 640 374 180 407 689 692 847 299 680 162 388 686 892 615 669 863 830 965 454 630 460 561 89 941 518 443 323 83 451 86 79 468 188 743 412 659 880 889 209 299 733 69 886 682 785 326 761 208 783 702 174 378 669 468 517 804 133 813 536 826 28 998 39 260 256 767 26 917 243 193 745 859 616 945 479 248 900 776 343 391 71 498 508 431 25 686 372 247 29 900 379 568 450 82 955 767 924 669 171 279 114 1000 695 80 629 777 894 402 823 850 830 350 372 589 598 246 722 477 443 197 755 193 994 502 558 675 817 970 714 390 88 837 980 535 150 726 314 110 197 793 96 189 431 512 775 408 81 362 362 510 761 758 646 240 949 161 998 680 418 740 619 519 885 270 527 668 416 813 797 90 653 669 726 199 373 805 883 46 32 241 348 133 405 795 324 359 67 319 723 54 697 219 833 76 353 62 849 631 209 955 559 21 666 645 937 758 769 789 873 331 884 932 762 916 327 862 880 133 337 856 827 180 659 821 424 17 194 937 315 509 88 133 913 821 218 804 742 206 907 884 170 427 432 574 39 838 300 850 408 523 110 724 264 776 993 364 243 413 327 46 421 271 135 418 633 542 83 280 47 972 559 60 568 77 853 77 980 498 226 905 902 812 903 329 835 326 3 771 355 893 58 529 311 457 352 67 785 959 692 182 932 711 409 338 866 32 919 163 642 169 160 648 49 344 912 773 463 708 18 921 56 196 978 993 110 547 277 761 166 674 384 356 679 11 39 987 851 127 207 813 528 729 693 936 261 977 61 666 520 239 10 209 699 215 308 355 58 456 49 87 943 287 58 929 617 317 21 373 541 609 904 892 462 730 802 413 439 493 891 659 945 324 766 370 870 19 103 259 244 867 139 185 887 481 516 413 612 397 585 872 724 31 179 805 346 388 631 692 125 956 230 25 882 118 484 403 792 303 907 66 369 88 505 776 652 101 88 68 588 409 981 701 591 175 186 892 725 401 574 696 338 374 230 660 45 436 206 133 978 148 98 107 419 907 920 546 999 396 360 53 709 243 192 554 940
295 364 331 567 494 186 542 983 900 851 683 657 795 451 518 586 272 330 776 384 692 396 100 164 285 77 175 225 473 894 103 507 816 216 350 209 22 753 431 57 247 738 335 302 720 94 144 824 908 660 625 909 229 859 600 310 246 330 621 801 446 872 920 480 863 931 294 546 513 674 433 72 196 738 332 369 490 179 984 859 906 683 241 300 880 757 945 457 880 978 542 383 100 36 806 300 763 897 745 691 160 835 80 609 897 659 845 557 994 595 327 45 471 201 844 336 30 541 853 541 608 963 297 969 603 625 84 391 610 577 461 731 850 785 354 546 674 608 444 3 906 592 111 793 833 571 430 804 623 673 284 161 623 344 663 809 811 895 394 45 923 850 868 137 590 978 8 949 244 880 698 248 252 1 287 378 814 962 557 670 452 523 669 796 578 305 60 661 4 606 9 626 601 804 976 710 620 419 543 348 749 665 535 544 202 91 935 697 932 972 914 531 558 100 968 902 957 385 224 163 800 777 846 871 460 776 266 47 216 196 618 447 588 967 639 693 456 339 826 464 983 838 311 474 514 998 294 687 372 666 802 761 51 673 578 928 854 874 229 30 161 617 364 298 810 521 20 146 107 441 359 989 532 946 887 788 13 25 234 148 407 837 820 471 437 255 568 689 613 109 469 323 24 765 852 966 465 205 576 473 830 203 977 98 787 671 538 976 897 657 565 113 93 244 88 503 87 907 340 482 778 810 515 183 916 343 43 732 730 696 678 374 743 538 1000 57 567 283 955 219 707 304 248 538 642 944 264 223 918 526 856 960 357 829 556 607 323 666 186 260 952 598 962 872 121 11 372 428 484 3 324 612 822 733 503 201 893 190 706 336 190 685 682 343 293 249 163 460 388 882 507 929 62 127 600 731 865 362 366 35 42 347 963 531 780 597 176 120 143 900 299 729 439 724 514 211 942 897 17 283 137 165 330 714 700 304 987 187 159 874 695 431 210 583 175 962 904 645 201 595 513 343 783 137 268 960 339 663 14 563 600 262 986 224 775 248 990 934 417 707 909 549 991 749 588 431 472 905 986 51 591 343 128 163 884 695 677 472 628 837 951 5 626 567 709 431 922 645 600 4 968 868 405 698 815 564 465
85 704 807 418 551 970 598 721 626 942 621 132 309 968 24 141 675 826 393 993 61 767 348 206 609 288 743 647 673 904 424 778 400 298 105 720 948 52 742 108 292 679 969 601 62 19 639 566 225 78 555 807 261 474 192 347 589 144 236 963 230 431 780 686 425 776 372 292 172 6 749 891 586 546 868 378 130 430 429 303 435 213 167 750 13 349 977 242 85 242 194 349 499 209 833 968 863 923 639 813 157 69 389 311 331 865 237 587 917 236 376 11 37 46 944 362 378 806 860 28 277 867 746 773 624 90 285 355 938 191 653 895 83 547 901 542 898 691 183 149 155 277 503 881 8 841 253 555 360 712 493 665 458 615 745 869 17 471 165 535 153 818 653 236 173 651 81 559 229 794 551 375 499 248 802 453 266 49 237 300 849 556 851 431 469 629 537 611 162 347 381 570 380 104 795 566 671 375 39 527 631 569 727 118 4 350 605 704 711 973 917 181 216 191 536 83 329 185 371 660 991 218 159 674 78 810 314 351 211 339 181 668 218 533 946 91 500 547 894 867 329 142 298 776 225 929 352 586 671 869 454 970 214 749 161 236 632 620 482 889 542 814 356 406 127 532 72 326 514 786 278 603 843 727 19 926 749 48 260 132 367 753 994 782 139 698 35 474 327 60 20 478 171 777 157 14 975 201 220 394 212 50 537 527 649 884 748 563 276 896 399 778 957 114 726 504 323 292 992 140 980 532 843 838 49 47 800 504 939 86 891 381 465 820 41 576 398 289 224 196 738 20 607 612 461 649 14 830 619 827 298 403 156 851 836 453 693 451 994 93 364 278 326 185 999 322 817 110 510 840 418 373 802 709 429 413 919 183 963 251 413 162 732 763 259 975 24 950 11 354 809 809 792 680 112 446 684 214 688 909 589 955 402 885 525 587 623 593 306 214 947 892 822 754 636 559 740 943 599 64 296 636 496 807 172 859 261 597 783 475 506 524 447 787 147 337 85 609 596 813 818 853 616 580 101 450 201 706 177 912 356 14 166 446 703 668 657 489 676 752 906 156 64 148 896 168 720 594 808 33 248 99 821 720 847 645 502 248 13 600 965 483 883 789 245 718 348 377 993 397 358 471 999 150 728 449 309
941 108 945 841 491 69 166 101 999 292 555 21 990 998 775 857 937 534 773 810 298 918 289 393 780 212 13 503 28 610 956 967 902 894 502 767 397 271 678 744 403 720 301 797 747 197 597 38 229 544 58 134 46 477 785 442 643 525 257 658 562 326 520 684 761 653 924 711 29 108 468 833 281 226 372 569 417 60 438 570 359 515 898 143 777 571 27 455 245 526 509 941 325 865 690 616 32 598 312 202 609 124 7 887 340 338 266 531 148 669 518 509 999 568 710 59 955 637 685 638 23 169 822 231 114 112 982 314 622 545 935 25 138 778 321 799 924 265 997 712 700 235 831 341 806 7 58 861 938 610 955 557 483 675 328 744 542 494 246 148 69 758 97 679 897 417 860 594 536 887 510 392 609 512 738 754 268 58 829 189 758 407 629 286 36 747 303 666 719 594 704 283 191 139 102 816 706 842 465 448 524 892 27 106 672 838 778 173 981 869 714 830 962 758 243 790 657 363 946 68 663 292 418 919 639 630 350 735 927 303 2 791 35 860 881 422 482 660 414 794 469 173 315 115 630 503 512 309 820 148 114 740 760 982 747 648 404 897 13 789 15 342 867 962 473 360 349 544 917 164 947 965 85 896 767 407 971 192 164 456 568 7 258 960 338 146 679 127 667 876 185 475 864 211 722 328 740 25 343 1000 25 544 822 123 275 312 676 138 849 761 602 308 812 390 39 181 299 56 718 84 691 279 808 236 776 684 662 511 500 202 506 222 982 100 80 269 118 214 77 476 570 238 739 661 702 849 680 848 877 94 63 880 45 983 567 407 595 276 982 957 563 288 170 181 709 802 110 349 69 494 256 389 347 489 520 399 59 694 844 487 295 53 870 742 425 505 452 107 884 892 637 200 641 330 253 553 40 350 540 671 676 230 152 858 765 292 640 115 506 322 279 1000 825 421 262 425 949 935 647 366 113 318 968 704 271 562 569 141 837 701 807 498 406 290 601 841 163 768 510 939 706 923 943 57 822 982 331 853 830 759 778 975 194 711 928 486 525 805 156 739 688 484 31 757 706 241 977 776 833 620 874 833 837 419 38 505 60 920 527 28 996 693 207 559 691 256 546 246 352 546 50 681 818 188 179 736 180
645 854 736 180 745 202 238 647 633 958 905 972 525 570 905 755 238 583 427 537 847 875 12 906 771 626 607 691 272 377 863 618 486 346 406 358 411 398 638 837 153 790 657 147 55 628 342 701 465 30 268 362 1000 172 210 589 522 317 27 476 584 985 870 730 180 725 612 543 787 384 632 446 731 899 28 470 853 402 226 755 254 693 852 245 210 520 508 989 885 358 665 81 125 687 744 817 804 691 72 614 280 502 764 393 917 35 122 699 658 572 760 537 405 828 655 213 858 781 254 333 482 34 267 868 106 915 561 497 561 726 907 932 874 143 355 506 577 218 223 703 424 451 214 178 430 494 977 210 435 631 890 306 486 864 578 275 261 385 641 882 688 613 276 33 75 208 185 794 864 404 945 580 656 157 134 604 943 411 643 410 973 243 669 700 847 902 882 251 683 99 920 750 504 641 890 570 841 312 916 217 967 8 347 170 714 8 272 242 691 643 202 778 850 904 630 47 511 371 666 207 543 874 247 242 352 184 342 866 197 38 151 406 762 157 956 214 350 679 155 259 49 238 185 805 823 312 44 535 27 461 870 740 196 907 822 49 823 96 961 399 785 367 158 478 420 128 410 936 771 12 357 601 450 269 565 668 687 832 288 728 858 420 200 586 521 879 723 683 184 288 434 17 610 938 495 440 68 253 873 671 358 223 977 374 489 979 624 149 803 160 740 405 740 723 830 271 77 281 647 205 530 630 543 257 257 4 60 840 752 245 170 731 242 243 82 643 964 46 940 100 56 488 389 407 204 515 797 282 325 460 985 504 36 257 517 186 338 55 489 667 926 419 973 46 267 784 419 780 556 468 129 902 852 701 605 880 390 508 499 949 112 496 283 669 985 883 578 272 354 997 195 376 241 379 336 892 843 156 863 195 574 809 202 377 184 153 496 372 536 932 456 93 739 274 692 58 677 514 538 145 735 469 406 765 663 5 654 89 212 251 505 705 235 987 249 917 113 70 586 627 196 990 296 319 649 954 552 368 985 782 638 303 427 919 37 894 117 643 132 288 851 476 42 139 387 180 914 233 143 139 76 643 420 823 648 944 417 431 366 868 885 701 211 856 130 250 247 842 532 223 978 923 77 569 321 422 667
19 119 521 713 3 20 812 31 241 913 717 617 304 675 600 686 749 974 826 513 803 995 123 929 221 526 642 602 289 458 952 539 760 217 198 409 575 821 837 412 254 633 726 275 31 765 499 37 836 732 823 832 999 26 243 953 667 292 395 594 219 712 394 862 652 510 519 538 280 467 547 490 415 214 587 906 373 144 608 591 74 35 982 624 33 367 709 49 750 852 586 276 133 929 108 490 167 913 587 171 63 552 412 484 152 668 918 121 221 441 259 43 507 524 278 537 928 455 165 369 904 201 463 121 950 192 52 556 344 469 895 77 476 169 117 103 735 778 297 957 190 734 847 202 103 71 444 654 149 772 373 795 752 27 522 920 101 158 740 986 593 471 69 605 474 738 681 495 790 709 633 975 325 590 851 851 815 219 372 950 471 865 319 644 622 242 386 77 958 329 571 458 6 297 652 345 705 722 680 824 121 959 315 32 218 971 302 468 90 314 951 580 17 76 788 228 379 892 499 867 65 662 637 702 233 21 822 438 721 350 922 706 24 519 343 93 733 476 461 347 508 728 173 850 667 377 63 820 289 513 47 126 273 980 920 806 127 886 140 30 756 388 653 272 807 482 607 972 797 913 91 799 105 897 224 126 702 633 495 736 271 710 495 976 579 730 648 740 63 115 913 757 935 528 140 978 356 64 543 834 604 623 922 224 410 832 696 441 872 766 732 848 562 612 636 487 647 532 11 392 943 88 792 543 531 847 489 327 807 43 741 863 136 929 851 271 825 517 858 48 20 495 663 972 692 479 287 608 897 5 297 88 863 935 777 269 1 679 547 240 579 271 846 185 423 328 762 654 251 852 118 874 723 510 345 217 52 234 857 457 417 585 511 187 555 342 723 785 544 949 417 660 335 446 906 636 457 327 241 356 307 54 28 664 715 907 986 546 641 411 569 89 118 447 578 792 12 832 230 47 375 704 234 226 111 557 549 970 517 365 825 671 431 938 453 635 1 191 370 10 86 213 906 646 556 392 599 541 631 402 1 600 856 924 43 354 854 465 138 485 506 572 15 414 185 48 693 917 56 168 597 886 977 217 56 891 5 692 174 48 503 168 943 34 349 163 315 158 168 765 954 641 287 817 507 937 895
298 521 276 948 90 328 250 987 200 140 120 471 521 825 855 346 98 719 345 927 255 729 912 638 199 803 517 229 855 409 873 158 98 312 528 706 160 303 222 575 202 642 747 385 120 789 186 657 505 70 262 799 993 760 293 972 571 486 656 771 194 370 341 802 455 266 529 791 460 707 9 820 633 228 54 680 347 427 164 17 88 815 524 698 956 946 420 191 942 254 240 865 339 199 148 130 255 936 42 503 814 360 542 465 768 453 628 479 33 832 873 227 557 220 583 789 112 672 34 29 223 155 55 330 553 884 218 222 50 865 392 580 104 267 515 121 228 692 661 823 587 809 189 795 66 62 541 755 732 513 417 806 438 766 606 423 281 685 227 872 272 140 138 691 591 182 302 345 879 551 170 821 924 497 988 777 366 571 129 127 943 586 161 689 152 442 72 996 13 716 79 235 188 708 751 137 219 513 800 640 940 841 770 213 261 168 69 901 339 70 671 82 698 428 464 394 358 453 863 939 564 108 408 211 432 876 589 577 807 675 785 557 509 99 301 752 989 308 821 278 700 177 236 577 822 594 574 575 128 352 62 777 526 689 41 92 781 834 957 436 621 459 569 403 996 476 275 305 162 859 469 368 399 879 739 183 864 628 600 739 618 950 930 383 823 674 739 960 389 554 965 162 278 253 799 32 891 933 360 548 217 512 12 402 685 283 103 118 987 158 383 753 83 652 249 368 892 583 927 183 874 784 2 909 510 488 761 235 248 390 858 697 634 667 677 226 929 856 3 591 36 187 620 974 304 142 540 243 443 208 433 518 588 178 184 932 319 22 451 884 668 779 614 842 626 672 148 547 334 677 259 765 132 427 33 339 813 569 569 401 509 653 23 21 446 324 418 147 726 464 122 93 96 503 999 188 824 426 577 398 889 90 775 24 135 436 54 432 427 645 511 542 170 55 604 906 400 881 776 90 640 411 162 761 119 996 281 551 286 686 223 200 501 115 567 514 67 774 639 358 45 69 414 816 3 186 506 655 262 4 286 923 845 433 469 981 701 216 463 252 629 637 429 325 716 528 362 349 115 604 897 476 169 480 671 305 836 348 492 116 640 455 579 960 461 158 605 91 622 197 926 441 406 426 489 110 565
659 516 842 724 511 5 939 978 287 170 696 673 190 307 412 469 892 936 289 975 761 83 163 840 973 758 488 704 942 351 286 864 99 962 908 510 135 331 714 124 433 664 127 251 631 558 257 88 257 811 158 766 988 468 981 205 847 950 129 1 344 2 533 58 733 905 246 197 541 273 850 619 886 633 475 271 718 962 95 921 617 141 302 822 292 454 654 460 624 383 483 347 174 59 284 683 995 285 50 736 141 167 515 266 814 534 584 647 420 662 409 468 536 666 964 428 105 531 886 660 431 322 484 780 595 295 31 547 448 335 828 890 751 115 437 954 276 365 989 165 431 483 505 505 867 169 935 701 745 346 189 529 397 712 883 144 158 269 838 919 301 560 670 889 82 375 117 782 992 161 522 846 109 893 251 15 764 362 794 415 548 303 859 38 961 478 294 779 614 908 743 149 260 852 157 840 793 150 313 418 4 387 131 329 40 994 854 853 654 300 497 861 523 121 470 982 841 640 24 908 706 495 655 937 271 170 30 95 778 921 506 652 778 729 479 695 828 449 49 198 231 649 569 404 96 615 872 572 522 768 143 716 233 12 965 140 932 497 387 567 867 548 671 439 951 108 91 708 337 32 615 53 873 438 909 583 293 56 888 831 464 39 369 375 644 411 911 334 931 201 5 95 946 157 83 104 990 11 801 141 62 588 608 837 572 273 956 904 617 288 527 869 835 489 830 644 778 700 457 543 110 449 311 959 116 94 589 93 294 844 652 949 634 178 753 692 287 739 381 1 616 595 734 955 959 825 162 206 861 508 902 58 314 607 927 539 778 485 555 563 984 77 349 756 120 677 929 205 582 986 33 229 175 229 156 723 978 392 949 885 552 553 974 623 376 28 133 646 982 980 677 63 625 131 395 815 406 566 981 383 581 343 569 870 17 315 969 982 153 465 946 196 80 901 913 468 666 922 381 163 959 985 970 292 733 705 686 798 913 284 177 213 83 378 209 950 640 499 255 955 358 541 318 514 27 207 389 739 153 440 141 460 519 747 281 474 373 97 589 614 830 548 412 75 127 596 414 619 167 644 331 356 954 733 401 782 711 682 710 897 351 674 563 111 868 915 963 130 291 680 326 102 251 422 172 582 684
295 430 302 907 150 549 395 952 914 355 242 505 602 888 888 516 844 224 308 797 513 884 522 398 118 561 449 171 317 729 810 568 579 459 411 745 665 983 840 580 806 135 554 329 488 788 182 640 823 687 385 496 135 991 852 886 718 263 607 839 89 218 155 252 569 116 866 903 4 443 446 97 357 39 201 120 786 923 860 566 544 660 423 892 531 869 417 177 939 256 40 311 870 133 892 726 593 942 1 127 414 260 631 38 61 161 761 393 648 470 284 255 410 369 755 703 89 705 113 590 730 557 111 982 787 30 122 3 674 662 299 136 968 875 238 89 847 20 891 968 234 762 190 204 727 390 47 914 30 296 754 953 509 165 658 544 290 846 778 944 261 496 842 498 758 766 830 324 369 8 491 584 801 394 694 67 380 114 750 672 727 794 331 912 17 922 66 859 11 540 221 108 685 922 609 25 452 304 976 369 184 636 197 463 834 548 737 909 137 757 743 87 213 522 722 191 584 545 983 725 800 427 169 650 524 269 161 252 84 765 438 467 984 41 317 390 266 94 997 217 88 97 8 826 109 297 662 436 462 374 422 970 903 624 207 799 360 532 130 863 798 722 971 588 453 365 718 664 939 824 843 751 218 699 599 146 362 78 549 487 341 220 263 582 824 555 274 634 413 450 730 834 889 808 36 353 128 312 664 603 396 204 577 805 339 286 833 845 658 759 901 627 68 924 156 439 828 996 216 466 121 63 685 127 454 335 417 235 142 476 620 391 956 995 478 936 228 624 816 118 162 518 740 504 918 122 773 513 116 449 212 889 811 160 498 787 64 900 540 322 650 213 82 3 626 587 995 437 60 54 768 340 815 604 455 13 864 375 850 366 584 442 483 798 990 321 731 391 290 449 24 39 769 818 940 465 511 317 697 50 804 49 532 354 397 699 232 136 912 725 944 334 214 172 301 552 633 565 727 623 84 963 153 484 980 762 284 16 376 529 256 727 50 934 784 430 700 35 573 750 240 317 272 819 637 369 22 103 620 415 14 652 660 699 50 571 121 725 77 249 476 871 851 624 13 27 306 966 398 331 436 935 805 765 723 497 215 756 640 418 249 64 126 712 528 964 989 466 269 527 286 46 64 220 791 750 665
742 298 842 563 634 839 461 556 57 879 965 767 901 137 527 447 610 706 205 325 418 386 526 991 378 966 77 185 975 908 839 751 191 278 293 154 537 590 454 700 623 956 336 985 288 827 330 442 997 286 510 362 378 150 737 945 997 718 943 84 576 633 427 825 740 339 287 701 494 455 388 862 761 856 638 205 58 364 510 168 615 494 114 685 425 255 450 121 140 602 115 542 955 304 725 424 981 572 13 292 776 306 252 863 416 122 445 443 975 402 449 685 299 865 998 850 890 702 846 139 406 862 375 212 760 35 270 59 661 610 200 704 480 642 169 707 814 957 784 737 311 109 470 955 383 683 206 698 986 96 426 178 284 551 468 550 778 258 149 520 400 496 186 101 823 557 597 956 121 536 925 765 42 147 269 485 912 799 154 430 446 400 766 430 381 358 276 922 720 748 759 573 114 420 573 34 113 434 37 463 732 528 89 247 422 942 465 180 35 775 635 396 302 184 634 943 637 53 410 321 202 917 110 632 957 672 551 27 941 945 900 172 405 244 648 3 250 834 393 747 701 548 111 378 806 638 475 903 392 234 68 297 765 770 500 794 646 594 19 885 643 86 270 174 157 279 309 151 942 797 166 752 844 566 30 181 173 837 324 14 22 239 192 235 195 859 206 137 194 43 192 949 658 45 519 569 437 435 3 135 490 229 151 909 682 498 440 367 428 829 293 760 385 785 725 248 437 356 197 736 387 62 224 381 341 270 781 78 268 237 958 42 574 561 587 705 162 243 305 732 381 57 390 559 330 159 44 594 842 57 986 323 456 345 141 461 715 954 784 793 316 195 881 457 821 462 349 45 504 581 40 614 105 285 657 819 68 388 223 346 541 47 125 969 890 803 437 477 674 997 158 842 670 472 126 785 654 819 988 16 567 190 352 88 805 216 822 857 325 515 272 971 912 151 705 474 573 898 548 732 239 828 161 46 841 910 14 330 705 668 695 517 816 587 602 729 11 626 880 856 423 190 740 454 226 614 985 676 825 664 659 601 585 677 677 922 893 955 415 588 757 404 362 26 384 921 154 66 233 570 324 179 876 572 613 190 289 439 549 725 370 984 726 393 460 215 447 326 658 710 292 888 878 691 803 506 385
296 350 435 225 28 362 180 891 641 308 615 927 436 239 604 118 225 482 401 328 663 430 162 155 927 722 274 85 415 66 941 31 741 65 584 57 612 674 919 256 478 115 824 481 192 148 203 878 194 5 201 857 122 410 985 98 189 88 414 419 797 1000 25 524 994 210 716 268 647 487 475 905 782 818 799 985 784 609 469 773 883 109 34 29 696 475 26 589 715 251 432 157 471 718 810 872 875 639 194 824 637 172 685 313 124 325 179 863 315 945 205 256 732 728 88 357 183 575 843 380 73 776 309 987 780 652 751 115 428 438 711 993 930 912 817 388 471 463 699 849 133 671 721 832 789 921 994 366 851 682 154 330 137 940 955 3 123 667 326 515 855 224 246 293 980 76 374 144 655 336 252 734 642 878 404 390 474 564 231 109 915 893 827 217 278 966 625 351 108 694 120 364 475 853 2 952 649 627 797 726 935 551 271 616 976 472 193 991 854 659 496 544 412 525 387 174 970 280 141 866 801 650 998 512 963 233 512 45 245 568 277 407 498 165 109 565 535 169 528 187 759 903 312 820 819 934 619 163 382 38 518 402 128 636 867 608 155 914 566 881 141 530 178 318 105 360 295 733 307 221 198 913 277 150 108 216 645 774 51 753 439 408 586 670 102 440 381 194 134 742 890 684 757 571 814 859 267 265 212 537 720 697 486 234 548 638 629 625 67 743 950 313 559 310 318 25 684 892 876 822 793 637 669 765 695 816 541 611 807 856 958 32 87 824 145 315 403 260 553 757 280 936 971 55 163 880 696 148 338 311 146 611 34 891 571 76 476 218 737 596 266 866 198 80 435 751 292 845 689 349 408 2 967 417 843 679 387 77 973 36 364 758 753 789 650 650 173 542 92 577 496 258 320 664 509 500 569 509 510 761 355 9 968 1 690 579 767 50 407 86 593 15 908 505 341 857 494 424 701 181 83 558 459 79 145 513 74 918 631 163 310 310 501 727 65 996 689 13 991 726 950 978 282 60 818 392 550 89 697 84 164 687 980 388 248 82 756 524 189 305 764 577 215 283 600 360 258 898 843 505 721 504 660 716 713 469 271 389 54 864 514 801 470 167 19 545 282 277 13 931 790 278 931 890 49 230 216
581 554 824 541 975 938 852 733 159 411 605 548 792 996 463 31 517 983 733 254 693 361 987 961 900 20 387 514 697 889 670 944 553 469 547 406 140 220 833 937 650 923 690 454 105 820 200 703 11 187 718 804 920 442 317 940 443 639 11 428 105 407 258 632 427 308 384 572 763 860 328 747 466 224 361 737 580 376 39 902 208 944 503 199 312 363 366 433 728 517 813 860 950 903 556 454 426 156 701 86 399 439 702 325 894 901 132 20 319 550 949 585 990 309 259 859 639 208 470 690 697 60 461 368 600 474 984 391 833 446 857 464 569 667 892 656 590 947 838 797 356 309 709 370 227 407 499 368 342 843 113 871 854 80 295 98 144 407 565 47 764 368 863 109 741 696 989 596 702 510 844 605 909 609 435 976 890 793 676 744 133 134 304 661 38 280 682 178 779 847 58 910 744 996 139 619 503 714 18 134 903 730 384 670 737 152 473 702 163 189 902 187 787 15 846 366 183 843 679 547 834 992 746 697 805 480 974 920 45 860 43 370 412 473 834 218 994 98 715 790 83 528 367 454 913 51 998 538 499 47 713 211 215 66 110 362 392 275 588 587 689 769 254 673 586 669 851 570 705 43 4 421 138 296 244 515 76 261 601 63 990 489 146 317 25 801 389 446 60 693 346 914 548 421 48 342 583 872 477 534 949 788 217 443 943 216 357 485 325 63 689 106 16 327 928 937 999 549 981 97 415 226 667 719 543 165 258 935 433 626 909 620 28 306 927 967 386 471 523 909 777 413 666 115 850 533 475 300 507 278 920 512 90 191 379 791 847 153 674 520 266 242 644 868 10 313 32 920 956 218 443 946 438 826 144 185 52 380 450 55 936 515 715 757 322 895 30 772 24 551 100 846 173 38 280 383 469 218 667 653 892 669 611 643 827 572 925 934 511 974 288 9 43 752 195 239 864 419 890 841 759 729 992 704 908 546 810 326 108 352 325 531 769 875 981 648 929 158 10 909 857 916 16 140 411 355 391 833 365 110 7 455 313 931 661 25 217 597 783 821 989 265 22 30 328 912 927 614 831 663 819 684 26 356 695 299 210 197 708 510 143 879 820 323 614 252 599 740 774 640 353 163 279 846 337 243 96
737 869 962 205 185 582 343 692 538 450 174 261 188 964 842 76 693 740 117 481 767 770 438 635 933 252 602 714 272 553 673 821 421 791 249 771 46 607 779 562 588 559 990 146 186 35 8 11 991 360 420 524 403 276 196 102 468 224 357 775 137 446 889 145 905 757 995 987 951 647 425 856 669 679 439 950 907 888 929 36 629 71 816 687 109 143 205 519 452 55 791 258 47 273 947 54 964 65 451 616 577 300 530 711 313 474 631 121 783 592 526 953 84 576 190 605 721 270 410 482 181 45 717 362 681 264 155 551 315 384 768 946 237 604 760 707 128 12 643 878 322 557 131 647 671 435 714 571 606 98 166 433 497 165 982 842 415 496 673 632 894 377 988 745 465 949 557 526 527 526 917 674 847 601 340 461 785 77 617 970 892 265 212 660 336 843 132 381 837 78 101 694 536 649 467 525 361 637 760 250 760 870 762 168 241 80 644 693 39 952 122 75 229 962 91 98 74 824 716 594 555 914 402 22 859 273 945 272 902 968 92 319 767 568 106 947 665 830 903 121 902 65 906 890 346 76 680 334 736 868 958 615 275 479 890 2 583 627 954 890 981 294 358 127 124 987 419 739 935 978 663 763 292 656 133 727 210 435 964 703 585 46 63 279 159 104 253 261 240 201 275 5 864 257 474 396 901 453 37 629 800 211 100 793 863 706 966 929 111 872 680 828 697 557 743 553 986 639 146 501 860 97 9 66 175 509 411 729 293 495 554 482 872 291 790 134 618 982 451 949 687 638 460 627 381 509 98 872 782 400 50 338 850 882 157 753 23 110 652 547 29 909 335 986 92 510 765 771 964 741 133 827 231 489 234 769 394 896 532 620 513 851 903 288 807 1 842 724 257 1000 297 444 829 223 681 912 448 2 841 794 590 238 95 120 132 594 412 155 783 422 343 210 923 598 761 607 760 741 161 54 84 943 90 368 503 491 779 800 463 41 825 899 774 113 961 38 661 806 929 425 885 685 226 607 408 776 777 601 643 541 890 588 209 198 663 990 310 628 17 71 633 473 259 773 322 557 666 114 223 416 1000 541 657 324 799 515 305 864 775 371 338 955 604 438 113 581 938 617 57 890 679 518 953 204 322 158 942
203 810 222 712 861 870 530 890 601 971 421 76 806 192 763 952 877 457 848 879 248 574 191 149 541 318 114 373 884 728 81 229 524 736 37 800 577 752 895 654 164 599 996 969 349 505 827 136 821 186 312 231 347 91 825 911 671 374 517 350 632 587 478 847 965 306 21 25 761 647 517 205 234 647 994 651 637 332 821 209 315 313 167 980 446 497 421 263 860 675 516 808 886 591 879 912 788 349 238 134 654 407 474 360 405 636 325 624 107 278 501 837 645 390 868 855 541 745 906 28 771 116 600 73 844 227 34 919 582 714 76 126 363 826 514 877 345 967 794 389 840 945 867 310 539 662 664 474 696 843 613 793 300 709 454 330 948 652 163 254 333 374 412 432 502 695 633 557 172 375 618 22 224 384 168 368 417 900 24 846 922 351 735 240 251 70 404 81 254 590 1 276 174 91 174 152 324 727 100 935 424 839 763 532 901 997 47 970 33 705 57 891 803 765 384 302 298 278 562 290 726 316 989 902 861 987 493 219 702 276 631 141 139 422 271 790 287 804 254 964 822 812 184 2 884 877 361 517 9 862 722 235 830 365 733 204 346 593 133 325 58 773 694 701 293 291 284 202 962 379 182 265 814 837 7 997 126 894 629 225 961 730 176 93 364 345 444 581 662 514 681 740 31 735 137 603 655 795 634 493 526 533 116 20 170 457 916 590 37 505 857 718 291 104 660 415 941 844 207 137 190 503 911 211 116 118 251 498 996 473 419 531 632 705 247 223 311 187 283 877 810 491 683 874 86 641 104 765 347 304 817 663 895 54 545 807 422 376 633 462 448 182 321 75 718 414 710 873 948 780 729 515 462 227 496 903 403 223 474 853 983 758 111 457 626 547 591 188 718 263 198 533 767 512 603 487 53 60 742 861 532 31 800 366 617 588 154 873 931 461 67 163 539 591 278 261 813 521 888 714 795 719 280 721 244 406 221 956 354 576 896 608 679 70 770 452 736 132 405 954 173 774 269 730 523 916 38 313 949 430 345 64 34 657 825 366 216 330 209 326 224 781 132 406 994 851 402 449 175 210 459 183 473 67 488 129 743 107 567 80 364 247 184 429 814 245 283 134 987 161 700 854 731 921 793 136 807
887 836 968 693 998 708 355 392 608 310 477 648 342 798 850 674 873 537 745 290 532 626 425 406 883 359 674 986 450 395 834 769 229 197 912 52 953 631 557 702 591 293 374 886 699 4 660 882 232 633 704 236 526 736 877 530 307 100 48 978 275 314 350 565 657 19 948 382 388 16 973 74 842 842 804 671 562 725 862 265 544 847 382 308 649 516 249 190 43 442 600 31 103 663 269 269 659 938 851 721 862 206 890 493 965 503 628 809 296 198 657 206 38 803 56 433 98 756 535 740 51 782 207 20 412 376 927 237 907 686 788 207 158 540 295 8 88 162 280 544 1000 871 143 499 612 8 666 685 957 219 912 357 893 179 295 252 485 795 663 522 736 141 876 304 571 527 70 846 96 796 929 403 722 29 854 244 580 367 242 637 857 864 80 336 313 537 800 137 136 627 926 38 205 483 336 502 643 555 696 912 194 962 692 892 93 726 440 692 666 555 980 110 423 735 878 684 660 555 891 21 777 611 841 842 252 52 536 419 566 772 532 615 807 918 747 342 491 490 635 824 727 46 411 612 19 179 610 456 370 492 684 738 541 79 389 145 515 929 542 327 293 434 327 871 793 242 787 678 407 790 932 579 509 830 31 99 138 866 452 508 636 938 802 6 468 75 520 591 913 505 444 805 863 188 963 318 67 302 924 511 154 232 604 851 778 913 836 806 622 248 69 465 505 990 280 83 6 3 567 238 6 550 330 520 736 636 901 655 63 695 118 634 791 652 731 368 646 597 171 532 198 33 176 753 485 326 420 449 650 898 39 537 366 620 941 477 473 100 610 94 425 935 870 230 176 386 368 484 457 618 775 411 864 896 255 585 735 953 844 50 44 374 59 907 989 156 810 781 105 612 833 955 777 450 191 178 530 333 733 9 56 563 629 789 56 679 639 273 233 172 525 797 160 426 983 896 955 695 13 55 54 536 184 754 278 159 688 196 748 254 602 143 883 559 711 289 217 770 247 181 832 611 994 102 851 985 936 642 63 993 15 935 510 477 150 171 170 2 425 545 627 113 922 304 303 7 429 210 102 275 902 546 549 95 664 604 656 913 642 158 946 39 374 663 921 782 897 146 429 790 235 654 699 569 78 718 995
174 840 276 738 300 148 572 239 625 806 850 634 690 809 817 636 54 704 650 306 87 915 50 516 766 705 993 513 369 249 850 238 118 773 466 287 938 411 60 53 670 558 429 835 83 730 776 258 51 955 715 158 607 781 818 244 711 44 981 48 659 210 890 182 632 997 51 731 763 991 398 874 340 290 110 948 312 988 887 296 917 624 918 523 588 319 253 276 976 801 229 202 726 526 721 93 785 783 769 288 294 851 813 612 396 302 520 978 25 111 543 160 805 128 885 234 59 241 5 736 593 905 736 951 269 459 890 998 666 931 783 44 480 456 694 452 353 593 539 752 845 821 745 914 330 666 330 961 294 146 728 531 946 382 878 733 740 517 569 78 403 195 305 854 689 997 414 817 502 253 117 32 934 222 841 748 402 825 114 683 740 301 813 120 819 224 589 740 972 303 901 533 180 647 328 825 962 323 26 909 856 709 251 842 479 929 236 924 428 700 741 935 36 406 935 839 255 460 467 135 978 501 858 18 893 524 455 620 140 272 302 328 281 818 773 364 790 378 527 831 349 204 883 619 154 63 81 559 453 467 924 143 481 78 604 575 208 135 8 132 179 873 579 717 521 680 406 600 622 433 573 760 20 381 870 897 434 91 929 563 980 259 896 267 609 257 976 884 629 458 992 111 111 813 732 142 3 867 200 148 495 10 400 79 533 636 65 243 930 536 13 552 571 222 892 791 788 869 179 382 748 505 576 220 47 926 506 138 595 736 975 486 643 285 1000 980 682 98 940 368 715 587 45 487 959 78 821 148 664 546 222 667 347 369 176 699 538 866 473 208 206 584 566 807 226 505 4 191 669 306 675 543 922 21 595 962 548 777 104 743 947 773 89 668 370 25 986 783 903 232 841 679 380 207 788 176 121 598 203 880 813 551 399 286 329 584 104 875 104 649 548 198 571 766 672 540 8 680 177 532 671 992 81 891 36 341 45 278 526 508 224 899 67 785 806 937 313 146 351 676 300 758 538 551 684 449 548 261 816 277 965 277 704 746 540 366 311 458 108 872 764 1000 610 240 864 339 626 80 927 69 248 12 882 797 843 986 476 875 714 848 915 379 629 793 573 23 382 183 852 987 771 170 705 203 255 818 931
30 790 531 213 371 342 254 239 467 392 542 335 580 784 996 508 716 943 70 40 37 226 742 715 462 780 525 496 489 416 969 869 558 246 971 519 12 316 490 979 281 752 677 974 163 489 636 926 663 999 540 871 100 822 836 89 106 347 360 879 724 570 4 205 263 952 10 110 287 666 137 82 325 784 455 271 711 251 368 886 4 823 579 870 946 235 801 26 191 868 797 543 37 797 827 849 727 862 80 197 159 808 638 963 335 180 52 845 889 51 276 249 583 76 1 55 957 682 794 155 911 397 289 562 345 624 948 341 426 128 542 695 167 409 799 434 954 316 795 181 682 333 324 590 117 892 925 311 44 302 768 331 160 666 899 140 453 130 806 780 915 621 14 580 530 520 416 751 261 774 76 809 301 98 314 395 372 388 932 746 629 705 92 245 323 763 328 917 740 928 248 963 557 394 765 541 285 420 924 372 90 365 793 315 715 460 386 129 877 232 525 798 529 583 798 940 698 313 896 546 332 979 441 758 88 943 510 758 81 996 272 500 721 380 366 593 504 587 144 927 759 149 304 586 276 88 655 876 542 598 331 53 590 720 683 317 772 278 360 97 740 739 4 426 512 925 327 691 365 833 110 799 161 331 165 306 336 636 383 751 343 512 653 843 535 441 114 264 384 813 17 154 317 804 387 312 588 813 488 115 637 164 472 260 42 740 682 379 330 221 714 952 904 59 513 896 914 968 276 817 669 181 44 668 24 832 286 818 653 348 743 477 100 84 782 786 155 270 913 300 923 243 859 406 570 421 684 675 895 19 578 564 162 989 789 968 848 689 972 94 979 771 202 774 364 562 726 72 789 150 522 24 797 771 197 340 696 681 262 933 876 83 479 376 735 1 848 702 611 27 647 896 775 923 782 165 115 737 478 819 763 833 373 620 623 292 374 88 472 648 125 385 337 191 509 460 509 675 938 578 227 90 292 354 80 112 652 154 21 149 115 375 415 644 488 292 503 144 58 103 960 50 508 793 338 583 684 761 360 89 288 73 233 303 717 918 495 627 742 332 991 857 640 22 341 690 801 571 675 212 88 10 796 821 165 133 209 541 417 904 605 804 462 92 8 714 656 299 668 286 475 368 550 895 312 693 561
889 208 984 775 316 891 316 147 807 710 94 397 648 386 302 889 22 218 861 548 740 215 118 556 336 541 600 881 441 496 577 971 954 973 417 584 647 445 657 690 47 946 521 152 922 266 356 743 167 587 323 592 49 804 996 864 527 482 112 900 354 983 501 253 580 309 251 596 926 231 422 211 458 323 558 2 442 261 721 786 767 557 216 884 296 280 258 214 506 500 988 763 330 190 760 724 600 9 299 925 255 712 973 827 586 488 726 595 17 29 158 31 970 929 118 417 381 745 535 437 471 687 381 954 274 599 987 181 104 732 947 71 324 851 795 641 855 831 236 181 34 979 280 773 138 964 75 367 955 525 756 218 363 938 962 978 220 73 919 356 865 771 120 594 854 799 986 663 413 215 397 891 72 806 523 604 196 306 794 409 213 163 693 956 858 472 183 368 953 417 966 421 315 681 906 554 626 754 630 140 132 175 220 861 941 2 32 300 368 256 630 847 579 768 795 287 828 917 489 631 812 941 62 355 283 521 222 315 535 881 929 242 678 544 390 733 117 263 610 130 739 361 308 379 983 61 486 840 26 409 335 927 493 517 999 861 253 640 298 381 680 808 242 132 108 643 254 729 96 521 822 689 594 601 450 790 511 937 613 407 168 949 152 990 814 507 386 587 590 324 680 441 951 284 708 38 952 415 223 820 458 353 343 905 611 518 93 605 197 623 957 2 312 58 676 637 942 554 584 692 633 673 581 799 56 654 188 70 330 477 402 700 609 300 456 18 694 278 367 592 82 188 92 938 844 664 177 298 138 912 586 98 279 67 515 355 482 85 85 390 756 737 472 22 299 121 991 445 117 888 303 366 528 651 210 493 794 421 378 589 535 765 483 51 756 573 693 175 106 132 790 338 855 924 867 958 28 500 766 210 439 367 835 483 148 709 345 312 625 158 638 50 818 103 129 585 79 605 658 281 552 559 346 631 101 862 994 795 456 816 752 952 822 101 226 13 162 464 251 679 521 558 220 60 685 900 513 732 395 620 447 206 186 605 456 705 444 979 258 538 636 233 294 702 595 104 36 148 989 331 298 436 643 166 138 382 610 758 357 919 753 734 600 999 57 260 892 44 170 813 408 540 692 719 862 548 109
429 938 50 510 238 719 561 624 423 55 928 944 523 24 896 224 917 517 296 141 792 109 647 624 99 266 175 841 73 840 83 79 12 332 24 670 943 453 241 812 315 591 749 197 36 862 746 265 6 557 295 370 333 752 726 822 426 194 548 107 948 283 885 673 282 738 26 358 386 312 139 529 746 934 74 968 468 503 852 920 955 953 212 343 123 472 828 386 798 361 525 817 473 275 738 258 908 756 720 731 579 304 565 431 236 53 184 531 354 828 213 622 641 977 228 733 126 733 926 648 101 145 355 244 575 794 280 636 6 886 329 133 957 146 858 293 977 103 510 454 461 98 797 596 937 776 523 244 842 277 164 281 26 462 880 789 681 70 781 100 190 164 287 923 371 935 303 440 648 890 352 828 364 243 791 417 506 501 113 387 688 605 743 801 706 449 314 933 995 395 723 405 257 84 186 170 18 601 787 343 258 404 42 540 14 141 542 321 886 571 829 529 888 392 366 841 236 830 993 542 766 669 343 291 87 137 74 845 326 652 92 680 382 185 495 215 518 505 607 985 214 27 710 279 419 472 347 360 553 864 930 954 369 665 212 602 995 387 966 345 638 191 640 557 726 842 285 901 894 620 672 308 223 716 162 726 141 286 664 196 895 130 258 949 576 746 37 146 326 120 181 520 992 964 821 791 671 715 18 840 591 728 504 897 553 725 875 811 683 909 10 863 903 951 590 592 233 682 142 626 560 994 369 911 266 197 932 916 915 283 825 472 827 668 915 239 517 892 692 981 439 672 273 392 231 693 179 316 877 602 405 342 596 347 723 525 834 603 834 599 373 112 342 789 18 453 374 393 900 612 533 824 947 481 573 770 848 684 914 891 918 732 176 135 700 409 337 598 493 262 358 973 40 670 604 420 169 754 516 48 397 95 498 363 171 552 121 344 963 853 480 338 13 341 674 965 722 388 161 166 15 346 192 948 454 131 537 702 44 803 939 696 815 355 905 743 151 603 942 180 919 771 356 37 641 948 430 505 660 16 330 540 926 510 774 394 615 440 890 822 656 326 881 985 180 915 348 344 269 14 194 889 526 349 566 949 4 772 665 706 371 168 890 925 427 935 753 351 315 59 4 811 104 577 974 368 166
168 899 471 391 688 470 884 233 523 75 652 460 564 78 952 605 560 823 333 830 725 126 896 260 58 513 534 365 199 1000 888 86 312 532 30 717 461 706 795 373 948 337 996 242 366 69 688 11 219 310 513 831 146 342 366 432 601 991 668 950 885 615 735 243 75 429 542 663 936 425 955 365 834 176 882 831 757 508 484 70 427 947 947 257 696 476 783 893 343 924 369 568 834 252 302 592 989 333 884 84 648 362 347 570 603 904 764 834 820 334 936 750 159 729 250 694 523 71 135 191 289 566 103 366 838 239 10 413 227 609 774 396 913 817 138 1 816 526 257 220 469 503 112 103 927 908 927 829 946 778 374 775 201 225 819 123 429 437 369 964 968 212 632 280 697 925 561 783 41 697 645 988 610 412 811 899 868 17 962 952 191 470 397 431 617 850 858 883 50 474 744 767 527 941 46 327 841 377 983 836 38 7 557 577 542 63 439 302 779 843 896 449 836 781 337 772 646 96 769 210 408 435 514 635 147 611 378 511 950 491 619 241 984 349 415 329 279 498 679 119 547 749 644 190 817 617 816 887 722 57 431 248 723 361 376 122 491 117 64 237 709 260 315 848 221 116 486 120 650 284 326 349 218 944 447 993 4 59 947 637 741 830 885 818 581 321 867 536 703 10 643 146 939 102 765 486 263 673 714 823 434 591 559 666 603 631 516 586 466 888 399 621 254 928 691 240 786 127 264 405 767 155 738 429 27 439 508 214 72 876 271 602 481 912 667 391 870 312 795 876 34 738 727 156 424 198 865 139 167 302 100 364 124 578 226 589 576 311 679 165 742 215 137 736 566 5 29 927 601 986 179 436 518 833 789 363 264 661 854 974 584 64 913 438 791 468 630 615 932 105 619 554 554 681 812 501 662 474 118 320 84 233 501 263 657 370 602 249 725 487 361 722 22 74 509 28 640 188 859 854 12 696 93 975 951 67 283 927 91 780 202 248 274 152 7 703 80 628 530 855 30 208 385 923 622 8 923 614 819 307 539 166 864 816 84 719 182 685 59 935 571 65 683 651 322 365 996 338 421 54 175 124 335 406 181 226 741 79 450 332 961 224 608 121 747 586 301 809 15 105 93 624 437 94 953 694 612
401 688 406 308 846 106 485 998 86 710 526 20 703 53 352 187 982 710 365 425 742 521 228 619 704 682 715 383 51 511 226 72 271 537 698 367 728 685 121 776 434 562 626 394 232 122 781 990 833 295 126 788 811 330 200 392 175 629 353 86 409 165 984 579 475 694 663 957 264 160 742 753 840 156 882 833 322 673 511 235 549 533 499 46 405 428 754 703 669 211 199 329 174 975 421 510 586 220 656 335 615 350 219 631 715 454 898 132 981 487 569 641 450 953 444 908 148 869 494 75 405 54 510 792 39 904 360 70 297 223 383 556 256 361 693 10 536 249 636 836 714 574 124 727 244 109 136 91 445 807 575 680 780 447 532 524 269 465 748 364 386 686 620 210 897 994 507 718 493 821 124 774 229 699 48 770 529 818 804 2 557 402 34 868 94 423 888 525 558 644 760 600 552 164 502 74 324 960 65 473 251 52 159 313 750 417 784 159 317 615 427 739 678 119 719 978 27 884 733 377 244 704 713 503 939 672 505 302 220 888 202 444 319 392 656 558 810 287 445 790 158 308 624 224 919 712 690 491 849 342 471 448 998 637 436 602 710 556 900 367 824 148 1 910 450 333 17 325 571 624 191 665 620 600 166 285 268 418 539 377 481 68 159 309 79 375 639 223 524 205 975 478 713 980 635 421 179 678 564 398 616 656 727 39 299 833 96 377 146 869 626 744 536 886 5 30 271 809 394 240 971 353 881 176 960 794 663 790 738 38 715 168 814 387 545 740 515 651 216 912 755 926 666 516 944 623 68 456 487 114 472 601 471 936 228 902 300 861 811 599 687 559 559 95 940 472 505 85 729 768 696 405 996 624 310 923 740 781 990 198 844 988 309 182 189 448 569 761 382 844 427 426 476 431 723 447 621 447 791 761 407 781 161 882 898 15 931 10 81 599 957 852 852 826 565 100 81 246 238 492 124 365 533 143 757 384 948 828 473 13 168 470 795 394 443 355 704 6 516 797 266 877 615 342 643 523 814 919 226 944 62 638 721 504 44 633 527 318 262 556 324 309 735 574 267 266 521 349 549 792 293 83 733 533 231 319 699 353 360 480 854 514 701 502 917 665 921 370 353 282 674 266 325 961 282 608 408
924 223 462 617 218 349 38 201 124 389 935 532 254 448 707 656 366 230 310 833 476 505 714 785 197 835 149 978 487 238 846 109 713 613 474 811 102 192 25 976 374 310 66 563 202 189 713 664 156 523 837 823 513 265 329 516 91 30 974 56 600 662 604 929 632 454 796 971 285 491 790 560 484 785 507 115 600 897 801 51 89 137 311 718 706 848 759 465 210 653 190 659 343 738 242 486 533 591 761 181 103 257 113 674 52 851 414 779 104 341 527 570 348 995 553 284 228 529 210 953 836 221 266 449 184 548 695 439 760 942 998 329 608 688 296 221 149 215 741 555 414 424 904 431 321 464 693 425 483 690 361 435 840 838 793 238 749 580 788 389 944 533 443 805 13 241 822 718 774 465 375 878 357 834 127 897 771 472 370 46 943 982 85 536 495 663 821 281 669 353 520 673 25 473 643 486 109 36 130 437 984 729 430 726 936 372 667 844 238 38 315 856 505 1000 560 505 211 925 338 299 900 890 217 708 412 324 490 283 152 134 94 912 924 693 505 630 44 663 923 750 707 327 492 453 455 78 665 657 138 676 278 548 926 296 62 646 995 576 931 5 820 238 231 562 441 149 230 437 289 797 679 43 637 394 288 285 321 337 486 405 267 329 816 841 463 558 773 744 254 229 554 720 9 692 59 634 113 656 795 441 420 978 124 566 736 880 672 87 891 812 871 118 562 120 630 802 286 695 439 945 610 98 853 843 55 661 646 389 317 537 692 857 316 404 406 790 19 988 596 90 899 59 335 338 321 107 579 505 663 133 549 568 167 454 180 348 122 991 897 373 795 960 191 172 10 632 468 120 652 967 958 186 618 530 453 795 481 583 663 488 208 304 268 265 969 157 317 316 518 860 788 748 986 581 128 585 522 844 738 599 873 214 171 412 579 467 604 547 232 19 460 827 44 10 813 424 26 597 382 306 920 539 231 239 271 84 59 13 16 484 858 272 259 505 940 232 59 815 923 631 342 839 106 448 435 896 948 707 923 396 462 573 184 351 361 538 546 449 196 191 953 248 259 634 909 461 792 348 998 675 849 44 280 341 464 416 32 46 36 625 886 93 145 137 139 505 187 162 462 54 891 231 894 350 691 487 610
648 156 132 509 850 141 241 86 641 972 335 83 105 572 402 330 802 98 301 904 502 791 155 535 898 738 976 316 518 247 896 356 289 290 126 277 134 874 687 226 393 916 827 466 936 176 885 426 731 487 108 760 985 72 317 978 118 771 223 288 872 825 447 252 237 747 628 142 797 689 287 902 943 430 542 486 426 546 791 969 681 907 423 689 54 149 877 144 610 720 60 955 504 441 926 632 239 245 797 412 109 127 483 610 446 187 185 1 245 560 431 25 996 209 732 499 447 979 727 931 261 856 917 346 828 185 651 247 908 837 542 655 920 910 937 850 188 207 628 904 455 623 197 254 308 67 396 216 135 153 624 571 942 609 437 184 905 801 871 364 209 808 266 177 538 689 687 832 121 906 915 39 929 936 617 287 743 226 110 778 783 209 472 71 713 589 656 695 924 637 651 174 182 202 110 626 335 738 688 296 175 147 274 973 565 289 605 560 400 56 294 904 382 419 426 547 374 852 69 369 394 130 51 516 572 328 262 827 909 375 473 956 926 555 530 675 231 174 641 923 830 612 82 870 796 157 773 287 81 202 386 724 356 285 141 250 93 488 590 979 764 215 181 789 43 858 704 577 694 798 1 262 888 231 857 563 169 190 48 874 364 103 777 298 666 887 126 101 26 99 854 786 491 766 595 37 560 615 597 943 101 184 512 762 107 437 525 673 920 961 198 374 920 641 87 317 623 366 673 902 337 660 10 871 820 444 479 479 918 747 41 163 202 41 980 56 103 584 774 935 303 942 203 742 52 357 864 748 192 307 538 312 488 687 400 619 381 389 984 552 524 194 745 672 446 294 947 415 309 430 917 952 117 64 112 50 835 511 632 554 665 698 561 418 848 166 893 39 695 526 810 901 377 157 207 243 914 895 647 918 843 444 791 186 913 211 672 834 806 454 972 474 269 975 781 664 923 483 288 315 446 287 458 123 795 137 91 664 661 643 818 584 422 758 107 411 743 327 42 418 377 495 573 15 573 939 223 153 823 5 517 532 772 265 811 234 663 390 480 978 431 10 805 863 681 963 167 76 16 610 682 661 90 335 467 333 552 755 983 681 316 180 688 706 827 190 599 443 345 963 955 568 590 930 317 253 66
277 330 235 713 499 868 421 148 834 876 787 160 813 383 680 523 459 123 955 98 625 734 293 244 441 900 933 16 276 737 906 465 993 907 279 75 384 488 337 798 322 768 997 87 671 220 590 131 57 227 330 751 882 110 751 916 600 118 883 311 899 658 630 18 622 225 551 545 24 796 189 826 153 813 163 483 674 957 782 446 196 753 150 218 237 432 491 222 408 496 961 317 529 139 496 522 234 876 487 125 4 178 452 728 530 24 59 103 157 973 30 126 265 482 693 440 566 909 234 167 329 591 228 726 43 364 382 692 609 202 131 412 940 641 849 675 785 296 239 739 64 178 930 504 684 42 749 610 606 570 913 826 931 783 890 405 745 459 898 685 744 389 354 744 224 358 793 118 73 259 911 447 795 389 890 701 707 180 429 308 686 394 93 863 936 456 59 806 381 730 375 936 210 881 592 312 510 181 735 213 761 286 395 964 976 346 92 615 703 551 588 872 494 171 875 295 185 74 132 673 561 115 583 819 483 429 559 872 286 76 21 429 376 982 282 698 376 818 898 48 345 619 659 934 752 20 689 503 154 697 820 67 112 560 443 489 641 882 598 574 830 863 371 95 531 59 419 713 415 888 812 831 955 327 230 719 781 484 633 814 228 867 563 236 526 966 801 329 404 20 798 106 147 594 763 252 739 768 579 624 951 249 386 145 871 457 810 635 892 646 320 607 521 346 988 24 119 860 953 864 515 61 114 797 165 67 724 553 712 745 945 916 815 864 410 462 169 742 876 80 15 524 31 31 126 220 250 23 217 685 918 357 460 81 490 722 187 452 896 674 729 46 311 205 223 290 795 286 322 379 97 12 981 251 371 338 612 284 482 712 124 230 436 660 722 382 296 808 702 593 519 278 190 797 373 675 155 992 32 322 728 869 369 361 110 895 417 4 893 695 211 674 583 237 125 617 210 197 714 15 895 898 537 450 75 234 335 529 848 680 648 475 138 315 280 992 214 880 656 284 689 628 788 817 354 550 312 635 191 735 460 106 810 335 958 650 634 285 665 352 915 85 369 236 759 667 595 629 143 340 45 50 81 44 119 973 681 872 793 372 675 719 837 265 455 335 609 795 568 280 552 803 129 845 64 868 860
343 602 353 66 287 630 620 836 176 110 595 798 986 300 761 675 429 516 732 827 354 740 191 823 945 263 999 696 728 652 390 565 66 133 212 104 735 939 497 684 980 33 849 728 222 95 433 36 631 774 300 837 92 959 6 678 22 584 460 664 305 201 513 319 322 4 354 502 860 637 385 597 55 45 227 590 89 843 14 245 24 876 136 703 435 936 504 682 599 532 335 844 677 526 149 375 65 98 624 156 8 693 593 77 271 638 337 378 562 640 75 261 234 17 710 606 265 29 726 74 578 270 622 728 57 674 21 967 986 24 191 796 283 129 320 588 132 869 211 121 701 519 232 392 640 490 684 906 778 118 668 85 438 912 33 962 536 334 971 745 222 276 639 258 305 670 767 482 964 908 711 921 638 898 551 923 926 905 133 727 417 408 107 794 325 110 706 931 602 252 653 7 573 611 37 168 353 297 26 787 618 682 85 3 442 998 307 167 28 7 291 680 528 179 741 73 607 663 405 101 598 809 24 517 801 7 566 196 517 511 322 187 962 896 726 762 896 598 406 462 543 470 182 430 820 964 652 562 844 791 379 209 210 177 851 515 252 550 419 541 342 418 83 366 845 349 447 142 613 800 2 738 658 465 805 381 667 107 493 138 685 669 137 774 24 54 816 808 545 875 245 316 481 72 468 122 913 795 517 821 242 11 563 152 645 616 169 61 526 54 147 871 543 804 514 32 571 246 236 175 654 763 105 302 16 658 178 463 940 271 865 972 399 965 717 25 671 507 86 99 765 793 758 900 915 33 863 182 931 116 652 868 820 674 673 70 65 16 302 125 81 199 810 530 356 504 365 934 314 688 714 769 824 658 703 105 171 80 828 861 222 732 400 388 335 102 989 476 860 840 58 803 976 245 847 877 34 763 720 489 558 909 975 726 277 881 382 386 210 720 427 440 203 980 983 671 281 522 840 962 421 227 762 473 603 164 932 12 506 424 410 379 205 802 891 26 374 404 631 823 728 912 761 765 478 432 689 547 113 388 892 323 614 258 363 659 940 16 976 164 509 414 415 960 128 462 237 759 365 385 676 678 543 867 811 394 506 359 560 971 129 596 748 604 645 224 7 55 329 640 601 83 726 732 830 92 711
370 338 221 383 613 770 569 97 160 771 545 975 548 216 50 931 630 612 520 988 307 665 334 380 449 483 791 685 96 427 333 716 495 659 382 816 123 395 577 335 494 570 181 307 507 419 390 980 728 594 168 141 995 966 790 963 151 25 966 346 252 171 172 434 979 532 38 459 535 986 465 672 620 788 965 608 128 478 574 322 214 962 572 257 1 381 721 317 265 576 530 705 858 937 821 341 114 111 545 156 497 590 711 190 786 676 972 900 639 231 350 619 47 110 273 72 454 831 322 231 391 241 711 609 159 120 473 371 298 564 19 501 720 433 981 137 898 613 161 30 188 256 208 925 883 430 257 909 308 419 337 815 537 965 135 387 686 915 136 353 882 531 443 939 292 465 585 758 608 478 900 658 713 697 768 958 863 351 897 220 466 243 150 596 350 635 633 6 648 575 239 653 905 666 115 890 274 235 850 727 184 486 845 331 644 554 205 395 440 607 635 212 959 870 49 227 883 369 119 558 534 97 177 571 894 253 970 25 320 607 86 109 759 544 965 73 887 907 55 535 127 907 487 157 221 265 585 899 705 424 744 885 105 143 14 567 805 306 465 598 900 405 416 81 870 321 955 482 527 586 14 623 539 778 903 824 342 579 437 553 343 62 96 111 512 707 657 27 678 517 926 184 442 450 238 859 353 242 458 919 996 825 753 590 306 405 605 3 872 194 713 976 780 90 145 173 32 89 486 710 19 651 758 374 907 770 253 96 613 257 978 272 108 816 219 121 120 446 194 496 388 802 681 549 551 378 489 477 55 895 411 125 427 254 191 611 718 701 443 409 222 564 732 984 104 627 967 334 668 612 912 305 763 332 94 277 247 867 103 303 664 565 751 331 782 386 651 324 672 998 796 213 120 110 641 344 536 728 943 382 547 376 918 575 534 877 923 808 983 844 860 878 984 601 152 692 304 684 349 889 117 330 109 917 212 463 199 835 172 583 959 784 343 476 810 542 362 646 337 26 501 136 221 306 506 66 688 71 228 574 618 119 977 266 392 932 415 529 379 527 856 332 7 824 558 602 110 313 199 940 683 711 974 738 297 423 441 418 638 124 231 936 758 314 994 798 75 190 398 416 291 392 49 6 115 657 503
558 495 418 190 658 91 66 612 376 642 823 477 236 568 567 881 619 227 483 668 790 539 766 717 602 28 214 378 607 171 580 892 574 262 303 382 139 275 802 321 918 298 788 126 678 358 895 988 95 35 478 52 746 761 497 486 990 7 716 560 162 67 601 237 261 789 70 829 157 339 757 875 28 547 799 309 992 36 623 534 65 873 508 495 752 513 696 121 862 64 959 524 402 190 215 347 777 422 662 904 719 485 979 258 133 840 609 675 975 852 105 45 552 279 713 191 11 531 110 72 664 9 925 727 973 791 239 419 694 84 196 897 208 28 162 745 106 836 694 372 511 37 481 158 579 992 271 633 401 152 747 442 49 794 555 944 316 918 306 332 481 580 108 299 288 949 819 773 294 875 732 866 408 91 792 633 548 593 521 355 203 310 745 234 130 767 923 341 874 893 867 590 803 887 136 638 617 604 745 602 843 130 158 645 937 211 924 923 864 620 820 856 7 297 961 724 244 836 33 813 91 116 856 477 401 25 682 374 353 592 314 370 308 732 610 423 351 354 407 669 853 217 893 229 340 297 510 472 230 38 926 705 886 397 379 135 232 412 340 291 61 689 146 248 633 186 929 52 327 28 892 545 266 763 61 864 457 30 622 258 327 779 668 688 184 895 222 757 695 178 907 822 30 891 95 755 968 558 801 94 965 502 633 9 421 725 265 585 95 111 537 510 860 598 534 963 346 57 253 716 827 653 158 592 843 402 692 306 787 110 778 908 293 95 692 852 181 328 245 949 400 564 238 484 480 629 289 636 294 477 232 539 101 205 84 384 35 925 330 14 413 486 828 605 698 380 671 153 233 853 980 847 891 567 251 844 618 946 404 155 597 865 626 910 529 286 214 581 600 878 867 287 352 386 275 802 250 446 924 176 54 318 55 977 272 295 830 657 96 542 539 602 652 646 869 928 25 869 137 70 770 784 622 320 655 272 320 227 143 786 13 105 798 91 300 333 150 788 619 236 714 116 717 844 251 381 280 370 46 449 228 450 886 422 806 157 684 478 315 252 593 218 841 506 320 951 849 697 577 192 132 15 113 29 121 776 123 683 483 878 168 680 800 75 385 632 897 299 66 631 863 260 762 737 436 943 985
778 488 34 871 153 614 556 897 63 403 5 626 407 228 201 584 55 111 725 12 414 302 923 924 287 86 65 379 609 570 899 663 689 964 352 699 256 504 890 619 698 41 827 985 970 977 271 710 637 527 325 543 401 229 785 78 938 395 585 299 845 364 614 755 962 268 303 263 238 115 249 863 17 630 624 440 626 573 875 531 973 908 133 216 873 646 537 631 59 324 257 484 495 790 477 517 592 663 873 248 130 428 74 521 174 623 794 299 333 808 799 322 423 674 845 605 736 954 881 714 366 249 256 921 988 333 300 563 97 266 993 290 625 555 787 188 454 866 840 608 91 284 426 734 7 227 618 468 103 450 295 226 916 832 821 256 558 35 934 161 444 809 278 619 176 158 13 274 96 43 618 55 624 464 75 535 67 540 366 272 407 605 597 924 26 237 184 369 506 160 454 244 767 917 327 788 695 55 964 327 235 522 308 969 139 734 395 171 570 358 20 707 418 598 675 380 327 699 402 36 699 812 884 101 579 346 393 733 730 178 933 547 147 467 846 74 669 226 650 406 777 963 15 370 257 140 240 318 887 224 13 775 688 119 279 813 739 200 237 437 114 272 32 882 198 623 671 419 609 395 444 247 556 313 978 424 771 830 636 946 267 315 126 364 126 155 505 684 458 873 97 812 566 973 592 364 634 9 891 665 87 716 506 842 211 366 101 423 934 119 870 55 410 620 715 143 107 303 686 849 59 476 398 431 621 937 670 741 726 607 25 136 740 611 433 623 412 372 383 977 114 667 28 281 233 934 522 460 550 722 767 526 534 774 638 421 120 783 914 274 225 999 626 406 480 573 914 242 184 169 273 648 750 626 574 629 678 968 135 606 263 592 531 726 584 591 31 623 239 985 601 428 998 853 61 903 450 912 62 216 253 836 163 341 330 23 283 114 451 420 123 195 870 420 990 672 175 931 781 535 725 25 38 427 356 811 221 824 11 496 244 406 564 172 711 93 383 899 858 765 925 58 927 407 623 588 138 59 794 751 803 205 269 333 95 372 256 444 59 233 25 156 737 594 865 511 80 412 66 103 719 531 96 335 661 405 532 389 416 311 885 389 699 520 387 15 638 203 352 323 615 776 893 865 209 715 582
965 25 137 442 276 182 105 921 930 681 613 859 343 809 733 177 788 104 778 314 141 448 566 164 225 723 3 415 121 292 446 105 831 153 789 490 363 511 719 602 810 15 457 467 535 631 720 178 549 347 863 278 895 725 121 115 929 168 271 350 229 178 585 35 614 945 395 487 917 424 125 108 736 131 886 340 548 112 899 90 220 572 993 263 454 806 568 114 187 908 652 183 939 678 519 593 152 781 536 510 612 616 416 307 579 821 664 950 588 112 84 817 236 768 178 818 586 850 344 890 56 649 214 740 674 714 515 703 75 782 472 211 289 683 980 330 884 769 563 322 349 836 127 292 29 101 254 371 95 935 584 215 430 636 515 488 703 52 16 66 602 240 105 882 208 870 536 318 499 339 801 529 155 961 798 588 782 960 967 792 829 603 789 501 251 192 824 46 312 520 373 339 363 74 568 269 20 618 691 962 295 93 610 513 756 867 620 317 443 490 917 408 317 180 635 757 674 379 800 708 986 225 543 133 842 596 640 702 538 7 610 953 652 773 413 729 938 429 598 680 621 590 462 970 206 662 410 713 861 639 691 709 1000 305 678 688 597 475 643 8 825 690 925 857 782 206 599 378 360 621 274 917 522 729 483 366 793 920 579 616 623 380 298 264 573 666 618 611 210 695 724 907 729 147 498 709 170 992 517 682 397 19 421 389 740 331 293 938 233 628 780 921 409 897 974 629 956 133 696 538 756 831 965 510 787 111 186 881 592 313 99 316 372 313 235 295 736 610 936 254 823 788 365 524 741 836 143 988 413 82 333 763 665 967 39 660 826 227 889 432 215 204 716 813 487 562 860 908 290 506 181 579 928 288 641 457 466 43 558 198 199 127 681 288 572 839 952 743 190 682 780 127 34 145 867 823 504 366 434 548 98 910 918 887 470 265 33 667 238 749 220 750 378 561 29 21 969 860 652 774 240 687 302 958 528 721 319 543 21 38 990 87 692 144 783 624 883 576 274 990 32 991 502 981 309 799 63 720 104 362 910 652 757 676 83 328 941 401 111 81 591 938 241 809 489 702 598 581 496 52 879 502 915 1000 1 759 699 625 397 319 844 262 488 673 890 664 743 249 154 606 82 941 298 890 816 205 361
38 896 920 392 416 695 427 224 587 593 494 259 213 226 752 392 343 765 156 836 363 103 504 170 831 483 391 81 590 911 142 545 22 71 669 907 716 398 95 214 438 90 5 360 172 715 832 489 378 854 780 635 871 405 160 239 3 681 379 834 625 454 573 758 750 149 144 291 985 947 271 33 591 372 227 523 871 486 964 697 537 315 662 93 378 266 816 891 530 615 882 654 774 182 685 640 764 471 63 382 75 895 720 114 592 454 587 768 778 929 391 99 460 91 172 4 147 898 517 106 542 583 396 862 727 777 891 187 410 399 15 686 90 244 625 462 45 197 412 118 867 985 883 352 21 789 850 603 799 897 633 94 856 459 195 744 428 385 591 389 76 955 89 443 256 277 6 276 701 483 680 93 748 818 16 429 595 725 647 596 157 36 507 361 144 123 269 701 236 622 191 651 458 799 335 944 627 743 368 167 49 898 182 73 977 609 731 268 182 611 829 276 192 188 866 126 755 515 633 369 392 695 65 34 617 288 803 85 425 305 160 578 999 186 224 325 713 165 14 3 476 595 51 665 444 81 295 812 776 992 206 300 784 999 297 385 963 976 729 413 358 808 706 414 114 17 172 420 609 258 734 825 542 645 845 280 455 76 699 410 116 212 129 703 677 194 460 922 935 203 257 440 587 67 259 707 209 326 942 711 377 570 646 717 963 728 214 263 825 371 485 247 252 703 981 503 461 472 731 223 26 532 881 503 28 358 64 214 130 695 819 62 159 610 768 268 348 940 479 535 438 866 443 103 288 232 268 349 984 23 25 900 928 392 146 518 38 784 856 396 139 115 195 483 550 923 337 375 570 963 529 425 618 317 565 399 213 553 892 365 289 153 15 765 773 406 831 538 70 999 320 320 947 268 819 426 280 560 60 901 61 841 526 864 134 343 640 998 464 639 672 979 661 944 542 216 901 402 953 298 207 6 495 297 141 393 846 969 513 128 19 78 645 275 981 129 984 628 341 171 79 780 474 831 781 130 313 405 614 187 53 849 697 983 810 774 735 853 277 791 524 840 541 555 452 821 217 590 803 622 641 117 948 301 567 540 368 860 55 513 43 736 672 914 329 530 415 33 36 485 52 529 542 231 18 414 411
235 272 313 29 120 810 564 882 158 681 467 913 978 153 828 291 63 545 497 800 570 66 347 855 940 93 90 489 398 232 259 377 335 406 317 202 345 571 200 394 380 17 298 281 583 705 681 952 509 731 929 481 193 613 549 706 154 152 588 404 797 381 184 876 286 157 394 314 535 618 954 170 864 853 917 533 43 507 312 921 634 663 432 478 688 770 328 309 30 686 864 579 922 658 856 673 839 150 520 387 809 605 548 108 712 300 677 422 539 87 451 916 176 608 180 411 72 863 657 55 388 203 428 33 71 198 655 317 323 574 418 766 56 714 339 800 680 405 507 993 225 707 725 904 223 224 234 990 96 584 784 307 526 791 960 52 196 207 707 697 920 564 236 303 978 517 679 144 965 448 351 212 191 980 436 537 80 367 203 879 817 844 281 754 424 534 735 925 775 182 662 63 708 824 196 231 878 502 870 920 939 994 437 91 34 260 378 976 637 914 595 427 880 685 472 990 545 340 670 18 245 562 354 197 653 533 766 391 655 20 368 518 945 420 895 267 323 176 523 916 645 754 353 806 806 362 510 332 326 385 805 960 673 36 259 739 591 356 567 969 156 639 501 204 706 986 696 276 858 291 122 651 698 655 783 65 293 300 468 783 372 216 332 850 416 949 153 700 414 700 677 428 423 852 834 36 678 361 894 628 926 787 784 717 231 817 248 15 883 124 352 312 738 273 832 986 897 787 361 884 995 950 787 129 908 489 215 144 956 468 87 513 957 700 189 763 850 514 235 379 198 872 803 433 123 851 211 25 83 782 203 675 552 759 553 541 498 987 878 452 732 422 498 63 689 251 501 328 957 824 421 65 33 449 715 496 394 955 622 983 878 827 379 317 321 48 869 389 897 467 227 868 456 191 427 527 664 754 756 399 124 443 644 4 208 908 578 73 542 913 616 691 489 449 332 106 250 121 574 561 697 756 883 643 181 152 966 963 462 375 212 584 584 521 230 642 827 357 283 292 902 2 491 559 199 204 479 870 399 285 301 725 560 776 519 402 818 676 225 473 623 300 207 445 365 905 24 439 140 1000 106 168 901 539 447 954 818 978 113 280 548 634 997 151 898 139 953 341 339 823 997 142 585 903 549 993 73
828 441 599 907 262 633 305 961 240 963 842 372 958 710 699 477 511 577 322 123 595 676 15 274 676 197 338 48 682 709 38 84 598 101 21 105 276 249 469 579 936 595 366 770 657 749 143 935 700 959 689 30 784 558 106 519 612 109 380 487 677 539 977 633 960 586 274 164 430 186 136 160 858 644 930 549 950 496 564 71 435 983 426 942 42 767 351 284 364 243 947 990 751 183 396 428 281 943 911 660 27 535 318 863 771 527 694 663 965 189 721 517 200 220 763 9 263 141 628 151 545 423 609 994 597 942 789 60 525 936 410 153 557 28 309 77 716 49 50 190 785 653 658 736 96 802 468 915 599 767 402 241 252 583 507 250 533 707 993 583 174 488 624 432 354 421 875 339 291 5 27 812 772 277 634 890 458 607 147 448 357 802 637 759 817 379 599 931 774 247 783 370 199 358 761 675 19 849 734 658 218 372 551 59 536 195 835 749 813 922 288 251 197 32 101 898 574 884 627 511 583 217 164 272 322 553 97 968 966 999 927 201 856 705 253 355 449 559 38 447 822 493 834 763 58 363 700 656 396 745 622 736 186 820 60 922 236 937 459 40 666 99 358 86 986 43 965 955 63 200 76 585 286 556 612 486 149 333 120 577 194 965 768 903 860 805 207 791 264 466 108 964 907 493 673 121 219 342 829 888 257 731 627 37 909 525 251 389 462 233 321 756 512 423 17 721 903 711 132 945 13 370 273 16 49 229 389 563 217 146 297 761 481 258 770 863 442 410 383 831 532 487 826 380 391 43 912 762 284 59 382 690 251 480 943 793 501 871 264 987 404 723 426 932 773 581 781 296 363 535 278 106 134 522 717 795 18 526 548 819 801 915 388 389 725 124 79 246 418 172 788 162 809 795 830 763 995 191 111 433 782 794 370 326 852 875 468 49 225 72 418 300 749 163 500 991 431 395 216 848 367 990 570 396 618 834 408 921 271 84 191 746 906 790 530 301 462 676 486 961 569 230 837 164 652 962 737 593 563 700 367 871 96 847 700 586 955 759 901 344 870 519 290 242 849 524 386 383 612 56 850 150 250 300 405 597 597 645 66 323 126 760 899 205 256 389 849 248 667 398 421 217 901 52 799 890 68
309 92 820 734 105 538 611 377 117 718 109 905 661 816 413 507 936 413 428 157 733 860 76 833 26 414 5 411 667 701 38 897 916 914 142 35 558 914 878 817 768 886 617 279 985 163 293 139 400 158 533 722 967 683 414 747 484 338 582 575 778 228 300 183 931 59 169 142 111 517 922 165 845 802 373 851 338 77 69 699 654 448 936 837 669 776 893 905 845 148 934 175 973 777 415 936 614 715 233 424 84 974 34 234 895 90 25 858 192 656 466 778 419 33 281 181 59 707 514 383 139 457 22 136 297 253 244 964 741 354 915 230 950 68 152 316 426 144 632 602 297 679 487 830 887 507 46 743 213 131 271 377 878 352 838 677 795 31 605 948 853 878 914 564 586 428 473 208 148 740 243 879 376 597 528 973 323 319 290 217 350 298 24 27 604 648 325 866 354 619 402 155 207 319 98 110 398 922 51 957 656 542 520 150 144 923 596 724 521 896 219 218 539 827 771 895 959 15 265 169 313 265 379 264 565 966 762 24 170 203 88 160 808 753 290 865 604 583 636 910 966 158 605 882 466 468 393 736 114 813 525 737 498 223 93 643 543 533 283 883 331 509 714 30 313 532 829 86 774 408 161 768 304 42 459 884 764 259 705 68 49 506 534 677 995 142 692 808 488 765 815 73 116 727 975 293 929 164 390 26 222 90 938 578 203 255 587 470 850 63 235 688 225 668 631 978 153 200 841 938 331 360 669 107 58 113 534 920 757 765 488 710 243 460 392 524 116 239 344 480 190 250 403 915 238 322 180 597 889 282 835 849 240 526 794 895 89 480 944 651 494 723 776 319 18 967 563 315 143 541 189 55 501 859 56 948 351 539 398 875 921 75 555 951 670 214 16 144 339 797 642 875 292 188 906 223 375 966 28 43 281 743 669 161 924 615 136 145 6 301 621 853 681 712 297 29 946 108 214 763 564 245 785 584 864 650 107 267 67 844 116 870 321 946 175 670 862 650 467 24 854 467 29 885 949 999 386 605 287 611 858 738 184 658 764 199 482 912 100 877 101 761 289 222 954 896 355 246 733 276 537 609 996 285 53 588 155 668 87 535 947 10 120 887 281 130 818 486 466 846 327 44 867 17 470 738 788
336 712 181 589 690 799 437 953 797 649 835 260 673 233 448 359 358 503 444 93 560 885 676 249 830 523 879 582 675 768 671 205 865 60 987 619 291 626 930 564 823 283 976 451 903 202 183 302 441 413 717 680 117 586 48 321 880 255 78 233 58 250 45 91 624 662 491 185 575 425 379 384 364 327 955 937 435 27 475 329 1 340 708 838 491 536 39 386 839 528 970 3 672 426 359 981 569 67 633 294 816 462 717 588 786 159 720 140 45 295 584 959 425 411 682 458 984 653 441 218 240 707 720 211 78 626 457 19 504 762 136 908 751 449 659 850 778 94 372 917 952 725 175 853 863 732 367 213 173 987 914 127 472 870 844 225 886 982 318 882 453 988 791 496 666 350 632 185 921 282 259 337 770 533 560 135 213 864 175 2 462 612 162 931 133 515 705 836 496 229 723 924 261 583 897 79 159 725 307 984 430 851 311 614 165 171 595 839 751 574 305 255 601 53 200 766 99 878 960 256 578 798 164 994 188 128 663 516 190 414 347 730 976 999 963 816 241 852 1000 342 1000 339 695 184 906 305 828 859 117 467 83 235 235 106 44 298 278 315 837 367 311 925 174 39 432 875 496 563 416 856 901 210 884 236 11 61 480 371 971 431 823 253 132 138 736 711 943 273 940 101 338 892 123 477 115 862 309 201 417 380 687 690 841 74 532 87 717 612 655 616 605 252 733 63 545 147 186 397 237 872 281 441 510 26 504 968 641 549 619 153 692 947 173 216 942 451 892 973 307 399 395 851 694 824 959 632 104 985 202 16 9 194 304 79 950 825 397 155 154 279 843 797 616 310 784 411 340 897 219 841 88 975 786 118 959 575 801 198 594 297 423 103 248 747 637 667 184 17 869 661 968 704 818 706 269 163 415 686 986 638 289 819 102 815 705 809 616 881 161 67 241 510 290 703 421 5 247 498 659 374 847 297 631 93 412 837 162 310 382 91 722 723 671 476 509 981 619 921 458 189 116 826 182 665 585 205 435 333 595 512 260 271 408 571 696 712 409 29 588 179 707 12 581 211 585 288 945 936 359 860 406 42 679 36 334 955 972 216 55 135 342 386 918 365 352 830 542 701 597 90 898 606 897 420 807 528 408
282 720 466 539 547 872 624 128 765 102 911 367 603 685 877 962 344 173 124 411 64 859 211 92 564 277 707 126 120 699 928 314 422 604 942 420 44 305 404 782 626 701 170 989 89 585 233 718 496 670 522 235 501 990 879 1 911 443 246 17 338 619 590 596 162 311 555 526 34 250 223 578 556 259 994 196 944 918 759 2 345 248 797 813 176 949 411 300 229 215 741 563 225 299 368 560 333 65 281 919 116 894 919 95 734 386 930 753 262 953 5 303 648 875 892 854 755 189 764 873 651 261 387 759 589 256 479 331 696 890 836 338 34 142 296 884 492 357 165 909 581 947 78 749 577 174 197 115 431 68 124 579 901 661 2 718 696 922 309 272 947 975 351 991 741 986 771 83 906 961 404 378 282 670 632 435 114 935 332 612 654 114 831 652 8 980 512 721 818 201 618 505 388 24 722 713 997 652 469 675 785 425 25 55 142 972 214 894 54 245 449 644 1000 867 45 908 67 116 782 194 540 47 228 508 274 189 456 397 142 759 756 509 792 744 846 950 941 671 630 527 11 533 163 556 192 826 354 204 286 49 212 837 975 170 866 786 660 781 487 488 649 812 386 684 522 41 182 306 387 989 47 114 103 17 197 365 917 349 623 138 34 344 373 514 951 582 781 319 184 770 915 612 719 549 647 188 121 784 104 581 613 411 782 640 65 209 425 851 811 533 994 426 425 802 626 757 964 321 83 755 885 32 473 457 772 395 713 883 386 283 750 810 383 18 766 642 657 784 632 797 15 534 88 862 183 760 800 21 171 725 391 680 161 701 708 477 27 447 123 729 122 376 531 549 974 559 528 980 399 979 382 588 784 773 852 868 619 500 622 175 186 409 17 98 422 338 386 706 621 116 180 746 242 450 616 206 365 836 5 762 836 913 609 359 253 644 293 448 130 555 253 238 462 506 836 802 285 662 5 81 548 90 340 982 363 927 887 215 228 152 980 725 794 99 362 514 812 891 200 839 155 180 928 294 285 959 771 463 916 891 148 614 393 878 141 496 29 540 55 735 57 142 912 882 107 258 684 588 46 63 390 262 512 871 715 812 210 757 15 153 138 355 465 325 627 692 450 977 665 817 642 317 540 154 841 442 683
395 450 929 912 975 599 360 302 533 347 830 506 760 257 94 400 532 701 262 227 619 271 224 957 807 204 362 284 772 662 970 506 576 127 898 877 634 419 220 954 236 840 110 438 394 203 607 434 336 754 840 481 611 547 78 731 556 8 647 784 784 597 742 644 185 537 294 956 67 804 616 296 961 683 953 974 183 68 190 509 903 685 122 211 422 829 709 601 472 763 316 146 346 978 760 22 912 842 737 318 746 949 613 565 996 2 765 532 585 447 661 727 964 698 236 209 670 498 83 110 538 322 800 605 431 897 899 240 161 883 374 465 228 375 88 430 799 460 249 55 862 850 163 76 794 921 859 664 649 459 562 901 213 388 844 411 959 945 217 637 581 390 632 559 170 355 922 74 175 895 249 154 961 183 773 555 564 677 679 19 298 671 275 5 457 113 950 994 52 648 74 623 242 664 247 379 204 279 47 257 765 836 811 705 813 987 669 854 940 503 972 387 263 474 241 619 173 993 829 602 282 635 922 998 792 579 931 738 758 627 950 223 894 240 950 57 735 156 681 647 896 663 392 986 879 176 560 102 221 707 621 967 672 912 315 423 687 592 303 536 690 864 990 714 346 155 920 588 42 663 772 939 612 950 339 529 119 98 611 584 59 218 953 765 471 895 368 248 955 193 328 970 269 391 638 731 449 998 122 300 643 621 374 192 86 451 226 39 661 168 17 673 880 285 904 28 738 963 838 567 964 934 647 253 242 236 547 593 791 673 413 75 351 967 531 901 86 257 469 448 715 815 464 237 47 389 401 627 879 836 70 971 346 367 368 626 854 734 116 860 525 996 123 50 889 28 921 486 318 321 91 783 1000 19 163 746 193 679 806 824 972 29 788 3 429 609 779 384 137 673 778 865 57 449 893 51 699 993 975 346 128 300 139 575 501 359 981 310 279 692 801 106 44 478 107 554 505 983 409 265 388 952 460 493 706 959 589 677 617 979 794 760 248 311 3 890 297 114 547 247 950 6 395 269 811 71 380 963 759 390 200 515 703 35 816 980 45 958 241 807 501 970 186 365 375 46 20 384 601 911 904 351 934 29 827 61 205 790 197 114 640 557 992 471 130 478 387 877 674 680 872 885 745 564 471 959 518
423 237 58 170 342 139 140 29 454 761 843 817 485 177 845 175 728 916 154 699 863 387 485 656 768 584 511 319 284 881 434 25 511 649 121 742 285 107 414 875 872 943 834 456 719 34 632 964 881 630 915 382 840 479 203 714 864 550 889 583 248 679 306 654 644 596 74 66 126 69 708 310 75 946 73 91 426 695 735 417 12 1 174 774 136 395 890 738 715 740 779 672 762 303 249 605 667 712 827 295 296 180 619 403 822 17 362 839 380 611 88 255 394 982 41 741 332 593 200 829 181 792 481 121 469 724 945 644 336 966 401 910 102 326 717 991 429 922 896 408 659 512 789 208 546 440 458 809 448 24 135 24 79 614 261 514 341 280 272 238 323 874 973 254 373 130 664 99 915 69 88 322 294 902 161 652 416 903 322 390 38 428 671 157 469 166 555 796 147 228 3 15 304 420 843 671 645 523 356 148 167 998 61 448 836 735 66 167 96 856 538 395 150 438 140 926 807 150 606 272 315 632 667 327 138 805 661 566 236 613 817 255 334 89 957 630 883 798 584 184 794 374 102 789 862 342 253 414 281 868 444 973 596 132 622 528 870 359 67 799 248 334 259 227 442 672 328 162 327 757 60 32 361 727 223 988 546 505 499 769 826 613 664 789 21 333 284 17 831 345 53 255 783 300 954 426 786 881 377 673 573 270 502 239 800 555 682 855 48 769 725 390 6 5 196 974 121 517 598 167 535 795 617 669 436 141 75 710 491 515 343 74 689 735 407 638 293 338 944 730 68 638 757 868 268 8 448 94 653 107 448 850 899 304 342 568 278 842 901 393 470 55 912 243 428 285 404 600 2 482 529 745 112 97 4 365 699 772 88 855 664 18 787 897 752 231 32 658 800 14 645 565 110 349 552 686 77 110 517 49 31 34 109 109 470 49 241 609 243 996 753 391 371 755 631 470 795 294 938 363 596 682 601 774 750 629 460 372 888 840 848 989 25 740 649 112 138 265 476 847 228 877 243 118 476 788 93 187 263 568 902 682 634 177 100 652 409 710 815 825 921 852 896 914 57 429 384 639 760 614 141 127 749 271 480 522 947 556 425 69 573 819 850 572 952 415 81 46 852 303 267 953 927 945 962 553 189
245 281 11 226 832 330 554 283 629 458 179 998 248 672 114 716 724 635 872 109 905 957 278 484 543 564 203 636 262 918 891 545 347 822 183 726 280 973 884 624 698 499 716 215 832 418 646 178 598 937 817 493 156 901 164 820 132 225 293 873 813 523 463 858 426 316 227 749 907 853 425 306 400 367 891 296 651 70 628 177 373 910 166 481 554 16 596 551 877 216 832 284 299 1000 408 11 776 575 565 813 422 264 416 388 388 810 974 517 983 553 915 488 150 963 35 87 978 405 741 374 837 793 153 377 512 926 552 614 538 498 940 77 297 961 499 80 914 429 903 299 48 84 454 514 67 780 237 234 107 854 460 805 9 380 323 286 315 552 82 776 816 17 878 698 149 619 224 263 484 756 885 58 963 18 70 993 717 641 808 173 719 812 646 372 399 792 445 77 946 489 437 682 308 237 670 939 417 320 602 533 219 459 870 9 247 924 54 476 730 193 478 589 107 493 826 237 365 158 686 598 489 359 373 721 977 237 516 68 693 745 656 950 539 171 606 494 834 545 749 977 66 717 925 281 214 538 870 212 64 577 162 967 699 524 77 864 525 668 906 659 665 232 812 407 65 62 971 142 467 44 745 847 43 194 156 429 860 442 454 364 907 35 465 406 660 627 319 546 818 287 722 659 783 86 435 164 977 651 641 917 992 232 391 387 240 49 661 630 364 85 127 932 665 934 311 682 182 823 108 143 195 286 74 656 983 608 948 463 36 508 199 684 153 391 3 315 277 255 998 595 750 119 863 294 808 210 136 83 546 505 549 745 39 152 2 916 446 789 763 424 11 473 29 882 142 774 23 335 688 343 409 346 662 947 120 938 424 60 765 911 661 497 815 215 553 754 894 716 969 607 14 757 587 363 913 500 779 990 123 742 366 416 522 528 942 662 762 592 304 981 82 538 595 643 281 611 153 697 93 853 365 586 632 606 496 48 256 54 61 911 885 84 344 181 104 68 807 4 731 52 903 328 257 697 618 341 774 78 41 518 790 547 158 835 101 883 728 470 589 926 262 776 646 434 541 996 976 760 488 916 519 33 786 76 554 522 710 259 417 782 326 523 353 820 264 212 815 480 192 318 810 11 313 189 595 292 471
855 51 973 445 157 8 41 695 246 994 629 999 734 880 150 236 695 341 985 851 290 867 43 563 918 39 210 684 343 676 146 117 33 725 68 227 872 662 976 853 855 138 404 422 67 394 108 681 227 647 445 470 732 751 192 94 36 405 807 120 473 501 292 856 723 794 140 65 897 786 350 772 318 883 11 916 200 156 104 676 988 497 590 526 147 383 874 99 557 82 19 540 314 149 770 483 927 652 580 540 131 76 914 871 82 637 797 769 137 285 890 261 942 705 503 728 441 810 836 741 889 121 200 597 556 325 187 836 318 270 349 69 509 589 699 32 27 885 727 23 57 120 20 482 747 538 493 239 554 731 448 330 600 417 876 847 310 169 66 602 852 987 867 509 219 543 861 587 221 910 681 111 967 170 407 360 23 212 680 667 29 231 87 405 989 826 959 682 51 123 660 189 582 159 742 925 615 667 703 94 503 101 497 68 650 22 397 792 882 839 336 130 171 955 241 817 306 49 7 557 247 270 250 893 143 623 614 777 668 600 212 458 343 846 187 282 465 947 8 22 769 204 318 768 299 849 688 360 133 411 109 547 926 232 81 956 683 65 989 612 290 796 971 601 638 459 655 313 474 432 463 843 198 334 717 39 427 879 991 714 409 855 822 327 400 221 521 305 797 5 568 120 181 58 362 34 661 344 920 541 898 949 894 765 483 910 853 795 177 333 931 115 20 551 858 274 444 672 310 852 74 500 284 378 334 430 610 349 721 501 16 853 321 693 492 719 52 359 11 653 416 56 322 276 601 395 193 893 340 394 702 644 944 190 556 595 940 7 782 371 547 767 537 901 159 229 245 816 233 889 796 714 160 496 483 430 480 306 74 914 531 864 899 608 996 796 515 669 431 363 885 166 272 328 858 181 868 949 686 497 1000 765 205 810 394 245 244 222 935 86 258 861 8 545 778 307 262 971 232 580 599 947 38 606 873 134 831 595 514 941 359 571 505 570 725 930 331 953 984 402 556 538 217 308 744 817 301 844 4 319 133 304 165 564 344 475 176 74 134 893 856 741 157 808 639 389 362 571 483 22 413 606 899 237 234 345 824 235 373 661 559 623 45 991 341 251 269 242 686 252 749 23 192 91 650 143 121
76 177 129 713 465 645 181 190 42 824 564 157 613 180 706 391 638 27 218 175 551 801 737 331 383 522 78 139 378 150 456 374 456 537 356 149 761 646 68 188 700 759 145 908 29 928 694 61 516 663 32 425 643 498 852 415 493 116 254 617 42 662 671 321 49 704 335 772 961 384 811 124 396 439 841 103 602 553 494 896 164 139 993 535 99 535 340 77 759 636 379 348 581 334 871 746 705 816 742 325 29 793 700 711 945 344 160 524 732 780 241 918 101 857 146 239 162 905 303 264 888 244 549 466 365 106 601 83 627 991 206 129 854 179 837 53 454 311 697 498 727 768 1000 525 714 307 511 676 755 638 464 731 146 220 465 834 705 128 11 402 147 678 931 568 894 566 589 783 513 796 853 509 286 374 77 825 701 435 791 49 18 17 985 345 368 868 70 39 619 698 65 902 533 272 788 732 882 598 334 526 371 218 258 223 86 422 459 763 72 443 496 126 551 488 600 39 354 147 803 864 591 602 921 916 157 472 177 648 293 773 17 250 603 855 913 272 77 858 197 866 639 926 908 1 321 954 83 123 556 89 79 471 47 863 157 127 967 15 213 85 678 297 858 933 510 848 467 86 746 410 305 488 21 706 592 967 954 41 353 824 817 219 911 588 757 900 958 335 192 823 936 509 674 590 177 332 338 305 309 920 189 42 184 806 902 969 467 135 287 237 902 415 460 756 21 860 945 128 953 826 701 871 815 988 966 925 801 624 277 734 605 750 883 469 960 622 874 408 364 675 120 926 231 460 135 241 703 630 432 759 158 325 548 950 551 991 96 641 404 426 999 178 270 547 84 161 789 382 206 110 897 534 973 550 388 214 465 949 984 328 45 386 270 277 379 849 467 946 910 651 36 691 125 350 742 732 358 574 737 641 996 960 659 7 845 910 633 840 457 409 14 765 894 36 183 226 310 168 639 907 121 229 94 613 95 938 595 668 955 452 515 660 62 387 495 11 648 735 389 603 827 295 403 299 441 77 838 876 74 175 515 331 23 844 308 978 892 35 8 183 390 303 742 236 558 559 194 449 189 32 595 583 733 138 633 687 552 557 376 846 817 628 659 125 758 487 468 577 795 526 41 66 580 603 643 520 835
90 246 492 104 621 102 924 931 534 509 936 958 297 772 29 658 380 682 54 819 710 19 373 430 983 748 106 327 787 444 787 355 632 821 567 193 996 52 60 803 634 579 522 467 804 43 78 641 317 268 614 973 599 82 273 824 261 289 351 927 964 346 902 819 216 897 340 245 410 664 276 547 713 787 164 997 416 857 310 174 554 305 877 116 641 799 548 674 505 746 540 571 907 89 363 515 255 958 521 57 701 578 37 858 997 26 867 184 43 420 993 93 294 510 288 187 135 963 619 262 887 104 803 287 271 905 132 674 83 842 435 893 562 922 685 916 677 517 393 811 273 939 461 732 127 503 129 550 903 777 849 472 580 386 17 918 778 340 477 574 892 77 457 354 731 427 975 524 149 375 714 600 512 936 462 166 533 493 889 799 136 860 815 351 401 920 448 7 571 186 179 255 859 648 346 964 541 60 194 579 106 769 645 518 456 807 963 980 988 218 218 150 843 583 118 602 303 983 504 544 372 562 330 419 745 262 902 998 185 700 497 173 129 647 7 148 765 153 818 347 402 714 977 237 768 220 112 791 723 55 407 741 820 784 225 220 743 548 267 176 128 258 507 158 625 58 52 127 294 89 678 602 879 863 270 18 293 994 958 699 512 213 605 365 252 120 669 164 209 419 884 45 159 638 220 61 716 393 817 777 270 316 477 362 171 327 78 101 391 883 821 483 591 497 444 167 13 918 639 454 221 790 45 66 468 897 807 814 308 928 556 919 340 680 881 462 892 798 359 437 403 86 626 81 984 383 262 992 651 653 921 974 807 475 648 487 391 696 702 997 334 497 341 624 242 683 135 654 26 360 624 861 964 559 274 25 918 733 375 931 196 742 228 660 530 386 549 95 181 642 746 570 579 875 622 128 649 19 219 281 471 318 684 263 507 675 905 280 86 89 892 637 125 715 63 579 782 762 156 138 695 142 870 936 493 421 388 686 912 638 716 223 526 183 937 288 748 804 48 921 507 297 806 528 478 62 976 204 24 464 141 523 10 201 767 583 409 435 236 77 93 319 328 606 49 387 633 557 489 25 847 167 784 255 60 599 457 60 905 482 207 527 975 819 127 452 669 516 370 938 657 208 191 849 813 864 54
975 722 401 486 663 293 777 466 54 715 131 600 345 836 739 896 898 892 84 672 861 769 659 761 43 915 606 148 821 627 318 691 892 745 405 496 723 504 464 427 36 401 646 502 249 660 721 57 527 726 991 570 898 793 91 706 352 14 503 887 957 904 269 40 930 246 147 174 430 853 614 789 502 355 432 710 208 978 773 540 509 337 442 934 566 782 871 695 35 783 190 692 875 269 854 720 443 548 483 298 673 23 773 460 459 1000 882 351 297 911 885 554 36 625 797 536 969 824 875 692 692 927 49 373 88 468 562 587 343 801 871 484 29 550 682 188 490 458 884 555 528 301 492 541 961 492 738 649 125 100 149 177 641 524 921 537 370 595 19 665 772 13 296 695 836 519 428 321 174 598 268 263 977 241 161 1000 196 596 963 770 975 625 948 1000 168 119 865 993 596 226 918 425 715 24 162 805 91 322 523 896 496 250 792 239 680 446 714 492 90 885 817 636 252 743 689 53 629 681 513 511 106 292 566 971 410 155 727 853 296 288 546 923 337 673 616 712 17 125 79 180 518 332 315 59 915 607 553 176 614 5 344 743 717 57 541 488 831 658 995 802 292 299 123 464 56 940 804 424 943 41 88 28 687 369 146 701 928 39 116 888 974 967 513 485 356 647 120 879 718 135 18 141 619 250 236 287 958 813 343 316 924 411 448 213 307 830 119 241 118 964 707 769 705 58 704 833 659 501 33 520 153 116 19 579 778 295 710 198 671 737 237 232 624 876 516 128 435 201 234 413 791 205 258 149 394 222 609 1000 876 901 356 912 567 146 429 497 103 737 158 156 479 462 767 984 640 160 348 554 539 476 199 693 316 97 93 125 604 333 730 137 881 590 865 313 903 37 693 527 94 609 345 619 951 812 719 560 150 289 409 400 563 932 307 49 711 766 851 297 625 613 989 718 908 632 62 93 482 301 497 885 931 275 94 863 448 278 748 128 158 842 687 53 661 837 699 585 237 836 30 224 401 927 784 266 337 891 318 756 425 963 489 393 231 979 162 644 97 80 724 148 350 170 109 666 196 827 453 369 257 618 561 279 339 520 765 917 145 162 659 666 460 642 618 126 766 769 27 398 144 159 258 183 67 505 226 927 910
460 796 895 217 717 568 676 27 471 581 926 867 161 457 476 779 698 397 999 931 704 62 15 706 816 120 750 319 451 322 844 501 611 698 97 826 693 366 814 146 94 467 533 343 689 400 915 318 928 248 883 1 728 893 677 214 498 420 510 734 913 121 63 362 413 663 405 396 377 494 124 88 492 354 102 316 978 502 674 289 218 321 92 935 966 992 548 159 113 479 414 256 771 877 246 581 727 827 789 543 779 997 380 724 809 869 501 923 351 458 770 813 623 146 292 359 944 210 345 374 106 764 710 393 658 676 337 479 931 626 116 552 371 309 728 764 879 483 527 260 532 197 462 213 246 681 740 772 902 546 87 140 659 12 337 72 131 799 614 960 29 697 995 509 612 536 906 75 412 823 214 413 546 731 828 842 774 163 637 141 351 451 401 983 707 819 949 114 400 530 571 264 409 72 564 95 359 910 848 960 298 9 120 571 724 712 387 543 404 367 267 995 197 394 691 680 787 797 801 846 335 708 549 402 902 857 83 117 644 182 639 838 612 97 567 52 609 987 321 592 93 927 338 580 329 848 771 56 830 499 529 762 863 113 682 601 570 188 364 100 806 580 689 645 518 874 822 225 710 261 587 985 654 687 168 269 991 11 333 87 27 785 475 832 748 831 2 172 995 500 871 258 969 767 518 216 408 775 493 343 978 762 916 820 965 147 332 121 667 214 309 553 741 614 503 680 623 68 469 967 436 511 527 138 153 938 105 446 30 209 276 161 672 921 816 409 628 498 155 102 711 424 498 955 622 351 537 679 120 429 265 737 714 360 144 362 241 436 934 942 68 629 307 249 878 277 994 556 793 864 639 936 816 808 274 748 62 729 927 894 930 949 917 997 767 234 897 218 554 461 733 92 150 325 739 797 530 161 38 178 601 570 68 401 917 75 579 312 646 844 164 391 99 852 976 509 72 371 620 827 108 369 981 122 243 603 113 301 212 350 296 5 355 807 763 260 2 520 899 654 864 315 431 686 505 706 783 804 921 369 663 516 716 713 472 844 575 913 600 60 26 200 835 958 692 928 728 390 254 682 915 827 948 953 98 550 690 835 476 338 577 473 836 960 931 869 86 785 539 901 738 98 117 16 843 85 221
952 717 18 102 754 713 195 110 805 436 958 809 812 849 639 458 868 986 584 237 989 135 871 953 701 211 511 610 824 713 485 665 135 157 265 835 622 768 211 247 374 573 248 349 687 972 428 41 817 153 100 959 715 438 547 37 803 24 902 306 294 834 717 445 239 153 185 163 670 744 848 699 604 517 14 769 37 932 931 835 846 850 683 703 946 318 344 560 997 425 574 222 251 573 198 60 992 648 984 429 56 393 758 164 282 293 369 505 115 895 703 841 240 1000 275 79 648 117 342 311 779 18 409 512 294 393 293 1000 734 807 951 698 689 450 270 830 383 348 503 126 583 14 578 733 678 872 785 363 51 281 95 223 948 52 658 543 566 208 591 655 163 547 999 894 985 774 830 870 916 680 190 762 335 824 266 512 999 579 524 825 861 96 633 274 814 586 663 604 73 19 875 754 930 251 169 752 227 627 184 46 604 385 371 507 648 94 797 872 985 842 100 948 611 82 287 553 214 399 582 953 115 402 369 871 926 206 712 330 629 784 695 742 742 328 297 433 116 264 411 208 869 897 378 258 295 811 295 411 832 672 352 219 407 170 310 79 625 674 133 522 840 209 492 142 645 277 896 984 633 817 820 885 527 625 812 785 188 600 768 838 896 384 794 502 657 938 60 172 893 232 42 537 875 456 77 71 540 445 440 434 440 521 342 24 379 722 729 684 663 209 15 735 364 92 874 915 998 514 156 793 371 952 556 698 800 261 568 594 181 254 20 951 468 50 194 906 191 731 621 477 611 235 456 958 826 861 166 923 583 705 921 763 665 792 633 200 401 969 653 614 148 125 212 964 529 692 599 372 663 339 118 191 339 858 141 728 182 889 293 519 746 708 531 161 541 264 236 109 911 392 648 959 13 620 467 775 817 200 438 35 150 89 743 933 185 16 461 751 257 944 74 849 928 476 942 880 310 351 161 217 426 496 228 145 566 663 898 438 589 818 231 691 88 62 862 450 760 906 328 585 260 156 240 460 500 823 736 41 429 200 230 514 457 165 865 390 981 487 352 534 698 390 934 790 804 822 156 933 575 858 420 772 356 172 158 128 380 61 848 926 114 731 262 862 746 599 521 712 864 926 564 669 605 512 702 392 422
636 725 579 3 51 360 4 50 194 98 117 521 347 462 26 236 608 755 458 405 91 253 877 288 584 483 194 984 387 658 10 704 410 949 867 63 13 357 768 302 459 787 314 195 344 175 655 621 259 246 927 305 9 114 462 386 353 189 977 239 255 932 504 406 745 20 99 856 352 813 268 286 709 994 773 670 409 201 577 687 601 961 701 589 542 862 272 341 632 515 132 162 975 962 524 446 61 331 865 302 487 951 297 464 807 579 506 882 222 971 591 941 493 180 716 846 225 919 49 102 187 210 100 672 739 563 169 491 125 758 551 154 387 222 966 408 609 11 807 68 217 760 142 726 539 323 662 979 834 869 937 849 146 237 54 936 292 338 713 850 631 711 474 506 598 377 865 313 285 778 999 537 186 852 767 48 170 411 751 578 92 416 757 673 402 449 395 338 517 520 406 637 170 266 529 227 942 106 508 198 163 533 193 432 218 688 343 775 381 443 597 947 924 320 29 779 594 327 889 962 968 705 229 44 328 713 197 55 618 139 41 504 947 182 869 408 720 232 797 53 265 553 481 289 826 334 581 734 78 379 188 643 927 47 39 317 693 202 597 813 627 676 746 713 9 392 413 103 632 780 23 647 958 430 298 32 208 939 557 938 139 710 116 342 372 222 591 187 820 336 323 203 514 639 786 539 252 936 95 249 926 133 493 790 840 292 102 893 560 365 538 434 85 824 282 221 544 482 350 619 581 973 449 686 733 612 369 628 757 374 987 993 424 514 968 978 377 636 877 262 832 387 203 184 45 897 302 237 460 876 34 707 480 952 553 605 416 896 496 257 455 797 70 672 988 242 381 811 127 140 191 282 605 490 836 460 264 96 246 376 756 130 959 416 25 285 353 7 335 572 302 370 421 787 884 160 496 497 939 41 882 124 60 555 355 123 663 491 351 617 333 397 718 209 281 815 478 683 986 391 735 136 764 724 114 997 114 413 426 294 366 349 31 30 391 64 506 826 6 502 154 312 759 909 456 243 594 423 834 161 340 483 392 979 110 574 115 287 444 469 233 831 562 880 385 35 124 839 473 9 180 119 203 827 103 637 920 128 809 613 6 642 82 630 676 712 567 530 339 166 608 14 405 903 514 433 124
912 541 623 642 406 606 582 265 1 694 270 251 570 48 995 421 526 973 585 778 489 835 540 154 418 495 403 274 40 978 248 99 740 150 570 94 877 172 64 1 189 386 232 512 737 80 859 869 795 373 683 452 899 202 839 726 752 911 879 583 491 156 672 360 392 786 151 949 225 195 755 506 583 933 592 773 484 421 627 826 482 143 40 65 221 528 202 520 519 163 994 300 957 732 177 624 112 993 547 708 592 779 765 708 831 355 318 511 152 92 597 59 208 723 523 792 259 884 413 720 693 610 264 441 258 61 591 350 709 80 696 292 115 803 462 224 845 292 7 872 589 277 305 605 736 78 10 666 513 335 89 127 794 169 5 431 133 222 138 553 891 784 488 879 86 294 123 186 925 130 901 949 615 211 729 251 460 342 173 273 271 492 758 775 173 207 798 580 729 214 36 159 94 291 210 107 700 735 578 279 580 373 101 666 233 125 20 754 813 206 595 676 473 419 195 265 156 955 912 203 646 77 939 28 767 284 228 518 897 547 181 339 95 475 516 970 913 277 361 192 522 181 637 51 720 92 13 326 16 387 373 868 347 295 42 100 528 30 476 486 541 395 918 364 876 630 462 419 492 270 957 939 782 711 824 543 887 229 258 41 604 847 86 764 868 425 762 551 362 122 688 422 969 555 657 985 879 146 376 165 685 405 626 881 646 723 834 745 765 270 751 995 161 127 380 568 934 813 571 986 739 126 205 421 410 991 535 845 944 457 577 435 620 476 297 565 108 19 392 647 650 575 497 831 157 272 718 563 781 660 657 573 846 961 735 423 248 860 158 560 64 213 462 546 330 978 666 529 151 318 874 602 7 23 23 246 664 360 128 699 155 214 77 383 355 481 307 591 406 822 481 328 846 966 424 598 816 92 697 602 745 282 913 961 474 480 801 238 198 311 119 126 944 626 539 210 383 327 685 757 956 895 461 618 153 919 906 324 968 272 1 180 748 205 700 798 138 143 937 405 562 813 957 277 860 432 42 715 10 648 186 595 526 310 739 709 501 908 414 475 900 114 389 433 560 317 469 95 577 302 555 669 604 62 427 992 785 989 349 973 367 867 915 767 92 52 260 453 953 936 906 277 170 774 130 124 753
682 599 140 188 270 627 383 23 266 395 945 991 991 155 333 287 184 208 190 85 782 251 731 16 412 900 787 605 126 871 164 821 312 630 400 624 967 311 940 249 432 608 213 809 517 776 571 723 142 331 532 758 562 625 918 473 5 56 459 719 271 591 562 489 808 948 637 481 475 637 561 942 316 968 745 776 813 838 135 964 91 93 676 761 936 416 440 905 458 893 895 163 246 563 190 739 52 830 771 579 205 291 954 519 617 661 151 632 688 383 880 535 777 602 751 554 523 483 622 889 892 93 649 153 81 714 635 27 766 733 321 433 756 978 470 411 823 577 257 594 529 284 397 348 309 633 459 174 138 952 939 766 666 482 420 502 573 993 17 31 598 984 968 98 497 612 569 718 84 351 187 552 639 841 849 43 957 379 649 523 810 605 136 196 900 456 666 472 885 46 884 363 433 141 569 40 451 839 116 75 415 369 11 394 106 768 591 418 817 718 729 7 996 150 600 962 948 237 493 566 445 743 917 786 280 391 933 946 35 202 521 752 370 598 533 754 931 59 384 336 899 41 462 54 543 839 788 406 120 249 352 600 789 45 978 637 675 337 706 775 554 930 788 372 628 737 633 118 327 369 674 344 956 49 533 507 775 218 279 288 646 576 470 164 216 848 68 883 383 808 8 217 42 825 724 401 460 542 231 159 769 365 844 972 574 112 519 63 440 546 98 321 175 51 109 845 236 920 792 515 560 926 291 134 282 310 389 788 664 944 271 243 700 967 775 44 667 526 47 526 146 569 768 270 728 853 608 999 258 625 901 750 573 390 345 350 627 970 913 542 23 481 538 611 959 652 146 190 258 561 456 39 37 514 405 29 362 667 179 611 396 705 818 789 567 661 138 637 780 415 723 995 238 733 208 2 672 336 217 73 847 966 959 319 820 124 557 448 655 272 226 220 767 18 498 730 303 573 228 557 201 589 111 227 799 320 267 691 57 539 416 699 609 938 279 522 674 768 161 173 12 577 290 76 33 88 50 846 606 45 636 965 685 139 923 241 149 153 575 863 868 353 514 878 71 702 956 517 317 826 535 620 227 932 228 744 774 757 132 411 370 742 302 525 259 238 851 860 191 164 119 251 255 932 577 113 104
193 453 833 877 550 270 498 401 516 40 114 93 270 814 5 981 924 681 88 763 107 993 325 727 170 975 929 819 892 214 691 667 633 849 654 439 980 649 180 734 103 28 198 112 34 803 51 740 717 176 335 501 811 103 23 167 52 976 370 885 840 664 587 376 603 493 785 278 483 433 161 899 549 427 38 988 727 785 545 38 599 432 859 240 937 210 235 239 215 22 933 663 266 15 919 780 587 598 329 9 184 492 957 813 75 644 390 384 437 986 325 760 110 762 379 637 755 430 65 883 497 764 777 258 400 605 425 559 629 574 357 16 583 715 997 704 622 88 644 770 850 831 982 727 805 772 551 645 494 508 606 612 372 134 888 537 273 727 739 631 588 573 207 128 610 955 861 359 280 357 247 694 987 985 219 733 505 807 44 28 736 97 949 610 140 600 623 928 80 455 864 854 968 49 838 351 848 317 49 250 904 155 797 317 534 869 348 449 473 21 298 876 461 43 954 813 256 810 229 808 665 650 675 860 775 369 422 204 351 672 643 225 264 905 840 471 835 369 815 73 480 504 308 820 501 649 847 19 518 339 819 572 750 824 833 319 219 948 872 647 176 871 107 651 283 780 825 33 247 844 996 704 527 879 209 442 903 190 900 571 235 948 484 6 268 901 65 951 176 885 953 296 603 133 301 204 942 68 915 599 728 762 961 871 810 27 827 589 911 513 566 542 405 446 915 275 91 210 519 314 361 748 44 517 691 352 666 520 508 216 495 91 208 953 683 666 94 465 660 420 250 741 543 590 529 767 383 177 818 893 297 603 281 973 543 745 830 696 737 81 174 591 496 532 884 422 586 241 219 221 229 154 803 862 144 493 477 532 236 877 865 922 919 854 877 195 478 578 925 26 219 394 917 539 757 205 64 850 470 587 416 784 292 83 513 195 440 402 876 343 643 262 824 745 275 923 500 312 820 831 158 448 242 154 204 910 727 237 644 58 673 452 221 148 789 951 359 991 630 882 472 12 179 164 339 195 101 180 197 475 491 73 826 646 107 765 607 464 573 178 406 562 399 254 720 783 977 131 651 179 323 43 851 239 723 923 123 5 80 364 432 587 985 912 212 847 508 449 627 195 341 655 485 867 36 262 392
949 912 471 159 823 535 787 289 116 132 622 9 21 658 311 381 164 29 317 6 438 860 47 716 193 657 679 716 915 563 98 121 506 229 250 902 186 357 338 785 142 872 957 905 805 891 548 210 548 841 222 304 532 143 951 159 427 550 443 281 793 346 521 27 812 630 877 125 375 922 754 183 252 584 438 729 885 152 543 446 794 635 29 713 787 847 862 226 239 233 528 153 610 909 403 145 35 237 971 103 925 779 424 383 246 872 799 297 384 104 670 862 741 198 769 704 237 420 711 841 237 520 96 887 992 620 201 470 576 907 530 232 951 626 382 601 6 804 873 791 505 38 773 210 716 425 598 157 422 549 356 663 816 429 343 587 160 931 458 975 522 193 962 398 890 73 473 828 553 891 978 664 57 86 430 784 393 656 582 333 132 731 307 151 582 659 169 296 392 303 352 337 829 541 267 777 387 455 439 91 572 986 481 808 863 78 875 715 757 672 47 650 232 380 625 803 973 360 397 322 37 277 697 214 322 737 794 40 553 51 190 361 109 554 870 642 619 506 832 26 179 7 910 363 468 642 450 449 412 235 621 79 519 692 497 910 844 126 893 201 182 19 303 214 714 13 376 191 173 780 420 289 117 574 176 961 414 126 280 160 238 150 985 145 976 390 682 547 745 802 614 642 958 48 407 86 390 595 641 160 112 807 896 195 962 361 460 759 480 886 32 110 202 325 463 438 63 909 694 948 814 69 596 175 190 186 969 81 781 15 413 149 464 707 273 123 423 774 347 122 33 50 381 160 509 403 56 718 633 300 515 1 161 180 540 6 832 111 753 389 697 296 569 766 534 941 911 64 623 880 489 253 418 487 977 194 630 732 618 12 610 955 772 164 216 331 181 980 752 317 818 760 422 319 529 491 711 682 888 279 662 377 283 802 286 991 459 841 709 900 481 341 284 49 974 209 62 614 141 98 297 667 226 168 642 834 706 524 779 997 36 230 364 540 187 186 77 378 327 109 710 330 34 249 225 635 132 967 104 11 561 925 435 418 25 126 9 66 205 932 909 530 663 240 272 868 544 979 207 281 245 232 152 783 43 877 328 649 314 159 656 933 768 804 125 282 398 225 440 892 497 412 559 475 196 875 427
775 662 903 827 256 455 462 436 117 614 463 47 416 841 712 155 370 15 675 173 466 612 451 835 201 17 673 884 885 40 512 257 799 600 835 672 154 427 194 19 658 861 330 855 350 115 320 992 871 823 910 74 592 389 533 70 405 859 749 455 518 476 528 695 507 779 477 238 803 968 972 304 907 970 880 106 248 507 200 460 559 935 319 904 816 816 812 340 669 802 651 254 274 746 913 273 252 925 229 972 383 65 51 621 588 535 952 152 137 556 394 571 442 183 847 441 401 183 969 938 116 348 820 488 855 159 336 878 672 685 660 197 758 851 549 358 856 268 107 340 221 347 359 581 232 883 827 80 535 953 486 616 512 143 274 46 872 760 37 520 83 629 918 240 113 225 988 411 626 863 829 116 365 779 664 902 613 117 300 356 113 669 818 691 328 389 786 216 283 620 956 604 857 228 293 81 243 860 986 636 781 697 81 536 143 308 391 543 879 935 591 158 386 987 904 468 786 678 669 913 990 959 313 98 432 435 74 49 721 155 900 812 290 118 611 518 987 209 924 969 747 988 785 343 661 217 130 786 38 132 924 86 218 71 504 673 818 240 232 799 640 613 902 493 797 212 204 271 155 898 406 555 283 295 864 103 908 770 222 537 57 324 851 225 257 534 390 997 142 698 660 708 11 173 746 56 790 911 288 114 710 712 993 92 686 95 458 893 512 573 573 202 900 917 389 411 299 315 436 432 858 623 345 288 956 28 182 309 130 626 984 811 322 948 94 198 225 158 101 658 398 789 743 52 2 280 744 365 976 36 436 34 63 855 156 721 333 816 459 816 662 216 614 436 268 317 425 553 938 344 552 881 353 357 493 38 241 28 237 359 463 466 989 207 255 56 788 657 108 752 152 587 640 265 427 421 810 998 230 810 240 542 976 419 657 659 836 917 493 181 955 141 556 75 521 119 511 647 713 204 215 29 222 323 637 291 987 27 454 630 117 908 314 730 281 947 257 118 886 180 89 754 325 698 736 648 680 712 461 588 979 207 91 318 470 99 476 454 270 943 882 952 312 110 54 175 387 582 685 211 501 713 841 785 21 320 662 101 456 110 17 295 884 320 729 166 114 522 167 242 358 199 11 81 771 724 34
29 831 220 844 216 72 366 471 205 711 883 470 62 944 613 151 355 973 668 249 222 305 91 790 214 318 938 183 929 417 305 345 627 765 999 145 978 646 548 488 182 816 236 613 693 260 994 798 106 798 810 227 224 859 513 830 189 873 356 91 483 64 88 660 706 628 291 416 314 677 53 637 57 290 567 360 735 194 140 387 862 608 428 253 800 890 344 604 247 3 309 838 79 224 857 979 490 217 287 126 228 988 522 962 343 207 775 303 221 117 985 11 471 228 462 475 602 190 407 789 525 220 214 800 999 652 453 931 831 114 953 951 940 873 521 477 57 42 402 400 849 295 126 194 513 775 625 647 12 13 352 299 735 663 60 348 865 295 970 621 523 356 251 637 372 593 608 797 940 222 97 215 434 443 893 49 843 952 156 890 682 788 722 551 203 217 389 316 770 245 10 750 90 826 693 79 929 933 736 919 354 351 926 184 379 445 673 510 961 801 425 815 490 651 32 286 645 742 759 853 449 965 584 682 498 366 431 519 674 499 489 505 685 36 710 292 112 864 828 609 756 686 992 101 871 172 347 403 409 772 374 160 496 34 392 830 123 524 443 302 12 193 725 570 7 17 602 150 359 667 985 74 634 241 790 646 523 134 1 455 373 773 997 349 142 616 257 912 929 294 738 25 739 754 66 62 333 859 969 800 732 306 581 414 283 150 674 177 500 923 37 706 504 126 134 721 427 349 182 564 734 542 374 14 137 331 38 342 744 914 618 389 639 744 323 174 505 339 105 334 282 825 96 711 519 75 567 313 554 387 320 438 441 283 168 193 477 756 410 989 322 852 746 201 987 873 490 689 54 94 981 261 523 743 566 470 658 623 970 193 268 505 721 894 929 841 452 827 403 877 470 956 58 215 415 47 587 68 878 680 453 921 717 319 897 177 285 768 807 836 140 627 182 247 884 827 425 348 531 554 135 327 860 64 925 893 907 165 875 866 711 913 845 257 358 112 286 80 107 822 795 402 439 175 496 198 2 437 553 302 884 867 809 364 739 698 701 298 215 234 446 573 998 991 557 390 298 352 542 852 457 613 950 61 750 701 869 875 441 502 772 739 191 945 918 657 30 117 240 312 674 246 913 244 388 334 47
796 52 356 38 819 180 654 614 542 769 522 731 866 553 495 725 690 964 843 282 589 767 95 311 18 677 130 872 262 350 992 94 456 342 227 928 112 922 89 326 902 431 104 652 521 455 272 363 480 41 401 625 835 406 157 947 107 581 535 652 638 101 103 315 817 183 114 798 578 738 674 100 502 488 392 868 365 513 927 650 592 414 470 675 708 432 982 852 348 85 925 180 558 364 817 321 982 695 764 823 876 544 905 286 914 126 343 221 159 15 78 870 205 6 462 845 851 637 279 456 718 809 714 655 31 573 544 375 714 935 660 801 14 331 758 510 2 27 861 127 526 972 519 957 264 883 802 492 695 381 464 212 185 309 574 526 544 308 903 787 58 794 962 101 861 224 40 515 774 600 626 858 61 515 342 707 22 109 283 244 841 211 454 742 599 580 125 572 760 535 948 972 712 783 912 664 887 67 646 65 675 36 531 310 341 498 146 297 450 214 996 538 418 575 708 867 426 920 756 954 974 821 354 166 808 798 55 688 169 611 719 892 36 654 732 268 941 404 90 182 93 275 394 518 563 953 744 361 880 316 997 374 115 411 456 546 213 753 252 140 519 417 358 374 477 447 379 751 106 356 253 209 302 698 612 299 746 514 214 219 736 88 49 873 585 839 304 93 736 316 257 422 898 83 130 174 257 687 934 105 297 449 301 833 148 3 209 715 219 639 215 455 780 683 887 965 880 200 900 860 464 329 559 140 145 554 367 493 654 634 84 543 906 67 435 382 5 675 510 318 663 553 452 65 852 553 548 220 251 602 30 157 314 979 832 545 429 598 710 462 349 680 753 361 918 984 553 960 254 528 669 264 894 437 144 335 574 931 641 707 43 733 266 215 666 891 101 725 800 90 503 910 527 743 229 573 291 852 570 263 799 530 712 796 416 393 791 357 238 66 676 288 888 823 705 790 915 552 802 991 138 653 325 882 459 126 938 377 518 57 250 410 868 932 325 593 155 203 264 187 561 286 225 557 704 235 394 946 775 952 934 187 584 13 298 224 497 548 529 378 984 473 383 807 609 121 241 224 979 27 272 398 265 792 571 552 803 933 402 926 254 340 611 146 38 881 784 345 67 658 393 477 805 414 696 29 249
855 399 99 466 75 759 543 527 503 309 24 386 556 56 723 828 3 579 46 353 735 729 32 501 125 786 415 40 670 156 870 103 239 625 216 498 274 137 26 520 583 510 391 533 158 76 702 87 144 888 672 124 826 463 853 279 289 155 303 470 583 501 506 849 159 106 195 742 171 154 580 224 282 375 733 186 523 326 544 681 583 124 722 504 150 938 865 475 477 469 178 517 750 486 761 771 702 734 989 7 166 47 316 874 758 938 932 813 111 900 868 723 669 501 729 847 613 725 336 645 953 764 799 599 986 38 603 604 15 124 715 764 631 809 657 437 170 177 358 398 836 857 785 171 849 783 530 631 532 865 94 936 932 875 375 494 1000 609 586 670 785 957 651 534 434 55 957 54 745 582 867 312 340 497 235 425 792 238 976 475 366 766 810 486 67 149 940 69 966 37 215 22 630 776 536 825 820 397 832 206 485 589 490 60 971 731 737 359 260 180 403 675 55 242 301 476 551 383 804 852 219 544 918 941 587 972 843 632 32 36 684 871 860 785 988 683 748 444 919 450 497 381 455 727 973 573 678 743 274 796 603 884 64 481 284 850 213 658 131 391 779 804 620 542 215 169 812 711 590 788 136 847 520 559 292 585 997 101 133 620 143 205 977 373 128 243 284 496 878 27 447 786 987 499 326 480 219 9 573 520 249 565 291 752 59 536 73 212 680 689 729 491 31 826 284 938 208 231 685 812 319 88 230 504 189 948 438 25 454 548 628 16 908 451 325 270 856 557 526 880 961 710 507 333 363 166 24 417 665 175 692 640 911 715 608 592 221 720 360 149 455 126 303 954 13 270 110 153 633 326 726 795 117 916 41 680 254 7 992 857 643 846 532 381 309 104 214 731 872 684 436 933 349 691 971 725 353 316 404 94 209 890 169 500 829 908 374 236 692 762 396 53 715 71 565 260 922 589 402 567 466 42 792 518 241 131 708 812 714 948 46 900 159 363 94 284 389 740 584 973 850 346 658 36 398 867 851 451 430 652 999 112 72 941 337 263 45 301 905 793 622 829 841 927 262 728 109 506 815 269 85 814 587 922 51 726 653 441 364 55 5 531 96 769 498 276 777 299 823 763 7 228 510 518 330 606 209
801 254 574 398 212 393 123 440 824 361 32 905 960 142 736 237 972 215 984 550 488 627 460 786 17 922 54 351 489 25 452 884 558 47 433 8 940 161 226 735 235 721 747 811 237 52 27 964 699 535 912 409 560 63 424 749 161 610 643 782 790 898 246 568 537 635 541 869 273 990 726 30 297 49 197 972 161 505 598 672 925 630 952 218 305 909 910 233 238 968 250 657 126 188 712 429 783 541 198 800 837 558 57 862 280 237 737 660 966 938 850 328 857 98 444 813 746 281 62 946 38 362 532 35 840 80 443 314 221 495 243 191 974 605 52 649 705 191 138 630 248 320 14 544 284 123 213 838 635 357 6 249 715 121 529 755 629 441 584 941 151 754 731 686 844 297 770 637 603 747 488 884 669 201 179 889 912 400 760 57 986 415 562 369 106 592 713 910 631 658 986 376 881 122 350 65 573 873 792 509 535 134 977 551 417 452 849 938 35 122 4 197 655 493 838 478 109 829 821 999 367 598 4 143 951 306 737 409 374 37 738 780 270 808 534 803 633 837 113 60 996 249 114 366 611 269 525 701 962 150 929 824 56 690 458 634 95 690 434 616 459 632 548 490 752 67 497 397 410 361 377 24 239 612 664 680 441 805 230 529 234 617 686 437 772 419 660 92 625 650 393 861 535 499 612 60 846 346 843 463 593 516 705 723 638 741 301 622 780 297 159 132 981 709 906 593 20 861 795 201 32 77 582 403 796 439 191 674 885 798 324 21 62 572 989 277 172 877 740 70 876 295 565 362 811 231 216 935 487 577 608 159 150 978 842 634 196 676 679 438 379 650 246 143 727 783 87 744 85 548 912 848 745 630 709 259 851 636 257 956 586 126 741 948 794 318 213 608 816 525 596 739 682 931 691 177 852 409 818 673 567 414 825 85 563 709 175 499 495 417 223 699 374 978 744 548 595 651 255 982 656 876 76 786 264 916 815 152 417 997 398 805 463 398 416 76 702 818 305 13 838 388 276 870 720 976 577 982 773 567 594 793 363 75 468 111 13 299 605 697 744 45 716 381 149 265 769 59 454 146 901 849 101 672 415 814 140 349 415 217 411 791 596 591 598 841 402 707 869 713 81 286 550 122 272 808 574
484 236 810 155 993 329 98 179 894 792 109 625 670 829 718 766 534 610 432 332 813 856 711 923 422 1 623 866 664 318 277 266 21 792 200 356 680 846 856 174 38 704 28 18 525 914 704 544 969 401 76 741 132 879 155 712 976 720 981 714 989 961 264 706 85 357 523 514 784 593 108 966 513 165 761 470 47 215 261 4 984 58 798 552 514 570 138 756 514 614 133 227 429 188 221 402 128 375 216 652 788 545 964 30 469 442 209 112 966 358 7 669 204 416 530 185 513 589 844 487 377 173 716 82 391 864 39 898 284 871 595 950 985 567 960 403 811 380 814 60 527 553 911 530 804 150 157 105 158 287 558 746 168 935 706 219 464 763 975 840 584 617 76 465 288 106 780 792 726 628 621 306 672 721 861 587 471 109 222 677 193 417 20 660 547 147 69 772 886 108 428 548 510 659 871 982 80 297 128 522 12 671 583 384 889 916 412 3 960 828 305 149 430 697 892 222 284 720 742 865 459 547 919 773 489 832 449 820 238 425 360 506 627 992 744 965 221 657 848 420 302 469 418 121 116 917 879 635 595 167 846 253 655 106 695 614 895 269 223 568 457 64 210 367 770 843 579 408 496 964 163 60 896 507 70 880 67 651 635 605 587 410 22 600 113 583 583 838 581 604 926 943 220 702 224 68 499 428 899 12 592 364 427 539 224 391 952 884 862 940 398 161 20 229 352 545 382 302 867 291 518 800 537 624 679 61 596 314 252 627 797 998 893 78 486 469 262 148 225 552 766 87 837 790 187 487 123 548 835 461 989 142 146 140 652 975 53 255 593 426 551 95 39 48 768 875 406 620 829 171 257 410 394 107 526 77 188 651 549 764 652 46 617 940 365 714 324 99 125 826 547 893 338 548 438 408 276 992 677 72 408 742 608 744 204 789 10 641 588 19 315 403 81 176 312 185 399 930 388 74 775 824 853 370 571 318 363 52 212 731 759 118 673 568 11 233 275 139 49 634 793 179 811 930 813 136 580 343 86 867 782 232 803 282 61 161 596 725 914 58 867 942 222 854 835 131 348 133 679 629 844 100 870 804 738 686 51 915 808 468 286 842 604 665 520 616 250 458 20 713 621 820 464 255 863 498 905
488 778 508 819 63 85 496 202 420 22 448 968 486 768 876 792 928 959 454 270 715 396 333 123 161 486 261 134 456 838 997 317 518 741 878 445 649 350 606 10 406 38 726 947 499 857 896 237 351 320 653 197 915 546 748 625 915 393 197 964 790 531 86 226 172 850 592 282 999 898 361 817 697 499 725 517 862 342 585 142 600 647 234 530 444 1 584 702 407 449 384 812 650 478 777 567 370 903 502 490 438 139 400 650 378 680 843 556 246 471 374 932 292 230 763 900 254 118 707 875 652 203 703 254 920 911 75 566 212 457 754 184 584 709 749 816 194 893 238 581 957 145 925 915 204 123 21 171 553 831 574 64 30 75 633 422 291 231 36 350 541 951 920 218 332 982 550 60 670 956 400 143 951 952 450 224 425 302 804 116 919 641 363 394 73 208 238 601 702 919 629 550 918 744 600 416 338 987 156 491 475 936 900 794 847 460 76 313 362 802 250 518 373 914 742 391 536 796 430 484 491 896 843 678 771 579 401 112 408 540 304 108 837 945 982 609 446 212 540 564 531 759 967 127 222 887 95 851 217 192 220 582 947 233 318 723 901 746 505 936 204 784 250 111 488 273 861 720 275 724 722 651 887 642 152 594 380 297 427 44 860 860 454 434 821 657 957 501 296 150 89 217 760 169 34 731 125 199 219 862 499 277 920 63 978 459 316 172 46 237 498 24 289 179 856 406 912 626 263 819 379 34 642 379 808 245 232 656 311 169 473 80 351 825 682 757 576 306 726 152 13 396 358 935 89 475 853 707 9 582 318 635 745 670 120 689 835 438 52 19 843 465 646 677 627 805 785 313 302 627 94 933 846 398 863 440 870 577 623 834 466 948 801 182 211 219 66 420 281 478 969 242 367 624 844 831 813 205 483 960 662 853 347 501 154 659 961 945 904 380 281 364 562 855 649 26 734 656 116 815 783 325 166 240 845 895 46 4 932 675 234 631 26 547 601 101 120 990 582 122 362 683 719 458 511 145 767 936 629 305 15 53 69 83 253 866 160 250 956 876 638 177 635 47 743 95 211 117 802 204 79 784 431 233 104 316 579 952 567 851 612 715 939 250 613 604 12 121 539 436 889 71 185 90 14 234 871
39 633 542 446 628 606 895 217 95 319 835 395 508 70 16 956 735 890 786 406 874 429 772 841 538 379 20 229 697 514 285 320 819 658 499 465 769 733 583 603 239 932 386 292 243 721 128 330 625 891 781 535 162 593 911 575 679 974 225 840 246 839 927 833 688 900 917 711 996 943 757 693 16 72 14 965 652 816 339 327 364 436 160 189 983 96 771 81 502 842 783 769 129 316 959 180 962 399 759 888 391 846 788 867 373 998 648 280 263 170 531 674 985 949 345 956 740 403 77 126 585 271 629 812 255 964 356 116 61 525 215 653 430 578 620 457 52 546 415 35 147 503 524 924 364 446 620 861 502 216 372 684 476 899 922 294 694 464 835 914 777 609 573 723 525 553 373 582 679 861 815 486 99 388 694 7 833 768 382 829 151 981 864 390 251 377 356 466 938 108 944 216 370 731 907 621 376 669 924 205 85 445 780 432 815 1000 837 298 278 922 689 393 609 959 87 963 220 121 555 278 764 391 557 202 50 632 715 394 655 146 791 774 41 896 922 45 373 230 439 723 902 644 37 704 453 451 605 374 246 68 354 151 989 407 20 10 323 563 879 384 932 445 496 467 611 497 954 315 962 901 887 704 891 403 569 711 777 175 367 714 795 625 868 326 365 862 190 542 3 893 25 480 517 609 808 74 847 652 477 988 24 509 545 304 747 756 706 225 627 275 181 288 791 699 623 943 978 56 898 650 499 128 718 334 591 763 406 911 530 141 572 89 880 347 373 780 752 410 527 516 643 95 563 62 441 840 969 377 900 235 926 621 669 967 20 23 818 454 735 151 788 157 637 586 504 429 301 977 144 650 769 814 315 1000 768 228 21 151 847 725 554 871 38 139 369 802 465 167 133 112 743 992 579 517 634 901 844 137 656 259 259 517 520 561 124 700 259 430 808 469 550 313 552 304 398 773 412 590 229 641 664 928 1 615 353 27 562 647 900 641 886 688 883 356 317 230 623 586 834 386 881 5 280 400 432 99 559 529 225 150 140 273 176 997 363 638 421 795 943 329 899 339 740 286 691 64 570 659 320 455 537 330 637 551 120 266 393 692 221 88 362 206 808 457 971 726 458 447 110 42 990 311 61 614 675 948 476
120 541 306 995 603 339 680 14 823 826 773 237 10 360 272 730 578 839 857 752 470 903 126 995 425 659 445 428 137 273 197 335 27 775 984 556 455 359 38 667 606 746 95 632 91 891 657 836 990 724 128 330 982 655 874 645 715 105 722 249 448 267 97 476 296 268 832 678 31 465 575 238 932 550 151 718 311 874 62 948 338 320 983 658 720 382 868 363 557 529 702 301 309 38 204 791 614 485 625 226 944 944 139 722 131 37 118 713 843 835 89 980 747 31 717 449 157 542 170 95 250 705 640 701 621 898 524 87 550 373 419 350 419 970 430 236 306 986 333 123 608 216 927 841 425 362 235 709 683 65 116 498 623 917 9 209 29 116 921 636 106 496 468 979 722 951 925 552 447 968 687 747 317 496 697 499 181 193 367 878 639 291 41 342 819 31 271 35 711 179 54 409 251 658 76 612 412 235 452 435 305 903 139 39 814 346 834 634 799 625 431 123 135 356 608 175 518 606 527 616 993 190 844 20 703 657 854 167 894 556 42 797 539 624 998 90 115 241 281 108 659 678 2 221 462 820 421 153 425 69 925 653 466 831 843 240 394 722 322 671 390 382 960 612 107 605 920 794 906 432 350 251 905 785 478 176 395 957 254 236 495 791 387 441 535 25 406 107 359 579 701 202 85 692 989 996 563 935 247 337 256 805 39 793 601 355 626 645 704 873 574 10 736 809 711 282 896 319 882 714 61 114 122 12 322 986 38 836 926 178 707 826 513 167 454 276 649 431 708 259 536 57 481 741 801 58 119 370 612 991 46 349 667 735 704 472 146 675 769 57 353 971 417 49 830 260 50 940 439 176 411 1 338 398 677 362 608 303 787 52 2 991 438 19 46 63 128 770 796 287 730 782 422 672 340 23 580 558 691 984 34 617 961 986 927 120 92 261 344 665 277 454 161 163 434 861 710 17 109 231 653 687 569 486 752 477 762 982 58 483 80 951 447 621 559 551 259 356 877 391 436 67 738 361 241 494 907 637 472 570 258 934 735 36 323 165 530 234 504 299 662 702 24 780 48 416 302 539 825 503 356 886 570 838 919 887 841 431 27 893 222 199 885 960 116 609 419 199 919 913 425 986 543 304 943 690 743
761 37 48 143 293 416 682 245 527 252 443 319 995 551 421 281 748 985 498 597 437 472 951 162 140 253 93 557 444 34 763 921 845 376 927 93 703 334 697 926 98 203 578 762 872 396 263 772 785 377 51 382 274 612 516 551 170 996 205 28 820 814 700 274 273 825 797 703 731 366 238 444 343 599 87 424 451 475 98 531 261 538 121 834 943 442 274 155 143 844 703 181 81 107 306 8 612 39 14 895 761 7 41 423 567 358 648 21 211 914 933 357 105 759 203 448 850 735 270 765 48 164 670 338 975 101 907 739 435 729 256 335 50 211 543 361 887 694 775 708 94 795 561 625 513 198 391 172 103 552 427 868 869 240 142 455 881 581 932 666 17 648 728 623 943 162 799 975 290 971 656 61 485 784 888 938 605 525 393 439 258 632 590 737 230 459 279 223 959 554 153 573 910 542 903 16 927 453 378 813 477 825 838 332 752 907 493 690 729 793 616 621 718 184 636 904 395 745 467 87 115 107 484 233 434 662 262 799 938 632 67 432 294 250 422 685 998 797 9 950 67 372 194 665 128 345 211 114 930 659 443 168 510 399 50 106 293 265 654 291 281 852 840 777 298 432 4 230 813 402 550 769 880 775 844 777 570 629 665 222 718 772 729 180 523 429 351 333 389 88 399 186 150 691 535 618 978 871 720 894 435 104 14 941 768 292 689 128 107 782 459 554 634 428 584 135 914 409 385 624 351 892 761 131 951 128 36 544 543 516 641 583 621 90 537 258 206 908 198 347 353 53 764 200 602 346 973 160 110 81 559 788 155 852 114 522 364 862 865 576 581 714 33 58 124 311 914 542 92 910 101 400 722 150 2 140 761 973 403 161 884 548 150 55 459 600 452 856 917 650 667 969 38 91 910 595 572 117 739 912 517 252 760 424 945 833 750 205 354 112 558 714 762 984 32 109 680 171 156 590 152 296 974 12 189 296 721 437 423 171 675 472 866 330 366 70 349 214 270 32 48 239 667 87 278 857 199 435 256 83 722 168 870 440 865 689 382 877 273 550 236 765 572 57 975 578 847 880 717 751 307 948 108 205 287 897 278 19 717 164 735 990 988 751 874 376 68 570 201 865 797 68 768 64 55 236 749
742 662 668 860 314 76 33 883 65 640 647 12 682 288 422 429 490 427 54 338 644 835 153 276 380 587 125 25 168 953 441 182 766 98 450 664 170 603 62 156 308 527 974 646 342 131 960 406 544 598 141 7 143 626 116 608 942 776 183 873 966 747 716 291 289 375 104 606 798 868 694 318 953 415 438 66 891 786 676 158 724 736 613 194 912 15 22 381 775 440 592 399 656 604 935 562 49 473 871 805 68 869 712 26 453 230 149 428 128 341 646 694 858 355 575 821 523 843 345 243 566 261 712 608 816 75 43 406 154 64 657 239 261 887 259 650 674 992 667 342 6 428 263 817 182 754 769 495 453 359 103 566 496 456 716 475 865 360 139 510 632 763 975 109 626 784 422 956 111 982 840 561 987 598 276 159 953 74 73 456 545 127 506 457 849 731 220 749 371 906 215 545 219 934 761 489 896 991 599 845 21 751 865 206 237 652 631 318 522 824 60 253 544 13 334 492 645 60 276 525 383 892 707 150 154 699 816 13 968 939 404 857 373 680 631 24 488 850 78 914 345 404 601 738 65 986 605 546 163 128 526 628 697 730 526 921 14 368 782 421 492 679 194 731 999 585 341 952 485 147 135 34 598 790 77 803 777 797 912 225 213 405 577 588 37 870 566 300 843 580 956 802 810 966 415 477 976 667 88 837 53 464 27 526 758 722 546 33 123 984 745 511 828 524 925 42 598 492 982 953 105 409 445 774 784 498 405 196 42 389 430 3 809 716 971 153 196 446 205 989 728 928 588 904 471 801 431 855 387 238 794 847 385 570 605 756 245 702 505 462 941 438 168 951 230 216 761 925 545 948 61 961 800 465 568 600 265 499 679 55 71 22 445 265 648 495 525 107 948 738 713 894 195 257 358 318 174 855 139 190 584 267 528 833 563 718 180 133 467 580 304 671 97 912 826 301 547 735 539 63 387 673 522 638 395 222 944 341 210 625 509 176 561 777 1000 658 27 990 544 200 927 136 362 109 779 779 652 865 662 936 447 692 513 951 283 666 723 959 1000 525 278 44 441 231 147 991 642 21 800 906 342 152 647 338 471 14 488 268 612 363 738 139 234 650 127 115 573 149 998 603 852 302 445 597 119 860 533
365 419 22 197 52 452 833 232 788 646 967 367 699 722 942 936 343 673 751 237 198 674 889 608 927 183 189 673 711 723 128 691 487 66 17 604 97 627 274 935 959 491 232 28 821 360 167 379 133 515 395 337 597 997 236 227 799 915 610 722 400 967 68 748 490 678 875 374 376 316 331 360 926 78 467 42 204 218 766 101 723 843 795 732 272 636 53 456 361 229 220 983 526 318 307 436 5 919 159 735 20 140 199 411 220 761 646 129 637 174 953 157 241 100 374 22 959 569 312 812 46 316 649 418 512 742 514 357 992 250 479 82 633 594 246 59 888 325 284 473 905 805 676 293 398 498 459 572 517 84 446 595 908 562 455 794 892 939 349 381 913 934 490 120 282 495 540 420 524 885 975 458 699 638 485 223 630 362 207 522 198 179 78 505 818 703 200 168 14 316 833 142 361 720 299 679 237 656 543 952 245 19 554 224 480 469 621 595 493 650 340 462 616 827 602 33 605 13 614 124 284 422 299 310 288 609 957 14 326 729 596 861 224 824 487 1 447 422 894 418 260 800 205 95 828 843 129 824 444 810 258 871 871 297 14 638 947 589 75 723 146 494 326 536 213 132 575 981 702 743 167 828 404 910 22 314 945 683 123 235 395 971 545 917 102 203 97 749 501 519 246 341 430 257 461 470 383 252 751 890 594 897 360 578 268 602 419 90 446 191 564 963 238 122 874 639 220 522 608 433 845 265 270 823 107 512 16 931 86 627 653 445 48 260 410 628 39 48 462 630 839 907 16 840 116 2 14 437 344 587 901 953 877 10 107 529 29 264 950 864 378 268 832 22 159 535 300 725 286 628 150 221 145 942 122 177 181 830 431 541 129 528 516 752 10 84 247 97 61 418 168 179 384 151 588 367 860 973 629 667 996 498 106 336 770 147 715 341 975 655 133 307 582 248 165 692 141 338 339 517 29 249 264 809 465 233 850 802 191 35 983 987 816 39 541 817 497 563 893 606 944 229 759 473 287 929 967 700 487 519 709 883 383 221 46 365 228 106 670 504 880 66 674 894 428 457 703 605 448 785 219 301 47 937 572 230 684 500 439 517 728 240 663 213 166 688 334 146 457 533 434 517 551 850 863 624 981
311 457 163 772 144 126 580 317 664 913 179 428 916 577 656 874 161 445 431 839 326 298 251 433 706 150 153 725 201 642 802 166 307 77 301 332 919 421 765 541 779 606 716 526 27 382 581 538 626 125 38 663 64 41 351 359 289 930 120 435 735 725 136 896 765 99 323 977 455 93 379 948 314 145 847 703 434 508 257 607 34 236 590 433 750 388 711 599 1000 22 281 821 687 136 447 592 487 305 655 962 691 266 383 49 472 851 225 263 913 563 581 335 36 868 513 628 152 957 397 629 607 112 635 801 538 571 7 460 569 650 252 168 168 785 456 383 302 531 507 629 293 550 855 969 800 38 703 607 761 189 617 432 205 134 182 295 737 202 974 111 615 414 799 895 161 662 80 454 785 732 740 700 423 583 757 210 334 421 41 395 900 503 807 73 922 989 907 978 862 535 119 665 579 828 910 465 284 18 31 297 87 594 513 476 200 129 77 442 55 858 461 84 443 897 232 115 32 808 696 859 120 430 886 836 532 180 310 287 723 23 946 517 309 957 912 160 318 57 636 287 809 602 602 649 915 992 944 495 211 213 609 95 411 178 937 34 160 557 715 663 364 771 883 619 992 549 353 675 531 266 138 994 289 210 725 496 259 961 983 521 861 579 609 433 480 210 365 126 673 228 84 188 403 577 733 634 947 859 633 822 595 879 22 938 321 707 993 130 256 211 759 927 466 477 223 525 864 885 797 902 910 282 724 492 544 273 969 822 26 452 450 167 278 481 808 438 167 374 733 389 617 471 263 107 775 405 698 279 660 538 795 10 712 858 797 548 918 770 822 541 713 957 962 166 52 98 574 279 173 802 291 664 979 101 327 227 354 1000 743 402 805 338 597 380 908 970 722 49 13 653 185 116 861 36 91 639 148 579 662 338 191 319 693 331 257 620 860 444 540 313 663 254 822 124 197 564 327 526 179 43 745 961 248 445 316 198 945 827 310 523 170 513 538 860 253 943 992 717 361 674 872 916 732 64 879 347 296 100 427 995 527 935 239 835 497 477 801 68 706 389 427 796 722 702 889 602 405 77 663 620 385 33 795 515 235 682 763 802 349 505 981 157 544 573 918 294 545 737 332 707 850 621 157 379 32 700 377
537 299 974 688 10 470 884 884 982 715 116 378 611 155 289 210 236 72 563 991 305 577 252 215 472 19 802 28 448 660 764 183 498 849 149 424 875 137 637 423 345 318 735 605 638 137 101 181 156 681 608 833 773 703 947 469 559 924 969 737 569 496 607 288 508 327 389 831 815 404 118 60 31 863 541 959 973 781 169 687 147 607 995 347 590 988 34 136 562 910 16 543 257 874 664 826 585 699 259 810 182 799 522 267 348 825 365 529 722 728 535 693 142 591 894 828 333 629 642 739 347 897 324 25 230 138 781 633 785 899 637 458 825 893 394 999 333 361 978 618 570 911 157 622 32 498 58 753 809 882 778 329 24 964 186 624 2 62 994 862 427 845 322 33 587 844 239 924 985 85 832 243 378 924 256 278 201 112 353 50 194 910 467 822 730 587 18 683 278 825 378 797 407 217 967 81 244 263 650 179 425 722 679 747 143 703 298 273 341 592 517 779 203 673 145 968 290 442 188 865 582 885 40 625 470 272 334 706 978 79 88 329 389 11 215 390 935 507 250 216 346 393 11 994 569 55 747 911 94 894 438 46 149 561 390 453 933 482 679 336 977 810 163 296 990 867 921 813 769 4 482 244 843 229 767 295 677 970 797 628 756 398 908 656 214 881 169 649 436 231 793 841 129 383 897 917 97 562 551 619 342 264 290 657 698 672 493 482 932 881 598 859 380 980 860 43 774 146 627 492 271 906 908 221 509 651 911 812 88 27 353 292 492 895 156 546 554 411 234 61 473 772 593 483 769 35 855 499 460 450 313 221 600 263 475 826 217 734 364 767 504 316 568 90 321 465 639 380 497 173 939 794 749 48 189 154 217 842 319 398 609 138 120 817 136 914 950 668 864 341 894 52 145 685 126 136 914 341 731 610 899 290 793 311 819 73 1 814 508 289 441 920 118 419 102 826 676 917 48 450 305 935 120 981 414 483 891 921 210 265 750 916 760 955 73 421 165 634 262 3 477 803 886 358 655 482 717 58 471 369 692 599 516 971 777 385 414 110 642 959 601 346 316 293 761 195 42 602 27 873 966 522 696 950 226 281 113 809 9 330 348 370 871 837 307 85 596 67 329 397 159 55 443 911 825 221 288
189 677 192 878 75 450 281 473 954 895 914 104 275 613 668 20 90 151 329 371 751 832 339 219 835 105 218 187 438 790 121 355 619 629 793 806 123 224 488 977 526 870 996 414 41 41 791 950 446 101 159 74 219 767 289 5 132 969 931 529 71 176 579 666 923 769 802 693 308 911 762 642 467 887 835 17 842 858 884 32 775 630 725 267 904 900 139 114 650 620 420 368 406 369 733 550 734 371 75 112 687 334 505 974 194 673 912 579 113 699 549 689 44 340 751 671 823 117 510 25 602 187 500 145 887 858 959 809 295 268 209 189 626 758 892 150 410 786 887 485 270 556 446 364 657 968 774 628 778 468 117 746 822 831 208 815 437 679 316 503 959 353 497 79 295 676 897 256 172 374 131 697 201 28 145 9 664 347 989 417 182 788 952 6 145 324 909 93 414 729 135 40 637 306 439 330 585 836 893 687 771 186 445 964 981 684 442 187 663 74 547 908 387 103 969 591 914 775 968 228 218 491 893 73 758 336 472 574 925 508 715 451 240 420 250 427 161 319 946 729 127 361 244 783 442 177 997 442 930 980 284 247 459 4 175 331 160 761 940 281 729 584 54 518 565 42 793 944 491 812 840 375 486 475 251 393 57 791 222 224 175 507 745 637 660 814 758 153 157 418 832 736 385 72 212 755 564 802 383 198 596 815 819 400 854 530 521 183 548 814 424 327 574 888 729 407 903 521 953 880 113 380 397 81 606 118 194 837 349 80 148 794 483 123 130 327 479 525 872 874 786 864 942 630 369 449 355 187 634 700 91 16 549 159 238 266 992 380 474 72 170 56 946 315 390 169 527 287 554 454 479 89 220 443 582 260 800 270 183 198 194 417 457 429 334 465 487 418 472 567 137 393 30 124 73 933 722 159 944 528 77 852 837 195 344 787 538 774 805 960 334 482 561 983 809 103 185 212 10 302 694 448 948 872 68 238 842 437 164 323 361 306 773 399 965 929 183 379 121 556 254 606 801 891 352 367 195 241 725 593 221 227 288 994 950 245 194 586 763 23 766 398 854 397 387 30 717 121 560 950 662 145 962 895 671 236 962 458 552 871 174 49 458 746 453 630 168 679 507 550 61 527 527 831 174 850 630
856 62 502 788 248 761 567 469 611 737 865 866 476 658 715 782 557 547 624 215 49 141 713 339 235 809 189 439 252 720 278 970 332 761 711 835 56 777 477 51 901 293 89 290 397 283 835 826 601 777 303 663 100 580 25 868 402 135 111 954 86 16 577 339 581 929 404 980 437 952 909 15 120 198 368 562 741 541 549 469 698 121 26 312 825 577 568 828 372 677 310 868 889 151 983 448 299 208 588 573 472 975 30 432 927 463 697 599 356 680 315 519 592 406 698 276 24 329 911 132 890 811 475 788 925 769 656 788 327 491 778 723 667 306 282 717 28 588 164 426 854 260 458 934 790 571 582 189 385 222 445 315 986 484 131 54 548 515 725 180 539 947 77 787 408 66 505 932 364 408 208 754 160 123 770 722 830 221 232 782 741 608 661 106 192 344 34 998 675 12 886 66 587 415 557 554 916 758 33 186 18 990 269 462 892 244 444 748 432 430 505 533 481 38 563 686 344 789 377 705 3 179 522 265 263 552 835 242 5 141 519 149 860 476 538 103 626 713 649 93 163 786 85 521 139 166 352 612 487 964 356 869 728 459 549 773 310 541 890 111 883 819 296 93 511 307 748 494 791 586 988 349 102 123 721 450 880 440 249 12 400 283 544 415 823 827 383 915 135 633 396 226 157 746 842 337 916 407 178 74 909 265 835 62 284 955 711 262 78 14 216 652 253 178 226 37 148 39 629 797 584 685 222 869 172 979 48 287 471 160 643 13 480 20 914 187 79 327 719 447 858 935 626 200 9 474 359 150 857 74 786 31 740 287 100 768 646 702 661 382 503 899 473 685 547 989 321 502 54 267 435 928 424 994 840 43 897 476 155 273 440 641 800 96 13 367 428 761 92 462 548 345 802 171 151 992 244 447 199 709 811 406 814 129 243 898 298 824 981 629 922 519 914 882 323 889 13 354 505 819 531 329 40 697 411 946 957 704 405 137 343 771 945 690 314 499 762 60 400 289 356 896 226 776 182 447 401 369 389 785 662 1 535 832 298 611 115 93 829 110 536 646 712 10 267 315 183 892 565 973 103 616 437 233 473 288 852 563 582 77 160 484 137 576 600 864 78 699 885 952 512 86 496 191 763 661 807
887 784 395 250 561 764 820 560 185 779 770 907 979 819 601 729 968 457 153 818 754 899 796 711 161 824 60 429 162 240 818 58 698 497 481 143 355 555 183 921 171 774 667 407 98 223 305 443 182 562 907 63 896 657 431 848 163 455 150 684 320 181 723 496 425 848 137 969 550 810 426 125 676 187 305 555 258 84 301 827 988 141 441 732 124 212 921 193 973 373 264 173 50 562 742 776 663 259 992 612 312 909 765 454 200 311 535 26 765 642 558 5 93 345 85 822 520 220 438 172 25 197 196 640 776 487 858 359 63 212 320 195 675 528 883 951 298 145 609 209 255 729 105 11 289 847 703 299 913 449 442 737 912 933 547 970 76 758 417 331 866 51 403 511 824 718 104 846 734 145 906 365 460 424 842 958 998 406 310 298 487 186 431 400 136 527 54 356 518 337 741 504 325 667 862 819 492 952 491 271 464 836 48 689 614 855 332 942 820 937 52 782 299 327 712 287 766 443 392 414 823 48 652 286 281 717 35 275 169 430 358 701 610 699 158 838 150 783 774 848 817 341 802 245 747 718 271 615 561 533 403 612 902 710 851 736 369 524 960 50 981 126 830 979 725 218 878 30 716 865 60 822 975 882 507 244 836 598 955 925 168 176 851 383 288 430 765 269 734 269 228 407 746 594 302 264 920 404 562 433 437 30 104 676 107 295 253 330 994 609 890 518 642 379 602 440 215 776 243 896 684 306 384 103 618 393 524 355 581 58 607 39 217 288 819 482 121 690 325 858 559 372 211 406 291 13 21 969 835 540 138 594 759 353 470 359 116 477 838 734 797 670 300 150 844 693 338 128 704 783 430 870 155 612 83 385 834 601 306 121 938 765 465 325 473 306 12 862 856 916 522 832 763 455 77 333 808 405 348 445 490 155 637 68 523 948 946 272 278 441 996 592 662 44 869 110 707 305 316 113 946 338 524 796 287 221 465 313 756 746 831 17 777 585 390 210 72 967 238 476 167 834 8 786 203 88 726 307 939 220 597 4 547 88 902 126 195 348 716 472 653 273 377 302 854 415 624 886 257 213 149 800 722 249 18 406 879 969 40 746 84 148 690 803 788 757 48 177 119 503 481 895 688 325 601 407 631
788 630 134 756 937 690 42 943 934 760 77 911 167 72 397 896 841 181 349 711 572 615 488 13 806 376 63 557 42 624 786 773 278 503 564 628 760 594 228 259 746 793 557 853 859 624 851 477 711 529 253 880 558 138 547 817 819 918 371 809 168 406 366 935 74 341 431 814 467 535 711 190 529 704 825 861 912 732 239 452 799 291 507 257 695 181 910 385 370 598 869 5 793 698 288 555 696 34 696 714 381 667 699 382 61 280 517 838 532 455 852 666 872 308 649 43 378 290 1 222 777 536 463 131 330 932 157 883 210 579 899 691 945 66 409 661 769 282 401 181 584 323 355 409 26 742 952 773 496 359 816 173 817 165 179 203 777 437 993 937 94 759 463 636 569 530 848 913 905 284 666 593 112 837 886 169 962 804 556 368 160 766 555 518 90 40 673 863 156 269 141 1 55 589 947 399 848 709 78 110 998 62 138 5 489 716 18 317 636 655 110 908 854 839 20 31 145 768 14 375 560 706 683 96 714 377 361 524 132 168 186 976 343 419 838 981 907 235 89 266 761 42 916 261 843 566 315 881 582 629 735 154 586 956 276 494 740 399 389 60 237 812 118 223 890 386 683 474 404 881 412 148 484 804 729 896 884 587 630 582 864 37 235 617 898 9 90 667 197 731 344 665 466 520 464 354 297 771 193 323 289 454 275 806 826 43 792 25 288 878 722 664 526 741 744 652 879 776 593 915 564 993 939 333 881 582 808 120 305 729 303 999 32 553 454 890 318 56 521 681 261 782 575 11 356 953 230 671 547 36 99 709 661 738 471 769 344 632 689 887 970 905 583 548 820 437 741 921 631 761 406 28 888 364 550 13 710 59 342 713 515 684 248 620 579 126 384 39 366 913 699 261 487 509 731 460 75 470 475 927 161 232 846 109 775 63 929 312 462 367 131 532 562 295 860 944 95 434 99 374 644 362 701 146 4 86 501 615 672 83 276 449 120 549 194 741 278 939 475 651 784 155 166 491 963 255 700 783 596 966 729 271 131 357 237 742 660 981 35 551 641 200 125 703 265 733 710 509 973 549 523 569 844 321 916 613 185 877 719 105 488 340 12 992 969 965 643 801 285 459 248 281 207 882 740 409 568
612 755 313 490 877 82 212 920 856 407 937 546 494 668 159 658 483 383 680 248 540 661 802 675 4 579 861 720 893 141 646 418 819 724 500 450 969 183 946 914 794 993 906 604 817 997 56 920 537 732 313 959 360 708 986 470 335 846 863 93 276 516 967 637 979 587 160 565 808 409 997 837 951 260 43 695 938 449 445 875 302 239 767 575 339 603 172 54 725 83 920 988 629 904 188 778 29 865 92 88 520 28 942 564 540 745 666 587 846 811 726 948 259 922 684 799 411 378 374 439 369 252 659 763 170 139 698 704 915 999 426 548 793 940 969 773 354 947 504 800 212 420 538 768 316 277 832 893 427 397 679 361 162 34 853 359 324 952 639 527 58 102 156 662 375 993 820 326 157 326 299 1000 917 398 605 725 405 388 103 410 279 96 39 669 126 347 592 896 857 115 237 81 392 337 831 840 714 627 287 504 651 801 277 860 680 2 176 262 609 914 987 618 88 422 712 648 647 797 232 573 279 751 254 383 52 256 954 159 381 158 522 832 633 523 699 223 374 181 886 996 833 683 604 802 753 831 190 903 919 957 23 688 953 936 743 63 607 1 405 327 723 266 755 383 49 463 437 836 841 222 165 966 37 119 535 138 901 441 213 939 750 931 303 129 800 139 854 270 129 60 547 673 840 543 784 631 269 136 672 412 711 597 910 68 291 981 560 757 788 360 707 261 712 684 200 13 667 349 541 8 262 723 607 894 295 857 300 890 685 422 126 647 841 850 140 924 220 649 610 184 809 545 355 126 63 211 473 29 606 902 836 722 847 370 945 354 361 790 889 354 929 689 937 404 901 558 991 382 968 573 134 672 943 155 777 15 420 954 14 273 368 773 27 896 573 222 214 676 917 904 236 907 72 51 741 133 631 759 650 569 458 681 8 227 795 136 516 839 542 150 156 687 418 339 908 645 872 953 890 291 839 665 935 780 337 364 775 701 654 444 475 500 409 335 22 970 960 556 401 472 412 933 976 400 213 323 900 836 511 701 297 646 666 227 245 602 809 465 249 270 551 599 161 593 503 827 453 214 290 794 98 55 778 290 92 724 474 98 490 451 545 170 800 244 213 164 432 654 963 158 140 444 655 138 607 783 109
81 855 862 9 121 912 854 445 524 18 882 762 229 648 963 660 500 889 772 360 173 610 978 690 771 108 602 632 904 163 453 906 900 70 822 978 767 811 96 31 535 12 496 485 69 437 379 482 443 908 333 866 234 386 338 656 800 176 920 1000 238 245 830 434 892 544 425 671 697 272 616 476 714 40 922 181 646 419 229 489 157 539 15 539 984 612 740 733 872 466 332 861 730 235 923 791 343 7 70 667 307 469 317 869 781 675 214 460 782 904 713 134 307 888 465 625 402 597 457 46 517 963 210 26 333 56 591 375 443 724 13 132 350 905 603 762 224 230 934 651 321 242 87 388 377 798 961 372 59 122 98 812 558 279 943 726 41 31 237 10 859 457 390 465 439 126 402 381 745 411 758 895 508 159 360 378 257 306 635 8 174 285 673 318 20 709 48 67 979 930 400 21 121 120 26 788 874 336 920 376 528 811 732 786 868 994 169 503 387 249 949 735 904 605 153 703 716 524 768 344 996 587 372 616 850 391 982 452 693 152 232 721 190 344 514 6 583 508 285 684 199 403 288 135 363 36 226 63 737 49 620 275 94 308 933 14 749 283 475 48 703 219 927 196 636 950 655 707 886 43 747 843 449 781 599 156 459 299 582 631 163 73 957 275 176 249 142 516 738 50 213 24 639 133 128 273 459 844 514 276 819 312 196 389 655 469 956 152 61 373 151 194 171 750 435 188 59 754 444 818 134 577 411 148 629 324 676 121 94 680 212 980 881 439 804 565 971 277 230 85 330 846 891 131 896 886 468 320 258 192 356 291 199 283 426 831 761 551 101 816 870 338 502 68 788 569 512 20 62 41 727 839 332 107 290 588 701 952 454 203 354 933 361 413 498 635 220 208 222 597 889 658 243 3 81 529 846 940 706 289 586 755 116 14 330 73 397 733 70 897 396 677 293 89 481 264 93 623 903 413 262 438 53 664 290 339 475 608 445 353 234 209 313 173 314 196 128 570 97 914 792 27 899 72 131 961 367 95 560 441 551 460 592 363 366 787 338 947 159 24 274 810 763 711 263 772 572 808 935 313 793 712 926 193 259 798 18 738 250 582 125 209 408 766 567 468 134 910 112 814 702 10 613 312 684 401 201
991 222 725 789 215 493 56 274 635 510 292 614 360 279 134 350 903 210 572 211 556 930 919 145 462 167 105 485 29 47 261 175 570 28 387 474 704 342 31 683 144 975 179 889 364 70 35 572 898 886 14 612 596 611 266 269 228 741 797 221 223 506 608 731 135 337 455 566 917 775 775 469 23 661 665 12 289 153 629 465 86 917 233 362 585 956 676 303 138 393 706 476 398 426 938 377 941 789 737 179 768 73 976 691 232 769 258 941 265 359 490 48 247 348 877 941 832 645 924 686 728 256 242 766 796 884 122 17 710 852 795 563 969 963 615 875 37 678 982 238 288 957 464 827 487 585 887 532 951 639 69 566 422 920 463 568 930 445 799 256 765 705 430 554 658 427 529 212 105 294 680 590 505 981 549 985 2 801 432 695 324 836 91 43 875 840 170 873 429 262 819 820 239 570 30 787 369 361 378 666 35 288 892 750 518 652 252 688 673 124 21 524 367 896 884 851 907 50 510 269 792 264 216 924 210 681 377 705 215 398 703 202 944 636 838 605 675 442 534 212 95 669 653 343 240 316 936 508 825 713 865 413 598 583 177 831 458 465 562 413 607 399 966 160 401 288 774 795 694 188 64 590 815 649 128 878 295 394 696 804 866 877 471 230 991 945 115 335 44 624 909 599 534 130 562 223 454 968 846 926 376 884 944 326 33 531 102 56 391 977 714 791 219 140 820 149 135 975 643 176 7 968 542 278 81 610 377 718 413 561 821 161 871 652 759 741 556 719 352 999 280 246 865 651 505 433 54 779 464 288 636 159 172 129 373 263 233 234 854 947 716 56 627 700 466 522 222 162 393 225 573 651 92 150 660 492 440 906 516 793 369 441 103 43 203 860 668 807 857 293 725 427 938 68 77 849 124 995 219 600 333 821 988 586 296 9 356 868 274 525 924 929 224 333 520 675 421 842 996 864 610 703 235 247 100 576 956 395 342 263 634 677 732 925 399 28 369 81 448 912 276 356 504 118 810 519 75 964 757 697 644 957 393 880 910 310 342 981 935 329 153 863 77 573 669 166 445 350 330 392 638 462 538 112 483 139 75 899 757 932 478 295 522 362 510 440 812 496 485 915 67 382 978 700 204 323 657
206 279 227 252 816 23 340 108 1 735 797 476 181 228 712 699 565 36 723 629 760 5 682 710 271 34 556 149 952 60 518 542 553 728 845 24 961 12 81 333 85 594 402 401 301 790 867 552 851 227 94 967 271 842 339 866 33 669 328 259 527 15 691 654 985 629 326 740 708 90 857 652 502 979 905 842 620 698 702 6 926 775 333 584 446 47 372 404 700 407 327 752 420 538 981 346 17 782 272 154 855 462 544 785 631 251 810 937 952 169 53 119 110 397 996 447 445 597 366 632 442 914 829 790 97 700 438 301 163 648 361 232 434 120 530 769 889 393 842 243 987 568 597 297 763 23 236 71 448 7 935 165 896 174 832 610 448 786 234 50 558 82 107 106 230 749 458 41 661 824 335 950 662 90 983 547 317 342 694 365 522 288 250 939 185 288 377 977 939 190 251 589 701 339 650 383 304 418 447 846 685 376 254 505 828 219 247 656 678 808 922 57 756 597 150 691 388 372 441 532 120 494 841 693 614 655 297 65 965 881 705 222 517 596 77 997 395 793 263 763 487 959 56 746 46 296 958 125 271 294 994 339 596 922 370 540 160 805 754 752 264 567 378 745 678 439 90 641 795 217 331 325 278 568 375 837 987 126 623 935 276 970 477 104 876 521 618 232 189 747 6 45 31 666 729 875 699 920 917 228 30 351 803 973 895 148 123 970 71 377 326 626 855 582 873 157 620 16 987 3 665 360 605 210 235 257 907 646 964 327 647 922 896 446 116 339 56 987 973 809 86 209 982 409 708 808 952 897 238 755 949 810 675 437 932 323 957 402 510 339 711 326 454 626 154 500 863 7 429 701 910 972 598 274 175 593 31 787 20 946 85 617 318 284 908 819 43 910 153 285 2 906 340 39 31 218 568 481 442 152 475 52 784 655 919 687 550 158 517 47 211 792 181 497 200 743 617 753 980 993 647 424 656 686 520 643 67 7 472 142 426 226 446 830 640 298 563 851 205 733 643 498 395 599 320 598 446 376 383 374 922 684 795 808 479 86 234 499 749 310 754 620 123 191 482 156 906 502 976 783 734 548 913 569 594 723 308 647 875 123 577 448 464 662 90 168 141 512 649 718 472 453 914 464 630 140 532
181 882 995 81 690 958 279 354 223 108 841 608 723 308 228 349 227 374 795 971 249 891 261 555 653 611 768 468 697 41 663 984 555 757 119 763 265 734 924 105 353 166 186 163 674 199 110 663 48 180 316 501 230 889 881 163 435 937 539 101 470 355 328 942 294 607 738 825 777 457 345 158 760 999 596 852 175 157 378 336 260 362 203 384 786 360 157 820 931 958 108 768 273 447 59 497 657 47 5 994 148 563 976 623 393 616 578 730 934 426 314 956 63 264 584 496 108 693 162 284 382 658 762 847 145 428 776 791 498 458 950 44 777 941 379 171 175 36 757 342 275 884 322 103 681 822 3 714 683 275 265 394 34 459 856 432 465 636 904 691 237 256 283 148 354 599 302 927 213 384 222 324 135 122 289 862 767 21 614 391 953 63 296 884 535 63 967 302 944 151 661 73 157 909 58 721 141 146 517 378 925 691 353 816 920 913 614 243 880 405 486 253 650 382 312 310 776 666 786 133 540 203 89 39 60 913 297 802 225 519 592 551 328 124 964 271 526 918 69 211 925 994 270 649 70 833 898 192 982 377 722 370 212 132 460 682 446 412 355 500 266 320 293 252 409 637 195 573 602 38 910 408 562 452 781 441 402 640 463 221 485 625 753 504 305 320 236 209 878 926 187 526 477 622 363 658 704 761 838 214 260 483 963 273 830 881 66 244 846 718 289 810 178 579 907 71 954 840 124 619 590 508 386 925 284 369 262 386 487 474 277 640 1000 654 314 453 501 710 67 942 392 664 932 570 748 20 867 1 643 756 317 466 994 994 428 512 837 494 407 199 31 291 840 488 855 803 378 380 290 537 991 807 833 513 108 780 349 538 40 164 300 173 324 517 277 480 163 715 842 160 943 528 520 640 425 204 909 972 689 882 455 644 656 363 562 828 561 299 392 254 179 891 645 926 536 48 872 134 992 527 368 505 836 243 631 28 593 48 358 107 801 70 38 193 375 655 85 870 256 549 468 469 582 662 780 776 636 446 474 94 557 591 977 59 876 38 236 48 869 318 267 582 397 221 535 727 845 926 68 122 504 140 753 209 881 547 33 167 563 355 481 412 996 195 659 837 220 304 811 867 510 979 73 284 86 704 206
706 636 813 435 863 791 390 292 299 318 624 423 172 829 413 851 228 935 467 85 85 31 127 113 586 66 749 865 72 308 807 762 380 286 2 871 943 495 958 417 551 603 719 193 436 851 291 252 851 348 62 851 27 981 128 768 165 879 427 113 901 650 692 75 616 787 552 446 435 623 658 476 392 490 384 474 994 168 938 70 792 136 287 753 556 218 699 384 890 529 537 411 271 482 136 792 203 651 660 404 899 895 648 643 521 131 393 245 286 584 7 632 713 591 608 977 168 699 256 279 570 903 379 475 606 560 560 544 953 917 951 454 806 508 117 492 99 800 662 16 752 390 695 449 796 587 335 509 469 701 947 510 219 442 330 476 548 806 639 48 913 393 440 233 521 164 354 73 499 741 587 770 233 205 711 212 628 512 268 994 396 689 238 189 745 279 98 878 602 581 948 556 866 923 440 298 340 311 890 949 206 41 874 975 980 146 682 874 950 754 287 506 952 811 975 539 516 257 80 481 625 974 472 700 927 963 205 257 27 197 91 465 47 852 473 146 282 714 467 850 346 894 948 177 952 869 117 768 91 479 578 836 43 638 880 240 502 812 216 55 104 212 168 167 892 360 339 385 100 138 763 557 486 240 739 50 997 859 955 96 350 489 703 589 110 35 325 935 911 494 162 198 784 764 885 78 691 899 119 564 684 923 505 642 93 703 437 568 965 127 986 428 733 426 908 738 80 439 526 276 183 374 277 693 268 103 296 783 740 760 723 535 941 902 68 908 729 357 539 743 917 546 842 357 314 672 169 369 504 611 255 190 302 492 57 346 111 326 465 679 279 804 480 896 978 973 992 695 120 479 644 169 183 212 711 133 498 758 945 465 394 993 336 371 469 185 231 309 941 131 762 485 505 626 248 163 303 429 114 928 366 703 310 999 544 341 10 137 109 648 278 835 679 185 277 746 493 756 507 66 592 877 331 69 636 887 851 263 300 531 817 177 266 150 391 308 791 984 958 311 543 337 63 981 918 339 168 284 673 333 566 660 596 778 377 574 129 595 832 201 13 985 463 4 45 251 39 736 251 479 636 733 160 602 185 575 952 730 847 666 705 644 138 357 133 797 613 381 445 531 36 482 813 723 108 636 310
844 985 886 372 474 348 884 226 981 624 412 867 636 5 15 248 895 757 23 976 190 574 424 555 586 562 718 606 723 218 940 688 602 183 205 878 297 533 467 268 188 645 66 475 735 773 913 644 280 553 822 209 415 487 637 195 398 528 373 262 861 893 484 955 928 523 571 978 26 321 342 998 725 937 89 395 338 768 358 765 669 811 735 261 494 786 85 340 670 980 469 586 889 414 666 954 720 812 966 592 264 505 924 400 434 244 137 62 915 175 890 308 863 511 531 263 54 285 875 576 120 602 463 546 144 501 248 130 933 998 238 240 447 682 784 9 701 944 700 608 950 266 861 166 188 929 593 322 241 858 238 366 666 870 168 619 531 393 589 975 708 416 518 895 660 491 756 915 846 532 327 998 696 237 481 853 247 865 712 37 753 770 149 14 61 944 159 855 589 157 390 152 510 130 419 652 205 338 100 555 473 645 620 631 474 967 275 541 2 143 909 228 611 181 402 211 993 740 722 7 31 979 182 409 97 982 287 410 930 973 910 376 311 500 455 986 556 146 314 849 616 300 524 138 146 317 151 482 425 296 339 859 838 502 541 488 332 812 630 480 655 833 625 63 193 541 481 199 408 506 189 591 937 170 720 718 876 976 973 563 596 443 999 472 351 159 446 846 212 746 778 184 749 395 265 693 641 777 425 728 964 818 48 849 513 511 847 580 263 190 874 480 855 165 184 513 219 35 192 60 960 744 10 151 46 794 906 338 127 600 244 22 318 1000 229 5 334 16 885 889 307 69 969 148 427 947 517 404 293 225 727 506 177 186 561 426 636 617 75 486 358 845 278 360 696 597 231 3 43 597 402 158 57 272 502 438 324 471 305 93 542 256 823 26 662 760 145 567 436 798 427 603 219 887 6 140 638 368 715 572 607 871 213 568 85 285 670 335 14 703 778 871 12 119 619 523 3 162 354 766 587 65 986 289 116 846 778 722 100 901 404 215 435 383 70 626 346 961 401 415 755 666 277 785 33 151 923 793 88 905 813 494 155 370 555 536 124 23 35 270 919 740 982 774 894 587 791 548 239 924 85 674 615 921 525 121 418 659 929 113 977 54 436 750 46 354 199 467 376 208 910 767 205 160 683 133 224
356 763 748 486 452 714 731 129 145 243 88 66 316 925 64 197 848 858 626 505 521 758 619 659 34 725 835 427 559 874 88 100 558 543 517 304 693 101 771 528 150 65 335 423 365 395 524 960 530 676 972 414 235 951 241 313 924 277 259 840 325 740 98 93 850 634 581 976 113 700 55 422 492 742 533 970 780 207 828 234 819 478 467 879 829 32 303 27 228 334 607 899 404 21 99 39 453 39 229 586 523 128 617 362 786 342 501 167 512 200 238 491 841 550 735 217 922 489 353 209 377 736 320 275 381 115 241 438 97 335 225 370 466 462 458 59 42 957 152 426 974 182 879 692 743 753 164 453 786 399 619 238 774 462 22 964 650 90 955 304 177 435 812 524 738 259 300 303 101 437 297 224 849 583 339 552 567 209 345 732 811 5 332 404 550 16 185 121 609 333 68 830 828 96 792 121 359 877 195 801 301 609 626 241 19 957 60 249 182 721 666 560 98 274 780 94 36 994 530 125 123 308 509 723 885 230 453 494 992 135 552 73 774 303 184 809 105 332 912 979 696 677 788 939 153 92 20 80 669 761 157 603 799 793 376 210 444 370 547 116 103 827 897 515 796 787 468 170 565 360 953 525 825 912 749 426 310 444 248 7 65 561 117 446 907 212 982 757 904 145 948 71 881 55 792 450 243 299 647 544 276 739 354 628 44 44 283 808 551 10 6 170 285 829 183 360 769 663 506 500 626 463 870 878 816 904 599 70 954 251 693 799 259 261 603 812 780 107 467 57 963 335 8 959 269 722 509 470 457 961 327 420 27 585 736 780 957 900 163 39 215 591 360 981 14 155 163 432 107 131 465 344 759 297 720 627 514 829 748 206 380 982 989 807 233 929 207 259 186 786 885 452 916 560 840 482 814 551 702 506 537 561 54 765 787 13 33 321 45 859 61 296 833 903 819 482 193 320 531 297 966 511 514 60 898 38 909 277 195 768 332 607 620 716 169 934 456 604 544 118 863 159 445 769 264 558 808 699 685 323 571 570 31 984 676 266 521 831 989 620 273 909 810 373 87 275 751 147 498 534 388 955 306 145 21 527 715 737 496 526 105 573 54 354 145 431 793 291 906 834 501 863 708 39 354 291 465
680 902 396 835 520 730 305 596 499 511 848 526 549 14 78 844 911 944 755 183 93 721 861 623 247 738 966 28 795 252 304 503 575 859 236 137 985 680 509 772 391 447 772 651 647 200 405 542 561 120 347 246 65 490 267 141 727 293 980 473 784 581 733 431 980 668 592 671 283 668 719 946 988 449 405 96 135 481 372 320 731 79 185 624 696 705 691 283 860 845 654 589 294 697 128 333 302 954 806 306 800 116 10 238 704 195 236 33 621 307 978 537 223 974 338 435 623 358 915 506 768 284 477 134 604 312 243 337 488 866 837 619 397 180 669 62 69 172 413 396 412 917 562 122 723 18 643 755 1000 5 649 209 333 370 634 724 14 162 416 609 759 370 629 688 693 453 653 456 904 483 329 736 216 733 590 472 137 31 764 197 463 541 1000 594 833 521 39 10 898 601 542 197 186 237 79 324 541 804 656 881 71 948 8 90 795 665 932 72 538 555 817 929 743 617 537 323 802 275 871 476 915 701 638 28 287 273 670 320 304 517 929 201 830 717 88 862 806 533 508 503 367 514 302 97 828 292 161 848 971 207 859 251 968 656 344 995 356 831 441 143 843 369 789 960 6 851 808 388 226 589 394 719 37 993 319 486 323 114 987 500 596 202 316 88 62 342 976 445 77 229 361 549 72 656 689 174 825 504 474 580 413 67 805 344 593 534 136 885 353 175 717 529 105 642 152 182 400 559 805 99 685 243 817 625 40 99 989 365 358 604 94 720 397 255 230 39 412 369 657 339 212 939 333 111 525 843 356 620 861 254 878 543 881 946 542 187 924 584 379 355 839 93 481 686 728 812 245 359 19 492 368 552 413 859 433 532 344 13 744 638 80 661 972 139 108 983 13 773 573 262 514 138 171 137 895 641 211 511 918 232 716 901 842 124 98 571 476 351 999 115 893 462 276 194 298 344 161 292 686 732 673 792 150 949 693 369 318 16 423 53 192 275 1 391 229 196 669 623 873 921 580 690 58 649 45 142 492 501 945 792 273 706 734 571 789 894 670 462 401 488 55 48 686 813 769 847 264 153 442 375 837 95 136 164 153 313 792 86 45 480 659 824 68 953 920 673 128 985 315 126 928 230 996 871 425 68 279
589 853 142 903 195 551 434 585 13 223 955 6 319 293 655 734 312 942 440 873 990 311 609 470 509 550 494 981 212 957 617 510 38 446 987 774 314 483 338 538 769 966 146 799 269 750 572 198 58 453 406 138 188 942 287 562 933 34 816 82 899 877 185 852 787 864 515 492 623 314 301 141 401 886 278 349 276 914 857 915 281 723 923 94 118 227 180 668 704 761 616 987 897 314 936 173 250 831 752 513 873 594 148 290 68 498 153 641 831 479 134 819 418 762 615 587 984 78 425 780 722 89 843 272 130 800 858 443 817 483 295 787 790 96 58 964 784 748 117 88 151 244 167 672 331 254 864 699 287 903 937 698 13 652 623 376 503 447 187 132 522 228 836 957 393 851 690 253 803 567 795 629 105 532 634 521 94 833 347 132 233 880 708 77 694 900 652 209 478 531 605 219 161 359 56 940 585 54 56 88 651 957 465 758 266 294 732 686 14 880 830 123 101 537 734 355 913 312 755 558 822 892 311 748 720 121 851 346 487 946 845 858 822 40 452 366 540 316 885 446 566 238 102 869 829 47 20 87 75 702 129 383 389 597 327 839 357 969 69 465 970 563 102 764 243 10 502 813 992 613 717 215 819 458 958 156 989 420 8 909 362 645 230 408 413 846 669 848 186 363 60 845 426 166 833 22 148 538 240 371 693 507 159 364 217 468 328 651 726 875 498 962 251 976 433 932 826 447 978 880 246 512 948 900 104 889 501 773 264 896 302 355 225 51 431 635 63 777 37 226 379 711 515 333 30 743 682 753 895 74 15 420 982 939 878 916 506 727 45 592 881 363 346 809 643 633 223 664 695 449 824 368 959 261 936 118 769 99 707 576 859 857 236 482 831 350 463 12 62 488 135 347 841 298 643 590 254 432 973 694 930 778 452 842 15 387 619 441 439 621 634 543 501 912 215 15 552 522 804 378 579 876 394 769 801 25 560 815 284 281 807 80 592 167 426 32 414 778 684 632 479 375 716 997 509 815 241 933 451 107 905 848 996 276 579 527 417 528 735 499 437 929 309 346 151 44 153 268 784 957 819 500 713 681 425 890 452 176 345 398 901 246 358 277 109 118 565 971 316 235 282 933 44 584 46 776 197
931 245 797 109 875 143 798 179 124 310 164 700 166 595 972 879 860 915 617 370 640 875 964 480 55 489 773 80 914 601 400 761 970 590 173 804 554 635 134 556 869 196 492 904 667 51 166 642 393 262 175 940 239 483 837 248 803 130 385 724 697 458 169 283 564 911 346 328 718 167 198 162 498 25 215 1000 785 298 177 451 716 18 376 994 763 16 962 289 616 953 563 112 730 43 363 360 455 918 539 934 338 508 283 745 551 395 82 984 427 456 125 44 936 768 112 800 215 269 631 884 828 123 491 429 107 452 147 484 90 37 476 975 368 669 555 331 390 391 822 179 947 476 72 686 567 856 302 813 509 277 165 507 946 400 385 653 663 86 731 812 76 169 301 594 691 222 405 329 774 149 211 233 373 62 254 233 173 90 34 169 725 350 717 544 993 685 36 732 266 474 614 980 544 867 487 626 959 461 211 102 11 98 215 872 410 986 810 713 642 745 264 669 76 839 695 675 446 304 751 928 235 397 141 188 293 211 806 498 515 601 87 785 470 751 454 814 441 124 410 495 565 506 86 374 490 344 8 373 623 641 435 107 702 234 585 960 689 150 908 30 431 860 743 835 235 592 715 628 344 744 859 166 8 923 874 217 656 147 222 312 676 126 316 71 627 999 550 541 219 440 318 673 723 376 258 970 242 678 16 238 55 241 706 497 582 229 792 377 809 656 369 684 59 991 768 860 130 677 158 179 360 193 589 629 86 113 840 968 785 944 822 692 209 794 593 648 972 307 846 643 846 856 850 539 840 167 644 430 964 836 411 158 230 782 191 950 776 736 435 827 699 180 509 271 819 241 102 249 52 605 288 450 554 188 210 122 302 115 229 148 129 975 819 624 34 913 375 420 395 605 763 312 448 846 273 621 334 636 410 658 980 32 334 198 568 659 692 129 634 899 645 272 995 899 853 68 263 463 402 482 398 101 635 466 427 538 405 132 552 556 52 920 675 299 397 74 780 405 455 1000 242 430 205 115 220 293 617 518 301 269 216 101 864 68 411 834 465 405 885 640 755 364 859 774 271 942 60 500 439 768 19 251 577 648 891 817 100 99 394 54 887 875 995 667 24 202 443 318 447 715 670 951 220 907 543 786 208
754 168 764 541 281 889 410 872 692 210 641 559 845 724 942 327 59 437 677 213 345 453 202 749 513 739 602 579 542 7 873 228 632 35 832 846 801 599 153 363 629 498 862 413 230 290 269 90 354 590 60 298 765 840 23 393 456 196 700 612 997 607 783 415 587 74 139 670 317 129 947 813 188 311 53 308 986 633 605 838 328 284 949 144 409 832 204 698 319 983 882 507 46 773 270 716 419 734 160 3 352 797 223 387 481 460 625 230 15 49 567 457 951 693 295 612 832 106 897 556 681 80 398 644 761 672 936 110 318 544 372 96 705 482 840 992 463 341 792 763 766 184 614 706 443 24 379 940 440 266 102 599 920 50 775 320 792 744 852 265 376 175 809 100 840 292 409 449 994 277 951 145 322 896 998 857 254 65 145 314 218 997 36 16 607 605 50 550 523 350 298 919 361 296 512 600 235 237 916 420 909 774 616 511 345 509 268 764 731 583 787 696 820 5 406 182 688 279 877 975 14 533 954 111 163 932 386 68 472 422 294 203 167 218 551 669 16 845 598 21 281 136 892 884 134 459 687 271 711 719 588 204 420 451 773 923 991 729 61 988 98 865 898 868 663 701 254 201 209 295 236 682 291 654 943 146 721 522 419 704 106 90 200 938 710 441 681 962 518 392 47 417 655 846 82 261 45 355 759 958 680 369 790 419 6 177 482 882 145 582 344 502 935 948 548 441 71 998 338 587 678 904 710 430 381 585 742 674 700 82 56 189 430 285 491 559 51 798 411 816 485 428 283 185 384 651 749 259 995 672 783 82 56 875 918 398 748 760 412 520 325 399 995 56 377 900 437 208 820 205 539 208 538 822 894 146 815 256 954 850 951 282 895 119 342 131 16 435 37 326 207 370 930 925 726 609 22 586 711 187 655 655 248 103 491 536 974 906 406 280 168 223 879 638 490 271 603 271 410 372 781 746 114 928 565 152 87 616 620 488 938 75 566 943 749 772 348 666 505 573 861 65 726 811 772 320 149 665 564 987 508 23 14 994 543 144 223 611 733 673 616 550 449 12 126 902 476 122 442 257 217 471 873 846 220 462 991 927 404 355 590 517 770 912 765 119 495 123 548 761 283 810 798 768 151 268 996
662 112 328 630 197 694 439 105 827 697 479 753 852 987 632 320 227 262 572 174 243 683 535 838 602 351 630 207 671 143 452 608 952 716 752 161 821 369 159 221 743 897 671 196 800 390 480 188 405 666 221 389 705 701 34 806 406 675 691 401 39 420 109 330 184 810 143 42 116 393 742 220 842 668 170 926 79 108 254 429 648 99 407 528 43 110 543 909 545 804 690 769 494 958 285 265 899 258 637 344 554 9 780 553 103 208 349 842 138 914 131 178 250 556 89 942 861 660 594 650 313 535 705 880 528 464 242 271 204 427 824 737 260 201 144 791 195 416 604 781 537 474 731 503 865 438 638 104 243 460 795 461 881 373 672 145 931 550 464 787 314 994 651 897 570 973 470 103 397 864 425 568 388 816 120 441 559 369 331 596 820 891 304 994 824 984 32 76 340 651 128 437 73 319 693 650 378 448 984 215 92 587 758 734 847 446 814 659 182 211 667 282 585 154 979 525 675 326 436 192 516 21 816 2 485 603 8 770 926 618 532 264 157 788 385 170 509 10 515 142 566 380 352 615 92 359 235 346 450 81 328 432 592 220 366 890 952 784 659 704 452 334 221 684 210 89 245 790 826 565 610 826 991 665 645 260 479 182 746 641 573 127 580 922 961 414 213 877 315 72 1 66 944 951 740 613 103 929 370 193 1000 942 291 27 163 663 963 222 198 70 872 402 280 849 661 247 459 63 701 298 681 76 546 457 309 68 678 705 524 187 544 968 381 554 734 130 371 213 358 385 368 67 341 828 835 218 170 786 132 245 268 483 172 530 800 844 519 3 916 815 252 118 965 437 671 892 515 116 267 641 24 398 638 857 909 516 352 518 143 895 3 171 924 740 342 764 50 422 867 638 307 943 335 231 698 270 503 714 355 914 855 343 166 53 170 449 143 342 401 937 593 824 164 154 543 645 514 323 427 225 803 756 127 555 796 704 716 605 752 852 887 449 373 553 887 59 935 594 550 702 534 290 689 503 374 193 307 75 309 460 392 11 510 670 674 541 736 562 58 513 878 176 960 814 487 796 79 449 455 154 853 218 823 66 862 262 870 583 634 646 845 344 466 879 656 74 620 878 701 329 695 901 221 65 835 694 746
614 123 592 33 27 898 522 953 241 94 228 900 74 946 955 403 202 499 34 409 982 803 549 986 796 269 651 357 823 46 932 468 747 344 895 612 408 808 700 102 228 162 152 190 819 119 89 983 292 114 470 634 333 396 509 347 255 950 340 630 716 240 411 551 20 865 901 53 342 74 185 786 866 245 932 862 963 861 725 37 412 966 637 139 184 901 547 842 471 377 364 535 618 488 456 487 256 479 500 766 755 612 497 757 123 112 228 789 283 694 371 430 916 239 900 972 665 782 795 828 527 804 394 566 925 12 305 656 351 840 547 144 978 309 229 95 479 81 844 764 195 499 509 77 573 568 186 537 423 944 788 384 885 722 70 249 234 279 487 667 727 219 407 514 900 207 700 938 89 980 309 772 384 360 273 313 859 483 406 945 461 922 527 503 449 533 21 109 430 135 955 135 756 27 978 797 4 69 218 745 7 105 211 298 302 340 498 332 304 996 842 74 602 962 368 288 522 669 899 7 666 947 391 467 485 146 81 989 809 767 592 886 984 277 866 350 651 978 158 497 910 977 250 217 631 674 503 363 819 178 977 405 506 523 524 852 638 659 947 894 360 966 911 662 962 904 452 322 9 371 405 991 760 808 518 48 27 519 943 139 975 267 805 208 413 872 795 836 609 970 362 220 399 942 260 782 416 61 503 653 25 545 179 382 293 336 656 671 589 866 831 634 290 600 559 888 980 587 709 282 876 261 415 627 213 645 591 142 676 359 667 615 709 779 135 171 487 263 926 531 67 756 318 700 17 155 94 80 248 843 89 883 490 294 204 176 622 16 942 942 358 149 651 653 230 5 572 442 191 539 140 518 16 253 182 164 318 971 420 232 948 559 493 594 24 847 206 989 809 932 511 291 302 489 409 269 999 43 999 725 138 538 855 935 626 493 766 683 750 963 287 679 870 108 142 181 707 59 73 854 149 470 496 189 403 550 216 717 637 625 413 310 258 424 748 256 87 766 373 455 90 904 679 278 977 49 963 627 313 685 718 483 431 615 569 47 418 891 125 513 808 656 331 362 511 604 48 15 968 605 670 352 295 995 821 493 552 39 532 763 688 331 229 704 395 577 505 667 782 757 662 446 797 77 491 534 112
858 996 915 522 143 978 163 979 310 997 397 110 773 136 985 181 229 758 341 967 681 156 660 624 377 808 696 517 7 665 324 575 240 991 104 507 625 933 168 198 483 737 416 661 123 370 829 202 216 57 694 385 859 616 232 227 406 732 46 942 519 383 26 87 418 354 483 631 979 734 372 848 103 104 380 533 75 446 172 237 712 956 321 136 386 800 39 215 665 61 970 989 869 442 755 633 172 96 188 212 44 720 803 948 683 82 505 972 556 579 529 910 815 331 385 54 839 436 518 536 615 565 284 820 978 931 671 716 633 356 706 571 938 67 65 733 941 118 36 917 636 824 856 706 751 385 703 596 984 874 223 916 32 668 447 401 897 258 144 570 149 954 382 271 462 812 749 442 944 636 74 323 176 503 577 148 413 508 814 718 947 620 71 87 215 176 716 104 967 821 96 40 542 202 639 308 583 907 169 636 554 164 262 601 448 934 664 802 997 974 546 971 209 74 890 691 948 792 528 543 476 116 515 93 371 397 661 999 387 712 60 240 259 60 166 226 747 96 379 262 267 295 189 172 965 39 239 179 58 928 188 923 618 277 945 757 878 693 809 67 775 647 357 759 212 625 94 95 897 822 726 356 286 693 227 692 849 53 107 613 566 271 442 600 282 528 503 193 615 29 314 107 275 39 649 909 48 439 469 830 138 839 435 940 534 868 529 787 602 580 456 982 932 28 172 50 862 855 789 716 255 489 901 60 303 556 556 267 584 825 217 153 696 393 988 163 282 233 936 774 912 416 330 144 306 850 475 252 321 692 425 308 120 689 256 17 781 811 280 238 867 401 681 497 150 244 647 379 550 638 461 651 950 699 725 940 141 44 156 717 975 194 999 982 931 265 119 591 27 185 304 985 798 378 536 270 141 559 647 731 754 558 473 929 621 339 234 377 240 82 903 994 729 114 318 172 858 125 791 539 944 35 408 640 960 904 195 322 410 494 718 78 60 84 641 103 417 896 1000 605 350 23 967 920 343 610 902 663 952 427 470 422 508 234 868 111 386 862 617 293 456 36 720 975 327 818 521 717 167 975 860 938 942 30 851 156 957 747 669 569 965 433 900 687 304 729 558 845 27 248 886 219 93 425 909 19 489
786 631 432 531 515 636 79 707 697 759 811 130 534 372 553 721 13 907 534 445 810 512 261 267 968 833 77 179 558 336 406 838 733 873 807 459 336 455 868 580 122 165 500 110 257 578 104 865 710 381 245 316 708 577 613 158 993 585 870 255 125 169 674 940 9 908 370 883 535 799 624 455 355 924 522 418 265 789 602 245 446 308 774 706 966 91 168 300 453 150 212 68 737 354 364 395 400 944 750 503 159 674 132 161 682 117 788 415 938 325 116 865 80 976 619 637 348 612 694 417 193 616 537 941 60 67 621 467 68 856 660 47 214 665 850 809 850 598 714 492 190 267 28 318 597 669 347 707 571 203 530 230 873 391 764 437 588 332 786 853 491 806 259 363 92 777 152 441 807 65 707 20 369 491 200 469 327 736 364 676 137 311 538 920 68 348 256 751 653 756 110 966 825 348 305 143 729 915 148 810 388 325 251 5 36 159 570 218 546 126 287 3 747 755 257 273 947 710 911 983 668 508 645 787 487 408 133 845 991 273 938 159 808 827 829 471 98 454 369 465 617 475 825 84 743 120 549 536 491 849 566 133 539 615 381 219 360 893 263 800 20 743 489 761 964 951 891 445 107 424 676 358 893 569 232 581 985 278 734 254 458 71 291 659 162 846 730 551 731 388 87 491 96 832 108 450 660 258 472 895 881 124 486 475 776 997 666 873 120 290 841 134 896 706 526 969 80 849 363 562 916 189 706 391 274 957 711 765 413 106 337 676 560 866 425 101 940 12 858 817 111 205 264 337 685 965 381 866 879 29 347 281 318 473 504 461 373 772 52 949 158 445 674 552 39 830 766 86 833 386 587 880 984 605 669 802 649 880 894 692 347 254 630 507 943 962 152 916 239 315 722 396 167 203 582 238 428 868 511 314 992 361 905 575 453 370 715 748 601 167 152 322 846 652 642 297 248 65 542 859 891 793 555 206 632 988 681 781 754 252 169 488 842 470 303 637 897 787 338 998 192 508 356 486 876 431 612 871 761 886 585 526 841 774 294 650 296 421 191 879 574 528 714 786 993 71 694 87 984 86 633 418 701 222 819 359 507 995 50 409 747 773 876 536 670 377 681 99 431 320 516 501 291 1 986 291 898
703 850 410 106 220 298 154 911 52 32 924 227 326 615 592 810 853 558 244 232 148 113 944 787 71 481 663 720 396 776 608 985 690 973 315 350 271 294 310 183 429 86 636 674 437 913 238 39 574 738 272 568 925 251 402 532 905 444 391 556 215 485 821 70 934 438 140 297 868 508 904 696 899 972 533 276 896 77 290 247 673 183 947 780 887 639 891 126 459 1 679 788 145 404 165 489 581 754 92 362 541 946 647 338 456 896 993 838 899 578 429 276 358 260 399 193 810 919 246 966 322 793 37 394 434 952 389 936 154 232 489 502 139 295 748 614 826 815 564 111 730 421 179 173 525 881 480 257 126 371 185 617 967 109 817 693 719 252 735 852 33 370 836 72 438 932 704 348 784 403 690 566 899 293 563 451 57 912 593 796 176 585 171 657 367 948 289 951 208 229 547 375 86 907 134 72 17 220 917 617 589 37 734 147 839 215 327 271 727 380 944 258 906 431 395 998 740 420 512 83 640 751 945 29 596 316 185 916 716 182 503 882 390 186 950 977 880 532 811 429 107 25 575 833 817 497 647 327 217 98 811 92 304 991 813 841 754 858 320 216 353 467 586 709 187 428 445 907 926 992 378 446 180 370 101 299 61 412 955 915 808 97 866 663 639 118 932 434 68 959 763 951 512 707 551 583 41 543 602 366 181 242 254 309 651 597 659 716 587 904 537 622 518 134 575 868 137 530 184 845 38 748 233 825 922 995 910 720 879 609 384 617 108 242 819 85 785 967 357 68 69 313 637 794 942 518 593 666 861 991 24 134 975 998 39 604 926 209 800 709 597 835 730 217 101 150 301 971 64 259 292 267 771 333 28 75 632 481 382 720 924 626 881 159 964 373 683 890 237 941 492 884 494 333 127 598 349 227 862 430 869 235 954 968 561 919 633 488 479 418 531 366 2 16 297 834 417 692 247 903 742 270 392 316 344 52 261 722 297 525 654 533 307 531 435 39 652 61 56 123 934 75 463 355 739 761 39 901 856 768 600 466 4 444 214 290 925 411 601 292 435 57 196 54 451 801 81 613 852 360 869 86 605 214 599 906 672 198 643 812 801 467 628 612 597 937 846 593 834 407 414 850 237 983 623 863 183
726 518 657 700 864 467 377 981 217 677 921 756 435 52 924 710 501 138 222 92 378 69 767 743 518 365 113 228 544 490 513 143 763 3 701 69 627 588 984 666 509 413 240 371 54 681 571 337 723 581 669 426 846 3 155 206 803 881 119 880 779 717 678 566 647 53 916 255 643 970 523 136 15 706 270 33 986 561 983 311 110 131 72 358 870 396 955 767 230 692 878 491 846 632 722 842 733 359 786 263 177 264 425 354 555 398 838 1000 481 159 284 571 203 788 247 784 718 314 667 755 889 465 324 954 496 836 490 323 24 833 686 729 756 899 355 833 550 973 904 29 756 350 601 357 182 168 254 673 33 138 700 217 228 350 365 203 751 923 482 488 944 656 366 19 264 607 317 593 844 17 868 122 201 868 2 279 853 923 630 281 592 198 315 619 360 837 121 835 781 840 696 60 861 925 454 321 998 472 835 308 638 401 425 376 953 175 919 129 398 798 537 130 420 869 953 785 575 972 478 528 767 485 622 386 785 335 995 79 243 717 856 757 883 863 26 806 808 719 462 675 658 411 958 557 749 815 708 935 39 862 414 445 770 391 36 792 583 406 493 959 734 277 736 676 982 467 877 405 214 493 422 793 75 6 900 66 112 412 723 119 771 685 717 554 70 50 815 34 446 297 768 477 737 960 274 642 112 476 695 933 202 649 945 727 361 639 592 351 664 293 993 169 379 790 609 856 531 238 638 671 922 818 972 555 51 243 208 909 450 641 879 481 851 714 68 756 792 193 164 522 228 914 634 937 604 205 918 529 957 566 200 650 564 757 779 252 854 645 482 844 518 277 325 336 790 51 236 735 517 100 62 835 458 402 624 46 14 817 445 931 386 28 741 949 615 496 571 7 372 173 553 970 353 396 514 456 740 936 573 376 252 416 881 267 962 469 147 723 538 480 774 983 716 678 62 843 540 376 668 124 464 377 754 397 600 244 222 422 878 215 7 863 711 367 545 159 80 75 536 795 21 945 590 546 449 290 535 419 179 623 791 306 903 540 375 543 762 367 87 26 375 547 599 269 524 169 853 450 294 652 438 875 317 126 887 85 5 145 308 587 132 166 976 872 366 303 184 135 553 214 424 388 712 968 644 141 926
676 141 969 877 593 851 762 490 102 554 414 241 417 587 299 156 625 990 512 748 42 305 497 353 90 266 675 721 784 785 136 840 477 648 948 84 118 1000 798 332 431 955 605 655 865 380 409 846 732 207 19 886 499 981 973 857 959 422 198 779 147 794 423 515 769 717 330 572 990 907 764 218 828 831 316 91 798 184 762 189 691 832 55 696 905 268 30 250 878 131 857 453 130 501 687 703 759 291 133 19 651 702 894 149 995 545 85 115 969 831 747 384 85 875 791 361 226 131 369 785 257 492 802 934 371 485 402 457 529 77 867 542 815 270 193 814 582 561 264 245 190 982 747 838 434 500 820 637 747 615 241 774 648 484 637 783 28 351 46 442 105 986 841 140 99 259 956 555 907 516 904 415 564 707 543 62 88 337 499 32 333 817 397 616 496 660 48 909 372 538 679 275 185 476 519 801 294 916 232 251 383 39 786 552 344 281 245 10 104 145 442 522 950 701 220 457 534 329 31 708 134 826 21 918 353 561 302 575 959 416 531 615 932 693 767 385 323 215 392 729 790 783 339 924 18 780 244 679 914 985 584 299 421 953 921 195 140 366 553 405 130 685 521 512 457 543 710 417 871 148 586 805 627 181 39 313 873 815 112 364 886 957 493 393 797 961 210 772 643 703 689 723 1 71 701 160 177 401 669 989 645 937 211 721 86 586 690 540 649 91 117 799 549 354 498 250 880 345 568 570 633 584 393 84 47 177 443 214 551 331 688 976 422 895 582 361 42 720 54 641 616 416 582 208 785 17 628 296 329 544 307 274 893 110 40 255 93 402 365 204 455 298 776 464 75 107 352 839 330 133 921 63 691 763 78 626 990 162 120 816 375 758 687 722 663 256 277 32 899 381 298 373 294 347 609 157 584 382 887 904 926 172 333 179 525 407 947 259 507 373 258 585 385 257 818 480 615 901 742 220 662 785 526 949 97 943 760 666 397 390 50 221 730 644 890 231 354 638 346 247 685 757 100 135 231 521 934 707 154 245 739 261 799 97 907 515 209 634 681 978 593 370 709 203 587 459 411 873 761 676 168 476 245 451 128 876 137 104 853 333 466 689 266 191 179 98 339 276 99 416 666 612 820 727 132 217 63
52 518 70 181 862 460 418 178 247 684 333 67 741 714 438 997 515 903 991 471 807 49 959 198 202 415 922 535 400 383 936 569 191 926 133 910 418 640 898 148 275 992 215 293 62 959 730 204 372 442 256 293 98 642 508 736 848 829 951 309 545 994 196 227 146 391 759 790 301 690 579 464 24 904 768 996 707 329 872 950 631 388 145 885 501 509 666 814 981 145 639 406 412 802 613 279 931 274 374 386 269 50 457 128 381 572 558 59 21 985 346 317 380 344 980 810 948 211 473 58 903 854 732 1000 692 25 647 705 546 949 266 420 480 937 668 195 953 816 108 29 561 608 425 9 767 23 158 749 612 424 316 749 937 481 635 722 669 377 430 962 514 269 590 578 438 697 612 942 178 220 38 98 663 647 421 431 412 331 294 146 388 75 284 418 870 142 633 359 143 793 579 514 680 362 861 699 708 249 576 556 635 235 774 15 792 346 887 102 986 742 516 714 766 54 230 346 924 720 800 150 366 337 621 72 354 47 623 354 265 589 63 25 967 872 448 592 379 117 892 83 600 73 905 545 776 511 915 434 59 830 559 118 834 175 809 527 465 873 676 244 216 367 710 495 556 90 965 646 82 604 991 346 702 158 375 841 671 791 604 722 671 611 114 631 62 874 995 243 62 583 759 241 237 172 174 863 654 357 648 789 490 212 452 702 577 822 642 613 426 888 488 447 572 113 376 74 274 390 746 737 351 70 836 343 542 23 165 550 596 337 553 553 951 260 686 557 686 699 445 38 470 410 990 303 827 338 166 798 862 521 8 298 442 716 344 689 982 27 738 676 915 14 728 842 361 169 103 737 350 873 717 307 664 648 446 883 245 255 183 256 604 698 17 117 988 418 223 692 252 970 895 728 711 426 411 629 590 687 705 559 154 255 595 477 605 441 877 288 34 473 581 995 480 400 925 898 942 85 645 105 220 423 698 895 789 802 731 864 400 964 822 549 100 435 374 610 767 761 469 703 492 508 265 25 212 21 876 322 719 1000 844 904 735 823 439 3 288 574 309 732 902 785 193 303 305 153 484 838 421 347 350 968 458 36 381 881 157 147 775 58 920 731 15 474 15 11 948 477 23 242 71 90 316 705 74 854 814
222 69 637 357 690 900 759 870 485 30 738 10 690 306 91 889 227 250 651 174 966 273 835 354 351 489 126 922 884 343 992 998 993 931 989 698 227 997 405 541 124 979 617 578 479 773 759 765 753 448 14 94 474 616 375 252 544 917 426 578 155 349 467 889 727 8 277 286 551 411 597 865 762 431 308 850 737 767 691 5 360 279 965 299 579 995 984 342 674 396 404 630 943 390 747 34 350 325 410 820 913 994 458 236 232 553 344 104 806 332 418 406 630 490 761 509 48 787 247 668 255 225 621 68 909 553 496 78 517 65 657 757 581 466 587 578 936 78 383 791 77 708 672 474 479 813 88 465 994 975 412 549 775 153 385 158 576 623 593 511 602 207 545 873 586 960 536 500 272 617 503 86 193 850 646 699 141 492 722 806 409 310 717 882 837 223 544 777 355 384 693 522 579 231 892 999 491 371 980 739 676 911 523 748 512 44 92 418 798 655 182 574 269 666 761 773 544 290 937 94 181 641 554 342 123 964 700 836 212 581 765 841 342 438 908 900 346 564 348 656 224 897 924 141 718 52 916 978 797 611 987 582 794 260 1 141 951 938 702 559 227 65 432 958 392 389 859 713 908 860 690 49 627 91 355 321 778 246 923 385 301 962 844 914 727 149 123 59 628 160 995 387 581 784 7 2 979 895 630 100 209 967 929 309 841 778 415 384 156 550 879 540 944 576 540 125 679 565 684 157 246 245 542 328 57 128 800 776 618 156 170 655 222 908 830 315 429 674 874 336 501 463 912 306 150 638 162 806 433 441 534 956 267 305 238 131 25 521 6 283 141 867 290 142 850 929 780 965 423 115 468 481 638 634 735 557 261 453 144 178 684 102 224 322 898 267 276 428 901 675 214 811 9 834 837 874 450 459 369 894 568 947 454 482 827 280 501 198 13 255 160 630 396 670 576 350 242 989 509 574 705 730 413 574 537 86 73 622 871 968 588 487 91 301 75 973 399 435 92 58 295 51 810 978 536 66 768 792 731 478 304 222 918 790 114 329 131 85 910 661 473 936 664 544 847 15 496 864 563 807 73 562 878 743 607 135 457 413 564 888 667 96 879 257 531 66 723 907 109 55 831 234 594 725 190 230 616
671 726 957 755 111 201 838 942 118 317 61 504 470 752 857 381 738 182 905 887 813 88 759 829 451 280 893 778 713 81 199 602 895 923 435 141 937 244 958 728 469 112 561 609 637 963 668 821 220 673 206 29 593 794 368 502 670 329 956 160 69 734 93 388 787 902 250 699 636 654 379 336 67 81 582 624 101 508 919 542 844 357 853 869 527 236 85 639 4 506 220 860 645 585 277 346 525 521 857 492 796 477 692 149 988 600 411 588 431 250 727 710 390 397 526 798 425 442 360 849 22 110 567 639 194 983 53 500 606 890 239 680 986 604 125 602 121 718 785 595 75 472 577 140 203 520 848 585 90 152 657 192 696 867 234 185 219 859 196 583 114 747 740 712 502 405 21 279 337 967 475 306 101 358 160 553 514 979 730 83 627 625 741 771 424 424 43 288 631 299 778 124 634 662 831 213 128 272 269 805 248 223 175 593 25 951 228 359 54 203 739 77 550 445 517 905 699 404 566 142 15 336 491 737 537 235 106 292 476 759 431 169 124 753 262 494 928 940 587 432 359 321 698 887 434 590 649 121 584 24 90 518 981 87 439 312 607 165 917 571 249 493 966 529 273 480 38 709 511 700 260 47 858 508 714 204 191 729 244 964 638 193 405 102 437 345 537 865 837 19 148 295 321 569 712 613 457 757 631 785 234 265 415 911 997 769 804 710 293 1 177 490 673 44 516 98 285 306 193 78 224 273 892 875 211 809 881 701 377 2 544 658 464 812 601 105 621 810 142 227 182 595 903 27 157 327 309 624 747 292 621 231 223 815 981 33 205 793 911 226 756 494 764 545 160 78 921 213 551 22 209 900 36 461 848 719 147 313 159 698 267 79 766 887 205 115 922 356 559 147 928 127 920 991 857 410 7 242 196 422 171 912 306 372 327 94 222 409 337 612 789 904 5 821 648 80 796 349 285 666 687 118 265 45 772 399 321 211 817 469 721 223 403 877 591 569 33 514 654 213 753 131 571 678 402 27 818 449 426 587 497 279 958 132 915 885 92 886 285 127 604 208 996 548 316 513 621 27 305 654 106 190 209 881 942 682 525 36 109 466 126 37 895 351 543 177 596 883 566 439 146 278 769 150 733 276 977
475 1000 680 373 248 277 68 808 106 88 751 933 144 960 768 501 970 63 265 26 18 933 957 943 704 118 232 670 997 394 147 907 607 467 439 760 766 875 847 211 181 300 512 869 290 808 104 870 133 175 259 872 458 302 2 161 285 681 202 462 392 778 660 774 619 850 762 720 516 952 871 256 539 371 407 572 203 600 726 341 390 718 695 426 230 741 968 329 293 478 716 92 295 819 210 92 722 281 531 377 327 195 800 457 182 583 445 403 867 179 518 689 798 564 208 786 736 448 875 617 979 744 585 438 463 101 772 174 931 750 944 465 284 705 396 845 171 321 176 113 631 302 699 400 542 331 149 749 748 996 653 714 5 950 480 853 549 915 402 176 948 415 320 61 276 229 634 655 64 213 437 272 563 256 132 591 90 826 86 800 502 890 85 668 643 445 627 311 870 565 295 236 306 27 66 96 119 262 473 584 962 383 618 197 37 936 163 547 630 746 471 740 126 570 959 820 237 665 989 180 19 222 972 218 503 307 362 509 884 419 904 87 88 272 195 741 691 317 472 409 555 936 22 359 471 109 856 690 155 845 756 267 936 294 645 68 350 330 490 772 969 965 597 841 387 134 732 250 385 443 749 898 265 421 914 414 641 920 149 688 153 72 620 117 916 151 234 75 618 892 545 417 765 993 654 395 870 270 377 523 704 307 746 101 880 93 151 738 313 530 236 251 690 415 66 386 460 632 206 367 542 441 822 900 899 358 5 235 34 649 54 540 48 538 589 467 619 884 962 53 447 54 173 835 275 235 555 301 904 305 37 66 646 582 704 926 58 766 646 619 315 282 418 893 124 510 453 685 554 911 476 433 350 647 635 131 140 350 973 235 283 517 163 364 790 889 510 269 199 582 964 51 694 308 966 812 227 719 210 68 795 462 240 723 827 963 62 3 361 579 18 540 712 37 377 55 426 23 44 950 639 123 921 808 465 794 197 605 250 571 745 858 454 886 795 498 869 961 349 974 567 275 586 295 899 970 138 348 188 240 629 747 568 46 647 114 93 126 636 331 677 125 796 576 361 918 901 370 491 668 959 188 412 335 503 736 884 745 259 632 452 405 450 293 585 228 337 915 358 507 815 163 687 416 8 313 485
436 616 926 485 906 361 210 149 942 40 596 424 749 484 744 479 432 79 864 456 83 894 141 582 506 504 30 289 535 559 765 594 707 639 106 881 679 515 514 164 557 67 67 370 130 293 671 65 634 271 125 809 571 476 175 170 187 869 628 185 706 821 823 309 210 539 723 209 550 970 570 972 885 247 755 575 585 50 150 411 721 557 423 553 151 716 505 101 706 521 76 333 727 222 416 784 295 185 390 19 512 15 483 221 795 315 769 417 497 938 716 680 332 784 157 660 977 597 168 234 33 568 697 156 695 23 830 342 540 722 317 10 640 643 610 160 201 301 677 718 888 569 20 564 455 277 875 695 520 322 584 825 134 644 780 813 933 129 904 116 516 821 969 2 312 91 494 266 389 357 732 169 685 205 113 280 184 704 283 883 47 102 84 384 390 109 218 447 363 233 419 208 663 226 705 221 598 875 752 291 370 503 897 772 587 496 507 515 619 378 304 960 892 658 626 31 977 922 869 72 684 173 584 710 787 968 463 26 665 144 690 100 492 640 942 248 351 279 956 203 680 281 445 696 752 186 40 669 230 380 902 440 813 733 821 520 364 996 780 370 867 454 133 949 688 322 535 612 983 811 760 383 285 652 76 460 413 494 730 77 302 221 353 542 697 284 631 19 506 553 48 895 488 882 950 340 684 48 512 401 151 333 463 681 407 606 118 658 967 30 76 804 898 761 515 110 975 957 700 414 836 127 109 239 264 450 62 223 565 619 196 846 323 520 785 522 121 91 995 279 181 900 625 171 385 392 448 438 211 737 819 585 886 546 664 766 730 341 164 699 309 306 929 85 337 730 167 837 105 729 211 931 4 312 678 52 272 823 1 179 599 638 93 12 644 928 271 275 656 785 437 924 389 268 530 420 106 282 842 566 815 983 307 825 590 325 685 298 987 215 884 834 701 942 476 799 791 333 644 347 661 831 889 463 731 283 494 775 289 241 48 626 760 409 233 481 353 942 592 17 627 352 411 573 477 220 826 652 774 912 271 934 564 651 288 100 614 920 454 547 585 103 696 409 83 212 780 174 549 641 754 944 537 449 119 920 225 213 493 551 504 253 510 99 423 976 446 428 377 882 746 921 668 354 766 630 926
669 118 829 419 474 675 730 247 550 423 43 505 604 467 862 982 47 798 477 121 955 146 868 845 871 622 853 983 792 917 164 289 356 710 943 744 166 942 792 636 86 754 249 658 132 614 373 107 620 257 755 64 515 917 59 557 934 23 464 84 414 691 14 928 5 196 40 658 180 63 587 312 147 597 159 989 394 10 872 931 279 485 315 254 706 556 598 559 623 17 463 570 153 759 737 118 923 577 303 193 661 718 888 953 251 228 674 409 320 945 569 744 255 994 90 527 694 608 166 348 992 287 791 982 694 196 760 108 13 630 603 715 607 264 440 824 760 33 87 184 630 372 62 983 451 17 95 64 990 705 927 89 522 252 111 561 109 492 811 988 832 663 788 66 242 991 739 872 451 409 440 627 681 265 37 510 849 357 62 961 986 695 145 823 734 653 974 907 861 150 261 185 639 360 539 606 564 262 851 325 77 972 519 873 185 774 735 975 565 281 44 880 172 890 215 849 338 751 370 521 113 137 194 582 926 206 289 623 430 319 84 53 306 239 851 242 39 970 672 707 696 262 613 814 270 349 689 498 848 552 837 312 625 263 294 498 163 898 59 9 929 597 421 707 177 233 610 761 114 9 920 427 686 716 184 121 773 812 643 92 409 641 914 503 440 267 117 352 441 550 950 308 484 817 381 691 959 566 136 212 725 879 184 863 67 251 784 391 513 681 143 868 869 221 347 267 55 628 22 989 718 203 535 442 491 587 935 238 993 104 879 473 451 272 349 233 162 975 564 677 567 7 86 411 721 108 67 41 60 741 379 651 866 952 358 465 362 4 51 974 12 535 210 681 107 424 342 620 621 359 484 182 324 413 599 374 22 764 587 745 894 118 917 387 6 214 676 1 913 663 468 871 512 873 179 899 274 694 220 240 468 302 995 455 473 642 329 788 110 276 572 306 393 786 263 885 167 437 449 74 639 299 163 679 579 30 630 502 855 189 802 418 692 785 428 904 231 359 558 527 697 676 405 808 905 790 438 747 141 325 800 236 500 302 454 238 860 875 339 247 606 121 840 420 802 565 144 879 602 970 536 611 602 583 491 436 63 607 747 705 332 535 201 711 944 250 126 459 335 253 412 331 329 533 386 280 881
498 152 730 68 613 190 202 576 1000 600 50 171 717 590 470 738 988 586 215 964 472 480 462 181 354 264 98 571 390 988 901 46 781 851 405 224 800 780 203 107 682 183 380 907 875 998 507 474 804 435 506 618 337 655 379 320 406 980 741 414 773 767 509 458 354 185 398 847 480 298 161 475 840 303 177 180 53 461 998 448 763 242 146 464 648 498 927 959 543 95 549 153 968 670 912 659 878 787 93 441 66 711 833 442 195 844 704 231 774 506 911 900 925 206 6 535 908 666 507 767 518 540 189 765 405 311 409 395 751 214 24 617 752 78 327 150 311 861 454 994 671 360 926 431 638 544 733 808 350 882 996 428 468 819 898 275 282 645 54 728 48 744 760 289 847 193 695 658 30 272 689 709 641 363 919 743 864 597 572 645 997 15 845 140 807 795 430 354 851 562 12 932 107 228 730 147 52 864 179 331 701 11 489 633 116 371 791 116 959 896 455 77 406 350 459 852 270 954 86 905 232 65 850 628 435 62 611 847 941 241 595 599 398 36 118 724 940 473 488 226 478 113 492 310 972 422 67 405 575 250 523 606 728 984 226 101 21 184 243 234 355 305 958 734 358 257 128 924 166 721 962 335 663 484 59 690 23 766 895 594 259 435 437 753 467 291 579 623 745 687 758 203 448 63 595 549 945 484 825 853 638 491 908 522 676 352 745 773 350 685 191 571 42 684 495 880 979 466 248 107 20 119 345 465 10 400 319 588 284 908 174 284 560 317 921 294 598 400 577 570 526 271 928 42 723 27 177 502 318 542 449 48 704 909 39 133 135 752 91 73 939 698 790 365 775 875 757 222 936 153 440 515 249 89 145 888 987 370 792 940 498 529 686 236 982 252 748 880 212 149 206 870 570 202 73 768 858 355 807 490 594 574 85 331 928 989 348 640 839 827 715 240 164 807 381 857 183 927 905 651 749 873 992 152 826 107 796 637 611 186 286 547 581 503 735 300 410 374 251 339 849 51 369 226 998 646 683 774 378 666 49 192 855 66 200 866 376 365 276 441 799 564 172 444 779 199 146 233 258 325 23 678 637 148 916 90 39 157 258 99 394 87 792 60 986 392 205 910 696 608 392 140 119 657 633 45 554
206 192 966 707 657 283 968 456 308 463 180 281 40 450 750 333 452 362 435 688 656 181 548 480 420 524 516 195 205 387 692 697 144 989 290 882 477 162 720 934 664 497 296 970 941 833 561 319 838 156 788 896 11 98 924 160 780 230 636 485 306 902 976 679 263 248 902 207 359 932 602 135 653 548 309 40 545 995 846 9 695 458 362 409 70 972 742 585 53 597 593 333 566 163 375 752 61 465 701 801 146 879 602 658 133 826 441 76 120 589 909 394 336 988 864 259 72 864 71 760 59 333 378 582 482 680 405 17 524 480 365 299 949 298 138 197 492 270 470 41 872 967 487 423 645 643 30 63 617 906 637 69 633 638 711 830 188 139 718 100 801 626 498 167 453 706 950 897 307 610 21 687 341 868 259 264 994 487 900 222 824 561 316 539 210 508 657 406 564 624 608 430 364 767 457 993 876 702 754 562 424 801 574 686 266 87 76 371 46 511 780 446 179 324 934 956 40 438 769 669 399 707 870 569 461 826 611 548 412 257 137 371 3 647 26 376 302 965 290 859 190 772 582 128 876 809 155 436 454 391 398 362 105 423 46 23 480 850 615 612 542 532 454 238 772 631 656 69 394 857 632 69 575 204 146 933 172 496 473 114 212 436 474 218 212 783 631 842 597 374 299 914 989 786 815 697 470 484 132 898 187 587 320 516 317 675 464 561 741 599 273 549 376 529 783 453 177 901 21 182 836 765 561 466 418 641 164 65 245 114 369 8 230 991 743 186 506 178 501 39 961 869 516 387 452 543 502 363 80 545 818 623 391 182 61 516 820 855 43 73 903 369 854 99 762 592 677 913 735 558 817 583 615 368 61 841 461 919 874 396 560 260 935 391 376 698 14 148 387 968 699 287 466 998 813 490 321 678 277 190 485 386 255 802 843 453 860 375 25 43 354 652 596 97 890 449 805 188 882 543 244 708 646 694 761 927 514 892 569 364 360 244 418 708 369 850 299 534 139 375 885 275 793 118 26 177 396 209 44 808 853 688 242 274 435 548 476 572 393 376 907 574 556 292 721 459 374 492 147 694 825 704 494 189 950 301 887 649 540 198 612 80 757 625 100 161 418 544 872 445 978 922 751 514 620 847 662
14 62 632 344 476 592 909 176 9 235 794 356 138 618 165 230 527 665 995 142 971 974 586 994 644 904 435 571 130 185 254 380 996 663 640 103 739 760 515 731 156 933 489 824 581 325 757 300 385 752 976 970 307 251 353 586 242 652 395 583 799 208 989 886 626 95 515 190 121 609 499 357 410 924 413 958 606 884 636 764 245 356 751 450 68 492 736 334 150 771 267 55 164 685 125 469 7 724 996 120 259 609 325 166 962 92 247 991 259 847 335 965 762 628 29 850 325 615 615 292 576 869 201 773 718 762 687 777 944 802 415 566 867 662 502 736 645 508 957 939 588 181 373 666 469 866 825 330 859 93 574 827 706 960 201 607 496 140 569 308 869 311 992 683 512 60 326 665 293 987 747 126 21 572 405 445 82 136 381 309 382 775 358 370 368 452 258 77 73 206 463 484 160 583 710 8 697 290 575 426 828 10 665 946 806 237 849 212 367 509 352 110 711 207 392 243 130 615 5 104 725 922 845 729 944 619 950 688 638 849 539 866 856 68 234 743 306 359 388 206 989 584 258 278 222 934 484 199 562 71 26 430 549 802 457 135 652 338 729 486 212 892 281 984 609 549 540 657 213 235 680 390 878 816 538 649 236 823 231 246 27 78 810 117 460 889 122 179 25 165 780 668 230 173 95 265 368 11 729 687 161 419 75 499 965 492 143 581 84 570 378 453 145 713 234 171 917 493 540 563 477 96 276 83 581 386 926 256 268 736 121 585 59 431 118 855 302 441 80 403 270 60 981 735 125 848 948 378 407 954 620 749 771 726 894 27 23 625 814 299 434 546 132 780 978 857 472 676 604 38 64 672 303 588 778 329 325 869 29 826 235 18 907 713 163 62 713 506 13 237 773 909 823 159 49 873 483 60 184 914 742 944 135 293 778 274 161 542 378 700 431 940 976 498 7 178 736 558 901 822 667 357 931 231 561 453 674 767 259 369 741 253 454 894 366 953 212 98 456 524 52 81 828 969 93 266 566 824 756 332 681 747 781 731 272 208 815 476 751 689 44 106 315 818 516 460 577 185 476 918 688 157 127 85 648 577 762 756 542 285 333 601 731 253 279 133 548 971 924 411 657 543 152 285 247 415 24
10 964 328 98 551 948 466 235 861 687 816 497 552 134 519 980 382 695 497 720 744 75 821 120 964 741 256 465 705 879 786 85 700 728 419 817 515 692 613 572 826 973 72 45 575 793 661 878 39 759 263 488 25 988 978 353 573 943 870 117 115 863 213 478 653 140 30 105 41 711 528 69 95 861 216 309 164 176 640 445 889 623 169 849 893 287 855 942 609 586 499 183 287 547 801 163 673 845 983 669 96 582 566 93 683 145 88 940 81 25 14 493 258 996 446 900 288 190 387 678 130 484 850 76 697 78 194 574 479 70 877 734 406 544 108 239 633 53 648 868 475 856 669 397 347 558 747 129 405 314 48 105 593 139 524 576 867 674 269 842 505 363 480 867 931 570 943 699 571 765 232 150 280 864 235 150 747 395 302 260 856 248 206 662 74 845 363 113 456 8 869 636 960 465 256 948 822 517 427 87 117 406 729 650 7 785 539 980 283 526 776 703 982 995 659 178 804 224 773 947 591 99 530 127 87 550 607 566 166 555 969 42 632 957 742 70 296 203 441 110 262 14 750 24 599 195 825 679 711 364 750 462 405 973 849 679 384 18 940 1000 583 178 758 239 944 743 461 484 530 730 611 916 31 683 241 847 938 925 255 488 339 604 394 824 286 524 173 440 81 547 833 416 847 649 739 59 648 861 782 700 77 682 781 97 196 128 364 817 961 607 704 700 654 598 743 795 682 550 446 169 755 417 980 14 48 606 743 180 15 667 464 219 496 334 842 337 505 724 774 281 647 201 452 997 591 831 144 644 292 971 330 458 984 250 51 215 853 554 299 509 652 355 872 901 297 989 701 2 60 481 837 936 548 795 52 13 622 166 239 124 845 753 522 70 236 390 699 731 730 819 205 269 718 26 312 331 626 595 356 633 817 9 974 423 689 697 231 676 851 313 377 921 169 467 475 87 643 270 291 91 807 65 993 154 543 152 122 89 828 948 387 458 293 992 524 387 625 840 291 93 155 323 371 237 770 469 468 933 583 19 688 765 719 683 285 691 495 869 204 79 18 68 624 830 349 918 830 795 581 2 103 457 129 320 255 228 441 998 151 325 912 557 804 203 497 56 818 431 347 857 856 294 370 686 596 456 35
827 985 18 299 19 600 312 412 759 742 410 160 100 753 551 26 577 992 826 936 403 975 490 65 131 17 417 736 59 920 953 653 341 65 432 993 996 965 174 806 681 254 863 509 699 819 289 877 957 228 21 189 47 758 735 456 319 172 654 710 558 629 712 729 72 539 726 617 87 342 429 66 998 768 514 727 235 489 943 78 811 370 597 963 296 941 593 863 384 866 654 547 415 887 967 37 880 947 197 584 972 288 565 73 456 285 586 53 872 273 19 945 810 239 867 857 974 574 828 416 86 778 769 737 945 613 320 177 199 674 543 310 768 600 352 628 424 457 682 314 766 177 430 313 536 507 611 417 494 349 458 378 328 307 655 295 665 451 708 644 561 280 730 506 457 890 78 679 540 26 564 208 443 193 656 563 493 914 123 998 967 328 244 122 38 617 55 512 396 287 489 983 392 203 390 967 567 440 257 204 736 900 167 498 764 553 432 525 759 221 368 115 866 911 898 903 793 801 994 516 436 200 20 847 974 782 741 547 624 278 199 363 253 407 127 39 351 579 264 846 852 328 806 748 346 648 975 749 440 962 40 92 328 486 485 289 860 688 580 97 319 601 201 329 329 78 654 76 722 779 332 616 247 285 794 491 44 82 773 857 896 249 906 872 641 369 867 84 155 191 629 65 825 145 258 244 932 10 108 733 474 574 814 587 683 44 274 699 287 582 24 218 340 85 285 701 684 95 92 370 561 856 960 861 670 45 327 994 201 321 798 582 14 505 602 154 40 802 537 440 819 493 603 46 863 380 383 985 491 362 114 506 174 802 296 79 261 303 73 48 944 583 280 751 680 309 999 18 239 22 146 77 585 828 150 499 502 694 224 833 424 472 880 320 50 993 756 121 53 363 645 401 751 5 154 334 142 452 1000 157 246 101 549 308 532 971 461 649 129 197 270 577 167 207 928 985 74 911 129 270 870 233 451 788 883 86 622 512 557 284 148 87 314 133 808 564 135 897 864 899 297 584 558 96 589 940 453 252 628 12 766 144 557 32 419 404 262 544 819 763 678 874 523 97 753 233 289 908 853 285 254 887 658 756 248 189 270 530 105 236 50 630 918 522 607 174 938 338 475 113 916 769 239 890 817 123 236
552 175 420 689 933 364 815 878 723 780 188 476 72 636 654 555 812 127 987 293 162 295 553 593 419 806 663 234 658 989 359 221 532 699 890 413 965 793 11 230 595 675 288 890 977 442 714 787 720 304 496 509 58 360 460 661 568 286 482 987 214 902 202 867 814 539 470 960 586 953 345 162 399 931 841 706 235 499 812 801 668 107 490 474 334 443 784 614 645 595 703 826 512 418 576 231 808 836 838 521 462 484 350 360 640 996 89 974 126 65 572 130 698 564 145 18 48 613 59 150 596 456 42 135 953 292 942 572 236 747 146 988 285 138 243 701 466 724 288 773 124 365 449 974 834 789 793 46 168 143 101 366 198 963 147 100 533 57 867 221 839 710 253 923 291 439 100 540 912 622 482 351 329 403 390 789 585 342 586 497 575 396 555 750 710 400 489 421 753 862 465 377 950 395 838 780 881 263 217 763 204 621 539 223 610 74 17 119 330 483 592 259 784 954 18 913 161 421 834 80 897 502 425 1 663 879 276 190 986 994 974 837 609 389 743 879 984 253 927 172 970 544 233 89 711 440 686 577 971 679 881 189 338 49 359 46 197 452 817 934 818 892 251 846 67 31 121 707 432 817 751 705 330 354 963 548 617 92 662 384 968 89 100 264 143 530 264 283 592 37 294 547 695 504 967 726 857 473 331 510 373 621 375 359 373 605 554 70 454 213 995 207 419 524 824 738 355 548 338 754 420 909 894 734 784 750 742 477 622 614 531 943 394 675 488 645 253 737 489 196 536 327 36 516 997 607 31 898 646 453 73 959 961 495 45 955 639 758 789 514 516 763 678 398 917 537 430 624 797 975 947 820 76 731 833 128 107 493 276 407 482 546 719 373 212 951 861 276 280 818 556 795 396 928 323 160 30 406 901 934 978 960 128 163 407 133 493 823 345 841 704 214 885 452 833 519 838 776 359 48 879 509 328 111 379 396 638 876 413 861 875 499 174 331 576 112 502 888 271 156 404 359 365 107 437 816 705 274 175 30 438 815 455 385 490 273 52 738 415 489 156 542 260 925 89 747 304 312 354 226 611 527 547 220 639 663 735 483 21 402 571 791 88 722 479 635 573 836 620 891 921 469 646 379 491 39 904
679 498 555 454 619 653 468 213 923 141 145 759 509 909 955 969 827 666 61 693 454 872 524 814 767 745 695 194 240 904 870 111 349 293 171 982 743 304 792 164 284 45 346 313 351 543 463 881 47 198 423 504 703 502 652 857 619 413 986 679 536 174 886 945 925 146 735 417 534 788 332 56 89 356 116 958 500 796 123 84 482 389 886 564 342 763 997 301 65 689 566 629 620 271 699 992 627 176 574 955 577 22 561 250 66 390 638 820 680 360 543 365 681 787 469 108 41 346 549 141 24 997 228 662 886 416 210 928 599 442 429 185 944 553 28 384 705 628 352 738 302 380 796 810 899 239 409 28 636 850 760 140 540 865 641 559 690 559 553 675 21 561 27 818 794 390 990 237 617 951 163 670 700 594 702 591 888 654 635 29 349 388 712 826 591 237 131 341 620 599 238 133 608 829 525 483 216 890 182 293 499 478 94 876 171 725 605 55 597 169 616 230 767 331 60 426 152 132 600 1 238 715 700 654 536 571 116 876 51 779 7 650 14 653 870 479 786 478 13 777 381 26 844 903 168 727 314 402 716 957 80 394 313 303 595 43 103 948 61 287 66 239 582 282 195 343 55 195 966 593 929 404 828 331 784 453 691 758 308 946 577 827 135 37 809 603 398 372 149 602 759 571 664 893 44 980 758 830 827 658 13 335 599 509 348 231 833 110 89 406 746 813 907 118 672 132 316 792 308 41 196 584 225 845 63 337 21 576 602 641 104 449 158 868 196 880 721 998 545 705 973 144 808 340 631 688 672 766 190 381 634 313 349 887 474 969 836 461 566 31 591 201 738 315 951 567 237 953 636 955 216 292 744 777 170 883 796 428 797 149 880 648 47 452 226 228 402 225 651 280 346 505 514 853 510 609 489 542 517 39 490 926 952 30 654 830 907 805 495 468 138 1000 732 953 748 786 372 944 843 170 657 199 17 464 67 867 463 488 162 368 799 522 991 694 911 888 330 757 598 125 325 933 417 228 581 31 992 157 779 931 344 893 224 615 564 482 345 236 664 956 921 274 48 398 874 176 979 52 734 487 80 802 187 500 605 830 913 66 786 457 859 818 963 768 673 597 373 503 227 734 843 274 355 175 280 399 820
127 452 954 991 506 565 399 808 902 161 996 799 496 964 718 836 789 129 766 488 452 639 23 125 797 911 633 751 461 121 970 683 367 750 945 306 174 680 315 916 991 550 620 230 276 424 413 777 539 875 193 603 900 144 566 761 652 123 967 483 66 866 67 685 803 577 542 485 229 566 165 287 230 424 356 189 80 10 50 607 917 898 572 4 997 688 227 14 43 594 819 475 509 74 864 844 821 815 995 441 665 701 158 110 473 442 697 692 342 111 441 602 385 764 950 227 740 479 769 255 343 413 691 198 457 356 72 403 825 5 749 180 153 320 469 654 749 135 249 95 185 966 163 151 35 854 371 195 655 852 76 260 284 831 331 399 127 475 187 948 90 522 18 14 732 826 841 851 236 375 921 51 438 71 854 146 651 67 8 455 66 195 853 349 978 504 382 272 554 137 495 115 410 417 158 25 648 9 674 188 282 149 442 608 936 512 851 23 902 697 524 188 331 710 456 101 662 366 135 411 981 704 481 845 398 470 451 591 519 331 31 520 548 291 143 802 476 809 942 202 532 906 378 44 874 296 435 251 747 398 43 93 529 819 205 240 726 880 902 293 499 548 787 63 345 808 574 173 399 470 692 619 164 172 914 64 544 276 990 124 501 633 81 192 353 391 325 783 302 688 394 321 246 732 30 940 7 810 132 990 794 17 321 368 932 164 810 604 809 121 405 841 644 447 65 101 363 743 36 68 427 686 775 381 711 650 535 661 348 983 442 337 37 567 133 146 517 555 928 244 386 995 113 469 577 742 235 570 964 815 305 410 301 92 149 41 101 882 816 774 7 642 893 107 973 696 716 15 105 80 48 338 689 776 151 510 463 505 550 464 211 369 38 645 370 51 924 658 826 957 718 561 1 177 535 434 978 869 737 915 460 67 533 675 656 880 338 169 189 740 49 130 414 889 327 926 571 308 721 145 807 350 500 999 738 598 473 114 954 896 769 801 204 584 112 741 416 990 83 615 382 116 572 556 66 438 242 82 825 582 776 438 27 580 720 85 141 760 969 940 650 783 386 687 857 782 197 632 850 363 566 156 652 41 226 422 495 172 460 252 758 611 134 334 334 335 480 949 279 827 153 255 512 976 110 841 290
885 234 965 431 449 364 619 102 584 83 938 250 560 730 648 294 745 20 246 384 328 811 480 662 85 87 512 709 7 583 414 92 500 22 979 99 693 969 547 949 467 259 58 576 506 202 160 464 239 599 18 505 614 408 710 992 539 407 384 266 659 931 670 791 32 586 515 689 269 481 660 33 772 978 636 259 745 279 457 813 693 666 713 615 144 824 464 961 110 752 60 784 647 504 907 723 125 789 319 179 339 503 686 874 82 400 954 228 156 531 58 127 726 465 443 379 444 945 710 405 795 723 55 658 936 429 271 803 814 787 848 417 701 620 253 388 679 512 543 188 800 666 448 124 659 786 181 698 957 764 761 446 977 861 134 674 256 44 444 999 465 510 102 620 211 505 262 550 53 915 916 576 965 402 215 908 708 20 362 596 385 814 157 689 729 934 887 86 738 83 487 535 705 362 77 656 563 355 233 758 111 491 912 593 515 624 705 195 921 266 527 850 971 218 616 904 759 240 552 514 209 257 505 979 519 924 202 740 724 222 921 813 374 74 885 834 948 359 93 616 799 289 726 843 43 872 504 331 304 665 566 337 870 210 416 840 321 587 558 833 131 870 504 424 264 872 288 363 256 410 197 39 1 38 873 329 84 37 519 441 190 383 182 494 60 947 537 623 781 391 251 81 899 813 651 533 705 734 478 254 723 286 192 82 213 132 453 232 567 800 210 860 572 580 510 277 324 827 890 538 491 432 250 583 384 811 888 292 127 11 164 891 390 714 936 150 742 932 284 17 777 727 334 278 458 182 358 521 921 220 987 820 658 471 482 245 605 89 522 789 807 48 391 751 999 555 966 727 798 335 13 8 514 179 650 630 195 918 72 295 361 488 797 532 426 107 543 971 422 525 283 706 906 719 756 29 542 428 903 12 79 48 307 896 626 851 92 212 582 627 883 409 960 74 44 37 517 484 80 34 725 388 838 138 672 427 712 89 47 828 242 801 796 220 86 533 974 877 750 297 77 960 490 660 24 209 714 542 25 269 815 862 133 772 762 279 811 834 815 690 286 134 498 878 64 815 147 593 928 940 358 176 277 319 120 444 659 181 547 137 251 645 872 782 652 597 39 346 765 463 150 969 368 958 844 145 461
526 364 695 478 366 994 817 880 868 621 933 716 948 947 140 831 677 195 214 527 306 880 572 345 626 844 650 531 981 213 771 604 190 971 170 841 54 431 243 210 826 499 752 969 18 246 561 660 783 792 79 873 50 424 635 157 55 481 864 118 496 471 127 442 130 250 894 361 574 431 971 406 320 60 755 537 743 798 825 287 407 154 110 771 774 858 714 161 543 522 926 277 544 246 674 189 121 955 206 719 361 685 502 447 347 111 907 93 322 975 887 855 947 4 944 642 463 69 203 149 20 380 769 221 860 728 67 584 827 919 825 855 198 540 850 207 578 115 328 291 659 926 696 82 505 215 66 802 902 444 393 202 814 422 73 457 354 548 407 510 694 833 341 292 561 984 225 613 692 455 277 178 504 966 449 637 208 915 594 853 752 348 372 999 669 23 152 767 405 1000 482 491 797 845 369 147 982 114 482 260 53 567 55 182 779 306 682 673 130 614 336 122 865 151 866 499 47 134 392 321 687 799 141 48 678 974 622 93 504 882 948 921 64 153 427 899 901 914 200 318 588 531 140 384 637 543 455 725 529 747 679 70 504 545 328 308 350 316 73 925 817 56 579 510 52 710 959 534 238 111 237 724 426 927 678 295 537 813 838 878 737 347 629 368 910 660 234 851 484 153 364 403 944 848 446 147 445 672 534 442 899 896 632 171 141 538 69 898 993 261 327 287 135 330 940 221 305 962 432 250 699 631 589 240 301 18 311 406 821 548 237 767 176 366 137 444 511 283 659 53 626 276 603 165 311 288 234 155 823 472 694 741 140 442 676 274 304 13 409 593 932 350 764 107 524 257 950 833 548 981 235 955 875 237 94 180 166 441 415 3 65 731 588 308 659 379 17 283 948 33 897 25 685 666 439 123 416 699 274 737 149 332 422 392 558 95 550 914 699 563 399 920 325 822 286 537 133 581 839 9 344 247 961 602 541 740 280 3 172 636 436 40 187 626 262 36 31 605 856 897 667 847 766 927 230 209 355 718 47 552 133 655 525 204 887 794 469 270 893 463 52 673 331 907 879 564 445 910 220 789 771 365 437 835 125 670 12 55 669 884 581 140 966 335 916 232 517 206 926 280 676 279 362 641 332 71 581
752 272 683 474 573 560 910 208 415 571 228 492 593 554 695 159 17 19 467 228 635 671 450 946 930 423 111 206 273 845 51 759 87 209 983 202 725 981 5 375 742 853 390 724 663 7 993 911 155 224 380 312 857 183 27 90 222 650 6 701 383 448 807 139 603 956 813 716 316 955 972 662 575 601 79 197 734 346 862 938 175 258 701 281 663 531 381 578 86 184 614 562 992 469 841 84 231 668 558 89 241 197 589 413 327 773 769 856 199 990 384 13 501 398 786 112 319 201 777 36 123 361 559 854 86 605 497 437 291 425 671 64 19 218 538 153 511 862 725 908 896 261 342 24 334 876 90 56 398 102 225 547 336 699 869 636 103 722 364 932 66 26 519 575 370 541 809 71 867 824 255 42 186 986 13 448 779 482 700 721 38 487 354 565 949 32 114 747 90 745 552 307 792 209 286 661 881 537 93 301 352 109 332 994 203 383 879 584 831 615 485 582 678 200 944 251 590 775 369 614 492 212 125 793 288 489 856 912 141 366 280 376 364 118 891 416 550 979 661 464 729 900 289 443 296 782 493 453 190 945 346 16 331 266 588 197 957 303 851 291 36 280 944 44 466 394 639 182 318 869 581 578 465 321 152 799 807 396 65 896 150 975 137 51 760 732 856 522 964 692 581 922 956 125 545 887 167 301 727 269 97 749 697 219 718 443 854 55 522 851 534 485 904 573 211 819 555 261 617 719 560 93 572 640 991 162 590 166 658 254 62 974 586 509 487 854 17 293 60 115 432 454 687 99 396 228 378 376 650 178 539 797 11 746 934 504 817 403 958 384 406 949 969 129 88 344 147 161 451 530 523 160 440 197 871 212 171 830 204 886 347 662 235 476 841 469 678 404 611 931 448 116 665 279 702 816 837 164 573 414 926 400 661 664 665 659 300 237 740 51 142 238 300 412 638 785 177 109 970 11 528 83 62 521 329 571 289 663 111 986 832 114 950 425 434 856 931 141 652 623 721 553 870 243 382 61 516 247 687 270 474 515 796 105 558 879 3 409 500 686 985 423 220 683 913 487 512 423 833 79 814 262 305 782 447 430 128 70 532 69 385 318 531 925 451 775 553 824 491 867 559 721 948 604 10 873 345
873 155 601 787 576 594 66 13 248 759 959 74 784 526 208 292 837 906 7 489 845 296 638 871 804 337 560 904 516 570 494 206 611 63 878 843 766 190 738 412 409 420 865 476 916 785 368 103 981 2 610 154 916 104 5 942 954 32 701 190 361 926 818 821 762 752 13 587 460 391 481 648 762 33 691 218 258 789 827 285 286 388 39 804 316 949 564 893 859 198 674 566 307 894 230 707 62 32 958 315 108 136 68 372 57 337 959 803 878 815 154 533 275 121 136 817 496 973 600 418 338 852 231 429 556 536 669 199 185 59 578 241 975 183 511 191 335 752 423 534 128 120 309 104 727 885 662 656 452 461 331 299 873 104 651 999 319 33 893 743 577 272 389 330 217 692 636 367 994 178 877 253 754 30 3 105 630 878 422 528 715 422 998 746 260 320 103 398 903 498 543 533 898 447 373 545 67 613 940 448 669 430 787 931 101 267 959 411 477 607 510 564 387 830 228 481 167 917 285 413 651 79 896 767 677 373 776 343 389 543 26 992 794 40 548 870 826 154 560 902 247 959 334 402 283 206 159 584 134 528 17 554 818 979 48 863 823 479 488 486 317 907 97 272 824 830 677 992 267 236 474 719 195 999 510 312 365 780 331 232 830 9 327 471 904 377 18 469 912 629 334 423 141 456 686 665 381 66 358 853 574 758 41 975 664 458 847 626 552 658 729 318 929 398 784 315 5 117 120 764 71 27 520 107 735 695 725 474 513 831 993 962 358 297 865 372 14 384 86 181 795 113 633 111 229 894 303 263 307 932 123 287 293 469 859 430 759 260 600 524 358 1000 490 944 60 193 880 529 400 543 337 815 810 248 70 975 895 332 546 577 953 828 969 982 373 592 753 433 442 735 979 588 702 919 234 608 65 780 500 812 1 414 470 596 259 171 305 767 252 416 575 838 143 371 450 292 441 137 311 915 80 31 929 35 703 823 250 160 183 528 363 100 659 578 447 779 488 783 62 119 959 355 126 974 588 133 505 961 529 551 286 392 237 140 209 529 723 573 522 562 949 147 759 763 609 305 521 963 936 753 574 608 367 857 382 901 764 776 563 307 376 810 596 389 298 21 26 592 68 5 250 175 352 309 123 972 917
101 598 504 220 436 773 651 17 847 400 252 955 25 120 176 83 899 323 284 658 351 949 236 119 941 37 350 388 725 678 777 957 597 712 967 903 747 978 964 576 902 550 376 504 250 423 158 495 333 721 654 475 156 8 243 868 422 851 376 131 510 234 11 473 380 631 794 871 313 155 197 5 133 85 232 732 874 915 91 674 432 496 44 832 345 671 554 498 513 337 561 476 374 970 634 615 16 515 182 296 254 205 371 604 638 705 575 922 511 414 949 190 263 115 316 700 940 179 260 15 34 770 977 655 259 447 724 190 355 205 384 864 269 605 787 182 866 49 280 529 683 437 280 145 645 991 484 114 214 774 229 92 447 41 928 762 691 938 702 585 856 451 380 928 969 667 595 512 475 269 99 712 71 175 975 524 728 52 406 268 199 716 118 43 665 578 382 211 316 946 416 963 767 665 370 335 258 987 93 849 572 414 998 661 379 967 760 996 202 738 649 595 627 56 677 309 931 961 842 456 954 821 479 639 209 397 291 215 603 784 148 19 124 818 238 616 18 435 874 798 96 541 221 637 341 828 389 450 584 814 767 384 978 997 156 981 753 180 183 714 371 617 822 229 968 34 502 337 800 706 548 709 702 73 565 229 1000 237 588 515 270 993 850 254 400 392 84 284 239 549 398 771 66 454 781 40 334 57 740 46 916 889 853 50 675 511 34 230 315 552 112 171 9 830 212 672 712 328 791 358 362 833 958 477 276 179 850 508 5 854 811 383 418 509 597 951 351 664 327 535 295 924 112 734 555 883 651 893 958 924 932 549 364 501 184 641 202 231 947 81 211 534 169 231 357 966 710 220 750 315 965 848 102 489 69 172 220 950 304 733 894 704 788 343 853 229 133 291 761 314 252 876 418 174 110 858 669 349 971 935 223 247 86 992 217 305 267 227 717 19 311 535 343 680 838 707 989 348 909 737 62 504 76 27 105 558 781 500 909 138 970 631 660 652 836 803 321 794 524 805 72 100 722 643 434 643 841 898 485 274 50 775 999 393 143 430 964 92 142 37 348 857 329 220 457 326 803 311 891 688 303 489 500 211 494 523 952 784 577 667 594 12 286 457 585 482 604 351 445 141 432 130 295 473 151 263 112
547 425 129 486 614 312 734 70 305 176 812 856 235 669 916 724 681 863 775 249 960 438 126 364 865 37 440 165 769 526 432 341 850 59 267 682 414 411 355 54 793 226 147 193 260 157 39 723 669 969 801 141 941 8 720 339 156 735 576 777 125 116 316 267 510 31 208 489 697 87 411 899 453 76 584 863 398 852 117 103 136 719 458 937 265 129 410 286 993 203 680 712 729 424 405 342 917 545 470 211 48 954 915 218 98 931 590 312 56 968 937 669 119 380 847 548 397 647 565 30 628 70 224 815 77 950 279 203 970 590 687 584 526 407 235 918 723 957 558 876 454 840 740 583 682 527 129 511 160 342 135 231 868 84 314 525 404 989 630 968 245 158 872 239 247 739 362 556 235 697 7 887 1 819 58 490 36 583 927 173 321 550 905 996 590 719 749 628 144 215 871 632 598 187 66 763 142 723 216 224 889 530 960 549 981 808 607 881 314 792 653 868 651 673 454 589 43 333 164 496 835 407 969 346 842 902 1000 265 147 940 615 136 167 934 931 792 667 621 262 556 76 54 369 351 373 584 574 878 416 159 520 889 333 789 875 374 701 659 847 824 164 205 741 942 73 143 193 95 372 292 117 677 445 669 177 991 84 541 779 382 110 971 684 577 466 368 325 24 813 230 676 392 111 364 963 686 604 82 260 379 633 576 768 913 215 776 471 913 886 600 394 892 504 402 865 86 289 773 444 859 788 180 731 446 66 403 955 485 169 313 247 414 395 429 920 838 310 404 150 380 13 913 60 26 975 201 584 398 550 309 760 909 323 444 676 72 278 403 398 641 788 970 922 990 190 876 959 58 520 477 430 500 106 897 960 683 935 110 483 513 924 913 651 555 189 77 520 196 514 854 479 931 838 406 122 170 794 435 531 376 431 866 745 407 82 40 65 229 590 837 371 759 510 210 72 552 656 116 71 156 328 626 100 305 329 752 569 130 39 529 259 964 825 702 811 268 621 74 610 146 144 265 999 648 788 737 26 137 248 683 811 482 76 107 465 567 607 108 555 898 714 748 330 92 909 2 79 244 837 314 763 562 708 555 69 815 682 102 441 499 652 11 8 657 392 720 150 639 384 58 675 658 721 887 940 83 385
806 416 695 470 549 216 363 802 966 283 5 748 740 802 12 655 624 789 17 97 912 80 885 481 868 261 638 631 297 498 596 362 622 790 35 846 152 583 704 616 823 572 153 326 426 188 504 635 252 608 994 753 854 1000 404 771 253 212 23 867 191 528 706 355 5 532 660 217 751 832 895 153 928 198 521 32 456 777 854 296 308 956 318 657 628 192 307 487 169 906 357 962 823 767 137 227 335 364 769 956 478 757 805 650 976 613 841 251 631 743 639 157 821 555 980 803 978 350 358 4 562 286 47 191 164 870 816 90 851 596 784 802 952 689 641 416 921 13 292 994 910 300 105 854 537 529 880 686 985 592 359 812 335 984 389 916 362 13 128 723 395 891 81 32 239 707 253 286 844 467 663 921 361 651 444 352 654 872 215 114 571 640 814 199 911 699 749 901 139 404 439 373 750 243 564 718 297 604 141 20 809 403 116 82 653 510 789 19 42 683 965 3 89 436 944 665 50 170 677 293 483 708 208 808 487 926 833 71 783 942 400 348 977 424 234 853 953 747 563 157 883 313 684 110 933 465 175 89 528 127 820 491 601 480 27 628 62 277 565 305 801 676 261 516 912 676 326 964 600 878 253 15 743 290 125 899 102 945 728 993 82 81 938 963 909 146 532 969 135 622 625 474 290 396 438 96 108 805 559 693 134 315 32 433 874 573 129 828 90 295 73 870 312 947 455 326 327 73 699 753 400 538 955 691 108 59 56 28 456 236 846 219 125 407 424 201 539 307 193 724 897 752 973 510 787 414 116 75 352 580 788 784 630 742 514 712 161 596 50 591 452 835 293 330 870 219 739 193 785 526 113 287 354 861 868 363 55 111 66 332 764 453 804 137 546 451 783 693 88 904 180 337 781 245 284 910 897 791 447 268 130 525 395 284 834 751 269 246 480 105 530 985 566 642 545 111 411 100 929 755 824 709 263 35 263 642 40 558 916 541 718 908 647 25 702 364 306 729 846 304 824 596 245 723 362 734 313 459 546 664 99 869 343 641 804 358 554 209 347 754 632 992 3 610 409 963 34 546 478 499 396 168 981 950 743 434 744 309 13 318 794 381 813 409 386 85 650 133 656 281 894 681 313 333 389 797 682
61 815 372 909 429 5 425 522 705 119 289 110 144 793 607 98 934 146 972 255 25 39 708 794 663 187 139 699 184 196 841 242 839 919 254 500 973 7 757 734 336 589 705 405 522 517 821 840 542 915 572 944 551 592 766 161 79 536 715 332 147 300 593 35 71 121 345 647 41 482 741 712 308 206 842 714 219 626 600 576 37 413 537 475 113 256 410 606 440 726 882 97 964 68 943 278 693 557 287 329 84 472 973 326 768 610 482 619 524 240 429 695 126 623 55 219 93 355 742 841 288 191 150 359 655 768 527 664 363 840 855 102 25 997 489 994 157 536 386 778 932 499 828 688 235 127 162 952 631 388 544 104 196 233 50 287 805 6 845 836 594 745 377 440 373 623 397 441 542 558 798 269 609 810 147 735 606 57 377 265 991 14 592 866 56 88 157 280 541 30 283 289 798 154 143 682 388 161 128 792 998 196 629 939 616 646 890 976 144 886 277 307 141 628 834 319 916 687 66 810 842 255 154 353 47 970 251 494 43 241 236 279 586 896 383 888 630 238 521 62 541 297 629 821 136 296 352 218 198 621 488 68 431 552 504 879 337 405 2 904 932 654 339 39 32 315 542 522 933 598 884 976 515 168 402 247 745 704 360 653 419 965 323 550 423 799 434 833 51 14 151 137 570 180 137 226 888 501 609 602 811 413 807 608 159 260 314 683 223 299 876 241 237 311 779 990 841 413 631 275 335 54 127 395 32 242 333 256 16 86 247 311 225 129 182 147 97 7 994 691 497 435 284 739 118 199 806 950 630 598 579 752 56 238 21 884 535 783 281 508 240 935 361 6 566 655 30 536 514 12 603 828 578 9 771 123 298 654 625 610 530 128 493 377 602 822 47 811 345 241 174 269 845 735 763 150 985 827 226 244 650 676 420 878 955 473 116 802 334 712 266 490 86 390 446 683 673 784 815 44 498 517 478 246 310 376 118 47 825 757 202 711 82 9 763 106 644 376 267 221 184 348 287 667 4 992 4 938 424 373 678 772 505 75 272 823 60 104 424 158 726 487 105 456 822 317 70 95 8 692 177 989 763 790 116 354 984 676 441 392 924 873 63 17 771 778 1 743 496 265 183 462 933 164 148 587 148
468 14 136 952 620 725 129 513 977 457 843 723 282 478 656 851 11 719 149 640 359 895 154 109 196 196 195 664 252 395 62 218 493 632 7 23 909 710 915 812 265 973 156 822 318 886 736 908 945 718 391 537 922 178 731 708 257 612 665 485 527 841 48 857 659 605 76 795 814 418 257 571 366 748 651 527 986 178 909 31 95 217 766 242 381 847 823 856 635 142 349 33 76 589 759 291 60 599 20 742 446 549 961 544 812 754 250 215 896 277 400 904 438 137 126 928 67 488 247 409 65 34 860 664 635 190 442 277 612 513 714 780 999 339 520 915 250 668 219 505 532 281 621 636 89 786 517 549 83 581 863 62 524 945 457 888 708 577 726 108 631 402 558 330 952 757 771 849 784 894 441 588 779 621 958 878 557 769 928 865 521 866 437 186 724 282 14 682 946 423 395 391 393 805 479 43 205 429 645 815 192 703 567 127 119 635 596 813 199 83 769 333 673 162 498 623 345 790 503 736 53 18 513 546 695 452 1000 102 345 371 255 118 81 431 677 342 164 461 844 16 637 857 247 971 990 856 524 274 394 595 866 748 571 230 766 543 687 341 734 601 98 398 366 354 983 854 752 802 727 98 404 267 912 998 974 20 486 648 815 856 86 948 722 195 529 845 595 830 676 661 999 207 414 501 336 421 468 361 605 274 760 287 60 837 150 457 569 888 593 12 949 662 301 405 386 638 237 463 235 723 81 789 846 994 526 753 641 193 567 640 832 854 238 936 872 62 26 976 789 676 358 966 310 548 282 475 61 557 124 311 959 197 159 262 686 375 425 574 916 219 988 931 380 67 665 241 786 128 464 352 476 831 866 502 642 26 705 424 76 960 730 397 731 296 936 353 777 71 487 412 849 278 51 922 216 943 581 294 617 938 663 722 987 46 500 104 244 845 554 971 426 882 710 739 627 648 312 446 96 288 861 973 509 393 219 408 536 309 740 163 336 961 51 466 55 528 159 696 388 286 843 639 867 641 182 681 722 500 845 620 615 626 272 341 357 898 965 410 720 999 795 811 91 743 129 743 244 885 175 611 898 534 975 721 767 786 656 854 16 305 759 373 218 901 893 142 551 534 233 830 61 84 236 397 254 812 633
703 844 151 700 786 840 296 752 5 795 80 267 354 94 261 434 690 459 685 397 264 319 379 811 161 84 799 260 897 565 114 84 587 247 798 938 260 675 869 776 532 825 400 649 666 207 144 573 655 598 358 230 339 838 459 96 251 448 526 669 906 604 658 930 939 414 142 166 638 206 34 463 886 706 136 673 738 254 943 336 287 108 464 833 638 877 676 768 163 404 349 700 978 352 752 208 504 567 708 1000 46 124 594 96 785 213 498 684 75 92 329 627 861 452 849 592 326 175 234 972 306 120 923 865 669 178 905 521 506 10 285 99 68 770 470 857 501 961 70 894 392 32 306 847 68 592 369 408 171 72 417 2 339 58 771 311 293 838 13 903 328 855 788 76 185 597 717 726 386 921 957 516 353 29 474 314 189 370 395 622 729 58 47 712 80 768 978 251 943 125 104 509 874 714 351 74 262 179 230 373 641 911 660 193 394 500 708 811 889 523 598 390 577 914 186 245 469 580 238 534 362 424 573 178 801 910 660 792 820 857 226 963 392 340 824 113 622 965 776 12 304 431 257 663 242 782 814 632 744 926 913 239 539 658 517 349 486 811 842 54 473 445 521 792 972 562 363 71 179 729 496 98 478 322 614 434 58 781 678 481 179 802 326 360 87 575 330 950 33 283 524 957 468 13 923 572 811 955 321 802 640 884 99 150 812 882 210 241 492 901 465 653 12 393 20 116 860 971 483 300 924 728 825 809 823 495 988 214 475 328 456 675 538 790 258 124 242 22 821 917 728 227 629 828 932 331 2 116 187 211 81 456 595 707 765 598 460 86 40 234 767 270 725 5 44 830 112 973 849 668 524 654 903 170 712 37 80 985 925 72 770 850 197 897 814 290 133 38 733 822 621 665 878 421 840 419 273 308 476 401 886 133 433 77 732 396 8 613 283 824 855 916 285 549 488 677 531 683 294 599 10 626 358 592 806 382 128 506 192 877 369 166 227 349 318 126 962 537 914 382 717 331 86 737 451 57 357 93 210 475 225 473 118 621 262 863 805 797 653 655 931 897 781 272 222 15 389 524 699 988 831 725 177 268 356 793 558 625 273 508 557 411 757 307 370 884 667 716 149 964 818 323 496 44 186 329 940
392 647 298 268 472 965 655 762 644 117 490 104 431 899 742 109 592 209 773 24 975 156 389 550 734 259 720 333 125 955 252 144 454 521 249 390 596 779 227 381 417 752 822 843 916 379 68 392 188 608 29 220 226 131 208 678 176 614 229 715 774 202 68 629 640 678 932 650 650 166 111 316 874 669 634 769 802 178 769 528 120 758 98 546 597 265 104 173 730 188 950 443 90 110 235 742 742 81 918 975 543 208 66 820 283 370 284 524 320 556 295 378 352 495 767 150 82 258 983 373 51 489 777 903 533 892 396 105 115 578 850 902 574 356 895 436 400 3 166 616 74 296 347 806 225 283 57 298 833 993 677 9 524 731 589 769 278 875 862 875 455 456 917 813 252 277 740 124 249 421 542 603 22 383 637 203 973 106 93 925 393 653 998 719 253 766 643 605 780 407 821 780 150 931 910 491 984 942 742 406 457 714 891 158 576 820 325 732 72 701 73 335 29 371 978 456 368 666 578 632 884 591 838 842 328 255 330 949 139 432 266 861 757 203 550 948 944 576 888 552 494 722 805 363 831 143 322 121 520 32 993 701 842 410 31 144 801 500 111 609 268 35 885 419 478 646 801 472 445 681 110 710 781 468 109 276 608 756 828 754 378 653 308 985 622 920 682 881 900 585 694 791 160 526 456 935 506 970 110 951 605 407 884 301 670 967 589 127 502 702 719 192 511 566 985 469 140 95 219 67 518 827 806 152 559 77 224 109 119 541 73 708 912 462 919 101 75 950 775 615 355 735 862 791 149 299 964 731 447 87 750 290 524 545 860 753 357 778 891 239 464 858 96 444 705 347 778 982 691 500 297 458 67 483 938 470 354 127 571 757 997 226 369 644 147 485 516 4 332 705 644 863 432 810 385 782 412 221 240 303 770 25 873 217 980 728 780 824 683 117 168 779 651 594 347 13 651 647 35 651 342 984 806 320 434 42 495 418 436 776 307 309 791 703 870 254 526 54 791 470 799 272 72 698 693 17 863 935 930 536 583 192 317 772 228 307 711 227 892 781 560 970 828 462 831 979 547 254 528 814 271 756 943 958 237 25 722 385 803 619 247 104 618 610 38 607 898 60 151 533 454 570 379 128 928 868 591
758 421 769 738 262 712 362 613 5 963 574 285 643 400 1000 820 835 223 752 503 292 590 767 828 541 675 430 534 696 123 450 664 916 889 691 367 929 456 562 796 730 793 778 886 777 993 737 233 633 955 5 762 687 303 313 803 524 852 45 914 288 976 47 479 65 832 840 239 602 857 995 602 152 67 258 132 1 634 448 617 73 6 59 195 760 199 20 206 355 377 703 482 321 634 663 344 877 868 656 513 828 752 170 55 711 21 580 999 622 27 973 893 865 761 936 787 944 446 633 413 479 910 650 227 714 323 543 561 174 368 158 336 87 915 871 507 663 368 104 337 629 856 901 7 645 756 462 438 774 329 160 296 294 617 843 687 940 143 957 25 612 987 501 657 848 352 682 284 10 255 491 831 126 513 665 927 506 187 37 720 908 264 475 653 982 511 853 595 1 104 37 560 692 707 773 524 755 984 548 332 851 158 58 499 252 816 945 602 68 916 472 219 468 444 848 669 439 630 10 827 585 86 918 153 304 886 292 456 194 753 633 49 888 781 187 841 772 538 637 615 956 863 29 324 540 384 65 832 818 593 329 345 380 255 301 176 11 352 639 979 804 13 948 829 920 471 283 502 295 707 84 968 454 852 105 326 221 623 556 340 495 614 565 889 617 260 463 511 320 862 220 310 257 273 926 959 312 168 286 114 834 203 484 830 706 966 17 369 592 909 761 110 874 473 463 654 819 950 842 329 546 788 11 418 333 767 926 634 602 579 904 630 4 203 685 742 952 563 191 657 546 912 195 854 599 813 973 828 118 425 931 682 674 62 527 701 954 762 511 659 25 535 476 612 78 71 494 546 634 540 487 157 85 450 382 639 581 616 336 124 177 719 831 598 816 224 154 557 78 243 741 592 570 221 277 545 795 896 7 371 634 712 765 368 948 605 818 67 514 217 609 172 321 686 954 828 65 871 881 342 818 458 260 688 394 135 923 990 78 93 708 230 348 275 933 48 60 802 822 855 87 26 794 156 947 136 736 527 787 877 698 173 704 599 997 492 289 532 800 700 671 433 644 845 543 564 928 901 593 480 985 326 201 941 975 916 279 20 561 103 517 321 483 236 944 358 187 947 818 780 285 913 453 518 569 36 913
112 648 34 673 10 690 548 113 891 56 205 800 209 385 147 462 744 131 177 710 494 831 32 604 543 255 87 591 488 28 913 338 532 54 948 521 429 499 450 126 450 8 811 159 729 72 974 868 736 350 265 139 814 415 852 49 719 986 597 312 512 381 405 945 282 725 497 93 85 516 627 940 243 573 430 69 319 354 319 435 380 207 595 22 12 837 381 20 185 880 652 79 634 898 645 538 45 915 49 467 236 414 835 556 498 587 281 357 76 658 625 421 538 222 130 993 796 381 898 203 379 868 351 826 885 755 322 686 968 780 491 880 614 461 68 373 942 553 669 307 624 515 411 785 11 457 769 222 917 652 199 588 581 78 951 252 255 68 188 21 232 241 494 398 22 595 363 970 354 62 358 876 623 615 363 64 695 377 776 514 527 62 632 41 202 783 245 392 305 830 422 91 380 890 17 571 155 898 35 193 558 364 906 997 65 741 310 165 930 628 508 740 210 899 817 51 598 190 492 33 846 373 418 669 317 954 678 552 938 512 711 363 587 845 415 582 315 27 718 38 466 781 55 9 452 262 549 929 561 183 604 785 589 731 341 266 625 723 34 212 865 92 108 753 624 793 279 821 469 443 472 337 500 308 960 66 995 42 53 322 41 648 105 562 56 845 751 908 415 715 621 202 911 325 417 716 404 929 95 898 934 892 268 343 978 743 651 833 933 407 473 173 366 221 444 618 324 643 866 685 677 42 861 130 607 111 222 183 945 958 29 642 206 882 100 643 938 952 74 486 270 150 854 896 596 910 619 890 503 890 686 686 935 757 733 35 959 673 489 359 181 609 801 941 384 13 895 549 134 764 701 809 298 322 263 262 288 22 580 70 786 84 596 950 542 885 291 663 969 587 614 258 495 995 193 42 308 970 56 328 871 33 509 808 707 881 142 764 632 261 450 994 29 749 304 380 760 371 754 361 832 232 924 475 886 267 995 739 700 664 427 398 70 84 234 164 501 435 475 184 479 533 658 350 924 715 294 826 294 173 593 810 806 521 386 695 694 493 783 816 28 1 423 904 919 454 116 655 244 696 45 552 943 218 476 492 28 764 146 192 855 889 236 243 708 102 840 425 376 923 807 459 133 701 121 347 988
310 583 879 175 28 406 206 907 437 500 143 857 536 456 805 377 998 125 221 67 388 380 735 117 221 212 202 30 203 440 911 642 400 459 493 92 165 611 632 871 537 830 211 557 459 681 932 753 850 549 997 624 850 408 524 106 582 429 820 538 823 539 696 641 729 366 800 896 684 983 974 182 471 732 481 624 249 351 290 183 539 401 310 325 659 41 81 938 567 607 999 427 839 791 90 689 587 451 576 680 160 832 220 306 98 628 214 413 533 617 223 48 151 701 428 129 545 847 448 380 653 507 285 198 371 676 890 614 177 672 973 146 958 865 229 792 914 727 750 863 161 95 739 142 791 85 735 257 562 963 601 585 846 405 458 582 276 75 379 462 769 719 897 227 500 829 90 359 841 365 618 733 437 552 440 511 472 395 314 30 198 440 653 663 810 999 87 537 276 905 10 917 274 108 306 207 810 843 309 327 419 213 797 889 805 866 859 228 611 587 219 506 826 768 600 714 431 643 182 673 16 979 958 323 553 411 920 417 598 169 636 951 107 565 206 964 355 840 135 672 589 601 847 789 780 264 856 871 785 733 887 175 438 752 158 583 648 223 969 132 898 659 332 599 445 927 95 457 689 291 653 247 76 810 609 418 646 660 859 791 349 736 915 367 928 971 244 402 804 96 386 678 279 629 37 960 489 56 949 511 533 672 197 678 876 626 721 870 492 590 475 342 76 567 394 393 585 313 389 823 518 87 429 570 247 194 180 646 761 338 129 346 615 779 805 69 547 711 49 755 653 152 466 942 286 225 82 43 650 301 759 572 257 483 900 873 593 736 817 129 869 727 715 538 525 66 564 428 874 636 717 273 506 281 418 767 342 702 33 697 226 517 173 902 892 881 513 84 422 310 965 603 487 176 29 70 279 64 368 920 56 160 679 22 764 658 623 95 520 616 566 723 162 196 124 587 38 395 951 322 410 291 845 445 448 157 905 881 46 684 586 681 989 378 390 75 727 906 791 455 825 225 565 704 153 258 13 14 581 272 89 45 686 650 55 324 381 261 634 898 100 427 370 33 216 720 704 700 25 823 249 403 738 593 378 733 134 552 330 631 476 21 732 57 362 522 635 103 357 957 367 216 448 920 923 814 612
886 723 832 956 56 391 708 704 10 994 740 147 829 493 573 284 143 258 788 394 454 863 583 900 144 83 667 690 782 45 34 568 26 160 864 605 615 796 776 480 520 504 59 458 877 227 719 17 419 1 575 254 510 835 822 554 110 740 90 704 380 951 772 131 955 577 148 65 291 148 593 626 173 47 537 737 112 201 846 64 491 617 443 618 666 178 30 236 937 277 83 235 83 571 393 750 338 290 540 157 206 163 948 750 926 552 628 144 299 672 461 281 230 851 335 838 777 178 287 657 834 146 16 502 52 889 590 487 248 23 681 593 507 382 119 16 578 467 435 337 378 362 195 988 66 754 51 399 547 803 265 749 366 717 155 216 530 829 526 928 329 761 96 785 924 183 172 544 383 700 45 930 959 407 270 914 704 504 612 239 886 13 68 583 16 174 643 964 957 568 413 214 625 862 315 684 770 405 117 234 614 145 729 129 1000 950 855 333 470 867 812 149 940 948 213 196 323 473 897 907 922 561 496 806 697 388 942 302 660 370 151 160 654 436 421 293 762 900 572 857 501 796 339 608 169 39 551 544 526 569 583 338 166 704 481 472 291 916 198 284 68 39 445 3 786 598 245 405 276 486 525 455 561 689 815 703 711 739 228 570 633 149 967 510 34 451 128 828 234 293 21 730 852 467 196 489 958 670 159 433 755 364 541 108 544 81 38 702 384 269 97 356 867 477 180 742 709 680 267 36 916 643 648 55 491 770 625 956 779 260 493 670 226 969 764 800 25 245 135 483 791 778 743 218 183 143 212 954 663 577 974 139 8 978 388 280 813 397 436 165 122 594 827 485 631 871 958 839 920 632 522 488 230 82 776 394 454 184 197 341 520 726 778 814 142 336 905 722 200 220 320 131 292 428 644 114 41 963 606 776 568 864 372 194 124 457 649 178 142 962 119 765 789 550 369 555 401 600 153 79 354 773 657 934 996 354 33 164 757 149 848 844 731 951 756 702 398 18 659 366 66 170 924 346 135 488 817 869 21 447 121 78 304 609 355 294 351 985 297 118 128 87 812 503 128 114 474 82 467 663 778 686 737 598 682 615 924 246 935 655 874 735 979 140 924 915 216 873 459 456 570 139 615 505 446 511 116
951 920 490 920 823 236 284 263 532 803 613 986 700 598 27 981 250 104 897 673 235 905 525 514 280 292 811 501 861 982 63 776 238 510 412 668 704 916 589 62 41 431 556 979 905 488 680 584 277 853 353 46 156 389 815 727 92 607 233 76 461 310 130 284 654 855 377 47 733 783 980 914 532 281 596 354 758 548 289 507 459 438 36 433 249 159 609 578 98 605 789 362 65 621 73 461 386 472 245 170 625 903 477 731 952 89 439 548 251 797 804 124 354 440 720 689 10 74 812 319 504 621 178 161 679 269 29 556 896 640 681 57 556 604 256 326 115 267 861 507 866 290 60 266 170 963 907 313 691 213 480 255 454 101 227 931 188 871 282 818 234 802 698 465 500 808 434 584 410 957 802 328 241 729 689 24 836 427 277 270 668 764 721 530 267 244 836 801 687 135 555 310 370 366 827 925 772 972 891 390 479 612 302 391 207 88 385 958 282 254 704 335 493 921 967 455 93 79 575 29 321 950 226 757 559 293 783 665 447 277 444 493 169 133 80 302 171 620 728 672 864 599 182 700 231 815 989 48 523 540 75 285 960 988 119 898 152 531 903 78 315 397 214 374 225 178 539 777 358 181 5 629 507 941 243 405 991 902 651 12 395 966 925 814 831 97 512 313 980 128 218 30 318 626 432 49 357 876 989 997 286 651 133 629 881 647 821 800 58 331 223 287 197 39 181 498 635 690 54 911 646 273 43 439 959 891 294 388 501 342 615 80 747 224 315 512 222 618 208 898 1 442 863 759 667 40 334 137 865 305 190 520 665 736 293 299 400 474 137 451 610 797 689 134 587 629 923 873 455 987 886 308 109 446 267 51 614 880 396 502 714 997 378 345 561 238 710 383 104 475 452 308 249 17 80 84 286 678 954 989 724 26 275 553 328 90 613 724 483 882 155 579 549 142 518 423 31 954 320 399 797 428 69 586 703 393 250 733 183 805 647 457 810 478 302 801 607 600 670 32 301 485 481 863 173 596 919 77 957 542 970 536 614 898 642 352 547 443 601 256 391 101 396 650 142 938 777 173 670 769 165 163 186 250 544 522 10 484 453 662 966 347 234 92 355 996 909 272 113 101 501 63 595 685 773 247 560
136 342 848 939 209 543 355 412 652 724 460 942 249 67 642 53 889 199 955 697 439 168 359 68 385 564 352 473 592 363 967 363 82 430 953 982 404 671 26 775 961 953 601 720 885 249 994 631 19 125 226 549 743 120 835 279 684 65 469 943 570 432 360 478 392 999 361 483 458 302 502 753 544 478 247 536 703 342 666 952 245 813 326 443 320 130 459 580 190 67 627 456 165 920 690 698 800 306 826 494 914 437 890 489 299 486 994 799 10 540 358 857 221 9 277 281 865 358 851 718 212 991 201 293 213 881 802 506 623 699 687 78 769 264 121 642 92 334 499 661 926 461 2 93 971 973 313 175 466 355 584 906 520 300 641 10 775 808 295 978 663 114 648 691 390 818 492 528 825 733 335 40 262 36 993 964 130 756 922 390 175 238 356 90 899 683 224 823 913 611 886 739 96 299 285 568 499 883 462 444 575 634 656 805 676 353 622 758 543 288 178 557 256 936 43 582 962 639 886 707 462 549 77 910 163 534 248 893 364 853 592 455 394 276 725 309 384 944 361 402 586 105 25 292 885 306 112 164 886 133 6 926 728 745 868 446 580 103 141 713 267 496 715 925 912 430 269 279 375 812 139 147 216 47 922 816 610 683 738 515 413 22 12 206 383 19 258 863 717 891 408 412 679 2 945 589 715 937 735 750 843 648 331 911 57 867 608 621 673 382 276 448 560 933 652 507 408 315 780 790 776 780 147 765 173 603 775 353 328 255 847 39 21 749 780 434 411 243 510 255 902 828 864 285 195 202 477 521 440 376 632 92 651 886 854 492 358 234 978 760 973 775 68 794 641 714 424 189 601 369 860 377 777 694 359 216 631 504 193 780 377 436 955 824 339 932 209 965 645 114 408 243 719 126 964 417 554 829 765 498 772 74 220 902 785 149 377 348 918 865 243 743 77 876 202 277 49 725 6 171 574 639 906 754 856 530 105 226 129 242 140 882 669 827 185 494 427 192 520 60 509 913 179 158 573 307 197 580 115 822 162 699 650 126 844 890 999 670 431 896 536 176 867 536 154 821 29 446 760 308 582 382 615 459 802 250 72 490 817 930 450 172 97 926 253 437 731 362 300 859 179 258 422 722 954 597 907
105 821 389 478 923 400 649 316 545 289 81 804 601 424 727 656 340 277 158 662 834 763 1 557 728 312 459 690 963 77 259 902 491 63 630 327 741 142 887 972 650 849 405 441 703 80 501 457 742 259 261 618 310 625 791 360 927 676 713 114 405 746 549 938 212 289 411 173 591 448 272 600 837 844 664 620 720 519 381 550 20 373 944 969 864 917 851 564 450 482 267 891 456 680 984 321 251 723 11 418 994 205 133 13 211 138 611 405 816 433 882 141 801 569 923 339 499 197 882 389 995 664 669 109 990 392 89 505 929 645 343 758 276 128 148 906 377 601 95 720 899 144 300 7 482 254 198 592 451 859 350 866 364 593 482 538 270 1000 506 957 496 141 785 957 677 935 349 550 969 592 275 31 494 636 655 515 240 709 525 295 625 549 748 469 884 561 712 498 915 55 971 761 313 70 952 168 450 651 569 291 237 79 52 467 547 187 687 660 968 182 550 959 428 952 53 849 694 330 578 843 662 710 168 843 4 617 100 154 897 839 591 252 899 432 976 330 479 667 161 953 639 798 433 409 325 49 878 553 316 129 237 105 401 881 289 493 827 148 898 207 181 241 372 900 184 729 856 84 688 518 4 266 562 458 536 214 915 914 590 787 924 717 510 151 332 104 598 478 430 55 515 379 208 165 75 326 865 319 983 925 821 833 660 271 154 185 690 153 51 104 998 701 447 475 601 84 665 158 657 510 698 162 149 445 217 485 465 23 76 668 874 827 378 33 409 953 693 693 652 613 545 865 714 906 992 964 299 229 390 868 497 100 238 604 804 33 982 367 382 395 830 921 33 241 122 699 574 712 592 87 216 630 770 52 470 734 767 730 643 797 221 499 977 135 709 20 480 934 54 127 753 300 820 824 797 614 956 586 601 498 918 44 259 603 589 991 671 604 415 265 11 110 799 229 555 685 844 983 725 483 9 653 551 37 569 451 418 13 128 622 789 472 950 385 787 504 937 98 180 175 47 834 564 992 692 373 887 799 309 203 975 830 48 9 487 953 417 532 875 930 544 829 289 34 824 722 134 849 754 92 358 627 492 906 126 111 137 740 86 810 642 677 654 126 89 860 568 999 445 224 530 265 18 499 894 151 20
332 96 761 72 583 133 377 49 23 312 154 980 582 18 392 619 478 751 979 732 155 761 366 868 587 822 590 183 368 632 540 797 641 46 14 313 26 601 653 702 675 859 71 492 274 95 255 876 37 210 307 834 713 595 306 212 747 324 778 926 630 151 756 811 997 123 294 151 449 950 734 529 863 52 210 441 934 141 333 629 494 556 387 949 155 895 365 926 240 874 227 632 368 271 491 909 955 738 884 91 479 531 275 386 348 364 486 298 582 282 697 137 112 892 570 186 118 407 362 659 883 851 11 300 689 444 295 43 412 789 655 937 208 6 222 128 843 316 153 458 387 227 994 244 500 832 427 56 60 782 183 551 633 936 262 401 975 963 462 892 137 530 252 154 942 838 176 973 351 17 722 521 984 563 166 221 426 813 711 86 437 65 794 911 349 971 444 679 476 191 653 473 372 749 404 629 274 314 499 457 664 592 309 8 396 589 127 864 356 121 224 401 572 93 920 123 569 28 764 297 821 293 200 767 688 426 745 393 602 883 895 965 848 920 538 605 622 769 369 820 82 107 945 631 342 481 202 988 303 620 378 702 422 520 345 499 872 645 23 740 758 191 114 500 756 116 456 532 287 238 370 509 299 229 861 398 282 175 397 708 776 495 906 852 338 99 394 77 185 114 383 906 863 824 704 321 327 136 468 382 764 537 124 943 589 831 415 483 634 98 186 52 362 915 538 710 772 597 118 449 293 255 452 417 149 607 363 751 807 70 423 382 141 860 169 141 450 858 121 382 465 861 987 989 366 402 882 123 975 510 835 857 729 277 475 946 13 164 937 550 241 977 658 38 357 533 144 12 572 788 472 77 65 474 473 396 490 52 704 584 460 332 577 505 763 916 804 78 695 161 198 15 984 526 406 899 342 478 576 918 626 962 134 802 498 552 295 531 540 818 769 989 705 317 740 880 608 394 314 23 652 321 867 648 877 401 256 370 983 652 536 26 331 573 835 983 57 334 849 514 483 667 35 316 414 593 991 296 62 569 832 123 382 624 42 315 232 546 645 299 961 50 933 9 27 277 885 236 721 979 389 258 128 111 972 35 233 148 862 670 370 553 867 721 75 178 732 207 390 835 466 394 436 92 63 246 997
42 707 610 918 175 163 765 198 612 88 531 446 930 3 856 168 615 845 22 138 615 133 555 691 826 417 388 548 353 479 140 901 268 903 563 572 409 806 888 721 595 798 238 263 866 701 161 77 978 72 138 791 556 125 395 326 322 729 192 874 921 69 16 191 818 357 1000 485 693 950 901 185 934 916 739 113 443 896 542 496 688 6 322 717 126 514 377 170 685 464 545 859 570 159 675 43 145 850 637 411 383 923 696 883 736 987 732 814 863 37 823 215 863 462 785 860 243 257 467 585 16 956 602 378 585 232 641 477 670 684 89 741 855 233 936 672 382 556 828 190 358 337 503 484 363 364 864 788 98 601 104 685 514 249 332 218 514 463 359 815 717 637 550 378 633 528 980 851 661 521 704 858 117 35 587 977 14 311 315 4 967 183 634 689 769 232 620 209 661 56 936 412 593 362 582 99 114 540 285 93 147 847 659 748 565 655 118 237 133 720 465 665 693 412 768 75 1000 12 812 550 744 262 457 170 752 511 768 192 853 468 323 88 215 710 412 373 594 385 413 527 911 150 44 763 24 793 747 630 592 769 48 938 230 883 838 487 378 775 736 957 711 610 430 124 584 767 975 519 95 395 41 947 739 137 650 117 260 96 717 14 723 380 410 445 83 654 346 187 701 685 250 438 922 57 294 107 616 273 274 83 388 734 587 666 915 228 217 971 674 870 571 872 3 263 938 65 499 192 766 393 129 657 655 525 117 726 995 757 559 351 975 389 596 50 358 190 219 366 268 838 548 760 789 299 507 776 76 571 952 164 189 90 658 705 94 615 120 664 749 598 369 372 110 335 210 717 166 265 618 911 909 854 341 340 960 900 107 763 493 262 755 458 587 250 421 441 326 437 610 230 61 268 895 731 477 179 356 399 392 629 115 126 258 544 150 519 504 563 861 102 927 936 977 819 804 88 634 817 103 884 805 210 840 143 80 717 446 174 267 640 805 79 950 690 409 716 613 88 560 258 543 244 315 771 96 468 288 611 942 425 722 254 427 426 698 800 860 758 198 722 819 459 54 88 131 735 319 19 975 925 729 849 465 964 144 858 978 225 388 528 698 771 397 894 663 470 345 463 871 97 392 38 130 51 794 622 106
822 142 376 473 616 49 722 902 380 306 53 283 501 696 97 83 745 568 870 208 103 705 594 151 594 539 79 629 453 815 555 148 762 110 625 706 799 104 422 227 593 714 787 296 915 367 995 795 944 8 480 621 596 402 663 854 441 619 335 99 392 710 982 475 513 869 597 755 409 925 559 886 36 946 137 326 382 183 213 91 496 468 121 278 968 637 320 749 963 452 782 736 108 516 49 289 20 764 84 458 631 25 194 853 35 105 891 851 588 888 858 33 709 563 740 179 599 91 782 638 781 894 282 305 760 33 646 934 852 815 472 921 988 490 488 211 806 313 140 566 608 587 230 826 836 727 433 661 909 968 733 410 301 282 444 837 16 820 313 58 928 737 750 415 467 84 922 363 172 905 698 341 774 959 343 624 468 336 610 348 238 171 838 749 685 832 791 878 329 544 922 877 521 516 427 807 133 913 645 442 255 46 842 27 179 155 923 526 95 78 359 1 98 421 996 531 919 131 616 4 113 563 571 485 483 419 388 328 802 104 548 785 94 766 385 782 407 772 399 825 493 583 798 393 853 219 562 155 592 509 178 568 643 980 273 256 344 634 171 147 996 826 245 735 253 421 451 971 43 83 660 68 590 758 161 610 330 428 313 843 583 423 385 364 470 821 21 240 80 450 300 951 660 962 489 730 459 575 769 729 134 662 74 184 684 437 281 85 392 654 415 408 869 549 457 893 41 100 102 733 678 357 75 612 369 450 647 776 649 882 558 204 892 209 103 566 844 740 444 292 860 593 492 847 894 492 397 657 54 357 802 688 244 657 417 383 900 762 119 605 118 378 241 519 270 39 282 267 203 913 311 335 449 380 426 534 169 113 114 538 466 735 848 432 465 86 999 87 200 256 374 188 76 564 926 572 553 524 86 947 801 683 130 768 636 936 88 693 592 458 399 453 47 81 389 905 902 784 524 103 84 52 349 162 806 481 900 93 816 288 783 368 16 984 700 87 902 789 532 481 232 165 546 205 310 804 688 891 443 893 217 529 709 450 436 942 349 788 637 201 457 729 572 589 637 318 191 665 851 167 185 815 357 924 312 768 38 54 161 428 746 501 976 630 259 465 109 400 504 531 499 837 765 230 323 825 910
18 111 319 302 513 922 530 207 748 377 655 776 454 356 662 987 893 542 561 435 641 641 160 846 250 75 785 244 542 761 803 799 421 597 913 541 120 307 875 264 209 294 582 840 549 159 656 847 478 618 267 860 982 964 872 336 742 923 721 727 796 861 106 249 792 607 738 784 1000 501 428 939 685 787 920 248 578 590 38 160 18 549 268 830 335 431 408 753 491 985 639 316 792 418 827 992 478 23 218 446 914 435 361 994 585 795 543 986 654 757 600 506 175 709 998 416 123 549 860 537 776 36 203 302 486 392 904 959 369 163 391 370 199 15 215 626 403 283 166 814 848 162 600 304 75 599 403 949 593 285 341 784 136 348 38 872 748 71 671 13 63 942 36 317 526 506 777 903 404 892 183 661 480 229 864 659 767 334 678 226 629 1 129 582 687 927 292 472 466 188 878 140 161 17 782 143 351 416 682 743 362 682 969 944 232 985 837 734 99 774 559 675 49 154 256 538 17 836 9 450 298 311 123 383 866 423 454 918 434 112 507 422 754 406 467 214 672 996 667 912 730 15 885 165 208 802 86 52 106 368 903 333 733 124 570 251 5 264 118 103 367 110 595 54 568 104 541 486 553 442 312 1 139 964 341 664 476 974 839 113 260 928 964 523 660 914 327 453 231 526 280 586 196 404 468 776 505 908 346 365 905 499 965 683 646 723 975 165 96 944 200 236 793 188 339 2 372 654 508 644 313 199 250 452 602 94 764 769 574 831 432 304 792 921 279 153 152 307 606 839 28 70 523 729 467 652 238 212 272 544 489 610 403 560 558 285 683 108 848 392 220 951 976 888 319 774 916 188 848 310 377 126 874 963 835 623 431 935 871 194 259 690 307 220 578 898 289 519 630 457 198 326 382 412 889 747 353 316 371 128 464 343 802 758 728 913 366 904 498 434 681 563 603 814 878 249 939 1000 799 130 156 337 685 76 440 824 889 249 156 73 761 139 181 194 524 705 22 795 796 28 201 116 97 329 775 355 906 135 57 544 951 487 951 526 857 697 400 829 448 962 267 160 938 642 321 793 148 5 305 546 415 391 560 683 810 307 503 936 488 808 364 682 256 444 179 213 23 304 54 456 94 664 872 213 858 413 921
