3000 4000
5 501 767 1751 2392 2403 -48.863641 56.347402 -14.439824 -1.958097 10.782825 
4 397 2143 2307 3166 -85.953321 77.671840 -66.627302 -94.837899 
2 1420 3450 -71.632981 45.643182 
2 1017 3910 -68.240052 71.940423 
1 1650 81.765091 
4 734 1590 3080 3773 46.589367 -56.490528 79.481850 -0.602601 
8 49 242 763 779 794 3399 3487 3566 -96.749231 77.260448 -26.860731 -17.017347 23.122908 16.204167 62.301468 80.476578 
4 1541 2254 2537 3365 -13.023870 -82.599562 -85.894898 46.832328 
2 91 1918 95.142349 -81.921801 
5 897 1950 2278 3083 3968 -7.668215 43.646974 -23.682156 41.109525 2.759747 
5 37 1933 1959 2094 3641 -2.004506 68.569568 -5.632681 -56.458032 75.240517 
3 2027 2644 3064 -17.645662 -24.056429 -99.966725 
7 620 1191 1657 3085 3338 3745 3968 -11.267718 -20.465615 10.982292 67.809954 -58.346290 -87.852209 -4.173539 
3 1948 3218 3363 36.171598 -33.877959 74.709145 
7 183 236 1496 2176 2211 3644 3691 -78.582399 40.323235 -89.749413 46.842887 93.964386 -71.934825 -35.168631 
3 417 2663 2742 14.669823 57.013644 -59.072560 
5 776 2000 2032 3942 3969 -36.375640 82.377349 -76.926772 -58.694824 54.936310 
6 17 247 1042 1402 1618 3553 -23.521819 96.275679 -76.057355 -82.195164 -27.857284 47.710714 
3 114 419 795 -15.659447 -26.662522 39.581711 
7 99 458 806 1768 2576 2592 3497 42.105302 -70.589061 98.920636 88.427973 -75.765409 -4.770407 -72.471295 
3 2617 3065 3752 -43.430900 -20.913490 18.243245 
5 163 1141 3092 3302 3716 79.990512 88.187770 39.976740 -0.579256 84.381323 
7 744 1707 1745 1912 2070 2548 3289 83.801951 -39.339921 -24.964239 35.456264 -63.710473 -96.495261 6.328750 
2 2359 2410 -83.966918 28.648038 
3 1150 2890 3983 53.458301 -81.164508 -18.083440 
8 6 496 817 975 1027 1907 3689 3844 29.075806 -69.294766 -49.935964 -4.298938 80.282963 -6.218917 72.051259 63.391741 
1 1421 -3.726967 
3 1170 2584 3699 -21.216922 67.108412 -2.663351 
3 232 329 1507 -43.040214 -74.356348 19.801702 
2 1299 2022 -33.369275 76.223509 
3 1231 2433 3125 -68.709767 -3.411025 -24.647898 
5 593 988 2862 3041 3938 95.843105 -94.759126 74.037166 -65.449096 57.187975 
6 1255 1514 1927 1966 2070 2377 57.843142 48.500977 45.641283 25.822960 1.466481 98.627096 
1 3894 -72.815454 
5 487 1117 1155 1190 1378 -15.610614 66.887432 -82.792918 -41.439890 65.248603 
3 235 1744 2232 13.206906 82.997563 -35.791827 
5 60 1608 2510 3522 3952 -53.805983 -89.087222 97.701615 79.059973 15.070094 
7 850 1130 1168 2375 3157 3609 3616 -37.217284 22.064619 -1.536982 -77.276808 -43.434840 -43.488470 -91.266787 
2 3032 3346 -0.964158 33.261880 
6 51 417 2109 2198 3072 3735 -71.439125 75.480654 -70.554221 -86.411245 -45.283441 -8.052151 
2 1861 2728 93.011870 -35.185220 
8 1164 1269 1406 2171 2348 2785 3170 3903 35.995855 -91.136295 68.464543 98.983611 -46.026385 -57.152504 -11.107266 86.189773 
3 1912 2420 3247 53.885699 -98.336950 74.940510 
3 918 2046 3186 -0.206210 -31.163770 34.689984 
7 257 1382 1454 1796 1846 2467 2760 -42.233781 63.846283 28.368374 60.394737 87.742644 -21.271691 67.917915 
2 1279 3429 -10.853421 1.721889 
4 746 750 2518 2611 -94.479895 -39.571710 15.325423 -17.434194 
4 144 809 1040 3056 42.661671 -49.459089 -57.196832 71.633136 
3 1073 2601 2621 72.356165 94.387455 82.399411 
5 882 1077 2968 3300 3418 -52.887286 -11.162169 74.581327 76.838607 59.393225 
2 710 924 21.406579 -86.711185 
5 270 1356 1364 2777 3370 88.855470 -89.328930 -33.173191 55.648570 -86.071394 
7 372 861 1248 1567 1745 2528 2683 47.810530 81.289237 2.637411 -37.384099 -81.385447 -15.529568 89.303016 
6 264 496 845 1628 2203 3878 -38.877944 76.021420 60.167967 99.435802 0.261234 60.151157 
4 634 682 1409 2094 -14.801211 9.211098 12.794901 -4.871357 
6 605 1018 1266 2138 2343 3277 -7.685460 90.675689 -32.868556 10.270560 14.568629 68.053271 
3 1307 1760 3872 -71.958092 -92.004410 -1.988533 
5 426 1419 2601 3403 3563 68.601710 89.307182 75.389784 -59.108726 96.666320 
3 1068 1706 2839 9.581686 30.251396 -54.308864 
4 1093 2850 3869 3881 64.846378 22.326936 6.569144 62.023443 
1 1572 -91.385418 
5 40 79 277 1278 1594 -84.078427 -4.165891 -4.955799 69.534505 11.467913 
3 2364 2472 3330 -95.368987 -51.869193 71.145582 
4 745 1710 2385 3637 -94.626446 25.351395 -91.535419 99.382917 
1 1410 26.983840 
8 531 2265 2470 2597 2744 3250 3604 3927 -92.553061 -68.352712 73.780274 -55.685635 21.231433 -53.475575 -15.591379 65.896709 
4 1046 2037 2094 3169 -95.266140 -45.544759 -83.702136 64.289482 
6 2136 2273 2478 2874 3348 3937 -50.122168 -42.871948 -60.444945 69.877393 -63.499317 -14.979193 
5 591 1157 1208 1761 1821 -17.222261 34.241193 -20.948079 26.349353 54.195335 
4 1333 2271 3188 3957 -37.291734 -43.921306 -66.426962 92.884367 
4 507 1737 1986 3624 73.456079 -77.947764 -69.641684 30.283574 
2 2173 3481 2.828049 33.907975 
1 1242 65.722402 
1 532 -56.702690 
3 106 1448 2924 62.353061 6.138856 -23.978346 
9 173 886 1191 1458 1668 1749 1924 2028 3874 -53.261921 96.516889 -59.724048 76.076728 13.227395 -9.277708 70.472359 18.298124 90.068067 
5 1151 1236 1708 3019 3306 3.709756 -11.191950 75.406911 -75.940424 -40.179977 
3 1452 1550 2710 -91.404958 -4.887825 77.675621 
4 446 1855 3414 3537 -72.323580 28.529389 -63.052455 -5.557296 
2 472 2366 93.393362 84.997817 
4 26 1224 2060 3220 -32.833829 -69.370224 -10.011729 -87.936313 
5 912 1731 2131 2934 3256 -31.280901 23.052194 -64.065026 -76.001477 -19.348886 
4 1951 2661 3559 3717 26.538062 -89.884990 -79.698354 -89.834226 
4 1668 2693 2972 3836 4.672962 -19.516124 56.207475 -19.362894 
4 580 2211 2257 2444 -49.608671 -55.147601 44.733387 41.516667 
6 75 864 2432 2788 2891 3881 -37.718686 96.677953 -19.299561 -74.734591 -2.073691 -14.040404 
6 1549 1667 2278 2758 2763 3826 -63.871417 -67.703123 -86.800890 67.687784 -32.781364 -22.134378 
3 2109 3160 3352 47.609197 -57.323878 76.326593 
5 861 1582 2183 2402 2987 -96.992354 78.217727 40.081482 -81.547291 -4.644025 
7 451 670 808 2405 2425 2481 3871 -18.986583 -91.269876 -65.997320 67.659230 -5.849468 -34.819161 41.875555 
3 1276 3176 3837 92.876098 19.226674 80.013605 
5 583 963 1373 2429 3964 63.920802 43.874947 57.718625 77.604271 83.173572 
5 1621 2431 2896 3808 3923 -86.282640 -5.681928 -58.168511 -27.185772 18.152455 
2 991 2301 -21.495734 2.418288 
4 996 1324 2056 2154 -90.286523 -34.849994 59.424565 91.261892 
4 323 739 1123 3320 8.212115 -44.931797 -38.121300 -47.934700 
4 132 1832 1887 3959 -19.929278 -63.381362 -9.488601 6.147664 
2 2021 3215 -15.101962 -67.130186 
6 1596 2458 3065 3375 3567 3827 -49.187882 -88.913019 -62.044241 -0.204883 -25.448219 93.144385 
3 1281 1395 1452 72.939230 32.684950 99.906984 
3 2517 3815 3999 -64.636402 17.127930 -13.885683 
3 406 770 3360 57.647518 -88.969265 -42.555227 
4 542 1607 2262 3911 -36.852822 -88.158648 21.005671 96.710993 
4 680 965 2512 3888 -55.938392 -34.094831 -27.624720 -23.155204 
3 282 1133 2313 3.828906 84.513807 13.119079 
2 1911 2956 -77.614001 -29.554497 
0 
3 854 1340 3024 -87.831625 9.322132 25.527383 
2 280 3552 -95.151009 32.069955 
4 972 976 1782 2007 -1.759015 -21.075761 -18.894913 -82.985982 
5 84 222 982 1075 3086 76.120760 -50.665932 -67.216630 7.527742 -16.694644 
7 635 707 925 1308 2027 2670 3550 -22.134659 81.223557 82.485655 -84.891337 -22.539332 28.498781 -21.134409 
3 1231 3159 3647 -51.226505 59.773806 -93.241273 
3 2127 2731 3735 86.344175 7.107024 -72.260054 
5 87 89 2052 2980 3994 -89.058576 98.685745 56.495293 -16.017534 84.806111 
2 795 2607 86.235515 42.825409 
3 2830 2881 3946 49.424658 51.718544 89.290989 
4 572 1499 2875 3102 -70.233937 87.833720 -13.951317 3.505770 
4 536 945 2467 2996 -17.313421 33.608440 -75.745067 68.579014 
3 702 1171 3162 5.257404 45.094114 -88.470004 
3 951 1805 3417 6.401773 31.681789 98.164611 
3 1177 2616 3330 85.281887 78.950485 82.516459 
3 1520 2192 3197 -54.001297 -98.676681 -73.634803 
2 524 641 -88.963730 -74.516773 
5 749 1309 1440 2509 3805 28.388472 55.513729 -67.490447 78.697952 -77.712672 
5 1012 1142 1532 2714 3978 -22.208037 88.705430 59.243985 93.588186 3.760754 
2 565 2876 51.735695 78.177266 
3 197 1617 2279 -14.007466 54.708725 57.449988 
4 820 940 1712 2056 83.869852 -46.619351 -90.359984 13.136935 
5 164 2574 2588 2653 3122 17.666226 52.382753 -4.495922 -54.121523 11.586696 
3 1035 1473 2055 93.749104 54.463577 -78.316325 
4 1071 2764 3553 3657 -57.366848 24.008217 -43.195347 73.988825 
3 1447 2306 3058 13.198734 -35.627791 -19.678505 
6 24 1344 1761 2097 3456 3962 34.818215 64.152226 -31.405683 -12.406575 23.471327 -40.569981 
5 214 525 1205 1596 3611 -5.585421 16.760519 -44.169731 -36.006647 58.217550 
5 1088 1561 1676 3082 3826 -81.667568 37.860435 72.845178 81.434967 -56.279623 
3 63 2093 2625 6.722900 -82.187830 -22.478161 
5 416 1095 2087 2602 3940 40.107707 27.504225 89.816996 -70.992943 76.077061 
5 99 1952 3389 3516 3636 25.338008 -3.409817 25.479554 5.344163 45.954607 
7 661 1114 1189 1751 3167 3617 3629 40.167061 -32.287306 -88.933453 95.288426 -23.536668 -56.020651 -3.998107 
0 
7 283 1088 1515 1529 2084 2392 2572 -65.161850 66.458337 81.400821 -46.058063 -70.365639 -81.027645 -94.455995 
9 190 828 1694 1780 1967 2190 2326 3261 3570 -59.043551 -45.494660 -32.137313 -36.706618 -42.529219 -82.196320 72.987141 3.868406 87.602670 
2 3069 3775 -1.852570 -33.172646 
3 1206 2392 3276 -94.637211 86.276518 -46.564573 
1 1007 96.198151 
2 858 2045 -64.466285 36.047117 
6 787 1430 3423 3506 3787 3906 -0.717436 -64.778895 21.327538 98.103014 -96.655542 -58.324605 
7 102 1600 3075 3320 3446 3721 3757 -66.137524 43.034609 -61.407061 57.823721 -38.399969 -82.139758 13.696205 
2 847 3459 -22.570305 -94.414537 
8 1056 1148 1587 2770 2851 2858 3024 3927 31.756796 77.902542 -77.387006 11.772836 7.740485 -19.523147 90.060497 -98.282914 
4 476 904 1100 3304 -67.547419 59.826615 61.374066 12.014921 
6 921 1348 1442 2889 2968 3382 -39.891267 43.146787 -35.068948 35.806021 -91.487177 17.695969 
3 673 1753 3270 -79.702281 24.587051 -83.662078 
4 462 1654 1972 2327 70.180795 -82.063638 -39.056691 44.509147 
3 427 1104 3534 -78.867771 -13.253096 88.678791 
4 1871 2497 2931 3091 97.229190 -24.348634 -21.366922 -45.289223 
3 620 1962 3786 -62.772358 15.634801 -17.386512 
1 332 -69.530077 
5 403 1107 1278 1313 1362 -99.034500 -11.837973 49.300852 74.174885 11.216849 
3 831 2819 3103 81.518928 -89.239033 -6.807487 
5 1657 1830 2307 3948 3979 -89.217508 59.764521 32.607159 -4.477140 -76.394205 
4 309 1632 3379 3547 42.235270 -66.164646 92.419107 -35.798754 
8 535 720 970 2097 2258 3257 3678 3780 51.178370 -89.798762 60.133881 4.284227 84.264158 -84.179837 -60.554958 8.406666 
5 482 791 801 3294 3438 97.048983 -67.140022 36.885019 33.265658 15.448956 
4 229 627 2421 3003 69.450731 -66.944465 -63.351675 -43.101596 
3 53 1452 2584 -33.805509 -16.530796 -14.832081 
4 2371 2615 3540 3716 -93.939901 46.323526 11.907984 -76.457002 
1 3005 -54.799775 
3 1045 1070 2047 -66.088025 92.354645 73.361351 
3 3064 3129 3800 -89.841758 47.552176 -45.503599 
2 3006 3804 -56.729448 12.633681 
3 498 627 2847 -14.687229 92.475957 -66.407546 
1 1835 29.972985 
5 500 1412 1903 2863 3628 -47.494498 -0.485461 8.052037 38.611586 -79.084874 
5 1697 2094 2385 3450 3909 -16.950739 -40.288708 -92.476828 69.384889 95.976488 
5 464 1260 3164 3435 3569 -30.159349 87.141247 0.563129 -35.606949 -82.024516 
2 1085 1794 -89.890114 -40.208770 
5 42 300 963 3281 3639 64.611382 87.118855 -14.270280 43.865089 23.823727 
5 132 236 1795 2253 2982 -0.344606 -46.511430 -55.365588 64.022482 -15.542890 
4 1565 1764 2422 3898 -62.437876 3.021145 82.670098 8.273388 
2 625 626 -28.084242 -66.806789 
5 1020 1607 2820 3612 3772 -61.895641 31.412799 -46.727131 16.413353 -10.513406 
4 617 1924 2901 3766 -76.708541 -24.841844 -90.428584 30.572298 
5 774 1040 1092 1393 2934 47.629039 2.968223 24.550801 -10.249943 -16.524512 
3 1685 2623 2883 -79.367163 -0.956490 -10.871940 
4 876 1673 2777 3565 -0.805528 -72.588468 -61.300305 86.248576 
4 122 134 237 3893 -27.308686 -62.741240 -52.309890 56.696430 
3 1377 1544 2531 -40.528379 -11.202280 88.920255 
6 1013 1573 2132 2682 3006 3681 35.009657 -36.843254 -90.223218 -54.267906 75.860274 -25.016363 
3 1800 3082 3642 -16.939569 -76.265042 79.661240 
0 
7 690 918 1204 1700 1835 2496 2894 -18.399509 78.631883 -35.681902 31.383116 35.146034 85.757453 60.149682 
4 131 2276 2597 2852 94.917381 8.764459 42.686804 38.318658 
2 449 2396 10.490179 -55.107862 
8 892 1088 1201 1571 3029 3676 3752 3865 -56.280720 58.015223 -62.072931 0.873077 21.202317 49.047387 -54.804330 -94.581360 
3 428 2212 2781 49.918167 -81.998939 -42.388448 
3 459 1097 2544 8.573713 30.656178 -67.807552 
4 233 565 1241 1415 -55.191196 10.698951 -16.856845 -22.184796 
2 1603 2676 -23.642290 -6.890984 
3 2179 3221 3576 -98.533712 32.500139 27.989731 
3 3426 3465 3763 22.017414 -93.756152 5.480932 
1 2614 -58.882544 
9 726 984 999 1134 1844 1919 2428 3310 3892 -15.544754 39.746877 -34.483268 79.042157 89.229553 -14.403667 -96.350601 -26.418094 -14.369003 
2 2667 2825 3.562163 -3.680743 
4 364 1786 1930 3573 46.935994 -19.165432 93.112656 30.471159 
5 57 1434 1899 2124 2359 17.760186 0.903698 -27.847743 83.419150 -37.063098 
5 904 2205 3174 3330 3560 -47.400456 -60.688175 84.764644 -32.742877 -62.689737 
4 1295 1306 1559 3380 78.391604 13.367794 -82.198705 40.680178 
3 869 2131 3497 -79.794779 70.342856 97.286111 
4 636 1151 1275 2509 -22.981644 -86.389127 16.042208 78.587286 
1 137 86.041601 
4 803 2277 2353 2939 -54.160852 67.753139 -44.127441 16.943515 
4 1575 3002 3241 3678 80.073800 -78.177808 90.718998 -35.094233 
6 1283 1976 2049 2453 3457 3508 -55.704221 58.631832 -17.937408 66.269370 25.810926 58.337445 
2 1692 3501 -71.534237 -87.975917 
3 1169 1401 2952 83.936897 65.835025 39.617214 
1 1077 -55.409310 
4 1748 2864 2872 3469 98.617989 23.909159 78.663839 -78.300906 
2 2532 3555 70.388562 -47.819156 
2 2635 2864 -72.909456 -33.285214 
4 187 763 2795 3571 -90.838775 -68.459709 20.490144 -71.630873 
5 4 474 510 1784 3228 4.844309 19.556840 -91.768783 -57.042964 91.101483 
4 431 1000 2805 2889 -1.196038 -76.381892 78.128085 44.838408 
6 510 958 2094 2830 3573 3720 9.849923 39.946399 67.002184 24.412870 2.345595 -7.595667 
4 1395 1717 2169 3405 87.703332 58.715622 66.768264 31.701294 
3 641 1064 3984 -88.246535 -81.692586 -27.059084 
10 575 757 982 1264 2241 2295 2833 3251 3577 3911 11.897836 41.076617 23.725564 6.287645 87.951033 11.888597 -17.262223 -15.757018 13.431637 -6.133857 
5 217 486 598 1708 3784 94.615166 27.158787 -34.011444 -94.947531 -65.924236 
3 490 2121 2455 20.085876 -85.323591 -5.109061 
3 42 1839 3164 46.467419 -0.122965 -10.616941 
6 225 366 507 752 1466 2790 91.569914 -55.290737 -99.014498 10.732548 46.945319 40.251183 
4 13 281 342 636 35.813056 -21.080248 23.535294 15.672789 
4 812 860 2141 3759 1.473217 -46.726199 6.447671 48.918526 
6 251 479 1770 1773 2195 3281 -90.414286 63.309237 89.387072 4.532256 73.822524 23.810539 
3 1147 1726 3184 99.399537 75.224157 -95.292544 
5 1317 1880 2061 2488 3228 74.904482 -46.485857 15.918557 44.317169 -67.005071 
6 1163 2081 2350 2772 3400 3691 2.944464 -41.935482 77.441376 -29.101668 -4.744083 -19.474040 
2 3300 3431 -10.894966 -93.521000 
4 454 1526 2284 3890 11.527776 -82.799956 -41.430551 9.115354 
5 473 1166 1796 2135 2503 38.799797 -6.401019 -58.594139 -68.087592 -59.688389 
7 1785 2206 2545 2641 3001 3245 3857 69.502321 18.956775 -68.677472 -93.948156 -7.158818 -0.497968 97.104358 
4 1599 3256 3804 3861 -82.295292 -28.958953 -93.817454 -74.980579 
4 156 1558 3436 3713 12.826242 17.835156 -18.641995 28.691171 
6 756 2009 2175 2326 3585 3751 73.285731 18.646121 -25.078614 13.953345 26.191145 -75.515110 
2 537 2638 97.065171 -94.556672 
5 1293 1522 1580 1614 3113 -8.054305 41.950256 30.071284 17.475796 -47.816248 
5 1201 1212 2141 2391 3352 -36.600069 36.097813 -18.613184 -76.020049 -0.297525 
3 139 833 3043 -92.278248 -50.665428 -54.152284 
2 1946 3504 94.642133 -38.509455 
7 1170 1835 1855 2674 2852 3573 3674 6.934035 -64.132027 75.027610 -32.072529 29.430998 -71.357221 -73.704582 
3 2265 2617 3084 22.739405 -14.467261 15.658072 
4 2555 2981 3459 3612 1.835364 77.180805 65.051358 96.589333 
3 2957 2962 3043 72.424226 -35.370532 -20.614740 
5 689 806 1657 3857 3987 39.148723 -44.671437 62.211510 28.879927 -19.432006 
5 450 710 1482 2186 2214 91.525374 32.733198 49.524116 58.941940 -67.503274 
5 680 1255 2212 2320 3560 82.981975 76.568244 -91.352964 49.243427 -19.833612 
1 85 35.478938 
5 1114 1697 2257 3019 3367 56.788977 43.577960 53.396556 -7.604443 56.265665 
2 1339 2091 34.998608 43.206716 
5 47 78 97 304 2592 16.880851 22.552009 89.472894 88.606177 -3.678122 
6 879 2459 2795 2839 3424 3798 -74.152810 68.903598 -30.510312 60.668862 -63.026424 -45.021881 
3 1556 2245 3353 34.212985 79.613399 -31.861844 
1 2017 88.514749 
7 1054 1119 2371 2445 3221 3398 3762 -81.386296 -90.483885 -18.473010 -40.565188 -81.026141 -86.174120 20.213981 
6 455 570 617 3110 3961 3992 -27.403664 89.037698 -9.532152 -7.018470 61.905460 65.285480 
4 17 723 799 1132 97.957874 81.946403 52.508911 -98.248720 
4 1386 3022 3079 3362 -52.340108 34.671157 79.029760 65.469761 
5 672 793 1124 1465 2532 -0.132647 31.039285 34.705326 -77.197537 43.548635 
2 293 1365 15.430451 -9.735875 
4 202 389 3216 3888 98.105574 65.490213 57.285959 -73.187158 
5 1789 2642 2962 3187 3261 84.346675 6.537119 -41.628178 56.983635 46.397292 
4 633 1175 2166 3151 -8.546194 -5.664731 -66.395425 -95.353579 
3 577 2949 3945 -62.899259 -86.819684 32.684320 
5 100 614 1437 2043 2431 -56.269638 83.969720 -34.399676 15.473575 38.773638 
5 198 921 2051 3040 3377 -79.573892 2.192322 -51.765303 80.810823 -33.097512 
1 785 -42.081371 
4 311 1632 1954 3340 -36.952516 -91.971299 48.557429 36.569688 
0 
3 455 577 2154 -10.307768 -45.650491 -42.828750 
3 2302 2772 3599 -29.335640 20.654262 93.899935 
3 262 1203 3125 -88.375713 -44.969475 -69.785799 
2 295 2633 28.443361 30.302770 
2 933 2560 57.146886 0.044294 
2 1767 3568 -93.662323 -25.620302 
5 255 1907 2259 3797 3916 -55.250168 67.336613 40.579089 -57.836091 -71.573743 
5 363 1237 2819 3132 3523 -23.609255 98.635546 25.460977 -29.190226 -73.490853 
7 99 398 1927 2015 2079 2082 2135 -84.988874 -54.541488 77.411764 32.833303 53.917274 50.198736 69.800605 
3 765 2287 3413 16.077653 34.878158 -0.143853 
5 210 294 2458 2543 3195 -55.647952 74.560892 14.050215 -66.859729 40.128520 
4 214 1940 2897 3958 -32.274990 84.304644 -56.615302 33.605928 
2 2742 3532 19.620905 -23.946452 
7 102 269 891 1425 1619 2159 2719 92.700684 -96.731464 -53.438874 -90.036837 10.165284 58.078145 -43.669866 
5 1036 2940 3012 3480 3975 20.463938 49.415534 42.230539 97.336454 31.650290 
8 205 937 1083 1185 2119 2716 3233 3995 85.522899 34.647911 68.843751 44.489765 -12.452958 -28.629903 52.626414 -19.986976 
7 232 464 466 689 692 2632 3706 -35.316107 48.716243 62.297352 -82.544970 -61.629330 -9.836289 61.874413 
7 1347 1908 2955 3372 3531 3806 3876 -37.783303 -80.265568 83.602933 91.000347 -0.250107 -85.294432 33.390876 
4 17 53 131 1693 -34.131910 -57.867196 -96.915514 10.772701 
3 1388 3557 3710 -88.896138 11.493398 95.397164 
2 120 1240 -73.916614 51.878436 
4 278 946 1269 3757 -75.673145 -65.326735 57.751117 15.230437 
7 1046 1550 1748 2210 2846 3124 3897 61.813470 -20.935360 -29.945956 -86.330433 75.377820 -99.646449 -76.067332 
3 1701 2121 3997 -68.563880 86.134680 61.958546 
3 239 328 1090 -51.991873 -11.847008 -24.395478 
5 1386 1872 2812 3175 3260 -85.067545 -78.569067 -93.062755 12.945307 78.759293 
3 58 532 1946 54.422317 86.299027 85.158096 
6 1087 1651 2639 3307 3406 3415 5.278390 -55.594549 -92.871429 -65.880954 28.124120 12.574271 
4 949 1980 2924 3004 -94.069072 -83.040900 -79.571538 32.911640 
4 52 225 2821 2908 34.796569 -56.222702 -51.146817 5.944565 
5 20 698 849 2564 3850 -79.812196 3.752330 1.558512 28.079104 -41.928756 
2 2202 3890 -25.534862 -72.172572 
3 1108 2478 3852 -93.874603 13.196932 -0.294103 
2 2123 3381 84.921604 53.964186 
4 50 379 588 1917 -94.522199 -39.388522 -87.682987 4.664074 
2 1272 2975 55.726332 -89.627929 
4 1650 1983 2228 2619 -78.693883 8.622708 -94.770610 -42.782189 
3 637 896 960 9.441224 -94.187789 -24.818779 
2 2516 3912 -5.842007 -89.256486 
5 255 1734 1758 2389 2578 -96.970941 35.843176 -70.448272 64.239112 52.878168 
2 1773 3760 65.519788 2.364028 
2 2328 3544 71.257562 -46.652843 
7 925 1370 1516 1621 1877 2058 3990 -24.177571 46.848992 -92.376153 90.208882 86.218146 8.721441 -52.874428 
4 234 857 1291 1959 -26.487537 49.984570 -21.123225 -64.220532 
2 1680 3223 70.713425 97.874339 
5 109 118 1393 2409 2456 47.035606 -18.515813 39.541264 64.924832 30.419628 
8 10 127 396 2131 3080 3358 3830 3862 -38.490573 -51.729920 81.546712 78.895798 -43.963908 44.694012 -14.492121 -17.870059 
4 294 1616 3451 3988 -58.207699 33.649816 18.695000 83.971899 
11 311 1312 1678 2109 2110 2247 2453 2683 2988 3767 3777 1.544709 59.237821 -10.661274 81.466710 55.773866 48.302656 50.270318 27.152888 87.269428 45.568060 -73.810200 
2 1092 1996 21.484478 24.407793 
5 94 697 1476 2675 3543 5.178672 -7.838011 -87.802888 15.858975 -63.264894 
8 1059 1153 1895 2477 2569 2860 3253 3311 -86.153678 -47.192735 -55.420455 37.670477 18.328200 -44.568663 19.365701 60.831270 
2 1466 3839 33.743061 68.566475 
4 72 1808 2810 3171 77.491171 28.804927 -61.602065 86.070323 
3 487 1062 3390 26.951923 68.060481 -3.878090 
6 555 2865 3295 3342 3658 3914 -65.278085 -37.094569 80.275398 22.453057 -46.273759 -75.106863 
1 3193 -65.431843 
4 14 790 1587 3095 -63.482672 89.594440 34.207249 -22.656330 
2 3484 3819 -77.100632 -84.087057 
4 3 2428 3267 3480 -95.416344 -67.409497 -57.214157 -60.824876 
4 2246 2610 3630 3758 66.471850 -2.458952 13.730479 -1.159176 
6 553 752 867 2943 3264 3334 -3.018025 57.113219 -57.995661 -1.244386 -68.580345 -62.689055 
6 1098 1286 1601 2167 2362 2452 -55.298524 18.216668 74.468803 -15.643200 -30.076770 40.854152 
0 
3 462 1325 3291 92.389668 25.575390 11.862438 
3 717 792 3437 -71.870222 75.840528 -91.214889 
6 894 1278 1283 2169 2732 2936 -7.582166 24.511597 15.952973 -25.228490 61.969635 -50.570160 
4 244 831 1926 2982 6.375652 44.265934 -66.550180 53.322668 
4 1137 2212 2782 3091 42.268265 -21.634788 54.005383 -88.117972 
3 1503 2214 3228 23.277886 55.045845 -99.824179 
3 1350 2264 2665 8.936080 -31.463209 0.766307 
2 1229 2623 33.401966 -84.608290 
3 1073 1663 2881 15.853094 49.502629 -42.850718 
4 100 242 800 3399 -14.520341 -64.763837 49.611770 -1.038189 
6 4 227 419 720 1152 2548 69.394714 36.610793 20.071325 40.267702 -13.143153 67.899431 
3 702 1833 3109 -97.595051 -91.809415 -16.210102 
7 1064 1541 1630 1777 1781 2863 3710 53.985561 9.455781 -70.021415 60.284244 45.652436 -72.176709 79.360168 
3 393 3479 3652 -10.334743 -75.543324 -76.829033 
1 3225 -60.557355 
5 1305 2395 2751 3458 3827 -56.086435 -1.873155 -10.260621 37.117260 -13.426707 
7 49 1056 1873 1922 2295 3469 3768 -32.012721 -79.482296 67.510526 56.870109 -47.089659 -95.009316 59.006965 
3 2106 3152 3930 15.097601 57.754600 67.587468 
2 1272 1407 -46.448005 45.511525 
6 417 491 937 2183 2805 3338 -41.749203 -49.476404 -51.471036 96.952649 79.877971 -99.879235 
4 223 1707 2436 3380 -71.350497 95.781898 -58.269030 -84.111430 
4 165 2995 3246 3332 27.483630 91.215788 -41.575070 -47.440344 
1 2070 -55.130295 
4 109 691 1228 1985 -0.248120 -56.712017 -16.912138 -75.659555 
7 471 1207 1790 2966 2991 3138 3586 86.634988 28.916276 65.914459 92.225851 36.026432 83.573847 70.163623 
2 2582 3492 18.118565 29.893485 
0 
5 613 1651 1906 2974 3620 69.937830 71.816477 8.426337 44.638259 79.314404 
5 432 1596 2383 2606 3680 14.865428 -68.237024 -4.355809 -11.403174 -45.646715 
6 107 352 2374 3532 3649 3822 -37.267173 -15.804125 18.044428 42.277417 -40.688484 -19.328977 
3 3209 3418 3859 -67.776729 -43.832377 -50.163152 
2 29 1120 30.083441 85.124290 
4 309 1306 2521 3636 -43.250998 -31.831199 -99.269887 94.315499 
5 126 316 712 1431 2167 91.254919 -36.221648 6.251471 94.005637 -67.419403 
4 917 1640 1879 2875 -33.114679 -48.438210 -37.317373 -2.578211 
3 2805 2982 3059 -83.112668 63.283803 30.166555 
6 1115 1439 1586 1755 3087 3316 13.978991 54.861743 -77.867410 -20.683825 32.580892 -2.071429 
3 677 2618 3925 44.310198 -10.230670 -31.930487 
4 397 2200 3210 3820 51.413658 24.990706 -54.833408 -66.762639 
10 77 570 580 916 1117 1863 1929 3117 3201 3406 43.226852 57.161267 -27.447084 39.499236 29.519100 26.591857 -69.139545 65.580101 -26.023168 49.602761 
6 910 1209 1516 2275 2348 3862 -57.226290 -55.114924 52.012541 29.681425 -82.913524 -84.493098 
5 229 491 1246 1386 3226 -78.297918 98.649114 25.661304 9.004455 -77.845903 
7 119 594 1387 2537 2801 3782 3858 95.358488 -74.059826 51.993550 -93.334350 -47.866188 5.127778 -40.195534 
6 691 1371 1899 3514 3822 3986 -53.566664 -4.551579 65.038154 -95.464934 14.595140 -25.743199 
1 3829 79.591026 
4 200 258 328 3187 -6.541325 62.110205 -5.658047 -74.704670 
4 340 494 537 2761 20.132855 -3.304360 -89.439603 78.817750 
3 1821 2070 2559 60.416938 51.249857 -15.093288 
5 551 589 921 3361 3364 17.022035 85.398780 32.968010 -83.938795 -13.107509 
3 358 1878 1937 65.905931 20.649850 93.451707 
2 459 3596 -41.802556 0.949424 
4 180 377 1225 3801 63.371491 55.384979 -91.878042 -77.055217 
1 1217 -68.351039 
9 78 1007 2189 2385 2868 3382 3526 3558 3821 72.704590 72.112785 -18.610990 33.249421 70.808460 70.929576 68.026555 -86.753356 -44.392183 
5 1617 1753 2228 3327 3947 -23.944484 19.653645 -97.418175 0.298969 -2.195667 
6 1030 1080 1579 2019 2318 3482 61.912593 16.057110 82.313558 27.904363 -45.700171 99.373570 
6 287 1068 1362 1508 2776 3015 84.032497 36.391530 -77.212844 -91.734166 -44.167727 -18.804177 
0 
3 630 2320 3640 17.945597 47.360620 -99.105942 
2 551 2277 -94.587601 89.540387 
5 1095 1612 2139 2168 3494 -43.052907 7.264705 -85.404419 -2.523090 -80.472784 
5 20 102 695 1121 3095 -79.270649 21.768814 -71.553626 19.645547 46.705839 
5 480 534 898 1658 2286 -48.847583 73.212113 -37.425934 -42.707083 24.384500 
4 514 1482 1870 3731 -69.226880 82.445558 88.602102 -47.098889 
2 39 2584 80.742946 37.010932 
0 
6 532 733 842 1755 2071 2484 -55.924116 37.934956 -26.994111 73.184144 62.057204 89.034847 
5 904 1728 2695 3142 3714 -98.732066 63.116243 44.263141 92.571132 79.745285 
3 783 1576 1664 -85.008815 14.394681 -47.474697 
5 1241 1736 2074 2349 2782 98.943300 37.383373 -76.441571 57.372791 -52.628123 
6 338 1329 2200 2345 2510 2635 -44.490047 -0.736059 -27.291417 55.080720 96.399057 -11.298609 
0 
3 121 413 3554 -91.615366 -95.449982 -23.370736 
5 491 2053 3099 3580 3705 -19.485475 62.861722 -8.739410 66.221809 89.224409 
1 1896 -73.849793 
2 894 2064 13.673212 87.914599 
2 621 3889 1.637498 0.931509 
5 2916 2979 3396 3817 3855 -78.816886 38.666594 -60.226603 -62.600294 35.278386 
4 196 541 2796 3167 -93.161417 11.241402 -35.331588 -73.535150 
5 1346 1456 1676 2770 3655 14.020694 -79.031960 38.928872 -3.500521 -3.338540 
4 2023 2435 3329 3334 32.157363 -75.438265 -99.694786 -83.739898 
3 1052 1342 3795 -40.992341 -93.266450 16.524297 
6 142 154 1888 2398 2630 3958 46.544165 -57.038104 -16.357754 87.438579 43.254063 16.943512 
2 650 1437 -7.222648 9.318708 
6 56 69 138 1621 1807 2045 -86.484713 7.292079 -75.736751 -5.579239 11.229867 -13.671983 
7 396 1303 1687 1914 2848 3402 3852 31.165643 -69.995776 -64.361440 -35.874961 27.574858 17.190834 46.453759 
4 333 865 1030 3182 7.855237 -82.695713 -36.427223 -65.299316 
4 589 769 2749 3322 -41.660847 44.046925 -22.502824 -56.179378 
4 333 1241 1437 3083 -50.576834 -91.838839 -95.036020 48.598771 
3 429 904 1825 -77.213102 -36.363774 -62.561952 
3 828 1404 3570 -85.729025 52.870349 60.001759 
2 361 1387 56.170907 -91.009804 
3 695 2344 3139 -55.896235 48.101853 43.610405 
4 1352 2024 2942 3984 -21.036534 -74.595127 -2.039125 87.602450 
5 176 1483 2036 2254 2543 25.596925 23.010556 37.293579 -87.881653 18.601090 
5 2291 2557 2797 2891 3379 -39.984414 -13.710429 59.852267 31.145523 -1.479464 
5 805 3099 3250 3275 3477 -53.186433 14.817915 -81.528408 29.072443 -19.972926 
4 265 731 3341 3356 42.069416 -2.267199 -12.012172 27.461987 
4 2971 3097 3539 3992 -16.512389 -73.150520 7.169321 -80.135571 
2 2565 3569 -33.510308 48.344940 
2 242 2658 11.620058 97.017159 
3 14 23 3180 -96.586326 82.842919 -2.253651 
5 350 692 1094 2658 3673 -75.729532 -47.235295 -72.271048 -85.500540 -29.452438 
3 430 1733 2254 -1.680662 98.365088 59.553757 
7 252 376 1741 1972 2847 3455 3979 -90.942021 39.265089 18.124040 -81.447004 34.763974 -47.533811 -48.016220 
2 676 3609 -28.788846 52.185101 
2 1878 2231 69.085871 -24.181441 
3 437 2140 3424 -87.250283 98.361359 -38.649313 
4 452 554 1517 1701 67.624131 -3.349237 43.213487 30.057567 
3 215 631 655 -98.554072 63.977708 -98.616195 
4 660 1099 3369 3660 -53.699850 77.571810 23.677328 -39.085531 
3 340 2245 3454 53.009570 1.000341 -69.418467 
4 433 2103 2459 2550 -41.409571 74.846973 34.952513 45.081580 
3 1054 3438 3789 -18.832360 -95.320637 -33.253806 
2 2589 3331 5.852605 -31.831267 
3 1842 2339 2784 -60.392070 -80.147494 -62.196093 
5 89 231 1217 1697 3178 -7.191431 85.558856 87.166611 -1.457274 -2.594533 
3 343 783 2987 12.577094 65.023825 -39.513201 
3 1635 1637 3205 87.130253 -77.249637 25.002873 
3 181 2151 3458 -67.283416 -71.930501 54.365898 
5 1152 1835 2806 2925 3903 47.045873 0.128562 98.193948 10.186956 73.082839 
4 797 1006 1498 3412 -23.513484 -19.048870 -12.266088 -58.347857 
4 188 252 2211 3824 -43.027634 -18.808689 -97.099490 58.053731 
1 1236 79.826700 
1 1247 -75.055922 
3 1580 3403 3432 -55.902167 68.795026 -42.749550 
5 128 1006 1160 1535 3969 -74.035793 61.907085 -62.131553 60.610016 86.909435 
4 376 1248 1721 2412 -48.229583 -49.487675 -9.540255 -97.269078 
1 2363 35.678331 
4 741 1342 2438 3296 -43.613710 -60.892333 -76.885086 -26.663714 
4 1201 1961 3303 3982 56.007758 12.623168 -10.602909 2.272728 
1 2465 -36.860905 
2 109 3658 91.999834 28.347312 
1 590 25.751751 
4 780 921 2545 3802 3.894922 73.965231 42.822083 78.972482 
6 302 346 835 1827 2800 2923 15.678658 99.860909 74.351853 -55.314382 -28.101467 64.385212 
3 284 590 2763 -81.948715 -48.407318 -32.358120 
3 2561 2715 3214 0.192125 -71.284332 48.400656 
0 
8 622 908 2611 2864 3461 3555 3579 3694 -13.640346 31.814409 -90.237704 -39.102009 91.846847 -55.781287 34.407101 59.801216 
1 726 -36.400151 
6 1100 1165 2564 2770 3580 3838 52.379899 71.215235 34.359638 -87.387784 3.377039 -8.843916 
6 1234 1604 2181 3162 3231 3246 89.327862 -88.620231 3.202468 -34.230974 99.764369 -50.607656 
3 51 76 2515 95.885470 -13.058589 65.685336 
2 202 3979 -57.462539 2.408067 
1 2228 -36.042751 
2 2617 3732 87.690812 87.097411 
9 547 971 1586 2230 2987 3204 3271 3592 3845 67.642497 89.155992 -84.949442 50.450068 22.943895 98.432166 23.172997 -84.020991 28.198264 
3 689 1784 3101 33.685813 75.699090 -48.676601 
3 688 1116 3929 49.774325 70.509621 2.641304 
3 795 2816 3118 -69.136222 -65.481701 -23.723927 
4 244 756 2806 3573 63.666289 -91.949427 26.868444 96.962300 
4 449 510 1384 2193 -40.444796 25.188903 36.671270 -32.894934 
1 3487 -75.272353 
4 720 912 1273 1929 21.508080 4.398669 67.712834 76.188890 
4 355 2270 2365 3136 -96.436644 -70.929311 37.762824 -59.688996 
4 1992 3087 3225 3738 41.389641 50.502580 -45.837778 95.676548 
3 230 1905 2008 -35.552342 -75.516038 -6.792407 
3 1100 1770 3320 84.847751 -52.543734 -73.550241 
5 61 735 894 1728 3705 -68.513691 20.345395 72.166993 60.763769 92.240243 
4 810 1060 2274 3087 51.390309 16.211466 -70.149926 37.030989 
5 1064 2556 2565 3327 3503 -12.680588 30.809236 -78.059321 -91.845113 44.975224 
4 620 1209 1868 2582 -59.564852 22.604766 -80.387351 67.754491 
4 851 1427 1938 2644 18.485429 77.681325 -72.165770 -10.453729 
3 1274 1448 3828 -16.265261 81.904596 -13.343098 
5 116 375 1747 1955 1973 96.231924 57.604568 -99.211759 -27.911134 -82.419194 
2 1836 3169 -10.551343 -79.602036 
4 1579 1985 2101 2294 -31.769463 12.508859 -41.134247 -76.987592 
1 3462 31.161577 
3 426 2842 3320 71.809399 -68.163712 -30.200670 
1 1785 -71.141074 
11 304 635 693 1460 1529 1689 2012 2381 2729 3278 3755 34.324379 -54.028944 -16.175628 -57.176120 30.625691 34.278462 -75.950959 10.621096 -15.866611 63.762914 10.631960 
2 1837 3137 18.977298 -87.767041 
2 1881 2796 48.121180 19.870177 
6 174 371 2145 2280 2800 3536 -67.380557 -84.208945 99.276993 -89.228698 32.362853 -96.217293 
0 
3 1246 2008 3743 -63.882704 -62.393730 15.884863 
7 540 894 1090 1687 2471 3444 3883 20.623425 56.659600 -44.256298 -22.611973 86.682536 -21.940789 -19.270614 
3 2448 3114 3910 -3.961305 85.432449 -91.321129 
2 524 2429 -20.167904 -82.942710 
6 482 3270 3467 3562 3606 3641 -56.000483 69.597799 72.507310 -13.215453 -55.219558 -23.539536 
0 
1 1236 61.163337 
2 1222 1536 -84.997182 97.124365 
3 714 1507 2305 -12.920952 88.228639 -54.319437 
6 1049 1159 1625 1762 2555 3143 42.862379 25.109630 -17.160359 5.865128 -28.631467 -59.662144 
7 961 1181 1323 1629 1811 2039 3101 -5.103946 -50.646275 90.923616 -24.435251 -16.604255 -37.608949 -5.016407 
7 108 268 487 614 2050 2266 3275 -80.469665 96.528077 -79.644922 44.565923 69.094982 56.320562 -27.827076 
1 438 -97.023302 
2 927 1883 87.923363 -60.868082 
2 1150 2650 -15.218672 76.319297 
1 3361 14.426240 
2 1768 1992 21.864852 33.270476 
6 869 1035 1851 2806 3172 3989 72.542492 -33.203345 31.024981 -55.125876 -54.044495 -23.625470 
5 219 1604 1632 2004 3369 -83.750490 13.943451 -25.992557 -56.533053 74.253557 
3 360 652 1213 -4.829014 36.385542 91.802633 
2 191 2517 -29.772305 75.032994 
5 105 628 1617 2100 2467 44.497884 -93.975234 -60.221290 -30.649123 -31.468857 
5 487 530 2041 2839 3751 -79.871285 49.613743 26.582676 -87.727213 37.475651 
4 783 3055 3381 3513 10.964279 -42.101440 81.573537 29.258051 
7 1930 2555 2717 2805 2848 2955 3111 -9.946927 55.929898 51.810127 32.600885 99.189031 -48.032855 41.715599 
2 294 2778 13.107313 0.047700 
2 1988 2135 77.821289 57.870181 
9 57 591 1215 1324 2153 2210 3122 3512 3524 54.926162 59.774041 98.605705 11.700325 -74.572912 75.034876 -95.972561 -30.727342 -32.474192 
4 163 306 1184 2976 26.639974 54.455682 98.598375 86.659065 
5 672 1618 2480 2811 3509 -53.966011 -62.815963 -91.384365 35.722701 38.864795 
6 517 949 1470 1592 3522 3787 -31.880465 -74.515005 -27.275601 83.529791 93.430773 -70.096886 
4 178 1949 2075 3947 -81.405599 6.256996 84.606972 17.878367 
4 899 2332 2599 3819 -68.695195 -7.969927 -40.521379 -67.478951 
7 634 711 1049 1670 1800 1871 3278 91.793193 -37.394804 -58.927765 -27.451262 -18.419837 95.306924 -24.698707 
3 385 946 2507 -9.401408 32.407729 35.873535 
2 1276 1936 -80.918366 -2.709028 
2 1624 3788 -35.070547 28.188412 
3 162 1646 2082 98.324933 35.600142 28.327562 
5 256 3046 3325 3682 3765 -96.155081 -46.310309 -12.492055 93.672875 57.319329 
6 110 533 617 1204 1621 3088 89.435460 38.283644 -88.716262 -35.512110 -76.998773 -50.019505 
6 172 1175 1862 2763 3246 3363 -55.781366 19.450435 -11.274598 66.301329 39.257180 55.995355 
3 935 2333 3797 -10.681360 87.341277 -76.219029 
5 1111 1201 1788 2295 2420 -74.668177 81.968936 -73.558541 -57.339609 -16.978183 
2 1946 3119 -11.766746 62.340419 
4 1966 2214 2974 3339 -37.364156 -40.411899 -82.817570 8.985774 
2 406 1998 -7.942724 63.902375 
2 671 1650 -51.715928 -95.131634 
8 267 346 1261 1335 2158 3832 3834 3856 45.271547 -25.102093 7.119662 29.743938 50.499900 -96.003318 -29.051020 32.855053 
3 704 2446 3158 -50.303349 13.327486 83.199001 
5 168 1913 2278 2640 3747 -57.195997 -64.003945 12.526762 -14.749413 7.064103 
2 117 3448 -77.467770 89.261974 
4 1137 1290 3507 3921 0.085281 -3.301046 15.478266 69.265675 
7 416 2347 2379 2509 3408 3968 3990 23.761543 24.746602 53.168210 -5.404911 -16.449315 -64.410321 -68.035406 
0 
3 674 808 2628 36.186985 67.055386 -90.279468 
2 3125 3390 70.523526 33.037753 
5 703 2054 2844 2908 3275 -76.708780 -32.425670 87.146777 -90.737555 -48.348936 
6 855 1256 3239 3351 3685 3745 86.527092 -87.834071 -29.142137 -13.794513 -30.718907 95.306990 
4 552 1103 3746 3966 76.981358 27.311137 -33.445841 9.828162 
5 141 1926 1976 2398 3819 19.884618 33.016624 -28.618007 94.777170 88.931788 
1 3039 15.326373 
3 584 1988 2493 -13.292341 -91.652237 -11.737144 
5 1986 2181 2353 2369 3430 83.936625 73.124501 11.476261 49.112377 -90.202341 
5 226 591 702 2753 3553 -5.496973 -50.171780 -80.400177 -93.391629 19.642325 
9 176 794 1464 1490 1806 1964 2111 2225 3269 77.662289 55.473813 49.846465 -36.363335 -90.239944 -94.177178 -53.637545 -41.544701 54.343436 
6 1690 1782 2554 3307 3836 3942 -52.494645 39.432203 90.216218 -71.596315 93.065354 36.543496 
6 562 1478 1929 2499 3289 3948 93.119331 92.427003 60.320800 -50.371797 -7.554146 22.119840 
3 288 1294 1889 -11.423809 -84.350078 -95.247531 
3 1828 2476 3919 -91.821519 -74.190226 81.515660 
5 23 2953 3354 3638 3850 82.439964 -64.676659 20.903039 -78.133356 68.105859 
7 1615 1754 1891 1893 2294 2427 2825 38.849426 -47.388948 -67.200961 52.949674 -61.773461 -39.214743 -47.589740 
1 186 -30.807422 
4 1937 2361 2468 2869 84.372159 53.389934 0.293874 5.497495 
2 1087 2319 -28.231166 70.904787 
4 320 2235 2412 3862 -78.721807 91.677215 17.841317 30.273991 
7 2 190 1098 1723 2411 3176 3740 63.093955 -0.908708 -14.699283 -46.848166 -50.173416 -50.759889 -74.809293 
1 1353 6.112181 
5 801 1578 1838 2575 3285 -17.297539 24.009096 -37.995902 -22.247202 -0.489117 
5 536 1133 1918 3192 3314 76.022123 38.255064 -60.029789 -13.161889 -73.075711 
5 937 1041 1058 1997 3085 57.402685 66.625098 -88.141714 96.658622 -55.051609 
5 441 1351 2012 2360 2903 -20.074880 51.836851 -65.258305 7.561882 18.546653 
6 347 1104 2403 2558 3100 3928 -95.132310 -93.324009 -80.646517 -69.325662 -83.527184 97.502140 
5 87 493 920 1438 3429 -14.419416 22.212261 -76.652162 90.159479 -43.999904 
0 
7 98 767 950 1767 2352 3130 3617 41.572428 -31.942078 -83.584353 4.549804 77.314489 7.147953 -35.819180 
8 434 1391 1430 2020 2033 2419 2495 2812 -67.313039 47.433910 98.264592 18.730845 -60.167212 -42.906719 21.619012 -14.718009 
0 
6 333 1092 2140 2274 2377 2769 24.113319 -52.688759 6.183208 -37.214088 50.057315 4.350016 
4 30 2463 3248 3965 85.131449 85.155387 -47.842686 -84.405986 
2 87 3671 -45.288431 67.166424 
4 587 2668 2816 3520 -69.250867 53.714933 -95.299539 48.803996 
4 122 1188 1307 3060 -72.711928 -91.618700 40.577878 89.464037 
3 334 349 2833 58.928025 77.558415 -66.377719 
6 706 2494 2546 2870 3632 3928 -68.694690 43.411458 -36.048426 36.876152 90.287151 11.500828 
4 1394 2595 2997 3770 26.264973 36.933495 39.634574 -45.346644 
5 2153 2876 2989 3712 3896 32.279377 -42.915848 67.220181 -62.231036 -45.216487 
5 701 1263 2206 2548 2991 -62.701817 89.252881 20.138813 -98.078833 -38.518420 
6 2144 2597 3120 3189 3715 3937 -1.570898 -95.345883 -47.546296 -93.116772 94.294423 -27.083443 
5 646 1033 1894 2337 3565 25.825026 0.575407 -19.503211 52.475563 38.221080 
0 
5 156 2666 2683 3018 3345 92.181241 -68.800298 -89.515550 83.034709 -36.392533 
3 40 626 2809 51.440623 84.119980 -5.885178 
6 316 799 1715 2032 2921 3295 2.357903 6.183029 -97.277196 -95.691577 38.368314 26.880189 
6 896 951 2503 2547 3362 3650 95.985278 70.451112 -51.816293 23.491917 -25.046778 36.242244 
2 519 3576 -84.572950 -47.383910 
3 241 452 1340 53.919242 -88.823624 82.097936 
1 1953 56.001051 
6 152 910 1926 2560 2850 3603 46.669857 4.240941 50.525518 93.398002 -72.559487 49.106662 
2 14 160 -73.085871 60.572276 
2 2965 3387 12.917707 -96.325246 
5 61 1726 2647 2915 3407 8.936476 1.682246 -13.241127 -52.933190 -46.924427 
3 701 1016 2462 -63.063851 -61.605175 -73.823285 
4 280 466 856 2553 -89.354572 90.134005 74.458754 -0.454895 
1 3748 80.618377 
3 865 2523 3268 83.217003 -47.616340 -69.237610 
2 2627 3340 87.978428 -50.156550 
1 1900 -25.688381 
6 191 532 1404 1864 2640 3957 90.007934 32.353277 12.811477 -6.932660 -16.907816 -12.107586 
6 520 1008 1040 1137 1992 3071 -57.617408 -21.595817 -48.237174 -45.325964 87.532032 -7.703881 
2 695 954 -90.240732 32.669830 
3 176 1618 3202 82.995320 -22.914492 -31.039118 
3 327 2023 3290 -37.896278 -71.465965 -34.319920 
10 186 533 973 1352 1752 2514 2543 2624 3383 3605 83.631162 68.027180 53.710912 10.198008 43.259927 2.417098 -67.375434 84.963581 -81.481355 -34.861524 
4 1458 1725 3604 3720 19.925003 28.676717 -79.114051 17.787879 
3 383 3263 3735 -73.545657 -86.121973 8.985404 
3 766 1296 3004 82.257179 20.007579 64.632073 
10 174 1965 2599 2610 2818 2828 2836 3000 3521 3550 -94.134878 70.415014 -20.449118 67.640307 -77.224612 21.243615 24.670411 -70.599415 -65.454780 -50.420958 
0 
5 441 579 1752 2646 3929 -50.145639 81.081716 -48.647541 -24.387992 -3.489497 
2 3450 3877 66.048319 -73.554643 
3 552 2082 3768 89.359919 -77.144984 79.642977 
1 2587 43.200635 
6 1192 1940 2238 2600 3433 3996 45.860525 -38.608009 18.482116 -39.015836 93.833165 85.412279 
3 1760 2322 3514 -56.195289 57.922379 85.979516 
4 305 1315 2081 2546 95.130868 -46.997839 52.936043 -11.982522 
5 661 1330 1908 2430 3780 73.625620 28.324306 28.042181 15.999996 -14.169842 
6 144 550 948 1489 1853 2372 85.203338 -81.717050 -40.090886 87.398430 -36.213609 56.124115 
9 62 1959 2618 2784 2996 3134 3450 3721 3852 -6.125261 40.232319 85.346248 72.032302 -1.530314 -0.658300 80.822649 61.870650 -9.909446 
5 82 1989 2195 3795 3810 80.052425 8.316882 -30.861986 -54.800406 -35.970719 
3 130 1096 1121 58.287679 -62.428312 -29.696242 
1 1661 20.662055 
6 302 857 862 1236 1545 3068 23.994339 77.975324 34.246951 -83.784290 14.387322 -84.221061 
6 503 707 1560 1911 2929 3556 10.664384 47.322167 19.200251 -43.620146 54.553270 -29.624843 
1 631 -36.417061 
3 1985 2134 2136 -58.827069 69.489591 -78.402277 
7 251 1529 1659 1822 1897 1961 2682 97.927632 13.753420 16.912524 -57.313580 -24.734138 67.583594 9.723112 
2 15 3156 -85.794191 -36.240867 
5 1234 1436 2241 2837 3385 51.104674 50.799008 -80.356904 51.718101 64.985912 
5 406 2530 2815 3640 3785 -6.748241 -1.400760 60.226966 -37.562165 66.573099 
5 18 468 1629 2204 3061 42.131074 -96.635668 65.971194 57.139293 35.801243 
1 2641 -66.278507 
4 1156 2063 2144 3778 57.438448 31.099854 25.497117 93.577308 
5 138 1151 1453 1806 1916 17.366555 84.847179 -27.329111 -63.433086 -74.661789 
8 323 1679 1686 1842 2446 2519 2543 3961 -37.876823 -3.588398 -51.433582 36.945754 70.036039 -44.382910 -25.691371 66.029774 
3 139 531 2070 -14.370989 98.956949 87.762809 
4 312 1212 2066 3210 61.125908 -45.213452 40.701023 -68.710774 
4 120 125 3060 3200 31.932819 77.327306 14.911841 -78.978810 
8 492 712 1248 1915 2220 2571 3697 3916 96.776603 7.078806 -75.241513 16.874764 -79.727156 -5.373509 -22.307332 21.355193 
10 284 729 1553 1587 2713 2813 3186 3297 3365 3561 -60.579317 -90.898440 -76.890472 63.099820 -71.988623 90.077979 62.155878 -86.099650 15.035222 64.839384 
7 28 1264 1796 1946 2434 2949 3982 -35.498643 84.961989 99.983823 -38.113064 -68.630016 63.992788 -83.084782 
1 2818 88.241057 
1 3828 0.080147 
6 131 777 877 1203 1693 2025 88.783835 13.225169 -46.084612 -8.480107 -53.482768 -36.986228 
4 1517 1701 2435 2923 71.758861 42.921232 -2.613107 -22.079930 
7 1272 1637 2092 3148 3680 3748 3897 -1.959691 64.446497 -9.066877 56.111519 -90.984521 48.232484 -50.320104 
4 57 2124 2191 3255 4.473816 -67.320317 66.803291 -40.381726 
6 1198 2428 3090 3314 3474 3889 -75.141506 -14.593561 -79.332651 95.764464 -70.612915 -87.823084 
5 621 2391 2543 2810 3960 88.465266 -83.889831 -84.257972 -22.953146 -72.503367 
2 2443 3033 15.077347 -4.260486 
1 3169 62.350659 
2 2504 3622 -23.501548 -25.727600 
6 2001 2086 2720 3189 3342 3393 32.501784 62.745484 -89.551985 -65.269487 1.566778 -45.459287 
4 453 841 852 2584 -14.264011 13.800323 77.050167 79.388611 
5 167 921 1000 2239 2739 58.629345 17.319021 58.725882 69.067915 60.037641 
4 239 2540 2829 3298 55.722774 -39.188903 20.127977 -64.919722 
3 999 2499 2678 41.434455 -92.196768 -53.618590 
2 1138 1288 7.225295 5.473252 
3 102 1135 3724 19.722921 1.916685 -97.793911 
5 82 348 828 1349 2421 -96.876437 -24.543361 -87.929940 -28.188948 54.478310 
3 683 1024 2332 18.112771 13.597010 -22.740574 
2 289 2378 68.876230 8.718696 
5 498 835 847 3208 3561 61.538300 -63.656868 45.161448 -46.418010 -72.060688 
5 1546 1860 2685 3235 3690 -5.075962 71.965141 -50.392436 -95.345955 62.825399 
0 
5 275 1217 1574 2380 3054 -63.622114 -26.443203 -67.538910 32.268727 84.620944 
2 1968 2404 -17.029202 -93.184795 
5 246 1717 2661 2829 3807 -54.066487 60.424669 61.636586 91.486181 41.988539 
4 1136 1284 2707 2944 50.482536 57.544090 -72.964296 -31.481124 
7 205 802 1134 2383 3624 3800 3833 8.098694 -91.750286 92.077940 91.499993 -32.015887 93.315148 72.613528 
6 221 648 844 1626 2939 3716 -58.302787 55.220380 0.508235 85.554657 21.280831 30.012336 
3 1783 2313 3698 -57.692904 62.080422 30.846516 
4 1815 2682 3227 3329 37.219615 74.664022 67.199909 89.579256 
2 156 917 13.406390 36.130825 
5 1499 1673 2090 3371 3409 -97.904143 -40.282152 20.824670 9.488942 12.764635 
6 803 830 954 1573 1821 2050 43.034491 22.624164 -55.599151 14.091289 -55.610855 -95.841286 
3 1003 2128 2700 -7.175021 78.534074 32.618640 
6 2110 2199 2403 2657 3564 3736 -83.639161 -97.289794 62.553106 25.949426 26.978566 44.754468 
8 654 1594 1719 2975 3172 3229 3503 3959 -40.553894 20.737404 49.875513 94.835435 -82.949807 -12.635674 43.910714 -95.290388 
3 147 1162 3229 89.131421 -74.255239 54.823423 
9 112 215 648 697 961 1305 1316 2183 3788 -42.934677 83.892368 -22.958239 -42.524905 -13.770927 76.170500 -7.980743 -22.415940 61.620563 
5 1098 1888 3248 3557 3908 -18.018003 -93.047338 34.318403 -13.915718 -56.652993 
4 165 460 2111 3289 27.302018 26.419567 -19.548087 -28.729286 
7 1081 1191 2295 2347 2700 2945 3461 15.063702 -58.835171 3.308598 -97.197039 -58.915863 -35.479571 29.776464 
1 2809 60.638052 
4 220 1457 2014 2524 -46.936798 -6.224294 39.763833 -31.993429 
3 1589 2452 3629 76.913208 98.143272 -50.446037 
2 1831 3404 -18.777304 59.150769 
3 537 2182 2399 -17.397541 -30.023587 -72.773223 
3 589 2498 3248 92.076868 -83.924629 -54.920275 
6 950 1199 1857 2045 2535 2647 25.810670 97.219104 82.047797 -98.445870 39.572540 -16.327381 
3 2430 2677 3397 -56.621376 -50.816021 27.578922 
4 999 2667 3092 3598 19.897422 38.025023 -93.386284 -76.580672 
3 530 3215 3552 -19.633772 -53.465787 20.597373 
4 143 219 1241 2307 21.697206 6.536325 42.299634 -20.072267 
4 2546 3069 3354 3499 -27.869680 -50.466431 65.084502 -74.586535 
6 1243 3168 3415 3838 3926 3933 22.840598 83.777622 -61.970993 55.054537 -90.257898 63.444979 
3 2092 2137 2830 97.422776 18.444412 -47.829442 
3 2566 3428 3749 -30.600464 63.323048 55.568505 
3 518 2733 3206 16.246671 -72.699511 45.719509 
5 188 308 1468 1726 2797 -73.242477 -30.595781 -22.196466 -29.849932 -55.345548 
3 780 2349 2927 66.448375 17.450661 47.147966 
6 765 1254 2975 3379 3444 3690 5.053513 83.563751 -36.174698 -22.752577 56.939645 74.229770 
4 299 1014 1594 2557 61.311440 51.137142 83.550990 66.197858 
1 458 -58.592777 
2 10 738 42.980060 58.403933 
5 1662 2489 3038 3768 3772 77.879311 -38.126614 72.674551 -43.473500 -41.316588 
4 406 706 1266 2134 87.044799 64.271019 13.047148 85.852709 
3 991 1323 3326 40.527993 -61.939848 14.358424 
4 668 1018 2537 2646 97.890387 33.285193 -22.138528 -86.327623 
0 
6 1077 1317 1943 2748 3299 3698 -97.113151 11.560771 -32.415646 22.168242 16.602154 -17.454845 
6 1083 1277 1882 1904 2311 3725 -15.579696 -67.330092 78.300364 1.718958 -40.981477 -35.827472 
4 51 317 1421 2550 -8.440703 85.634281 -63.989455 70.289283 
5 2077 2239 2660 3031 3666 35.828798 59.708554 77.367547 99.880342 93.599162 
2 1174 3995 -6.709220 -21.324898 
3 479 3854 3932 -79.870995 30.370597 11.883760 
6 1191 1687 1920 3791 3901 3982 -82.752397 99.680856 -90.945832 69.908853 61.701261 38.834708 
5 621 705 811 2798 3483 38.228863 64.917502 17.923678 -24.574284 -44.657828 
2 223 1299 17.845536 -71.281112 
0 
4 605 2718 3238 3816 -43.829415 -74.670029 -66.198491 29.173236 
2 2059 3940 -57.439909 -70.130113 
2 2260 3891 -63.962022 73.221292 
4 632 747 1029 1384 7.092437 29.189853 -21.924840 -3.574461 
5 621 1016 3243 3874 3957 62.954717 79.884639 16.963889 4.445750 9.920179 
2 3521 3779 45.848997 -29.878777 
0 
4 289 1207 1913 3173 60.113921 75.676406 -58.326210 -89.750114 
5 449 1199 3223 3489 3936 -5.501762 -55.908248 13.310546 -12.559256 -2.410879 
1 2159 -25.722441 
1 2887 97.204780 
5 791 2546 3464 3550 3765 69.993678 74.410785 47.622888 -97.056973 59.290586 
3 677 1420 3008 -47.883657 50.729698 -75.557873 
3 1530 2540 3609 -22.046710 59.780373 -53.881064 
3 947 1204 1359 -80.932820 10.502565 -68.410256 
3 1068 1515 3211 -11.365554 35.261930 -98.050424 
2 2296 3347 -41.177110 1.022325 
4 2108 2856 3077 3297 50.438674 42.857317 9.112441 -61.220444 
4 47 828 3919 3962 99.342156 70.075270 -23.052405 14.797440 
7 717 900 1287 2232 2855 3361 3790 -26.446958 -25.277149 -6.687555 -76.977941 49.421006 9.175567 33.011263 
2 709 1183 60.954011 83.161566 
3 105 688 2889 59.269986 -22.404963 82.195225 
4 79 97 1143 1787 -90.566027 -50.008423 -79.840092 78.380079 
4 746 1763 2143 3520 -95.836551 9.297241 -1.547390 -38.226586 
4 181 2328 2522 3187 -85.025010 50.820828 11.718321 49.703747 
7 383 616 1113 1361 2551 3170 3810 -69.260291 -12.836032 -44.455895 86.254613 42.247637 -68.225946 54.311393 
2 114 2307 -46.822950 11.212891 
4 854 921 2201 2676 -38.401900 -76.461662 -65.317583 62.535932 
10 196 548 748 883 1542 1732 2244 2851 3323 3978 91.952958 94.375638 -1.208694 -5.895958 36.164024 95.791791 87.034988 -86.765118 2.595472 -6.148119 
4 1244 1778 1785 2299 -81.757942 32.068063 87.720634 -34.620020 
2 430 1244 -22.063322 -26.146345 
2 92 2205 34.755447 -87.321786 
2 2021 2752 39.551841 -59.573528 
3 290 2389 2431 -39.857209 27.812705 -15.874484 
8 141 1106 1342 1446 1470 2984 3525 3846 52.491583 -98.493703 -46.549869 -21.881438 -21.421504 64.348938 -67.808527 14.097840 
6 450 469 632 2032 2334 3141 49.482801 -28.917500 -3.545996 39.163071 -38.669075 36.247181 
7 371 864 931 1826 2785 3313 3918 -20.786081 -19.022085 -37.801982 -26.930360 53.647268 72.652349 13.077022 
5 815 2596 2857 3206 3534 12.593963 60.586486 -15.802512 -19.561383 -80.959223 
3 468 526 1022 -86.131891 24.366044 14.093953 
4 1081 1404 1527 1672 -21.741214 -25.081159 95.613005 -36.342505 
2 193 1171 42.061943 30.679234 
2 3277 3863 -0.416071 -46.931777 
3 1772 3421 3483 77.471441 -10.262710 -77.964521 
4 44 569 1175 3926 -87.278217 95.177303 39.334353 -78.683033 
3 271 1550 1896 52.966251 -60.772846 10.431629 
3 1347 2981 3247 58.873933 -10.143924 -47.596187 
3 2313 2392 3710 -19.907640 30.302564 -69.395452 
4 184 1046 1077 3747 -41.890061 -18.437476 -39.473830 -25.329893 
3 219 791 2839 -95.996731 -42.839542 -90.969688 
4 509 3115 3573 3788 -19.019162 -22.686522 -33.328513 47.470148 
3 950 1118 3452 80.260826 -4.215524 11.219044 
4 1833 2258 2649 3059 -22.582989 74.053360 54.330091 65.511855 
5 239 1655 1764 2417 2774 -36.912291 83.483639 -81.692429 -83.996688 8.996926 
2 76 1657 -48.244787 -49.169991 
4 878 1558 1681 2767 84.937449 -36.616879 -22.511433 -62.480630 
5 1207 1475 1863 1873 1985 77.371179 -68.642986 -22.780033 -3.496235 -36.125445 
3 710 1498 2363 -59.446403 -41.877894 -48.266325 
4 1115 1174 3155 3571 -94.953588 5.037975 -91.359008 -45.950252 
5 1262 2245 2599 3377 3814 -85.906522 1.803348 -93.202141 99.717993 -99.311957 
1 3438 96.796904 
5 815 2229 2771 2779 3463 -18.062208 95.588824 -3.990220 29.724391 -72.986479 
3 1169 2205 2235 16.906012 -64.551008 38.260331 
6 1370 1387 2093 2748 3419 3435 -83.208094 40.043430 -56.338343 -12.598615 -90.063585 77.657894 
5 506 2915 3727 3913 3936 -65.456772 -45.882654 -88.098253 22.859367 2.571748 
5 1048 1578 1742 2079 3469 -75.065200 -88.724592 2.673689 -43.811580 66.926302 
4 1141 1171 1487 2422 8.659739 95.216801 -99.769297 -83.312884 
1 1455 87.086121 
1 553 -67.797644 
3 1229 1670 3845 20.924176 -49.418513 -98.253509 
4 173 407 2576 3582 8.009592 -70.547810 84.614034 72.836256 
1 2592 -19.260854 
2 1907 2880 44.475298 73.638540 
5 138 1752 2119 2406 3274 -49.220778 37.418147 34.243101 8.223139 21.857643 
3 1365 1529 3136 -7.320465 63.581566 81.838021 
2 1152 3485 38.397660 37.698372 
5 665 903 1716 2214 3609 8.345686 30.835878 -45.550056 67.027908 80.610325 
2 784 2638 -57.929658 -1.413375 
6 502 1154 1461 1656 2582 2624 63.469828 -32.900375 -24.922034 62.490674 32.944151 91.010252 
2 125 1045 43.931740 -89.133922 
2 924 1199 -85.366600 -77.880980 
3 1309 2402 2940 52.278332 -47.753645 -84.669170 
5 204 950 2247 2441 3868 -16.034484 -47.121053 -80.345043 -76.638627 -69.798204 
6 431 676 1190 2062 3161 3533 92.399407 -14.854311 -89.725755 -13.151582 49.451013 -94.250753 
6 139 1372 2868 2870 2988 3603 91.119955 -62.339864 34.140387 -0.264054 -57.734183 92.710922 
4 886 2600 3459 3873 20.655092 67.906324 -99.656408 -51.763374 
6 624 653 2262 2576 2682 3524 75.422568 27.795946 -42.794694 42.254860 30.989276 -55.500855 
3 2152 2738 3448 89.843386 72.896003 -16.003225 
7 383 1886 1902 2311 2553 3543 3946 37.531838 -85.921610 92.772879 63.618087 -26.627677 36.470351 -80.408621 
5 1343 1362 2059 3340 3527 -32.581758 -50.067854 -52.919176 12.358134 -96.871296 
4 1322 1958 2965 3279 31.262366 -8.314882 25.483556 -31.456543 
3 455 850 1340 -77.742789 34.436186 84.151436 
4 1035 2577 3768 3953 -84.836060 -52.717875 77.882282 86.073187 
3 1365 2035 3260 27.461022 -0.554760 -51.819941 
5 135 636 1246 2744 3617 50.340515 -35.429751 48.801455 -22.503931 -90.830320 
3 451 2049 3776 -25.846974 -99.792093 24.996647 
4 396 2864 3447 3527 -4.735070 74.077665 48.983442 -34.831672 
4 129 1283 2017 2641 5.720173 -42.458349 -20.801651 -69.264304 
3 1434 2920 3739 -10.911485 -79.660084 73.673775 
3 3 294 2876 72.113622 -99.366413 -24.671318 
3 469 3573 3923 -74.113213 -79.341290 -47.097056 
4 380 728 1294 1441 45.370652 -45.678988 24.219195 30.672277 
8 310 779 1010 1273 1972 2357 3327 3665 -66.418801 25.384446 10.879061 -55.848257 42.602012 73.032325 -18.496612 0.468261 
2 263 3953 34.434273 90.762353 
2 1626 1940 -75.212281 84.986703 
6 1061 1592 2496 2927 3218 3476 82.090163 -90.287506 -63.513021 -73.794984 -52.841278 -58.080437 
6 43 328 396 1272 1962 2626 -73.572274 84.383269 -4.052884 3.980495 40.920041 93.025207 
2 880 1674 84.795475 29.697297 
0 
6 1095 1520 1691 2840 3333 3603 43.712296 -36.100908 24.906046 29.754352 49.496045 99.177721 
3 1482 1820 2915 16.316376 95.606985 -90.214341 
3 1224 2652 2885 -86.023046 31.632337 -26.987171 
6 1570 2021 2043 2243 3382 3816 44.497577 64.660966 -27.464727 43.072715 -76.063542 26.818296 
2 3766 3804 -83.711664 52.535083 
1 1373 15.580813 
2 2482 2755 -35.856005 94.263240 
5 793 1411 1552 3352 3620 -19.622628 65.065119 -80.006000 95.765503 -65.270753 
1 94 84.810065 
8 1085 1635 2895 3065 3536 3565 3618 3670 74.032971 -99.085409 -27.401380 65.114527 -25.776251 -82.498335 0.668281 74.873318 
3 2154 2666 3193 -32.967716 -44.080276 -15.990854 
5 744 1047 3078 3433 3752 43.506198 53.169336 1.098634 89.543813 -63.731363 
4 763 1392 1547 3395 85.891260 24.944950 81.606993 38.125808 
7 457 673 801 1012 2260 2649 2719 -16.984411 -37.593052 -17.230208 25.311350 -65.161438 10.423842 59.100507 
3 1064 2968 3302 40.318549 9.203903 -42.072320 
2 822 2923 95.937099 44.560859 
3 285 2460 2870 -24.752964 -89.181719 -48.023449 
2 978 2072 57.199979 -68.947826 
0 
5 480 570 2704 2936 3954 -31.470322 -55.890428 49.073130 47.663010 -45.492843 
9 656 752 1179 2340 2856 2874 2877 3000 3328 -0.939311 2.566212 79.647019 -99.986409 4.944111 -89.188976 36.336494 78.575994 -25.184902 
5 346 1075 2123 3513 3751 -27.875112 -19.902728 -42.882323 22.350079 2.408158 
1 3551 22.852450 
1 2669 11.114523 
2 1767 2169 -52.857303 95.005982 
3 449 1894 3312 -92.360075 46.247644 -98.311379 
3 1605 2330 2813 40.269915 -6.435221 2.247665 
4 40 749 2119 3459 -25.806824 45.860604 42.346119 95.104754 
4 163 636 715 2596 -36.597902 -93.823057 -91.884061 79.571028 
3 920 3601 3741 63.895492 -73.700338 36.721751 
5 152 633 2152 3081 3671 -9.737874 48.417471 64.403486 -76.622286 -81.794723 
2 1004 2105 8.137234 53.345111 
9 144 331 409 994 1130 1341 2185 3004 3200 -12.724930 52.512621 78.722594 -36.168213 -77.101033 56.742504 -64.540259 25.396660 81.006934 
3 560 2694 2743 -89.830345 16.650159 30.022838 
1 3046 -51.846263 
4 1146 1242 1426 3328 16.280601 -45.174601 -68.080380 92.166470 
2 676 2120 43.386655 58.526692 
8 8 1205 1209 2039 2085 2184 2588 3243 -75.444657 -9.665541 22.393068 -12.395290 90.072600 -4.271069 -66.688852 -15.126570 
1 1100 -30.462583 
2 1024 2494 40.333836 61.385693 
4 927 2628 2857 3628 74.405145 15.853662 88.481101 43.894442 
3 2117 2282 2980 -24.492414 -80.636656 -80.270683 
4 1010 1348 1668 2733 -89.867589 64.273370 63.166074 20.959253 
4 1375 1464 1736 3024 -27.114964 94.363007 -94.459863 -69.769524 
6 828 1041 1319 2226 3032 3523 -8.698241 -92.859834 -77.305508 40.988132 -13.368333 15.535346 
3 465 2313 2618 -46.167324 -68.695840 -80.770859 
3 4 2726 2979 -75.885215 38.906206 -55.287660 
1 945 -22.652356 
3 713 2142 2809 -31.299120 73.914371 -64.193059 
1 3437 0.790407 
5 402 1433 1691 3358 3848 79.864888 -85.934691 81.444414 24.718590 88.554929 
6 2195 2339 2438 3229 3607 3892 50.483067 79.804446 -59.756215 -4.540297 97.375231 -26.450242 
4 808 1597 2822 3660 82.963995 67.393110 41.182900 -33.208477 
3 254 1008 1350 -17.053862 -7.439027 -55.478278 
5 656 870 2106 2484 2792 59.868074 21.173305 20.860180 -2.399647 78.934042 
2 726 990 67.370942 -69.764663 
4 1092 1516 2378 3254 58.053730 -82.884051 -62.188029 -25.085308 
2 2382 2653 79.458639 -62.159332 
4 1426 1716 2342 2877 75.770631 -90.024810 37.692778 82.884720 
1 932 -89.256017 
7 241 1162 2226 2275 2772 3303 3895 59.199742 -3.888935 45.409964 -82.709963 65.039370 -74.795932 78.079003 
4 621 1078 1755 2532 -62.349608 -56.334028 29.533443 58.492054 
1 2871 14.586963 
5 1543 1665 2143 2228 3178 -90.457423 95.227368 29.444903 -35.857558 -40.165666 
7 331 371 889 1467 2805 3696 3986 71.856987 -87.365736 78.453978 50.683689 -74.393064 19.891872 59.858984 
5 470 975 1722 2138 3024 -59.132419 23.787852 -29.735060 13.183354 38.075418 
1 235 98.800333 
4 396 2285 2734 3657 -34.458401 -36.807836 89.885937 -15.397010 
3 569 763 2840 63.932684 -27.143374 26.265542 
2 749 1105 -67.812620 -56.066752 
4 1231 1988 2874 2964 -13.258193 27.100718 68.673492 62.385306 
1 3652 -20.333058 
9 755 1256 1437 1454 1909 2174 2884 3203 3477 79.715591 -40.446709 48.877616 -21.967266 35.205245 -90.101027 -59.001387 -56.194071 -67.773126 
6 811 902 1446 1718 1779 3846 -53.944298 -0.557189 91.302533 63.810994 4.909780 -61.277012 
3 2615 2643 3530 13.061109 -76.820716 32.773663 
2 639 1276 39.860674 74.355655 
3 1105 2013 2547 -62.577334 -1.913283 65.405579 
0 
2 2827 3836 -31.383932 96.157308 
2 1511 3002 11.351909 -82.587285 
3 761 1129 3332 -18.356048 28.931418 62.417306 
7 691 1212 2528 2746 3090 3542 3912 22.165951 -66.107248 -89.729152 -48.038590 80.926329 76.335307 -15.063667 
0 
6 220 912 1287 1664 1822 2183 31.957240 -20.205495 28.962897 11.824908 81.341606 35.803186 
3 2886 3756 3950 -37.437382 64.201810 -23.176637 
3 2843 3017 3853 17.009017 -37.404020 88.309457 
5 479 610 1608 3247 3941 12.600579 90.597265 -88.446867 -24.303147 -72.456832 
4 686 1272 1889 3436 44.366857 -49.472088 -77.662940 -22.583406 
3 282 2987 3018 -56.582557 83.872372 -88.888698 
9 94 240 1544 1915 2056 2563 3571 3583 3997 -8.357512 51.465603 -36.650897 -35.700498 -40.475873 17.629437 8.030010 60.844879 -12.469416 
6 286 1486 1650 2288 2482 2861 -46.672164 -22.418815 -27.272368 2.316793 -7.485385 -4.530745 
4 1579 1858 2624 2711 -32.986590 -84.019411 -6.033282 -63.753335 
4 1869 2837 3142 3687 -2.174827 7.098266 -12.040925 32.137276 
3 371 1188 2898 -50.786360 -52.706509 15.976232 
2 1507 1809 -39.904238 60.916023 
2 961 3702 -36.306125 -69.314285 
5 530 869 991 1453 1862 -72.515524 1.422954 39.382046 42.518369 -51.261149 
5 2271 2293 2749 3185 3305 63.833963 -23.037687 -32.953410 -50.629315 -71.259435 
8 722 1040 2239 3142 3237 3281 3427 3722 -21.037277 -54.782504 -51.304155 -64.149132 -91.677015 88.930863 -3.171031 38.367012 
4 118 635 3466 3792 -38.157493 68.882465 -33.048262 -8.548684 
3 2435 2572 3640 -91.283682 -22.351362 42.879812 
5 70 426 2361 3353 3990 -9.809532 -7.289597 75.580668 -36.967585 99.220159 
5 121 408 837 2465 2772 -22.249422 -27.899474 -45.546636 78.073173 83.646685 
0 
1 2890 -46.436644 
3 332 1324 2128 -37.844989 62.370293 -19.764263 
7 200 1704 1908 2498 3472 3724 3809 -45.880064 99.410503 -41.827404 -54.001915 73.746561 -55.619438 2.869518 
4 1208 1420 1743 1948 87.764915 -82.581329 -52.662551 58.882663 
3 1601 2582 3112 64.913628 41.174849 67.029087 
7 970 1384 1981 2313 3234 3484 3932 -69.897097 52.161240 -70.330947 68.723197 40.818314 77.060906 -74.191318 
5 2012 2310 3037 3529 3555 -33.163436 66.073629 30.624650 52.843281 34.170476 
2 354 917 -20.347102 93.711973 
6 570 1329 1987 2836 2868 3558 88.437255 69.268733 31.798821 24.327325 54.877997 35.302043 
6 1657 2367 2787 3215 3707 3925 -97.692011 1.603365 73.390563 27.197760 56.345949 45.197842 
3 186 366 3583 -68.560321 -78.238048 -19.432230 
2 3263 3448 -45.431787 71.316132 
6 1005 1821 2053 2068 3149 3926 89.010201 75.989813 -33.357308 -70.306269 -9.981658 -30.278662 
3 2139 2494 2924 -73.102279 -64.311351 34.115824 
2 1166 2221 -51.262899 50.747367 
3 1105 3098 3467 -18.705955 -62.782022 8.347185 
5 156 2433 2804 3094 3816 -92.493303 69.251843 -91.599077 63.589341 66.353627 
2 257 843 -87.026062 -0.263880 
2 267 2570 98.089108 -66.231079 
7 546 1809 1825 2404 2970 3003 3813 26.042627 46.265127 64.318823 -84.670226 -47.321904 -40.134354 -49.146964 
3 1580 3388 3727 -50.783639 7.979707 86.709782 
6 636 689 891 1436 2807 2921 -41.332160 14.205646 21.654747 -62.829603 59.596685 -76.564055 
5 1127 2136 3257 3314 3395 34.682418 -59.005738 -29.742423 61.788035 -21.571174 
1 2264 77.048400 
5 42 1221 1619 2488 2892 -43.581135 72.316210 19.573995 69.977624 29.120945 
8 1016 1652 2026 2604 2889 2950 3233 3732 57.632722 17.727168 -92.110374 76.378898 -37.268255 91.025488 1.091078 90.968104 
4 83 1706 2235 2452 -7.635284 44.251339 -3.591818 1.086761 
7 116 310 1711 2211 2390 2522 2659 -53.409050 -78.260769 -65.338231 -10.162935 56.258852 20.541574 91.149324 
2 2375 3077 -81.388106 -26.573326 
6 447 1330 1930 2908 3340 3979 78.490920 -84.746901 -38.624844 9.224861 -65.728530 -65.581308 
4 2065 2317 3399 3824 -62.118955 95.768939 74.599178 7.659994 
2 675 1803 -4.875051 69.519230 
1 2532 -25.288011 
9 359 1156 1302 1424 1543 1774 1966 2109 3264 -6.039946 36.704164 -74.416838 4.761827 -13.359994 70.419370 40.126317 -21.389930 54.912265 
1 1870 87.020904 
5 633 1534 2813 3245 3945 79.004326 55.261293 81.191952 -33.546725 69.722929 
6 1885 1926 2422 2572 3665 3946 7.819317 3.712858 69.252320 -23.288569 79.623685 -42.399360 
6 634 816 1616 2784 3148 3163 -27.915334 30.202191 15.782807 -9.510252 83.264115 1.068681 
2 2133 2582 16.419904 -49.989398 
8 763 1018 1307 1312 1924 2543 2633 2919 42.016553 3.617077 41.368578 -59.506084 72.631600 33.343826 -5.765116 75.791252 
4 221 2463 2570 3593 -75.978613 -10.128852 35.917405 56.351139 
1 3130 -76.579938 
6 599 612 1354 2324 2855 3591 -51.918464 -27.735496 94.571333 75.408311 -13.214239 51.535038 
7 513 613 675 689 726 1097 1715 16.609720 19.958771 69.074265 9.326264 -35.958244 -54.920444 90.807927 
2 159 215 80.572628 -48.141531 
8 190 760 1074 1456 1937 2525 3395 3407 10.276057 -24.226992 -32.955925 28.506751 -61.652359 -59.310155 19.622389 -40.631774 
3 1564 1734 3408 -46.215695 33.103467 36.621215 
3 2421 3295 3915 -22.321092 28.916139 -85.202280 
7 345 423 1982 2264 3221 3434 3964 3.293658 3.791517 53.208023 90.803723 -16.001769 -76.519002 -51.369422 
6 474 1825 1968 2405 3305 3961 32.157887 21.083653 -67.345820 91.156035 18.599628 -70.670362 
4 1066 2969 3469 3533 91.719224 81.887927 60.121539 -91.964730 
3 2956 3098 3144 -10.630746 59.952838 -84.069530 
2 1719 2417 -53.201414 -69.615808 
9 315 746 1254 1639 1796 1949 2620 3386 3656 55.971266 18.639654 51.572750 4.041783 38.222190 52.413725 88.484145 73.894985 -95.720873 
4 113 1830 1886 2964 -39.013261 76.056716 -64.018519 57.197784 
4 1020 1132 2617 3098 11.175018 -76.924996 18.566744 46.725672 
3 687 913 3661 11.138545 15.160866 -54.111991 
3 348 1624 2871 72.109858 -70.420541 8.095385 
4 508 2395 3168 3370 -35.090309 -98.297158 -19.420338 -44.360626 
1 2830 -43.081885 
2 2164 2433 -52.093630 -45.043177 
5 1190 1391 3556 3644 3922 -71.052050 -73.683167 -42.005667 -76.029973 29.693820 
6 69 613 1189 1311 1516 2790 -29.334267 -90.023335 -13.332330 39.516455 76.182745 -57.573132 
6 313 459 511 2034 3092 3949 67.266964 -56.648091 -97.236312 41.678450 -86.875022 11.761178 
4 318 740 1198 3823 24.613774 57.415115 -81.367768 86.944812 
6 251 790 854 2074 2179 2387 45.461498 36.670383 94.515788 64.901081 85.261026 46.532369 
8 145 1679 1857 2825 2863 3383 3547 3837 11.807019 37.533656 -41.447359 6.732914 12.434713 51.933839 -88.131264 25.887087 
1 1050 -29.170893 
5 673 1747 3067 3547 3659 -9.200872 99.263780 -74.962885 -3.327627 73.331212 
3 1386 2547 3479 -41.226278 -50.245737 95.928255 
4 519 688 1699 2087 -90.832185 -12.315405 -48.277278 67.002372 
4 268 1982 3028 3611 -19.379718 96.139918 98.003877 38.161928 
5 193 589 1672 1817 2543 -32.255622 54.642768 52.507212 77.910606 6.140582 
4 548 2024 2540 3090 97.442152 -42.959682 20.893685 -74.022482 
8 294 917 1025 1162 1815 2361 2919 3844 56.375815 84.164390 -26.094344 45.868780 -99.464482 -79.881884 -51.027288 -13.923161 
1 188 -0.868335 
6 1043 2496 3068 3148 3735 3905 -5.696169 -58.371137 -10.901602 -36.250960 -57.996682 -79.392885 
4 22 306 2503 3447 -20.731736 43.690834 -48.161829 -14.533038 
2 3473 3934 -7.494184 93.995559 
5 704 984 3149 3614 3771 -7.853603 20.697116 -46.960571 -7.027016 87.724789 
8 426 654 1172 1398 1619 2026 2393 2629 -29.068155 29.640174 -63.277926 -50.901032 -92.238977 -84.028623 -28.731683 4.237247 
2 915 1511 89.378906 87.847505 
2 1212 3131 -75.329807 42.605711 
6 318 2522 2723 3100 3196 3615 89.387469 -66.313700 98.026909 -2.800479 53.189303 -25.240175 
2 166 1076 -66.363533 -65.784654 
5 307 1483 1778 2460 2743 -93.440330 -95.118810 -77.251467 34.307581 -40.180932 
10 775 1080 1176 1431 1695 2043 2628 2637 2761 2804 79.078951 -39.160315 92.431163 -48.736257 -74.267419 -20.009644 11.238335 52.196871 -98.655724 -92.972124 
3 15 1819 3699 89.335270 -28.156737 -67.166395 
3 2734 3677 3894 62.033394 12.664009 -75.352687 
4 2652 3319 3537 3636 92.285115 -56.315936 -13.155543 78.604490 
3 964 1632 3488 -16.828112 0.641302 -95.447984 
5 348 633 901 3134 3344 -81.574303 -59.110278 -25.888791 -69.753622 43.612668 
7 201 777 857 888 2729 3120 3816 -38.877884 17.623201 -56.874934 -50.778267 -7.985974 -59.070981 12.007631 
6 339 523 858 1642 3764 3893 -46.532332 -7.127786 -97.597847 60.419262 -55.455784 39.959385 
2 408 673 -15.762370 -81.054434 
3 491 1172 3255 61.977210 51.726616 -18.347072 
6 616 774 981 1324 3584 3989 -17.199168 62.108704 46.466831 42.273985 65.368848 79.148443 
4 114 987 1771 3719 -36.373176 43.706195 -99.775361 -97.970480 
5 391 598 855 2427 2690 37.710083 61.537848 -73.947819 -5.613860 11.388896 
2 2325 2360 8.844155 -27.088895 
5 577 1228 1508 2367 3329 61.425780 72.245929 98.092619 73.284383 -7.750116 
3 1722 1846 2357 0.820481 -17.607564 -86.151221 
5 830 1661 2189 3149 3740 60.044021 54.192574 30.760881 79.434673 67.175075 
12 20 758 942 990 1358 2588 3161 3257 3449 3779 3871 3960 -66.433454 -95.488201 -99.308228 41.988645 -59.063234 57.251485 -67.914734 -40.769171 -80.328507 -84.161140 1.691791 32.792898 
9 110 452 954 1531 1985 3308 3326 3491 3720 -9.452480 -85.528010 81.686271 -9.107055 87.472739 -33.743578 17.598732 -28.478038 -1.005507 
4 129 715 758 3304 94.279422 55.509703 -47.453373 -15.441255 
3 864 1085 1386 36.069593 -97.152527 51.902586 
8 389 1278 1361 1836 2348 2785 2825 3056 -44.014768 62.237541 -8.997779 14.089950 69.034887 -67.092482 63.367314 83.334170 
2 526 818 53.740746 60.312192 
3 1928 3706 3929 -56.708169 49.287050 -68.895747 
6 670 1236 1451 2117 2803 3734 29.746330 2.159950 15.467663 98.838957 -86.168509 -60.407730 
9 285 463 674 864 1143 1403 2155 2874 3253 -28.859094 -80.575234 -17.053314 83.261135 67.620127 -83.960000 -10.632188 19.841518 6.294221 
1 1201 94.188222 
6 647 772 1412 1590 2035 2988 17.197214 48.728704 -45.459738 -31.617431 56.462389 24.740331 
6 159 699 2887 3136 3341 3776 15.688501 30.810778 -6.023593 -25.423164 -10.241906 -62.089814 
3 1880 2798 2840 -41.089736 -70.504576 51.747738 
3 397 2870 3888 74.135353 -83.869994 -48.182224 
3 2032 2941 3870 38.750972 -25.035026 -24.447322 
1 1893 69.454093 
6 438 1813 2037 2510 2857 3296 23.888033 49.606083 27.020842 -10.894883 52.462668 -58.893679 
1 656 75.938413 
1 346 12.863458 
2 1676 3577 6.401134 -77.288923 
3 178 372 439 -73.717640 -38.948159 74.233220 
5 859 1003 2369 3465 3832 36.844485 -32.217242 1.192809 -24.402116 43.448285 
2 785 2214 65.911393 44.958637 
1 3902 -24.332885 
2 1407 3913 -76.021563 5.518312 
4 22 2122 2792 2837 -8.708216 -31.811210 -18.185428 -12.364141 
6 71 862 1193 2102 2706 3299 -15.268686 -59.483558 -3.026104 -1.059880 8.229087 41.900555 
4 723 989 1312 2476 9.840248 -26.642083 0.084330 -42.302006 
5 1385 2814 2945 3478 3791 53.904476 43.714832 9.983338 -17.778453 -19.699983 
3 2110 2236 3146 75.135738 -91.991959 79.541464 
1 3579 -73.392696 
0 
6 306 947 2744 2813 3280 3482 -55.904519 -88.660128 -59.036069 1.927132 -27.758739 23.519613 
5 852 1030 1683 1865 3324 91.938457 -24.257149 60.475608 54.499638 -4.944749 
4 177 3490 3696 3907 -62.995380 0.238985 -39.326858 96.934953 
5 111 541 1287 2712 3304 -73.078291 94.099118 -13.630511 -28.342353 30.274741 
1 222 8.993139 
5 272 574 2987 3379 3710 -8.399812 59.347449 57.202831 43.985570 -19.635764 
2 944 3134 49.206016 6.136819 
3 663 924 942 -79.459172 92.139385 48.421152 
2 651 2168 -86.972506 38.403023 
9 1023 1161 1546 2017 2500 2692 2835 3633 3749 -90.855076 57.362039 -34.153957 37.518948 44.455774 10.123057 -89.010478 -50.807589 41.102237 
2 1483 1683 40.171423 -9.785162 
2 2614 3893 -19.542134 18.816271 
2 1833 1917 35.063177 -68.810675 
4 162 287 584 873 -24.234586 -48.557579 -11.093542 -85.434986 
4 1474 1533 1910 2676 -70.171812 99.217683 50.399361 61.791813 
5 423 500 544 2533 3083 -51.377928 -82.087724 20.007015 -10.938614 -14.094250 
7 485 593 1401 3065 3595 3931 3995 6.086334 -13.177271 -8.058273 -72.385006 26.595566 -58.400764 50.460694 
7 222 1060 1221 1260 1414 1527 2511 10.496845 53.800356 79.744257 -76.815720 -41.671005 -14.461511 22.188747 
2 1620 2323 -25.583662 -58.553705 
4 2031 2110 2926 3870 18.323665 -10.796905 95.808576 22.218053 
6 359 1067 2237 2348 2882 3239 -17.743988 -21.865943 -6.342947 -99.329153 -7.674235 77.359425 
3 503 1326 2169 24.119912 -5.643283 -90.778715 
4 1020 1161 2470 3888 -32.105132 -73.675006 -17.584692 53.593854 
4 1251 2225 3623 3951 54.819461 77.533330 2.290501 17.678304 
4 1166 2289 2974 3923 79.046539 -69.764377 48.555885 9.156478 
3 1064 1843 2655 64.240704 84.292689 -88.210001 
2 920 2285 63.492097 52.803498 
1 3553 84.366739 
4 439 441 1651 3942 -68.903863 0.445692 96.786975 -46.637497 
3 1518 2746 3707 50.494689 4.942202 14.101592 
3 2260 3316 3355 91.208791 -65.637284 90.715861 
5 817 846 2062 2322 2780 -51.561159 -59.436873 47.833999 -93.286438 -36.971933 
7 1019 1231 1400 2298 3078 3203 3548 36.140144 -39.922728 68.925699 55.572369 -54.477979 1.814255 80.023615 
4 889 1545 1775 3351 -62.964157 95.971889 -52.658313 -96.979734 
3 1166 2492 3276 31.636694 -54.610934 66.876413 
9 375 1675 1988 2511 2564 3131 3344 3590 3836 -41.261358 50.858949 -59.941368 64.823104 -26.356247 -29.584063 70.599526 50.904559 14.228579 
8 435 783 1775 2014 2045 2774 3160 3287 -61.981403 70.891341 -24.390196 -73.892224 -29.202515 -32.818066 -18.933246 -14.916711 
5 574 1782 2853 3039 3599 -13.940715 -61.333100 87.350365 81.712195 -90.974924 
3 18 674 2087 32.009595 18.046181 74.726847 
5 392 2232 2942 3243 3836 -25.217070 19.457306 -41.339777 -51.225844 -80.312812 
1 693 40.681985 
1 2895 1.716738 
5 130 705 2177 3836 3971 35.545076 -10.728339 -74.713892 17.976073 92.225834 
4 435 1240 2743 2882 -15.761171 -90.340150 -73.930202 98.683840 
6 293 1079 2409 3064 3087 3567 -71.864322 13.277517 23.431273 -26.936295 -3.427923 -42.088549 
4 993 2340 2690 2820 -88.297995 -99.157958 71.934876 -28.172189 
6 398 452 480 487 1033 1283 -97.807105 51.476551 -22.038690 -79.042029 55.117268 53.916373 
3 53 3298 3412 43.995021 -4.890076 -74.647003 
2 2644 2895 -58.206208 9.604234 
2 2184 3000 47.091153 -37.616946 
8 497 1687 1823 2587 2643 3541 3797 3919 70.417237 -9.207547 -81.125705 11.163721 -72.666323 -33.505884 -27.953802 -94.193441 
4 1240 2678 3540 3947 16.336655 -88.084123 -70.497615 33.557712 
1 2996 -27.852601 
2 1863 3503 62.517871 81.029966 
5 390 760 841 1341 2525 -98.686834 -80.954449 -64.336803 9.835610 31.820351 
5 633 1126 1559 2707 2822 76.290002 67.938332 -22.524492 -96.528061 14.721028 
3 101 639 3376 2.770856 -77.070037 2.677534 
3 125 199 1413 -88.134171 -75.153324 -27.607671 
9 911 914 919 1287 1355 2504 2520 2694 2882 -80.966330 5.385577 -25.395173 56.506057 -68.328486 -16.876066 -48.271255 77.712713 -74.641506 
5 186 576 614 1447 3943 70.241548 -23.382285 -91.354484 70.486564 87.868133 
1 499 3.076566 
5 1888 3169 3455 3692 3850 78.566797 -62.610782 16.711110 44.484859 92.087585 
4 436 2086 2176 2581 -27.512687 30.620315 -11.673905 67.992797 
4 1974 2131 3275 3838 75.914929 -48.996806 56.161263 39.833054 
2 1814 1867 -41.093648 18.551270 
1 638 -22.679480 
4 725 1014 1378 1995 -23.236647 10.656356 28.251510 29.952978 
4 72 2079 3721 3734 -72.678021 -10.721608 84.648789 -35.849379 
1 3394 32.608465 
8 225 272 519 1002 1732 3615 3641 3703 47.798328 -4.720550 -71.107383 78.385134 34.793518 -97.382868 -37.319011 89.189597 
3 1489 1904 2777 -12.576555 -26.860836 -94.495169 
3 652 2589 3949 77.156602 43.478720 -59.750243 
7 1582 1875 2169 2199 2257 2617 3484 78.014849 23.952699 -78.997136 -56.254690 -52.160033 13.390153 -36.317470 
4 1012 1155 3493 3624 -54.819330 -38.576420 54.553303 -58.749948 
7 353 815 1521 1640 2639 3188 3748 21.180468 -72.340392 86.053515 -36.752339 -39.501383 -71.405624 -48.517686 
2 286 3243 60.713618 -22.775673 
5 384 747 1153 1251 2192 8.169503 -14.377295 -30.045901 84.216107 99.087408 
9 24 103 440 1125 2437 3338 3399 3794 3802 -33.158873 58.724678 6.078751 65.386924 18.736114 85.658476 -49.330462 -45.439373 -52.509845 
3 334 1570 3276 0.879746 -62.028008 71.501649 
7 164 435 1016 1762 2184 2939 3302 -33.630569 -96.492361 41.592106 59.692752 -54.840760 72.672619 3.934333 
4 570 1800 2596 3643 62.593210 -12.370218 -89.866563 -16.958586 
9 554 671 2121 2265 2772 2913 3206 3613 3995 6.105574 -21.753503 27.050869 54.997218 -96.742425 -90.270211 -49.241920 92.083142 76.433924 
4 10 892 1067 2539 -59.326507 -31.322836 -44.395153 76.478458 
4 824 1240 1444 3637 35.677108 38.795560 72.166422 -98.424210 
6 1146 1638 1723 2252 2780 2962 82.168070 -11.122017 10.165531 23.799168 -73.155839 -43.414743 
5 416 763 1354 3493 3711 -99.377479 87.002869 52.318405 -88.636102 41.071489 
7 762 1223 1250 1270 1970 2878 3622 -5.989703 59.771040 -23.140890 -36.090858 85.692270 68.014383 24.763330 
2 488 569 -76.067940 -73.518833 
10 310 353 540 941 1383 1386 1437 2251 2331 3540 -53.686042 -70.616855 -25.778421 52.612295 22.022686 -78.424231 39.759237 93.074633 -19.470387 90.718941 
5 862 1672 2508 3070 3708 -24.694946 98.813051 -97.996821 74.985505 6.459716 
1 2061 23.261828 
4 837 1688 2384 3656 -9.334213 21.340667 -82.957571 -78.720456 
8 1632 2153 2288 2468 2790 3596 3960 3965 11.614735 -67.382288 43.719691 4.365497 -25.634793 82.048432 40.125051 53.035117 
3 162 2696 3216 10.196489 32.491909 -84.391425 
1 2744 95.385647 
3 130 1546 3272 90.407513 86.121801 -3.420258 
2 1845 3813 -73.403145 -37.369844 
5 395 1539 1847 1931 2143 -59.973354 -27.331748 -1.409514 92.761524 -12.280988 
3 377 1377 2250 32.779889 -62.763503 -47.566088 
3 3 2987 3203 43.807388 10.808624 45.295081 
5 787 1235 1345 2511 3122 -97.129908 88.956622 28.396516 26.118084 -35.421398 
3 1925 2895 3288 68.447474 42.711017 -6.213843 
2 840 3968 -93.041790 -3.935194 
4 198 1060 1086 2195 -44.383065 51.829131 23.202433 38.769648 
6 523 695 2648 2726 2989 3569 55.398110 -42.539257 27.320127 47.817624 -75.434089 -33.001324 
6 9 39 448 1095 3131 3765 -48.588470 -26.827526 -69.278682 -32.399691 -43.990541 21.869930 
4 68 792 2362 3995 -55.309601 -32.055677 6.406837 40.386780 
5 1507 1561 1596 1711 3483 70.592091 94.806235 89.958632 -39.716011 -89.633374 
7 88 1874 2565 2833 3631 3728 3931 55.630594 -24.599725 -13.476509 -31.477687 -66.768279 -57.013610 -16.608635 
5 323 1374 1542 3356 3682 51.282986 -84.929106 77.831932 -54.928484 -33.995577 
0 
4 1948 2853 3552 3571 78.477532 56.842403 -3.417992 -62.373792 
6 333 427 1464 3690 3734 3843 -12.291460 92.311824 -28.322189 -36.743108 13.520097 -10.906415 
2 309 2022 -36.858022 -9.517164 
5 1321 2212 2413 2576 3246 -32.781676 -34.081402 -99.560034 -7.396360 -7.112249 
2 2821 3398 21.131570 73.864235 
5 180 726 915 986 1690 -48.907127 16.356831 -92.416346 23.286979 -27.863389 
2 942 3383 86.548063 51.491509 
4 182 2186 2933 3642 74.908654 73.298847 -10.006798 -61.954310 
7 775 963 1013 1573 1927 2967 3851 21.063162 -4.714419 49.666237 -93.956795 -20.522919 -36.063877 88.651826 
7 1616 1821 2267 2322 2662 2856 3278 76.115024 -73.224221 32.417718 -73.095841 -24.132856 -95.292726 -82.484977 
3 6 17 3158 -22.166885 -80.116320 8.390526 
1 873 56.679659 
4 60 1767 1972 3702 -24.290233 -22.554529 67.566827 25.990065 
2 2770 3197 -84.126221 -26.326240 
4 314 676 2246 2372 -14.813240 -37.848688 63.435923 7.433524 
5 1606 1641 2355 2797 3950 1.274921 -36.041642 3.725242 73.480499 -97.914169 
3 334 427 3477 12.032969 -32.916529 12.037633 
3 720 2538 3737 45.926304 -82.097091 -59.688499 
1 3151 46.684339 
5 280 1009 1311 1649 2714 85.842643 53.139263 12.581164 -16.692990 -33.657205 
3 47 194 2140 57.966168 -73.021103 -65.934000 
4 22 1949 2293 2907 -37.463224 91.195111 -58.392952 32.618933 
9 334 441 754 763 913 958 1080 2494 3856 23.254969 15.278395 14.733154 41.409838 -6.397344 21.401653 -21.183413 29.993181 70.199594 
8 895 1185 1863 1948 2368 2459 2551 3223 94.448224 79.302712 79.939919 69.241610 48.508950 1.091523 -77.496783 -17.184075 
3 90 1750 2574 -93.555394 -5.403695 55.782646 
4 604 1240 3270 3699 -29.746500 -42.852287 -41.443097 -35.173726 
4 933 1424 2008 2426 80.509351 -5.973150 23.902572 -85.545851 
5 286 569 1020 2982 3945 -72.851171 86.245700 -69.514326 3.625363 -68.204871 
4 133 2183 2397 3267 -21.684896 -88.854472 -88.237759 -10.566213 
4 410 549 639 3594 -69.494965 -90.350661 -51.613925 65.072272 
2 2788 3908 -92.048168 79.759906 
7 544 1039 1721 1965 2269 2773 3892 -4.296781 -88.162666 16.172794 42.969647 -97.443155 62.048140 39.264347 
6 201 1224 1838 2395 2465 2529 91.726809 58.290797 18.491857 47.099692 63.967689 -31.371011 
0 
1 3112 -15.172788 
4 95 388 2017 3722 56.466162 -78.990867 -12.688465 80.041895 
5 2061 2481 2758 2993 3254 63.172391 -36.249596 70.699120 -96.048903 45.724335 
2 814 1052 77.378359 90.510360 
4 1868 2296 2422 3382 41.534759 27.896720 -10.095612 48.443556 
5 274 1509 1665 3296 3306 -50.642044 -36.767642 47.663960 40.481651 42.582765 
1 1486 -49.210549 
5 47 1415 1572 2468 3318 -84.717996 78.727909 -39.611414 -96.320473 63.523951 
3 94 1149 3185 77.849211 1.575310 -87.667967 
4 1025 2452 3306 3741 34.774896 -2.563173 93.794533 76.177352 
5 186 826 1026 2209 2991 30.293639 20.904258 90.418917 -26.391956 -58.964514 
3 81 2824 3414 -9.813528 -43.763478 43.603232 
3 1106 2727 3893 68.490922 -69.760019 -24.433990 
8 498 500 719 1994 2326 2603 2633 3370 -14.464800 -88.430098 -41.636956 52.954613 -89.112155 -76.873824 -2.179864 -67.653949 
5 1649 1830 2966 3093 3214 -12.371172 -46.161511 -29.495184 -89.066585 -79.642919 
6 696 901 1189 2130 2603 3595 48.386860 50.849521 -70.795277 4.254222 72.860410 37.977703 
5 1227 2238 2251 3274 3531 -47.948778 35.949769 -39.362700 66.902912 94.172602 
2 1319 1425 -12.967578 -43.322854 
4 345 1403 1829 3280 9.798251 -65.825154 52.516516 26.732489 
2 1643 2559 -72.041081 18.196848 
3 1758 2475 3610 20.727516 -2.286607 6.487786 
7 635 693 1039 2157 2385 3519 3752 19.813614 72.978063 -41.243674 41.371482 -63.252818 -44.456088 38.683463 
4 1795 2606 3041 3176 -95.290192 -41.858283 26.157260 -50.588582 
0 
8 157 1146 1179 1515 2231 3194 3936 3979 -62.810144 -58.563829 -9.083585 -66.771144 -97.919566 -75.377827 -93.216709 97.537379 
4 1150 1704 3659 3935 68.817380 -32.714502 -62.664753 19.698374 
4 360 1757 2676 3738 65.550747 -90.593462 -57.947083 66.363984 
5 304 1001 1070 1665 2540 27.515838 11.055022 97.036243 16.360257 5.142751 
9 275 553 854 878 1804 2301 2591 3328 3957 57.795769 -56.882052 -46.998373 -26.944283 71.800857 36.136610 -80.259465 -97.625182 -52.543176 
2 510 1101 -5.411060 2.924791 
1 2822 -93.437562 
5 197 457 1195 2922 3529 60.900651 58.754848 -20.951294 -32.463228 66.185024 
5 573 620 3353 3709 3989 -30.853287 -66.825367 -25.916418 10.945510 -48.459077 
3 662 898 2026 -72.519648 -63.142686 6.528623 
3 450 3838 3941 45.603119 -86.961218 10.968885 
3 116 1761 2409 57.348510 -50.792351 20.889894 
1 1620 89.028256 
5 855 1511 2466 3579 3985 -6.620713 95.240098 22.743316 33.270004 87.440540 
3 987 1789 1914 -3.265627 78.886090 66.133350 
3 250 497 2457 54.209320 -66.047308 -41.650752 
2 1054 2166 -84.021936 13.620609 
3 439 2378 3732 -80.441329 -68.480386 -13.580833 
5 400 599 2297 3612 3709 9.985885 98.154037 -17.386928 -13.993872 -87.214423 
0 
6 739 1017 1125 1640 2512 2816 9.476290 -87.852592 -64.038703 -98.322195 -16.768230 -24.661000 
3 2762 3490 3498 -3.868535 -68.926157 45.516572 
2 1967 2839 -64.073949 38.702996 
2 977 2938 -38.555410 -80.814263 
10 550 928 1502 1588 2008 3322 3343 3567 3615 3910 -9.115471 -59.600933 90.193496 -19.464537 -20.090825 76.118233 68.628691 96.047335 16.442063 -91.692965 
5 323 789 1231 1629 3183 -57.926311 -55.622652 41.003909 -51.802318 -83.334093 
2 2750 3527 59.826283 44.763956 
1 2852 -96.126688 
0 
8 759 889 1507 1981 2681 2854 2907 3603 76.491635 26.221753 -21.061263 -47.042253 85.269917 40.435321 18.684833 41.941271 
4 1300 2092 3157 3267 34.374658 -27.096096 -68.060315 54.794875 
4 104 116 505 1277 90.171742 4.557640 57.715805 -2.974619 
5 824 1205 2417 2457 2504 94.656375 -34.355229 -40.200575 -15.689153 22.965638 
4 923 2518 3030 3948 -39.613574 -63.206377 -2.278190 -65.545281 
6 628 686 1742 2586 2678 3492 72.475602 -9.850092 -50.573292 -49.745264 -15.273153 -39.150360 
7 1105 1357 2453 2518 2599 2882 3750 -70.429214 78.515025 12.144985 -16.576638 6.779704 -85.266539 41.356071 
7 165 1921 2416 2604 3044 3570 3666 -27.571377 -53.050047 44.661800 6.578299 58.297567 34.142249 -58.452632 
5 903 2139 2815 3188 3986 8.487958 -14.291158 -76.850086 43.816756 47.052327 
6 134 691 1722 1802 3242 3322 33.865727 73.674334 77.093311 -33.255146 -60.365707 81.467836 
5 244 2730 2962 3104 3836 -5.909952 65.042487 40.756270 -90.032153 -8.120645 
4 840 1122 2824 3600 14.383455 -29.586165 -76.914743 -10.212534 
4 275 1037 3391 3677 -9.484346 17.310777 -98.246644 59.040737 
2 576 1014 -47.397818 -87.731725 
6 365 1121 2323 3650 3799 3979 93.789422 58.033232 84.534783 73.632871 -82.188449 5.215637 
2 2965 3902 -54.723642 37.370988 
4 608 1191 2500 2975 43.518938 13.513148 7.579976 -65.918034 
2 2812 3876 -78.899879 77.992044 
11 22 199 738 922 1034 1794 1818 1973 2298 2756 2768 29.974605 44.084853 -41.663112 -12.563545 94.437789 -49.408734 -38.760493 -72.071952 77.050481 -81.339425 -5.188077 
3 292 712 2781 85.694898 -68.666118 -52.761167 
6 171 825 1462 1764 2631 3502 -28.184710 -31.752571 -4.862859 49.328344 -47.585073 -6.402409 
3 3290 3828 3842 -37.417216 85.824612 69.769332 
9 552 664 693 1343 1503 2514 2910 3008 3493 46.330326 -49.877269 -74.344408 14.890312 -87.993778 -0.055018 12.839793 -71.015352 -36.490826 
7 393 616 1550 1728 1988 2573 2855 -16.835170 -81.773631 65.201617 -32.233782 -56.861668 -8.920101 -14.435225 
7 250 1222 1227 1545 1839 1932 3678 51.671465 -89.129621 76.882924 -66.924888 98.777921 45.642708 -84.935919 
3 2452 3063 3550 40.046971 52.601859 7.399327 
5 2362 2894 3145 3309 3768 -62.480616 -66.971776 -82.558457 64.090902 -38.038863 
5 581 1396 2543 2717 3708 -0.389084 -18.852902 98.885099 10.155756 -28.372659 
4 1602 1632 3249 3973 68.302184 -77.077519 71.523470 -31.030187 
5 576 2189 2970 3044 3274 27.334016 99.225219 9.409565 -77.406878 -1.150803 
1 1896 5.447902 
6 423 485 890 1987 2049 3200 -62.293038 1.312913 1.737575 2.875185 -53.517187 -19.341151 
3 841 2132 2156 93.177867 95.452635 -7.331379 
4 74 384 1676 2461 19.818846 34.393377 -43.577954 7.044312 
4 2782 3141 3436 3640 -85.797929 77.772205 -44.612855 -53.838888 
4 203 712 1891 2412 -31.443480 -52.807021 -85.747688 27.850114 
6 32 1514 1930 2910 3813 3889 -86.923024 64.050176 91.295735 65.793546 -11.892294 48.137622 
3 137 693 1828 -50.050890 -5.656103 52.649522 
4 590 661 1128 2377 54.902745 26.194573 44.245435 -64.444855 
5 54 709 1524 2333 3647 65.346307 38.553191 -29.827730 -48.933807 95.000705 
4 1399 1421 1584 2672 -15.788898 -52.031691 -1.378231 -6.352856 
4 752 775 2179 2287 -41.528466 -52.696583 50.349431 51.839264 
4 207 2941 2990 3720 -29.060305 -10.381081 -79.974159 14.345056 
5 160 317 679 1582 2678 -97.709246 59.760002 61.566274 -61.890280 15.886845 
5 994 1066 2185 2455 3293 -54.329189 -85.331384 19.204223 -92.844186 30.566259 
4 220 789 1470 2426 54.250589 -91.346009 2.837794 35.836691 
2 143 1960 -86.599383 -62.095698 
2 2843 3100 8.079581 0.178437 
3 547 1138 3367 64.349099 -89.922247 -45.429480 
4 951 1298 3443 3734 80.394733 -39.238159 84.474273 -75.871592 
4 174 624 1307 3704 -76.810139 1.959117 29.666046 43.698979 
4 254 2953 3578 3938 76.417183 -59.881839 59.141563 -77.227964 
5 1157 1711 1996 2221 2326 28.663405 -88.281466 -2.074968 11.011728 -28.211783 
3 1218 1478 2130 98.579182 -27.137752 66.226837 
3 826 2016 3255 -91.536274 16.622445 83.733099 
6 663 682 1575 1640 3010 3774 13.677372 88.487009 47.532366 13.007534 58.001799 -43.913837 
6 697 993 1019 2608 3068 3152 -26.390604 -74.168210 97.910987 -3.888924 -64.828651 5.660990 
3 654 1217 2679 59.812886 -6.236121 -48.214943 
5 185 410 992 3288 3879 -4.562423 56.836127 -13.245901 5.755092 72.826834 
4 936 1218 3399 3761 -11.527980 -25.980100 -88.742875 -27.776501 
6 806 1285 2052 2496 2906 3860 61.274040 91.424606 57.039274 -21.337338 -13.039918 14.482338 
3 1855 2149 3785 -45.250257 93.445334 -78.521214 
13 202 601 744 787 919 1332 1489 2698 3215 3322 3531 3851 3885 -30.533447 96.174360 -49.865569 78.054007 -18.053358 41.434893 38.632242 40.080643 91.660201 69.792587 22.095839 -67.056081 -67.130421 
2 731 3744 91.885565 -81.174639 
4 1769 3099 3752 3923 72.602378 91.957791 97.190557 86.461869 
1 590 49.821389 
1 3966 -17.016113 
1 3599 25.780880 
7 769 1670 1883 2254 2322 2344 2711 -6.950348 -49.540791 52.946364 -57.306553 88.159664 -15.540535 23.681812 
3 2960 3448 3487 29.897703 -62.506943 -24.352841 
3 380 1239 1880 -21.841524 -5.593715 -53.869238 
5 1834 1901 3662 3695 3826 96.068933 82.308425 22.309534 -81.866807 15.275105 
1 2569 -65.261339 
3 1158 1271 2446 10.327806 -11.484348 83.666650 
3 656 1863 3457 -81.855216 -65.656611 -77.999633 
8 433 504 992 1593 2216 2838 3361 3893 -14.565149 -20.220709 61.751590 -24.311825 88.470431 -22.828457 -39.373780 22.620991 
7 53 1435 1767 2289 2535 3574 3830 10.660281 51.342202 -50.782615 -39.185370 -15.321984 97.351090 -38.519791 
3 659 2535 3903 -72.883021 -57.826994 -36.783255 
7 1091 1170 1602 1771 2072 3038 3835 81.479597 75.324580 46.109406 -13.132894 95.177277 -35.786390 39.264888 
4 2030 2068 3232 3867 -64.113956 2.519713 -0.080752 16.553467 
3 971 1791 2274 65.475349 -21.843283 24.225771 
4 2350 2412 3757 3802 96.478376 20.579147 -34.322887 47.780087 
1 2339 57.672850 
5 628 1170 1710 1729 1939 -28.803269 -1.613184 -64.582102 99.930743 -88.435218 
2 1905 2890 -0.518292 11.463955 
3 1597 1860 2540 30.768125 55.173491 -71.603821 
2 1335 2485 -80.675131 -45.823080 
2 302 3610 49.659754 -57.021387 
1 1182 6.412379 
5 1381 2336 2467 2690 3253 -54.573327 89.769413 -71.104751 -4.547725 11.213159 
3 161 987 1687 90.443814 -68.481018 43.890322 
4 1003 2452 2532 3501 -4.610085 -91.153482 47.753025 -12.505961 
6 391 998 1327 1972 1999 2235 -10.650323 -12.255417 91.734283 -52.372461 -60.385468 -41.141971 
3 637 2130 2584 -85.419235 -23.998504 -99.189761 
2 1285 1686 -16.677270 -76.672502 
6 560 1525 2173 2345 2522 2931 23.067484 6.507655 -69.540018 -41.829094 75.892069 -4.812725 
4 220 471 779 987 30.634871 -5.261127 -48.302328 -67.127771 
4 172 1244 1387 3563 -9.916933 12.242810 79.192118 -39.226256 
4 805 905 1544 2973 79.017385 35.648888 71.994281 0.089354 
6 981 1529 1756 2499 3048 3059 -8.711719 81.534032 68.106411 -68.377517 18.103118 94.065213 
4 1761 2119 2209 2485 -11.894359 82.596504 -88.098500 -31.205272 
2 1942 2191 -37.414579 -46.823693 
1 3684 12.240152 
3 420 1106 2332 86.836275 29.156754 -38.180730 
2 472 1349 -72.533224 28.388641 
6 1404 1717 2270 2736 2828 3636 11.554056 5.747025 72.972146 -0.415026 -14.548814 -54.568276 
2 2074 2980 -62.674093 -39.986337 
5 240 1764 2136 2378 2954 48.155199 15.429111 -72.701422 -68.561895 -6.130143 
4 902 2175 2188 3236 -55.922594 35.067101 -80.313722 -99.693531 
4 1143 2302 2895 3881 61.392382 88.058473 -26.955284 99.987751 
1 737 -65.474007 
4 483 2899 3170 3380 30.036237 -44.526992 -21.694126 29.435430 
2 144 1022 -18.658211 -6.900766 
4 527 3027 3240 3720 -91.982615 -68.267151 57.859428 0.642388 
4 848 1490 2600 3764 -66.979754 -71.659389 -26.165780 -62.522261 
4 654 1827 2117 2567 6.372522 23.282465 -89.124446 60.664005 
6 2451 2914 2935 2949 3508 3914 -26.489804 -69.761043 86.694226 2.176607 50.272754 98.668964 
2 2669 3382 64.407272 57.540623 
3 71 351 454 27.309378 13.719519 76.751607 
5 35 958 1235 2659 3630 0.685452 -81.045331 33.759754 -91.774205 70.687219 
5 922 1087 1302 3288 3410 -16.762395 54.483134 76.128856 -12.182169 72.399927 
4 1815 1866 2054 3264 -23.971466 41.955938 -17.426516 -71.053848 
5 654 1825 1969 2182 3718 75.169408 -52.141844 -64.278470 67.581896 -17.341293 
1 996 37.800048 
6 385 393 544 1455 2392 3230 -85.669581 78.483614 24.190511 53.165135 -76.040572 -83.492160 
5 1014 1040 1324 2559 3319 23.204200 -49.346513 -76.924839 2.710214 98.755031 
4 546 774 799 876 54.389001 21.818607 58.321042 -16.527704 
3 411 3559 3562 81.278284 -57.423023 9.260258 
1 3802 -5.462217 
2 1861 2745 81.998909 34.665026 
3 311 806 852 39.726262 89.639698 36.249901 
3 7 797 1489 96.477774 16.065793 95.889754 
3 1509 1939 2996 -86.369406 -27.613591 -18.398141 
4 605 3713 3771 3903 0.406763 -36.591565 -43.030741 -35.144038 
0 
4 211 605 1572 3034 15.875440 21.383890 32.998614 -74.642718 
3 361 709 818 2.491268 -60.388171 52.102182 
7 14 1093 1948 2553 2591 2640 3694 -43.789862 64.417240 -25.314190 19.450617 -79.740567 25.392426 -21.426899 
2 2346 3943 37.810891 -79.784655 
2 490 824 -77.595174 42.587510 
5 1293 1643 2034 3349 3849 41.238663 81.085570 53.926563 -57.058251 5.268823 
4 241 1399 1564 2596 -89.123772 -95.590575 -8.556627 77.612439 
4 1489 2385 3357 3452 25.740167 59.452525 9.832218 -57.652227 
6 42 469 1766 1803 2181 3977 18.727787 -40.676431 93.406440 63.359385 73.037406 -70.248095 
5 955 1104 2039 2811 3343 41.338254 -62.333525 62.109314 -18.035157 -41.786625 
1 1728 79.514446 
3 2861 3686 3762 -93.522333 -96.751889 45.019414 
3 675 1301 2977 82.343459 57.759189 -13.194796 
0 
7 70 423 718 2155 2443 2882 2977 -99.140566 -16.967395 39.537847 -15.072621 92.548982 -80.853731 28.105049 
5 312 513 993 1276 3549 68.055303 47.381452 21.097088 -43.232613 94.661636 
6 1263 2469 2497 3416 3918 3982 71.186116 -3.830098 82.944555 -48.374435 -58.684952 40.863447 
3 190 578 2054 -7.706096 75.977800 -40.217754 
2 2038 3073 67.491211 70.873484 
3 3136 3542 3981 -95.703423 -24.561136 47.139635 
4 406 2007 2063 2118 60.542048 45.336156 75.334507 10.543320 
7 61 564 627 1295 1357 2957 3286 -13.367199 26.108632 14.130691 40.960893 -30.345537 -32.912179 26.201852 
8 1032 1634 1824 1877 3066 3578 3663 3714 98.597579 -16.303457 36.223916 87.036929 11.743977 -79.898890 -85.346320 38.864386 
6 194 765 865 1547 2306 3652 -69.420070 41.247367 -25.696722 -99.810512 -1.925443 16.214704 
1 2115 -2.740374 
4 1602 1653 2891 3712 -3.839240 82.018332 -74.098778 -45.315091 
1 461 87.400896 
7 269 621 886 1128 1414 3283 3468 42.126020 29.122959 14.364772 67.657141 -87.845150 -17.624164 22.352411 
1 887 40.277328 
5 732 815 2278 2724 3447 6.617637 27.065807 -70.373301 -24.073582 -24.035598 
3 856 1505 2757 -36.765892 12.066020 -47.248685 
4 460 1841 2132 3209 46.155030 35.582601 50.290267 -62.149067 
3 1257 2411 3459 14.621623 -21.308035 11.000171 
4 1964 2391 3371 3948 14.828753 -83.629943 -55.370333 -78.820053 
4 2435 2972 3636 3998 9.773803 -18.307157 53.132535 -72.764296 
3 1553 2541 2901 95.472033 94.798700 1.185309 
3 2192 3491 3912 11.722124 -15.870626 94.618215 
2 1227 3653 56.503397 -64.548267 
7 917 1216 1514 1865 3429 3603 3872 -43.196874 -83.102094 -86.665767 52.437158 57.944741 -6.440739 -78.088505 
8 100 173 743 806 1100 1926 3342 3360 -70.684124 -56.894964 -78.395105 -90.190163 24.474232 40.900006 5.352974 -24.759804 
6 503 709 1994 2985 3717 3950 -91.823844 -6.881396 44.331570 67.249052 67.657138 -22.803938 
2 2315 3345 -64.775752 -30.769177 
3 1861 3063 3075 -97.989676 -51.559920 -58.993372 
2 1387 2745 54.237928 40.611076 
5 1034 1895 2552 3222 3541 -37.122533 -35.955656 -58.171259 8.751543 41.996149 
4 754 820 1461 3241 90.854569 53.313988 -85.744541 67.545233 
6 265 1844 2249 2542 3530 3682 56.595269 -25.823297 50.064844 99.111381 58.504362 -62.010167 
4 638 1099 1759 2284 -64.041729 -65.522589 -12.033801 -38.524303 
4 244 1551 1871 3547 69.567756 -88.548901 29.216590 -30.858776 
2 232 1532 -51.931201 -27.589636 
7 904 1428 1560 2787 3075 3861 3974 -57.817009 -5.312299 -11.005871 35.332303 -48.952547 79.484049 95.298297 
5 460 1149 1590 2144 3941 33.746421 -75.195538 -92.357308 92.344183 97.806091 
4 2016 2160 3511 3686 -20.407172 37.156650 13.199658 -77.758997 
7 61 414 673 1221 2011 2542 3529 -38.389303 -36.187796 46.782569 -67.816330 -77.239950 -13.827671 -30.605569 
5 760 1541 2035 2373 3209 28.971007 4.806555 34.297280 70.077619 16.180252 
4 1323 1749 1993 3037 -98.489961 -9.973787 52.445108 87.434537 
5 7 1651 2130 3069 3853 -86.870484 -19.749042 11.743729 56.439832 3.156458 
7 174 1016 2135 2568 2786 3364 3432 47.847039 60.259856 19.446438 37.743424 -8.513239 98.654400 -77.768970 
2 2183 2662 82.846136 -27.100828 
7 706 722 1221 1234 1493 2075 2873 -83.242279 -40.281791 7.047293 77.130950 18.838769 86.241028 98.671389 
3 1208 2204 2533 -80.713426 91.800067 87.391650 
3 1343 2470 3133 1.767114 -61.593193 -31.948109 
8 86 666 723 874 2500 2822 3560 3973 57.391441 49.197815 77.367663 -62.943393 -14.798151 85.822158 -59.411178 -34.394745 
4 174 2573 2574 2817 35.185473 4.910000 -29.458223 52.332709 
4 116 1423 3334 3626 18.725943 -77.921543 -94.664747 -1.571144 
6 104 668 1408 2057 3563 3714 36.802895 15.995439 -42.787197 66.589012 46.200316 80.606311 
6 992 1292 1375 2892 3284 3329 -54.108266 65.432088 -33.572745 -18.816109 63.387858 -20.121792 
6 979 1185 1705 2404 2844 3163 -98.072463 -30.876925 -18.380837 -16.173140 -55.273834 -14.608522 
3 828 1371 2427 -66.709419 -35.747826 99.298951 
7 602 1134 1350 1872 2046 2051 2723 0.368750 70.048725 81.778337 15.480059 61.647613 -11.314750 -82.656422 
2 530 3541 53.833525 -69.160038 
3 651 2576 2881 77.949221 -60.240793 -20.829143 
6 2143 2777 3045 3071 3246 3753 -28.503899 98.167808 48.315159 -44.369293 -4.571788 -70.786353 
5 1406 2113 2599 2743 3706 86.111529 -1.652898 36.701078 62.889372 74.961074 
7 264 818 1216 1437 2129 2793 3245 -95.493981 -72.568724 26.177933 28.271070 -45.222831 85.433064 -67.100962 
4 1725 1883 3136 3861 75.690665 -46.733034 61.341887 54.324577 
7 1797 2468 2627 2715 2726 3485 3506 30.391244 43.902989 -4.510563 -2.850159 -61.117070 -4.043324 -18.700403 
4 645 984 1300 1396 0.642415 77.399219 -8.320933 -30.867585 
4 891 1213 2906 3364 -46.361872 -31.445440 95.623800 -6.130097 
4 592 657 1494 1584 40.711912 63.483882 -4.979065 -3.966908 
2 141 1082 48.198131 97.752903 
5 1453 2004 3047 3349 3621 -5.061902 -40.780153 -40.717364 -27.592133 12.342329 
6 68 370 796 1207 1840 2703 5.955092 68.929210 5.694455 -18.757097 -86.465165 -58.747066 
4 1705 2151 2717 3011 44.574962 -14.846736 12.508583 1.566646 
6 139 896 1026 1696 1928 3343 23.341589 40.804372 -64.155649 -37.240461 34.902399 21.134897 
6 17 21 786 1548 2413 3708 -1.399312 52.909601 -21.384256 79.887387 -73.880290 -55.544594 
5 264 1396 1880 2369 2550 -64.322318 -10.751624 60.289182 69.453579 58.869282 
3 3002 3224 3276 -9.946602 -34.818826 -71.017237 
6 1450 1708 1847 2501 2544 3444 66.151330 -0.384854 86.380190 -35.758208 7.765264 -49.638810 
6 157 211 644 1040 2205 2651 14.684628 20.091166 21.270340 44.287470 6.744634 -1.207441 
2 1113 1848 3.375466 38.294268 
7 1042 1481 1677 2207 2469 2805 3744 -51.976227 -69.594931 -92.289109 42.365230 -16.709871 -24.751627 -95.342950 
4 2259 2435 3059 3399 65.611298 -19.464251 -8.083459 -13.598135 
7 426 680 1012 1108 1300 1404 3622 25.756408 -71.801609 6.799932 40.066234 45.327612 -81.977498 41.299087 
3 888 1600 3378 58.484491 -27.133500 56.074322 
0 
2 1217 3108 24.818604 77.355012 
4 1376 1470 2156 2444 26.458702 -2.877970 -17.008452 69.119596 
1 1386 49.493305 
5 527 1621 1965 2081 2283 0.686667 94.568549 34.237944 -51.640711 -73.707389 
2 1326 3931 50.734753 -63.693078 
7 126 167 586 766 2368 2725 3501 86.628916 68.682700 -18.342592 60.884536 93.272026 5.174481 42.694983 
3 1240 3417 3811 -23.787930 24.794834 83.764942 
5 551 717 2003 3375 3484 52.223202 -80.145950 40.245668 -5.874073 20.573659 
4 282 1390 2369 2939 31.400688 -51.350090 -60.808340 98.228388 
6 472 635 702 2482 3345 3567 22.943990 35.976418 68.981492 -43.047941 98.202882 -39.157470 
5 2421 2779 2800 3123 3952 -94.206373 29.395662 -11.237876 18.923376 -64.692874 
1 1653 32.566454 
7 97 1281 1998 2026 2992 3072 3687 66.684705 35.688468 74.343484 -8.316310 -10.514236 -81.630635 87.712829 
4 2814 2967 3297 3892 75.887165 -54.264959 5.272865 88.793332 
5 326 978 1328 2082 3930 -54.382502 -2.981761 95.778255 -28.908691 -22.110533 
5 51 1104 1942 2613 3823 -63.669211 3.967190 -6.947857 25.188644 38.837866 
5 627 886 1276 2555 3849 -53.728146 -30.310437 -76.468558 81.816267 52.537828 
2 841 2955 -93.373514 28.109412 
7 1257 1700 2184 2306 2642 3084 3966 96.231095 -88.892418 86.988607 72.142954 -92.567865 38.323609 -51.042702 
4 57 791 925 2718 31.097985 -7.761590 -99.234641 -96.703951 
5 362 1445 1826 2109 3626 46.321040 -46.394015 32.218218 36.549625 0.123395 
4 66 179 683 1009 68.506845 28.103116 -45.917893 87.003829 
5 774 987 991 3286 3465 69.824576 91.667871 -95.160267 45.281809 41.683098 
6 1050 1147 1581 2345 2399 2568 -15.098138 33.749054 37.108725 96.712784 -60.264821 25.042167 
7 333 695 785 1261 2548 3149 3328 -89.620565 -19.280911 13.832428 -3.160775 90.176485 10.771320 14.831011 
3 468 2408 2568 -72.502598 -64.088041 36.271790 
4 1391 2289 3622 3720 58.306110 -0.625828 45.936216 -98.041454 
6 790 1065 1300 1880 3500 3719 65.935470 75.577385 16.627018 86.578246 32.678502 45.682528 
0 
0 
5 121 694 2371 3034 3061 27.190763 48.027140 -66.486694 51.201421 -6.654705 
6 218 1553 1592 2539 3269 3422 69.499961 93.230929 52.086606 12.039439 -73.773213 -29.331788 
2 3 2787 88.933265 31.547747 
8 153 1333 1889 2778 2792 2849 2898 3280 -26.425565 -83.881118 40.275876 91.157069 -28.002680 -61.429857 -78.459146 25.148777 
6 193 982 2271 2346 2410 2583 39.507974 -36.820272 -40.293002 41.786802 -89.103212 3.937691 
4 683 1067 1878 1890 87.190554 22.160049 -30.097251 12.330467 
0 
1 3856 6.256469 
2 1318 2389 0.719355 -34.484037 
6 300 1073 1449 2448 2777 3864 24.756667 11.636141 -16.340391 69.205248 -70.543258 -45.056836 
5 1384 2993 3247 3287 3385 92.706054 70.883518 -73.810421 -86.249127 39.827305 
3 3309 3694 3762 -27.729309 50.225213 -78.602873 
6 402 604 841 2262 3196 3245 -78.144331 92.663939 80.696925 -5.505543 4.254235 20.117507 
2 732 3574 -30.280061 -90.885302 
5 738 1397 1581 2586 3782 -68.064917 -17.832724 -47.326093 -75.398410 30.234857 
3 142 512 3158 -70.847975 23.320077 22.801978 
6 458 1164 1915 2374 3636 3947 88.527914 -89.549365 14.245941 25.108218 53.426030 -14.185811 
3 479 1199 1224 45.706339 43.101645 -9.346639 
0 
1 3054 -39.127136 
1 1397 68.125194 
6 968 1966 2554 2919 3569 3706 94.726822 45.460120 -95.024491 68.893944 -80.040195 89.805455 
4 2038 2433 3361 3647 -47.941575 -94.785592 70.990961 -43.715093 
4 44 303 482 676 -17.367103 93.219836 94.200257 -35.259484 
8 188 464 847 2087 2326 2846 3573 3687 -1.169171 22.642284 10.180442 98.104297 -90.709980 -79.187887 -68.859120 -23.449744 
4 868 2092 3240 3921 -90.387107 37.698592 -56.364968 -25.923476 
4 1275 1919 3615 3825 -86.509394 -55.873200 -33.820549 -87.762532 
4 2152 3063 3229 3372 19.121327 61.295409 10.131996 46.551852 
5 918 1334 2286 2811 3089 13.166112 84.507499 0.568095 30.828286 42.451418 
4 331 833 894 3083 -76.886189 6.556038 -70.864678 22.420799 
3 1212 3068 3348 40.127958 -65.659953 -36.914213 
8 2395 2407 2423 2795 3024 3374 3495 3776 -48.831884 -68.748334 -39.561141 -36.727968 35.110582 67.441303 -78.426015 35.841143 
8 545 630 1262 1737 2591 2686 2845 2870 21.382981 -60.670693 -65.474585 -77.390590 3.967060 74.410937 -13.136400 45.133371 
4 1260 2485 2976 3857 -95.980215 -7.574113 -63.369451 -51.324981 
4 1296 1989 2375 3056 -55.406136 52.353517 -76.772404 73.170253 
4 1292 1522 2497 3981 85.793958 -14.795179 23.374811 -99.498466 
5 841 1352 1746 3266 3784 -14.501186 -73.981293 88.060889 -33.847535 -57.722899 
3 1114 1828 3663 -46.979183 -40.589561 -31.929883 
4 1044 1354 2619 2974 99.875151 34.195255 -19.995420 -33.860836 
4 1063 1624 2333 3662 -92.255356 -3.831739 -79.170750 59.268691 
5 16 771 2733 3157 3816 17.795989 98.921510 -2.338851 17.050693 61.713917 
7 1055 1255 1967 2616 2694 2930 3688 46.996339 -22.155399 -41.440678 15.437057 2.687667 -14.663475 99.924782 
5 801 1586 1892 2689 3397 -12.345866 -80.209539 -2.243283 -33.201834 -38.311382 
8 586 691 884 1148 1578 2431 2969 3366 40.373351 85.650068 -30.411551 -67.336571 92.485386 3.232745 78.393891 -47.468892 
3 493 695 1888 -44.796713 -1.804957 -56.046337 
0 
4 366 2103 2854 3345 33.763158 66.604244 98.703642 -2.013491 
4 1621 2170 3059 3185 2.274443 36.139243 -29.130501 -66.304351 
2 516 1030 95.855192 14.437156 
7 56 1125 1553 2919 3113 3223 3739 -43.086689 -89.230921 10.263305 8.839840 11.770711 66.833118 -6.827146 
6 423 486 996 1746 2328 3851 51.722217 33.770147 96.731182 16.896486 27.357690 -66.573103 
3 2417 2443 3132 -78.688591 30.130013 -89.965531 
3 721 978 2138 34.623999 65.830368 51.908527 
2 1258 1621 72.138686 36.259577 
7 2124 2236 2265 2519 2663 3032 3670 -53.506535 -88.455068 81.921356 -68.794241 66.871741 13.878691 30.221740 
4 1282 1587 1766 1884 57.464960 -82.949218 -62.505758 -58.670638 
4 690 3125 3386 3889 57.651938 89.349843 5.297626 0.170568 
3 511 3326 3567 3.958881 -94.117259 -11.564601 
2 414 2465 -38.581492 29.653291 
5 745 904 1566 1662 2248 9.687992 54.997350 49.410677 -67.183937 -8.321826 
5 549 755 1721 1917 2511 67.671839 -55.131000 -90.367740 -36.218234 -40.727276 
5 250 315 1446 2523 3913 -89.429324 -44.315308 -95.267227 95.524306 -58.706312 
6 59 786 1464 1820 2319 3637 -23.288050 -1.672185 -98.081878 16.167468 -85.567842 -69.416473 
3 964 2132 2369 47.687774 -77.113778 80.419354 
6 600 871 1170 1407 3114 3230 -6.031145 -15.854740 96.038409 33.561714 95.465156 62.832969 
3 484 655 1591 44.393130 -61.490327 38.559607 
6 244 250 720 2281 2832 2867 -29.622333 81.619392 66.111634 69.260152 -28.274659 54.060700 
2 1674 3036 -21.919991 39.716548 
7 29 430 1376 1655 1893 3644 3659 87.523906 90.140279 82.062470 27.687120 -3.484797 -69.151167 77.615287 
2 657 679 -65.210902 28.213399 
3 2472 2829 3827 10.527737 -48.135858 -80.003983 
4 1185 2835 3037 3264 -48.786852 -51.258480 58.306460 79.324949 
4 827 1465 2954 3564 -34.718892 85.805887 -83.385723 -33.191447 
1 3284 8.993325 
3 706 1065 3965 -88.561884 -17.005553 27.803248 
2 704 2615 60.404591 -65.241102 
3 1606 2430 3114 -81.880315 -28.504504 63.760151 
4 561 1513 2096 3954 -74.546282 41.246736 -0.511896 -82.605079 
8 61 358 1087 1515 1570 2877 3182 3744 -78.930853 8.605735 96.535390 -2.343818 83.181361 1.133867 39.609083 16.053033 
8 499 1213 1700 2249 2433 2470 3269 3691 -59.988770 27.721016 -40.246809 -39.477895 -51.252171 36.518249 -99.181842 -59.089115 
2 895 1337 -79.223232 -27.138199 
5 151 598 2017 2135 2373 34.550141 -45.467920 -34.754885 75.533815 36.595227 
3 1182 2060 3192 -3.680328 -16.732222 -8.970229 
5 403 867 1750 2411 3865 -14.993857 -92.631388 61.382613 58.074357 -51.752582 
2 646 2170 -37.053534 -61.346172 
3 1396 1874 2507 37.982328 42.199063 73.136973 
5 1009 1782 2093 2885 3896 2.902526 92.960058 -0.596852 97.582465 -57.227620 
6 239 477 1610 2232 3898 3910 -51.063817 -44.744323 49.042940 40.448374 32.428083 -24.718120 
5 316 1033 1116 1881 2798 44.435829 -90.768604 50.260753 -15.543906 -82.687305 
4 178 2018 3035 3854 -99.213081 -95.364360 86.035204 83.318609 
3 102 679 1440 -57.995426 89.518260 77.308567 
1 752 20.588494 
3 1508 1802 3960 72.457747 16.142083 30.631108 
4 427 520 3307 3464 31.837703 -46.569737 -8.254171 -51.486014 
2 1569 3196 -50.960142 92.038511 
3 1234 2013 3835 -82.368265 81.438233 -3.446217 
4 135 1457 2949 3812 21.214567 95.720897 -47.312738 1.258745 
4 148 753 1737 1970 87.094499 -38.133758 -79.420644 -54.761434 
1 3032 -6.458073 
5 441 792 1844 2340 2989 7.060134 -48.582302 17.485185 -93.161655 -17.700893 
4 121 2129 2236 2702 15.726908 64.494613 53.055931 84.706627 
4 287 463 1611 2849 14.120215 -20.006447 -75.889777 -23.037471 
2 2536 3354 -83.899848 54.567264 
2 548 3710 22.852722 63.283612 
6 171 403 761 840 3124 3828 46.344164 18.432122 -81.913909 97.408533 27.898971 -28.210359 
3 992 2562 2661 -5.986234 76.956465 -49.587844 
2 1574 3285 -9.276239 -25.663997 
10 426 971 1491 1627 1747 2075 2124 2138 2575 3691 -51.298943 -2.580923 -67.965748 -66.209628 -9.524163 31.916203 84.133667 75.063868 13.649333 -29.596173 
6 274 314 1177 2705 3006 3677 -73.376392 7.011535 74.488747 35.212287 -61.900065 49.791094 
4 272 777 1593 2515 -97.059936 -53.221641 99.160332 20.109882 
3 563 633 2586 -54.945512 1.022869 89.236611 
5 776 1125 1948 2669 3887 76.409516 27.274465 -75.329416 -17.758706 -75.368426 
4 409 1391 3436 3755 20.905477 93.550524 39.280994 73.796579 
3 1514 2251 3296 -10.655303 -16.524973 36.809509 
1 794 27.948485 
1 264 5.890394 
7 479 1173 1319 1479 1987 2472 3579 23.930714 98.535669 10.856453 -69.838074 16.571519 56.753974 -80.527129 
7 14 50 1108 1541 2484 2798 3210 2.435489 81.770831 -57.002277 22.934145 -91.499178 15.611253 -70.563775 
4 737 1391 2301 3324 74.663873 80.218552 -96.713755 18.721350 
6 646 1354 1499 2450 3195 3624 63.051683 -53.435811 -63.779237 47.375070 -24.717299 -8.338975 
1 3781 94.015416 
5 444 689 1051 1257 2366 -45.407242 -20.575620 -62.842305 4.722736 17.108998 
4 1355 1766 1807 1984 -52.691955 -31.940698 -25.265013 -49.996505 
1 3251 -68.535904 
2 1713 2781 -55.189987 -74.317593 
8 367 574 592 1111 1949 2040 2344 3993 74.265365 48.965424 75.823741 30.900801 63.341439 93.885058 -79.154509 11.417237 
3 32 2172 3731 -98.218973 1.221506 -35.111801 
7 636 1330 1456 2116 3389 3409 3718 85.258674 -74.617350 61.591584 57.189084 95.966298 80.330355 -29.809107 
2 1405 2357 -38.379744 -99.985201 
2 574 2630 79.878165 20.738526 
4 453 472 1742 2308 30.831236 -65.808019 -76.786696 6.147362 
11 293 319 529 627 1994 2509 2589 2711 2713 2942 3958 4.549842 -65.275063 27.661232 26.635679 -3.538620 -64.677992 -52.935324 -71.831022 -59.557548 72.932772 -13.775161 
5 147 1956 2085 2399 3071 90.398648 -21.067116 -51.048758 -44.216726 -51.357166 
3 1792 3399 3637 -11.188083 -84.942508 56.287844 
3 898 2146 2829 25.133957 -48.001748 -61.255066 
2 369 3081 94.866505 44.143326 
5 1386 1727 1886 2735 2951 68.495195 -66.414692 -70.104526 10.684757 38.809967 
4 1236 2551 3365 3442 -57.999979 -3.060809 -52.582787 94.893266 
3 2082 2925 3509 -26.925598 -93.805571 25.929931 
5 619 1278 1358 2108 2923 -11.187807 -75.649795 21.910433 -59.707679 5.284731 
3 1185 2460 3474 -58.854367 -5.882330 -48.899735 
0 
6 614 1162 2224 2652 2706 3283 25.627003 48.556399 -99.197656 -38.652955 -10.249091 -34.501586 
1 3632 68.411053 
3 192 2688 2987 -78.730372 -43.759107 5.342168 
6 89 680 683 2167 2379 2419 -49.235104 -17.259111 -16.936984 99.800414 -25.054221 44.745480 
8 84 1012 1316 1471 1547 1863 2573 3070 -82.546386 -59.918933 -35.550931 52.606115 40.180133 -59.464552 39.968324 -73.855134 
4 623 767 1279 1727 -29.267530 -97.329377 60.063467 -82.980065 
2 2002 3514 60.814600 -69.320605 
2 296 3151 -96.711626 -44.700337 
2 709 1541 -82.517445 -88.966273 
8 159 475 1788 2569 2971 3080 3235 3628 -85.731413 -26.216078 -12.819747 21.220152 17.443940 -78.280234 98.073484 -0.116191 
5 3042 3180 3391 3654 3849 19.914697 12.578547 16.524056 39.949221 8.008270 
3 828 1775 2163 51.491908 -75.409598 -75.918994 
5 42 294 580 733 3101 51.382091 -36.290492 89.783676 -91.512578 59.678928 
5 1283 1670 2367 3209 3542 36.175750 -10.645823 -29.714462 -7.158037 58.240607 
2 3125 3167 1.119044 -2.825343 
3 2410 3153 3764 92.021456 -2.850209 19.676951 
3 578 1927 3005 61.193183 23.880562 -41.763072 
8 58 175 230 329 444 1358 2872 3737 -96.424801 76.249209 -32.776296 73.904449 63.054529 86.954995 79.752832 71.103508 
5 534 1504 2483 2623 2650 -43.063889 -7.586553 -15.492297 -9.787940 5.032916 
9 903 927 1236 2313 2823 3125 3525 3691 3850 -16.785852 -51.801821 82.455470 -32.300325 48.612616 10.333461 55.715561 67.134019 37.265707 
4 285 677 2385 3718 -34.233230 -82.280276 60.252812 47.645494 
4 581 2553 2996 3433 -5.608655 90.053708 33.367874 33.946546 
2 3494 3914 62.716044 -57.242555 
5 389 2310 2592 2789 3410 65.274983 20.470026 -35.068937 -1.499755 -17.483977 
5 54 866 1311 2509 3759 18.602509 -99.827629 -91.777086 -40.019130 -25.245289 
1 3922 17.042180 
4 432 836 2348 3055 97.922941 -11.385488 52.810520 -87.313187 
1 945 -84.038494 
5 709 1364 2036 3014 3864 98.308057 -74.510143 67.036658 -33.693959 -50.097582 
8 1754 2206 2207 2610 2913 3074 3623 3759 -36.644570 9.754242 -0.632504 -24.969280 -91.522432 -9.714606 39.839176 50.549086 
5 1295 1544 3109 3146 3248 -87.327008 -40.316408 91.498946 59.593945 43.952667 
6 65 1204 1354 1774 2071 3518 18.923222 19.511732 -89.311742 -94.429229 -23.911854 13.240490 
3 2782 3069 3228 55.682345 -81.136955 73.997411 
5 406 453 960 3867 3906 -70.038240 3.507513 42.722470 -29.942978 -78.961757 
6 108 1368 2021 2858 3844 3867 70.295976 43.439495 47.132564 28.361113 46.727782 3.880205 
4 2106 2688 2835 3424 29.105275 59.269252 86.695839 95.052179 
7 29 706 941 1112 1531 2666 3202 -80.715378 5.605836 87.815893 -25.193089 -3.221818 -22.230905 -93.404745 
3 1153 1987 2616 -26.748607 60.677735 9.391094 
3 2027 3167 3583 66.660452 77.109560 -41.292096 
3 783 2637 3575 39.990385 40.400635 66.583328 
6 1252 2773 3039 3403 3531 3615 96.720993 -85.500124 3.098916 71.990382 34.332305 -98.486498 
6 886 1095 1852 2215 2756 3333 44.017823 -51.762093 -62.382847 -24.710750 -4.721152 42.914456 
2 1780 1867 22.052662 17.626307 
4 215 311 725 3544 0.304130 -52.067836 -69.927723 26.410288 
4 430 1721 3157 3704 75.261046 -30.076899 98.221286 -25.384335 
6 794 1668 2813 2969 3461 3789 26.788253 10.602989 77.372967 68.564079 84.138841 -52.930767 
1 1108 -81.760585 
3 741 1185 1237 -42.657800 48.145653 1.654185 
6 573 1426 1623 2279 2427 2462 67.024704 15.936322 -6.161582 80.848336 -12.542533 20.468613 
3 649 715 3432 73.204193 -11.412322 -46.130111 
1 3030 -56.768880 
4 1282 2217 3589 3666 1.494900 90.920103 27.437798 -51.280277 
10 27 77 266 297 1315 1645 2138 2239 2632 2652 8.747678 -70.539229 -92.223963 -36.403253 64.806451 -80.802997 -83.696152 59.230105 -37.775756 -54.712361 
3 1890 3433 3919 -97.561261 -17.012226 -58.107157 
5 259 1607 1866 1968 1996 -6.488577 -79.284298 -23.693819 -99.185856 -13.158219 
5 968 1940 2565 3609 3676 -44.750561 89.765691 67.210050 46.183744 -60.615129 
4 1806 2409 3099 3990 -1.991404 -70.376794 -77.760722 -48.369538 
5 624 788 2543 3081 3962 74.543811 84.737701 61.355839 47.658792 1.611303 
1 1015 -94.421884 
7 349 1742 2066 2592 2660 2857 3372 85.709492 -70.875420 -26.361016 77.493410 -9.095182 88.526840 -77.654713 
3 949 2361 2762 -82.048602 99.711240 42.651165 
2 1031 2247 -33.816262 -97.873179 
3 826 2374 3704 -19.298796 13.821571 0.364624 
6 755 852 1146 1245 2476 3764 86.789126 49.988736 15.005116 74.017369 45.058356 -30.231648 
4 2418 2457 3756 3772 57.650885 31.485377 -89.912354 52.831891 
8 150 397 954 1688 2554 2885 3082 3941 -6.167832 -63.189180 26.557198 49.600559 -32.151344 -17.434427 -87.239886 24.476276 
2 2237 2341 88.377189 -78.199198 
2 2678 3569 86.324840 -27.082268 
5 124 479 1583 2514 3360 -9.929245 97.008705 24.404620 -35.936882 -67.763051 
4 1275 1629 2688 3029 -42.434676 -73.923352 -74.167992 63.566563 
4 349 387 981 1329 76.709650 -44.247049 95.314809 60.011125 
3 723 2534 3756 -45.415736 -54.261550 84.627722 
3 557 1220 3638 13.773410 -54.732759 -8.464105 
6 485 797 1233 2204 2467 3536 -64.670022 68.559707 96.910166 82.065329 -91.713955 -31.009845 
6 264 431 1208 1745 3193 3911 -72.655121 -57.112279 8.851161 -65.558436 21.682772 -85.751622 
3 168 615 3840 27.875273 -18.818326 -77.074360 
4 887 993 2871 2921 -46.227801 11.620164 74.098204 43.846574 
3 103 255 1638 -20.263774 9.061331 -66.676976 
7 37 1555 1954 2076 2479 2723 3172 -64.908052 -12.594919 82.262785 10.048501 -30.846172 39.347947 18.506490 
8 1138 1209 1218 1439 1960 2671 3287 3754 40.336159 14.443619 -9.205064 7.320502 -31.455502 52.560308 -39.554090 25.631639 
4 1261 1339 2068 2517 45.635574 -6.638341 -53.108099 54.376055 
4 983 1480 2642 3292 69.422256 -59.099972 -8.498630 90.608154 
2 2781 2976 -27.575737 58.162662 
3 2045 2096 3125 -46.419023 -84.756425 32.973887 
5 294 311 2356 2564 3003 60.582145 -62.383659 -43.586201 42.478315 56.471413 
3 1396 2348 3688 95.535368 18.209382 -6.180435 
5 525 2390 2441 3404 3864 -53.788882 99.639944 8.572274 -56.751263 -66.488073 
5 476 956 1127 2043 3085 -13.940480 49.663525 53.836856 33.091394 7.753439 
3 542 1169 1621 86.078797 -93.845251 -19.002388 
2 2266 2555 85.640726 44.401179 
1 2192 61.492187 
3 693 1946 3623 75.771947 -59.935486 -77.786327 
7 258 393 816 1567 2153 2707 2834 -37.647363 42.668694 -1.259007 67.057200 -50.409762 -26.193171 -99.057575 
1 958 -82.047525 
4 778 2557 3435 3522 -57.929536 -87.171198 44.518465 -26.218063 
9 105 1363 1476 1948 2147 2480 2883 3544 3658 -56.176517 -48.510143 -79.715372 67.507172 23.712227 -37.207798 -71.318761 64.377165 -79.863329 
3 860 2244 3012 -60.995070 83.050731 64.316935 
1 2279 39.557454 
5 1278 1893 3041 3187 3263 -73.967067 54.718230 10.190233 59.876570 88.767334 
8 614 1178 1195 2576 2656 2727 3129 3851 68.458586 -8.440530 95.256026 45.333550 -91.053062 -8.178574 -6.716033 -54.841847 
1 1661 -29.925761 
5 1038 1088 1586 2235 2403 -75.692554 -36.322756 -75.464945 48.830687 56.591153 
4 1102 2607 3051 3472 -25.918955 -44.163658 -24.764196 45.005787 
2 1681 2428 -87.004085 54.844385 
4 1647 1740 1804 2033 -56.124160 -85.338106 -35.130047 86.658485 
4 2403 3135 3415 3768 49.339642 65.511154 68.332497 76.580209 
4 1832 2285 2750 2969 79.727860 -43.539762 35.685056 -38.928100 
5 451 822 944 2782 3949 -75.575960 -22.340312 66.260225 60.668397 63.484911 
4 107 1936 3609 3843 -47.567481 -47.891218 91.364693 83.933331 
5 23 708 748 2154 3776 -7.261464 -16.889385 69.988993 -96.685848 -49.724181 
2 940 2109 81.194697 59.799630 
9 54 1293 1426 2817 3205 3284 3685 3878 3905 19.489792 43.740585 -21.867501 -26.834076 -63.321171 -56.633646 10.719691 82.216933 39.157973 
2 218 2100 -16.535673 53.138613 
5 535 1455 2278 2807 2913 84.424833 -27.788699 -23.733504 14.646070 -10.928463 
8 58 383 1128 2495 2732 3204 3398 3525 -67.868287 9.253230 -27.234882 94.198521 68.796873 71.716956 55.255290 -35.960027 
4 1596 2106 2229 3651 5.191604 -3.587990 36.406028 49.530718 
6 281 1408 1590 2952 3357 3720 -45.871144 65.143325 95.636885 66.105082 36.290044 -52.647653 
4 46 1694 2382 3171 49.556807 -61.968331 82.772907 87.369406 
5 554 2342 2369 2869 3341 -61.886694 30.323320 2.988818 -45.871002 -93.009068 
1 2681 -57.314601 
6 599 809 2087 2283 2448 2546 -74.852486 5.736112 -77.251796 -2.579206 -2.251839 -23.778532 
4 1216 1696 2817 3738 77.896417 8.966586 -34.609772 -92.560005 
3 422 2671 3974 -12.609908 -90.347771 -31.685483 
1 129 -82.432865 
3 133 2922 3173 42.466789 14.587523 -86.043257 
4 1080 1377 1761 2521 -83.125234 34.398315 88.008179 9.523213 
5 57 1573 3165 3801 3981 37.935358 91.394458 -5.909830 73.572132 -19.407635 
5 1151 1447 1491 3429 3441 -99.770885 35.437663 23.930756 -18.771501 75.953667 
2 325 544 -35.857039 -25.119993 
3 139 1330 2271 57.472940 66.834333 85.054457 
1 2347 58.602697 
5 27 92 990 1382 2182 -58.040478 -29.257304 68.539380 99.427429 -48.831397 
3 64 2052 3535 -89.199531 -32.904900 68.534659 
2 725 1396 -72.131902 -94.287522 
3 324 726 1355 -77.813156 43.148659 19.713261 
3 608 1478 2516 71.778525 -14.818521 21.005395 
4 1416 2257 3167 3440 87.970367 55.079887 -34.554606 8.275233 
1 828 89.941987 
0 
8 385 388 444 1543 1601 1819 2174 2991 56.253728 -50.761706 -71.761610 -62.771085 -35.631800 17.680652 76.162108 25.382436 
5 374 420 453 628 3663 -96.576301 -79.256946 -77.732966 -55.680481 56.636331 
4 430 3008 3611 3717 -50.553938 -11.254966 26.077565 -27.986580 
6 1089 1576 2224 2989 3073 3611 51.862610 46.459375 -13.123713 56.345631 91.250150 -32.511781 
11 214 613 639 656 967 1263 2886 2913 3225 3647 3949 58.809179 15.680846 51.868286 -29.212618 20.474922 74.239556 -30.017174 16.354691 -51.206911 -74.356851 27.378051 
4 1102 1209 1301 1887 89.153507 -20.333947 -52.037739 63.518819 
6 1304 2248 2445 2512 2760 3631 -20.406634 -89.340802 -14.616831 61.712183 -28.416236 -92.266530 
4 1162 2728 3300 3529 66.386013 23.136486 35.769542 59.342910 
8 115 135 1733 2119 2631 2689 3071 3113 -92.396576 -40.622964 -28.887567 -20.075320 -77.861361 -99.003555 91.963304 -87.810853 
6 288 323 729 2081 3229 3332 -44.240994 -17.067068 -45.125164 72.561335 9.629994 79.218472 
2 314 3923 -83.774182 0.455512 
4 1688 2076 2297 3327 -57.079025 -59.624302 -56.981455 -72.202889 
5 363 1466 1915 2408 2748 1.889994 -17.756186 -66.868596 62.782665 -14.866438 
4 291 1230 1517 2431 7.735832 84.167523 -43.299713 64.709253 
1 1469 41.059324 
6 1267 2538 2738 2803 2804 3942 -36.050606 -53.438699 -64.628689 17.112699 6.154757 12.741837 
3 752 1087 1533 68.328736 37.264406 63.180986 
6 359 793 1686 2021 3127 3634 -97.850692 52.605855 65.256176 33.567624 5.283304 10.886845 
4 792 817 1216 2374 -64.468789 -2.706984 90.848626 -11.854058 
5 875 1665 1967 2926 3960 -37.408278 22.808689 -68.774925 17.795588 34.975631 
3 2500 2656 3510 -52.252597 -68.414601 -99.990334 
4 477 854 1418 2345 -97.836013 84.181509 -21.152518 -0.710301 
3 3146 3741 3922 87.560600 96.012564 -84.205097 
3 231 1066 3254 1.884411 -32.637670 18.989035 
3 164 1903 3894 -84.211304 -6.539340 -42.338227 
2 1678 3402 64.987548 20.271823 
5 29 648 1321 2628 3788 48.828516 -51.825715 77.063754 -80.655493 -92.260276 
1 2537 -61.892369 
5 146 1001 2543 2676 3648 -13.991846 -95.028315 -25.785357 47.430401 28.340292 
8 53 330 425 771 2435 2833 3041 3508 43.926025 -31.120888 75.639742 39.429156 -99.366067 42.842942 34.705637 85.174885 
2 770 3515 -33.992757 12.819410 
5 721 928 995 1676 2498 -33.967597 6.923554 -65.669818 -22.885723 23.414024 
4 238 2162 3526 3825 7.914814 14.748427 54.258416 -88.264832 
4 1178 2161 2256 2535 30.317431 -45.154668 -33.165857 -16.024114 
7 501 1019 1942 1953 2077 2142 2156 15.237303 -4.403970 2.483487 9.609402 -65.968846 73.953803 -21.370527 
3 628 896 1815 -29.583125 -72.955445 -57.107707 
3 297 884 3318 5.276691 -27.945314 -0.696406 
5 1430 2468 3058 3112 3442 30.825694 -94.450871 17.914323 -3.289193 77.458378 
3 178 3128 3860 80.055123 -69.946155 94.012048 
3 1948 2499 3057 -18.536885 49.265666 73.532853 
3 387 1178 2890 80.593467 -36.750439 -39.474924 
6 1202 1370 1860 2092 3393 3429 31.718308 -21.671760 72.960729 -30.062044 -4.591058 -9.040788 
2 2205 3910 73.248078 -59.505760 
4 1365 1416 1511 2522 -42.136382 -52.319025 6.136558 40.588607 
1 2742 -57.555095 
6 225 1202 1350 2122 3462 3899 -37.159600 -4.835276 -15.501564 1.358015 73.820932 -15.234708 
4 1104 1517 2486 3727 39.780448 60.382518 -64.939307 -55.124184 
2 2044 2127 -18.989637 25.288786 
4 1233 2239 2912 3109 92.576813 36.212634 6.085407 93.685539 
3 1376 2076 3440 18.260958 -9.489803 -93.717570 
7 731 778 1611 2275 3438 3576 3985 54.487430 -56.099158 -35.340075 24.505747 -63.564819 94.039596 64.798379 
1 1514 18.992332 
5 294 1153 2044 2810 3615 28.183629 -68.273765 -76.736423 60.274054 76.598030 
4 45 288 2399 3954 -23.958506 -92.254670 -16.907861 -10.733314 
1 327 -71.669870 
4 381 739 1628 2007 0.457394 -73.337937 -10.009688 -18.510435 
4 249 473 2465 2598 -35.948777 71.685676 -61.024735 -55.738545 
3 314 2492 3681 -89.061285 -52.021593 -29.647788 
6 66 811 983 1429 3298 3855 75.047944 58.002182 15.512608 57.361784 24.331044 -4.733283 
3 366 444 2765 -37.930372 98.066981 33.524869 
6 1552 1787 1945 2296 3371 3934 30.765065 7.157563 14.994130 59.280156 51.531582 -46.793629 
3 391 1426 3990 -4.616757 34.919859 -80.041024 
2 2346 2497 -34.361495 -9.529766 
14 54 373 729 795 835 940 1151 1703 2590 2997 3274 3494 3682 3849 -67.101173 -85.815610 -36.327351 -65.352655 -1.352058 -92.502443 -74.152573 40.870804 53.236296 40.443121 -2.134687 16.831688 14.594868 -78.078070 
3 685 2924 3959 -17.135980 22.704085 56.579823 
3 1619 3490 3750 86.449508 -0.839844 -66.704648 
5 2166 2553 3239 3335 3908 -39.254801 -5.303655 22.484890 56.604147 -7.801143 
2 1521 1691 47.730372 -43.711482 
3 2934 3880 3927 -8.570925 65.953008 -25.762640 
3 219 2724 2778 -16.330594 16.612504 16.483501 
4 335 1201 1564 1951 -6.763140 84.538083 41.354192 24.658224 
7 217 380 416 1264 1636 2395 3001 -79.436580 4.806734 8.280060 85.973032 15.009264 -7.061054 34.443487 
3 283 1324 3711 71.008762 -99.954846 -40.278922 
2 2075 2962 54.763157 10.747888 
3 1285 1511 1664 41.504200 87.389558 -75.397089 
3 31 2897 3032 -70.379106 -12.604032 62.612473 
3 257 348 1498 31.363805 6.481163 -14.186659 
4 977 3438 3620 3635 -1.639282 -21.474725 40.484924 -16.132267 
5 1386 1511 1648 3024 3904 -11.488137 -77.454411 78.225939 24.865886 -23.353375 
3 252 593 1171 68.490982 -42.152128 2.878302 
4 424 573 2775 3520 22.301503 62.689120 72.931292 32.928367 
6 793 1162 1998 2655 3387 3911 -19.223463 39.717796 -31.793543 -67.801796 -32.300328 -72.377520 
0 
2 2792 3845 79.400484 32.440238 
7 66 1216 2079 2198 2287 2892 3500 -92.077514 23.340065 -21.341616 -51.491557 49.298660 -83.966992 72.369713 
5 36 343 2648 2831 2882 -31.866746 -38.084654 86.209972 64.697148 29.307355 
2 386 3774 -46.205211 -20.489040 
1 3073 3.279801 
2 1440 3392 66.911359 37.174153 
4 1152 1679 1933 2884 25.666837 39.983689 85.780080 -92.592123 
3 3029 3917 3979 64.653430 38.533306 -80.818759 
5 190 1443 1912 2041 3455 -41.200953 3.487703 15.228395 6.396972 20.599203 
2 426 2271 -64.381450 -75.501281 
2 502 1530 44.552274 60.194447 
5 457 805 2442 2513 3500 26.195968 53.370142 75.201252 81.953275 37.174690 
3 3629 3668 3704 34.591141 89.617607 -72.750889 
3 2109 3331 3546 54.069898 97.767926 -72.995018 
3 284 779 3632 -62.464367 -68.963594 -12.391771 
1 964 -23.854080 
4 2054 2179 2661 2715 42.567273 -33.505285 51.310104 52.086746 
8 82 232 286 1372 2551 2836 3582 3788 27.989335 -77.379844 84.956247 66.359821 -7.948127 73.740668 36.274011 60.737972 
3 169 1111 2242 72.951878 92.376634 11.068948 
3 1599 2604 3155 -53.001532 51.656692 -99.116011 
4 1897 2962 3441 3830 -70.328637 -34.360320 -64.469372 -1.190982 
8 489 1380 1923 2123 2134 2165 3434 3596 -72.906570 68.666348 -9.110578 -24.936139 -71.815011 86.376101 -85.300459 6.362498 
7 25 533 1265 1525 2516 2671 3964 57.597758 -49.815658 -17.459578 12.122645 70.545771 -56.309548 -65.554799 
4 970 1766 2501 3279 32.311232 -89.295324 -86.211089 -4.695383 
4 359 668 2478 3188 41.632078 41.502905 40.645957 -96.807216 
3 413 722 2666 24.718841 22.676876 98.229583 
6 487 1048 1408 2169 2800 3587 43.149209 -96.343743 -11.777908 -24.443503 72.155897 -64.891943 
6 108 1147 2726 3006 3475 3871 -61.939697 -57.544073 -17.088630 -86.455594 -21.360634 43.678974 
3 560 1065 3539 -13.630302 -6.816884 33.232635 
6 530 846 2714 3094 3200 3978 17.499850 -88.993025 -48.412559 -24.768860 -18.387502 -96.080411 
5 41 660 3411 3919 3957 95.480159 49.676910 -77.914581 48.393912 -28.383141 
1 1764 -46.823747 
2 1194 2315 -55.676805 55.878577 
4 1628 1637 3170 3944 -9.940573 99.026572 4.040557 -60.267687 
2 2876 3866 -29.073949 21.940843 
8 363 520 956 1033 1651 1739 3178 3406 52.369170 -12.205665 -8.898657 87.221168 71.427474 -98.071013 53.140191 59.923986 
7 221 733 776 1046 2032 2485 2531 27.428282 -62.186507 -18.643057 -42.985784 -14.801529 -89.844100 29.362103 
2 394 1059 43.819613 -57.065089 
2 1826 3298 81.348825 -4.473115 
2 2143 2937 -9.011756 -18.674868 
6 718 2511 2520 2534 2663 3734 -58.060851 -32.307083 -86.044965 -52.023679 -94.695467 94.657938 
3 1073 2221 3887 26.951304 -55.080464 47.525426 
5 518 582 2634 3196 3278 69.172591 53.527955 76.913712 34.860602 23.760574 
4 168 595 1653 3517 -14.128356 64.678127 -2.177184 -64.537304 
2 82 118 29.896634 77.177001 
6 759 939 2076 2084 2381 3215 -65.299524 -62.972807 41.926460 94.554738 -53.471409 29.497996 
4 267 1716 1867 2936 -17.773289 79.196057 4.274866 17.586356 
2 1961 3580 -73.169672 -32.503455 
4 902 992 1340 2626 -56.712006 -69.448235 -2.538163 63.682091 
3 1203 2241 3694 37.257325 91.126502 9.946163 
3 346 1476 3076 -1.955195 -91.235906 45.789674 
5 3 1399 1423 2241 2992 38.207797 -5.998849 43.063522 -55.588180 41.943333 
3 1125 1664 2525 -1.872597 15.117940 6.352924 
3 1696 2866 3780 10.691503 64.621927 -59.730931 
2 1300 3350 88.025565 -6.278152 
2 1259 3967 78.955272 16.229436 
3 1013 1206 3256 55.053410 -53.476331 -30.078646 
2 1701 3405 21.331149 22.427543 
6 2269 2509 2652 3483 3544 3591 -82.375243 76.288373 2.629896 -56.327894 -98.669103 -61.408058 
5 62 2273 2573 3448 3694 66.656145 66.251508 -87.720813 96.997774 -48.365555 
3 530 2950 3180 -86.737820 50.270731 24.696494 
4 683 2277 3286 3559 72.315485 -70.692336 -85.838722 9.628764 
3 837 3042 3124 2.781305 24.288349 53.523741 
5 175 261 810 3500 3798 -88.812774 -36.634901 -70.650023 -65.983849 -33.762891 
3 28 2538 3403 -20.637442 -23.511714 51.580606 
4 1559 1826 2617 2766 -59.124342 92.921593 -0.802915 -89.153786 
4 1679 2105 2389 3991 84.680006 68.857328 -67.064914 -22.866851 
5 95 1043 1421 1594 1727 50.023886 8.633148 -14.712090 -33.118313 -10.617005 
3 1120 2240 2426 -19.168577 -10.075591 47.843870 
8 589 874 1496 1959 2044 2285 2586 2984 -11.203188 33.690338 23.043289 -26.143902 69.126450 90.609915 69.812571 67.105382 
6 572 587 1783 2845 3072 3371 40.433054 2.704955 78.310975 -30.430329 16.890931 -45.095590 
5 149 1075 1157 1282 3787 -9.692788 34.693625 -27.819356 -82.210582 53.217765 
4 2470 2882 3022 3492 -30.178617 -4.066299 -46.633209 -34.640380 
5 79 1162 2172 3146 3385 93.322329 -89.140920 -90.971939 -85.377474 -46.914760 
4 195 689 1128 3367 -59.031356 40.116467 -5.521040 99.411073 
7 530 813 910 1472 2084 3315 3987 66.619961 -98.428534 -62.566852 -13.206197 83.469678 -92.981875 91.599196 
4 54 620 2380 3432 -16.354322 12.506424 31.895685 -49.534822 
4 927 1814 2096 2555 70.231511 11.729587 31.976966 -9.657702 
3 1889 1896 2483 -96.584784 -6.502702 -0.147498 
5 65 105 2081 3121 3423 -31.803534 92.100159 57.752851 -20.095171 46.892048 
1 2070 -33.150336 
2 1005 1606 0.610775 53.198949 
3 1133 1695 3375 -43.026632 -59.074871 -4.712097 
7 445 500 508 1860 2223 3206 3381 -40.657881 -76.005278 -0.933284 -7.061798 47.017642 -28.662416 -79.334782 
2 443 2737 -46.769641 47.702622 
3 1174 1312 1531 61.168228 38.728021 87.614491 
3 824 2160 2224 39.594806 -72.603985 15.697937 
3 2636 3112 3754 -19.315280 -15.561481 48.905769 
4 350 2075 2156 2622 23.288168 -2.954682 -18.467862 -43.365574 
3 449 1142 3232 85.847197 73.552763 -47.170031 
3 94 769 868 21.552648 -48.042375 68.798568 
5 833 1861 1881 3023 3305 -96.746556 -27.567994 -97.297410 77.046147 11.062068 
5 1292 1382 1843 2450 2899 77.328978 -75.090972 -20.412570 4.083048 -24.538218 
6 129 487 859 1639 2447 3913 28.352339 70.590787 97.805600 9.333416 -91.878725 60.571064 
3 2799 2998 3994 26.745540 -17.337955 -23.597290 
3 1798 2805 3292 54.942453 -29.956141 -60.981195 
7 1205 1599 2797 3208 3354 3782 3817 -71.102164 32.394079 33.024111 55.872733 -29.963330 16.039490 -85.742173 
5 125 2105 3378 3500 3858 94.663807 21.192767 4.684941 58.311418 -63.380295 
6 230 881 1068 1302 3696 3928 87.427018 38.811308 -70.327545 17.354535 7.736790 -13.319092 
5 394 1732 2187 2869 3847 38.305019 -88.771945 -30.215541 -77.214167 91.339590 
5 264 1305 1472 1846 2401 -4.614995 -75.468739 -36.759106 76.171378 31.496066 
3 580 1907 2347 -46.524085 -30.241830 -51.684403 
4 938 2145 2182 3720 -24.174788 44.357930 -27.046432 8.420905 
6 800 1687 1772 2989 3113 3173 67.712388 -95.220005 58.408269 -28.517493 -8.497302 90.821296 
7 696 2332 2341 2443 2846 3801 3815 -29.470733 -1.200077 22.708084 94.899337 89.404292 -67.077912 -24.728502 
6 158 1608 1756 1891 3082 3556 94.087825 82.158564 -53.235486 -60.326840 24.616595 98.124197 
1 2579 85.137931 
3 2223 3048 3166 62.099789 54.252708 55.766647 
4 1048 1890 2821 3872 10.839058 -56.874037 21.050481 48.427905 
2 1933 2173 2.899620 -44.912048 
2 2259 3445 -27.527941 -25.811317 
2 2859 3703 96.419033 93.374039 
4 344 1590 2003 2356 -33.087507 -44.438523 12.843999 14.064737 
2 1112 2969 -48.553631 60.718062 
0 
6 824 2169 2280 2320 2557 3066 83.568424 -35.871289 -52.923283 75.086017 -28.064885 11.248598 
9 169 413 1213 1296 1543 1626 1801 2949 3477 4.376455 -96.952923 -1.691221 44.324438 75.410446 -63.317510 -6.359092 -18.210152 12.375730 
9 422 1230 1677 1788 2298 2597 3252 3442 3656 -29.187429 -88.646391 -9.188139 2.663931 -36.002866 73.338901 -51.906550 15.376611 -22.629642 
3 1209 1585 2903 -3.538887 -29.063614 33.642700 
5 59 787 2130 2195 3548 73.763420 81.250104 -20.272655 -26.589205 44.340518 
2 2356 3172 37.868379 52.586141 
4 50 491 3418 3436 50.585389 -68.841305 -56.210920 45.350044 
8 1234 1535 1543 1819 2704 2755 2932 3626 24.473742 -55.920293 -18.164703 45.113102 -4.657923 -84.556950 50.812764 -53.305310 
3 1049 1467 2388 -19.489296 39.548824 94.216046 
6 182 546 788 933 2871 3108 19.943700 13.283663 -20.727647 -44.940675 -67.360141 -36.706203 
3 253 645 1097 -40.136611 -47.610349 -30.352330 
5 1360 1584 2436 2983 3228 65.558052 68.310937 -74.290220 -76.960291 17.118068 
4 4 67 403 3169 25.569365 53.568358 -73.130746 -68.631637 
4 57 246 2074 2106 -50.517227 59.280425 51.589260 -93.234632 
2 2808 3235 -29.160511 74.335634 
3 1737 1999 2723 -60.608434 84.710905 -16.222497 
5 528 718 1606 2125 2267 80.210419 -17.030944 -1.334944 53.607883 88.628042 
2 1499 3743 31.557088 -48.580497 
3 404 1984 1996 -25.721293 -13.152550 -43.910015 
3 1531 2442 3298 79.383016 9.386271 -93.858542 
5 360 2228 2436 2671 3315 42.813501 -60.379580 -98.248079 -10.411484 -60.058577 
7 206 297 1411 1786 2554 3201 3596 28.902458 -78.158404 -2.642109 -84.275186 -67.183165 27.458954 90.948816 
8 584 888 1077 1361 2116 2340 2469 3242 -66.440850 19.633091 -22.171596 34.130660 39.368872 19.946680 -23.339766 0.204098 
2 1976 3227 -40.121323 68.451367 
7 724 2126 2168 2652 3326 3475 3792 75.912515 -20.722046 43.849282 87.717212 68.329695 -92.421669 69.344231 
4 112 637 2454 3392 -94.858555 46.314807 62.583210 -1.824119 
2 39 1370 -29.315615 -16.637230 
5 508 732 904 2079 3966 -65.783912 97.713298 70.143949 -55.751980 11.966315 
4 382 1662 2177 3847 -79.837658 -10.559233 -33.094032 87.093267 
4 109 2807 2830 3233 85.673866 90.095344 52.820693 -95.046007 
3 1406 1965 3073 36.146017 63.589275 -81.609469 
6 100 417 709 1871 2795 3472 42.351897 -24.759996 -42.337710 -75.341576 -34.107731 -8.486277 
3 1119 1201 3881 -10.715025 -98.508892 69.944561 
6 614 1026 1441 1719 1753 3023 -84.141352 -54.254902 67.154933 69.057829 89.466101 37.477065 
3 1158 1251 1299 -59.056236 92.575243 -71.441127 
7 849 1320 1971 2929 3186 3465 3774 53.442388 37.425536 -2.692716 52.577835 -77.845031 -32.338262 -75.047763 
2 966 2572 -10.555743 -61.880399 
0 
3 1099 1869 2977 -26.231723 95.244106 49.339740 
5 960 1223 1628 2172 3562 -57.571182 69.569971 -18.519323 -3.699480 -36.939924 
4 62 559 2623 3913 -74.923077 -29.315221 94.234567 62.839036 
1 3175 1.015488 
5 1262 1745 2852 3497 3509 15.440757 80.521823 47.497987 13.243179 -33.890099 
4 817 2260 3774 3831 71.585891 91.211430 -91.745738 43.554808 
2 415 680 1.880850 11.628436 
7 70 811 2351 3004 3411 3425 3533 94.730074 21.245013 40.778855 1.841143 -66.657860 89.553317 61.136462 
5 281 1212 1692 3808 3978 -60.881059 68.645093 29.256657 -53.135635 -93.275476 
5 673 935 2300 2909 3323 -84.669924 -14.257421 -66.046236 61.295297 14.053792 
8 214 1009 1621 2102 3017 3216 3406 3706 96.671091 85.565453 -19.734654 -7.826940 -72.946858 89.737907 -41.742848 85.682273 
2 864 1072 -85.855278 -24.548597 
4 354 2434 2736 3395 61.687656 -82.373278 -16.814837 -27.403523 
6 165 2029 2201 3007 3773 3887 75.296317 15.234442 17.620193 37.007941 50.552979 -83.625514 
1 983 22.827441 
5 594 784 3182 3844 3973 7.542044 -9.706223 -83.318991 -65.118698 -78.603987 
2 220 1634 78.159284 -66.894176 
3 1632 1850 1903 -60.169040 87.732435 70.280569 
1 1270 70.385250 
2 811 3830 59.457494 -44.584695 
2 3035 3684 56.516818 -90.639802 
6 1200 2104 2189 2799 2808 3227 -65.284735 37.160895 -73.868625 29.991231 16.180369 94.874783 
1 1960 70.792080 
3 802 1567 3237 63.535254 -74.320017 -88.935990 
1 484 -57.508167 
6 21 623 1063 1476 3053 3163 20.065554 98.062942 -94.824696 53.495551 -25.691743 21.043460 
3 516 1359 2542 2.297868 -94.391683 87.364050 
7 1162 1952 2167 2172 2697 2870 3508 -39.712167 36.756533 -71.674971 -1.719323 -37.265951 38.220653 0.755835 
3 1443 2439 2521 83.500527 -97.973628 -53.269105 
5 450 460 2608 2666 3923 23.717369 80.627952 78.113340 26.884826 -65.201281 
2 1611 1842 -78.481405 -95.463592 
4 1053 1186 3390 3494 -45.750789 79.307284 90.584420 37.586008 
6 5 497 565 1891 2092 3674 86.968323 36.104057 85.798760 -13.369690 91.126366 20.284539 
3 1257 3252 3888 -47.541218 52.900217 70.721123 
4 1407 2393 3160 3544 30.906951 38.010752 -88.321573 98.066237 
5 281 581 1436 1666 2631 -72.505292 -83.894014 11.354090 13.481316 -59.229528 
1 481 -40.119387 
2 2191 2544 12.633541 19.416180 
6 246 684 1747 1931 2380 3671 41.497208 74.889332 -20.102237 69.109588 -89.534671 7.220250 
7 1295 2129 3387 3517 3647 3766 3908 -39.341381 50.236744 78.890902 -53.490685 57.421960 4.019611 24.815658 
6 154 434 814 1435 3133 3778 -62.463479 16.931664 -6.944093 66.156620 22.551750 -15.270720 
2 1068 3080 -84.784516 -29.288976 
4 714 1995 2157 2163 -51.147541 49.991722 63.791888 67.057607 
2 2166 2334 -80.599965 25.581973 
4 496 1315 2547 3819 64.443941 21.835482 -26.003475 -90.088542 
2 2210 3515 -56.669114 -27.455085 
1 2302 28.908198 
2 551 2921 76.603017 -38.495232 
3 2000 2768 3196 -89.578169 -84.561741 -87.838276 
4 101 2298 2578 3154 4.030139 -16.333740 -45.560433 14.544238 
7 332 405 462 741 2083 2417 3606 -91.834589 -38.692297 61.906232 16.065467 85.293767 3.459310 8.794173 
4 2155 2787 3359 3813 30.517800 72.012507 63.022096 64.850033 
4 775 864 1656 2614 -63.379587 40.457865 -82.512547 69.099696 
3 37 753 3545 47.375953 -71.157501 -78.177584 
4 926 1524 3026 3994 69.775175 -38.356559 1.127709 39.997312 
3 2402 2960 3770 13.644201 33.973152 46.657887 
4 102 1680 1757 1991 47.684883 7.225493 -22.486134 -70.927254 
5 10 364 544 2198 2717 91.142505 -18.059197 -35.398245 -38.542660 -57.388009 
8 78 365 427 628 758 3499 3826 3870 -62.146370 -86.027509 21.181626 -87.322987 59.725478 -52.754589 -60.694316 50.798625 
7 208 953 1350 2246 3428 3462 3641 21.925105 73.345133 45.588518 -0.139465 86.797038 -19.226490 -2.385041 
2 2398 3772 96.100129 78.872263 
5 192 1413 1909 3172 3572 66.634075 9.935761 -8.263751 97.496484 -54.810091 
5 1355 1874 1973 2140 3949 87.175891 66.703304 56.749108 -22.339678 -84.293422 
4 2025 2784 3640 3882 -63.242805 12.200866 93.362138 -87.294878 
3 439 865 1303 -51.443632 60.929063 -39.883394 
5 1007 1809 1989 2968 3432 13.847973 11.907328 -15.104940 19.691547 -70.837603 
4 400 999 1345 2217 -46.578859 39.415190 5.249926 -5.572512 
3 758 821 3279 -62.556924 -75.814448 -16.453798 
8 572 1626 2463 2579 3217 3587 3870 3946 -46.179725 11.798404 14.299733 -85.222875 -41.077606 33.240192 -65.285595 -37.600822 
2 826 1746 47.864190 91.836887 
3 292 1728 3213 25.184551 21.635838 -75.433837 
6 535 1471 1554 1753 1898 2658 9.643130 -18.398798 94.597088 -60.497162 -21.182293 76.643340 
3 1204 1446 1886 -46.880589 -69.273493 -57.508555 
3 1697 1818 2937 -80.623642 6.480511 47.872768 
6 446 1457 1842 1952 2726 2741 69.706874 85.034312 57.964732 23.608238 95.516569 -64.139277 
2 233 1582 28.940020 -89.616013 
6 370 643 1081 1559 1566 2833 -95.873294 79.630107 68.757733 62.195404 -47.628842 -56.741061 
3 392 1236 1923 -37.352347 -80.851645 -79.162781 
5 389 470 1881 2117 3021 -13.813525 -26.681491 8.602631 42.565753 -27.607227 
3 721 2201 2570 -98.823831 -65.242776 37.021992 
2 659 2614 -93.402328 53.038679 
6 936 1119 1202 1383 2152 2988 -45.419529 97.018974 -37.686428 -71.477841 71.054361 19.333081 
6 30 1434 1546 2272 3341 3826 1.661546 16.118671 10.280784 16.674711 -79.175495 2.858839 
9 959 1355 1437 2011 2058 2198 2319 3730 3975 -48.968202 -54.050465 27.142478 -88.556384 61.083444 -23.673665 -79.915400 -1.556691 -13.326190 
2 1622 1993 54.500555 69.011707 
7 88 1561 1607 2229 2366 2490 3767 19.726610 -72.066043 13.780575 -0.209384 -43.226392 92.867542 97.546995 
5 67 812 829 2463 3571 49.881294 -72.238791 95.148922 -45.082821 -41.406292 
4 875 1281 2859 2988 -58.392476 -82.332571 97.451765 -26.262265 
3 1475 1859 2216 80.247789 -57.399094 25.531490 
4 55 1538 2927 3331 -87.731023 92.061538 -94.498445 -52.643991 
2 871 2859 65.995169 63.143022 
2 184 2182 93.690206 -36.663874 
5 568 1370 2829 3070 3671 57.376395 44.351285 86.738707 17.608221 -56.136100 
4 665 1697 1811 3553 -78.698996 -28.434160 -41.793994 77.875158 
8 461 758 913 1046 1263 1562 2633 3025 15.823963 -94.912186 -67.133234 88.545289 -25.497112 -46.065218 -29.201832 -73.097872 
6 641 883 1350 2038 3020 3497 -81.764203 -37.442589 -33.377291 -19.876396 41.961934 47.596013 
6 44 694 1762 2106 2417 3605 25.764514 -51.719940 -65.414115 -40.801842 21.306604 51.474263 
1 3479 14.878170 
4 190 961 2078 2222 -11.904368 -82.607623 -52.451591 88.798044 
5 212 684 752 1621 2803 -38.141551 34.429673 93.482260 47.629737 -31.001274 
2 2052 2955 3.581701 -72.720497 
3 976 1445 2709 64.963225 70.719862 73.028463 
5 427 2053 3544 3548 3983 72.970715 -64.925537 74.700513 -44.116333 -31.730549 
0 
4 1340 1645 3673 3787 56.685438 87.365423 75.621146 40.336147 
5 728 2674 3292 3608 3902 -33.999052 -17.298384 -48.052666 4.771746 -59.580934 
1 254 -34.905562 
4 294 2669 2749 3661 98.169326 -29.972527 23.357716 60.174966 
3 606 944 2843 37.941576 -10.244962 -63.840366 
5 506 2254 2381 3470 3731 -55.494961 -31.338760 -7.635686 23.133985 -82.182012 
5 62 373 806 2079 3496 -20.228111 -85.600659 15.239224 31.934833 -80.619760 
4 1298 2016 3748 3983 -59.753941 -1.283038 -49.694239 85.884182 
4 498 1081 1941 2012 -37.868409 -9.211006 -85.539581 22.862570 
4 295 1113 3123 3454 25.984337 -66.700355 4.741341 -43.064136 
5 659 1842 2662 3005 3321 16.600310 -37.700343 -78.591338 8.367100 -80.823874 
7 1425 1602 2328 2733 2791 3292 3629 44.114569 28.815499 30.432473 -0.744823 26.553437 98.883958 65.753930 
1 976 -55.055956 
8 679 1111 1568 1811 2495 2682 3008 3688 -95.353503 23.807636 -90.860714 89.000307 88.324566 70.991560 -78.591639 -88.329570 
4 1110 1254 1895 3749 -18.034271 -4.710360 98.480068 -84.117334 
4 922 1829 2233 2493 67.875765 92.405202 -55.539032 -1.839534 
3 900 2213 2845 75.277010 -2.305391 -28.884203 
6 167 236 473 1240 2754 2852 62.102997 -35.851706 57.616788 49.145083 50.297660 56.047882 
4 365 680 3052 3849 48.028748 -55.638083 -55.221439 -46.141919 
6 734 1057 1629 1763 2375 2377 59.101349 66.020178 91.151180 -34.096366 -78.177285 20.072605 
1 1584 -90.334927 
5 271 1098 1372 1521 3817 -61.219031 -73.042713 3.044173 -70.357151 75.000947 
6 1403 1988 2097 3511 3685 3823 94.144539 -9.202315 -12.972482 -7.562935 -45.676440 -80.728122 
4 1550 1864 2453 2883 -86.997055 -14.930199 41.393806 54.503568 
4 2013 2093 2239 2313 24.776547 16.605197 89.495443 41.514112 
5 306 972 1000 1082 2995 -65.559842 57.680296 40.563594 3.658137 32.723334 
1 3317 92.720226 
3 498 1683 3568 -25.293397 82.686394 95.115724 
3 701 1133 2248 61.089824 48.019233 -50.226913 
6 1287 2734 2744 2969 3247 3603 77.513050 10.123618 -79.427274 42.757176 81.160914 -20.072638 
4 35 2013 2372 3615 15.907586 -82.982090 -21.498003 68.554426 
5 354 838 1094 1895 2147 -18.252594 95.468589 -88.197224 -61.872475 60.375142 
5 289 348 1000 2574 3696 41.880428 -37.031770 63.708148 -68.579147 4.009140 
4 1347 1822 1965 2211 39.390808 79.485331 31.220627 -13.813436 
3 1378 2797 3533 50.408801 97.758533 -22.407738 
3 1863 2576 3812 28.639283 -1.350848 -71.456694 
2 541 1187 -91.092075 97.279135 
0 
2 483 2185 -37.188937 -52.808788 
3 239 592 3521 77.489230 -65.260226 8.535242 
2 172 3840 66.505519 -72.156207 
6 661 875 1044 1255 1676 2300 -38.000033 54.698405 72.980419 74.156832 -91.005323 -44.446712 
5 563 1901 2422 3452 3799 19.040064 -3.892062 98.938759 34.758972 -82.319376 
3 349 866 1614 46.404305 -58.377026 2.850710 
2 874 1687 -50.944477 -98.078168 
5 195 1257 1719 2545 2776 -52.301604 70.074238 59.456525 -8.909305 -31.535916 
1 3213 -81.930436 
0 
3 441 2260 2898 48.956713 94.359707 -86.519826 
1 402 61.737088 
7 231 1020 1366 1517 1742 3089 3377 -32.951547 -39.287489 11.575446 -92.739365 93.953896 46.811483 92.201503 
3 980 3670 3986 47.013414 -91.299922 -50.100283 
1 1814 83.132216 
5 40 1359 2548 3133 3236 -25.014414 16.911606 -10.909399 -48.187850 -10.985826 
7 142 1057 1140 1295 2239 2638 3426 -75.260733 22.744116 43.843496 83.434506 9.547746 43.725200 42.722552 
5 620 1395 1787 3163 3721 50.527649 -83.621622 79.743171 98.669860 -3.677813 
2 1553 2005 19.340099 -59.627485 
1 2682 57.084315 
10 139 347 1250 1560 1926 2101 2359 2691 3016 3764 -41.618064 -68.584795 62.786779 28.455185 63.466848 -84.373972 23.943854 -85.025988 5.701170 -62.040963 
3 360 1132 2258 25.619230 -22.288951 -5.857294 
6 97 251 513 1156 1540 3012 9.162673 -39.229335 -48.175345 -89.097262 49.898704 -36.538602 
8 18 821 1058 1343 2013 2530 2692 3605 -27.780953 -20.789210 -63.848641 55.221317 -82.353559 47.837900 -69.638501 32.149355 
3 407 1395 2920 97.567230 63.156335 -60.894049 
5 1616 2448 2601 2991 3671 29.231248 28.397847 -33.435014 61.587276 88.303632 
2 264 896 28.111173 70.227431 
3 669 905 1225 54.085132 -26.592203 -62.177367 
5 1357 2212 3323 3482 3634 -44.157004 56.144339 -53.344109 36.580573 84.202032 
4 740 2200 2566 2584 -85.747977 -45.765614 74.553712 69.750585 
7 75 287 1832 2439 2588 2612 3068 -81.934849 -3.909262 58.942671 -77.144756 -63.165620 49.045225 -2.663173 
7 209 571 1175 1654 2476 3414 3930 83.084167 -4.939178 73.819534 41.869633 -4.830353 -30.360673 71.544996 
4 19 1239 1938 3031 34.680951 -63.761469 -32.823759 -74.941817 
3 69 104 2625 95.781882 81.607895 60.937481 
8 266 838 999 1405 2193 2450 3828 3992 15.618693 -63.216789 -7.788389 -4.668726 0.817449 62.061933 44.493016 90.662149 
2 2836 3450 -35.725547 64.778449 
2 1313 2715 96.025604 -48.215787 
2 662 3328 35.580244 11.375196 
3 39 3260 3400 31.459776 24.208845 -80.459265 
3 497 3483 3498 63.608031 -82.602770 -51.737016 
5 501 1510 2769 3026 3921 -80.679605 -68.513335 -61.546974 -46.165326 -78.872520 
9 105 488 1069 1710 1732 2003 2644 3025 3687 -40.171826 -24.167597 5.344264 -26.343605 -91.163782 29.097261 56.270306 66.979082 13.507322 
8 395 433 1101 1256 1676 1980 1995 3345 73.205339 -51.358793 7.668561 -34.466593 -64.065012 59.102288 -96.830568 25.761400 
4 137 428 802 3488 60.419736 99.811757 14.223612 -56.266788 
6 427 1331 1736 2214 3007 3623 -40.827859 -37.063192 -32.402811 55.015177 -80.408513 9.585213 
2 555 2747 69.242603 59.529020 
8 1009 1135 1771 2035 3152 3354 3637 3891 -95.616093 -11.047535 -88.194732 38.219560 -52.907825 -97.871223 -49.117430 34.529250 
5 597 726 878 2119 3171 -46.959193 -21.397756 88.289429 27.406292 -43.815365 
5 382 547 849 1409 3691 41.868227 -75.661057 14.674168 -43.153122 -97.370978 
3 1184 1979 3092 -34.204674 68.662673 31.857679 
0 
6 1751 1907 2167 2528 3235 3818 27.099915 89.080755 72.844189 -7.859503 34.425425 -23.799895 
4 978 1002 1842 2446 73.634414 -92.936174 55.648301 82.994345 
3 645 1865 2389 -95.180797 61.492582 75.139237 
4 865 1093 1258 3425 -60.256006 42.687762 -31.097535 -67.463724 
12 268 358 567 2514 2849 2959 3205 3737 3802 3886 3943 3957 72.144010 13.495249 -74.516690 -32.499210 -69.478220 85.005359 -52.696390 -12.863338 34.640967 31.019198 85.643543 -42.820088 
4 1739 2036 3328 3885 -65.493582 4.119992 39.292943 -88.287620 
5 747 1206 1519 2778 3209 -15.892453 86.828693 -37.671271 24.409353 85.608223 
5 78 510 724 2102 3605 -7.348142 -11.704460 71.035062 -16.555804 83.659898 
5 944 1395 1960 2605 3796 73.712398 25.076982 96.370213 17.037035 -56.301963 
1 2343 17.525307 
3 1884 2848 3133 62.478024 50.490930 57.590814 
8 225 1028 2210 2265 2725 3687 3774 3828 -12.057843 36.284644 -66.575292 31.883627 95.530724 -28.238535 17.253026 72.616186 
0 
4 1249 1511 3363 3867 -97.905428 13.351910 -7.604422 -38.552082 
5 563 1221 1551 3836 3995 19.140987 52.253448 -41.851366 -70.457243 -12.184871 
6 196 266 1469 1808 2798 3434 56.538369 42.493429 -25.681042 -26.712113 29.435930 25.630425 
6 792 1198 1859 2586 3143 3238 69.835765 -79.319827 -22.058169 -20.882288 17.733730 17.887693 
2 311 1322 -83.121821 48.007730 
3 2034 2647 3169 59.885043 20.018795 4.007302 
4 245 397 942 1576 -59.252565 64.107906 55.717435 -70.726640 
3 1119 1431 1830 -5.516656 32.886988 -71.940180 
4 250 608 1225 3316 18.097844 -8.550984 54.764387 64.754922 
6 716 1676 2529 2878 3062 3779 37.721380 -79.977646 62.728650 -93.741169 -12.912956 72.608145 
2 1074 1113 34.769387 -23.368981 
3 1260 1261 1574 98.750991 -76.966322 96.992700 
1 1606 16.868451 
9 194 204 1065 1129 1487 2500 2696 2989 3835 47.781182 -57.723906 -0.879260 72.149694 59.075078 7.842554 -42.500914 69.471734 98.308798 
4 1216 1243 2398 2569 -49.968303 -29.374154 40.578834 86.582934 
4 877 1312 2650 3000 -56.080208 44.581602 -79.659171 -52.206264 
5 709 1071 1759 3381 3971 -56.060984 -49.869894 -81.116212 -75.679751 -47.019208 
2 1860 2894 69.496653 -4.591555 
4 1290 2996 3571 3894 -89.385835 -37.432399 81.165372 -54.266579 
4 544 1969 2974 3586 57.530219 7.601638 -60.310770 -28.807247 
6 477 1427 2828 2990 3269 3450 95.971321 74.735681 19.111224 -32.426710 55.975690 6.392238 
2 128 3326 -37.108748 -23.591587 
7 5 93 458 1211 3385 3587 3611 47.915737 16.560037 5.497702 65.905629 87.787925 -40.610844 58.160944 
6 178 848 1663 3119 3557 3914 36.912875 -15.777636 44.945676 48.134399 -50.096941 -2.219800 
4 1015 1072 1164 1647 32.021333 -65.016047 -79.445404 -92.242756 
6 23 436 965 3341 3414 3805 44.834960 35.193242 -79.866404 4.627833 -52.584181 -80.594603 
4 629 649 815 1975 83.158679 26.003429 -80.767142 -41.735645 
2 347 1414 -77.044401 -4.741658 
6 417 712 1842 1922 2924 3820 -54.144589 79.437657 -84.907649 59.128408 14.972770 -75.913265 
2 3630 3672 50.010675 37.288433 
0 
2 1321 2489 -98.119582 57.641326 
4 2032 2162 2641 3335 -50.348094 -10.570083 -44.945374 -49.861087 
2 492 3160 -58.758541 44.733982 
2 213 3436 -43.792355 31.032044 
5 694 1131 1804 2465 3908 48.168024 -51.216886 -58.011872 31.849110 42.304149 
2 3224 3814 -43.071501 35.471625 
6 1192 1512 1851 2041 2446 3840 -86.958993 42.483484 9.118022 -61.343311 19.036371 -56.397305 
4 85 424 511 2656 21.667280 -89.302744 55.184048 -79.075582 
7 985 1142 1543 1952 2834 3300 3449 -81.966744 38.467575 69.042803 8.496486 66.597697 -73.657009 86.897527 
5 1179 1800 2095 2189 3880 -32.365064 -68.392966 52.826536 60.466737 -43.126131 
6 587 1392 1698 2642 2915 3864 -65.319801 37.775935 17.329214 36.816564 49.977022 -18.715025 
4 1941 2913 2918 3552 83.395125 -93.321513 6.987201 -26.412405 
4 126 845 881 1553 57.883226 -55.556840 -71.237179 -24.336856 
4 449 1028 3126 3177 73.891914 -34.720345 -95.601995 6.945610 
2 1306 1408 -26.964436 -51.081268 
4 1173 1455 2310 3536 -66.587179 66.088749 65.990139 72.107263 
7 297 371 471 505 1380 2708 3923 97.814104 89.281615 48.128333 -19.758167 -11.684435 70.831986 -10.185919 
4 1407 1761 2362 2639 86.745387 -81.803664 -38.583604 -26.890546 
4 1677 1979 2174 3863 -7.283968 84.219077 54.940042 -75.994132 
3 942 3411 3893 25.342952 -47.502076 46.435869 
5 582 999 1039 1521 1708 -22.059680 85.265488 -19.719512 92.807087 36.310723 
5 2335 2776 2997 3164 3627 72.793222 61.495332 21.924174 87.268393 12.702633 
2 1556 3686 68.990144 -42.429822 
3 2276 2432 2606 19.824845 56.827183 -47.975083 
1 2411 63.788808 
3 1265 1955 3617 -12.302206 -52.421308 -67.597302 
4 1913 2766 2821 3115 28.878188 19.445508 -78.253203 21.494121 
3 657 2110 3706 -68.920717 -79.522232 9.594519 
5 364 435 1092 2300 3411 29.001432 53.479882 -75.633571 -42.835570 -52.062785 
3 654 2813 2830 -26.350461 -26.587213 -81.996963 
4 851 2406 2618 3160 52.481059 -16.218643 -5.042341 -14.534297 
3 1187 2977 3596 -74.179952 45.562107 -41.930362 
3 445 2120 3645 -82.564951 -24.454486 62.714622 
4 3321 3579 3876 3979 28.132590 84.379792 53.779642 -47.366969 
3 767 1559 2206 -92.311951 81.285016 98.202606 
3 698 888 3779 66.501644 -71.351813 65.002164 
3 173 2218 2640 -9.804286 -2.411102 11.881639 
4 988 3062 3793 3847 13.314395 -81.034740 42.924133 47.119057 
2 1615 2074 -34.704700 -34.134989 
5 658 965 1289 2554 3414 -7.700237 1.729112 -65.836459 -53.246465 88.145457 
5 96 254 1623 1647 1831 -33.371208 78.900392 43.909859 30.426823 -15.622786 
7 139 1025 1069 1275 2070 3533 3866 78.751985 -61.233545 42.025420 89.463272 58.594294 56.043273 56.407341 
3 196 2678 3817 -3.588892 20.652889 -74.095159 
2 1747 3822 -74.386698 -33.661677 
6 458 2836 2920 3465 3546 3935 90.290381 -55.103767 17.519883 -11.293729 -1.448087 97.913245 
5 901 2101 3102 3441 3563 -14.331028 -18.194664 -56.039355 -67.686428 -73.177960 
3 1479 1959 3001 -32.417853 56.815796 -78.442782 
3 1382 1471 2298 -18.906924 -64.034272 -4.016848 
2 2848 3590 3.496252 -13.039033 
3 739 1274 1761 4.743883 90.306538 -77.172788 
3 2652 3793 3884 -78.586991 -86.731303 -10.841731 
3 365 2863 2956 -31.975639 13.757617 -73.891707 
9 38 621 953 1418 2339 2942 3250 3591 3624 3.187014 38.669601 -3.834854 28.417523 -25.410316 93.966568 61.384346 -90.623261 23.985712 
4 1252 1486 1689 3711 26.991589 1.196346 -29.763463 80.373397 
3 1002 1661 2659 -96.114628 45.133335 -28.563067 
7 31 552 1261 1497 1730 2338 2973 25.413650 -57.651169 23.297969 76.926804 -32.557865 -6.062504 43.999900 
1 1584 -9.280416 
4 100 663 2029 3743 79.900408 6.060208 -49.222874 -69.619798 
5 528 1112 1420 2713 3042 43.368849 -78.074767 -83.936835 66.556132 -84.499494 
4 193 824 925 1168 36.999096 -41.480818 54.167932 98.966291 
3 148 285 2272 -12.402055 -16.612970 46.251625 
2 739 1349 -14.126639 -40.677322 
7 364 453 1105 2366 2871 3479 3734 -34.444321 -13.816264 -65.315550 -87.883580 69.349434 -17.871017 89.051321 
1 3523 -10.209453 
1 2423 66.560936 
5 265 1387 2615 2626 3963 13.134447 -64.764731 -92.151427 -22.094781 -63.932923 
2 1395 2204 -55.911604 -57.318637 
8 116 731 1411 2104 2321 2379 3880 3963 -66.557356 -47.002163 -71.761685 56.306173 35.268131 84.773296 -96.430737 -90.028871 
4 1698 2764 3725 3799 16.147729 -12.592741 -91.377117 -14.431533 
5 1599 2188 2448 2490 3254 -35.441314 70.138809 28.996423 20.745169 -92.225737 
5 418 927 1123 2818 3332 12.745129 60.308819 24.287604 -22.024253 -4.754054 
3 1212 2218 2962 68.791297 84.828682 -67.812310 
5 211 2802 3032 3074 3302 26.417499 -29.303913 -14.435751 -98.493490 78.952228 
5 1753 1804 3320 3418 3486 31.268654 43.584215 86.331119 -4.401476 96.292200 
4 263 1323 1906 3054 -16.789815 76.571250 94.739319 -62.363590 
5 422 436 605 1739 3778 7.361050 66.975629 -49.057375 -4.865868 -56.222477 
2 1280 3021 -88.376901 -55.322388 
5 956 2226 2944 3230 3271 2.526521 76.954998 83.082917 -3.223043 20.543657 
6 13 432 1147 1852 2985 3130 -10.257819 75.927459 -34.948998 2.526721 83.186901 72.698908 
2 1812 2452 -32.058477 -0.840021 
3 2434 2893 3924 29.350447 81.583702 -17.788891 
3 1458 1873 2878 -68.850546 -16.823047 -63.954269 
1 1925 4.987857 
2 2434 3549 17.563202 -82.756128 
6 326 335 775 1719 2609 3981 0.703793 95.904735 15.326708 -98.428097 18.611448 71.776570 
4 193 1315 1769 2448 -79.970790 -64.858557 -45.028164 -3.176278 
3 104 1212 3651 54.050125 66.319261 64.869557 
3 672 2324 3132 2.704133 39.773388 60.884041 
7 555 781 1901 3369 3527 3672 3736 -1.340887 -78.636206 -44.031963 -36.451369 -74.787763 36.696305 9.295771 
3 427 983 3759 8.134073 -1.417007 -51.984189 
1 1538 29.516200 
2 3464 3540 -66.577676 -58.637245 
7 174 615 827 1024 2417 3036 3894 -9.134789 73.453964 -47.006776 -38.504649 9.759486 10.902235 6.437644 
2 760 3538 14.617469 62.899759 
3 2887 3113 3864 27.675426 -52.886139 32.648301 
11 200 820 1627 1820 1831 2461 2482 2805 3089 3863 3942 9.699722 93.185218 -2.607939 -50.174945 2.546745 60.343185 -66.340832 6.233181 89.726244 -80.228419 -6.475048 
9 405 826 1109 1576 1587 2343 3032 3230 3721 47.809232 -87.144328 2.122016 -97.193723 37.818701 -62.255139 -26.270347 7.545079 62.932481 
7 278 592 1792 2279 2707 2874 3271 61.201951 -58.702208 54.749953 -30.899131 61.856256 -99.984270 57.182568 
4 27 1187 1760 2225 93.492830 28.911430 1.397664 -51.294778 
2 1276 2419 -28.989773 -82.243986 
6 837 2230 2410 2469 2965 3205 -30.248067 25.222938 -13.029434 27.578469 -52.507353 17.734987 
6 448 1875 1998 2331 2678 3997 -97.202587 56.825321 86.927595 -17.621219 79.533123 99.045469 
5 361 452 1278 3316 3846 46.604196 -30.312967 -44.303814 42.923295 79.560891 
3 781 1975 3715 62.432733 8.841618 -62.058829 
3 507 2756 3883 -3.804614 -30.576656 49.801491 
6 358 717 2863 2936 3035 3371 48.391297 90.682511 -81.330837 -36.547582 78.893853 -65.520676 
4 929 1522 3593 3861 -52.501964 1.414829 -38.242220 10.578140 
8 211 250 365 583 801 1785 3576 3727 -5.527732 31.835089 -55.514389 -29.205952 -42.137757 -83.819987 -71.296321 38.281149 
4 869 1354 2829 2846 -39.755705 86.656285 -69.706669 -23.043189 
3 11 1013 1483 -84.334092 -16.394213 -36.691534 
2 1223 2543 -58.991687 -56.889161 
7 22 765 949 2026 2180 2278 3706 -82.771611 48.852464 -72.151321 -53.425270 91.175320 46.780216 -44.228549 
6 309 515 699 3489 3694 3988 16.335466 96.509183 -64.988363 77.226521 -97.888180 -5.056043 
4 38 895 3195 3810 -43.459407 64.205391 -29.632743 -88.214312 
5 1229 1496 3185 3204 3300 58.541321 -6.559955 -47.957965 44.193554 87.399999 
2 1963 2973 -57.188030 -34.479523 
1 2280 19.481684 
1 1889 56.935395 
6 961 1389 1674 2039 2872 3196 48.287088 32.703343 68.748375 2.829201 -3.490539 78.169863 
4 1337 2610 2756 3707 -42.505995 39.319976 7.636226 19.655304 
2 3121 3318 -11.804503 96.331925 
1 3899 16.048904 
8 307 992 1140 1334 1344 2082 2179 3567 -21.225498 -92.173367 8.633135 47.496783 -85.393085 17.749219 -23.299115 43.399499 
4 2079 3501 3677 3975 -15.321434 -47.849979 -1.483961 -96.141248 
2 41 3214 -76.774272 -2.019047 
2 3234 3895 33.481363 -5.756613 
3 3335 3627 3807 -50.582998 -88.018296 -15.056401 
3 202 1819 1871 -36.042622 -68.018129 -68.885323 
0 
7 1049 1108 1355 2584 3031 3060 3194 -60.244782 91.867717 26.850652 -92.939305 33.837329 8.770622 -41.254447 
2 108 1560 91.414871 -70.627721 
4 488 1798 2140 3485 42.745881 92.823964 72.904825 26.741868 
3 660 2086 2944 53.162547 -17.733995 6.392553 
7 309 1251 1411 1594 1816 2390 2596 80.188154 -69.503232 -86.670196 40.465950 -56.277594 -97.931162 -93.572337 
5 85 684 2225 2845 2884 43.459469 65.038856 -57.773119 -19.505154 -83.440307 
2 79 3320 -29.941562 34.284840 
6 86 1639 1721 2197 2492 2607 -14.751539 -85.567525 -47.677711 -98.541279 53.122953 -41.449864 
6 226 599 825 1542 1943 3765 -41.237672 72.725132 67.186228 11.035098 -40.168278 10.666535 
3 665 1932 2417 -91.045759 55.423836 -3.249387 
6 69 965 1382 1425 2382 3737 90.573364 -36.195786 -79.751037 -8.081707 95.725353 -81.027356 
2 1414 1706 -85.387608 69.933319 
5 340 737 1577 3280 3646 -17.966439 55.235844 -23.950390 -26.350039 -19.195597 
3 307 745 3965 94.756736 90.388103 -48.137203 
1 1070 77.780859 
3 1613 2230 3755 -8.948847 30.233837 8.951144 
3 135 1402 1462 30.576970 -12.921537 -7.970842 
4 113 2811 3249 3551 -49.788436 75.155494 73.912337 57.932946 
2 2697 3112 -14.891546 -69.701813 
4 497 559 1953 2089 -4.917159 -73.036309 -20.845090 2.358420 
2 1854 2178 -17.085971 -22.899638 
2 2224 2955 -64.851957 -11.917402 
3 112 766 1211 -80.756558 1.609059 71.852221 
6 594 1944 2391 2396 3353 3546 -19.385745 80.507311 83.348413 27.515416 16.731949 -81.395105 
4 898 1187 1437 2848 -47.197619 -92.983806 -54.201604 -88.338857 
4 1673 1758 2452 2550 80.684167 -38.443647 8.670776 15.963986 
1 1937 -78.970327 
3 76 1337 3235 -78.962445 -71.763800 -45.055422 
6 150 2052 2080 2943 2995 3628 -4.794058 -29.208949 -80.827778 -76.841239 -30.202858 75.749868 
2 1717 3142 52.021556 46.674998 
3 1094 2031 3327 61.527438 -19.350492 2.755708 
2 1424 2615 2.466722 -34.381576 
4 581 1929 3411 3631 13.507326 -69.818745 -88.403578 -44.759840 
4 698 3401 3407 3677 -6.408737 -34.834539 -74.020716 76.619564 
4 1875 1955 3767 3923 -93.207670 -4.165543 92.706595 76.852158 
1 3882 -63.206990 
5 477 633 795 3227 3339 13.311713 -32.629892 8.789949 -76.232102 56.993050 
5 479 1247 2504 2612 3029 39.566894 82.537466 42.495334 -29.845582 65.076695 
2 315 2703 29.257119 -41.988670 
2 1911 2504 1.534648 4.728002 
5 1366 2017 2887 2919 3423 55.033723 94.045184 97.711580 70.013406 -14.203710 
6 414 1612 2001 2140 2406 3601 -82.922630 -72.611962 36.589654 3.802098 -19.828517 -62.800741 
3 401 1664 2326 8.756031 -3.269316 -99.164102 
3 775 2250 2485 95.952317 50.291610 -59.278421 
3 138 2711 3956 -93.105918 -63.133424 -95.442314 
4 1280 1286 2410 3317 36.062488 -35.758218 59.229315 35.760240 
0 
1 520 -77.056619 
8 843 1276 1506 1994 2622 2982 3265 3809 82.505275 54.759987 31.512536 27.713986 -28.956576 -5.674448 -85.012192 28.975923 
2 2360 2503 -78.192245 72.548919 
7 1185 1669 2645 2852 3104 3810 3880 83.626840 -29.396360 51.930966 60.281133 41.813382 13.238602 32.794844 
4 34 1415 1755 2371 60.691167 55.705199 -65.162067 -94.664516 
2 1555 2765 -29.248086 -62.583844 
5 501 2037 2789 2946 3350 53.889595 80.436072 -71.574839 -21.346213 14.206214 
7 1014 1333 1576 2129 2917 3260 3400 0.134420 37.464794 -77.280355 -6.146767 99.161804 -93.289328 -42.833054 
7 1146 1951 2042 2134 2653 3052 3098 8.660075 2.319141 70.013962 -78.260739 -5.522587 -33.821634 33.742965 
6 241 378 645 828 1939 2866 -20.683099 -33.364371 -1.331880 46.188411 36.690246 56.477414 
3 1660 2695 3311 -35.678419 -88.827043 -90.141709 
3 1638 1711 3357 14.241811 94.730672 -8.701492 
2 2573 3027 -26.024451 -35.492966 
5 1188 1536 1753 3003 3468 55.371871 49.325570 18.216199 -94.744437 -77.528618 
3 1201 1610 1891 64.287278 97.396892 10.562492 
7 589 2132 2518 3455 3466 3604 3817 -13.836927 24.420669 -93.030310 -5.192304 14.941273 -51.092075 -28.444349 
4 610 1579 2025 3322 -4.231068 13.955687 3.854578 75.841378 
3 851 2535 3023 -40.673948 -8.384469 95.758072 
2 793 2871 -47.951961 63.222343 
2 1913 3930 95.404060 81.949916 
5 613 1630 2969 2998 3992 25.304260 58.300364 38.128572 -71.464862 -53.154757 
6 105 1339 2046 2527 2903 3370 6.398232 89.073283 -64.797856 55.924546 -56.861039 1.488477 
2 66 192 -1.000486 20.891593 
3 1145 1760 2954 72.784053 61.246296 37.171454 
5 777 1635 2753 2853 3734 39.047401 69.598493 -37.334744 -44.831003 -29.623717 
4 390 860 1368 3733 26.894179 29.284426 -55.209929 -41.837003 
4 1037 1851 2365 3324 -96.237794 -44.450564 54.088837 -38.911747 
5 149 1886 1963 2010 3462 20.338713 -37.287820 -36.394040 44.947721 23.853200 
5 900 1103 1922 2602 2935 86.470781 -39.179380 84.342844 -64.075570 -8.960263 
3 2041 2902 3145 63.000941 -62.048329 45.792053 
4 50 1437 3061 3133 62.287568 -8.351615 41.144764 -60.295747 
9 249 1171 1741 1801 2280 2507 2836 3494 3699 17.615709 -38.084389 -19.286984 -91.725245 4.798247 -40.997870 -11.194672 -79.621565 9.309843 
6 202 963 2139 2809 2813 3651 49.090616 -8.486284 13.457157 70.539697 -3.462974 72.546736 
3 97 2365 3913 63.122049 -47.020693 -79.291561 
3 748 899 2692 74.673429 18.172163 -22.926730 
2 2071 2101 -44.676963 27.089728 
4 593 711 897 3343 72.035549 -17.681880 44.194508 -95.613755 
4 1180 1184 3586 3774 72.543276 -10.352511 27.820269 34.709431 
5 534 719 2767 2911 3737 -55.786984 -87.123047 -15.495132 -70.145364 -53.220952 
5 465 1782 2566 3066 3181 3.414191 -93.041694 93.838075 63.430128 -64.720925 
3 1571 2236 3578 -30.456476 35.685250 -33.825562 
6 907 1041 1179 1209 1773 3413 24.375587 6.128828 -84.627881 15.371253 -45.941931 75.932811 
3 1825 2651 2708 29.176460 -50.228426 -97.903187 
3 1142 2857 3907 -12.653020 -81.432752 -66.237692 
1 3525 63.415419 
0 
5 802 1322 1462 3064 3338 -8.717961 37.775448 28.518890 87.931109 56.209701 
9 183 282 902 1728 1828 2307 2496 2507 3466 6.116628 -67.469278 71.134755 -90.869435 -79.543029 -81.922164 92.328857 -86.001392 -19.673428 
9 1123 1128 1197 2142 2557 3123 3203 3516 3879 -45.694053 4.402431 95.169140 -79.966672 -46.911658 94.208085 95.144558 36.191137 40.968050 
2 506 2485 -15.661290 -40.562101 
4 310 715 1214 2280 -94.033578 -11.341334 50.434561 37.402818 
2 50 265 46.145159 -86.943316 
2 1274 1819 -10.135229 -4.991269 
6 496 515 2126 2593 3757 3887 -55.315863 -12.401893 -30.106690 28.763117 -53.151222 5.569260 
4 566 1986 2106 2740 -61.204700 -58.717795 -59.182724 -30.593120 
4 1957 2670 2682 3740 65.031021 24.731476 5.239079 51.306605 
4 208 2423 2916 3659 1.823375 73.384105 80.301224 -67.222574 
4 153 899 1721 1842 -74.628037 -50.259065 -2.956986 38.190130 
3 172 594 3409 77.020913 -34.846127 95.026096 
2 275 3256 79.618849 73.345771 
4 1910 1938 2139 3612 -92.816433 95.314742 -6.211304 87.634040 
1 2065 60.953960 
2 68 730 74.909697 38.545829 
1 3626 -54.843013 
0 
3 428 1179 1372 -89.747866 39.092914 36.229453 
3 597 1386 2407 48.924575 24.993567 96.936804 
3 2344 3031 3497 23.875419 -53.570001 97.145553 
3 316 538 3085 -85.781978 -36.349991 -60.099998 
4 55 1495 2796 3770 90.729800 12.828742 42.663473 -60.879581 
1 585 17.238152 
5 286 2115 2338 3722 3876 90.203058 -63.826912 -95.049869 -93.496516 78.557851 
4 971 2571 2621 2949 -16.628819 -67.530023 -68.286388 53.438843 
3 304 3149 3889 38.098817 56.412610 42.367849 
2 557 3996 -72.594895 -28.806232 
3 2001 2432 3017 69.655966 38.629276 -28.422827 
3 272 703 2226 -76.673881 -29.803146 6.028037 
6 542 825 1128 1161 1452 2502 33.804396 -66.808757 -90.508983 -64.690196 -91.690908 88.216867 
3 309 1243 2415 99.805578 -96.352238 53.927119 
2 487 2275 25.121130 -87.804583 
4 882 1010 1783 2359 67.549028 6.022988 -77.032108 -91.770929 
3 1173 1220 2963 69.454406 -84.190841 76.371685 
4 712 2369 2578 3028 -14.656602 -23.010239 33.714203 -72.609655 
5 258 510 1271 1279 3941 90.510649 -45.085464 -65.035147 -13.840326 24.205420 
2 1294 3497 -41.479304 -20.737982 
4 1215 1971 2994 3707 -72.346704 9.195048 -51.594810 53.220654 
1 2181 37.628547 
4 9 597 688 3483 -93.949334 28.105899 -90.244618 -44.232171 
5 130 992 2036 2107 3338 -92.394341 81.730930 0.960971 -5.522431 2.806240 
3 1573 2880 3275 -75.228214 -65.966581 85.253289 
3 959 1818 2943 -87.839095 -32.169180 36.216221 
6 969 1272 2670 3504 3653 3754 -33.436833 -17.893079 79.151501 72.895946 87.174788 -34.529352 
6 989 2673 2835 2906 3741 3824 81.343147 78.937650 -62.909620 64.117576 58.314454 94.364214 
7 661 892 946 1782 2243 2643 3281 -21.052286 -66.831908 -70.000670 -79.905255 23.810569 -48.209961 44.117397 
4 262 1292 1383 3051 -27.100904 71.958425 -73.428647 35.463549 
7 25 1874 2139 2161 2916 3910 3969 54.645910 -98.909000 -56.209009 16.794076 -57.209729 7.482180 47.970719 
5 796 2217 2722 3140 3416 72.686292 50.120065 73.197831 -61.125571 -26.191320 
6 1091 2082 2304 2887 3469 3681 -39.320282 -49.911076 61.995613 -71.921851 12.406955 46.614900 
3 243 1444 2882 -39.863859 28.244410 -31.525368 
5 728 1302 3365 3712 3800 87.642105 11.821578 -56.024410 56.016750 55.276951 
5 341 2676 2784 3724 3831 56.982909 95.632727 -40.598217 43.261280 -42.001097 
4 148 2942 3061 3471 2.119556 -13.585863 7.848951 -99.712694 
6 324 590 1618 2555 2896 3286 -15.848145 -99.820283 -86.174443 -88.033135 57.636200 45.524090 
5 46 1894 2229 3113 3613 -90.224763 -31.633394 20.290453 90.327814 -94.155520 
4 976 992 1449 2778 51.759679 -67.162221 52.690696 55.611108 
3 1436 1996 2890 22.948129 -10.998467 65.827977 
0 
5 803 1266 2343 2699 3614 -22.806890 -8.040227 42.867843 -93.386529 -15.561411 
3 45 1248 2388 35.591467 -92.942881 15.031788 
3 801 2571 2705 31.652325 -84.026957 20.560638 
4 1124 2015 2053 2874 -46.428615 -18.891201 -90.093680 -41.880099 
3 768 2684 3103 26.186493 51.976772 -90.107559 
6 15 1040 1258 1349 1981 3010 -1.924169 67.818752 -69.297334 -38.124687 5.224584 65.381887 
6 679 1624 2123 2922 3136 3529 17.523747 40.319748 48.850799 -89.274858 -47.029048 14.142446 
4 364 784 2213 3394 -84.498212 -71.368241 -77.036909 10.665283 
2 479 2533 35.535412 -38.729618 
5 883 1204 2579 2595 3428 -88.730025 95.615138 -25.161277 -21.107211 16.899569 
2 242 1816 6.364189 21.144920 
3 712 3184 3963 -24.941254 97.019107 -8.181859 
5 1203 1876 2617 2650 3980 -81.179598 95.102597 -79.023712 37.312884 -32.551264 
3 316 2193 3119 20.580240 -64.256744 20.262233 
8 287 1177 1715 2259 2432 2471 3809 3959 -50.542334 27.696941 -14.706937 82.371349 -24.507474 15.110921 43.645752 -60.336043 
5 2615 2654 3234 3837 3976 68.218959 62.653630 -3.470873 96.081007 -10.141226 
4 1549 2836 3440 3836 74.947027 15.419652 -73.056660 -1.726192 
3 2615 3160 3415 -56.822648 80.552452 51.417780 
2 1999 2049 12.062299 89.216667 
2 1139 1616 -28.526897 -47.880282 
3 634 1816 2748 -87.642415 83.472467 -8.686305 
3 855 1120 1953 -59.112473 67.033708 -95.822148 
4 1276 1952 2399 3594 63.190666 -46.544250 20.011633 -64.821502 
4 388 882 1703 2122 -32.881207 32.651137 -41.869348 -45.472521 
6 1768 2030 3059 3277 3879 3952 87.790318 18.447536 -56.313716 -11.723513 7.585740 -32.040301 
4 247 850 1018 2689 32.870246 -4.447795 18.864686 75.603620 
5 1127 1939 2647 3308 3655 -87.681762 89.998353 57.578605 -60.979844 19.923527 
2 508 1638 50.235631 65.406747 
2 1715 2503 -46.441613 -70.843103 
3 1562 1611 1687 -1.346901 58.503514 -46.704949 
3 2237 2576 3981 11.480493 64.671743 -48.770680 
3 1096 1295 2834 -92.249732 23.421211 -71.041783 
5 188 1143 2071 3321 3428 64.863262 96.447807 32.996988 -25.210825 35.642694 
5 273 881 2390 2439 3339 -34.295202 86.972148 -7.418195 76.049840 67.235238 
7 3 1170 2343 3071 3422 3929 3943 91.413445 3.323421 65.857619 -8.739129 27.324232 15.857171 -76.724170 
6 143 662 1137 1832 2430 3754 -19.168587 58.684191 -79.341390 -66.531947 16.779994 82.639760 
4 32 1361 1403 2198 -5.339023 -10.208542 -8.465139 5.574866 
3 205 2084 3200 -45.535525 41.619419 -5.521499 
2 215 1259 1.290528 78.400332 
3 813 2000 3732 55.873907 -84.743413 85.204219 
5 50 978 1267 2671 3321 61.303425 -34.716709 11.759286 -81.199536 -67.395684 
3 1271 3171 3984 -44.127967 93.789828 22.982430 
5 891 1007 2498 2853 2856 -42.600061 -10.067915 -21.029437 -53.080719 -59.660468 
2 1998 2538 -49.549661 -28.663622 
9 70 573 871 2375 2455 3015 3058 3280 3378 -28.781865 80.553984 -2.814243 5.883105 -63.565201 -69.612594 42.363041 54.945805 94.476656 
5 205 397 513 647 3655 -54.720386 81.344948 -37.384246 -24.255125 -53.746011 
3 458 1179 3437 -7.362566 -36.184417 85.014957 
1 2500 61.850638 
3 1762 2194 3588 -76.311071 63.574272 63.477624 
3 1384 2310 3436 30.904933 5.806654 82.393662 
6 587 658 1071 1108 2007 2583 18.739913 51.965712 -54.019705 71.917759 62.851162 77.714408 
5 417 1580 2472 3555 3585 2.460649 95.915055 -44.064554 -17.079317 -22.161948 
3 1075 2038 3752 33.458729 97.237533 4.512452 
2 1818 3573 -84.584434 -48.566696 
0 
6 980 1031 2380 3079 3691 3969 91.676150 66.793411 -97.261644 39.126091 -70.644797 -92.173533 
4 507 863 1565 3978 89.499649 -89.526368 -42.916293 44.723809 
6 363 396 2297 2542 2711 2852 47.657721 16.912695 3.696807 18.927907 -4.473321 -62.552538 
4 224 2009 2169 2259 -24.550870 -76.826050 -7.424266 45.595683 
7 853 2199 2243 2373 3359 3602 3747 -25.148838 -97.492999 70.916259 -78.911393 -23.839205 -7.636102 -31.592750 
5 27 941 1391 1496 3108 34.351130 98.344553 5.468008 -48.382029 -30.162201 
4 560 2245 2796 3134 -44.876687 -20.050806 -60.798727 -25.814999 
1 3128 20.300288 
4 767 1722 1782 1807 83.769164 97.601388 -66.759348 -26.108751 
5 694 1150 1216 1467 2717 6.227030 -91.369120 43.342841 -62.511599 -36.507238 
6 560 1299 2624 2919 3315 3588 59.889382 -5.217227 89.865404 -6.370918 32.284346 44.872821 
2 337 1932 -64.584426 16.260079 
4 1476 2390 2686 3000 3.002561 -94.504692 23.835082 37.248512 
6 1137 1364 2790 3251 3599 3819 91.824350 -90.960659 -94.639762 -22.970913 -7.362069 -96.546643 
6 782 1194 1210 1995 2478 3709 11.027366 54.537226 51.038765 20.699047 26.724524 29.365912 
3 66 2525 2529 -11.301164 78.096903 -47.255547 
4 524 1143 2821 3911 75.638311 -27.435424 -89.587482 -25.504436 
1 3845 -0.765530 
2 2126 3068 35.379462 18.671973 
9 22 82 352 1877 2734 2997 3133 3266 3819 -61.676070 74.890733 0.183666 92.764891 -3.704584 12.186307 -45.913633 31.442597 78.109618 
1 3405 95.563114 
5 895 2493 2954 3053 3351 -68.385266 -61.502076 24.937987 7.572783 56.944678 
5 1871 2096 2683 2836 2854 31.022326 78.398818 -27.857460 51.289409 -68.350970 
7 650 1013 1723 2593 2910 3825 3868 -87.605936 78.264024 5.207986 32.750595 37.332332 -50.958902 -8.477189 
3 232 3261 3554 74.390692 -26.242725 -82.363185 
1 3074 31.923932 
0 
4 690 1512 3306 3399 -31.708574 98.464686 -99.451550 90.929760 
2 2800 3737 74.517145 -73.513074 
3 70 242 3512 65.837726 71.115022 35.386979 
2 2340 3643 13.687733 -94.534648 
3 1474 2245 2425 -31.001786 1.087370 -58.623958 
7 114 1574 1579 2721 2899 3123 3442 67.401882 98.120882 -99.294637 95.372999 56.081129 -70.725793 -35.094292 
5 572 1625 2304 2384 3906 95.744909 40.021138 61.275099 11.454140 15.336235 
2 740 2456 -32.304326 -1.746485 
4 946 973 1002 3432 20.469490 14.100029 81.983838 54.143033 
1 1297 -11.521091 
5 974 1202 2143 2218 2611 -80.919816 -53.466390 -50.308099 -75.163329 -74.255922 
8 414 659 1271 1735 2235 2397 2725 3372 -81.816486 -25.669112 -2.559425 -63.199108 -50.319819 12.635741 62.023584 64.622193 
3 29 354 3282 -63.435247 72.454462 -59.174926 
5 183 2151 2221 2968 3289 60.922007 -25.921016 -3.977187 -6.934811 -37.751534 
1 3662 -68.126523 
3 1799 2141 3074 -20.118012 95.999831 -43.810672 
3 380 1398 2239 -57.865011 99.086773 -40.843369 
1 1643 -1.086471 
6 343 674 1494 2358 3695 3715 -86.798904 -71.836116 -42.389117 -4.923591 -53.274082 76.519172 
3 56 2203 3892 -86.130520 78.245140 37.048943 
5 75 533 627 2706 3259 -19.624288 -8.073871 77.484311 -68.458348 -95.913584 
1 2976 93.575107 
1 2399 24.958078 
3 11 3065 3466 -40.787638 25.988844 52.210226 
1 2452 -32.290151 
7 1329 2193 2289 2489 2777 3254 3902 -92.811097 45.738647 -24.656356 -59.231981 -15.592235 -15.780766 73.529110 
9 569 1026 1037 1862 1985 2008 2630 3706 3755 -20.936566 0.677981 -55.362110 -96.685602 59.183787 -36.948819 83.511115 6.527511 -83.812751 
0 
4 828 1209 1390 3542 -56.158260 -87.445300 -74.736007 -50.441932 
4 163 1885 2891 3303 25.705111 -33.644704 -79.986794 5.640705 
3 260 789 3444 16.612575 -71.273784 23.474091 
6 1379 2106 2502 2837 3351 3422 8.658617 -11.728386 93.712205 -5.320095 42.428851 32.567127 
4 363 1832 2265 3721 -41.905871 72.179564 24.198377 94.743336 
5 1150 2416 2555 2757 2822 85.174319 -31.268660 29.738551 55.584327 -78.651456 
7 1359 1548 1798 2972 3019 3713 3982 -42.160366 -81.326968 32.704918 90.265082 20.707294 -2.617027 -82.469786 
2 492 3658 6.469951 -2.836904 
6 758 877 1568 2235 2658 3576 -92.440406 -28.337979 -82.435731 71.280459 -85.641017 78.639661 
2 98 1289 -3.348953 -78.039250 
7 993 1103 1344 2196 2228 2600 2785 91.491292 -21.972267 39.783356 -83.347979 -9.275261 71.272005 21.032679 
5 135 1112 3380 3417 3866 59.954906 9.358241 -48.131000 13.491403 3.898321 
4 209 1173 1247 3048 36.008351 -17.381852 84.887380 -78.480265 
8 1075 1764 2127 2186 3054 3220 3710 3789 11.454195 -9.702266 80.098045 -62.532249 -93.609314 -97.999342 -0.599817 36.060082 
3 524 633 2309 -23.554955 -18.660952 4.684379 
6 111 182 604 1704 1889 2416 -30.055884 -13.563727 -80.778849 86.402477 -71.450673 91.798029 
6 2015 2116 2167 2289 2677 3813 13.977271 21.009139 93.877723 50.373432 38.650292 -29.956885 
4 464 593 1783 1978 67.369125 59.803361 -51.511495 -47.891076 
4 697 1517 1953 3164 13.529212 4.551296 -96.755287 -76.976840 
5 255 2447 2456 3371 3811 -96.203148 -70.353925 -12.900654 98.504964 42.246312 
4 1238 1850 2924 3342 64.420930 1.821083 69.406525 -29.279024 
7 5 183 1207 1649 2018 3214 3835 -89.624219 19.968301 -94.698989 22.586351 22.883855 -68.552238 70.045131 
4 314 3223 3818 3920 14.447804 -90.127500 58.490548 47.370132 
4 1079 1351 1605 2365 71.911040 20.037560 -86.577244 -36.722846 
3 21 2709 3145 -84.789013 46.686864 -58.634237 
5 622 1241 1460 1935 3247 6.801461 30.554901 44.662982 93.074326 -27.044119 
4 853 2436 2783 2891 -14.085425 -59.054353 59.790026 -55.661519 
2 1005 1200 -41.165603 -89.117045 
5 1429 1821 2424 2456 2769 -51.122899 27.497064 32.323418 -85.635121 17.534711 
4 45 1103 1340 1976 51.502463 -49.601445 70.788926 51.908212 
4 1259 1262 2612 3490 -68.716166 64.106864 -91.967024 -62.662461 
4 436 1878 2751 3845 82.901248 -34.871102 -85.083768 -95.944445 
5 325 917 1110 2694 3244 26.925668 -35.575321 -67.456342 -34.246510 51.240653 
4 34 607 1850 3510 -90.962094 -15.859808 55.527314 12.774648 
2 2738 3103 -23.665875 56.973778 
6 1565 1918 2023 3283 3720 3790 59.195742 -5.339474 -29.191503 66.024441 80.891179 -43.341295 
2 1165 3024 -8.366332 -20.903421 
9 1445 1633 1659 1826 2320 2332 2445 2637 3223 -37.571364 -37.512453 -55.029670 -26.272120 51.259568 60.644562 -55.003209 -60.403833 51.994190 
6 93 397 1993 2817 3415 3908 -7.362819 25.221023 -52.415191 -95.237117 -49.716686 60.616279 
8 380 875 1042 1421 3024 3175 3795 3999 12.237384 84.033878 75.794117 80.124104 63.131960 60.189779 43.360269 -15.348906 
2 1422 3265 18.262654 21.061603 
4 68 306 1942 3805 -0.089401 19.388429 -2.524172 49.368756 
3 489 2143 3201 42.347077 40.105478 -30.726209 
5 3133 3249 3537 3864 3988 -41.751468 -1.532816 -69.364768 -28.316601 -63.899069 
6 1554 1578 1617 2437 3520 3982 35.467157 40.109490 29.370066 -39.263008 97.860585 -51.911330 
5 426 1483 1622 2634 3255 -30.179953 25.424747 -41.981415 -76.286385 9.388391 
7 774 945 1394 2345 2974 3540 3881 81.867797 -47.378881 -82.490861 6.872995 87.406516 14.043163 7.936666 
6 71 132 351 654 1369 2917 54.908024 16.384880 83.356877 90.169947 -56.946808 47.945639 
5 391 1135 1200 2744 3565 71.703028 53.075293 12.695746 78.412830 -29.144040 
4 337 449 510 3367 29.138861 13.643023 -7.222356 47.928076 
3 1078 1717 3114 -64.744640 -95.793228 -14.434468 
2 281 2983 -43.080413 18.961606 
5 63 172 590 603 3979 -65.001932 -6.926136 -37.466108 91.258518 2.974169 
6 544 981 1120 1190 1725 3658 55.927267 49.384976 85.192812 -27.102483 -31.576084 48.338656 
3 714 1520 1624 52.873703 72.653768 92.201749 
6 853 1344 1725 2807 2920 3904 -43.974136 30.910772 77.318518 24.088126 87.256913 -86.985072 
4 528 1290 2347 3053 -36.277932 -24.878580 -51.924940 38.299281 
8 627 1135 1154 1447 2508 2556 3563 3797 -38.254685 45.277098 51.231108 -53.659043 -38.457511 53.391899 -63.604583 86.079236 
2 2922 3442 36.673400 93.659616 
5 170 1928 2054 2260 3856 -33.476897 57.283152 34.941830 -9.135301 68.432005 
3 469 507 3553 -66.738972 98.002344 -84.820736 
4 1988 2050 3653 3675 -72.901062 -95.641051 -55.282349 -32.698869 
5 369 1135 1413 3012 3356 48.400714 -24.401411 9.871615 94.962047 -48.381058 
6 973 1671 1911 2036 2678 3186 -99.373828 47.811979 -51.463633 14.795856 -43.604628 92.772931 
4 29 2401 3031 3348 85.263848 81.762555 -50.107142 -88.012322 
10 227 576 966 1287 1662 1972 2270 2973 2992 3443 53.259950 22.380863 91.567318 48.220547 15.252245 -24.913442 -91.327142 20.668294 -77.221432 -30.310112 
3 1433 2559 3205 -79.080891 38.449120 -46.992493 
5 892 2265 3073 3083 3092 -83.935899 27.703338 -98.741507 70.937950 -55.708200 
3 2750 3571 3724 -94.863437 34.977217 72.398426 
4 1953 2689 2924 3511 67.200554 60.990570 71.532562 -93.277265 
5 1554 2253 2468 2893 3454 53.157318 24.110701 80.126860 -87.970848 -27.729209 
1 2349 -91.465142 
5 713 1682 1891 2642 3109 -96.930422 -25.281592 -96.566103 61.664142 21.353985 
4 77 1339 2102 2509 60.115403 -50.568610 -8.984062 -40.267036 
2 3285 3821 -82.754276 6.121667 
3 1200 1344 3299 -74.332204 12.679795 -9.653480 
2 449 2707 -51.837457 -61.580127 
5 300 2069 2710 3282 3625 -55.974705 91.731819 -14.931507 53.895778 -22.861783 
3 451 459 3523 -76.539036 80.571695 31.453578 
5 2273 2818 3013 3193 3496 -32.364345 35.877677 80.318620 -13.735876 -24.588601 
9 633 893 1109 1633 2209 2257 2890 3109 3466 45.508545 -53.574894 95.562069 -80.272217 14.822537 -14.160084 -7.721266 -47.464344 70.418747 
6 1470 2607 2688 3384 3398 3704 2.494064 65.749595 36.314992 68.293562 -89.224178 -40.864803 
6 321 895 1511 1627 3578 3848 -4.129092 -96.735676 96.461158 -50.270690 31.602250 -94.271909 
6 211 1815 1985 2294 2951 3174 -4.665126 -7.460769 -43.834481 18.935325 -38.465903 67.701803 
4 61 2214 2220 3268 12.876995 92.483210 -79.100928 -84.414627 
5 38 1326 2397 2505 3391 -90.396108 -93.174044 75.007107 -40.807214 54.052905 
4 953 2641 3094 3998 30.187422 -23.503751 64.462556 95.003144 
4 588 698 1799 2899 21.699366 39.487554 -84.218567 -87.696971 
3 1225 2104 2648 46.605937 -26.244362 -31.253374 
6 226 1315 1519 3155 3160 3401 7.805511 16.882145 10.651347 -26.418140 -35.550753 -10.837185 
4 596 3428 3736 3923 -57.143343 7.070139 -9.644244 92.865868 
3 1366 2117 3147 54.178982 -12.394193 -13.997351 
5 1947 2282 2738 3676 3747 94.452148 -83.248596 -9.414563 -43.322539 -93.206058 
2 3116 3269 85.718626 56.800517 
2 2090 3993 -64.957334 62.150769 
7 48 414 745 2409 2499 3138 3345 -46.925418 15.620672 63.308989 -80.182503 2.581999 93.845853 -25.969304 
2 806 847 41.465450 -51.598651 
6 245 1367 2458 2666 3554 3763 51.690771 2.788276 -40.461771 2.915582 -59.832656 74.046950 
2 1957 3516 75.755184 88.477416 
8 615 713 1401 2865 3071 3375 3959 3962 22.627860 -99.836462 -64.257466 -84.246920 87.889090 92.927921 -29.705139 -57.868321 
4 2467 2508 2583 2840 93.652693 83.524028 22.081728 36.173693 
4 63 1841 2164 2775 -21.576789 95.206716 64.291479 -7.754212 
6 1134 1882 1945 2019 2417 2520 31.039344 -74.205368 -93.807748 -3.389586 92.996482 -40.576677 
8 31 470 658 923 1465 2230 3440 3608 -79.718542 -10.256958 -24.366653 -54.655205 60.203158 40.881364 -33.877553 35.419203 
2 1370 2326 -28.898673 82.349138 
4 967 1262 2716 3175 -83.681872 34.635933 81.276583 -29.175971 
7 741 1113 1200 1557 1598 2898 3511 99.327714 -62.618971 75.465091 -24.924512 56.819390 -20.404378 -81.825869 
6 696 2018 2046 2832 3112 3996 34.963489 84.160386 56.875149 -99.061809 -16.094178 -29.901994 
4 465 2402 2895 3497 74.925703 59.604668 -15.308976 46.252055 
3 463 1477 3845 5.519176 -16.517787 15.471424 
3 1208 3057 3305 91.383750 -23.266519 64.743783 
2 936 3349 67.306940 -12.503245 
4 357 2248 2475 2706 99.322222 -88.005865 -8.966381 -41.042466 
3 623 747 2258 42.715954 12.076724 34.626233 
4 436 610 1035 3881 50.696250 45.821469 3.726278 20.323168 
4 28 1173 2331 3153 17.532786 -67.971855 74.021123 -25.383577 
7 175 811 1193 2093 2363 3006 3922 58.232594 -33.574177 -29.802908 58.177584 -83.837078 8.519076 92.386490 
5 261 803 1110 1144 2400 -81.086283 12.371001 76.171260 -47.294326 -54.899401 
4 1425 2160 2355 3679 -48.929089 5.471788 -19.128263 -22.897844 
3 1139 1363 3156 -16.220286 83.257685 35.069570 
6 742 1232 1590 1709 2409 2933 -93.106197 25.688849 51.330778 14.610169 11.080484 31.478590 
7 124 776 1732 2160 2207 3247 3625 47.452999 -1.449141 70.895185 -87.618403 -17.498178 -23.443881 10.522620 
3 419 626 1274 89.460707 -87.657623 -80.905225 
4 2465 2980 3239 3305 18.605006 90.611355 36.494328 -28.085882 
3 9 921 3453 -30.495823 53.139974 1.503363 
2 1314 1903 98.761163 -27.712090 
4 797 1038 3784 3837 -59.024692 -39.179737 43.483360 -19.683226 
1 1497 -60.697268 
2 1070 1651 -63.837306 46.101033 
6 329 759 1261 2257 3087 3979 -66.060718 49.375591 55.873473 -93.154409 89.317988 38.695942 
3 714 1675 3485 61.699752 15.771608 46.739706 
5 577 1955 2868 3197 3343 25.840478 90.069747 -3.364570 56.279958 10.969470 
4 557 1612 2312 3479 63.233703 -56.718564 -37.913938 -93.984571 
4 351 1463 2736 3774 54.809863 5.433664 -36.649349 39.221199 
4 21 595 1209 2784 91.650229 66.614175 32.415420 -35.303244 
8 77 1688 1917 2007 2833 2940 3352 3574 84.681606 66.035985 11.045293 97.939166 -6.005280 31.787009 10.854932 72.862189 
4 723 812 2951 3555 -80.911693 -11.997009 40.943742 -6.474536 
4 262 957 1208 3510 -3.377446 -60.770375 68.997655 12.026000 
3 1041 1852 1885 -26.083577 11.915532 -69.102134 
3 669 2207 3859 -48.462606 96.331891 1.825647 
4 120 610 737 1372 -82.830139 -70.679486 -31.731222 81.577524 
4 118 922 2537 3478 5.010099 -33.770576 10.873353 41.971120 
6 506 1814 2028 2419 2437 2690 -37.283467 53.032053 45.701421 32.380670 -77.932177 72.167595 
7 557 662 1019 2072 2201 2337 3398 40.780522 84.938094 79.399135 52.939453 -98.432365 -33.212828 -48.734706 
2 1058 2407 66.311253 -46.340946 
1 1242 59.527219 
3 713 2220 3785 -52.378706 11.248959 -41.273497 
0 
3 1280 1834 1976 -79.549470 36.208299 -85.681341 
2 249 3727 15.843076 7.124886 
5 840 2421 3393 3631 3633 -85.029427 -47.200803 -89.321079 29.916749 -57.354317 
2 1554 3488 -82.130190 4.551704 
3 1068 1112 1611 12.013504 -49.888292 58.751663 
2 3435 3832 -97.992830 6.437051 
5 242 557 2050 2266 3200 91.571081 75.133594 -50.941396 65.546167 47.888112 
2 992 1676 -96.247248 -87.782034 
6 1569 3049 3064 3257 3823 3976 -11.425662 2.687628 -12.993627 -74.306429 -73.185752 -24.459562 
6 1424 1425 1615 2143 2761 3738 -3.535968 -3.175528 -66.892043 -42.787223 -61.301193 42.857455 
5 412 561 973 1302 2598 -63.438324 30.883132 -93.706399 16.265462 32.382652 
3 2625 2919 3612 98.741857 -88.852079 -90.547379 
2 1208 1321 -94.932595 -19.465115 
3 1688 1924 3111 86.647405 28.925221 13.596198 
3 1543 3349 3860 -18.372304 -92.502598 5.274195 
5 610 777 1537 2550 2568 -89.349089 66.585256 27.620067 -93.192439 47.139871 
2 1872 3659 98.848238 14.860854 
5 624 1707 2015 2784 3912 -21.888458 -2.263072 -29.033402 56.664679 -49.676531 
5 280 482 740 2067 2308 27.128621 80.259181 -85.547265 46.677192 -73.600346 
2 1434 2866 -90.382917 88.271650 
4 1432 1948 3035 3469 29.874084 59.215580 42.119074 74.994719 
7 17 192 1821 1826 3272 3598 3986 25.412153 60.045583 -96.019547 71.536056 -46.527490 79.938352 -67.344253 
5 170 679 1264 1874 2485 -23.793001 -48.354040 59.009008 -64.042942 -87.596841 
3 404 2670 3565 65.943670 -57.428368 -97.314592 
5 802 1238 1383 3350 3897 -12.627379 25.878085 -4.958804 16.184515 17.528724 
5 112 315 985 2643 3977 -63.685868 62.322673 -3.907558 -35.431399 -50.538658 
1 2232 73.172228 
1 1393 -33.950990 
6 1484 2674 2889 3006 3219 3874 -95.725061 44.341965 67.835890 -3.305849 -60.562547 -74.637942 
5 173 190 1088 2280 3333 75.869778 69.062316 -68.131938 -30.165848 -96.033606 
5 2229 3149 3156 3352 3764 -5.231951 33.021921 92.170052 47.376147 -37.450775 
2 2757 3125 94.541841 5.526941 
4 1 699 2946 3843 -12.133407 26.830787 7.549778 15.068655 
2 3099 3376 -93.310470 -53.721656 
2 496 2259 33.801119 3.495002 
6 1240 1331 1963 2716 3087 3441 65.573139 24.809897 -34.213199 -9.011283 -77.563811 69.519836 
5 277 1212 2366 3357 3591 56.787529 51.604390 77.434036 -41.899061 -16.062335 
7 475 1026 1989 2284 2747 2808 2945 -16.710680 37.771580 -64.583274 -58.093931 60.162157 0.509464 -66.363249 
5 435 1411 2012 3462 3759 74.214808 -52.532897 -16.802652 7.945398 -34.477842 
4 215 913 2400 2948 -26.406539 5.193209 -22.427108 -42.836339 
6 73 120 715 1066 2503 3737 -34.633543 -59.982300 -64.273737 55.969371 49.165596 78.499231 
2 930 1592 10.088660 -87.984589 
3 115 738 3625 -48.901027 62.539088 41.712280 
5 1100 1362 1694 2355 3992 -31.506693 -74.748111 -6.126752 69.527974 33.391424 
4 994 1832 2433 2717 24.050989 38.881491 -84.421219 58.523902 
3 1820 2927 3283 -15.714870 -45.430261 52.156539 
3 832 2036 2105 -12.847903 -66.355587 82.930127 
1 3164 62.762644 
8 692 758 824 1797 2389 2444 2708 2790 -49.575077 19.239552 66.276048 16.705021 0.868918 -24.487497 86.252369 76.084217 
1 2596 72.327727 
3 218 1287 3827 53.514952 20.170402 75.948901 
3 869 935 2931 -58.323472 69.644878 -61.471292 
3 890 904 1648 55.995473 -27.308893 -52.126336 
4 743 1617 2707 3067 -73.816887 -13.699246 -16.209553 -97.243922 
5 1808 1987 2000 2959 3465 86.121938 24.464673 93.594400 -91.424448 80.407274 
7 162 1267 1275 1502 1850 2045 2587 56.530730 -46.080413 19.216358 -40.420921 2.182135 -3.951917 19.702774 
1 2598 -81.087924 
3 327 1996 2415 24.209494 -42.335695 18.277683 
7 107 2689 3155 3318 3524 3719 3913 97.197186 -28.918187 -32.188604 -83.100815 -89.886233 12.080433 3.794456 
3 261 650 3409 -81.591174 -21.342675 -31.174806 
3 708 1245 2580 66.315583 -79.939624 52.890731 
4 61 1600 1747 3629 33.888769 80.620662 58.148838 -31.332996 
8 139 162 735 2487 2769 3471 3805 3949 -93.101693 68.014214 -53.711033 9.194854 -9.612465 24.194930 69.221267 -59.542637 
2 23 3653 17.383949 -7.017345 
4 181 527 1360 3218 -94.633115 -74.397649 99.089886 -38.869595 
2 2138 2521 -99.287251 13.543847 
8 262 2037 2649 2904 3406 3799 3889 3974 1.663681 -76.362809 -2.526298 -41.055521 36.800106 -94.409171 -54.401396 -29.044537 
2 1147 2453 -82.705288 -71.902238 
1 3979 -89.567276 
3 1130 1749 3745 47.647646 -31.719405 72.252524 
3 193 1114 1605 71.831638 -15.609016 39.869351 
4 169 274 834 3615 42.281713 24.730834 -84.192088 -28.643488 
4 1599 2223 2321 3089 -8.336563 89.628381 15.479064 -41.905791 
3 1659 1950 2405 -30.832614 -44.774738 36.361582 
4 2478 2975 3717 3871 -9.535270 -92.155353 -2.173728 -65.486415 
4 422 1432 3156 3763 -12.648781 -56.358208 54.844917 86.215524 
5 754 935 1362 1701 3770 24.694909 -37.615899 22.936157 88.551150 -51.524119 
7 756 2279 2944 2973 3396 3658 3832 -37.817709 80.658804 -53.911138 -31.904303 -63.771122 99.731628 57.032078 
7 319 445 504 769 920 1479 2220 -31.121443 6.782409 75.101583 -58.269600 -59.260910 40.427488 44.091450 
3 655 1739 3769 12.969437 71.679687 -0.063686 
6 307 1119 2652 3119 3448 3488 -77.340847 -33.708553 46.552844 18.906240 68.724642 60.354016 
8 522 1105 1246 1307 1345 1416 1633 2201 41.150885 36.415140 -99.702251 -59.981405 2.095269 15.760098 94.768259 13.082790 
8 178 182 2194 2198 2338 2613 3395 3656 99.317696 80.952159 44.141864 76.807621 90.192339 -83.913141 -97.105890 49.055108 
2 3162 3572 1.566506 -0.080449 
6 112 825 2150 2191 3437 3730 -10.989643 18.123707 15.663524 17.536534 -65.609965 91.863176 
7 630 1124 2373 2501 2691 3514 3914 35.053695 -4.500244 -67.540989 -41.373389 -11.140364 89.332931 6.269081 
3 32 1724 2966 -57.399146 64.175752 -48.247504 
2 2635 3108 -19.207269 -97.524758 
3 98 1595 2789 -95.902647 -60.291600 86.992302 
2 424 1037 13.241348 90.222345 
4 684 851 2451 3348 36.106754 48.410336 -30.698057 -38.187808 
4 1394 2423 3218 3873 -42.720671 -68.413159 55.280615 -57.835201 
4 137 1108 1775 2465 -93.896633 51.801514 -68.899494 -99.946639 
10 183 341 499 911 976 1285 1720 1986 2820 3659 -41.650260 -21.833004 3.063329 -76.401541 98.104034 -12.529320 16.356148 19.734309 -3.837286 27.313876 
7 290 1912 2039 2545 3182 3719 3887 28.440755 68.903954 51.434768 -14.156005 -85.894664 13.461931 59.327779 
4 142 334 2100 2595 48.560977 -3.020361 -33.638152 -13.861005 
3 574 1332 2534 -33.664254 20.768854 -51.261479 
7 30 381 1028 1139 2458 2513 2711 87.902010 -82.420671 6.230933 88.603675 -73.535791 -26.890666 -68.781827 
2 1132 3888 -38.543822 -72.412660 
1 1543 -91.379804 
3 40 719 2593 3.089537 -33.505280 -96.328397 
2 863 2791 97.463209 -17.785720 
8 547 1926 2773 2844 2847 3059 3751 3764 36.844227 -83.009360 24.196439 -45.111831 33.954669 3.410469 -5.593648 -19.556716 
3 931 1082 1342 -34.945156 8.095250 -25.252595 
4 1828 2352 2822 3226 22.898678 -24.912660 -7.693650 -68.822368 
4 897 962 1483 2682 93.337496 60.187252 -72.971918 -61.648630 
2 2522 3658 30.732523 -49.419853 
6 1283 1675 2178 2966 3532 3704 3.371024 -66.655419 -34.855796 39.840816 -18.676423 58.218563 
6 96 327 2582 3459 3568 3695 8.420705 -72.547944 60.790297 91.443701 81.563614 37.136688 
8 659 1142 1827 1850 2078 2264 3805 3857 87.822559 -99.361441 -35.399343 98.485520 -75.531951 -15.073277 -30.512391 -36.642371 
0 
3 2473 2814 3222 -18.789607 -93.750645 28.581604 
4 236 255 2979 3581 -29.982432 92.322485 98.407806 75.434286 
1 889 88.253374 
6 504 944 1954 1966 2853 3525 -28.606112 -94.029465 -19.206599 -91.031547 -34.091824 -39.788716 
3 1247 1876 1941 94.602768 2.064018 78.852649 
1 1675 -7.120013 
6 185 225 404 1079 1446 1486 24.297536 36.481206 7.592742 60.017139 82.216040 -38.277137 
4 830 1621 2746 3602 31.376862 84.810268 60.037850 -17.372963 
3 270 869 2457 28.918262 46.797153 -88.304097 
6 855 1042 1598 2215 2984 3990 72.828248 95.037556 -68.531940 58.212005 49.461092 14.801982 
5 2054 2079 2267 2289 3249 15.014549 49.547842 -47.945770 -85.132427 57.695626 
3 1681 2515 3633 -26.356157 -69.657966 -88.605879 
1 301 60.292140 
4 688 1761 3631 3940 -91.687211 -89.633902 -80.414191 -28.979762 
1 2787 64.417570 
7 784 1089 1400 1496 2169 3030 3141 -5.815029 -92.321105 0.180898 -25.847949 -72.725928 38.956543 20.248336 
5 438 485 2667 3164 3595 -96.441110 40.288700 -84.075038 -34.294498 44.364214 
5 146 630 921 2565 3355 -1.283613 -42.271217 -12.887806 -73.977289 72.577137 
6 951 1775 2052 2261 2580 3653 -76.869610 40.792458 -80.181291 -63.524214 27.337515 59.004136 
7 10 1822 2415 3155 3214 3339 3463 3.722254 -86.087890 -20.452830 -40.377332 -68.154180 -83.531132 60.243988 
6 90 442 1683 2224 2278 3102 -89.627430 -65.865783 -79.339239 75.526673 -22.590747 74.813157 
1 753 -50.468703 
1 3903 -96.802917 
3 2423 2483 3038 -34.654056 -83.461214 -18.328335 
5 2026 2943 3344 3665 3899 48.493929 -84.154338 10.207470 -93.417404 17.737603 
1 3051 -5.787626 
5 644 1367 3058 3267 3584 78.751067 41.946497 -74.476747 -52.671528 -91.489704 
4 1031 1151 1752 3646 -28.940633 33.547218 68.183389 39.305349 
2 495 1751 84.948165 -33.755770 
