4000 3000
1 2055 -83.469609 
2 196 1997 73.034019 -46.176212 
2 314 2275 14.647963 -96.520047 
5 395 477 1489 2833 2985 25.672135 36.410189 -94.579706 -69.694765 -91.047947 
1 1531 -46.301204 
6 1286 1873 2341 2545 2857 2861 88.060309 -52.932484 76.110378 -48.871496 -53.727209 71.245600 
2 1022 1097 29.601358 48.486253 
5 94 837 872 1093 2957 55.650504 -40.986797 -70.028729 -24.137851 -58.353460 
1 1221 -15.509160 
3 370 783 1398 -92.028469 96.271123 35.245849 
3 2697 2748 2793 -25.489558 42.103848 44.333414 
1 2184 65.413163 
2 629 797 22.794987 -46.218176 
2 491 2022 34.106776 3.159523 
3 294 2299 2381 -90.882898 -72.227155 -60.217575 
2 915 1074 -81.248754 -14.434206 
3 425 2240 2398 76.041087 36.867346 -88.511444 
6 212 280 875 1322 2538 2999 17.090861 -19.210918 -86.573873 -24.441545 99.078072 54.419173 
3 805 1351 1896 -68.548607 60.822101 -73.148040 
2 264 719 85.419336 4.661254 
3 213 443 692 -25.925417 -60.586540 90.894572 
0 
2 289 1523 98.790654 -0.016398 
1 627 -64.455396 
3 1158 1816 2625 9.247259 -91.664275 -59.853043 
2 1573 2833 43.506738 67.015689 
2 998 2739 -17.847694 91.621166 
2 1360 2356 32.703488 1.498248 
2 1144 2573 86.890232 -64.937625 
3 347 905 1504 -20.347287 16.065198 41.488955 
3 779 1261 2387 41.336719 42.500558 83.303452 
0 
0 
3 879 2096 2946 -99.418699 -35.336178 -44.471004 
6 699 743 995 1152 1395 2103 7.752534 99.739011 70.061864 90.138111 77.370467 91.980376 
7 46 1023 1425 1554 1660 1939 2999 -25.643227 50.474906 -80.872808 -4.361172 -22.795061 66.394740 -24.851962 
3 861 1358 2606 59.203929 -39.739681 19.247318 
1 96 -56.754322 
2 275 1754 -62.501668 -86.756939 
2 147 2754 -17.528269 54.264912 
3 1572 2245 2605 -17.372532 -68.102174 -94.903320 
2 130 2645 22.475059 84.972791 
1 146 53.733624 
3 49 164 2294 5.552463 -54.265126 -73.064630 
5 29 706 1748 2169 2684 8.924768 58.818030 -4.511451 -3.284546 80.156573 
2 1601 1744 -93.964916 10.200545 
2 1242 1565 -22.044973 71.720009 
2 2109 2411 30.688068 20.405605 
4 1278 1608 2135 2250 -36.176382 -70.023485 -13.283283 -33.342901 
1 370 -67.760755 
3 746 1964 2445 -72.948046 53.882222 52.437116 
1 1251 75.260017 
4 477 1115 2257 2285 71.322277 -33.689778 14.657131 73.085771 
2 1683 2649 21.738732 42.098567 
2 1165 1293 -74.149772 -44.474169 
2 532 2177 -32.913465 -80.398082 
2 582 949 52.382011 -46.423807 
6 973 1398 1737 1941 2673 2702 -84.495588 -20.128956 23.946686 -57.467761 -89.790998 48.513348 
5 293 493 1183 1714 2135 89.260350 35.607389 71.110119 -41.292113 -95.825826 
5 562 1156 1190 1655 2064 -77.773632 -16.547335 -27.101723 8.346503 21.965046 
4 1426 1930 2021 2720 -7.694142 85.163315 3.851797 -69.464436 
3 882 1371 2212 -35.310639 17.138476 -56.465812 
6 910 1094 1217 1926 2448 2954 -53.449816 -68.677685 86.108954 -16.609285 98.390340 56.210022 
3 1231 1515 2266 39.236435 -88.520317 -93.384984 
3 220 966 1010 -33.991715 24.119245 -16.878846 
3 239 314 2691 -35.922417 -21.068054 39.972338 
1 936 -71.109242 
4 258 656 1164 1265 39.703207 17.311376 -23.656617 -31.196537 
2 1891 2127 -70.791452 -61.491983 
4 1878 1896 1997 2721 -84.827784 -66.171293 26.614811 48.376116 
1 2983 -70.122053 
7 80 1250 1383 1674 1860 2270 2832 3.763337 -70.313596 -24.574417 -0.667011 -85.643915 -10.762195 -34.571553 
9 882 925 1071 1633 1775 1955 2034 2040 2172 88.389579 34.877168 34.672878 -89.562347 -49.570963 27.993179 -33.135799 79.363747 25.372364 
2 181 2439 94.260844 50.699516 
1 1508 -27.841281 
4 851 1244 2131 2557 -35.741369 -11.523587 -13.546737 -2.845541 
2 669 2469 -24.235741 14.063166 
2 782 1899 42.080730 -13.937013 
2 1838 1935 29.865245 -60.841694 
6 103 355 1241 2066 2158 2333 -57.149954 37.284786 -91.643182 19.400991 -59.118272 -17.409416 
2 319 492 40.226661 41.558390 
3 133 975 1045 -32.747648 13.718341 -44.298222 
2 2692 2975 -46.076504 60.097102 
3 444 868 2354 72.451320 5.013394 -8.361260 
2 636 1622 63.473478 -77.145927 
3 729 1917 2496 11.797784 -29.346163 -55.502061 
2 1865 2031 54.733403 -68.404079 
1 662 -73.116251 
3 2129 2676 2978 79.342744 -17.261822 -82.826139 
3 243 647 2415 0.443666 6.178550 49.951229 
3 132 1969 2768 -67.001463 -21.827826 -52.159988 
4 942 1360 1528 1830 1.997464 -73.799096 90.725263 -19.442750 
2 971 1639 -13.486910 -60.858156 
4 735 1153 2208 2473 92.249958 -12.633079 24.841516 56.169928 
1 1152 87.736491 
1 179 -23.668060 
2 368 2683 -86.097767 11.437327 
1 804 68.019560 
2 222 346 -12.904396 47.771099 
3 485 617 2653 63.576517 -32.265968 0.772269 
1 413 73.723662 
2 1892 2413 -9.399953 5.982940 
3 445 995 2956 37.531276 -20.087659 -66.624551 
1 0 -24.515839 
0 
4 661 836 2331 2693 32.880314 80.415036 81.602006 -64.981401 
6 88 1736 2092 2462 2669 2875 -94.288614 -89.265216 13.573714 15.667982 91.443949 -87.908314 
4 759 2268 2468 2705 76.130173 36.240297 76.102965 9.361218 
1 2296 -5.551569 
4 992 1212 1256 2929 -55.316746 88.204323 -7.356244 35.470448 
2 405 1367 43.636563 -62.210207 
6 61 105 1044 1357 1816 2582 84.551936 60.042426 -33.083267 -41.109382 -20.105538 83.495887 
3 580 1552 2663 79.661038 -78.768692 66.184287 
2 1248 2078 81.227102 20.988977 
2 1089 2551 -3.852859 -63.393573 
0 
2 1708 2016 -66.249136 62.877178 
1 1522 61.393862 
3 1055 1459 2597 -58.822021 -87.472264 98.186856 
2 395 2045 5.031682 45.016678 
1 975 -24.497687 
1 1376 -59.145544 
6 90 301 346 501 592 2420 -77.043255 12.965955 -20.002931 61.737222 -95.563470 74.540502 
2 176 2772 94.885561 19.316389 
2 88 2893 -32.065312 -58.137595 
5 562 954 2131 2682 2961 47.791157 25.557964 80.808918 80.931082 -53.013974 
2 1078 1206 37.704575 -28.457048 
2 817 2160 63.640322 78.362049 
2 910 2983 -76.301780 -85.550147 
5 874 1398 1445 1455 1932 -93.616623 6.520206 -88.937515 52.741082 4.210755 
3 2489 2698 2734 -13.974575 94.487613 96.592769 
2 1451 1778 -39.773479 9.491197 
7 353 913 1485 1648 1827 2698 2979 -89.113150 84.652277 -33.002690 -60.589334 -53.548371 -95.233942 67.412964 
3 865 2402 2989 85.666610 89.194670 -49.524295 
3 640 1575 2584 -12.105009 86.715288 64.028757 
3 1205 2403 2839 -73.804931 -6.712085 13.505444 
5 1561 1787 1800 2013 2695 -92.861297 -98.327543 47.814615 54.280265 96.533405 
2 595 1448 60.393852 18.963602 
5 1269 1738 2112 2246 2800 -22.454262 -16.925093 20.448785 67.135184 -94.415293 
3 198 1839 2459 50.605989 18.088084 -64.570192 
6 651 1015 1444 1888 2056 2288 -98.240057 -29.658372 39.514820 -41.313430 28.466515 77.969405 
2 1707 2673 -51.302168 64.983592 
4 310 668 758 2346 34.901288 -85.011919 -87.401024 37.713610 
4 674 1173 1893 2811 -10.598808 38.911642 43.559112 -9.494557 
3 594 605 2643 85.748709 43.326769 -35.590181 
3 865 1730 2010 2.619508 -54.496884 91.872763 
2 1376 2810 55.657394 95.297067 
2 1395 1551 70.042348 -2.370989 
5 721 1510 1653 2258 2492 -11.264678 66.970884 -24.087355 -29.544100 4.990524 
2 939 2558 15.899566 -95.892729 
1 881 69.169886 
3 848 865 2492 66.109330 14.416334 -71.813378 
3 1059 1916 2483 -36.949388 -1.269060 -54.906285 
4 283 398 510 716 -25.723277 19.224600 -46.097016 44.813066 
3 595 2355 2434 16.459552 -56.846704 -23.051839 
3 1477 1496 2339 72.199896 34.454572 -49.256883 
7 530 984 1119 1940 2040 2338 2949 12.484661 96.932424 -26.899221 82.329871 -76.898926 68.984292 -12.752986 
5 224 625 1079 1576 1869 37.999726 31.182068 47.869281 62.753707 50.151598 
4 660 1612 1620 2324 21.614441 50.060214 -29.324545 6.711562 
0 
0 
1 734 -60.798915 
2 1776 2619 67.425138 55.773115 
0 
6 145 579 752 1220 2464 2798 71.867313 -94.052725 -34.264305 -55.664945 88.325095 64.448176 
1 2088 13.864552 
4 423 1302 1635 2842 -95.205270 57.629039 -49.233501 -66.676771 
0 
2 1157 2842 -18.395322 62.264809 
5 320 336 1002 1582 2066 -66.383959 17.589768 -27.279709 34.708809 11.651383 
3 464 654 2478 90.607047 -13.674858 37.211614 
2 791 2916 -18.827050 -9.286291 
4 78 781 1182 1833 -69.696358 25.407904 6.391737 -68.467554 
3 147 825 1342 88.033007 26.770939 15.254392 
4 166 181 1536 2865 90.061532 52.864757 2.616327 84.559734 
4 935 1869 2270 2517 47.214001 -82.397931 15.623362 -86.012372 
0 
4 1082 1593 2373 2714 34.096729 -93.477623 -26.374452 -69.769686 
3 245 2501 2665 39.549200 -98.190675 82.865926 
2 1571 2959 38.275042 49.379996 
8 54 376 452 616 717 1544 2078 2624 69.253574 -59.815970 -35.516342 -6.915320 -33.861240 -57.570203 -59.024111 24.852837 
3 172 1383 1924 48.953807 -42.514740 90.154099 
4 52 947 1156 2885 55.423920 86.156217 -13.592499 32.188181 
5 398 1100 1286 2506 2575 -57.609250 -58.867739 -40.981766 -83.849989 -84.498171 
5 488 818 997 2328 2762 93.779319 49.672066 51.196009 74.284713 -51.978435 
0 
0 
2 375 1969 96.871692 10.726380 
8 574 701 716 829 2134 2243 2773 2856 28.137900 92.100123 -81.449265 24.669273 46.171880 -4.705269 -34.230263 -20.070541 
3 369 1357 1738 30.915664 -13.155179 83.721681 
3 999 1630 2098 51.214717 -14.977140 38.922354 
2 815 1581 16.885504 84.928125 
3 756 1731 2394 75.807629 -56.363076 -72.742891 
3 680 1839 2317 -98.835524 -57.900159 21.647389 
3 308 437 1841 -37.099673 -95.388221 -88.202915 
3 1720 2046 2817 -99.725041 -49.514775 89.719134 
0 
5 281 438 1509 1532 2035 89.509422 -9.320987 -16.783004 -86.342818 76.940855 
3 847 1351 2263 -17.531908 65.820044 53.850780 
3 208 1555 2648 -15.483900 73.154092 27.160009 
2 291 1895 -74.120791 19.969045 
1 826 -95.115242 
1 1740 70.406489 
1 1817 -96.693230 
2 697 2487 46.525142 -57.182147 
3 234 1025 2903 -75.359843 98.513645 -38.489336 
0 
3 506 957 2806 -4.702418 -39.348583 -47.537228 
7 351 1041 1217 1344 1943 2113 2307 1.348050 -56.363929 -97.578621 5.747632 -42.173610 96.778477 3.840418 
3 931 1414 2549 89.612108 -88.668781 -20.286346 
3 1457 1464 2707 -71.682272 46.914261 63.390910 
5 315 361 781 1303 1668 -90.695942 75.372793 70.067656 -75.152013 18.812221 
6 1079 1371 1534 2263 2454 2844 -9.628220 42.411684 -27.374330 -96.048160 -11.562983 22.773101 
2 887 2020 71.316923 -77.791434 
4 415 1414 1981 2291 -43.685238 -14.381961 76.004830 -50.923163 
1 183 5.543352 
8 836 968 1030 1549 1758 2405 2406 2747 -9.786292 -64.673594 -13.027059 91.676875 25.883138 45.352091 -91.901597 70.614051 
4 5 445 1411 1660 -47.207091 -0.592732 -53.209690 -63.074537 
1 1767 -68.934552 
5 703 827 1112 2810 2927 54.905524 8.215343 -9.857458 -50.265041 -81.801698 
5 1182 1260 1628 2251 2826 -63.385639 37.040084 -49.820759 25.430773 -5.147916 
4 522 665 926 1793 99.850109 61.880561 -9.113997 -79.878254 
1 656 23.323419 
5 474 544 624 1941 2681 -8.068185 -44.057825 -84.191150 40.496147 17.766456 
2 1324 2935 89.792524 -64.285421 
2 1241 2616 -80.729658 -1.857594 
1 365 47.866828 
4 756 1540 2211 2912 -97.001300 -53.082744 -24.508271 27.584553 
2 771 1943 -50.119172 -48.217984 
3 309 1754 2010 -10.584377 -41.959239 44.202674 
1 2138 82.845010 
2 865 1867 -69.444288 49.075703 
5 37 397 1333 1625 2083 42.136206 8.004072 80.724574 31.162157 -85.829070 
6 131 1226 1614 1856 2080 2380 81.807526 60.278286 -53.079597 -51.778131 5.368908 48.104651 
2 1690 2468 78.381674 93.980758 
6 1234 1536 1572 2049 2212 2582 88.203707 -68.709054 -42.332426 -47.755178 90.030468 -17.632091 
2 1899 1964 43.003393 -78.382609 
4 679 2171 2612 2657 59.024089 -86.022956 -88.969416 -88.006776 
6 243 747 2101 2181 2486 2549 -46.708892 52.088305 -58.118446 19.491636 80.036397 11.808226 
4 263 1375 2584 2664 -70.876257 -45.554491 46.571927 1.609473 
2 1481 1960 -49.286521 59.113891 
0 
3 806 1645 2223 72.485345 -55.979624 78.134792 
2 744 1059 16.884962 95.359495 
3 489 2021 2942 -71.153071 56.794683 49.496379 
2 1336 2294 -46.773360 30.542075 
4 716 1207 1467 2985 72.311112 27.535649 -69.685816 -68.771233 
2 1207 1418 -16.990735 -97.487227 
3 45 445 2744 84.659389 87.997533 -27.381581 
2 1326 2855 -35.315337 -55.739456 
5 59 1135 1773 2358 2712 38.726907 -45.049610 86.836961 -2.589403 -74.074883 
2 1569 2459 66.672795 -89.713040 
2 84 1630 -51.856694 72.387694 
5 1250 1446 1643 1813 2208 -87.278821 -58.182869 52.715788 -87.125978 -23.558672 
2 121 1881 -91.974004 -33.028358 
5 511 1730 2097 2276 2623 24.727241 -49.241344 76.308484 98.294820 -31.544925 
2 247 553 -79.947680 -16.538154 
4 472 598 980 2052 -31.885564 32.904967 -84.617942 -65.479912 
3 498 1226 2555 11.292053 -22.604534 99.149487 
1 275 -8.410976 
2 1480 2300 -78.316294 29.062253 
1 1243 97.171411 
2 607 2809 -5.277501 -1.548572 
1 1533 87.530718 
1 178 3.326423 
10 672 716 728 805 832 1209 2196 2302 2815 2976 1.983901 -39.721711 -46.307553 29.251441 83.056685 -80.556581 6.424228 46.370236 67.090643 -55.576061 
5 447 1186 1322 2199 2908 -58.078901 -35.694767 43.955647 92.884793 53.043355 
2 347 359 -32.289396 -42.963563 
4 75 317 1063 2473 71.438921 -16.048694 -9.876784 60.349993 
1 1465 -11.990272 
5 47 735 1130 1473 2155 -88.755713 -4.911654 -34.171206 6.934786 -52.941651 
1 6 -82.362968 
2 743 2659 62.877322 82.094357 
3 1264 2459 2966 -16.307589 78.251233 32.535966 
3 1458 1707 2725 25.835353 92.120155 -48.003275 
2 1034 2878 2.730361 -86.135642 
5 254 797 899 1164 2273 37.427003 84.736860 79.428557 -16.498923 -89.148465 
5 79 320 1207 1659 2919 30.062931 8.250272 60.853362 -39.863308 96.053635 
1 1983 34.024292 
5 119 865 891 1514 2706 41.418891 -43.664041 67.797412 -6.116659 -80.107954 
4 93 517 1219 2743 55.543229 30.671179 77.168040 -88.952812 
1 59 -47.586417 
6 216 651 768 1828 2655 2903 92.612724 -72.038586 -11.308118 68.139806 43.920129 -0.745837 
0 
1 1771 -4.762763 
1 966 94.945709 
3 439 876 2648 -68.721946 26.025019 1.765543 
5 257 448 1089 1272 1416 35.388345 -53.171032 94.466801 2.153177 17.275262 
5 187 393 1235 1487 2008 24.515206 19.565294 74.753966 63.677247 -27.976751 
2 1884 2879 -93.623199 21.662284 
3 915 1016 2004 33.084327 -21.928192 32.750150 
1 82 -39.934038 
1 934 -64.023301 
2 1452 2859 -68.238827 40.246891 
2 676 2648 -28.397690 -19.790263 
5 223 489 1128 1279 2541 -79.901789 90.539718 30.463136 5.417870 54.735988 
2 1864 2392 -91.406142 28.455897 
3 99 732 1582 -63.129405 -84.877211 -71.401574 
3 678 1600 2687 -5.003455 37.333249 -24.021046 
5 195 228 770 1144 2329 -71.560889 -70.198116 40.839910 2.651321 -13.648714 
1 1897 -6.776035 
4 504 1158 2564 2989 41.368718 -62.415336 -22.819015 -94.416543 
6 252 390 1014 1736 1840 2160 97.388761 39.456150 75.045321 -47.057822 60.791420 -43.331415 
2 2081 2092 -42.212849 -42.230638 
4 121 2160 2513 2559 -33.002333 -32.706862 -96.434106 48.732539 
3 946 1926 2957 -49.496680 94.763861 -92.118719 
2 391 826 82.336545 -21.717958 
2 192 1682 58.946241 -7.916084 
2 474 761 5.103655 -27.692335 
5 1353 1567 2151 2564 2914 -9.061440 -11.088716 -61.592292 23.868972 -68.650196 
4 346 1415 1449 2231 -5.847715 92.048394 61.665202 41.104845 
4 1414 1799 2186 2905 65.985980 -33.923322 69.793487 -88.375250 
1 2715 16.052584 
2 241 765 -67.339334 89.629715 
2 17 960 40.373127 -42.516896 
6 84 301 874 1257 2846 2974 -83.054934 29.487279 9.000067 -49.157898 36.143544 44.229609 
4 781 995 2467 2960 43.564554 22.356608 52.404618 50.353336 
0 
3 264 664 1263 -52.853216 -24.205992 2.561272 
1 1187 -15.775376 
4 376 976 1920 2490 94.786100 -11.535867 -75.567531 57.359461 
5 617 1500 1860 2276 2374 -84.294510 45.764124 -15.447793 -32.367562 11.153452 
1 403 82.002549 
4 677 1572 1755 1835 -33.714890 94.828265 -95.569397 10.808537 
3 317 1561 2332 -1.155596 58.360152 -81.649100 
4 1084 1266 1894 2780 95.975918 -3.089969 -87.376071 -84.071240 
2 762 1689 6.226934 -62.097269 
2 1117 1740 52.894752 -22.266535 
3 629 649 1661 -26.880838 98.891851 51.419957 
3 1007 1300 2372 -69.635430 -1.906586 28.683001 
5 68 1765 1841 2273 2844 58.003695 9.963939 -66.515714 55.846145 98.676412 
3 1607 1659 1750 74.069694 -22.850719 9.378814 
4 668 1454 1571 2477 -75.232392 -38.400305 24.144649 -76.180697 
0 
2 1487 2282 -50.290772 57.348190 
4 1125 1739 1889 2208 91.325800 -28.898660 65.207284 0.188555 
0 
5 305 613 962 1831 2961 39.592939 -76.778209 62.254433 13.299590 89.871448 
5 24 1127 1369 1667 2253 15.093207 -70.062607 -24.943550 97.826909 -35.771689 
6 140 311 1426 1440 1476 2595 -84.232768 -78.988618 11.092882 26.858674 -57.592217 -1.791087 
1 434 -89.312174 
5 390 1363 1456 1966 2878 6.132404 10.355248 -93.505424 40.437026 -7.958960 
2 166 1716 32.321320 -35.621791 
2 1517 1736 -45.689997 -11.164938 
0 
4 634 907 1165 2548 -68.462234 81.427852 -86.478669 5.022946 
1 412 -10.522125 
2 705 924 83.924134 48.258192 
3 157 1881 2903 26.773651 59.387544 81.267257 
6 846 949 1187 2177 2577 2650 -75.506686 24.427779 46.477356 73.701501 2.954206 42.970020 
2 839 1049 41.100472 -83.844965 
4 396 1540 1781 2854 -7.374265 -36.405890 -2.127313 96.665604 
1 2146 -81.641181 
3 228 737 1562 92.895562 37.934506 61.490351 
3 343 1261 2153 -51.268259 82.778183 -51.825593 
4 1386 1922 2050 2772 44.563352 26.083403 15.330406 20.998987 
2 2444 2506 -46.666079 91.494835 
5 430 1803 1881 2005 2253 69.095341 15.788413 -55.914036 12.617339 6.840942 
1 1848 -73.636656 
3 583 644 1975 -61.581249 -60.660757 14.596107 
3 958 1144 1289 -45.687099 89.217050 38.255364 
5 630 1088 2286 2547 2929 90.287723 96.805614 -86.687527 91.234666 -32.129065 
1 2229 -18.327680 
3 1247 1542 2872 82.026665 38.784387 -98.989052 
3 1287 2094 2181 64.636191 77.603457 36.396285 
3 191 1360 2478 20.795176 1.327455 -80.564944 
6 975 1070 1260 1444 2445 2706 60.160761 84.297994 61.343208 -26.558006 19.593663 -69.022239 
5 205 343 1810 1880 2578 4.197595 41.694459 14.251540 42.333587 -61.488258 
6 1042 1091 1306 1495 2000 2329 -57.105759 49.369494 96.340562 68.383858 14.022959 82.698932 
4 689 1186 1367 2615 -73.262132 -42.753333 27.967618 52.211589 
3 523 2142 2402 82.371765 -3.558952 -57.918436 
2 105 1851 -63.780270 17.278163 
2 2350 2498 -55.461430 -92.026994 
3 605 2643 2727 81.877468 -55.197900 -23.210310 
3 4 451 1580 -26.357936 73.774124 16.599913 
6 330 1072 1225 1261 1758 2089 88.060279 11.793459 19.141417 6.325660 -54.569404 -28.805811 
3 739 1893 2672 81.476347 -97.491894 25.813338 
3 378 561 2189 81.793989 -28.966404 26.665049 
3 106 2511 2658 93.681011 44.312890 -16.124872 
2 2114 2191 96.944897 46.975046 
3 1112 1544 1602 -45.533518 92.872316 -35.010447 
4 139 823 1032 2471 90.058761 -87.043256 -73.325671 0.231552 
3 530 531 2641 -79.670683 89.310906 10.484392 
0 
5 544 977 1238 2476 2555 -63.691160 94.354412 16.259186 -19.351092 61.374247 
2 1258 2740 -6.165396 -56.801249 
4 1584 1790 2189 2791 63.127631 -97.706878 92.715154 -22.435842 
1 2556 -40.218373 
3 509 1317 2253 54.707342 39.051010 -60.675851 
0 
6 759 805 934 1037 2168 2361 98.103152 28.936386 66.215011 63.101986 59.146816 91.929493 
3 258 2541 2765 68.349757 31.827712 -57.071737 
2 288 1353 51.552795 -89.855922 
3 38 809 914 15.365186 -4.017282 10.620045 
2 1343 2791 -99.465259 -56.213790 
1 489 -51.583890 
3 244 589 1626 77.556848 -27.349121 -67.476907 
2 2226 2997 -27.221149 -11.779147 
2 2714 2956 -25.037107 -80.057079 
5 535 1275 1557 2597 2838 -64.436742 -63.392786 -22.318015 -0.600264 38.701666 
4 1075 1249 1369 2184 -32.002126 6.246811 62.968038 29.440429 
4 1655 1664 2778 2948 61.792603 -4.408483 -42.240997 -23.229451 
1 1955 99.753428 
0 
4 130 135 847 2941 89.119950 -65.614036 3.615059 -94.470287 
4 358 476 2325 2712 -51.413683 69.015213 46.764743 -74.034643 
6 130 589 1187 1597 1640 2839 -4.892477 2.226557 92.235976 -84.957726 -50.735377 -87.564736 
3 1324 1932 2238 -94.991257 34.638348 -16.981624 
2 1427 1554 -16.321056 2.314460 
4 886 1058 1558 1906 -55.588947 -21.485800 80.707959 40.148245 
5 796 1148 1538 2063 2281 -73.152226 25.093638 -87.210648 -2.653581 43.844057 
1 681 78.527783 
1 1202 82.760332 
4 1051 1566 2005 2520 81.262419 -11.548126 -39.504588 -78.380255 
2 2411 2659 15.991483 39.416270 
2 372 2752 -23.928279 -95.653380 
2 501 645 87.304112 -5.298413 
4 491 558 1631 2719 2.841313 68.491994 -50.841894 -50.357530 
3 529 936 1081 29.258015 46.329778 41.749225 
0 
2 606 2547 -74.091437 -81.467716 
4 939 1760 2282 2919 38.810092 29.222733 -21.861553 2.687829 
5 1281 1292 1487 1509 2210 -28.436598 92.043118 -58.996103 15.332158 99.605168 
3 1188 1885 2287 74.398045 -96.419665 3.547324 
0 
5 43 1306 1431 1711 2350 -11.879420 -53.084943 -50.022194 -4.999801 9.672477 
2 1096 2805 20.826899 -66.336825 
3 667 722 1093 -98.595030 -51.730797 94.250025 
3 302 711 2424 -59.039366 96.074533 34.405136 
3 1725 2383 2402 -68.668104 -33.860759 0.578939 
4 404 1675 2460 2569 13.666893 -99.859718 -22.372656 -58.802224 
4 884 1753 2780 2859 20.004884 -86.915832 -48.690590 -87.445671 
1 2461 -4.838264 
2 629 1418 37.165238 66.714858 
4 131 544 1982 2083 -83.257096 15.873458 -71.960873 70.626046 
3 848 1873 2760 14.590526 -3.574811 -11.551178 
3 462 2736 2903 78.934039 48.142370 59.725296 
1 2041 -56.660842 
3 724 2503 2948 57.969803 77.823406 11.669845 
5 1176 2070 2514 2689 2774 40.195186 85.281003 68.762251 -81.811955 52.327726 
2 1452 2458 -99.209200 -27.408484 
1 2152 95.069369 
0 
2 831 835 22.309568 41.578152 
1 2258 44.111053 
5 825 1196 1473 1492 2990 91.423103 -25.404966 -8.157632 2.220022 -62.500738 
4 1153 1561 2324 2877 35.404909 54.292509 -90.371723 20.876232 
2 1444 2594 -26.295253 -83.462866 
5 251 357 525 926 2063 -90.785748 -73.430816 99.355787 66.755264 96.579420 
3 5 2501 2812 -28.285215 19.456833 -91.138174 
2 1904 1966 -72.186686 30.620387 
2 1423 2049 19.514035 88.046634 
4 730 918 2440 2504 76.254772 -92.565054 -24.832926 -48.676085 
2 2609 2920 28.049368 82.845429 
2 142 2006 -76.771668 -51.455475 
3 614 1393 1896 -67.322622 -17.091771 -81.729516 
2 2200 2371 -39.306678 94.929113 
1 1623 -70.421954 
3 1166 1344 2227 -3.790239 -3.540441 68.875162 
2 26 2166 -18.093540 27.181409 
3 806 1852 2962 74.321874 -20.978758 66.836396 
2 627 2993 -74.416191 15.665643 
4 1201 1603 2586 2918 -1.617826 54.483990 82.391552 94.117326 
6 104 208 294 1034 1937 2169 30.923797 5.788583 -7.637247 -82.472937 -35.083352 13.379097 
2 1675 2932 -97.264201 -54.272377 
4 1777 2341 2732 2811 -84.045854 83.018040 29.836749 96.052500 
0 
2 492 2189 -61.549131 -77.674286 
3 1728 1861 2007 -13.919958 -32.638746 -23.208699 
3 1022 1863 2081 61.166192 91.443169 -11.463133 
0 
5 200 634 1091 2662 2861 -18.171040 66.143550 62.149688 -62.783480 62.109961 
1 951 12.717645 
5 1256 1986 2130 2183 2920 -68.523135 49.733575 66.001220 28.954736 4.766168 
3 1225 1398 2288 -88.319776 30.093070 -0.709342 
3 650 2118 2470 15.561005 95.921222 71.342874 
1 30 -23.760438 
3 152 788 1622 48.198736 -30.909629 41.024927 
2 582 2128 34.911375 86.458544 
4 1225 2420 2592 2915 -23.508930 -14.270935 -96.312232 -17.225429 
4 69 1072 1684 1902 -97.516291 -36.985322 -79.045477 -77.888275 
5 2138 2253 2657 2695 2898 53.325446 -99.363968 -75.484127 -59.733471 87.973792 
1 470 29.066769 
2 916 2102 -11.266719 -92.760714 
3 337 2117 2862 46.333595 50.929618 -82.796935 
4 224 396 2373 2563 51.486140 -62.163738 44.467303 -58.466247 
5 169 603 741 2133 2294 -72.401532 13.001026 -24.806343 -30.788592 -24.768505 
4 67 232 1112 2299 -43.827770 71.366281 -3.380024 -0.554807 
1 1734 -71.424064 
4 197 765 2666 2892 -60.376366 -21.024607 87.390134 97.827375 
1 819 99.360631 
4 1258 1466 1494 2947 75.369650 -84.736731 -54.711680 -52.489497 
3 82 1912 2121 -19.412240 -52.238078 22.906938 
5 370 630 986 1260 1813 -66.334512 77.934641 -17.153539 -9.792887 21.986058 
3 1045 1150 1883 2.935948 32.967876 72.506785 
1 2150 -94.427743 
2 894 1271 -66.903241 -2.160229 
3 319 952 1546 -1.744679 -52.777592 58.317179 
3 269 1400 1406 87.869620 48.019898 63.796942 
2 2434 2632 52.413112 44.027891 
1 1517 -84.101903 
5 107 441 1337 2401 2674 -87.706282 40.535739 69.676483 84.288381 -34.859628 
3 1390 1675 2203 16.230043 53.216755 -71.235941 
5 447 2016 2095 2415 2554 -87.671031 -74.781864 79.983774 21.619697 -47.713339 
2 1346 2896 53.913823 39.921206 
4 905 1463 1700 2543 18.577919 -85.379159 -22.613317 -73.804738 
8 102 313 655 1365 1889 1937 2481 2538 -11.420758 -24.964438 -67.871892 28.434051 15.123232 -13.295415 12.506470 4.216171 
2 707 2583 -79.049348 -35.142124 
1 941 -48.638342 
7 993 1041 1119 1658 2161 2723 2994 -40.440017 31.629387 86.658025 -31.132905 -55.333991 -1.186213 48.593348 
2 835 2313 -11.725756 69.324630 
3 292 958 2814 21.321744 -5.403481 69.932423 
4 703 2006 2447 2665 -17.298552 38.491576 10.362665 81.802744 
3 611 807 1149 -54.346627 -4.350975 -1.231604 
6 622 1211 2352 2721 2862 2904 28.838813 -94.434177 17.884217 -59.914830 73.098387 81.568574 
2 749 839 91.472168 -73.737396 
5 206 1077 1354 1809 2798 83.361738 -10.934230 89.065293 33.707737 67.347248 
6 166 248 269 357 1130 1444 -22.781140 87.858264 43.601442 93.980045 -54.680036 -16.474623 
1 1952 -77.716747 
3 1251 1922 2643 88.826982 88.716954 -18.194500 
3 524 1196 1894 -11.487552 52.505113 -41.143635 
1 1319 84.431631 
4 950 1205 1953 1991 97.049490 -80.233795 -40.858590 -9.794763 
3 461 1468 1876 98.086382 96.852559 -9.246551 
2 2131 2363 -87.971720 53.436174 
1 1141 70.030327 
7 186 246 1146 1929 1988 2381 2878 74.077382 40.866254 -78.281744 -95.522128 -77.854732 -53.937110 72.015490 
5 413 1201 2063 2145 2696 56.121553 -43.795306 -38.434434 38.162820 -40.494530 
4 140 322 758 1267 66.458389 40.460500 45.274516 -26.642705 
2 281 501 1.076819 -41.217362 
3 1060 2495 2564 12.269977 45.306531 -15.866080 
2 294 396 23.623163 -47.450023 
3 495 2399 2403 -71.192939 -53.643918 -39.127464 
1 698 22.387135 
1 2575 14.583431 
0 
3 1254 1489 2059 -92.813661 52.271881 -29.444605 
2 94 2513 72.118028 -65.757788 
5 703 946 947 1653 2234 91.536464 88.077212 39.892810 -12.030408 -21.653813 
5 1127 1820 2268 2985 2987 37.463956 47.367727 27.080312 50.865800 -80.589034 
3 14 665 1676 46.501277 5.854101 -41.730238 
4 343 914 2697 2701 96.305806 65.878301 -67.169160 -49.275147 
3 885 1348 1810 54.882425 66.972389 37.640783 
2 1275 2555 -73.750972 -83.858912 
6 158 886 1532 1585 1902 2444 87.505451 7.506496 -47.963728 93.444181 42.020996 55.247349 
2 2535 2604 30.904463 24.660629 
1 58 -91.066096 
2 1275 2076 -17.642240 -78.878096 
3 18 319 2538 63.716526 95.327089 75.240521 
2 1723 2855 -61.551427 29.039778 
2 1840 2316 -2.048796 -81.041901 
3 773 1011 1444 22.223245 -57.467363 5.137661 
5 1056 1224 1266 2737 2798 -75.137574 -99.835448 5.809519 -72.481121 -59.626020 
4 96 880 1909 2920 73.342439 -38.923726 -40.001685 51.668275 
2 123 2033 -95.928571 -5.978807 
3 781 1427 1587 31.838703 -48.392995 -53.389676 
4 507 600 1774 2593 55.777211 76.006972 -83.411227 16.674175 
2 1409 1571 -86.655549 -4.137390 
5 172 284 581 666 1719 83.486859 -34.113435 23.391736 -4.839353 23.618008 
8 1271 1461 1537 1538 1749 2465 2577 2917 -31.758499 -23.172011 -84.377381 -88.678652 -7.702593 -97.293772 2.438406 -73.002531 
3 395 666 2514 26.601088 0.813383 -83.417714 
0 
2 51 2269 93.424155 56.953292 
4 552 851 1524 1899 -11.151366 48.268814 -92.206378 75.602362 
2 1098 1939 -77.014397 -70.259541 
4 241 297 2100 2582 -64.070709 42.843290 -41.438973 -23.933058 
2 255 852 53.335905 12.964432 
5 61 159 575 587 1499 18.065705 25.050119 62.567467 -56.681781 -48.934678 
7 293 640 790 1087 1612 2399 2454 13.648811 32.792685 -8.245930 69.989138 89.704311 -44.684939 77.901014 
2 1459 2333 -31.601472 -85.177754 
3 129 1201 1265 -98.296884 70.313439 -35.087986 
8 548 769 783 815 1170 1746 2553 2682 -54.118832 20.136448 -49.894353 -58.866177 -97.433007 71.253341 47.457022 98.478116 
3 977 1874 2926 93.274586 96.719260 70.136450 
5 185 900 1346 2059 2664 -66.660687 76.294563 -95.512849 -40.873183 -88.304375 
1 2326 -15.807565 
3 1186 1998 2592 82.101252 27.302894 -61.872214 
4 358 969 1125 2048 -3.632519 -58.595729 42.635379 16.145404 
3 479 1456 2996 2.856651 38.396425 -30.739744 
5 1550 1768 2210 2412 2783 -83.842474 89.859646 28.598940 4.051692 95.984286 
4 864 971 1055 1508 -39.332411 79.468305 40.137161 51.934372 
3 521 863 2777 21.367348 89.594333 22.916796 
1 710 -52.268711 
2 1267 2638 10.577886 4.540520 
3 956 1494 2082 7.242475 -24.443501 -20.198436 
5 63 698 1044 1062 1929 -21.994720 74.046813 39.740324 62.764307 35.833057 
2 648 2018 -59.281401 23.817271 
2 2098 2863 70.189442 85.670833 
3 2453 2605 2977 -35.855731 75.609442 -90.636068 
3 306 630 2411 69.191781 -29.843764 -59.874483 
1 349 -94.544184 
6 189 671 1066 1133 2568 2992 -34.036374 11.240357 2.694403 88.956771 25.435110 -62.744047 
6 347 492 1186 1413 1987 2416 -55.809825 44.657337 85.467412 98.150859 99.743222 -20.781407 
3 878 1104 1720 7.614836 -18.500830 45.597356 
3 468 897 1729 -8.559787 33.500969 81.696076 
2 1640 1773 48.232122 -57.388912 
5 250 309 2456 2847 2857 53.383164 -95.648701 -48.584681 -6.683242 -69.067633 
4 1256 2548 2760 2831 30.983293 18.786251 79.196070 -1.077268 
0 
4 1770 1881 2032 2848 -63.230671 53.680605 36.124953 -62.705698 
1 1827 -42.295775 
3 183 1094 2869 -95.266512 88.716828 19.881723 
1 2894 -88.166460 
5 919 1725 2611 2722 2996 -30.955813 -99.999925 -20.203196 50.249185 -65.416913 
2 580 2238 -94.702819 -96.229958 
5 445 724 997 1070 2219 -10.662026 -53.045879 -85.706168 -8.607895 40.670168 
0 
2 1663 1771 22.417397 -63.439206 
1 2787 -35.495693 
4 213 1164 1470 2027 17.667039 74.176582 -46.199831 -22.499715 
4 199 842 943 1138 97.687197 77.987347 -34.929364 -10.254124 
2 1457 1872 -50.107892 91.283807 
2 1671 1749 -54.478772 75.403189 
4 255 1456 1569 2157 74.483153 -38.957204 96.940457 -85.404179 
4 162 183 668 1440 -23.499721 56.046875 -34.219219 -57.876944 
4 32 412 491 771 -38.964022 -6.564043 -63.390972 -65.943353 
4 86 432 564 2265 60.830854 -7.157826 -60.179706 84.127996 
4 722 1109 1980 2748 0.258547 5.425326 48.863926 28.300640 
4 481 1517 2257 2781 -55.838723 14.635268 89.417203 78.825714 
0 
3 1 1519 1966 56.791112 34.551237 -67.024795 
2 1610 2234 -71.980133 64.064080 
0 
3 276 1128 2980 -4.823688 3.315922 -46.542374 
5 1656 1852 2104 2173 2945 64.412054 -93.310697 -88.906728 -45.889044 -72.280318 
6 67 420 421 808 1211 1984 -40.028257 -32.347619 -13.862841 9.544189 -87.072462 74.411619 
2 277 579 -48.108401 -79.158707 
1 1801 -27.662278 
2 60 1367 95.050667 -98.038491 
0 
1 87 99.978724 
2 554 1031 -68.688001 87.566214 
4 26 1137 1172 1190 48.562806 11.474365 -49.327574 -48.529600 
2 1605 2875 -89.729183 72.624010 
4 1323 1403 1498 2759 73.268083 91.950050 55.192647 30.815270 
3 94 271 1363 -54.117791 53.849196 -86.391561 
1 2286 -57.666478 
1 1454 -16.770048 
3 109 537 2107 -94.785251 -98.848571 66.174957 
1 1160 -68.968563 
2 1351 2288 -57.932770 56.046568 
1 102 -66.472007 
7 223 227 559 999 1314 1384 1647 -42.756665 82.137925 1.460382 -75.199774 48.804096 44.680570 -33.905641 
2 1376 1978 80.927472 -73.191146 
4 493 1113 1356 2415 -59.322859 -82.177284 17.500203 -37.744186 
5 296 1483 1673 2586 2903 61.399986 6.296839 -96.729636 43.950939 -84.602216 
4 899 1724 2029 2357 0.364163 71.927123 -76.967204 1.443037 
6 196 606 1180 1407 1606 2296 -92.508820 -15.851824 43.775296 -34.812904 -69.877893 2.318233 
4 325 2306 2603 2609 91.858114 62.587246 -84.844295 61.104396 
5 463 808 810 1382 2538 -65.037599 -26.739763 -65.774960 95.552644 77.120377 
3 186 473 1196 82.841604 63.820988 -14.964143 
1 383 50.078600 
5 345 357 669 752 2811 -10.241724 80.896806 84.609325 -52.621074 -58.224315 
2 1993 2174 82.548183 -21.194974 
3 257 2242 2944 56.042350 -73.776357 -9.109220 
2 551 2376 -30.238698 51.893296 
4 462 722 2146 2505 -43.950090 8.125097 -33.092618 -70.726272 
3 272 329 1508 -57.036181 60.117481 15.135210 
2 1113 2329 79.940724 -18.047287 
1 1964 81.387186 
3 469 762 1025 82.415802 -80.746808 23.476999 
5 734 879 1630 1905 2797 -76.633833 -39.397418 -37.991657 -82.751091 14.777539 
4 606 1747 2114 2313 13.490039 3.138267 86.763123 -69.839122 
3 251 1022 2918 -39.422713 -36.541324 -76.815610 
3 582 1829 2748 73.694016 45.292002 46.870097 
3 509 1597 2822 83.905691 -4.241449 -66.498192 
4 426 814 2460 2761 93.628835 70.926963 65.042398 84.537164 
3 1197 1587 2419 18.790816 47.997061 -10.081006 
1 2360 32.907681 
3 384 1405 1659 -32.399245 -48.080296 -46.979370 
6 426 1112 1249 1826 1993 2149 47.828845 -38.461925 -71.239391 -98.456989 -32.764810 -45.063852 
2 522 2660 -62.457264 96.460101 
10 694 1048 1184 1834 1848 1903 2295 2308 2521 2827 62.149203 -95.788246 56.340852 16.495115 -16.491281 59.692833 -14.313130 -96.636418 -32.466620 22.386427 
2 2537 2566 -3.429557 55.113943 
0 
4 1281 1337 1694 2341 30.872009 22.881342 95.940364 81.147970 
3 1304 1762 2234 37.903180 -55.193299 46.780310 
0 
5 267 2094 2177 2460 2886 -65.335385 -56.553303 76.494288 46.238994 -4.403601 
2 980 1300 6.693530 88.316971 
1 2394 48.929777 
2 1810 1863 -35.634432 98.306334 
2 2347 2820 -94.628026 98.064800 
2 1513 2412 -59.465696 -1.292515 
4 34 806 1362 1398 95.411958 89.471012 -42.552543 66.590007 
3 1390 2668 2688 -89.703592 -20.125525 8.459424 
3 256 747 2315 -25.497876 14.461457 -95.585054 
4 1064 1231 1930 1936 -25.900974 46.331072 39.157067 59.614311 
3 767 1175 2543 3.686554 20.824050 -85.972929 
2 54 1040 -60.803053 -48.376881 
4 76 538 619 2689 3.392476 -0.737953 75.070553 41.580873 
1 954 -16.232764 
3 1381 1663 2125 53.049782 -14.702959 -39.145176 
3 752 1247 1336 -6.466539 -54.022856 98.293820 
3 1825 2261 2262 27.869537 38.729410 -75.463832 
1 1803 -64.072753 
2 1191 2694 20.318669 -49.613886 
4 872 1051 1513 2441 53.359308 30.660253 90.433496 6.186631 
5 645 1276 1614 2221 2779 96.476785 -90.464241 62.159194 71.364575 48.835476 
3 1297 2133 2962 -87.559695 72.379139 -24.844512 
2 81 2631 -28.574524 -66.449759 
4 44 302 597 1154 -81.000999 21.082205 -57.524729 -93.409740 
4 165 820 834 2552 -81.503290 -99.719455 -26.268461 -11.222167 
2 428 2330 -50.843803 63.151308 
3 1234 1337 2333 84.985034 59.379803 19.902314 
3 196 2792 2881 65.944010 -63.760088 -19.449475 
4 862 893 1081 1941 27.574343 40.857191 77.399311 50.705168 
6 506 829 1242 2637 2673 2833 -48.830700 -7.450193 -59.276000 -14.767698 -23.549551 18.398825 
3 689 1767 2943 -91.729332 79.813497 -6.074222 
2 106 2426 81.579244 -81.350166 
1 511 -39.469527 
3 710 1723 2653 94.982686 -33.114299 88.136300 
3 509 520 1568 25.794145 74.672659 -17.997459 
1 2697 39.706221 
2 272 929 50.490970 88.228983 
8 708 952 1470 1574 2211 2256 2308 2493 66.372453 -37.234684 41.554936 30.555063 28.449823 -79.497547 -55.938264 -0.226565 
3 262 682 1501 82.274711 81.704842 -6.086623 
4 745 1358 1492 2269 -83.755672 50.378079 -62.434732 -6.745324 
2 17 2017 -49.513508 36.068259 
2 2246 2391 63.996780 -51.436803 
6 339 1136 1282 1382 1870 1927 8.212987 66.942386 33.298974 -30.613292 13.547754 31.831339 
3 452 1992 2474 40.293178 -98.241121 -44.958979 
5 27 782 1006 1181 2530 92.121340 -1.175596 -74.553814 69.890512 35.249898 
2 137 1326 89.172955 -91.609753 
5 706 816 921 2467 2614 95.588356 -28.613428 23.516213 -39.501629 -98.685469 
2 920 1105 -15.093214 72.319008 
4 562 689 1835 2483 -93.988856 48.708809 -79.573044 -73.439120 
4 1376 1740 1942 2545 2.698152 43.094209 -37.948966 34.606680 
1 1607 43.333342 
4 245 325 350 1045 -1.614790 74.677795 -58.336192 44.469482 
5 429 703 1792 2283 2411 37.334979 34.627236 25.769470 -67.073673 -8.482581 
5 265 1207 2379 2742 2998 -5.899040 -54.251063 -26.698375 -67.497983 -39.587335 
2 1410 1754 49.710144 -96.247431 
3 1328 1581 2344 37.110487 84.825039 -47.557766 
3 227 1647 2112 -65.658983 -95.529852 -95.813134 
2 863 974 -24.700019 85.809733 
5 615 795 1490 1514 2730 68.301644 -66.010844 -42.726236 63.486605 55.013373 
3 1212 1628 2376 84.041148 99.325475 -91.093421 
4 774 980 1415 2536 -64.785357 -49.686485 -79.684163 -44.886006 
3 1773 2063 2112 90.820358 31.548963 -68.086527 
1 364 -77.688282 
6 28 1018 1083 1106 2227 2496 64.831232 0.878524 -8.359324 -65.399865 -45.348247 -46.351545 
3 214 1357 2621 -55.258813 -46.446520 -1.628541 
4 809 905 2008 2029 -97.302327 5.876283 52.267490 54.828174 
4 812 1023 1042 2066 22.456550 -7.926632 45.623905 -40.664088 
0 
2 666 2122 -33.486698 -77.220306 
4 2050 2240 2370 2420 77.342191 8.512742 32.402796 88.660137 
2 2712 2869 48.507989 -48.696300 
0 
7 766 1326 1423 1988 2008 2512 2697 67.813832 50.496230 50.971373 25.371019 -46.669314 96.375493 96.897791 
3 867 1605 1913 -99.091173 78.949946 93.268594 
3 238 455 1052 83.749604 96.560734 -76.428189 
3 490 1027 2459 -49.601311 -93.366957 46.569985 
2 37 856 -53.002523 -20.032394 
7 390 666 966 1755 2231 2302 2694 97.293122 -61.829996 -45.462290 67.327519 38.334794 -73.294309 61.533562 
2 2264 2578 -36.041823 90.620587 
3 11 553 2091 -16.372286 -29.599274 -31.271764 
2 2164 2528 47.465725 12.518411 
7 468 716 2009 2042 2186 2397 2594 -38.831424 32.624967 -51.682875 -72.981908 -79.833800 -67.174064 -14.561766 
2 302 2043 -0.610908 -81.019504 
2 661 2161 84.756523 36.265196 
2 563 1150 74.444953 -49.145597 
2 178 2833 73.890949 61.508297 
3 1239 1581 1886 -95.511114 -91.853005 97.196660 
7 362 421 633 852 1235 1520 1937 -76.164277 -70.675093 -33.695058 67.377813 -94.756401 -69.305756 0.954508 
1 1551 29.728086 
2 822 1946 21.333168 -45.303242 
4 725 990 1642 2905 -64.750929 -86.026782 -55.680374 13.398821 
1 1645 35.210064 
5 1776 1822 2410 2849 2999 84.133817 4.304417 35.540756 -98.181541 -89.179679 
1 1384 -92.331674 
1 2175 -56.572444 
3 911 1058 2628 -72.549615 -75.497930 98.144642 
0 
1 182 -73.433383 
5 1223 1633 1735 2110 2653 -20.855825 77.625642 20.451231 -60.276455 44.783301 
3 62 1290 1534 16.848979 7.932155 63.037214 
3 805 1424 2965 -59.300840 -2.149820 -35.927024 
3 235 488 1639 -0.276046 -0.853514 5.604640 
2 1754 2264 87.174225 -30.059831 
2 1865 2093 -25.757169 -88.613840 
3 947 1425 2311 80.365684 -14.872451 -40.768157 
4 970 1276 2612 2760 69.304576 -36.696847 79.345657 91.991881 
3 753 779 1427 -45.692880 24.152342 -45.374923 
3 829 1489 2001 -58.087656 35.988710 26.857576 
2 1457 1912 71.380214 -69.532113 
8 595 694 952 1211 1483 1585 1968 2811 -53.219741 97.427350 35.911145 47.106100 62.056649 73.111682 -96.656990 73.707457 
2 389 2373 40.271343 60.069170 
1 2465 91.083837 
0 
3 238 1976 2196 73.923262 -90.887370 4.339535 
4 45 158 1451 2074 -26.499004 58.901883 52.901468 -85.978969 
5 1116 1265 2574 2866 2923 -74.435994 67.731102 71.097492 -79.384838 41.128849 
3 103 2061 2267 -83.106741 53.204596 -69.656350 
1 1392 86.130870 
4 156 882 1334 1614 -8.978315 67.774632 18.432255 -13.543778 
3 2249 2473 2614 10.321904 -35.296581 -25.592716 
4 330 805 2593 2667 47.777994 92.972378 54.703352 66.446899 
1 1122 -25.100666 
4 1650 1775 1922 2777 -79.425177 9.471576 49.609669 -71.314559 
3 57 1440 2632 -91.630241 -57.401556 70.756908 
3 255 624 1674 -11.771145 28.451470 -74.809566 
5 97 477 706 1115 2450 -27.120729 -34.623057 -71.740813 32.676424 69.524480 
4 748 1463 2742 2838 95.156467 5.355316 -48.739022 44.441327 
5 336 1171 1682 1786 2478 35.829764 -3.239716 -93.737739 61.863182 21.157720 
4 635 1415 1432 2162 -98.228913 48.148882 -47.377193 68.566954 
5 399 420 711 798 1968 86.617241 -48.380232 37.608560 -83.059921 62.799126 
2 1162 2234 8.833269 -66.002585 
4 154 285 767 2495 31.104159 -13.218218 1.252069 48.007436 
1 867 70.636354 
1 2498 22.363306 
4 604 795 1151 2721 95.962675 69.984891 -11.924673 93.742328 
5 49 232 1321 2196 2905 49.461725 -42.082267 2.364693 22.853787 0.423264 
7 616 664 1031 1475 1743 1879 2978 -55.569757 -10.055559 48.714225 93.171453 16.796808 40.227505 -41.175609 
2 350 1131 91.846514 -49.863811 
6 227 808 1122 1165 1355 2179 71.828761 -30.784147 75.377325 49.336410 -9.130811 42.169159 
2 952 2001 24.715121 -77.071000 
5 597 931 1314 1941 2881 90.888528 -29.872446 38.550527 -45.608352 26.292560 
2 1850 2822 -1.029872 -8.940903 
3 86 924 2468 36.484179 53.986527 53.889167 
5 1585 1661 1727 2384 2815 10.603871 76.747951 -32.633235 37.816924 -94.567668 
2 705 1277 -78.160404 -42.622274 
1 185 34.683278 
2 1027 2217 -61.466706 7.263746 
5 164 346 823 1022 1280 8.965730 85.442504 97.263062 -87.401617 39.764634 
4 1828 2066 2360 2691 -1.161046 53.437151 -53.009906 52.464646 
1 943 75.153212 
6 312 1528 1649 2101 2418 2662 25.399481 -15.736080 36.369973 -6.320653 81.720489 -71.802514 
3 462 933 2323 45.626804 -6.856796 45.309461 
1 2446 94.230658 
5 25 828 1298 2068 2598 85.555376 -43.360568 -20.185097 -94.081967 21.150715 
1 738 38.902942 
1 1536 59.908116 
1 332 95.289922 
2 168 2316 -22.123785 -74.910667 
3 724 1254 2260 28.398915 8.143060 1.317122 
3 2066 2094 2416 -47.192412 -23.655671 -85.384756 
3 63 654 1516 -69.636485 35.344698 -63.854425 
3 948 1453 2955 67.539632 77.493973 -60.305414 
3 427 2507 2999 -74.068963 -2.138513 55.453749 
3 296 2602 2786 24.955272 77.322527 96.895527 
4 20 2281 2670 2914 86.691348 82.140742 -80.074001 -54.227858 
5 342 654 1505 1951 2034 -37.387504 -77.556606 4.349113 -1.246113 -86.743771 
2 1157 1766 -25.921858 19.151925 
1 1002 65.193559 
2 815 2820 -4.145948 -42.114498 
3 362 525 2818 61.020409 -74.275217 -86.633587 
4 153 280 855 997 -53.031792 -21.067423 -19.845150 29.650720 
2 1848 2361 -94.684996 -49.857146 
2 223 2674 -39.690891 18.171941 
4 1003 1701 1712 1839 -0.069788 83.569758 72.779441 83.056894 
2 685 905 -89.902385 21.414399 
2 2067 2094 64.832538 -30.022733 
3 923 1049 2761 -46.969186 -78.038207 58.128357 
3 405 969 1759 96.429561 -1.313936 -67.621059 
3 207 1734 2258 -29.273648 -80.351619 1.048057 
6 115 416 705 710 878 2752 -27.315980 85.350421 -3.743086 -13.103032 76.381864 64.765314 
1 1577 -59.268933 
4 97 1072 1470 2074 67.957068 -22.072564 5.899282 -0.792614 
0 
1 1682 -68.123809 
3 549 2364 2872 32.401844 82.938417 29.686043 
5 1363 1686 2157 2370 2747 53.772996 75.297690 -39.696867 42.556644 -13.079763 
3 320 2339 2340 88.071681 79.675661 -11.731275 
7 113 306 944 1554 2257 2453 2607 -41.888118 98.143134 -29.475728 42.591046 -53.352814 70.083979 -28.560042 
6 706 1170 1825 2122 2214 2270 -0.164128 41.597942 44.166454 -99.042667 58.676813 -17.304056 
4 668 1316 2534 2758 28.787092 24.310461 99.146403 -81.331690 
1 2251 -77.116636 
5 185 916 1341 1762 2205 87.763426 0.037785 36.302761 87.787239 -99.847087 
3 1207 1911 2901 -37.379111 -97.223796 -3.657788 
6 82 136 160 1585 1674 1746 -40.118371 52.266360 -18.425422 96.283141 2.069346 -4.248562 
2 488 1822 40.896915 -34.863849 
3 1019 2600 2933 -5.160336 -2.468814 -93.550045 
5 170 904 1446 2591 2899 -84.363277 64.970995 57.486514 6.966700 -80.585544 
3 394 2250 2323 25.806980 57.938181 28.331349 
5 475 484 1428 1548 2625 -72.670686 15.954761 84.776941 99.939973 -60.524925 
3 1132 1311 1736 -56.805525 -34.564677 -87.653433 
6 54 64 867 1293 1874 2539 -52.027920 20.268260 12.995253 88.519866 26.726232 45.556733 
5 696 1664 1689 2011 2436 -31.869267 -88.378225 -64.893909 -96.356218 59.237880 
3 1089 1719 1966 77.898549 96.926119 69.721719 
1 611 -13.122783 
0 
3 225 358 1124 97.558336 21.312081 -0.961641 
2 2040 2885 23.292112 58.947729 
5 516 572 898 1063 1936 -79.265833 -29.722687 84.595674 -93.759922 4.587176 
2 167 2365 85.481296 48.978576 
3 723 1428 2992 42.334048 -14.876199 -60.041132 
5 1586 1629 2016 2606 2929 -74.903529 15.053691 -65.978201 -85.623503 -6.298817 
3 576 1211 1502 -93.232277 36.971124 -30.889387 
2 1726 1936 43.314932 36.222638 
4 1657 1964 2629 2977 -42.995761 75.560649 7.112950 80.989913 
3 180 509 1426 -71.685388 57.392701 -22.184080 
3 712 902 2038 -98.262827 -18.201920 74.684404 
4 1268 1288 2086 2883 5.184447 -68.456735 59.703143 -14.508091 
4 428 753 1084 1569 -10.977696 75.160176 49.030106 62.319917 
3 184 1753 2227 -39.655701 -90.971393 32.401907 
7 784 860 1051 1601 2051 2100 2170 68.194751 -72.104543 -46.594260 -30.593555 52.304272 -38.188959 -48.921819 
7 201 603 696 804 887 1600 2078 -51.715088 -30.258714 45.745600 74.247205 -39.020165 -35.118132 -59.218043 
1 662 -86.299913 
5 43 56 126 731 989 -92.336048 75.218599 82.668310 54.297343 -55.274625 
5 295 547 678 1899 2696 61.098797 9.137202 -5.975469 15.567558 45.866146 
4 1177 1825 2262 2951 -31.752286 -84.715450 -35.661641 78.654698 
2 491 1020 -20.360997 39.118822 
6 204 1909 2207 2369 2701 2939 -74.805296 -12.144506 91.865182 -49.048660 19.300093 -95.358218 
2 220 2725 -11.668654 10.118421 
3 666 2618 2923 66.045795 70.837987 -25.653192 
6 226 429 542 569 650 971 -71.143962 6.980413 -73.145810 -8.949033 -26.982323 -84.090682 
3 440 1199 1514 -36.463365 47.695732 20.691213 
3 481 2204 2721 -2.034740 -18.614308 -80.688209 
2 1949 2474 -39.343154 36.479830 
6 61 292 662 1271 1941 2850 -98.893555 -34.298237 63.910707 15.857697 9.607960 49.850437 
2 883 2769 14.112509 -81.473584 
3 493 1547 1621 -38.248860 17.573135 -9.179447 
2 168 1118 -81.711828 97.484470 
2 495 1483 -49.786631 51.625037 
4 242 776 959 1800 33.204406 57.527195 -90.444691 -37.601950 
1 2338 -70.405238 
3 1027 2175 2609 -97.746017 -7.342581 -86.113812 
2 1384 1833 -87.489768 74.788912 
3 410 429 967 53.440297 -29.796555 36.449426 
4 969 1526 1937 2422 -32.864802 -13.708305 -52.635068 -21.976273 
3 1774 2327 2684 40.231424 -65.026134 52.948410 
3 656 870 2927 26.049351 -40.154645 99.400429 
1 2320 -19.694495 
6 576 1339 2098 2248 2306 2618 84.727807 -16.473496 0.175746 -55.392240 -2.057757 -59.378735 
1 311 -29.027082 
3 805 921 1221 27.527842 -84.759473 -85.960782 
8 85 453 830 1463 1673 1709 2490 2942 5.753330 14.615771 14.723108 -62.264879 -47.858292 -25.435135 75.399598 -46.066202 
6 252 300 351 1214 1743 2086 -80.877893 29.013212 20.943812 -49.670047 -93.427916 73.323039 
2 1328 1775 -24.758027 2.135959 
1 789 -73.477052 
2 1502 2482 -94.003795 24.911853 
2 1068 1660 -88.147688 -65.309562 
0 
3 27 2446 2912 12.662815 2.184061 -83.083403 
3 401 1339 2560 42.542760 -39.360089 44.568408 
4 388 446 560 1147 -40.973451 91.863700 72.525357 -25.774558 
2 2103 2499 -45.741925 -47.582088 
1 373 68.470476 
2 1557 1920 85.805539 -58.595583 
3 968 1666 2623 28.505298 60.606292 7.059938 
4 424 549 1644 1715 -30.035165 -19.338382 25.321096 -23.479199 
0 
8 1391 1967 2191 2196 2378 2628 2724 2769 -1.955993 10.894474 38.075843 3.602983 -8.192801 43.960622 37.782543 62.694222 
3 865 2770 2940 -98.166240 84.025658 -86.395239 
5 165 320 1147 2034 2585 84.616919 15.254039 -0.902275 23.134128 24.688811 
1 461 -28.794607 
4 771 1042 1481 2236 -83.843614 -16.892763 -92.083586 -57.074279 
5 1053 1124 1933 2128 2973 -95.340868 -65.536989 14.165882 8.897244 54.198274 
4 62 353 1575 2031 97.432366 86.087716 86.408334 -16.924869 
2 140 2763 -76.806662 56.792067 
2 53 68 -59.565771 86.380238 
2 1852 2124 -54.259300 83.468781 
8 57 202 836 1592 1865 1943 2448 2654 81.494929 -0.649265 -91.349154 -49.532687 -84.908691 -35.484871 -56.711880 -49.857620 
1 1486 -13.744333 
2 2151 2530 20.619732 79.015864 
2 4 1559 -82.818014 -54.918594 
3 634 1289 2964 62.093086 -68.845665 -82.900790 
4 60 81 1408 2891 -82.307919 2.678978 59.607334 -6.831471 
3 241 365 1407 41.554327 -77.750051 21.576822 
3 968 1077 2158 -31.780695 53.617314 91.590602 
2 453 691 -40.745239 79.598186 
4 1174 1236 1495 1642 76.484461 -87.663767 -41.882366 38.468184 
2 1809 2599 41.571623 97.623379 
5 216 620 2203 2617 2968 89.546205 31.977258 59.134691 75.259248 -29.215216 
3 127 1631 1634 54.792317 -73.907379 85.524380 
4 362 705 1544 2920 80.453066 83.331816 -71.925826 -74.763437 
3 1315 1815 2605 31.533379 25.244267 59.487970 
3 153 931 1508 -92.115306 86.941683 90.606583 
1 445 23.152443 
3 1838 2301 2987 9.378579 45.094670 -76.346799 
7 336 981 1596 1654 2010 2072 2168 99.757364 45.344867 -19.729723 -91.487005 18.289204 79.498452 2.333157 
3 480 1407 2014 52.569373 79.956768 52.720882 
4 1669 1942 1958 2975 3.862074 -79.711820 17.122499 28.908947 
2 562 2494 -50.674079 7.931803 
5 196 246 572 615 661 -80.036005 96.498540 -10.213423 19.118294 -65.467844 
5 800 1144 1837 2807 2922 -68.964949 50.762583 -62.312687 -53.738788 -19.772107 
4 371 467 894 1689 -55.291297 44.192993 -28.431727 87.526883 
4 761 2145 2634 2678 26.960846 -45.259084 74.806167 22.005881 
4 740 1847 2447 2567 -4.873528 -15.210634 55.182826 -69.832832 
2 2497 2687 -77.021320 -10.400358 
2 1071 2916 -45.082226 -90.219023 
4 37 570 1047 2810 86.175022 22.790096 -7.269864 26.138759 
3 320 1440 1701 -2.644958 -3.053041 57.479584 
2 562 2503 92.843205 33.421622 
4 205 1848 2073 2869 -19.686271 50.123778 -43.447425 -48.044059 
2 2027 2848 7.281483 59.909912 
2 1326 2152 30.758517 12.718054 
4 204 264 2862 2940 -68.609143 32.364613 -80.852072 -26.539720 
3 1162 1439 1852 13.145242 0.352865 83.924621 
1 2077 11.233553 
5 23 253 697 1224 1835 48.956436 -99.051518 54.681518 -53.405660 79.526322 
1 1540 -89.611047 
7 517 710 843 956 1444 1844 2542 40.566369 -29.244677 23.767214 76.709726 -92.012915 -63.914821 -38.110793 
3 747 1553 2562 21.429032 -14.582469 43.047676 
6 169 561 613 1799 2222 2330 15.648262 -38.143513 58.996542 48.287029 49.814697 71.677704 
3 1594 2299 2477 96.994385 -9.700382 36.896127 
5 154 635 1542 1989 2464 14.893452 76.058377 92.797111 -74.802920 -79.981945 
0 
4 708 2431 2466 2964 84.537132 62.611653 -77.205992 92.647869 
1 1660 -95.622524 
4 692 1367 1911 2172 65.696172 76.097000 -8.514943 89.278086 
2 265 1710 37.281356 -36.040340 
2 180 2584 52.534921 23.715900 
5 372 1184 1411 1494 1963 -16.204820 -48.730910 4.087437 76.122189 68.749214 
5 402 843 870 1669 2857 74.812463 -55.275458 32.736289 -64.687683 92.869251 
6 349 507 1097 1965 2382 2507 42.483477 -63.638656 99.929934 57.525359 -98.449984 -86.084628 
3 199 1091 1328 -83.089367 61.772629 68.948101 
5 409 895 948 2152 2816 17.812140 51.455752 -74.867139 -7.692051 95.728463 
1 2580 -4.963286 
3 837 1619 1846 -74.888398 -28.747454 -97.042559 
1 2042 -4.814862 
6 720 860 1910 1995 2068 2960 76.453756 -12.720614 -52.364751 -43.157641 77.754330 2.386960 
5 27 1945 2392 2569 2582 -6.407229 -8.570698 -43.704228 -30.164466 47.487366 
2 360 1629 19.828379 75.761103 
5 531 792 2058 2063 2217 -10.203241 -48.793798 -51.869272 -26.589827 28.874264 
0 
4 422 609 1957 2721 83.266951 73.418594 -40.984255 57.106516 
1 30 35.836009 
2 733 1218 15.417947 -32.229981 
2 2100 2566 92.866939 62.944705 
2 1564 2721 -49.323644 -17.182056 
4 27 269 2635 2659 19.151055 18.239206 -6.846671 87.304905 
1 2190 3.654135 
4 1215 1941 2603 2922 -70.646004 -22.753619 -11.773482 95.663830 
2 6 892 89.517822 -16.126177 
1 1041 53.157845 
6 365 1304 1514 1620 1727 2899 -12.482445 -15.397197 38.339251 26.374533 -47.580669 -70.988604 
0 
4 960 1448 1769 2053 41.091933 17.550813 -2.040434 43.951554 
3 655 942 1312 99.497484 -48.655961 -37.994699 
5 580 889 1056 1910 2811 -60.010103 -11.975236 -85.138462 81.311323 42.858087 
3 2017 2157 2626 -70.506951 55.632074 -22.324101 
3 2081 2193 2399 -21.273389 62.846005 62.008760 
2 175 2807 56.448288 -26.270802 
3 321 590 1691 -30.371846 37.104691 88.419236 
4 663 1101 2170 2620 53.912937 67.298186 43.895862 98.163717 
2 1822 1862 -20.796900 45.985725 
2 607 673 72.976693 -12.719531 
7 6 274 459 725 1102 2367 2614 82.671932 -93.280150 12.379198 72.394686 81.791949 -28.499850 58.987108 
4 929 952 1577 2851 -57.495060 -56.388864 10.907100 -98.768803 
3 276 557 1399 -58.322679 -18.107452 67.453174 
3 344 2225 2728 32.112865 37.774977 53.456579 
3 461 1262 2262 -47.081015 7.647253 -93.203981 
3 19 122 928 74.410811 -16.485044 37.838538 
3 477 2220 2565 82.727320 -74.272454 93.722200 
2 195 1451 49.488895 -61.969577 
4 808 945 1770 2574 9.262201 -63.159228 55.917404 89.621555 
5 311 342 1265 1630 2088 -93.265102 -47.739658 57.942517 -10.565722 85.151888 
4 495 758 1971 2639 52.802574 -85.735436 -50.355937 -30.485798 
3 2018 2796 2919 35.744039 30.510838 81.003003 
4 53 1390 1946 2481 -1.496817 -11.426833 71.955372 -96.423305 
1 2767 48.610923 
2 2227 2802 -29.566293 46.813517 
5 949 2218 2260 2475 2775 99.775169 39.763711 -5.120437 -50.118067 -50.966799 
6 4 46 780 1130 1916 2778 4.429706 70.438439 -37.697075 51.815313 43.816487 99.970196 
2 1338 1555 -40.700767 64.853655 
3 983 1015 1635 -45.938034 -90.041760 -46.832647 
2 2498 2743 -51.935687 -68.100379 
2 1412 2378 76.828243 -68.409890 
3 1853 2028 2238 23.411303 -59.340577 -39.993188 
6 105 1167 1594 2245 2272 2568 24.606789 98.971365 31.818730 -6.575379 2.264914 -54.650302 
3 805 2019 2203 -48.803045 -97.177280 35.495102 
2 1184 1754 -5.289522 10.864544 
4 141 980 1123 1185 77.652961 -42.692161 16.452455 28.559195 
2 1366 2485 -64.691742 18.315722 
3 1338 2496 2776 65.763908 7.898314 34.555286 
3 1705 1940 2555 37.975619 82.328077 -65.646944 
0 
3 596 777 2507 18.818566 26.650122 38.801881 
6 1232 1982 2090 2223 2559 2599 -44.479836 -42.164238 -76.486933 48.327931 -86.438904 -4.134986 
4 73 774 1548 1804 -97.812471 21.159452 -9.343253 34.270810 
2 646 935 -16.177902 52.896078 
2 2035 2810 39.796301 -44.198588 
3 330 970 1442 -11.025236 -21.153196 -31.132170 
3 662 1374 2298 -75.100351 -56.606328 1.400558 
5 638 669 1941 2359 2630 -77.847070 98.587516 62.053312 53.122129 16.266158 
2 2103 2566 66.146072 61.138341 
2 54 621 12.540185 18.691677 
2 1108 2209 9.730755 4.040512 
3 194 483 1028 -60.768300 8.686252 33.388095 
3 868 1183 2687 -97.135486 72.324889 -37.022904 
5 507 1016 1375 2504 2972 46.035240 -41.982355 -23.140944 -45.545914 -55.244822 
3 1307 1538 2269 49.174978 51.310827 67.685637 
3 60 972 1328 -97.643904 54.901206 -48.040870 
4 509 838 1568 1904 -92.073497 83.689004 56.205654 58.282401 
2 281 346 -95.149806 -84.897476 
2 864 1993 72.911543 -11.079405 
6 523 614 882 1807 1925 2440 -75.308572 -16.655610 -93.075695 75.435471 -68.386710 81.433591 
3 1055 1211 2542 -45.496752 80.727348 97.152740 
1 645 -24.712570 
4 66 1211 2435 2830 79.011818 52.220497 -98.386138 -54.360027 
4 138 648 1121 1659 65.700187 22.768920 -73.694019 -91.761814 
4 778 1778 2108 2482 37.862859 3.763773 74.153533 -19.480758 
0 
4 131 788 1384 2334 -14.583786 57.851176 -71.465156 76.049944 
1 387 -63.345839 
1 2324 -11.252525 
3 1388 2071 2557 78.680074 60.790767 89.331964 
0 
2 2241 2869 -98.448094 -66.932698 
6 99 309 407 503 1308 2565 4.904789 -33.101054 37.459156 -3.124040 31.692287 96.412279 
6 982 1014 1103 1732 1950 2977 22.992767 -99.156273 -96.727014 18.172575 -42.913105 98.720409 
4 1457 1517 2171 2409 -26.235400 11.327352 8.539935 -92.266493 
2 2320 2528 41.108883 -63.161962 
1 27 86.234406 
2 321 466 -8.536092 -86.656576 
3 754 1328 1652 13.293062 -17.036924 4.260639 
3 722 1040 1282 -4.753460 86.855886 65.754018 
8 138 200 334 343 1035 1400 1458 1770 66.028047 63.066411 -50.130546 80.046576 48.945092 -14.761301 -22.224697 52.423216 
1 1045 38.084183 
1 1819 52.454597 
5 1122 1479 1923 2069 2521 15.730519 -91.575954 -77.217700 -94.607153 15.484696 
0 
0 
0 
0 
1 2488 22.708117 
1 861 27.080299 
1 824 -40.652436 
2 671 1944 -77.589568 -33.346284 
2 1749 2304 -84.392255 29.109864 
1 2352 10.727403 
6 551 1436 1450 1838 2284 2508 -30.072301 -9.938282 62.349762 -17.028253 -27.365283 -60.872250 
2 2451 2546 2.762313 -24.341459 
1 2516 55.955885 
3 1330 1381 2450 59.375586 -12.306191 -33.360273 
7 395 441 686 1116 1294 1814 2921 97.940248 -44.631305 96.610500 18.577772 -16.603084 98.497702 -42.439762 
0 
1 2166 37.412733 
6 424 504 549 874 1666 2056 -35.271599 -54.010729 52.889610 -67.118141 39.152341 -20.592068 
5 111 157 1278 1846 2394 75.007473 9.609378 86.110054 59.539079 83.897557 
2 40 2718 78.366128 -92.573647 
3 641 1069 1491 80.767127 -79.934430 18.768479 
4 205 566 653 1572 -53.058654 -38.441700 -71.145782 18.491202 
4 932 1092 1164 1909 77.691545 74.421201 -15.899723 -48.655799 
1 562 2.151798 
1 427 34.566420 
2 485 1104 -39.586958 -96.835386 
6 307 973 1482 2035 2483 2629 74.849957 22.934232 44.734438 -7.649083 -43.343173 -25.503089 
1 777 -29.887904 
4 562 882 2697 2787 86.850608 -35.592341 -54.115211 72.573341 
5 28 226 308 1802 2235 -16.236578 21.000089 91.344244 34.155727 -58.278670 
6 231 373 852 944 1023 2495 -97.898766 -68.218787 -59.153742 -29.930564 9.243043 13.445739 
4 516 1568 1858 2898 74.405905 73.627653 -2.619845 32.655886 
3 1019 1901 2673 55.072192 -94.060680 68.225664 
4 240 844 899 1757 9.263903 3.126619 1.525192 -0.760446 
2 135 1738 -98.790750 -62.301313 
3 776 983 2733 43.472101 -44.900109 -56.859237 
7 8 312 1554 1915 2229 2337 2384 64.742753 -87.649026 62.298200 72.796996 21.172989 51.716849 63.344583 
2 257 292 29.095844 95.201859 
5 446 453 764 1158 2174 -43.488955 -29.256686 60.514005 -0.894374 98.520178 
4 93 1222 2174 2448 84.510189 -55.991509 84.691787 -42.377119 
3 23 322 1340 67.584987 87.454680 48.128054 
2 1968 2904 -52.453665 -58.752837 
2 1751 2305 5.480659 84.423413 
5 640 1162 1297 2300 2784 2.997416 -36.170881 30.615668 10.371902 -91.959073 
2 996 2413 -19.506697 -38.032481 
6 105 545 1615 1772 1911 2066 75.638961 -35.511806 -68.210539 36.388277 88.577301 -44.639078 
2 1535 2439 -36.163121 -95.054540 
1 1817 -11.218436 
5 150 1301 1674 1917 2403 -89.459897 85.651976 81.082499 33.916794 -73.450963 
1 655 0.257341 
4 64 707 2400 2617 -2.084526 95.717714 -53.758270 91.090089 
6 34 1042 1160 1589 1741 2948 -76.917245 96.708762 14.152547 44.671176 -90.146277 -2.407404 
5 2 52 1871 2648 2987 0.887825 71.601815 -12.734861 -87.234870 85.227208 
4 350 660 2461 2733 -44.978750 -26.320581 67.093434 -56.936642 
5 352 575 1023 2715 2844 -8.126574 38.545761 67.511951 41.991752 38.071768 
4 340 687 980 1948 87.118006 97.334246 73.371895 -56.168050 
6 639 865 1065 1573 2292 2680 -91.321647 -69.091958 -31.812212 -24.108746 -85.125945 -78.313125 
2 1782 2677 25.622030 31.241474 
5 222 1420 1720 1974 2989 85.330310 46.499073 -53.892711 20.099379 -83.453977 
8 8 201 406 1245 1511 2064 2075 2484 -18.253646 98.342930 -56.323598 12.701471 -1.980567 65.013222 13.527560 13.250149 
8 435 469 1088 1240 1619 1758 2454 2891 -60.959020 26.669462 -5.184241 -92.838647 -64.195922 -16.280612 11.896060 -17.800001 
4 521 2314 2861 2935 -71.402372 20.800044 37.414000 32.599189 
4 1352 1876 2045 2516 -23.919606 -24.446595 32.518369 -42.803469 
2 1501 2000 8.711634 2.271098 
3 1506 2030 2841 -99.457923 -79.345987 2.126603 
3 788 1601 2191 -40.947464 -17.191975 -10.602839 
3 101 617 1120 40.392101 -59.893136 -91.253316 
2 239 1119 57.032994 -96.629189 
5 644 831 1289 2411 2939 74.763431 47.084068 -76.069363 23.725132 68.029808 
3 583 1591 1871 63.826666 -42.839330 -78.617634 
6 681 702 783 2369 2429 2642 -66.701095 -62.142706 98.582872 -57.241139 -31.087358 -4.442919 
2 334 2627 35.178795 -10.620012 
3 768 2469 2545 48.767339 -17.582730 -83.169731 
4 167 1253 2505 2699 98.437638 28.062847 -83.697169 58.356842 
4 302 648 2391 2656 -35.773548 46.985900 41.423335 -63.328772 
4 234 834 1836 2971 -98.127443 90.912160 -5.567561 73.646432 
3 1375 2152 2767 18.860017 -52.461938 72.462677 
1 2121 -17.790403 
6 207 338 592 1664 1852 1972 -27.686772 -67.931181 -40.161830 7.891674 -88.624108 -35.002548 
1 1148 -61.920355 
3 843 1888 2784 47.520071 57.547014 -84.501523 
3 494 1632 1953 -0.733720 -51.435195 -92.678417 
6 566 673 1446 1479 1482 1742 -76.593186 56.639786 10.433997 49.317555 -66.883659 30.203116 
2 326 1505 45.572418 47.200460 
2 356 1305 90.940060 80.131850 
4 26 153 443 2491 -83.099894 22.321296 -95.925167 82.747194 
0 
3 66 554 1645 -84.379042 -77.465093 -1.275288 
3 742 1348 2357 -72.254953 -22.671786 -62.732112 
2 524 788 3.522762 -58.173966 
3 1581 1940 2584 -30.435786 -18.033415 -61.679281 
2 2650 2708 -38.944079 -29.624966 
6 283 612 615 1024 1815 2212 2.441680 -10.845071 -37.079778 57.924303 -85.720334 -28.142044 
2 2059 2459 8.649581 19.108075 
4 1151 2039 2223 2914 7.325107 75.518010 -40.080253 -35.260539 
3 126 2328 2576 22.104322 -89.775006 42.566373 
4 1461 1576 2204 2457 -36.887335 16.344539 -50.254818 -61.054834 
4 117 650 1159 1540 56.697961 63.112480 -36.046532 -6.075690 
2 1171 2248 -74.813248 -16.718633 
2 143 1439 14.141458 -63.883025 
3 1251 2010 2923 -18.765658 46.682294 50.840188 
2 1084 2370 -21.412344 8.430792 
1 866 41.896045 
0 
7 1096 1099 1349 1590 1796 2223 2393 -59.153623 77.114310 -5.169045 -32.021725 -66.761342 -0.134459 81.750941 
2 334 1562 -46.449802 61.739126 
2 224 1612 -91.566334 84.468601 
2 2067 2552 77.810508 -61.373476 
6 58 962 1855 2654 2986 2993 -32.506269 9.622628 43.620025 -0.209260 -2.245712 -30.392940 
1 2899 -96.392094 
4 244 671 2127 2744 20.009006 38.699541 29.695340 -22.619785 
5 1220 1622 1634 2411 2873 17.412768 -42.133846 -83.282601 -27.136772 52.645218 
4 668 1517 1733 2737 -46.446511 -37.562442 -75.072091 -72.173783 
2 1388 2365 -52.316175 -29.568823 
2 1075 2417 -7.121755 28.333367 
1 1641 -56.518698 
2 582 1832 -54.253198 80.516242 
2 534 549 69.224574 82.508483 
5 524 1490 1573 1597 2203 -11.428059 68.460896 34.860866 95.768930 -34.309995 
2 1213 1513 91.860169 60.029015 
2 918 2043 -4.349931 8.103913 
4 749 2141 2437 2908 50.073962 -99.657795 -3.081610 69.312786 
1 832 13.376342 
4 1298 2012 2226 2868 -37.264402 47.755786 86.481415 40.751081 
2 462 1631 89.530845 -39.157689 
4 1453 1567 1606 2786 22.533627 98.197244 -0.047080 4.426989 
1 2176 -75.918107 
4 709 1424 2009 2725 6.951739 99.112326 73.660865 97.846708 
2 2256 2955 82.119119 -27.809309 
3 902 2733 2800 -15.376435 -73.193666 42.060891 
3 591 742 2138 -88.452955 11.798527 -66.042469 
5 543 1964 2128 2407 2761 -73.582185 26.370696 93.279473 36.819407 -44.498307 
1 2472 1.744848 
3 1856 1925 2461 -61.598468 82.488505 68.775758 
3 432 476 657 -2.508756 39.500158 -99.506346 
7 540 543 604 658 1925 2589 2855 -75.273171 -68.737173 -4.958260 -78.657579 75.498598 7.936170 -83.422173 
6 597 838 1319 1372 2423 2991 97.656457 1.221796 -9.598055 45.104530 16.298551 -16.531358 
4 667 1275 2144 2585 94.955400 -3.676732 -5.620690 32.428220 
4 555 1027 1168 2677 38.737452 -11.170814 59.925064 95.976636 
2 1711 1801 91.650696 42.200822 
2 340 1459 -28.813808 -79.383024 
5 17 1106 1193 2680 2912 -62.324918 -93.597378 83.616448 -32.239465 -85.337376 
4 782 1312 1647 2682 20.452059 65.512234 67.160597 79.801582 
4 90 1344 2051 2056 53.850852 -31.712992 11.417083 61.380795 
2 1748 1976 -81.413509 1.917149 
4 515 544 898 1374 -23.665207 19.800813 -27.568668 -74.338786 
2 1457 2731 -34.997224 -23.975280 
2 581 1407 42.815558 83.821199 
5 95 229 1723 2198 2752 -44.298460 37.664452 -88.149030 -68.668063 -58.871762 
4 481 511 1490 1577 -12.264514 30.286351 9.375411 -57.796405 
1 2993 -21.274663 
0 
5 591 2239 2677 2858 2992 -30.544912 57.759496 -16.675332 81.198565 53.225183 
1 560 -72.876983 
1 2021 -70.595315 
4 601 1520 1610 2048 -77.198973 45.785943 -54.886345 -11.597179 
2 1196 1578 75.336234 89.234458 
2 838 1046 -33.162234 68.505225 
1 1991 82.997985 
6 158 1306 1405 1544 2089 2369 28.999013 -55.411794 -89.649020 96.956535 53.789031 0.655199 
4 856 1985 2309 2364 -86.614682 13.501914 -99.318394 -73.646725 
2 1478 2576 -55.356940 -38.803859 
3 541 720 2685 4.127387 -55.686332 -71.940138 
6 92 395 511 1021 1705 2175 4.880256 -64.780111 -29.468984 97.550878 -14.128679 -61.023061 
4 98 842 2693 2787 30.199376 -22.583327 2.217842 51.831547 
2 2617 2724 45.237933 65.915628 
1 1332 -71.675999 
4 40 879 905 1844 -91.641772 31.107055 -12.750651 -72.977715 
5 852 1245 1497 1511 2433 39.230303 -23.741895 -52.791787 8.202697 -23.071986 
3 756 2358 2622 69.092908 44.110075 -71.704105 
3 34 1354 1490 -71.454704 -38.371882 48.973011 
3 656 1221 2144 -64.459371 -31.875871 -23.440538 
6 83 113 421 438 1638 2623 19.632855 -13.511600 -29.517416 51.994109 -14.439736 -2.795294 
2 881 1542 -4.087750 87.759738 
2 286 2955 60.527178 80.577232 
5 274 465 1534 1933 2538 54.345112 -51.842438 35.499282 -21.963764 -23.061621 
2 259 2032 90.670252 71.139204 
4 1000 1517 1978 1994 -72.278373 26.988775 28.331543 -22.113220 
6 419 484 697 744 1187 1533 -35.903100 61.857660 -57.262009 -47.212825 13.350150 46.263646 
4 335 1048 1726 2773 -24.180793 -86.757869 64.540784 15.624426 
4 235 490 611 1259 -8.702034 -14.202161 -96.920263 14.297344 
3 1179 1917 2208 -54.174792 -63.837029 -12.504913 
6 33 273 704 766 1150 2032 -66.192960 -54.490354 -94.226809 24.043541 -81.250777 -3.132862 
1 2637 -84.768454 
4 1872 2253 2535 2545 -92.266383 2.369937 -76.996263 35.546704 
4 665 844 1537 2867 98.538939 -34.724468 -33.044160 -65.532291 
3 645 889 1335 -48.015808 -45.636314 -27.873533 
0 
1 2954 23.468535 
3 1073 2057 2529 -48.824630 -93.730969 -18.223693 
2 1591 2950 53.911047 87.479528 
2 2650 2693 -10.744868 -22.365608 
6 815 947 1715 2159 2417 2671 -22.132004 -34.912666 -36.152933 -34.361376 -48.686365 -37.215413 
3 734 883 2400 41.456987 68.304620 -65.343821 
3 1740 2381 2637 92.974226 -89.417523 51.848645 
4 700 901 918 1522 -28.270723 -9.995048 -28.747438 18.337677 
3 1394 1784 2445 7.182702 72.105649 50.390014 
2 1733 2003 89.466603 -69.446251 
2 663 2615 -24.346348 -81.292388 
7 1470 1560 1649 1893 2010 2294 2557 76.015930 87.492266 -67.156323 95.200840 32.719892 -13.674340 49.854121 
5 186 421 1400 1778 2460 -10.155581 -30.284597 -44.432722 49.568598 66.385528 
4 1798 2322 2360 2960 82.845254 -27.009510 57.691013 25.050172 
3 1371 2212 2332 65.790494 -85.581466 73.431970 
2 1824 2977 83.659456 80.515887 
2 224 1188 31.834158 -70.138543 
3 496 1945 2010 6.950094 -19.366083 72.551993 
2 894 1157 86.465731 97.055423 
6 31 325 739 1396 1460 1684 -89.845299 -64.043988 55.320798 65.363270 13.380972 5.945241 
5 291 484 989 1318 1508 -34.438756 99.463538 46.906122 96.573110 -65.648006 
2 1339 1959 23.659231 19.430824 
3 1256 2500 2882 71.214630 21.312711 40.896980 
7 979 1202 1210 1512 1680 2505 2588 -25.625547 -83.607064 -92.375620 -62.576350 -53.387286 58.017913 -47.562959 
2 378 1026 -5.915455 -56.384014 
2 1040 2405 63.199375 14.496518 
4 51 136 1465 1506 -5.588317 59.344617 90.106054 25.409969 
2 1231 2377 -62.222947 -13.485466 
2 246 537 -59.159233 -41.982299 
3 1696 1858 2776 -37.512097 77.802841 -94.074316 
3 1307 1606 2755 6.998992 19.527331 -47.575164 
3 11 833 2744 87.531227 -42.653512 -3.809243 
4 946 1255 1442 2356 56.601011 -15.015632 -29.315987 97.081404 
2 937 1837 72.547253 -86.447702 
0 
3 360 2730 2896 89.047740 -38.396860 -14.101304 
2 1495 2216 72.617895 92.397803 
3 698 1836 2850 20.950875 5.002064 -56.194726 
2 1141 1723 -42.341777 -50.443881 
2 416 2777 86.823953 39.224476 
3 717 1579 2059 54.536207 -88.204098 -14.283438 
5 682 1150 1792 2067 2984 -63.150042 62.393151 -6.252702 -32.069701 27.414922 
2 430 2095 -76.561883 15.569109 
3 245 959 1165 39.848622 -63.158475 -8.956489 
4 1063 1194 1430 1768 -48.650193 44.699726 -28.206050 -15.383833 
1 1597 -41.886959 
3 209 1569 2418 73.696960 59.457428 62.528036 
1 1660 71.027399 
2 952 2107 -4.998235 9.526486 
6 195 735 1132 1292 2445 2567 37.095694 -8.024455 22.029785 -81.112586 80.302403 81.234616 
4 321 441 2537 2833 -20.513201 85.932204 92.773722 -72.540781 
1 2561 94.498136 
5 248 1098 1748 2629 2962 -91.593430 -55.547848 44.098607 -81.862607 -40.362627 
1 157 -87.130333 
5 91 284 385 1562 2315 6.072872 -34.100495 -58.183710 -66.158343 -30.335365 
4 210 974 2136 2260 -61.857877 -33.191015 90.196927 82.470123 
0 
3 695 2051 2267 -92.603444 27.365470 64.601327 
3 1518 1707 2860 -38.029164 -67.670417 -34.860386 
4 1208 1248 1764 1772 92.045145 0.432026 -76.241409 84.057190 
2 74 2416 -33.378884 -51.531242 
1 2953 -52.511664 
1 1866 78.781362 
6 855 995 1068 2283 2539 2553 -3.520603 -93.768651 -16.831927 -82.681160 60.252257 52.133010 
0 
6 331 535 1099 1900 2236 2943 39.985456 -11.039516 2.950504 29.772045 73.048684 89.193006 
2 895 2693 -78.558069 41.806536 
4 738 935 1056 2855 -30.538555 -34.814106 -53.032887 -74.736401 
2 337 2232 32.528877 -40.260113 
3 1198 1568 2565 -29.862697 -14.246160 -84.608335 
5 417 1498 2433 2482 2967 -78.603449 20.557229 72.436541 86.042174 88.428669 
2 172 1708 96.080157 -61.717316 
2 2037 2050 54.308312 -16.746557 
3 130 726 1661 -64.988015 -16.041971 97.407731 
1 2907 99.105361 
2 1512 2544 -84.092348 -11.080527 
1 484 63.538051 
4 35 1626 1828 1866 -5.449530 -86.566286 12.974359 90.995314 
1 1286 16.129236 
4 1118 1611 2093 2445 46.318448 -5.323175 0.659345 -46.440347 
4 146 852 978 1970 -17.989868 -15.072991 -51.142888 -68.301207 
1 1242 -32.896515 
7 63 458 543 1229 1309 1590 1966 -22.818452 -41.419904 93.302635 -30.295479 -96.675944 82.575189 -23.820712 
5 113 556 852 1041 2068 55.203654 -96.618010 55.122275 17.983547 19.144172 
3 607 814 1539 -11.312893 77.986227 -54.177615 
2 696 2113 90.421663 80.243995 
4 921 2060 2125 2374 44.658415 79.599566 -86.050315 2.373717 
3 542 1347 2054 -67.057486 -76.002648 20.018556 
1 755 -67.911670 
4 515 577 916 1878 -91.141067 -32.980076 84.240120 59.197621 
3 181 1079 2326 11.164302 -46.174075 62.158009 
4 1352 1732 2442 2560 72.905572 28.325962 -69.339572 -99.777497 
1 2938 -49.310660 
1 1905 41.948737 
2 1685 2559 89.743028 -5.797314 
4 267 1269 1940 2529 68.031850 18.789659 -79.520464 -53.497244 
3 1309 1422 2075 21.566614 -20.397893 -46.702666 
4 453 847 1574 1697 -93.802946 61.312805 36.347461 -11.363407 
5 235 872 1457 2409 2889 97.908639 -71.656560 11.827701 78.531363 -37.104572 
2 952 2999 9.405365 17.175302 
2 976 2574 30.447677 63.845260 
2 2825 2954 -3.362085 -96.419165 
4 14 1286 2058 2333 -66.448193 54.865949 -74.296754 52.149972 
5 181 270 875 993 2820 -96.714222 -4.129975 45.684668 -51.030608 21.183423 
3 424 480 1857 13.246883 -62.021528 -1.731939 
0 
5 584 1534 2412 2667 2870 37.594838 11.466629 -21.800474 -6.884759 46.319967 
5 239 691 1380 1838 2103 -14.711166 59.482093 94.691903 -19.612146 -4.148245 
6 9 158 420 1062 1170 1787 -47.944263 29.223451 82.590031 60.865006 63.270617 79.860727 
2 1668 2877 -16.910600 95.342455 
5 520 876 1385 1906 2000 60.781168 -35.319273 66.134941 27.852663 79.341103 
3 1537 2019 2546 -87.669755 19.080275 34.321625 
3 771 803 2971 10.170790 -67.183580 20.355418 
1 1892 -98.219542 
1 2332 22.936443 
3 125 1116 2517 -84.521260 22.271800 -17.777414 
1 2529 -99.904317 
3 1968 2319 2664 58.923400 81.983706 44.992074 
3 527 1381 1419 -23.449691 75.264480 -12.487846 
1 2166 15.977673 
5 52 1039 2173 2234 2476 -6.319294 -39.534112 22.181721 -1.131939 60.546765 
3 1741 2490 2886 -4.470124 80.910143 -16.548846 
5 17 1288 1885 2156 2463 70.204274 68.855584 -48.068166 -83.103978 5.879656 
2 1871 2438 -89.029956 27.469183 
3 987 1347 2601 -77.385168 -41.376397 54.773697 
3 1535 2202 2403 -73.963362 -94.314283 93.972301 
0 
6 680 1318 1878 2074 2544 2962 96.300109 53.926495 78.324234 34.680411 -27.232988 18.663136 
3 731 2620 2768 23.532193 63.796990 -47.988945 
3 1805 2415 2759 -46.505488 94.145278 71.960008 
5 252 448 694 1161 2622 37.197730 92.657681 83.142309 -48.853837 -2.964684 
3 333 548 2458 45.841865 -8.444221 -70.252396 
0 
5 359 2133 2176 2533 2903 32.532764 -39.787179 -3.229404 -25.260541 -79.708821 
4 885 1330 1670 2557 24.260657 42.464812 -61.434199 -82.991024 
1 131 11.271407 
2 624 2571 0.509661 -85.753481 
5 841 1282 1945 2365 2568 7.960618 -14.482122 -81.463388 29.374685 -39.395301 
4 756 2767 2820 2887 65.724732 78.721049 74.170921 21.848460 
4 368 450 2159 2944 -88.813689 89.694448 81.891072 -39.556695 
2 316 2134 53.516106 -79.292595 
5 99 932 1654 2485 2821 -44.394139 24.818649 4.850477 -1.603555 51.504164 
2 959 2691 67.625837 -13.978202 
4 465 603 665 1177 33.054059 -87.974831 21.641285 72.022405 
5 34 1168 1611 2498 2639 -70.452521 -78.064018 -29.344692 52.456330 -56.673999 
4 164 1037 1515 1653 94.944932 44.860610 -51.251514 68.684056 
2 1316 1413 17.028691 -74.429025 
3 332 1183 2143 -40.821744 -92.518242 -1.587143 
1 1784 -90.576834 
1 1850 27.602840 
2 2072 2496 -28.332930 3.627121 
4 613 657 1121 2595 13.162318 23.645077 -45.732247 -69.391290 
3 2423 2766 2847 31.248074 86.470609 40.401257 
2 497 2025 -50.340632 59.209724 
2 262 1822 -7.925709 -0.388812 
5 363 750 1277 1400 2675 97.298077 -69.018442 -25.627955 18.759062 -10.849603 
2 264 1819 -76.617922 -61.809259 
1 1169 -5.418948 
0 
2 1717 2125 -91.181679 34.046659 
3 1258 1623 2296 86.532397 67.919945 -87.487953 
3 121 314 1063 -77.557941 6.620738 -59.604201 
2 1265 2839 77.691514 46.125965 
4 625 1206 2231 2265 -13.832813 25.441582 74.150091 36.105715 
0 
1 1414 -37.976334 
2 1744 2746 87.853485 -87.534272 
2 516 2165 -83.980874 29.203619 
4 463 548 1421 2446 -18.577362 29.787944 78.695466 -80.545835 
1 1299 96.698407 
4 700 713 1168 1417 77.312019 -60.675622 73.420829 83.486243 
3 712 724 2710 -89.543103 -76.084806 47.684566 
1 2525 96.782183 
7 111 195 457 1346 1764 2156 2776 28.554423 -77.859466 66.568329 -41.332763 -7.073329 87.484471 -82.121092 
2 2185 2746 17.989574 3.443091 
4 21 564 871 1198 -19.269900 -50.630708 20.453081 -92.537126 
2 2085 2837 -83.916695 76.095220 
1 2191 -31.186976 
1 2143 64.368338 
2 255 342 -68.599262 -26.483848 
2 669 2041 14.320581 -51.445022 
3 329 2091 2431 65.317002 12.850922 64.171929 
0 
2 1400 2695 87.969200 -13.835197 
7 752 1234 1349 1374 1498 2361 2650 -79.823918 -73.102156 66.833942 -1.771344 -52.449836 72.567386 61.891587 
1 1375 36.884897 
2 667 2769 -47.693007 -73.313764 
2 27 2010 26.645399 37.857465 
0 
1 2976 82.930528 
5 116 625 680 1112 1295 65.023883 78.139759 -28.952538 50.709271 42.880351 
1 526 -39.255772 
7 284 313 728 1111 1355 1970 2364 47.310678 -99.624067 -63.051893 58.392606 71.243424 84.059344 82.699440 
2 1798 1931 99.042200 86.192913 
2 1275 2630 -95.816956 20.733073 
0 
3 1561 2657 2734 -69.921386 -39.112624 90.515305 
5 108 127 253 2157 2974 -82.956940 87.992364 97.327977 -28.898717 -73.070768 
3 428 1089 1231 -81.955595 -3.139021 77.338767 
5 183 976 1722 2158 2860 -49.912299 -0.421639 -13.858700 20.699124 -43.620145 
4 486 1138 1224 1879 -69.302780 80.479107 -78.449001 47.535274 
6 299 570 647 2244 2358 2799 0.936039 -92.886576 -26.546774 71.454279 -81.246736 -38.327377 
4 27 2026 2052 2592 94.382679 -37.263668 23.247482 -9.746400 
4 1073 1096 1488 2924 -91.670420 61.013378 -43.198115 9.015575 
5 957 1077 1475 1576 2179 83.737262 -58.130696 0.697820 57.521957 -59.850065 
2 400 2845 -73.683657 37.962527 
1 2240 -53.018662 
2 1851 1876 73.892133 1.140661 
2 1310 2055 9.558043 85.513976 
2 922 2691 77.277120 64.329095 
1 330 -13.245253 
3 1008 1858 1977 3.942558 -4.142618 69.410582 
1 2242 -99.571455 
5 1341 1547 1584 2523 2831 -17.339285 -29.118825 18.352958 94.611083 -67.656640 
3 1187 1520 2460 -19.682949 -31.484938 -7.602378 
1 372 -22.688334 
4 788 1494 1855 2705 75.449899 -3.167798 3.395249 6.831903 
4 194 1643 2786 2848 55.133857 -60.604229 -53.041350 -25.920240 
3 380 2335 2370 -65.024340 -34.226161 -73.514763 
4 351 796 1442 2548 19.361859 29.395349 -24.464270 55.109970 
3 333 423 758 87.788636 -37.751845 -43.247245 
4 1024 2078 2319 2701 30.984657 1.095293 67.778244 48.624234 
2 328 735 19.092708 18.253498 
5 122 1921 2685 2706 2929 16.968316 91.356063 8.676182 -88.629038 -75.508438 
4 283 1021 1871 2636 -76.403283 19.347722 25.115890 58.980691 
2 686 1416 -74.562052 -64.925499 
4 1751 2382 2520 2635 -22.702316 -92.295386 -76.667073 66.565281 
4 523 967 1245 2101 67.542299 40.918301 -93.071593 -22.524986 
0 
2 1071 2759 81.913496 -61.399457 
3 263 2196 2652 28.187726 82.592773 -61.143475 
5 574 1414 2049 2102 2386 -4.024231 -89.514554 81.660025 32.554719 5.610183 
1 1523 -96.200659 
2 46 1935 5.165998 -64.641363 
4 793 1263 2497 2839 14.746527 -46.609434 13.236692 -84.506718 
3 1602 2334 2999 81.504828 4.634460 93.629714 
2 823 879 44.024698 83.390446 
4 210 402 1911 2524 7.173225 79.273117 -92.065332 68.566681 
2 821 2257 -65.055323 -15.897810 
5 1397 1613 1881 2270 2760 -24.010449 97.681814 15.874232 96.756182 -56.414914 
4 99 708 2587 2756 27.480562 73.229969 87.093799 28.148744 
2 2828 2850 29.742024 -7.992681 
5 389 1445 2260 2547 2982 -76.044570 85.827974 14.248738 92.117574 61.004960 
4 176 1139 1393 2817 85.988310 91.860322 79.994028 79.104737 
4 438 2004 2358 2386 27.423661 87.341755 -1.079892 -31.625553 
4 897 2010 2183 2217 27.002149 -89.866351 -80.302957 -17.295887 
4 1401 1566 1681 1735 -74.756630 -19.072667 -55.016879 -16.616029 
3 137 992 2782 -95.957081 -20.408279 -32.315532 
2 2316 2522 98.806466 55.311527 
5 856 1497 1921 1978 2634 79.184152 91.958602 21.511547 28.739911 -64.416380 
4 1037 2340 2701 2924 30.025136 98.435214 38.497223 36.875736 
1 2184 -64.755214 
3 95 1354 1881 60.640249 -7.036113 26.420574 
2 957 2379 -94.876199 -50.149661 
4 183 185 861 2620 15.542756 35.753701 -52.105736 54.053061 
5 169 465 837 1394 2186 -95.841859 46.821098 58.001199 70.264162 -92.861481 
3 1461 2590 2953 -79.731096 -20.281178 79.452462 
2 19 218 68.787682 -5.282499 
4 736 1340 1916 2688 97.132823 -29.079157 54.685488 -52.487736 
3 256 1721 2536 44.283170 -41.138013 -34.766751 
7 204 981 1094 1212 1335 2401 2813 83.163537 -58.882717 26.611873 -13.833143 41.462888 68.162571 -89.489010 
0 
2 693 2208 18.306309 -96.967769 
5 103 622 1067 1923 2090 -30.991100 51.551004 29.210406 7.726013 -6.818991 
1 1427 -59.823296 
4 592 1020 2685 2959 96.848022 89.521432 -63.875428 -41.199884 
6 6 745 802 1493 2086 2436 -61.673459 -10.387000 88.039820 -62.852574 -0.793940 -88.163426 
4 891 1445 2350 2684 35.802018 -3.463861 -55.310319 -4.827566 
5 600 748 1537 2212 2584 48.936442 -52.435865 -81.878567 28.581516 41.807378 
4 972 1019 1143 1694 86.186125 -27.003987 40.509916 78.049543 
0 
2 434 1143 20.973526 -31.625921 
5 239 259 604 2264 2905 8.748050 1.469060 81.919182 -54.829122 38.874206 
8 93 338 484 649 1422 1643 2269 2828 30.880406 -23.441147 -4.572601 40.162193 -71.361096 55.052860 -43.058888 73.056616 
5 493 940 1391 1564 2298 -0.579961 -80.202164 -71.818355 -90.352223 82.020592 
0 
1 655 -83.940453 
1 147 -33.396962 
1 630 61.966957 
1 1119 40.216143 
7 54 168 483 1162 1293 1865 2189 61.683645 -32.370659 69.606082 74.509079 -43.821888 -18.632323 -39.994573 
4 997 2039 2223 2568 15.936402 -24.391617 48.468857 -16.325588 
0 
2 1937 2731 -38.625826 -60.834278 
2 1834 2568 88.893525 -3.471323 
1 2420 -24.146525 
0 
5 307 472 804 2414 2843 79.593289 -1.428747 54.628101 15.505060 -26.949834 
2 579 742 35.395021 -28.653666 
4 1129 1172 1714 2392 -41.381269 -66.117399 -48.622670 77.396096 
4 65 784 2117 2880 -11.412166 25.121276 -0.706419 -24.276994 
5 220 711 1401 1684 2567 49.215517 68.273571 42.866742 91.716048 59.470756 
4 664 935 1758 2891 -45.989760 32.817492 51.840287 -44.906243 
4 168 847 1180 2781 -83.944684 7.883785 -10.531613 -35.047620 
2 141 1120 -43.243666 59.536123 
9 489 630 1484 1857 2108 2456 2599 2869 2973 83.382202 59.869448 -97.400156 -79.493584 28.750711 -6.745285 -48.591928 -21.810693 66.226526 
5 197 710 1085 2404 2693 -50.824939 50.513008 -37.053125 -98.704350 38.505229 
0 
1 1385 -14.847450 
3 1625 2297 2398 -62.462340 -90.551089 38.827845 
2 495 1400 -9.527045 -83.829331 
3 951 1436 2693 85.149730 -78.879882 76.129156 
3 98 933 1551 42.302972 79.382345 -35.664329 
1 1766 18.466869 
4 297 663 742 1623 -45.865081 -36.704959 -39.018263 -90.435267 
0 
0 
3 386 556 1687 61.057205 56.356049 44.212152 
4 104 120 502 2999 -9.215020 0.900855 -59.209213 97.685999 
5 150 282 353 876 2170 40.237884 91.068967 -93.089950 -69.484821 34.177444 
4 537 700 2200 2965 42.625317 23.120631 88.597682 12.902178 
5 477 743 1355 1855 2346 -29.384498 1.353050 9.320669 71.157450 28.593839 
3 145 1129 2890 43.261342 72.828700 12.329324 
4 506 1727 2167 2329 -16.350306 71.779303 -47.986708 -74.097108 
1 994 97.269795 
3 703 1204 1617 -44.522875 47.390221 74.595750 
3 1975 2039 2766 42.284363 -75.034318 -42.824700 
2 279 1793 -97.163794 -26.293128 
1 2247 -52.512117 
2 1695 2767 -33.394412 -53.216178 
3 805 901 2253 61.280581 87.120894 -51.125334 
2 135 876 -56.473798 -5.819529 
2 1698 1884 -98.171700 98.964274 
1 1542 -79.933130 
1 2069 73.299613 
3 1237 1389 1883 -36.219197 -5.429836 51.975219 
4 145 2484 2639 2747 -96.157826 90.667200 -81.828564 59.113477 
3 1283 2078 2187 70.107631 -99.731432 -57.270484 
3 297 780 2186 -35.650687 4.428107 -34.096000 
3 167 1077 1633 90.060731 -8.523848 -86.727907 
4 479 627 1069 2372 69.684072 5.889388 -9.053318 12.008937 
5 142 537 585 1954 2774 61.765969 73.076974 15.416148 27.400168 35.920514 
3 479 996 1970 29.273948 46.199800 -60.379077 
4 1294 1529 1721 1742 -40.131505 -19.500446 91.297940 -31.577011 
1 2125 59.440583 
5 209 876 1874 2059 2200 -43.482960 87.886978 49.032683 17.114273 -56.358695 
2 523 2664 -88.194204 -46.681958 
4 215 1208 2532 2977 -73.721042 97.585113 44.631427 3.268075 
5 90 329 884 1573 2371 32.810270 26.016563 69.268760 78.973992 -56.534816 
3 1509 1598 1865 -56.088020 55.242858 37.788669 
2 642 1691 -57.395963 -95.936227 
6 1034 1351 1564 1775 1917 2930 13.277840 -74.133031 -13.972436 -34.782147 -87.546458 95.540748 
5 965 1628 2025 2355 2454 -67.588604 -99.900869 29.572116 26.794313 -80.825240 
4 253 1670 2109 2652 -74.527688 -31.596736 82.759771 81.549086 
2 948 1743 62.986227 57.289521 
4 2137 2593 2818 2823 -13.494110 8.114893 15.161710 34.283650 
5 708 1153 1174 2294 2503 71.058307 47.462754 -57.982942 83.986357 26.602209 
2 1292 1809 -47.460796 75.721034 
5 174 260 534 861 1513 -2.586463 -83.002589 -78.820551 4.237672 -7.089818 
6 108 1630 1633 1878 2312 2979 62.613827 12.035659 62.772364 92.371919 7.719374 84.427237 
7 373 827 968 1231 1738 2180 2557 -12.237602 44.430275 -27.552478 -26.310455 65.959864 64.633416 52.176634 
6 190 695 766 867 1373 2190 20.695009 67.741769 53.782675 12.920986 -81.966047 -45.556006 
5 2 977 1546 2183 2497 -98.119747 42.780289 80.688262 47.681087 30.879070 
1 388 47.311476 
4 722 1056 1696 1728 -16.349864 -53.326821 -18.925012 -3.176453 
1 1796 97.610357 
1 630 4.454661 
1 2318 51.166717 
3 146 542 1285 -60.972003 98.262451 16.006834 
0 
4 618 801 2379 2544 43.969862 6.413785 69.013633 -48.105027 
5 691 1225 1873 2736 2792 0.806388 -1.560576 14.956289 -47.685965 -21.662869 
4 124 1184 2559 2837 -60.118295 -62.249718 21.072333 6.299623 
7 540 853 2235 2342 2657 2736 2843 -95.990070 65.439460 89.610912 97.678914 -6.183076 12.216222 -16.757230 
4 195 583 1367 1652 47.135871 -97.656427 56.993976 -64.749348 
7 607 1898 2486 2516 2549 2746 2945 81.061065 76.540330 -90.257750 25.034918 50.374400 -77.924099 12.285297 
1 2342 -13.674285 
2 1261 1844 -77.780698 -63.761621 
1 1123 51.436299 
6 446 930 936 1078 1992 2998 43.758094 -20.637171 -79.698115 16.098462 -10.554132 -57.843021 
9 813 1361 1369 1753 2072 2201 2535 2880 2931 22.913301 -6.235454 -96.329684 -70.834552 -73.651202 -21.425649 70.196765 -65.683173 -7.969749 
4 822 2301 2429 2901 -63.046217 -18.496956 -92.950253 49.539107 
5 1070 1748 2261 2318 2559 -66.423403 -34.896303 -84.338743 46.960220 98.601457 
4 2 411 2042 2715 -97.783974 -14.513687 96.339304 -23.174457 
5 1420 1652 1707 2433 2955 -9.549390 67.566484 56.229263 -42.856171 22.040775 
5 651 768 1700 1894 2395 61.365838 -28.942112 95.028651 98.161198 -89.192500 
2 251 459 -94.176434 -37.130440 
3 851 1581 1775 78.725910 7.588702 18.010289 
4 273 725 1337 2915 -80.500282 23.343742 -73.876129 -2.442411 
3 1054 1116 2389 -79.067774 9.853909 -49.501736 
4 29 714 1795 2325 -40.124904 -4.636368 -84.846896 -94.800340 
1 2871 -63.271368 
9 0 672 747 998 1301 1347 1755 1790 2742 51.913236 -28.295566 66.715410 83.444389 -14.276294 63.170255 19.368752 94.076805 60.874572 
1 679 -98.743078 
3 980 1576 2377 11.597247 -86.007803 -27.234592 
1 1322 -26.918597 
0 
2 1612 1662 -13.694295 -79.240876 
3 585 1067 1319 97.606216 67.705281 54.035813 
8 12 58 1052 1276 1416 1671 2621 2794 -25.155257 85.425836 -53.999505 30.477679 33.187372 -69.159244 55.688745 -31.916170 
3 127 2733 2784 55.652762 -97.709764 -4.538084 
1 1420 33.667310 
4 17 151 1218 1279 -55.818003 20.433431 67.027375 -43.581875 
3 141 1109 1412 76.185486 -28.355112 -86.251265 
2 2782 2876 -57.858277 -78.018304 
1 1966 22.731297 
1 2674 -5.527925 
2 2419 2742 -93.451087 -19.516316 
4 159 451 2500 2943 55.369135 -31.653607 21.772614 -37.833776 
1 1784 -39.680808 
5 184 418 1963 2590 2858 10.166579 1.508128 -45.547588 29.867277 -90.603206 
3 1028 2733 2984 1.755127 47.185484 78.403387 
3 1095 1650 2698 26.910514 73.633622 35.812406 
2 411 2494 -92.176023 -32.556579 
2 291 2258 -60.842498 67.784357 
4 8 174 490 2693 -82.980988 21.250618 33.703801 61.517532 
2 674 1218 16.691930 73.349033 
5 589 1523 1559 2184 2823 66.245224 90.354774 -22.330052 71.529987 68.136241 
3 379 1284 1913 95.528842 29.145986 -8.219841 
2 893 2425 -71.374832 -24.253487 
1 1868 -80.908035 
4 280 1696 2063 2211 -25.551170 38.554284 -90.145204 92.837181 
6 229 372 567 688 900 2099 -73.916696 88.496418 12.000181 -32.779079 40.737145 81.914893 
3 1425 2494 2747 -36.908722 -56.066412 -56.158767 
6 219 680 1223 2263 2818 2919 -79.851280 69.552325 -99.360763 -16.438638 85.127990 -8.528214 
2 298 803 -38.629850 -44.532997 
4 177 224 1649 2071 24.940755 -73.473773 -43.151695 -51.330201 
4 545 1322 1708 2085 88.372652 25.898981 -45.477165 48.287800 
5 82 237 650 792 2463 -84.405807 56.490708 18.683008 -87.568089 -12.776049 
3 199 444 2471 -49.815789 56.848706 -65.751462 
4 642 729 1992 2744 97.399191 -67.112170 38.346617 96.023742 
0 
3 1102 1440 1852 27.082881 -90.653219 -46.073083 
1 1554 96.702691 
3 27 1858 2374 -27.985677 -31.571115 78.392247 
2 681 2001 28.505798 19.736497 
3 687 796 1587 46.234609 51.518824 32.075802 
2 355 1754 -4.581782 -66.222921 
2 1367 1684 12.370337 2.961782 
5 223 1230 1256 1549 2407 -23.561281 20.384209 33.219329 48.443911 58.769181 
4 842 1510 2269 2949 -1.947007 -9.120725 -22.512186 -66.840075 
3 2220 2321 2966 59.030743 -48.082371 -26.363985 
4 922 1840 2422 2713 75.791670 -26.983579 2.601608 -49.125584 
1 772 -75.036694 
1 912 69.100151 
5 113 834 1458 2077 2932 -82.516579 13.736359 32.981834 -17.744731 -29.200803 
0 
4 1489 2098 2400 2681 80.286986 95.473976 73.971156 27.799385 
7 1131 1151 1175 1577 1840 2604 2702 17.039193 95.908880 48.816429 15.930437 2.380562 -0.913125 -4.509306 
4 588 624 866 1643 22.216671 88.774354 49.554821 -82.150963 
3 827 858 2406 -65.307022 48.323166 33.573182 
1 2261 -85.072041 
2 2091 2946 -55.267903 -87.797726 
8 1013 1244 1286 1587 1703 2553 2574 2640 -21.269436 -54.631941 -61.619715 19.218046 87.838232 -83.171722 -2.092291 -34.827967 
2 999 2100 -58.171705 -54.623026 
3 477 2233 2490 5.303022 60.354360 -53.236644 
3 557 1354 1664 40.503379 -46.134266 81.698593 
1 432 -82.402722 
1 1962 -81.569344 
3 234 801 2552 89.818909 -36.217046 -85.765519 
4 217 704 900 1679 -77.115730 81.683326 9.530993 -13.421032 
2 284 2542 -42.164403 89.237533 
5 534 1336 1549 1603 1808 -63.470041 -51.842144 -72.390080 78.757678 90.543498 
2 1866 2358 37.482917 14.475638 
2 164 1947 92.632409 -8.509138 
5 284 291 1192 1596 1936 -97.502982 8.710685 59.161249 -97.635773 64.621713 
5 1183 1326 1770 1799 2158 23.385095 -63.846991 98.319039 96.723692 90.642350 
3 738 1702 1778 -0.910332 47.044046 64.138934 
1 502 64.654352 
4 439 854 2367 2518 -26.578394 63.640981 10.475170 6.873460 
4 1249 1418 2286 2574 91.792988 -26.455178 56.309211 33.181211 
6 4 23 589 949 2281 2786 53.160286 81.422811 -96.930629 37.893273 7.822538 16.825812 
9 32 458 1268 1480 1494 1907 2428 2688 2805 -98.761053 76.025861 -84.875088 3.257748 -28.454661 51.021329 7.147011 96.578280 -58.980814 
4 1359 1589 1817 2633 -51.778421 80.312734 66.062101 24.312183 
3 790 1575 1941 -82.439071 54.484660 -21.959708 
4 128 211 957 2351 -52.131808 17.808090 15.360399 -20.198310 
2 306 1095 -73.617308 -61.571949 
1 1151 41.520816 
1 1954 38.864852 
1 155 21.872456 
4 457 979 1819 2861 90.551837 -94.542627 37.501590 -33.671072 
7 321 1472 1625 1632 1726 1899 2822 -93.979334 84.245443 28.829621 -61.901595 89.240306 52.130805 16.314718 
3 371 539 2483 -16.196346 58.637570 14.902579 
4 420 1679 2084 2660 -77.645251 -21.448093 41.058167 29.946789 
3 246 697 2501 98.115245 52.228151 -72.530280 
3 2548 2626 2823 -52.054447 75.886903 -25.859979 
5 1083 1796 1985 2814 2964 56.055536 1.279399 2.095679 -65.118398 -8.415986 
1 786 87.901346 
1 2193 21.578699 
2 1016 1639 71.185924 -56.230929 
4 134 731 1173 2073 -24.360115 -2.963456 21.688746 85.645440 
2 1234 1868 -22.175596 31.686359 
3 572 906 1662 65.630394 -72.758300 -21.260646 
3 435 1752 2108 -49.071571 10.505899 79.349972 
0 
3 397 761 2345 -15.429923 22.851367 62.344613 
4 779 2771 2816 2997 53.056210 52.498762 -20.720664 -24.433612 
5 427 885 942 1130 1445 21.439944 92.563364 -3.982215 55.811867 51.126466 
4 127 1008 1728 2364 -52.714200 -35.950194 -90.041852 -17.342868 
3 474 483 1138 5.100675 84.228720 70.764275 
3 769 2626 2999 -42.421811 65.775280 32.312479 
4 653 1319 1753 2352 -48.951477 -6.993696 -89.497327 35.055785 
1 1386 -25.380503 
3 1089 2036 2855 70.604963 10.775426 80.511026 
1 1616 2.729693 
1 1768 50.356147 
1 1830 -12.055015 
1 2274 -62.389972 
2 2029 2346 -72.183299 66.058466 
1 1860 -82.809614 
5 400 1056 1826 2033 2508 -57.263019 -14.243134 82.600376 -96.826048 -88.981633 
1 2082 -12.174675 
3 161 1037 1563 -28.129239 63.560447 -98.316871 
4 267 777 1296 2753 44.330989 -75.387876 -15.196354 59.527979 
6 66 363 526 1545 1560 1635 29.939772 81.726249 82.652016 57.651295 -64.265895 76.858380 
2 1484 2936 85.945287 -96.486765 
0 
3 820 1006 2635 -92.270546 29.715862 62.956798 
1 1667 -79.073187 
2 2096 2611 25.798489 -5.862807 
6 68 91 1017 1321 2719 2822 -46.302753 10.860239 -51.775665 42.710760 -33.578788 -9.706835 
4 592 890 1291 2765 -85.277343 -40.419611 35.056959 33.684506 
1 2795 -36.418633 
1 349 96.328774 
3 1252 2206 2679 -32.955559 36.864306 92.364352 
5 1391 1496 1503 2060 2623 -2.996180 -9.311536 64.474239 -88.512866 25.204896 
1 1735 95.792589 
1 932 46.193096 
5 498 748 2081 2254 2453 -3.049794 -46.555306 -62.277552 -59.936192 -64.145655 
4 445 921 1095 2221 19.942212 16.416383 73.426593 28.064986 
4 809 1432 2122 2703 19.461508 -94.628133 77.268437 -16.616286 
4 1762 1965 2425 2622 -40.259916 28.406056 43.494560 95.257814 
3 117 893 1289 -10.716335 -69.882050 -40.170171 
6 714 771 945 2454 2489 2627 21.727206 29.986350 17.562087 -16.145848 -90.304437 28.254414 
3 1125 1481 1892 54.598553 79.981574 5.057096 
2 63 2524 80.047093 24.425238 
4 962 1284 1840 2232 18.110417 97.769273 -16.394627 -5.691178 
8 557 1067 1321 1615 1902 1974 2292 2943 12.739651 31.030102 -53.153732 -12.781030 93.350508 20.520193 36.924515 -28.905491 
6 146 586 1043 1447 2251 2734 83.298157 -48.124044 -1.311527 54.632104 -13.548794 0.610512 
2 868 1428 -76.546635 16.426624 
2 2164 2280 -51.709120 -32.775688 
4 220 1396 2167 2639 -99.539221 -37.997919 50.555643 23.029490 
1 735 6.086393 
3 140 772 2239 -52.789556 -97.912939 -41.889855 
1 1679 54.252193 
1 315 9.227265 
4 715 990 1600 1689 -44.335397 98.069571 -36.140322 -91.583152 
4 725 739 1371 2755 73.752536 0.202558 -36.846535 -8.591389 
5 270 1849 2557 2646 2770 21.415238 -87.639820 -67.277459 70.763240 -72.799867 
0 
4 301 1406 2219 2743 50.223118 84.017698 7.345910 40.786969 
4 168 711 926 2157 -50.061363 28.708680 34.251819 51.548403 
1 826 85.478167 
2 216 767 58.149162 -92.443660 
1 1371 50.259023 
4 1546 1869 2550 2885 -88.817769 65.141013 74.100150 78.998347 
3 1233 1469 1967 -6.682293 95.782908 71.311856 
5 942 1120 1858 1964 2229 -26.513273 89.782318 -73.696769 61.547507 0.856417 
0 
2 1817 2726 -12.434361 66.105016 
1 2722 -79.426666 
3 351 821 1210 -49.619406 -93.448077 14.021192 
3 1296 1297 1687 15.844908 28.214905 -34.459678 
3 1216 2456 2807 29.931427 -57.982289 -72.964730 
6 392 687 900 1682 2130 2925 -8.875607 -13.587210 61.966910 -53.302258 51.001105 -36.199763 
1 738 83.135526 
5 640 979 1044 1445 2479 -6.298532 -1.501524 -99.102404 40.084718 46.279381 
4 1239 1858 2842 2856 -76.232981 -71.627076 -14.806669 66.183043 
4 224 959 2253 2596 -88.742290 -78.855658 92.822977 92.634382 
2 1365 1607 36.318217 79.096647 
6 5 163 248 1316 1556 2262 68.333297 76.873584 -21.595909 87.856249 -36.775747 57.784809 
5 1144 1588 2512 2682 2716 -1.018808 -45.124414 94.074127 -83.245812 -15.578429 
1 2657 76.047032 
3 469 1893 2062 -42.726667 83.716789 -11.612113 
4 407 789 1853 1980 62.334195 -72.405489 30.524251 -76.147904 
2 1542 2749 -22.310951 -16.630546 
7 102 251 589 633 1473 1716 2821 44.015849 -70.526969 89.456203 82.436107 91.355608 82.827065 -31.797425 
3 859 2107 2979 37.366353 -44.219749 28.668130 
2 758 2649 -56.524763 95.223528 
2 1971 2442 -29.711505 -70.529684 
4 599 1479 1837 2956 -46.893915 -77.420259 -88.524663 41.241373 
3 232 377 2769 70.997081 89.773905 58.824065 
1 2982 3.137012 
5 151 177 1303 1938 1960 61.858431 -19.288561 27.980578 -41.220522 48.028787 
5 1562 1776 2598 2648 2957 -47.277928 -84.015072 -5.647513 -29.173493 -44.645241 
1 2633 7.239337 
4 585 1298 1898 2098 -91.915612 -42.963328 65.677373 49.596560 
4 479 719 799 1342 -72.141480 -37.131917 -63.560419 38.812431 
2 240 662 81.650085 90.888931 
2 128 1331 76.888916 -49.251129 
2 173 1020 86.596294 22.627089 
2 1413 2128 17.691234 71.158421 
4 363 1113 2266 2959 -35.504005 58.711868 -43.825803 -76.316121 
0 
2 1159 2462 90.197169 -25.195677 
2 329 2841 -81.204512 -78.120601 
3 2188 2451 2648 13.153774 -20.714550 -40.829666 
3 649 989 2462 69.155874 94.954014 59.943095 
3 463 1387 2144 65.942731 78.380798 -84.304143 
1 1401 -71.284929 
2 1422 1596 77.214776 -84.813859 
5 1124 2124 2221 2315 2813 58.324423 19.450372 31.284933 5.426041 55.687984 
3 875 2523 2759 -73.762988 -93.724997 81.235554 
3 725 1611 2149 -69.017232 90.198441 58.316111 
2 541 2936 -52.917085 -59.136749 
0 
2 394 2716 -13.512628 -60.828450 
6 808 858 859 1219 2042 2263 56.915184 6.954191 -13.356520 -6.878080 -55.565575 38.888779 
2 692 2571 81.978915 -72.074326 
4 223 281 1798 2195 84.285538 -68.246707 -64.404127 28.654561 
5 1115 1231 1695 2318 2453 70.156887 90.419358 -58.141317 -4.352465 -14.611993 
2 428 1554 99.680871 96.943695 
1 2038 -54.749783 
1 1579 -37.709096 
5 342 976 1077 1807 2711 61.690089 97.558876 -70.834627 97.132868 93.328143 
2 231 2819 66.571131 -35.805313 
3 610 750 942 -20.940852 -93.616934 -0.102934 
1 2790 -60.539786 
3 71 709 1010 15.178958 13.011630 18.775886 
3 684 1593 2845 -53.367754 -27.981475 70.710577 
2 557 2060 46.563335 -23.290301 
2 559 2676 4.304112 79.468981 
1 405 10.313427 
7 54 181 598 1173 1434 2563 2982 -6.079896 51.089695 58.463491 -42.044458 -4.397249 -67.668284 -70.558492 
4 307 1606 1795 1977 82.608875 31.824110 37.433455 24.086236 
5 729 979 1757 1792 1845 64.274389 59.812812 79.666470 -99.120180 -92.353069 
4 272 1089 1329 2861 59.901578 -88.145359 47.164826 -48.019604 
1 2035 -76.471663 
3 978 1603 1786 55.330800 -11.950777 -23.042089 
4 1348 1980 2121 2489 32.453375 91.448557 1.764254 9.427807 
1 2155 -62.945224 
9 564 887 1495 1729 2028 2140 2400 2516 2952 23.354348 -49.762544 6.249296 -75.049083 76.938853 72.392734 56.961180 42.279823 -76.207351 
5 492 724 1320 1416 1612 25.999047 -38.908318 73.643962 -64.982122 -90.989549 
4 14 1438 1612 2560 90.363439 -5.521456 -71.569986 40.755372 
4 844 2016 2724 2932 53.274191 5.720314 40.599618 50.999767 
5 87 1201 1474 2044 2187 8.655512 -2.332071 -10.144770 87.833694 -54.176331 
1 1263 37.320751 
2 1037 1366 -42.512687 22.028389 
3 191 759 1961 -37.337842 -28.575452 -95.687964 
2 38 1760 -84.293815 -15.719840 
1 1843 25.906090 
4 930 1335 2504 2935 84.745357 -21.240228 23.086177 29.689835 
4 391 1120 1775 2027 -93.570161 -51.836167 -27.221499 70.253478 
7 19 447 986 1153 1849 2343 2346 56.989515 5.225895 -90.664370 -21.088000 23.062562 68.064593 11.984735 
4 51 91 1293 2929 -79.901309 56.136607 -73.258343 -81.843089 
1 738 85.825827 
2 33 2663 17.682344 -66.221013 
2 90 2073 -71.819864 -73.993572 
2 56 341 61.450241 32.201401 
2 1557 1610 29.337069 -44.327188 
0 
3 987 1630 2288 -95.993067 -46.320370 -47.804458 
2 586 889 -45.901025 -26.291442 
2 421 688 26.496024 -86.307223 
8 101 365 1516 1710 2090 2130 2293 2829 52.836214 -8.503272 -77.070486 71.242519 -12.554237 -92.879407 -1.236597 27.348132 
2 453 1008 45.119496 37.733608 
5 111 268 836 985 1675 1.179732 13.789766 -14.278533 -57.145039 -44.759361 
1 718 32.254480 
5 286 587 932 1310 2787 -5.279703 -13.857902 -12.620195 64.815270 79.862156 
3 1950 2419 2804 -61.299771 80.877000 -71.906060 
2 10 2664 66.423599 99.347340 
3 141 1153 1872 -57.870573 37.188711 -6.223844 
2 907 1615 -28.954592 -12.930166 
3 847 1004 2163 81.169613 16.570900 69.833949 
4 37 856 1445 1728 -70.415779 -1.951803 5.416158 -47.373501 
2 2784 2965 -47.597758 -0.902179 
3 784 1084 2496 19.745116 -7.145484 -17.890014 
3 497 1500 2159 -13.626548 -37.792461 93.260695 
3 2239 2394 2585 -63.659917 -36.122174 -3.590953 
2 1756 2417 61.106614 16.451205 
5 992 1686 1956 2711 2959 -99.956822 19.556422 -84.457262 23.127092 77.554626 
2 1077 1362 0.297852 -70.031544 
2 1734 2672 78.246735 36.013761 
1 1252 55.241232 
4 119 1908 2129 2742 -58.703308 -34.282076 20.251086 -78.148707 
4 705 1207 2546 2554 -87.742906 -71.772332 -83.355982 -61.960456 
5 1282 2084 2137 2334 2337 20.751335 19.309538 92.094489 13.725125 -91.031836 
3 515 2219 2768 -71.492530 -0.092588 83.401498 
2 813 2356 -42.468535 -92.154283 
3 193 1861 2055 43.464574 25.801712 -84.433615 
3 94 1769 2916 -70.938221 -58.753924 38.543710 
3 1054 1069 1090 77.413757 -19.123442 4.470018 
4 256 1059 1421 2679 90.053041 -36.174900 -55.124338 -69.939690 
3 1162 1465 2679 9.132286 65.734591 -41.963467 
3 131 251 1804 59.326040 -41.301151 -4.460018 
4 1434 1758 2211 2743 96.200750 -39.699505 -55.473658 51.729623 
4 736 1295 1617 1984 -63.278558 -64.480403 2.647564 82.970853 
5 346 1185 1237 1280 2335 60.646345 19.824183 18.031290 -95.302233 10.963157 
5 211 292 513 1759 2555 -8.260178 -4.066523 -22.902209 -28.625931 81.182718 
3 409 1296 2460 -6.978335 70.873054 -58.127682 
2 1266 2093 27.732884 -98.718580 
4 987 1916 2698 2726 -98.676865 -5.655336 23.880483 10.340330 
3 321 849 1812 96.535391 -11.281647 93.049183 
3 1553 2235 2763 -66.134765 -51.192087 -4.791226 
2 2482 2790 33.772308 44.132916 
2 1695 2025 36.186224 48.323721 
2 577 1296 -49.667833 55.924365 
5 507 1394 1543 2245 2627 86.344379 -66.072240 -13.938494 48.245377 88.099297 
3 307 1107 2459 64.974854 44.069307 39.835992 
3 603 1646 1933 72.647173 -13.365382 -93.339677 
2 2528 2679 46.143470 -14.573537 
2 327 1418 -46.933001 -76.381337 
5 35 618 2071 2380 2570 13.109875 -0.296129 -5.337797 31.878261 -90.820271 
2 1282 2606 40.040103 -27.618169 
2 1123 2622 70.683497 -29.845553 
0 
6 385 410 1432 1767 2171 2979 69.598266 -87.663523 -90.550069 -45.037926 -88.457986 55.643753 
2 1315 1983 76.001512 70.503308 
4 524 973 2207 2803 36.504647 2.114993 -97.905269 83.905435 
4 545 682 1896 2258 -6.159005 2.011201 -79.199850 -0.752845 
5 685 1154 1354 1555 2689 9.420281 20.199803 51.968942 -26.677962 40.818773 
2 240 2658 40.615996 -50.922518 
2 1614 2232 -48.823340 -40.700660 
3 1351 2047 2209 -45.236365 60.878375 -7.628574 
1 965 27.284088 
2 146 544 63.566787 96.575088 
4 24 36 708 2671 -95.212674 -65.373033 -48.836770 -79.404100 
3 759 2133 2523 41.808395 60.227266 -80.382209 
5 64 589 960 1812 2556 -98.063419 99.644012 14.979790 37.234124 -32.678358 
2 440 641 36.080879 91.117055 
1 1296 28.088276 
3 492 1202 1675 95.606395 -23.856516 38.585173 
4 285 1210 1876 2897 27.688161 83.312155 -62.948586 90.447808 
4 582 743 1716 2105 -29.331315 -76.660296 -92.209344 -82.923765 
2 374 2289 75.528406 5.898077 
2 1143 1186 -20.700869 -1.736763 
6 57 907 1298 1958 2731 2740 54.502389 94.419116 4.942733 33.917973 67.157471 21.897909 
4 24 105 109 2686 92.585929 -81.939589 0.999801 -18.778029 
2 1187 2943 54.425103 42.868092 
3 1873 2070 2588 -58.726817 40.547848 -45.416059 
4 822 1604 2579 2932 17.798851 4.543970 -53.855452 -58.586871 
4 312 503 1810 2659 69.197772 65.337597 58.731598 31.949973 
3 292 2692 2975 5.653725 3.807628 -50.858895 
1 765 -30.579248 
1 544 -56.529098 
2 131 2018 95.214870 -23.233893 
3 1964 1989 2004 -88.705039 -3.383052 -25.493330 
5 661 1366 1686 2918 2923 47.865926 -97.813300 -74.206458 -84.933866 -72.646307 
4 743 1229 2232 2324 93.719688 94.597337 -2.698279 91.657768 
2 2216 2576 -61.536395 7.564801 
4 59 87 1961 2619 -39.573954 73.431504 89.051658 -87.535878 
4 176 620 1238 1582 -45.739710 -44.086990 -6.089444 -64.397397 
2 408 411 -86.246617 -19.964113 
2 2234 2999 54.367878 22.888656 
4 705 896 1809 2406 -94.740393 26.297374 -56.370732 -22.516458 
4 1429 1544 1899 2564 -40.865584 0.491372 -44.941134 80.252938 
3 812 1289 1793 24.099935 -61.624398 12.215788 
5 17 323 1760 2421 2709 -84.550153 78.054430 34.949099 -87.471227 38.039942 
0 
5 52 217 1830 2062 2508 -61.816083 -3.421254 -60.548993 -20.946645 12.189670 
5 67 1801 2005 2291 2875 85.259218 25.480157 -48.515440 -72.525878 63.405876 
2 647 1825 -53.839503 62.489289 
6 459 929 1400 1672 2605 2797 -42.139309 63.328966 99.140295 -83.088568 92.107846 -69.399721 
3 686 1487 1606 -58.720405 -16.566388 30.589750 
1 1410 -13.689785 
1 2857 63.130272 
5 1081 1319 1881 2329 2428 86.238005 -3.918825 95.753366 76.350745 12.901903 
4 822 891 1330 2830 -82.553063 -13.144256 17.835435 67.339161 
2 1457 2479 45.297516 41.952236 
2 767 1015 -77.160719 -70.397883 
1 2100 -76.862965 
1 1077 -42.950968 
2 1443 2415 6.782973 -27.153955 
5 639 1367 2355 2465 2582 18.088832 -58.756688 44.283428 40.475106 -9.787235 
3 460 930 1931 71.988711 -2.813346 61.477860 
3 1951 2630 2673 41.953061 83.585610 94.018633 
2 653 944 41.657292 96.638304 
1 83 -7.633808 
2 443 1974 -19.131438 13.649097 
2 822 2286 -71.362647 54.069936 
5 222 668 2468 2580 2823 84.287433 -76.878054 -46.343155 -79.643018 -6.570743 
0 
7 475 729 1731 2606 2651 2768 2967 86.533712 -54.024319 93.994647 91.286967 -77.315927 -58.444347 -2.265652 
3 1018 1083 2838 12.902749 -28.939385 -22.286327 
3 1813 1961 2638 0.133335 -58.632167 1.895499 
3 65 235 1923 64.486727 29.205315 6.943263 
2 63 173 12.185955 -94.909270 
3 634 1785 1905 -32.128266 45.304378 52.894577 
1 106 90.928314 
2 326 1358 -81.194905 -77.001170 
0 
0 
1 1823 19.104583 
4 23 489 1511 2857 -44.949017 86.080454 90.666482 78.642490 
3 293 445 836 86.552029 -69.687334 -35.496641 
7 1038 1485 1519 1855 2442 2495 2971 -98.555392 -83.247937 67.273198 -6.278713 -57.484621 45.441132 -56.447191 
5 478 541 962 1234 2604 -67.153345 -16.394782 46.017369 7.808158 -61.267721 
3 806 993 1631 79.513924 67.164487 -39.452567 
2 490 726 88.980810 93.833121 
4 576 739 1111 2644 -70.978695 19.431147 39.580202 -57.694278 
2 1549 1726 -0.411087 -31.153535 
1 1149 -81.478303 
4 164 942 1622 2751 79.557771 11.201667 90.191113 -70.247495 
3 651 892 2128 -27.490871 -50.520309 -20.848033 
3 412 1835 2608 79.230648 70.777677 2.075293 
1 2304 -46.798290 
0 
1 1096 -99.431668 
3 17 1240 2258 66.971234 55.817463 -76.323778 
0 
1 2472 76.561755 
4 226 1860 2546 2956 -25.087701 -7.069584 5.224540 -15.838904 
3 184 185 2517 -81.930820 -12.880841 46.726549 
3 132 805 2791 14.374881 35.241471 38.093461 
1 725 -87.766070 
2 800 2714 -33.774361 14.322953 
1 270 35.396291 
3 1554 1627 2490 3.389812 -99.412718 12.919460 
0 
5 369 1088 1296 2102 2488 -48.533274 -48.400623 -52.697842 -80.652739 34.634008 
2 1035 1858 -23.236556 93.566459 
4 771 1442 1731 2806 31.486794 89.275302 47.050522 -58.421685 
7 97 295 1334 1877 2376 2621 2950 -92.129571 -19.227633 33.594099 48.294918 30.934322 48.530127 64.469579 
1 33 -69.510621 
8 203 950 1514 1664 2284 2543 2740 2813 13.506022 -59.178291 72.502363 47.164899 -80.214130 -30.394812 45.166794 -78.024948 
4 1142 2106 2581 2723 24.499278 37.233263 -22.698226 6.900980 
6 643 1144 1708 1999 2350 2884 50.355213 -9.210018 42.638457 63.322328 30.939140 -38.858575 
3 1371 1614 1919 39.272807 19.533771 -28.859295 
4 1314 1403 2398 2524 67.674760 -57.650491 -27.660592 46.162588 
3 343 471 2725 48.352339 -80.346777 -31.644435 
3 119 1253 2139 -78.719268 -33.422322 22.937308 
2 630 1652 66.474844 95.388619 
1 2341 29.453352 
4 1664 1881 2341 2626 12.804602 99.267905 59.648365 58.048165 
1 1955 -7.761291 
2 870 2540 -47.000522 0.544785 
5 114 582 767 911 2637 -7.888249 11.847015 -58.518591 22.628885 74.093423 
5 322 1022 1492 2267 2753 82.028016 -82.099399 78.520895 -60.819881 -6.560060 
2 1744 2626 -99.726132 38.236931 
5 1635 1806 1861 2629 2986 -93.746906 5.894855 -16.083264 -76.103763 -89.385982 
6 234 1382 1603 1712 1858 2635 77.199450 89.262709 -21.268649 10.772148 -71.749763 92.790876 
2 803 1149 -42.178868 78.942705 
3 659 1485 2961 -48.035627 -4.003938 -58.358563 
0 
7 177 654 956 1372 1481 1754 2671 -32.608330 64.493999 63.036122 96.158276 90.314791 33.661110 84.434576 
3 1415 2057 2374 71.820362 41.272831 36.274275 
2 1961 2335 -68.110422 73.893114 
2 300 2072 33.518451 17.065707 
1 2285 -41.032773 
4 250 616 2387 2542 -19.498261 5.284077 -2.434272 -68.461450 
0 
2 189 2204 -23.978183 45.488031 
4 620 967 1744 2958 21.241486 24.700023 -54.398718 -21.238218 
4 922 986 1286 2059 81.015709 3.099342 -65.424997 20.366054 
2 1290 2565 35.113919 -93.163758 
3 863 1252 1589 49.867228 37.529009 44.794241 
4 550 1166 1542 1572 -5.992452 70.171307 -72.330908 -43.884948 
1 671 54.780352 
1 1437 -35.322812 
4 643 733 1818 2756 50.031200 30.357934 -67.963795 -83.090298 
6 264 637 745 925 948 1612 -38.567654 57.127322 -58.403672 20.817405 -87.981686 23.281399 
1 1614 -71.622378 
3 1105 2498 2832 -60.281994 -66.723507 89.013657 
4 601 974 990 2169 -89.649275 7.579864 13.488716 -6.475083 
3 495 1411 2290 65.492461 48.371648 12.399139 
3 1383 1960 2450 60.135105 -86.947421 36.316117 
7 991 1467 1787 1832 1866 2579 2832 1.000281 -70.026900 -3.038891 -0.259662 -76.223126 -65.177247 -4.327163 
2 2398 2760 -50.609339 -91.574245 
6 58 810 1377 1914 2572 2601 -23.772184 -23.467940 71.623796 92.417818 -19.036862 -57.060985 
5 809 1033 1693 1900 2373 90.132314 14.053881 -54.186115 -94.992903 -77.896109 
0 
3 1218 2539 2671 56.182615 -79.202831 -62.188115 
2 722 1066 63.683213 -74.867594 
1 2171 -60.971757 
3 200 1774 2220 32.696856 82.965784 39.695073 
4 1750 1825 2333 2767 -78.851928 31.875065 34.472438 -12.353470 
7 43 653 1457 1696 2250 2597 2774 -1.129716 46.141856 25.310436 57.637374 -97.803369 -23.831986 -38.375326 
7 747 758 1240 1742 1816 1971 2779 -56.654474 -56.539677 -27.193022 -78.523632 87.900241 -67.380348 61.480118 
6 197 634 1105 1301 2416 2943 -76.462159 -98.326817 -61.857541 -85.288987 98.185397 45.185425 
2 519 712 -15.977727 -53.496902 
1 250 -83.718371 
4 1269 2445 2569 2845 -61.589991 -57.764611 -3.888044 -17.739962 
6 184 1269 1328 2347 2649 2708 -8.717910 38.862430 -33.372704 48.130274 27.241431 -43.101387 
3 221 1290 1867 -95.856837 -2.236977 1.015378 
3 367 1134 2508 -38.769503 -20.647050 85.420503 
3 1054 2645 2981 15.013471 -8.988865 4.701362 
5 631 759 1466 1980 2956 33.386341 62.175725 -27.574299 -75.502955 49.139467 
1 847 -26.173346 
2 238 1098 -28.207535 -51.006765 
2 1492 2211 70.812308 45.584867 
4 637 866 1222 2201 71.041767 2.828295 94.956634 77.275379 
3 429 1965 2063 12.284365 64.217132 51.750810 
8 148 232 266 1323 1908 2201 2225 2863 41.832419 73.253904 40.043402 -38.609366 -90.883850 -8.407658 36.167894 -37.052187 
4 282 769 1244 1617 -5.569045 13.198498 -80.986427 34.037766 
2 666 796 -47.777430 -55.587623 
2 172 1959 2.795157 -70.137070 
1 2244 72.516889 
1 643 71.687755 
3 473 806 2022 -78.172517 45.169322 -49.771613 
3 2059 2131 2525 -51.048399 12.669550 -76.185602 
3 70 2656 2901 15.489071 -98.470809 58.135077 
3 819 1891 2758 23.181648 60.911363 -55.864137 
3 7 46 504 -70.452003 -85.977749 -33.480969 
4 390 669 2104 2437 -34.960784 17.037592 -62.649083 -45.616440 
5 874 1131 2191 2597 2828 54.279837 -9.254811 59.766746 -65.510756 -93.869001 
2 746 1855 55.111020 7.568702 
3 2160 2290 2470 -60.482193 19.391857 -3.046637 
2 175 1968 -32.398239 -34.758141 
0 
1 1248 18.052775 
1 1905 52.950736 
3 1596 1983 2559 80.099013 23.053914 -28.687736 
1 2166 -31.077425 
4 694 883 2421 2625 16.445340 98.535054 32.331539 -94.776244 
4 779 1441 1588 1703 -22.007611 25.249754 53.866138 -56.657023 
1 1059 -58.672634 
1 1194 44.234702 
2 451 1958 -28.225882 -42.859303 
5 1094 1416 1538 1832 2481 26.903159 30.210608 19.194026 1.423787 -84.911758 
4 667 900 951 1702 -13.717735 -75.243487 -70.875609 69.539913 
3 1001 1517 2538 67.285696 -58.022551 -83.256726 
4 1636 1984 2355 2392 -77.754368 38.978383 18.707658 99.308721 
5 1835 1980 2043 2508 2680 -6.925203 -77.101959 -69.339379 -75.105229 -26.597881 
1 814 35.721633 
4 1262 1274 1601 2552 -17.051656 73.708910 -87.261471 -97.768442 
3 1871 2126 2398 62.477793 47.248077 -82.633229 
2 163 1125 61.806308 -86.129670 
1 1323 22.046690 
3 158 2338 2432 -83.620646 96.663673 0.265498 
2 1738 1932 57.413469 44.943045 
7 251 517 1665 1737 1782 2054 2826 -64.301230 -53.895132 -52.965539 -90.106430 38.703391 -74.604425 22.042986 
1 1570 42.104708 
0 
3 1418 2299 2467 -62.030475 -43.382930 0.215927 
4 97 2280 2881 2919 -70.839813 98.619430 27.390429 -50.868391 
3 370 1158 1511 30.643660 86.765241 -75.119649 
2 2228 2746 76.729864 27.657045 
4 352 419 1031 1773 66.714219 85.857846 -38.535252 79.029987 
1 1853 -66.623910 
3 139 265 1126 -48.396843 11.703900 -55.661142 
2 408 1611 -44.234598 89.325317 
6 821 1461 1833 2120 2899 2944 -98.880924 -10.621794 -90.575777 96.279543 90.740282 -48.309910 
2 602 1302 -32.111252 -37.399672 
5 657 778 1290 2168 2877 -61.434634 -65.001799 -7.690770 89.412772 -69.618859 
5 25 144 2012 2192 2502 7.381734 45.765003 51.625924 -93.787435 -60.105534 
3 735 1402 1699 -23.574796 64.869057 -3.313048 
2 1180 2170 -50.983722 29.259678 
6 133 316 1593 2365 2404 2715 96.249976 -85.570255 -95.863609 49.285248 -70.237328 83.955118 
2 1566 2020 99.184045 -85.692053 
1 1514 57.215380 
2 939 2226 85.176507 66.524086 
5 975 1311 1606 1862 2657 -48.284501 -62.385571 78.375404 -63.756610 39.047991 
6 87 427 1368 1449 1895 2123 -4.154736 -66.714199 72.300798 -58.772298 -32.296370 95.190651 
10 631 659 1114 1130 1558 1822 1917 2327 2436 2570 -28.099906 37.822207 58.963222 35.958614 -9.851784 -55.311479 27.491904 24.973689 -55.399379 28.620020 
2 568 1927 -92.607961 -36.385807 
0 
4 525 1558 1744 2995 -89.086666 -44.639229 10.005274 98.229905 
4 142 391 1523 2281 -2.203936 7.888401 36.224014 59.442686 
3 338 798 2544 96.093863 10.482155 -14.929908 
0 
1 1770 24.140390 
4 569 840 1913 2972 -50.206649 -45.506751 24.934144 -48.139761 
2 2544 2800 -54.886508 53.976943 
5 284 338 571 2336 2670 93.328625 39.693511 -80.888067 -50.363581 -32.939511 
6 171 784 898 1096 1676 1967 47.282424 -37.675056 29.484747 -83.216733 -79.344948 31.385997 
4 209 1670 1832 2044 90.203085 -39.049785 37.406998 -72.838278 
5 62 845 1248 2600 2858 15.714884 -90.328646 -36.410095 -41.594463 51.319962 
4 659 1955 2653 2915 17.957721 -29.264250 39.938459 72.727140 
2 498 2787 -70.177549 60.810602 
5 216 719 793 1109 2536 -42.164386 -79.433748 32.913525 -0.562585 72.339333 
2 803 1628 -34.089511 -25.893378 
2 281 508 51.966674 76.739923 
0 
2 1504 1813 -23.965626 60.183387 
0 
2 729 2613 -43.309476 -22.229469 
4 324 672 1584 2963 -32.981271 71.639785 -93.040991 80.774669 
3 571 617 2736 -46.331842 -11.890254 99.984901 
1 470 50.173011 
6 566 647 715 887 2481 2794 -5.679931 -3.373108 -58.460402 -25.683651 -29.787688 -39.231542 
4 421 826 1547 2532 -69.083837 -35.103047 -24.118137 -40.583096 
0 
6 233 319 1418 1431 2042 2201 -3.215734 67.550282 0.086663 -49.426607 66.910159 -74.934974 
3 818 1804 2436 -57.385583 -41.361132 80.499149 
3 444 2150 2296 98.532924 -96.224092 -23.746139 
4 235 1232 1463 2223 -67.699496 -15.628339 39.873800 19.306980 
1 1039 -3.610116 
1 1727 -2.074959 
3 1806 1895 2542 59.982328 -75.643993 -49.592570 
0 
1 2265 -45.842685 
7 166 527 603 1123 1518 1949 2667 95.901152 -46.608396 -99.210343 81.349791 88.569092 -60.552356 30.559560 
2 803 1053 -61.928059 -40.778326 
4 744 959 2699 2734 -92.001303 -29.631300 71.728028 -8.920525 
7 6 901 1003 1159 2533 2764 2797 10.253363 -81.711469 -3.626934 -3.281059 -65.201182 -70.905441 -70.386507 
4 166 372 747 2510 51.186559 8.180830 -48.328415 37.557256 
6 394 482 1323 1465 2198 2869 -88.899196 43.600671 -38.814846 -12.654128 -12.740544 22.824702 
2 104 637 -98.449564 72.263147 
0 
2 340 1679 -45.817149 33.220733 
4 208 350 1937 2688 93.513830 90.469565 -57.979162 -66.958706 
3 2562 2626 2969 -61.645690 -11.231019 49.981522 
3 473 900 1766 -35.086840 -69.681165 -10.263352 
3 603 2955 2998 26.517927 -64.508557 61.741001 
7 410 1237 1337 1579 2470 2477 2767 13.984063 -52.458856 40.084027 13.355716 -12.119403 -96.062114 77.463460 
2 1957 2939 55.555610 51.125813 
2 770 1110 19.272474 -1.281994 
0 
5 613 1409 1772 2129 2343 -64.210872 90.842997 -84.279528 79.655014 -38.609215 
7 166 876 1319 2172 2269 2811 2833 -48.770118 96.740466 -99.934339 64.567128 38.222928 99.671192 -98.219821 
5 688 848 1951 2464 2972 55.036045 -25.504751 40.747390 41.130029 33.277849 
1 2278 50.296873 
4 538 1445 2713 2868 2.847460 -30.762727 31.355253 -65.022059 
2 918 2047 -29.206476 -69.693204 
2 552 1681 95.001966 -33.638879 
3 820 2272 2470 -47.602002 -90.653750 37.729920 
5 684 773 1010 1327 1408 -57.870060 -68.451668 -34.988525 -18.576855 7.190384 
3 960 1657 2706 -10.512819 -67.035236 -67.913580 
3 82 1537 2780 60.538494 -51.675404 12.318909 
7 22 148 335 478 1259 2486 2790 -86.423534 57.712301 51.149176 20.497142 -26.299662 -86.852124 68.465264 
1 296 16.526845 
4 101 1449 1587 2128 -44.816056 -14.057582 6.064579 4.270364 
2 263 745 55.525630 -16.365428 
2 1262 2209 -97.374216 31.171793 
5 210 545 738 1746 1827 -15.645184 -7.619775 9.184536 73.823747 11.678969 
3 178 307 613 72.598420 -30.700431 -47.247476 
3 31 1605 2464 47.409897 20.887823 -37.967203 
4 667 1209 2240 2292 6.625398 66.508848 -64.553468 60.400391 
4 723 790 1238 1945 -82.726706 88.969490 10.441464 -44.103354 
6 206 850 1443 1706 2835 2919 27.113297 15.769763 -98.529389 1.859511 66.913751 -18.390225 
4 43 1005 1132 2640 -75.639773 -26.266087 -60.278816 14.020311 
4 896 1092 1543 2034 85.025924 53.874282 13.112434 -10.208881 
2 1013 1357 66.176427 25.947854 
2 439 1858 99.859935 -17.389876 
6 608 789 1664 2121 2189 2239 -99.383286 87.302078 -69.137393 -67.763638 85.195876 73.087383 
3 857 1861 2669 44.753273 91.715660 26.226535 
3 161 987 1269 51.386595 33.820749 60.305212 
1 91 -63.028539 
0 
2 454 1778 -45.615802 -11.007210 
2 1020 2811 -96.422084 8.361550 
3 919 1607 2837 -67.596828 71.713833 72.766228 
2 1863 2835 24.559781 35.675474 
0 
4 938 2346 2696 2837 90.016690 35.666933 -81.525941 -66.813596 
8 381 772 910 913 1578 1651 1848 2946 -8.574656 -34.841686 72.554820 91.999743 -15.552307 -20.888051 -2.858100 -29.424940 
3 2530 2549 2696 -18.094083 -26.933419 44.322723 
5 514 1515 2002 2449 2864 91.857100 38.479154 -39.136258 35.463877 -14.787945 
2 306 1957 -94.873179 73.454598 
2 634 1063 -41.297692 -76.487901 
1 512 -93.804710 
2 2914 2940 -11.432021 28.772951 
2 1627 2068 7.957237 -97.838171 
4 482 1585 2319 2936 80.934893 -50.626017 48.870377 -37.673426 
3 1971 2191 2624 -34.949462 -28.495536 27.258731 
9 167 597 853 1012 1095 1998 2231 2580 2797 -95.540402 -86.731732 60.783749 1.417600 -89.138674 -61.431797 38.071050 84.942728 2.687449 
2 2025 2533 72.560854 -67.457194 
2 65 903 27.689454 -31.153980 
7 342 409 1363 1488 1527 1858 2497 -7.655750 -79.338185 43.493276 -15.478447 14.022868 43.193350 -36.453740 
3 538 624 2509 -70.455929 -52.876331 -75.361560 
3 361 929 2535 10.863598 -40.377064 -72.267191 
2 1741 1771 -76.859580 81.647358 
3 2351 2743 2989 -72.481626 45.312693 -40.391901 
2 122 599 36.221566 12.282489 
3 1317 2094 2417 77.494058 -10.827846 45.663450 
3 568 811 1019 58.823079 -58.013674 25.714415 
3 937 1159 2175 57.077468 -10.289073 27.648872 
3 548 2475 2613 76.303018 -80.057152 -42.116663 
3 1574 2691 2866 -89.500704 37.568643 -28.035199 
3 54 749 1780 -67.858844 88.187475 -42.778040 
4 609 1464 2301 2644 35.528120 -11.820942 42.321023 0.563883 
0 
3 59 532 2091 98.870805 8.270951 24.662819 
2 806 1317 12.033287 -65.101223 
6 244 470 937 2337 2656 2813 -73.287083 71.422850 77.278922 -31.559693 52.754540 65.323906 
4 727 806 1157 2065 -84.842637 -64.651128 -23.306591 -98.666617 
2 2297 2360 -22.051733 -0.881056 
2 925 2377 62.381047 -65.047103 
4 1007 1431 1705 2889 -69.384619 12.157140 -45.012533 -21.110878 
3 245 2764 2830 -58.220822 -10.502921 -69.637450 
5 541 704 1352 1889 2963 9.067008 38.769075 55.518345 -15.271096 -61.237257 
1 770 31.568146 
2 516 1325 61.177709 -62.804447 
7 359 965 1107 1641 1725 2918 2937 -94.735890 -6.620516 -14.024812 -85.100038 95.141980 -69.745311 89.843496 
3 1748 2258 2377 20.490686 46.847838 1.430738 
3 438 520 987 85.487761 -57.588617 -56.962993 
0 
4 340 1255 2268 2807 21.766186 6.662594 72.421310 79.980548 
3 1234 1451 1589 20.626990 96.745295 -94.740593 
5 276 1332 1907 2635 2899 82.879486 66.590368 76.840565 -99.793482 5.318383 
2 1005 2719 -59.504739 89.629094 
3 2615 2910 2943 -50.252512 67.874456 -21.434735 
2 606 2680 -28.118111 15.608191 
5 456 527 1038 2029 2748 -4.003244 20.769517 89.123927 -41.397629 65.993476 
2 411 1165 27.489343 84.470675 
3 764 1601 2022 -22.231851 47.622707 10.548379 
1 2541 -20.822940 
3 1844 1905 2128 54.630422 79.438027 39.246911 
3 2260 2276 2906 -47.878535 61.562707 -64.808466 
1 2039 18.532211 
6 273 836 1306 1638 2676 2896 -43.117266 -3.124329 79.602657 -9.314541 3.242994 -52.763946 
1 1760 2.622043 
2 681 719 30.004502 49.497673 
4 1925 2030 2585 2668 50.845166 53.530929 27.226006 94.573948 
2 929 1619 8.441989 -32.587641 
4 606 995 2060 2337 -14.452347 -11.108704 22.149585 60.456411 
3 928 1724 2160 16.327863 83.278286 -71.936812 
2 239 2347 9.208010 42.682934 
4 374 1193 1440 2361 -42.030685 85.200974 -6.023545 82.310617 
2 1300 1312 -35.312509 51.008188 
3 1204 1638 2411 -4.060834 1.508766 -0.021397 
2 1138 1507 38.640371 -34.954776 
4 77 362 685 2788 72.033450 81.045781 -48.763170 -45.140279 
5 24 95 1965 2276 2487 -36.383243 78.487563 74.200290 14.864154 -72.200727 
1 790 36.924871 
1 2676 97.426189 
2 617 2329 -89.158949 44.337148 
2 123 411 -5.539695 -63.971703 
3 1071 1843 2650 83.307283 52.782158 40.089636 
1 1421 21.144721 
3 77 309 896 -19.936058 25.741838 -40.223229 
3 166 413 1464 -47.245346 -53.494477 76.451061 
3 363 2542 2909 97.224230 -75.313751 97.811355 
5 41 1483 1859 2103 2109 46.442622 6.385189 88.990239 -26.735945 -2.617190 
2 754 1511 49.977549 -94.468513 
4 439 1575 1659 2146 39.386640 18.542747 56.530242 42.218434 
2 1428 1601 -38.482936 53.887915 
3 1227 2268 2975 -96.826477 33.185952 -8.468713 
4 35 1119 2521 2533 26.658517 14.852251 -62.691303 6.741824 
6 181 1216 1226 1769 2514 2677 57.614846 -43.474823 -17.133359 -88.404037 87.964207 -45.653111 
2 1989 2882 61.394771 88.762061 
2 31 721 92.736836 3.063265 
1 598 -92.441134 
2 287 789 49.404635 83.388815 
4 658 788 945 2636 13.590192 65.000434 -43.253349 6.223622 
4 479 1101 1199 2285 91.807728 -91.403777 -1.997504 -47.414231 
4 558 1098 1924 1950 -77.064024 -62.440823 30.067810 -29.738186 
1 318 34.589029 
2 618 2224 29.934167 83.630842 
4 79 1449 1567 2290 -99.831978 -11.116630 53.905881 16.558600 
4 859 1692 2439 2652 -9.917837 -79.679613 56.610731 -52.852598 
1 598 -78.717179 
2 1675 2298 28.088102 -43.998896 
4 418 1131 1286 2539 -58.915806 -66.504216 41.966171 -27.344129 
4 193 702 936 1546 89.402040 51.946927 -37.979775 33.211765 
4 62 912 1543 2770 -24.334839 -11.341237 71.020488 -60.577360 
2 624 1039 -93.512645 -77.996173 
5 297 662 1959 2103 2297 64.841927 3.029688 29.751651 -21.302653 33.450344 
2 1893 2250 3.097969 24.868452 
6 10 58 364 1049 1967 2569 80.787162 16.399325 -16.423519 -99.714708 29.766677 25.905405 
0 
2 140 1235 -95.163690 -5.140424 
3 329 1686 2271 -16.266226 72.612530 -85.996474 
5 602 1935 2027 2618 2680 -46.911030 -50.456706 -65.480239 32.593811 -98.804321 
0 
3 1078 1235 1958 48.500399 40.847852 50.410843 
4 871 1092 1596 1720 -15.211305 -97.937420 -17.745072 -42.902131 
1 547 -87.193926 
5 891 1059 1966 2628 2739 22.857590 -18.362757 82.646727 -85.711726 -32.841697 
2 468 1318 -41.650976 -5.382785 
7 22 398 993 1254 1763 1768 2616 83.837562 60.151977 -46.594547 5.279011 -64.286752 -88.954351 97.587156 
1 405 30.743542 
5 438 479 1420 2433 2946 -75.691874 -39.690096 -69.085051 -74.456565 6.059616 
2 147 1856 -11.992148 33.167132 
4 357 901 1712 2506 81.632426 44.162057 -43.032637 -12.827175 
3 446 1076 2185 -62.632799 37.843667 -4.990180 
2 2120 2819 -1.961664 -87.466783 
3 1059 1383 1562 0.649321 74.704691 57.265257 
5 536 1163 1261 1836 2698 84.028805 45.678135 -68.963173 -89.525815 -71.863824 
2 565 2024 50.211196 63.033931 
3 86 361 2500 74.081256 43.221938 68.012841 
5 189 564 1161 2040 2153 -20.336310 -72.200271 -64.870931 22.607390 -89.502205 
3 787 1572 2297 -71.270823 -94.141446 -60.816378 
0 
1 805 13.109287 
3 707 1529 2821 -53.065991 -52.607418 -56.945224 
2 2346 2444 -94.710573 -18.339220 
3 794 2277 2751 -95.906150 85.089963 82.461663 
1 1007 -56.472525 
3 221 766 2845 -29.812153 86.301983 72.693402 
2 572 1085 -39.349583 88.800754 
2 13 1871 36.416946 -74.437287 
3 104 462 2738 -97.223254 -73.429573 96.712051 
3 536 1323 2242 9.113694 35.716607 71.187162 
2 2507 2550 30.900890 -43.146206 
4 991 2034 2495 2897 -65.504422 -12.389236 -76.448428 85.091009 
3 1357 2477 2537 -45.108270 88.344449 -53.723410 
3 72 1760 2136 18.046973 25.628936 92.669148 
0 
4 512 539 2990 2999 91.053159 6.143735 -11.504684 18.511261 
1 1239 45.991288 
4 433 1589 1877 1955 -78.039376 81.479512 1.657779 89.041964 
2 795 1400 17.339865 -15.822778 
5 733 915 1363 2144 2640 -86.827022 15.763708 94.597571 -98.845543 20.873371 
1 2635 25.167143 
4 101 281 529 2363 19.807639 -28.581831 87.461666 -26.047182 
4 1193 2248 2391 2998 -39.497044 3.549593 -74.713240 -17.632221 
6 146 436 591 843 1040 2184 99.451249 -84.536228 48.666498 96.765818 40.306230 35.098121 
6 160 1688 1970 2490 2536 2816 59.070456 12.560009 75.774185 -54.149524 37.573795 31.638511 
0 
2 1127 1704 -67.200430 64.764292 
1 2697 -66.010104 
3 476 1112 2358 22.362797 -96.170413 -24.028820 
2 563 1883 -7.908142 -22.804932 
6 429 1039 1683 1791 1966 2982 -59.544020 94.385211 -76.887771 -12.993482 -56.536569 60.415292 
4 334 1791 2197 2826 92.583023 91.760824 92.648466 25.025759 
2 1521 2815 58.254983 17.656268 
2 774 2146 0.943152 -65.982073 
2 1357 1803 -16.005698 94.304725 
6 106 1202 1648 1744 2130 2222 -61.629219 -25.370330 54.622562 69.817143 -42.014386 83.153728 
3 505 1892 2122 64.255425 44.481466 10.543256 
1 588 -45.286344 
1 1263 10.169327 
3 655 1937 2454 -55.143453 -82.665873 -8.676144 
4 96 1779 2595 2707 31.044625 10.230395 -6.698429 -2.274730 
1 704 43.942931 
3 415 1856 2585 3.084909 -87.763977 97.456213 
0 
4 669 949 1096 2648 -96.213749 -89.041184 -86.686413 -72.413022 
2 412 2623 -34.014804 66.812161 
2 245 1895 87.944673 -78.245605 
6 88 97 117 314 1542 2376 77.163416 94.179895 -61.498149 -43.805096 25.265906 -71.350998 
0 
3 247 1897 2293 70.208831 -12.687630 -51.679014 
5 317 735 1140 1189 1510 -14.959900 -50.559743 38.116735 -53.564305 -78.740854 
4 507 2228 2451 2852 -41.087648 1.732506 -11.370088 17.407751 
1 1882 77.486388 
4 366 577 750 1621 -46.718516 71.624069 73.589310 75.217681 
2 224 2186 -34.294838 -25.410872 
5 350 481 1235 2187 2682 -5.912165 84.384363 -89.283429 57.356821 64.692075 
0 
1 378 97.875511 
5 420 807 885 922 2247 41.596183 23.849979 -67.287374 45.443946 14.430875 
2 1346 2624 81.709309 -91.229756 
8 72 788 1080 1474 1961 2196 2587 2639 -56.854594 -95.959114 30.872974 -6.959247 18.199201 32.757648 5.340225 -7.193789 
5 11 545 1113 1625 1673 -37.167057 95.390120 -56.161705 -37.157033 85.691124 
4 1165 1735 1953 2008 27.305829 -4.352858 -26.647550 6.195309 
5 23 229 1835 2250 2271 53.583187 -90.097781 -34.660426 -86.514349 -54.053261 
3 18 1568 2529 94.221159 -71.083601 -74.865638 
4 330 1267 1644 2041 -17.487305 -80.529825 70.198798 64.861362 
5 187 2010 2086 2191 2511 -97.439335 -35.752919 57.782674 97.541703 45.904804 
3 640 654 1721 -32.803838 -75.689445 -68.376494 
6 373 1965 2170 2554 2788 2792 -37.941969 17.442433 64.327806 40.103248 -36.611695 -23.073452 
6 182 716 1795 2028 2771 2910 80.255178 -11.653973 99.725902 9.472989 63.411944 -0.809412 
2 518 1303 36.073318 31.684069 
3 807 1328 2574 -21.366462 66.617557 8.785273 
2 296 834 79.223132 -67.405904 
2 1747 2950 90.369061 -58.750893 
4 7 375 900 1101 -1.081610 32.164084 38.158491 46.830828 
6 502 952 1485 1555 1648 1995 88.121087 -8.394173 -96.315683 -7.426615 -12.270714 13.258468 
5 205 1569 2283 2345 2701 -1.363283 -14.473577 1.389957 -46.607031 15.425339 
3 205 1234 2801 -65.714722 -10.441781 5.490730 
5 91 165 998 1276 2317 -60.444426 -3.899609 60.167421 83.718273 49.498368 
4 73 362 1391 1433 -35.129320 -97.078988 -43.060813 87.079489 
0 
5 0 592 874 1259 2982 -61.318995 51.068929 -66.858656 65.185746 89.853268 
5 25 490 1457 2752 2832 -2.994084 26.225193 76.154132 -61.794833 -90.936688 
5 121 869 960 1633 1686 90.741088 -29.922800 84.661547 54.947537 1.398480 
2 2088 2694 -53.423691 6.673048 
2 528 1201 -95.525252 57.336057 
4 235 375 594 1920 -46.004143 35.782964 -48.209416 27.411556 
2 281 2016 -59.689693 -13.397682 
7 113 134 549 1421 2288 2357 2415 -48.055881 24.535565 85.711589 29.121076 -62.683330 -43.240842 78.453149 
5 273 641 952 1156 1736 -70.651636 33.574798 -67.565530 -0.151844 -33.033388 
1 1170 -76.703738 
7 328 420 601 1023 1822 2244 2653 -61.068686 87.315936 -16.660098 -89.121651 -31.075393 57.886796 8.813595 
1 1718 16.802565 
2 735 1584 -0.235668 33.570766 
4 521 757 885 1005 -52.544338 -76.178259 -91.032120 -72.328908 
4 481 788 1563 1648 -86.985927 60.701008 -24.061949 53.959109 
3 190 1551 2900 60.970784 99.377382 43.462284 
4 1018 1117 1627 2503 28.714590 49.298638 -65.265566 -80.099810 
3 991 1584 1919 -58.908786 44.665514 81.859385 
8 889 993 1679 1745 2011 2536 2580 2946 -0.219811 23.130044 -52.727846 -97.747933 20.251554 12.556485 34.469764 -29.625384 
1 1796 38.171613 
3 1175 2273 2746 62.919830 82.422816 -40.880636 
1 1561 -47.461209 
1 17 66.193904 
4 667 1437 2187 2551 12.344735 94.601916 -58.648240 44.737303 
3 1578 1943 2535 -94.250235 26.885878 -48.471018 
2 539 1893 79.693185 -75.682113 
1 471 -22.775114 
4 1001 1225 1477 2494 -12.332052 -55.537671 0.215074 67.661040 
4 588 1008 1376 2195 31.335786 -55.566839 28.205678 60.558192 
1 2878 -49.498438 
4 406 465 1703 2213 -90.068131 99.569668 -72.060856 24.575657 
3 1459 2222 2670 -51.428368 64.895918 5.330484 
5 119 590 758 897 2027 48.981352 36.427761 -6.273249 -73.176738 37.847315 
1 2296 95.294975 
5 293 438 2501 2556 2825 55.346806 -7.591461 -9.477214 38.894800 -88.688328 
1 2474 28.164947 
1 310 -16.798419 
4 520 1186 1698 2578 93.575732 -88.536960 -90.353739 50.272978 
1 2576 -17.504136 
4 1054 1376 2190 2986 -51.240950 72.794432 -14.220883 93.180247 
5 532 570 1396 1479 1919 78.573260 92.459705 50.277573 -87.040875 -95.782242 
1 1020 -84.979288 
9 404 447 1234 1303 1585 1677 1842 2394 2585 -4.247272 -90.406789 6.372373 51.733726 24.486548 28.672328 -23.556557 -90.317711 -35.131748 
1 2968 63.386535 
3 789 2355 2488 -39.341395 -33.216680 54.790864 
4 1412 2114 2688 2906 -71.918304 19.624330 78.721103 35.029994 
3 44 994 1680 -69.414592 87.614838 1.934588 
6 37 591 1692 2331 2391 2552 50.890091 27.832766 32.473167 -17.038750 -72.916064 46.128534 
4 1905 2032 2307 2879 21.924265 19.477448 4.892384 97.921223 
4 776 1666 1958 2236 -73.839362 10.079114 67.971271 -96.673634 
4 544 2320 2372 2788 -57.677768 -32.323921 44.707792 -58.880560 
4 1144 1660 2019 2646 57.688942 -6.965156 78.175225 -75.493802 
2 1241 1528 -15.187060 -71.547310 
3 1680 2200 2366 76.392901 77.368912 -2.242371 
5 121 952 2091 2262 2311 38.828132 50.710930 -29.940718 3.851963 -18.519221 
1 2128 36.584590 
2 1104 1245 13.394927 84.093581 
4 286 363 645 2845 -51.665017 -87.958295 -47.401704 -97.913447 
4 458 1540 2167 2629 -62.635287 -24.387250 54.747111 -14.395105 
4 105 424 540 2011 68.180716 49.352498 -80.015605 25.548207 
0 
3 1094 1976 2415 -28.757943 20.109114 64.636551 
2 358 541 64.248849 67.184751 
4 642 844 1516 2933 -8.046947 20.287170 53.751323 25.298382 
1 2017 23.299280 
2 1458 2928 -84.640008 4.670235 
0 
2 555 2772 22.915917 37.359683 
2 494 2398 80.017487 72.579892 
2 1044 1739 64.831268 48.426146 
2 427 439 -79.070794 -43.540113 
2 188 2275 -58.871786 -93.164046 
2 404 846 -55.191327 21.068217 
3 19 207 503 95.358295 -32.680686 38.253404 
1 2052 65.216385 
4 182 841 2292 2971 46.426046 -37.633162 35.178510 -69.339613 
2 2055 2849 77.685425 96.901075 
2 611 2238 17.531130 -57.297879 
3 1152 1913 2616 12.224493 14.619874 -5.836516 
2 191 531 13.410867 73.689619 
3 1509 1535 2847 24.958604 -60.435186 13.524924 
2 2039 2608 36.132152 -89.198213 
2 707 2249 87.194004 51.201840 
1 2314 -44.312433 
4 103 125 2604 2927 65.931402 -38.315647 -55.681727 54.563236 
1 1885 -57.804219 
5 487 697 1031 2505 2912 -78.062482 -99.539124 -64.159567 86.386313 -83.472068 
1 2828 49.288685 
5 609 1260 1644 2341 2609 88.258241 44.095918 24.132894 19.746324 -42.101703 
1 926 82.217762 
3 5 478 2275 -15.325741 84.079125 43.845081 
3 40 1125 1692 30.805842 11.525986 -14.364838 
5 276 752 833 2549 2796 61.511594 -14.080404 20.182925 -24.074282 -90.321281 
3 1798 2345 2837 -71.443701 15.964817 15.160360 
2 400 502 -87.594180 -96.393274 
1 476 95.631567 
3 1638 2515 2988 -7.424787 -71.199324 -44.959056 
3 388 1649 2922 68.742058 -90.175898 69.388154 
3 977 2668 2951 34.078317 -34.444568 28.784509 
3 1046 1289 2757 -36.615079 -60.985838 26.873849 
2 1839 2397 44.173647 44.764701 
2 835 892 7.993834 -76.088821 
2 412 2827 39.585791 2.191467 
6 472 691 1792 1873 1911 2015 63.880090 82.425576 25.109274 -19.176558 87.575524 9.751830 
5 396 747 1683 2519 2889 17.770169 -97.176930 16.245895 94.593541 -78.063855 
1 2095 -88.188895 
1 676 -54.520384 
7 25 105 366 901 1417 1950 2264 34.967543 -81.248239 -58.990678 -48.036114 -83.998130 54.374074 -45.721219 
2 410 2651 -79.833054 41.240335 
3 346 1941 2234 99.171849 74.295089 -22.837988 
5 60 545 2736 2773 2788 0.161616 52.957917 -69.468468 -61.477041 -45.157875 
0 
1 2762 23.234076 
4 132 909 1425 2785 -93.833397 -23.217204 -91.898941 -58.750146 
3 1901 2114 2130 -38.967439 82.279186 69.637314 
6 191 504 696 1119 1346 2838 -52.611505 -90.358859 61.984393 -4.502198 -92.883104 59.848765 
5 190 265 924 1874 2338 71.835489 95.526436 45.419494 -19.689867 45.456182 
2 36 1671 78.261426 -50.964678 
3 49 2387 2699 43.140934 -54.220861 -37.689609 
7 144 664 755 1584 1654 1677 1941 36.907386 -47.453782 68.626014 45.992935 40.310842 -1.321064 76.334129 
5 975 1312 1486 1751 2205 64.814759 90.279463 -26.842747 44.491433 -98.469099 
4 1033 1151 1218 2092 23.469017 -36.306838 -36.152802 1.724361 
0 
4 481 1127 1894 2290 -81.750478 18.598026 64.174228 51.703814 
0 
6 536 794 1336 1782 2097 2477 -73.215690 -49.796367 95.369211 16.819415 -42.451245 51.810719 
2 758 1107 -42.760671 48.792099 
5 898 1280 1304 1618 2393 65.943021 22.526877 6.780559 60.642053 49.376427 
4 230 732 2626 2734 -66.051015 97.071743 42.475522 -36.880243 
4 1534 2097 2791 2883 -3.476759 -60.817832 55.868299 -15.689579 
2 2077 2358 53.919508 85.627232 
5 64 566 1740 2180 2952 84.342460 -15.468079 82.538894 62.120987 -46.496953 
2 1611 2263 66.030088 50.579316 
4 18 657 2031 2550 58.026435 30.896332 -27.765599 84.775457 
4 1945 2170 2977 2995 -76.668331 96.844747 75.027048 -97.195046 
1 1540 65.038117 
3 149 1296 1592 20.513325 -23.409840 -52.270383 
4 647 2331 2660 2927 -78.940350 -40.988205 76.341254 -94.850711 
5 84 224 960 2467 2928 30.494703 -74.265621 -64.521916 37.165906 -0.235688 
2 1347 1640 0.761176 42.173979 
3 871 1811 2562 -41.918023 -25.276888 58.943600 
4 418 1466 1781 2175 11.694607 -98.347617 -32.791030 86.869256 
0 
4 914 980 1044 2321 -45.521306 43.832994 38.189683 -43.847793 
1 1762 -57.439875 
2 388 1636 -73.834213 -23.473306 
3 1086 1966 2920 6.372629 -85.904283 -78.869232 
5 706 1938 2046 2156 2231 -15.883813 -21.513299 52.195113 99.415593 60.413390 
2 1603 1762 -27.740570 73.265181 
6 231 266 348 1482 1991 2606 -28.454004 78.279550 52.802014 -47.387512 3.919916 52.559705 
1 1589 18.035145 
4 777 1466 2247 2486 -40.945508 -54.934906 72.230329 -71.887987 
1 2024 -41.734944 
3 545 973 2536 -98.556547 60.403572 -19.475602 
4 595 1093 1293 2316 80.118551 10.751625 95.660826 -32.669221 
2 1705 2264 86.010211 21.323320 
1 1522 91.237754 
4 36 1576 1939 2195 -95.898323 -18.460029 81.206373 -54.086507 
0 
2 24 2328 -23.010115 -99.595501 
1 1123 78.775332 
4 501 964 1634 2497 23.963272 -85.127240 -99.817234 96.725508 
7 1205 1461 1739 1884 2215 2506 2818 96.814163 77.208849 26.856653 27.165658 -67.325457 -25.043523 6.340527 
3 1509 2324 2899 29.774684 -32.926210 2.532910 
6 169 508 770 2168 2198 2602 -2.043953 51.964123 71.516057 13.058432 -62.848260 -56.418939 
3 3 548 1558 -60.098757 -35.073163 90.173353 
3 1331 1568 2742 74.566730 85.005813 -0.703322 
3 2322 2323 2925 -81.946614 -9.204102 49.211331 
3 962 1831 2774 77.734585 90.076370 62.533229 
3 173 589 823 15.461731 29.990766 -66.701897 
4 292 2084 2747 2780 -75.743002 -26.700573 52.666715 -93.454821 
1 2051 -61.689334 
5 165 375 1354 2531 2885 50.630637 -69.336429 -28.379445 -92.853352 92.682375 
3 34 1881 1962 76.228858 -11.636941 -13.383088 
6 623 1785 2224 2409 2468 2726 -45.953802 27.086963 -64.732889 79.309191 -62.184166 63.712692 
2 607 2056 20.662118 -74.850567 
1 363 18.215340 
6 586 634 1699 2034 2089 2956 -65.832289 61.020683 21.906115 -40.096861 -10.176379 -23.987275 
4 547 1601 2184 2639 -93.563939 76.586073 61.503028 -22.149490 
0 
2 572 2174 92.492503 47.509321 
7 1823 1982 2022 2553 2717 2774 2951 -60.124508 -41.663593 -32.424684 -18.694449 53.209795 27.456515 85.363257 
2 2222 2606 -18.990177 27.133722 
1 81 42.492035 
4 1050 1237 1922 2774 -44.030436 49.747137 -46.053266 7.869474 
4 158 789 1195 2055 44.477704 -94.249761 -24.820745 27.635086 
2 669 1798 4.923420 97.523829 
3 1240 1924 2348 -53.370838 51.368860 78.223944 
2 2304 2410 -70.465207 -54.918242 
4 355 981 2375 2457 -99.842919 89.943450 -78.972842 -11.568301 
2 1055 2003 98.921078 82.656200 
1 2332 -67.723769 
4 213 1500 2615 2785 -92.816072 19.725112 -48.059496 18.685419 
1 658 63.934110 
4 880 2685 2693 2797 34.339093 -71.517642 -66.400954 47.611334 
6 137 1120 1772 2413 2468 2490 27.081984 -71.145282 -22.351246 40.959153 94.867508 -21.700708 
7 282 408 622 822 1453 2126 2543 38.677295 58.747672 -70.640411 -24.079112 -59.794879 69.494278 81.188037 
1 568 -84.534137 
3 274 1160 2746 61.998281 -99.957227 67.159604 
4 815 1693 1912 2883 8.164573 5.277308 -15.187000 -16.128389 
4 983 1019 2155 2303 82.072886 16.589621 3.107389 -23.825891 
1 1961 1.539390 
1 445 -32.000230 
2 760 2054 -93.830933 68.127566 
5 79 198 346 1596 2114 40.564612 -3.655897 37.406790 11.478639 -68.457902 
2 1576 1776 -87.613666 -3.711652 
3 1976 2155 2760 86.291019 -33.524134 71.177639 
5 1281 1632 1945 2169 2787 90.663656 32.816109 -67.779041 49.412598 88.455709 
3 1350 2192 2430 35.018709 -71.981887 55.934755 
8 70 500 1025 1407 1554 2393 2658 2903 3.765268 -55.078940 -77.568942 -38.975444 86.192697 -53.174225 45.683410 86.105868 
5 336 710 1184 1362 2889 -67.608199 44.132474 -77.405848 59.406109 -28.466362 
4 248 683 1169 1657 -80.481594 -42.899034 -7.908876 85.333296 
7 98 252 352 1330 1817 2202 2618 97.968203 -30.958778 -65.541740 -46.177872 18.842247 -3.727783 -2.078341 
1 2168 -5.852449 
4 1079 1902 2433 2740 62.133380 8.212143 30.358240 16.275656 
4 443 915 1539 2325 76.968806 60.628122 65.118150 61.995473 
1 2216 -32.633738 
1 1464 -11.648355 
3 454 1243 2456 38.858567 -34.594629 3.404646 
2 1421 2059 42.060262 -65.799474 
5 155 1884 2890 2920 2948 94.327202 -45.753280 20.733753 95.304256 -91.362079 
3 20 677 1092 20.661058 -93.654397 -65.311298 
3 1511 2180 2985 67.432104 -94.712756 42.645956 
5 89 688 1466 2211 2979 69.018805 -43.525833 -82.117327 42.429090 77.108646 
2 430 1035 -95.102251 -67.821599 
2 1487 2105 58.655482 -57.701262 
2 324 790 -74.839976 63.908696 
3 704 1184 1868 48.724663 -84.995257 83.398943 
2 698 1344 -81.414166 27.382221 
2 1290 2928 64.327379 -38.292163 
2 17 2356 -92.103254 15.530930 
4 90 622 655 1473 63.479959 -93.049923 25.618961 -50.774098 
4 300 1478 1497 1656 73.464026 12.319250 -51.354388 -93.022857 
4 483 1372 1660 2039 93.361311 72.509312 30.103976 -62.878354 
2 1079 2974 -11.522957 -3.446657 
5 819 1486 1696 2442 2559 -76.052944 -14.839129 65.304472 85.432817 -17.587154 
6 158 687 801 981 1130 2947 -55.722633 32.906831 75.910443 70.435076 94.664721 -98.534380 
4 596 2154 2479 2875 63.183703 -46.223962 0.863337 20.315308 
1 2792 16.478202 
2 681 2125 -16.604924 14.001400 
0 
2 659 1495 -11.189632 42.119341 
2 1815 2600 -81.498267 -44.673865 
3 1374 1529 2074 -19.328128 -21.614702 21.638300 
2 205 2152 -11.821751 81.657726 
4 157 762 1137 1651 17.636609 31.248126 -46.438944 -52.473726 
2 520 1550 32.753386 57.210869 
3 2075 2092 2285 -20.329434 -36.290964 -14.765348 
4 627 1340 2183 2364 59.107215 -94.223923 56.347743 -15.763647 
4 1424 1704 1736 2348 -65.297873 30.519165 -94.705169 7.419153 
3 1123 2200 2275 -91.765236 -66.497413 88.463834 
0 
1 1933 5.437816 
4 224 718 2214 2302 -61.757652 26.881676 34.217623 99.328049 
1 2901 -70.109315 
2 1184 1741 -3.078012 77.279007 
7 927 1117 1799 1836 2120 2257 2528 7.565961 47.296558 47.658525 -81.278706 -19.991707 -71.143053 -6.599439 
3 583 1641 2637 -85.342595 -96.997935 76.587311 
4 794 831 1703 2051 25.253691 -70.421870 13.396917 17.243005 
4 666 1237 1395 1611 14.775942 -19.904716 -57.381394 -69.472950 
2 1171 1307 51.517707 -18.022469 
4 1990 2016 2226 2807 56.430648 -86.589630 -22.556584 -79.856124 
6 171 1645 2186 2324 2403 2758 81.792808 24.880260 94.900236 -80.477913 -47.475499 -87.038278 
5 702 1360 1823 1905 2370 -98.120049 49.054747 33.800793 -23.827093 -71.222157 
2 1608 2760 -70.732268 -13.122411 
0 
6 763 1039 2400 2573 2926 2945 10.165554 20.591234 59.137422 -46.353509 -73.854025 28.391985 
2 1090 2940 -95.170197 -27.093312 
1 2926 -52.658000 
10 41 132 798 1517 1748 1793 1837 2058 2235 2891 91.495088 -81.425752 29.666148 -33.404449 35.827510 -22.489474 -73.380862 11.211981 18.273522 -57.267339 
1 1283 60.664322 
6 197 402 647 1295 2127 2400 95.087163 63.259073 67.937910 -71.884044 -78.360904 -47.811208 
2 910 2712 99.544267 75.000012 
2 489 1209 -11.370466 19.584066 
2 597 2837 49.925755 -24.925981 
3 224 1218 2010 -4.999401 -48.847641 79.270642 
2 197 291 36.444086 47.799637 
3 1819 2038 2139 71.106502 -16.673808 55.534431 
2 45 2916 -91.971282 1.449209 
4 431 631 1619 2781 -43.408597 6.232239 -43.211311 -35.459543 
1 109 -10.413702 
4 483 1872 2297 2939 -66.956243 -60.890469 -17.194335 -28.917854 
5 431 531 1252 1676 2181 80.764621 3.716299 70.119679 69.023605 -61.830724 
3 982 1878 1889 -5.711591 -21.744558 -78.757304 
3 1194 1982 2798 16.827033 -30.396292 24.883880 
4 760 850 1380 2044 8.093476 -21.924384 -73.869133 64.530156 
4 599 1237 1256 2079 -59.266135 78.393653 64.220933 -16.642373 
1 83 54.227208 
2 142 2650 34.595871 99.517243 
3 1115 1548 2351 -17.722172 -70.003826 -51.607143 
3 166 714 817 4.470889 -89.349970 -4.786585 
4 56 319 553 2548 33.976914 -98.258873 -76.844235 -59.527634 
1 369 -49.581292 
2 606 2325 -37.934706 -71.557057 
2 329 2357 29.733871 -45.879929 
3 455 1636 1726 -34.863711 -97.910356 -28.114704 
3 1479 1573 1605 99.548470 97.809543 9.389564 
2 2291 2534 32.360093 -72.588980 
0 
7 75 938 1380 2288 2545 2548 2659 -86.624256 -8.345639 48.648800 79.000766 84.170664 24.633783 -88.174817 
1 2158 36.355243 
3 821 1429 2344 -93.617189 -61.391598 -87.071206 
1 2824 28.857095 
2 524 2967 -96.431027 -71.905597 
2 1026 2824 -77.107970 -67.857971 
1 1361 -65.010613 
5 425 845 2121 2163 2708 88.400874 -72.721127 -12.365489 -31.000526 2.734494 
5 769 812 982 1725 2458 -33.265426 -61.468680 10.036877 64.725842 45.185772 
5 566 656 1035 2664 2857 64.656268 34.766358 48.135163 63.166239 -27.958385 
3 455 1284 1310 39.075794 62.503268 -73.868084 
2 656 1247 27.873047 7.671632 
2 431 2075 -96.041006 -34.549861 
2 1587 2775 -32.778578 -93.644468 
2 617 2732 41.149925 97.219591 
5 935 1355 1461 1465 2187 66.860430 -30.429404 86.150281 63.231317 13.952789 
2 314 1550 19.949393 39.040234 
2 2746 2783 48.483333 56.774918 
8 300 534 548 555 1246 1865 2264 2649 93.498737 95.491605 2.201294 31.524606 92.355706 88.247683 -89.641635 66.885218 
2 303 2539 50.427620 -0.270612 
2 835 1856 -8.123910 -11.823753 
8 226 715 1659 1905 1955 2283 2785 2787 20.194090 -38.526024 42.591995 91.509551 20.657616 35.309094 20.435789 33.972642 
4 1624 1792 2196 2977 91.882582 55.297381 16.438595 -79.642306 
7 362 1425 1528 1899 2118 2174 2615 18.327411 81.006878 99.609578 -43.516019 3.006166 -97.505958 37.494757 
2 1524 1722 -29.684743 69.732387 
2 1560 2425 -38.809060 65.591710 
2 637 1652 33.556325 -57.613511 
1 1830 -14.994870 
2 729 2924 -84.360117 0.475288 
4 32 1857 1919 2685 -14.085352 -7.026121 62.839210 27.036031 
4 108 507 2425 2889 -85.529249 -61.439391 34.087528 65.198892 
3 473 1105 2350 24.656387 50.777714 56.783298 
4 206 614 1069 2585 0.291430 -97.392816 76.012298 -54.919168 
5 582 901 1169 2222 2915 98.860131 63.457484 96.459480 16.467648 -54.066687 
5 494 566 1655 2759 2837 99.791802 40.019203 -21.776890 83.829715 -9.631103 
1 1686 91.884169 
3 135 153 1091 86.544805 77.454606 -69.307040 
2 72 810 85.688646 10.979022 
1 1778 -36.725863 
6 147 675 1157 1391 1918 2751 -15.266909 -5.265130 35.926115 -74.696445 -51.576384 -70.132508 
2 1928 2045 -36.692252 97.403370 
4 1330 1977 2074 2804 99.287867 25.729663 79.613949 23.079127 
3 2006 2255 2489 -63.987275 13.874099 -88.513309 
4 656 2184 2259 2940 -63.190371 0.522933 -8.864598 53.307484 
8 423 939 1194 1238 1496 2267 2882 2895 51.123375 -36.143535 -84.203468 83.366806 71.639387 13.990809 18.137444 -69.262431 
1 2723 -23.103049 
2 243 2389 28.243269 -64.226327 
2 87 1709 -15.317115 -71.406534 
5 33 173 2058 2359 2662 27.519550 64.490446 78.509553 95.375465 2.269161 
4 552 643 1185 1888 94.921080 11.311261 67.518491 16.929078 
1 1208 -25.671509 
3 503 1424 2230 -75.615897 -90.760665 78.790394 
1 355 94.142978 
2 1095 1116 12.427341 -53.650775 
1 2347 70.595052 
3 1662 1787 2598 65.328895 -19.066748 -62.438890 
2 1919 2708 35.311292 -47.720659 
1 713 4.162697 
3 966 2294 2326 8.023074 -75.232527 -89.424502 
8 1041 1320 1532 1552 1706 1768 2656 2808 -70.532346 0.463343 46.364850 79.654957 38.687080 -17.929234 85.072884 -74.200518 
6 452 669 1075 1174 2171 2588 59.128508 11.019389 -79.694769 -27.277368 -72.683427 62.846383 
5 944 1188 1652 2239 2733 67.083807 -2.967921 -71.903429 9.928050 79.252326 
3 255 424 2483 -11.260854 48.370915 -76.826549 
3 1495 2383 2737 -77.841693 -99.056752 -61.015265 
2 1725 2663 -4.097097 94.804811 
3 2200 2465 2492 -68.080362 4.069131 -2.434344 
3 1635 2414 2705 -82.438875 51.516575 -85.241756 
1 252 -64.085528 
3 306 1453 1861 46.701363 0.752318 -58.272723 
4 517 1119 1224 2717 88.343124 -69.262107 57.090352 -97.495139 
3 15 575 832 -73.248205 28.895307 -58.507671 
0 
1 1812 13.546083 
3 55 319 1663 63.622178 -73.032939 -95.070138 
2 2032 2726 -77.090179 50.164603 
1 2539 -59.511378 
2 1131 2835 -94.500094 -35.432916 
3 374 1791 2739 73.124698 76.794383 -79.043357 
3 1724 2618 2904 46.604104 -31.725117 22.303413 
7 418 668 802 1089 1224 1866 2404 36.824013 -87.905093 -34.725796 11.311617 -73.476744 -64.248161 93.545605 
5 1358 1404 1904 2922 2931 -28.292294 30.574155 -57.851430 70.763125 40.406641 
5 215 543 1221 1337 1716 -96.714160 -71.224100 -1.754411 -91.612362 89.214468 
1 1145 -95.552160 
0 
2 1572 2303 -28.515337 77.601175 
3 317 1129 1413 -4.107906 -38.079865 -31.956670 
2 880 2208 98.241405 -62.352174 
3 849 2351 2967 -48.805844 -82.590450 44.287151 
2 365 2260 -83.114613 82.237588 
5 262 652 1413 1428 1497 9.870445 -95.785574 -43.246950 -57.379887 -62.209974 
3 129 1282 2272 -85.428256 -12.971934 -82.662354 
2 509 2203 -37.564613 -6.780211 
2 1125 2398 87.266895 14.430139 
1 1587 -87.335120 
6 346 1297 1575 2077 2092 2900 -80.180991 75.282193 -73.425464 -31.882300 18.226501 -17.524406 
3 275 1240 2546 -99.509514 -50.341650 -31.674530 
3 568 2555 2843 -39.374531 88.271069 -1.355309 
3 12 728 1394 71.624376 -10.387093 -76.754855 
4 691 1288 1397 2611 -94.349188 28.260815 -66.327492 49.449546 
4 1153 1665 2325 2377 -58.799299 -14.950797 -6.607943 -80.446894 
0 
4 646 1991 2342 2714 -35.963670 87.736804 34.554470 -69.333687 
0 
3 927 2063 2506 28.661679 -43.283659 -76.239262 
2 151 1569 -96.994439 -5.353156 
1 347 98.500229 
2 625 688 -39.431759 -98.246361 
3 1265 1732 2556 -33.756996 -44.530377 -53.995521 
3 528 843 2396 81.614727 -18.839573 -50.274305 
3 141 1904 2561 30.095002 -69.095904 -9.679566 
1 2993 -35.933410 
5 182 429 609 2326 2763 -73.514127 -63.142304 -68.699413 36.670087 24.122808 
2 1888 2138 6.725443 -27.290839 
3 501 1346 1511 7.630776 -64.918498 -55.903820 
3 603 2047 2067 -37.442872 -42.568407 -1.681205 
3 836 1043 2013 48.826091 52.677699 59.174500 
7 93 697 705 1378 2380 2686 2823 56.142234 42.166620 52.166920 23.185795 49.675703 21.541309 64.569755 
0 
6 329 333 1057 1683 2536 2997 -51.614700 13.564432 99.034218 -42.452297 29.969071 45.900094 
0 
2 146 2748 83.127164 19.635166 
1 2128 30.054137 
3 1333 1844 2375 35.543324 -7.267935 -14.127609 
1 324 -11.059091 
5 539 1315 1396 1445 2206 -76.366501 75.903410 -12.407842 -83.495700 82.844166 
4 444 827 1069 1894 15.191354 -7.045965 -68.029877 88.525824 
5 745 1206 1909 2247 2930 -98.170802 -91.308059 -4.021765 -56.991313 72.982516 
1 1492 -51.391356 
3 342 947 2559 62.453748 -4.327417 -36.985244 
2 1045 1966 -79.483039 4.924764 
1 2839 -98.325613 
4 2114 2115 2353 2421 -50.088840 22.335730 -69.223369 -73.148907 
3 555 1633 2518 71.378065 6.373380 -95.495235 
1 2539 31.759631 
5 1051 1755 1834 2639 2807 64.792037 -30.285457 70.679536 79.567577 61.926271 
0 
3 171 1432 1439 -67.810193 -45.949580 -16.097908 
4 502 723 781 1795 87.105650 -34.732401 -73.867460 32.772527 
5 450 1080 1302 2737 2889 -1.795838 -71.108441 -87.095159 -72.695381 -84.764836 
2 727 1271 68.659609 -55.675239 
4 309 1680 1795 2909 98.581083 -59.845053 92.087101 83.306877 
1 1161 -78.311240 
3 1434 2331 2580 8.957820 40.593120 91.764871 
1 1270 16.498229 
3 755 939 2156 95.881622 -66.905515 -2.593776 
3 495 803 1928 10.218109 97.051858 71.179949 
5 434 1073 1511 1566 1717 -12.762282 -3.589371 28.523467 -49.268320 28.363817 
2 1035 2007 -25.189684 -91.366606 
2 1041 2498 -85.918776 21.220964 
4 1017 1929 1992 2256 93.851192 -1.168984 78.153067 74.792638 
2 2477 2616 -82.964525 41.165266 
1 2637 -77.661930 
5 257 995 2056 2156 2858 -15.286265 44.632406 -49.289859 32.949118 0.816521 
2 174 1425 9.706700 -95.609015 
2 2679 2903 66.074809 -94.459770 
4 876 2214 2743 2848 -34.599702 -32.831787 -12.980964 -30.963249 
2 1017 1952 -28.873208 58.963385 
3 1505 1885 2179 48.691320 65.239096 61.000927 
6 246 762 1387 1398 1747 2320 35.973545 81.772767 35.176502 -81.607331 -76.540843 92.155051 
9 74 96 945 1572 2368 2389 2399 2494 2641 49.531131 -97.430197 -21.387902 45.322247 -88.343466 15.861994 -1.743011 -72.968806 67.695179 
4 875 1671 2769 2811 83.764666 28.103454 58.899384 30.049274 
2 694 2539 97.296459 -99.977043 
1 1099 -33.484392 
1 223 50.791716 
2 817 1149 -74.697330 98.309889 
3 376 1720 2708 -27.222745 -62.670852 35.689513 
3 349 1522 1855 68.512544 -42.051889 33.701398 
1 1382 96.500534 
5 441 534 545 1527 2781 -43.177389 49.766283 -25.864396 25.290559 30.262810 
2 822 1688 -52.430674 69.669299 
0 
5 78 139 544 1134 1613 -7.804821 -58.094058 34.547723 -53.734005 -49.975774 
3 625 1107 2617 -83.604872 84.194312 -77.263391 
2 629 1018 94.651017 -23.709201 
5 313 850 1129 1441 2190 20.724199 -48.461967 86.938656 75.287736 22.380996 
1 649 -75.972177 
4 669 1221 2247 2578 -20.109117 -76.253888 46.664166 -73.823693 
4 146 1252 2642 2891 -17.408195 36.745484 36.811822 -48.468407 
4 1775 2493 2555 2897 21.680818 -18.837079 -82.016446 85.211924 
2 3 403 -34.429639 -62.142097 
2 1713 1769 80.754723 26.963852 
6 78 309 838 998 1288 2490 80.081358 -64.757115 -84.681553 -94.590734 39.947335 95.905260 
3 410 732 1195 92.927543 -35.961655 -90.686094 
5 132 760 1602 1934 2022 43.964880 78.292732 22.024591 -41.659001 -96.185396 
0 
0 
1 292 -10.796267 
4 101 409 490 1273 -20.431922 -31.151733 5.587924 8.296854 
2 1021 1185 55.286514 90.379216 
1 1549 43.032841 
4 224 987 1214 1283 -23.778916 -8.798827 -16.943328 -64.835891 
3 1066 2109 2569 -19.708946 19.913316 -13.539831 
1 1128 -9.474827 
1 697 -70.826063 
2 1176 1472 67.247321 13.018458 
3 86 1390 2761 3.033898 -17.340911 -94.934863 
2 237 2755 51.470388 65.720899 
0 
1 1135 -64.086364 
6 1221 1352 1794 2169 2427 2904 95.277932 -20.559444 -5.097573 36.516947 -64.573320 -4.809151 
6 111 389 1744 1941 2746 2786 -31.986996 0.520412 62.946408 -51.979074 -14.989238 -7.484030 
0 
3 2283 2404 2444 62.832499 -36.805532 -7.358313 
1 2480 -90.769039 
2 1516 2687 -69.428886 -16.804375 
0 
1 2548 19.880415 
5 843 886 1003 1029 2837 -36.295286 19.564567 -5.269326 -53.934163 -37.265758 
1 1247 68.880265 
2 830 1719 4.675548 -1.721869 
3 192 1492 2634 -43.795118 -53.933551 10.518240 
3 665 1030 1308 24.535731 -40.419398 13.495238 
1 2090 47.975030 
4 261 873 2399 2549 -68.641085 52.311959 14.936972 75.016253 
3 863 2474 2486 -93.301279 12.916015 -99.561110 
2 1233 2210 -51.025465 69.545762 
4 70 431 2187 2339 -31.428647 -73.558961 79.562612 -67.464614 
0 
3 1074 1276 2570 -88.190646 47.853639 -83.330658 
2 1552 1616 43.258354 88.635793 
6 173 270 393 1679 2455 2964 -40.570238 33.620751 73.111442 -43.386643 -87.077973 -30.947282 
2 358 741 78.373505 -96.317454 
4 426 1008 1443 2887 26.644035 10.858524 -9.042013 54.247031 
2 351 1638 76.607882 55.045843 
5 392 2391 2518 2703 2891 88.592583 33.499967 -77.913011 -73.589117 -59.589952 
3 1029 1741 2749 -69.428280 -76.200635 28.938710 
2 6 780 42.183842 -94.548660 
2 1204 2408 26.250725 35.688925 
3 235 1582 1613 19.468640 82.500259 2.135183 
0 
1 1689 -71.448297 
4 105 352 1992 2824 -20.745490 -58.726683 -4.946517 87.300290 
4 537 2107 2722 2900 -75.606055 -83.079118 -99.065786 -27.492456 
4 2214 2630 2666 2783 57.792169 -75.356959 2.968223 -55.403432 
4 240 1297 1510 2173 27.944208 -78.792126 -34.335931 -16.894826 
3 1648 1799 2692 -65.173886 60.113013 64.727710 
5 69 127 372 2258 2438 -34.718555 -17.008006 -29.858087 -84.599740 -29.011621 
5 317 694 836 1284 2274 3.885312 -92.655374 76.858455 -88.362848 -20.331120 
4 215 227 1679 2926 -73.481958 86.874913 6.555752 10.059860 
4 177 259 1222 2007 -60.611206 53.834497 83.119050 29.185724 
3 1013 1958 2984 68.115876 74.029269 65.061698 
3 1553 1636 1684 -14.690345 50.732070 54.456570 
1 461 4.975173 
6 740 1113 1369 1371 2832 2890 -11.130196 -58.908143 86.057020 67.992797 -88.902388 -51.114192 
3 1187 1660 1931 -10.623581 55.184381 -27.025043 
2 1773 1778 -65.099958 -34.187362 
3 1183 1882 2382 26.750586 -75.569908 -47.885841 
1 1706 30.145447 
4 355 444 1394 2485 52.649772 39.115146 -16.428022 59.824395 
3 1459 2229 2884 -20.996671 76.713838 26.774503 
5 405 583 718 1657 2917 -10.987691 -22.553456 3.877267 -79.266476 96.172367 
2 311 1886 -29.493757 8.731708 
1 2247 71.895551 
2 447 1118 73.011471 96.608380 
3 167 247 1618 92.022262 -13.921601 -77.847489 
5 128 520 1624 1666 2956 -74.545656 -61.391003 32.912385 -31.953456 14.803920 
1 2149 65.000244 
3 1703 2320 2897 2.094353 -84.556229 14.924548 
1 2588 -31.490796 
5 482 596 1393 1938 2855 -23.130962 -64.972659 -7.257192 83.933328 27.056900 
2 1238 1708 -57.995827 -68.217121 
4 779 924 1815 2269 54.893928 -85.563311 -17.723398 -99.558987 
3 1235 1274 2240 78.227018 -25.245326 25.335372 
5 174 332 368 1881 2573 1.740755 -75.609233 -29.495154 -44.291532 21.262172 
2 378 1396 66.489779 -33.870024 
2 145 263 33.756579 -90.297889 
0 
3 1379 1809 2922 -74.892816 -67.391260 -68.541334 
3 7 755 2697 -0.578069 25.280198 6.034407 
2 100 1844 -38.241607 46.644903 
5 67 515 1408 1575 2848 -99.646457 -16.897430 69.937402 6.166499 82.361663 
2 56 116 53.898163 -62.071200 
5 752 1233 1487 1777 1977 96.001500 34.925088 -16.978718 26.993830 -17.212340 
4 1022 1562 2072 2149 82.597619 -84.504585 -2.072111 -7.827338 
5 1093 1420 1795 2418 2977 -58.187466 38.676185 91.657954 91.683007 62.820194 
6 937 1230 1589 1989 2686 2709 -3.180588 87.297579 -84.902396 -25.011176 -62.142134 -89.620787 
4 156 217 663 2635 27.730392 12.835433 97.526408 71.261653 
2 705 2551 45.854515 -22.477811 
1 2082 44.496045 
3 488 1118 2064 -94.932565 50.953968 -46.723405 
1 1222 54.814064 
0 
1 185 -3.356482 
2 1845 2003 -54.093884 -67.191868 
2 1177 1349 49.221939 93.670515 
4 168 1868 2000 2459 -44.845467 42.479674 -34.342438 -60.564521 
3 975 2450 2542 -23.849706 97.617015 0.900058 
1 1583 51.461938 
2 40 43 10.228406 -86.134174 
4 376 1530 1997 2713 73.696585 -37.848716 -15.593101 -61.753364 
5 1176 1868 2093 2120 2292 -48.298545 -6.749207 47.327298 13.855530 66.387337 
3 257 1311 2828 46.593549 75.461257 72.842426 
4 163 535 2478 2786 32.104565 -40.882603 35.211844 -97.520245 
5 497 1096 1153 2170 2458 -37.210380 88.404892 -19.764831 -2.598947 94.706492 
2 134 2329 -10.910144 -98.705513 
2 1729 1988 78.863968 79.752752 
2 1118 2937 -26.300342 73.176237 
5 1191 1298 1839 2145 2797 17.662517 -70.374057 -39.722068 63.807437 11.725726 
2 490 2013 6.582149 74.140895 
4 249 986 2095 2812 -18.019797 44.049215 96.972063 -78.307364 
3 901 1265 1848 -57.616808 32.354845 -9.944468 
3 210 1544 2781 85.909515 0.944678 28.735344 
1 72 21.663288 
1 1725 83.298641 
3 1193 1989 2014 -47.567649 41.420995 29.800108 
2 57 199 -83.544180 -85.075429 
2 1727 2117 -46.770622 -7.039544 
4 412 643 912 2441 -12.718634 34.451884 43.808282 -73.009885 
2 116 441 69.788263 -79.181981 
1 1957 -40.069424 
2 463 1711 65.252951 -40.087199 
4 391 1081 1126 2807 4.739271 -36.127206 -47.064206 28.867155 
3 779 871 2239 -97.784367 63.981939 88.731095 
1 537 62.212467 
0 
1 1746 -24.788302 
0 
1 1233 -83.680038 
4 1293 2029 2441 2845 81.858449 87.482194 30.332891 2.460816 
3 737 1574 2860 43.193215 -60.979804 96.566384 
5 132 852 2019 2247 2745 10.042530 -55.352023 -54.646581 23.442851 66.577485 
6 176 250 1424 1600 1875 2528 -37.106494 44.786214 -54.621899 -8.663865 -89.437081 90.514048 
1 1068 -47.642393 
8 917 948 1280 1551 1783 1816 2035 2719 -37.506996 -35.289443 13.478920 41.540582 21.421569 -41.627217 96.378005 -45.245387 
2 1319 2564 -72.439271 -55.710662 
3 1690 1855 2464 3.019247 -47.292200 -56.971645 
2 1713 2635 51.073862 35.749211 
4 325 1006 1266 1616 -51.149911 -95.438628 -26.280159 37.773593 
1 1688 -67.403858 
5 1068 1385 1956 2059 2681 40.653245 -68.780360 15.190526 -46.838946 87.529439 
1 605 -43.489860 
3 1095 1539 2924 -40.949881 52.131577 8.525717 
4 721 2225 2425 2489 60.163176 -50.227899 87.307889 64.087246 
1 647 94.644503 
3 909 2691 2939 -21.604335 -47.352643 68.928386 
3 1900 2324 2922 34.321583 -65.199510 95.943620 
3 638 1693 2129 -61.528755 45.377248 89.833301 
4 176 485 526 2172 -11.502728 63.807429 -70.755229 54.505175 
3 154 1794 2653 -89.678261 -9.690470 -45.696081 
1 2344 -82.376024 
3 1898 1989 2305 -89.559658 -38.029469 44.979702 
2 867 2974 -84.915339 -47.958063 
3 349 2071 2732 -27.228928 41.307495 -96.277002 
2 158 1054 2.419720 -27.089160 
2 653 1477 18.409890 12.835258 
4 190 1472 1601 2808 -12.375594 42.128109 74.387641 65.067511 
1 2671 -50.804298 
4 479 1444 1727 2736 -12.771355 5.268038 35.872109 69.366865 
2 858 1379 39.778764 28.892728 
1 183 68.133125 
2 1669 2174 45.342360 -47.796063 
1 2182 35.749174 
5 371 913 1268 2004 2780 -25.119089 -40.921765 67.162410 -76.735514 23.182216 
2 1974 2834 40.966105 -27.189208 
3 850 1954 2785 8.201783 99.794800 -11.160314 
2 1680 2439 -88.566650 -95.644052 
1 13 29.151679 
4 139 2245 2459 2805 96.878026 -93.988853 76.258244 31.904715 
6 490 534 940 1299 2347 2595 10.386665 32.286602 79.157320 -23.872706 -13.178574 -35.842217 
2 1044 2015 -86.993058 -71.143801 
1 2275 92.692205 
2 2314 2970 48.257940 38.354679 
3 805 1821 1859 -20.807120 -91.174523 -49.638037 
3 1372 2198 2246 21.848127 -45.102203 41.058494 
3 358 907 2004 77.168221 -36.788017 -57.356015 
5 468 698 2039 2411 2740 88.634117 -0.538137 -52.158952 12.523709 61.205499 
5 1100 1457 1557 2139 2901 -25.425575 -94.500021 55.028438 -22.358667 94.840320 
2 2316 2961 -31.686544 66.753327 
5 56 1545 1583 1973 2551 89.437725 -28.636613 -95.918400 99.653413 -19.435277 
5 607 1790 1927 1995 2564 72.332489 -88.649333 77.868325 84.882874 28.867622 
3 121 1203 1350 24.397028 84.876702 78.438511 
3 325 957 1909 -17.809904 50.717884 58.939167 
3 513 1248 2422 91.392606 -80.846826 -40.768656 
4 1273 1584 1698 2054 -61.483028 6.030275 -65.981209 63.016810 
2 1070 1681 -3.214483 -65.010880 
2 1633 2165 -47.866948 -6.015732 
3 344 787 2514 -54.773737 64.849961 54.275117 
1 2486 78.754868 
3 634 780 1187 39.195848 58.897139 62.175238 
3 110 255 2071 -16.581522 -37.663387 -42.674646 
1 465 -57.946269 
5 1295 1340 2227 2353 2609 -12.294810 43.874947 13.545708 -75.305370 -51.383012 
3 748 1131 1283 -64.744895 -37.299988 12.989933 
5 213 1569 2317 2397 2610 11.217791 34.073853 -16.736631 20.314356 -27.000454 
1 732 -67.782636 
3 58 1311 1612 22.447387 10.171945 -89.796281 
4 1026 1282 1997 2996 46.851724 -9.062171 27.488728 -59.010467 
4 993 2029 2116 2484 -68.921408 -76.896300 -53.360732 28.067581 
0 
2 1177 2845 -62.968950 -10.389208 
0 
1 2826 87.667051 
4 48 1339 1377 2037 27.103067 -56.897838 17.374599 86.574997 
1 2188 -40.512606 
1 757 9.577613 
3 193 491 2752 -48.637958 78.066378 35.540142 
2 345 2385 -8.300453 98.200273 
3 1679 1703 2586 60.622116 -97.326497 92.566257 
3 150 741 1305 85.668314 -90.934210 36.072828 
2 706 1220 -25.196942 -91.242504 
1 1264 45.337204 
5 48 233 721 926 1732 45.273674 62.096377 28.189389 -14.534337 -86.621452 
1 1383 -68.749691 
3 28 285 2069 48.214027 -96.241617 74.211677 
5 221 575 596 1781 2435 -8.731109 -6.856594 30.321279 -53.557675 -35.824610 
1 2892 18.802633 
4 1848 2118 2532 2843 52.268698 87.273998 -5.877242 8.093666 
2 36 1300 93.282231 -81.056057 
2 293 319 68.819989 -7.512273 
3 586 807 2934 4.538860 -47.610353 13.543931 
6 7 1394 1587 1675 1759 2974 -55.079193 11.522440 54.041695 -42.940101 27.881365 43.682480 
0 
5 1416 1803 2330 2403 2901 -24.719491 -83.345645 69.060549 -62.264763 70.081589 
4 883 1026 2271 2453 -30.099656 2.624208 65.409926 34.003280 
4 928 1867 1991 2050 -96.208930 -71.734875 -29.264577 -43.276527 
2 1141 2669 55.071623 -14.074747 
2 824 952 85.586915 77.828015 
5 650 775 1055 1737 1782 -10.223332 77.088165 -98.545597 35.785174 -50.219751 
4 1009 1046 1261 2683 -2.854061 11.305356 -14.875503 -10.890476 
4 234 1678 1823 2276 -30.104903 -47.248273 23.438931 -14.993240 
6 642 762 1896 2237 2537 2914 -25.739865 -67.505947 78.105649 6.814242 4.498728 -50.425655 
4 1642 1662 2050 2703 75.554923 28.668289 37.271947 -11.272464 
1 1690 -79.901214 
2 329 1134 -23.458517 -8.310904 
2 1230 2926 1.493685 55.995595 
0 
7 578 897 1267 1665 1686 2459 2523 3.859537 -74.792938 -44.911441 -60.499331 96.844066 76.613327 -81.324574 
7 105 212 214 234 784 2629 2939 92.593950 -9.543339 -50.873516 -25.002900 46.442881 69.750462 91.975637 
2 285 1939 -75.054833 -40.976001 
5 865 924 1840 2469 2793 1.610411 -96.861024 27.176794 -39.066978 -86.968568 
4 1648 2274 2311 2836 -75.506988 -16.297078 -24.995906 77.202659 
0 
4 1728 1769 1884 2465 -72.996626 -84.980137 79.871924 10.195028 
3 611 993 2726 25.585968 5.074209 -89.625391 
1 2535 91.735352 
4 1253 1697 2029 2675 7.572621 78.821203 19.072543 -60.757590 
1 1566 -76.122635 
3 171 814 2620 33.179457 -89.638714 -10.017054 
2 447 2630 65.858070 32.533765 
4 142 1213 2521 2744 -0.920694 -1.318469 93.284667 43.694848 
2 2297 2621 -67.614980 -38.335486 
4 244 786 904 1290 -40.388688 -15.218513 -74.956496 41.248959 
4 694 1167 1722 2274 59.928076 -22.788168 -95.677381 -46.649309 
2 590 1219 -51.401532 -42.630438 
3 1898 1999 2843 65.267799 -84.836480 -90.239950 
3 1055 1704 2527 -2.582754 49.254296 89.729787 
4 517 2067 2587 2731 -80.376351 -96.133657 -84.525816 -19.622279 
1 26 -70.957134 
3 82 184 2039 29.518510 -84.077264 -7.852016 
3 551 1577 1736 48.046139 67.288507 -58.971193 
5 450 1405 1909 2259 2448 33.406411 -55.151793 44.639712 75.461149 -43.611493 
3 549 655 847 -71.106395 -11.291503 -21.263814 
1 2872 -63.710214 
2 98 1290 45.301247 -28.691313 
4 682 944 1038 1718 32.768625 -20.444322 73.172214 -36.178926 
4 104 1856 2655 2841 -9.073359 50.626976 -10.337419 13.479030 
6 116 1435 1951 2204 2265 2999 16.206280 -23.396909 -94.294630 -42.099132 36.269850 10.877778 
3 1134 1596 1600 34.618178 69.724026 -53.085684 
5 662 865 889 2031 2777 17.477428 57.419759 -12.366761 60.658823 -73.753116 
0 
1 2222 -44.368652 
6 145 152 258 2274 2351 2899 73.424667 -13.221860 36.103184 68.884090 42.633591 -36.862499 
1 2494 -23.198526 
5 431 781 1832 2492 2566 -3.241462 -81.879451 -57.510309 -76.082150 81.539197 
4 745 1426 1747 1980 55.147766 -12.619655 -45.397650 -49.829686 
3 2094 2345 2490 0.866218 -54.746554 -59.936616 
3 760 2682 2995 -74.195249 -77.111337 -68.437310 
3 1119 1135 2841 78.890453 92.666349 47.202886 
2 797 2157 47.876637 -70.087720 
4 433 1135 1285 1810 35.351739 -70.919626 77.905747 -0.239135 
3 2327 2454 2475 4.633029 -34.933086 35.177957 
6 443 1012 1439 1581 1993 2289 -71.789589 -15.661743 -79.855040 -75.697822 37.403023 25.004945 
2 848 2952 73.106584 -38.228880 
2 2626 2941 -11.870834 -15.389610 
6 396 509 1018 1208 2284 2605 64.953519 20.055371 -6.567525 -55.543222 99.878705 96.968420 
5 982 1383 1921 2444 2838 -90.196254 88.817342 67.699203 59.464263 58.202333 
1 1717 -85.820849 
3 334 1548 2633 28.716066 60.781151 -80.414331 
3 572 740 2447 7.370518 4.503101 -75.760304 
3 2188 2297 2618 22.062782 57.864029 67.306652 
8 223 431 840 1209 1284 1620 2659 2701 -81.227795 -32.517542 -73.779118 26.335566 -26.499077 -83.927713 0.063799 85.635307 
1 1989 -61.398363 
4 178 774 1514 2214 -46.374122 -4.370285 -26.692707 71.956924 
2 2801 2805 -96.778206 61.393031 
2 744 1584 76.725138 61.498514 
0 
2 297 350 -81.936295 -34.856975 
4 1340 2213 2581 2752 9.007512 -15.431308 66.794901 -51.940078 
6 1326 1633 1819 1970 2207 2391 66.677889 -84.588674 -59.011841 -91.532506 28.916081 14.646866 
4 285 534 559 845 29.593003 -98.729206 -32.700201 -51.002928 
2 2663 2873 58.683492 -78.939375 
5 7 927 1616 2777 2801 52.125670 65.910121 65.913693 -74.122720 -60.252197 
2 2161 2323 -13.642946 81.154240 
2 1653 2390 -72.852462 -42.149387 
1 1403 27.207144 
3 403 1759 2298 -69.437423 -64.146027 -95.322416 
2 563 748 -63.873389 23.178381 
3 226 841 2672 59.737756 -0.854423 -62.936890 
3 373 2118 2693 -41.117352 30.777425 26.863347 
0 
2 1176 1237 -30.039800 -17.144679 
6 213 1131 1177 1316 2660 2683 77.513596 -60.889651 16.132644 5.663876 -88.538975 -16.915625 
1 2475 -37.817646 
3 642 2273 2705 74.868318 -47.593964 -13.299934 
3 31 482 1332 22.616639 -16.577882 -78.456591 
4 2085 2284 2598 2949 -32.594218 54.745269 -52.783936 -41.148069 
3 888 1628 2077 -30.989032 -64.444268 -46.233270 
5 131 293 1077 2248 2455 98.672197 -60.990473 32.006120 68.849757 65.424371 
3 26 2112 2864 20.611054 24.530380 -5.016633 
3 901 2032 2951 64.048314 -63.231901 66.086543 
4 125 1166 2125 2401 23.655413 -13.642080 44.651363 -4.811256 
1 2825 99.633872 
3 348 2049 2186 -66.429575 71.781320 97.908223 
1 104 -92.465941 
5 79 494 1174 2557 2854 -96.094547 83.910379 87.172485 -85.831771 59.214490 
4 759 1885 2207 2629 77.033087 -99.971691 7.103946 96.148658 
3 317 1401 1472 -94.950057 -56.867103 -50.551972 
3 610 2087 2347 -74.202483 5.753470 -93.756900 
3 781 1576 1640 85.422840 11.741379 -71.021958 
5 114 157 1096 2031 2518 -71.676515 -1.220266 -97.201105 69.396967 69.597784 
4 269 432 1716 2978 95.549124 -52.967065 -46.658510 33.330094 
2 599 1913 -77.543061 -36.210848 
2 158 2737 -90.954537 -34.963050 
2 1864 2448 64.006874 -54.406017 
2 81 2446 -40.200405 -83.140780 
2 83 2580 -89.262622 -53.708948 
7 131 526 1328 1695 2325 2538 2573 -75.383215 7.793039 29.385093 73.362319 71.671644 -84.637399 87.464710 
2 2035 2527 2.218200 -0.502203 
2 1044 1168 -49.662980 49.631981 
4 71 588 824 2383 95.776208 51.252778 94.839931 7.003613 
3 1497 1530 2341 -48.334403 74.478315 -31.983789 
1 2613 -79.538936 
4 912 1820 2609 2848 32.631419 -63.366375 33.147928 -41.126573 
3 1535 2317 2927 -52.399938 -38.704805 73.811159 
4 172 2516 2569 2572 96.862081 67.731379 65.183857 16.168329 
3 278 2857 2934 -24.821138 94.354443 -16.326822 
1 838 -93.605192 
8 227 667 849 1226 1572 2168 2519 2842 -43.449983 -99.455256 48.011751 81.680166 -89.005639 -11.277836 -7.504511 92.323761 
5 165 865 1085 1645 1778 3.027918 98.388019 -66.371618 23.642933 -20.771339 
3 367 416 1355 66.625070 26.700760 -82.247763 
2 1108 2204 -68.047087 50.885776 
6 306 547 1028 1503 1721 2654 -46.152801 -78.644996 22.610904 46.861580 -94.829787 -39.818365 
2 1180 1452 75.215587 -14.564052 
6 112 725 782 1741 2106 2351 20.276776 -67.155651 64.784255 16.325527 -83.106385 94.784311 
2 1560 2794 5.040803 -73.807298 
4 1053 1548 2201 2492 47.189563 36.733593 78.340530 -97.078616 
0 
4 20 258 1063 1447 -31.077046 0.007332 -15.756411 34.899217 
2 898 2977 -2.211811 -58.397623 
0 
3 1275 1862 2932 -21.499285 -85.020287 54.610126 
2 11 1221 53.153773 -81.669365 
4 267 1404 2300 2670 -66.042179 80.021024 36.990317 88.151526 
1 2621 -55.419324 
5 39 400 417 559 689 59.656771 23.875129 18.735435 -97.827126 48.666286 
3 1483 2629 2733 -79.522060 15.333066 -39.930634 
2 772 2107 63.325868 99.911770 
2 460 1349 25.410986 -53.410717 
4 574 1101 2264 2981 62.043158 -31.839948 22.606431 46.077957 
2 1027 2194 -90.169602 -2.082124 
4 921 1469 2540 2878 -77.487784 46.388842 99.954331 50.807481 
1 2341 29.950696 
6 742 1049 1137 1525 1838 2053 -49.077863 77.561419 -32.603861 15.865621 -82.639820 -55.160717 
2 584 2200 97.696809 57.464226 
5 512 955 2080 2226 2510 -2.718866 21.929971 51.171618 32.473616 54.728630 
2 2359 2684 -69.294340 33.550114 
3 284 1258 2668 95.764560 -48.181527 2.914610 
5 201 297 1219 2019 2049 57.646923 -95.143288 -67.656773 -34.477627 -63.565434 
1 1566 -9.609968 
5 116 189 2432 2521 2830 83.185731 13.888988 3.769100 -90.526710 51.097526 
5 834 2039 2229 2501 2676 73.647463 -46.187153 57.476681 23.580524 -21.929090 
2 1038 1360 58.037421 -36.035529 
3 738 1635 2858 73.171314 -41.599406 -54.905705 
0 
2 263 2264 24.942699 89.087258 
2 1800 2084 -37.770496 13.541740 
5 818 1727 2042 2323 2817 69.135278 -28.935559 5.544052 -63.628666 -26.548886 
3 38 1331 2484 64.475510 -66.806439 1.740112 
3 490 927 1812 -45.602968 -86.802447 89.952968 
2 408 1327 38.631257 -50.851595 
3 1318 1442 2729 41.495423 75.866555 87.324155 
3 301 331 2751 33.084746 28.501329 -31.207340 
0 
1 415 -63.390297 
1 1463 59.757980 
2 451 945 47.718808 18.867405 
1 874 43.663912 
10 38 645 763 1571 1957 2064 2133 2320 2440 2639 30.817989 -55.050478 78.410959 -86.272332 -77.314472 80.180665 63.534563 -51.767629 31.878652 -26.272850 
4 930 2208 2246 2747 -72.189161 28.826429 -83.261535 74.466098 
4 756 1569 2287 2297 23.889998 -20.585902 -60.052330 87.186905 
7 401 500 1016 1556 2212 2746 2934 -24.363624 5.341455 48.950630 52.895976 70.786833 6.307418 -40.707548 
3 1120 1452 1627 21.047643 -74.286874 -47.386853 
1 2579 -36.572125 
3 320 2617 2950 84.767364 -24.099155 18.712644 
1 219 56.746222 
1 155 -56.880792 
6 458 1205 1454 2269 2481 2765 -47.377526 39.396922 -58.300412 56.083862 74.433322 56.097514 
3 150 612 2073 32.347353 30.763522 35.898971 
2 1590 2078 -90.871624 -59.170883 
3 1318 1363 1741 50.616459 69.642755 60.323551 
2 1310 2556 92.874886 -36.022017 
3 149 1535 1959 19.702926 -73.624870 11.536424 
1 2252 34.403257 
2 747 2228 66.856546 -79.441440 
4 303 417 532 1322 -51.980587 9.454200 -67.732470 -90.755156 
4 99 1578 2256 2646 62.528307 51.063723 -21.483189 67.733823 
4 559 1153 2628 2689 61.456660 10.109536 29.955975 -88.692107 
5 170 679 1548 1913 1979 44.593758 93.904261 -13.288064 -56.948988 -99.430247 
3 572 1701 2275 64.248416 -3.029102 7.560766 
0 
5 768 854 1796 1857 2689 25.944635 -95.035674 81.461046 -38.830092 78.313401 
0 
5 6 180 1470 1890 2637 42.429439 16.554240 9.336782 -11.740606 70.141891 
2 963 2118 -19.759571 -57.742525 
2 1378 1679 -2.153130 31.309917 
5 324 680 1434 1945 2941 -90.975001 -76.029591 77.128180 92.098919 -41.372342 
1 414 42.162859 
7 546 659 1200 1771 2132 2398 2646 -50.820421 37.539559 -41.446896 -20.643918 48.666293 -80.993155 91.174944 
3 586 1380 2394 85.015940 -64.043267 -43.279458 
4 44 197 885 1464 40.257747 66.925347 -97.277068 27.101865 
0 
1 833 93.466690 
3 860 1728 1754 -58.718095 72.081383 -54.650981 
1 323 -73.208716 
3 16 132 2395 -85.748694 -1.783875 -10.288729 
2 1725 2416 -63.040089 38.776755 
3 724 1214 2910 83.841840 63.774069 10.207963 
3 1091 1123 2742 -0.635512 26.099166 14.725618 
2 1971 2449 27.909163 94.008214 
2 311 974 -11.147675 69.324308 
9 214 358 753 873 1170 1402 1538 2312 2950 -17.904179 14.142032 -53.017587 -90.521636 -21.765546 -93.272790 -90.385325 47.126804 40.719783 
4 1291 1788 2098 2152 -43.903373 -57.797339 28.133171 -85.869284 
4 309 677 2266 2695 91.343616 -40.559495 -25.092359 -93.303210 
6 469 505 1253 1527 1749 2176 -87.082848 -78.723302 40.686606 1.915589 97.068100 -72.104431 
3 1482 2207 2774 -52.012221 -55.909311 90.308514 
2 689 2956 -8.215300 -4.844563 
4 274 433 805 1758 -48.975464 -82.999244 -96.906554 -30.793973 
2 225 2128 -29.337520 -51.983019 
5 625 821 1544 1731 2878 -18.498092 -27.103337 -65.202677 -58.993122 59.553908 
2 1462 2539 -20.882196 48.541429 
2 697 1264 7.206565 75.575398 
2 1817 2098 21.876026 -71.663519 
1 1222 -14.993590 
3 3 1300 1648 -16.210969 60.641725 63.301135 
4 117 1618 2316 2787 -47.693689 -34.172371 -23.639580 47.425964 
4 192 272 656 1694 -82.909570 -72.270183 10.366027 22.297532 
6 105 1675 2008 2069 2455 2563 59.803975 40.679238 14.478382 -75.143691 -80.711688 9.105271 
5 606 1126 1348 2021 2375 26.791693 -40.381573 54.762367 56.643301 -9.244234 
1 2034 17.914873 
3 1263 1467 1506 -34.474917 -6.858199 5.418357 
0 
4 57 1233 1245 2043 83.284185 53.581344 7.138999 -99.390781 
5 829 935 1167 2835 2878 99.156013 94.241518 2.518724 -32.450061 35.824941 
2 693 2024 85.505075 81.734062 
1 1742 80.691614 
4 50 1300 1560 2814 46.490628 43.499248 21.995371 -12.126268 
1 1966 11.818360 
2 1935 2609 34.374901 13.400966 
1 2383 -77.336099 
2 684 810 -87.644921 -79.648467 
5 60 1098 1159 2507 2843 -93.714808 -78.010096 -65.005968 -60.041652 47.916687 
4 76 861 1172 2023 -12.437174 -37.090228 97.637493 98.462850 
1 818 90.749877 
3 2397 2511 2740 -32.443658 -13.972534 -42.238326 
2 341 2464 23.238758 -76.484568 
1 1493 -80.101265 
1 2798 -15.221711 
5 156 1879 2156 2193 2693 -90.205717 -41.538687 45.143586 -98.451805 -61.602722 
2 2479 2539 45.010610 81.650572 
4 623 1435 2477 2507 35.106166 35.038155 -76.089481 -20.289540 
2 196 1844 -70.222651 85.720890 
9 598 928 1315 1770 1801 1910 2203 2603 2647 81.132703 91.515595 72.308851 21.499859 90.964893 29.360448 10.296992 96.921359 -33.385384 
2 418 1625 -84.922159 -94.075077 
5 613 1210 1353 1491 1999 61.158887 79.451935 -35.674113 63.975001 -51.559064 
7 57 678 752 2022 2192 2262 2342 -0.182943 25.072986 92.675589 -0.202273 12.117686 65.294775 -14.683798 
3 873 1315 2465 -0.205550 -80.764275 -37.756474 
4 524 653 1793 2330 -71.560584 62.142099 66.593826 61.303713 
0 
2 633 2700 36.814967 30.904093 
2 1555 2423 -69.090900 46.439431 
0 
4 33 181 205 2749 12.054960 29.824456 -92.341799 -29.163346 
0 
0 
5 245 1327 1343 1368 2988 35.216114 68.041355 14.505913 22.649968 -45.523147 
5 287 1255 1660 2475 2661 68.523998 -64.017136 -23.884372 66.825038 -76.826041 
0 
3 310 1828 1848 -95.979453 -42.043498 -27.450028 
5 195 492 825 871 1135 -82.809155 93.266896 -17.361630 -93.993547 -49.852112 
2 1935 2463 -49.749468 92.984397 
1 1713 17.512278 
2 815 2520 92.162103 0.946754 
4 1433 1910 2164 2313 27.418323 69.334346 -89.633552 -89.835891 
3 485 2199 2425 -25.212012 6.533689 89.124538 
3 510 883 1850 -92.541446 -24.709137 -12.438188 
4 62 1962 2104 2583 -83.175446 89.965800 29.460717 -27.117031 
5 48 92 1351 1384 2119 44.213839 -13.013911 44.420284 -91.482371 -9.222984 
2 2181 2929 71.017894 -51.393289 
1 1266 -68.906143 
1 1569 -68.735444 
2 2309 2829 23.170463 -24.278488 
7 10 1063 1991 2305 2496 2752 2905 -31.653446 75.909810 -1.730816 -85.575911 35.453843 27.969605 -11.224066 
5 68 150 514 1220 2744 74.524639 24.432151 -91.125690 79.873075 -32.365556 
2 2393 2450 -46.375440 -90.074530 
2 1720 2016 -83.551270 14.461219 
3 1491 1598 2994 -2.365647 -67.208804 27.609583 
3 1157 2537 2812 -71.738422 74.098948 -20.894908 
1 1501 -15.977033 
2 604 1634 -44.454118 99.858380 
0 
2 578 939 -73.039163 -7.097886 
2 1969 2612 -30.433516 86.111670 
3 104 673 926 -19.843936 -39.358138 -54.755157 
2 69 1193 -86.818339 61.976737 
1 2218 53.465969 
3 301 1104 1946 -3.262401 86.324912 4.403052 
2 741 2415 24.131824 74.436028 
4 191 1127 2151 2345 48.704597 -49.971865 -10.124414 -53.620633 
0 
5 609 906 1622 2013 2113 88.103279 61.797830 -55.755636 73.808756 77.663539 
5 759 951 1772 2546 2587 -2.075337 10.865332 33.986562 -92.171333 30.236695 
3 1997 2292 2728 94.428303 32.104480 38.748119 
2 1796 1909 -56.551370 49.006502 
1 1432 -32.808893 
3 2082 2127 2671 67.482924 24.189061 19.100214 
4 262 809 1421 2899 76.238712 -90.042726 -67.998269 -36.170800 
6 958 989 1396 1646 1960 2995 97.618223 18.118531 -74.499520 60.481104 67.552303 -73.159434 
1 2447 -98.412307 
3 1201 1493 2029 -46.976527 -58.960749 0.225559 
6 897 1039 1844 2033 2494 2925 79.155993 -93.484528 -2.272233 -28.505701 -28.592605 -37.277385 
6 1041 1501 1774 2324 2352 2588 -89.233524 16.146612 63.002091 -66.216442 -60.976134 14.007716 
2 1622 1946 -32.488835 17.140581 
3 248 572 1557 -24.280988 -5.445170 -79.152582 
1 1507 11.490751 
4 187 1437 1446 2508 99.491106 3.156251 70.248607 -97.977484 
1 449 -84.636660 
3 1976 2484 2795 -36.804170 71.412611 -42.121086 
3 126 566 746 -13.339584 -9.874782 -53.395366 
4 1392 1481 1716 2441 -69.478599 -96.241101 11.645564 53.103305 
1 1207 -46.404022 
1 1503 -55.312794 
5 9 691 1031 1584 1734 -99.962895 -92.139568 6.307624 4.515638 -62.474949 
2 1561 2373 -88.711781 33.361552 
1 1525 12.881720 
4 428 586 1448 2882 53.506801 -11.633273 -31.642806 -31.033694 
2 846 2719 42.310663 17.592928 
7 679 865 1136 1587 1829 2404 2717 -39.777503 81.372767 -56.841261 23.011174 85.355549 -67.834561 82.203199 
5 331 413 760 1161 2917 -14.709082 -79.179243 -76.754367 -94.426226 42.829429 
0 
4 1536 2225 2278 2865 94.898429 -46.880029 55.749859 -22.924354 
1 373 96.987014 
2 464 842 -25.832678 -66.372091 
2 354 2175 3.014423 72.165392 
2 137 1275 64.891877 -32.814274 
4 295 723 1578 1646 19.054032 -63.166135 70.161835 -23.430466 
2 1006 2608 9.493774 88.575302 
2 3 894 35.642633 24.317784 
4 742 1498 2111 2544 80.488306 -63.941817 -27.059072 -24.818933 
3 466 1545 2947 11.985387 59.322612 88.606617 
1 702 -8.202994 
2 1967 2559 -26.177346 -46.712479 
2 941 1422 57.601473 0.101075 
4 141 420 1166 1477 91.495327 -45.796157 -78.645399 -9.909381 
2 831 1477 -55.991268 -76.790899 
1 2205 -74.599300 
4 308 800 1561 1668 83.509520 70.673141 12.948980 60.693223 
4 162 208 305 2393 -13.130589 54.435243 32.182787 -42.686655 
2 2147 2444 88.878606 60.458062 
2 2187 2848 -78.152997 12.574832 
5 579 726 819 1484 1978 63.644244 -96.621046 48.737076 -67.206452 -21.764681 
1 1090 73.458507 
1 1500 50.226882 
5 1205 1652 2022 2819 2822 -92.730935 26.063755 -49.750297 86.520502 53.778286 
4 392 1547 1896 1927 12.666136 10.714209 35.824126 -14.020307 
3 702 879 2121 78.827915 21.563860 -51.334097 
3 145 874 2010 84.133157 61.330377 -26.885111 
2 653 1339 -97.764477 24.853327 
1 1779 85.041873 
2 1916 2507 -61.162608 -26.641515 
5 142 188 637 2301 2619 -4.202663 96.787247 -72.999820 38.507154 70.425162 
0 
2 2685 2974 82.666161 55.422147 
4 1215 1374 2243 2452 -4.957033 -44.040107 -73.937165 39.271886 
1 2739 6.288980 
3 548 1577 2090 33.532053 46.035181 30.807357 
3 12 674 2275 -93.891712 63.316717 -5.484874 
2 1665 2103 28.485178 86.758882 
1 1958 58.723252 
4 721 1587 1671 2921 27.951179 -96.623496 -77.631032 -19.738025 
3 488 868 2980 -31.801782 34.748012 -10.258382 
5 376 1724 1833 2091 2683 40.362357 -39.040245 -68.946720 -66.270208 99.008288 
1 2963 -72.087371 
3 846 1585 2366 48.891832 -12.088334 63.518135 
2 2249 2567 83.763262 87.287620 
6 409 806 1341 2435 2620 2899 74.397733 23.282780 66.901399 -80.740170 -49.345254 -29.763992 
8 912 1375 1494 1552 2525 2751 2793 2886 -61.465965 48.453617 41.615904 58.426533 -52.504424 -46.099377 5.806727 82.632006 
6 126 336 529 1207 1927 2955 40.234900 -99.911224 -41.900837 -34.977201 -45.920777 -40.849193 
1 303 -35.950358 
2 486 2352 50.587836 28.019944 
1 1399 -4.036242 
2 2726 2974 92.038739 78.417923 
2 592 1121 -10.973420 -37.025516 
5 92 1056 1436 1880 2333 88.688962 -18.896099 -78.748845 -70.321952 20.029701 
1 2836 73.731182 
4 28 1031 1034 1922 75.501853 83.509921 90.102158 13.957573 
1 1989 70.756227 
2 1676 1829 26.304017 74.726909 
3 163 1055 2555 -59.027215 33.634412 73.379524 
2 418 720 78.933633 -74.557862 
5 756 953 2166 2501 2683 -39.080043 -18.892326 -30.775787 2.484918 1.849638 
3 1208 2227 2318 -26.693402 24.377152 -76.047754 
3 13 1974 2546 -75.878904 7.960175 -73.565275 
2 50 2949 1.217457 -42.298006 
2 513 2289 -84.086714 -49.234065 
1 1447 -12.209209 
3 856 1913 2987 91.301212 -30.478915 -6.404898 
3 1228 1437 1707 85.065242 38.395055 86.237428 
1 632 -71.392523 
1 448 -80.957151 
1 546 53.590572 
0 
3 1851 2125 2558 46.302106 68.880322 62.793287 
2 897 2310 88.227292 -67.579405 
3 461 917 2277 49.594477 24.089432 72.623123 
4 1416 1807 2102 2119 96.674322 -73.109786 19.255000 -56.707175 
4 818 957 1771 1884 -99.532925 53.889232 57.437490 69.472966 
1 759 -76.421021 
1 1463 -32.438605 
1 977 56.714633 
6 182 898 1272 1429 2224 2699 -52.029393 -70.520290 68.322525 -60.052480 -55.600084 8.656734 
2 328 861 -93.598179 -75.934904 
2 634 889 -50.020709 -65.043719 
1 2694 -24.344337 
4 930 1122 2438 2533 -62.608925 95.542630 -7.344516 -83.206569 
1 1752 71.075348 
2 1816 2506 39.128149 -29.559373 
0 
3 2164 2391 2565 -50.274731 24.386498 -20.682100 
4 383 1781 2364 2893 21.565769 -36.239107 57.092159 -99.776123 
5 1318 1605 1641 2054 2690 14.813298 32.321413 78.303587 -82.586329 12.257426 
2 672 1556 -29.138078 -20.526735 
3 161 1721 2848 70.717500 -71.294471 -18.661968 
4 585 1076 2274 2723 67.615936 -16.750862 22.935885 94.484080 
2 66 1911 47.187035 61.815764 
0 
4 132 647 656 778 -16.956323 8.307669 -91.675428 -83.154250 
2 205 1096 0.317184 38.274494 
3 717 851 2139 -2.798188 65.153054 35.285136 
4 221 385 799 2241 -16.197527 60.547450 -70.432858 0.087670 
2 693 2892 -41.911498 -77.404426 
1 1767 -46.034253 
3 394 429 2428 3.997367 22.925925 -67.089606 
1 1712 34.655260 
4 15 17 521 556 87.902945 72.841908 15.938723 90.763393 
5 179 1419 1712 2087 2617 15.499330 -46.924479 20.335354 -90.942660 -58.501674 
1 26 -46.567695 
5 416 1803 1815 2365 2594 30.726790 35.021681 43.486106 63.056424 -31.033550 
6 156 534 1058 2352 2410 2449 35.663554 -15.936029 25.345493 61.364313 80.032484 -58.164397 
5 541 700 1095 1693 2989 53.442709 51.306383 -62.064514 -37.027696 -6.902385 
1 982 71.953313 
3 612 916 1546 5.740404 27.762043 -15.319070 
6 132 1305 1375 1910 2570 2864 -39.226236 62.232838 -15.521751 13.475412 86.988255 50.901688 
2 286 538 84.302530 -1.902160 
3 2481 2786 2944 31.971313 -72.377431 -16.650486 
2 183 1769 19.081672 -29.313505 
4 163 332 1094 1630 -48.227949 61.879070 -61.224651 -4.408962 
4 910 2331 2937 2944 -10.823363 -31.339231 -98.715033 98.910288 
3 18 71 694 -6.514115 12.055206 78.698185 
3 445 689 2191 69.457087 -75.016299 -26.486390 
6 822 1164 1201 1733 2365 2753 42.558522 34.187306 -35.857411 62.012640 -55.011045 -74.809197 
0 
3 439 2343 2821 61.198415 33.045796 94.547381 
4 504 718 1942 2550 89.911013 -4.980047 40.520264 -95.158492 
3 1285 1510 1651 64.421352 50.748938 -0.076343 
4 1199 1338 1675 2037 -95.087596 -29.322520 -3.109616 12.756196 
2 110 690 74.779161 52.349707 
2 1693 2558 -33.496001 -62.848217 
3 994 1346 2995 47.902940 55.812157 78.273789 
4 376 1386 1523 2276 -83.923248 46.231382 -0.142916 -95.138664 
3 392 631 2164 33.165219 -76.645575 -59.566933 
3 919 1286 2414 -29.991060 -15.927519 -60.453633 
6 251 528 1428 1798 2317 2928 91.164425 19.359668 94.939729 -50.206843 -25.936037 -16.008485 
2 1901 2072 57.214907 -18.521365 
5 469 484 1416 2102 2722 -27.549086 50.912496 -11.689831 43.036557 72.116731 
1 2851 -31.989414 
4 321 408 1274 1750 77.229723 -45.369658 -38.061902 19.428349 
2 46 2624 73.956597 1.775169 
5 461 1730 1786 2449 2507 95.551453 26.636170 -77.548190 -75.093308 88.089833 
5 393 962 1354 1875 2971 7.810311 32.966432 46.958299 -79.744229 71.422873 
2 302 1165 63.680902 88.866491 
2 1328 2210 -29.595583 -95.308396 
4 709 1210 2101 2996 -32.670848 42.918252 -41.118035 -41.284720 
3 860 1718 1808 87.142289 -64.575137 72.814956 
3 290 1772 1896 -66.759149 95.960437 47.200899 
5 32 414 2372 2608 2839 -21.603857 67.611347 40.895890 39.299376 -39.387865 
2 2744 2897 10.944625 -7.461167 
0 
1 2648 -48.944463 
2 96 2750 -41.993476 92.375186 
2 1925 2329 -74.962801 -32.292752 
2 935 2353 2.239932 90.702448 
5 976 1595 1621 1792 1851 -21.839353 70.509446 44.460999 23.528889 1.450367 
3 181 720 1109 -88.543188 43.720843 84.020499 
3 445 1812 2868 -25.335919 -93.849276 16.010461 
2 673 1368 67.764054 -27.499716 
3 1809 2007 2795 41.007424 -39.868284 -48.017974 
1 2882 -41.354176 
5 654 1011 1918 2814 2958 -94.412814 9.736252 -65.172076 -85.466687 -90.947612 
5 625 905 1344 2292 2597 -36.646266 93.520103 59.472213 71.007422 -41.671897 
6 775 1667 2283 2539 2685 2796 -66.757509 -30.562482 -28.492074 75.518220 66.887061 -27.315395 
1 1096 58.712767 
2 874 2198 98.478957 91.920779 
4 1280 1667 1923 1943 -54.043060 -94.592517 -29.239458 93.065361 
6 127 1423 1967 2318 2721 2728 72.228720 -66.585369 -21.339019 31.029591 -1.194000 -34.022462 
5 395 1292 1766 1789 2614 -46.619234 83.875133 -7.003847 -7.085171 -80.522223 
2 955 2472 -56.905782 -56.993145 
2 1999 2841 -99.516031 -12.683402 
4 1008 1704 2203 2972 8.439092 -16.936250 -70.502608 56.838876 
4 16 338 1616 2159 82.062966 -66.292010 -83.151614 -79.948882 
7 116 263 405 1185 1309 2026 2777 71.811994 4.714503 20.847188 -43.093510 36.164618 1.324519 79.419457 
0 
1 1388 -24.947829 
4 1420 1834 2335 2810 28.850077 -70.308138 34.792783 19.398301 
3 1315 1944 2625 68.281823 90.610852 47.382813 
6 325 760 806 1103 1860 2596 -78.599799 -36.107588 -96.542777 64.817003 -51.441392 3.991346 
2 361 1930 -60.152930 -80.126504 
1 1422 -54.605016 
1 2905 91.737373 
4 1634 1874 2431 2501 -66.904810 -20.068521 -20.863414 94.682863 
5 452 863 1682 2152 2283 -86.912651 36.196883 -2.688737 -94.590298 15.421029 
2 2334 2478 -36.316734 -50.227494 
5 713 1024 1305 2310 2495 1.235398 -76.135449 28.205334 -53.642169 0.900389 
5 331 450 1538 2233 2360 7.220890 -95.140550 -14.626729 -19.914797 39.528707 
4 160 186 663 1518 47.611966 -94.930986 -7.910631 40.682603 
3 1128 1523 2376 71.403750 49.820310 44.007213 
2 640 2649 92.818058 -8.088196 
0 
4 1662 2063 2592 2977 -28.318859 69.427307 36.111200 -26.514873 
3 37 1362 1851 4.524063 10.623853 -7.212610 
1 212 43.767249 
1 1403 -43.898341 
4 1121 1151 2209 2308 -63.168101 -45.188971 -46.678705 -8.775576 
2 283 1828 -41.314323 51.339327 
3 539 1095 2876 -46.609609 -3.329794 -85.091186 
6 410 455 986 1338 1713 1882 -75.570474 71.143294 50.818392 -94.214396 50.628389 31.286552 
4 656 773 1345 2856 -9.416946 -53.064803 -17.112318 81.928515 
2 134 1629 -81.798272 34.931864 
4 1967 2689 2705 2711 -34.742291 8.458817 -97.015124 -38.755816 
2 141 2239 96.944374 -58.980231 
6 885 1420 1687 2022 2499 2849 -96.182642 -72.812927 -87.078692 -13.001175 35.464341 -76.862172 
2 2368 2547 77.871704 -1.504172 
4 556 1094 1279 2494 72.919793 22.570054 73.246443 49.544171 
2 1575 2362 16.565896 -36.479354 
8 406 1109 1213 1322 1517 2104 2401 2898 -8.664241 -45.882227 80.621182 -29.908141 -94.420309 16.334956 46.692238 -77.802344 
3 1663 1916 2887 -76.970323 -45.415303 -36.388443 
1 1044 95.357861 
3 184 2290 2522 -26.746043 -7.332065 94.910748 
2 1290 1970 -22.853853 16.366197 
3 1414 2503 2578 49.155964 -69.942617 60.023782 
4 319 1498 2355 2447 85.501376 -16.616422 -50.601731 49.585643 
3 433 542 926 82.059265 61.861059 -23.403765 
5 833 1386 1995 2421 2826 80.511974 76.254854 24.763639 -80.217364 15.049084 
0 
6 225 524 2084 2531 2558 2934 -33.961154 80.954382 13.471620 41.446357 63.503331 92.546194 
4 34 460 2729 2737 68.433143 72.534571 54.407889 0.815812 
2 2922 2972 -33.654058 -95.951420 
3 784 900 1217 -38.132874 -29.890125 -23.432923 
3 88 340 834 -33.587839 -99.190635 -70.639319 
1 2550 56.046726 
2 682 2536 -44.527422 6.122964 
2 185 1472 70.104097 -19.389873 
2 542 2771 -75.389314 74.754041 
3 2255 2535 2827 2.937684 80.602203 -72.999689 
1 1625 86.098084 
3 725 1579 1734 -78.925507 39.961719 53.992915 
0 
5 157 425 730 1181 2532 -34.652541 -38.537991 -85.188903 -14.659826 92.005148 
4 732 1339 1393 2771 -4.134510 -33.078878 69.408038 24.548115 
5 669 753 1219 1749 2513 48.736832 -82.089455 -66.871653 -84.166306 20.561385 
5 437 731 1910 2155 2353 -84.141645 26.073876 -77.666953 0.358753 -59.734618 
1 2814 95.643333 
2 558 2007 -92.792486 -67.353739 
4 1478 1572 2059 2958 -79.915723 -61.172530 -94.495906 -3.767166 
4 1117 1808 2889 2946 71.146291 54.801743 -88.744718 72.420173 
0 
3 504 1115 2221 -47.691212 -23.037745 -63.761173 
6 59 228 595 803 2200 2924 76.509891 -47.487842 58.923318 -18.164104 64.033746 -35.074913 
1 768 10.091951 
1 637 12.985554 
1 1866 -80.856422 
2 568 820 59.051199 15.883314 
2 370 977 -11.895041 39.705216 
3 222 357 1777 85.406417 37.248953 56.997781 
3 425 653 1734 -6.741096 -82.213580 -2.502455 
1 2618 -62.144934 
4 33 280 1119 1944 -3.383841 -26.061869 -68.431705 -41.335082 
1 1139 26.319984 
7 19 459 696 1776 1802 2496 2570 47.108603 45.803599 -93.006009 -0.379135 18.052806 54.019908 6.746838 
4 21 236 1546 2543 27.205171 63.569858 10.053420 15.877569 
2 1829 1949 -67.751879 -45.420324 
4 139 408 1545 2295 7.108829 -60.190666 44.705887 11.654340 
1 1600 19.029181 
2 2649 2967 59.291760 -65.871561 
0 
2 1098 1268 -7.247587 -79.994322 
1 1821 86.403615 
5 543 576 906 1247 2813 59.188722 -2.074021 -35.217623 46.219351 32.164655 
1 1954 75.288589 
2 94 1390 66.426531 9.818397 
0 
3 694 1735 2891 -46.502763 26.076339 68.774909 
3 1419 1550 2715 55.436090 0.498675 -75.751678 
2 2445 2930 -22.013326 71.670697 
1 320 -66.274843 
1 2983 -88.298127 
2 591 1447 51.052528 -1.738293 
4 885 1608 2758 2978 75.006575 0.250579 -91.071791 44.054181 
3 15 1343 2220 -25.016993 -90.313430 19.495680 
3 277 832 932 -32.968976 5.917212 -46.982173 
3 215 932 2065 -85.928470 8.492481 -98.363131 
6 797 1572 1734 1841 2071 2934 -45.525204 -55.169133 31.970175 42.464109 -18.200599 67.772012 
1 2947 -76.558798 
2 124 182 51.572497 -99.158660 
2 626 735 -4.763661 17.073489 
3 462 857 2261 -2.156231 -10.138804 11.365409 
1 1413 36.412616 
2 1393 2010 -23.831236 -30.847797 
5 929 2100 2141 2173 2611 21.550319 -55.486460 -20.517580 -33.675408 -92.531429 
3 1078 1231 2180 -57.702751 85.847274 65.878648 
6 4 1182 1239 1613 1709 1722 -33.327168 -76.895459 -58.262448 -94.724767 35.175404 99.386008 
5 146 896 1193 1213 2619 7.790644 90.149310 19.986039 -80.593573 -89.957506 
2 362 1383 -24.344846 -82.782035 
1 121 -91.680250 
1 1731 5.446662 
1 2241 76.658366 
2 1419 2397 -93.677136 -97.849838 
3 1364 2336 2845 87.632333 -34.478028 14.082675 
5 685 743 1474 2710 2979 -22.292042 -43.600469 42.645408 97.372427 -99.204925 
4 1137 1585 1785 2500 42.641387 56.059913 -80.599757 98.337977 
5 139 915 2000 2902 2984 37.955527 66.115109 36.097270 43.618510 -97.507114 
3 713 2607 2818 -86.391313 81.030745 68.582091 
3 704 1774 2454 -24.774826 -46.736793 28.577994 
0 
1 2306 30.122209 
0 
1 2829 -10.938666 
1 333 -75.169892 
1 641 -49.104469 
3 2324 2640 2939 37.661488 69.457297 62.061915 
2 1379 2171 86.721383 93.412044 
5 434 849 1901 2227 2322 5.879864 -1.530244 -57.930794 -54.144519 -9.228564 
0 
4 118 413 2281 2370 -4.329580 -88.663529 66.613563 93.014375 
3 1006 2692 2706 26.584554 -60.770625 4.120297 
4 509 1270 1903 2289 98.439553 70.152261 -36.680167 -77.745962 
7 243 492 595 1188 2449 2463 2834 72.026372 90.181324 55.265625 57.142221 6.451988 -80.691904 71.145014 
2 2793 2984 67.374039 23.797633 
3 1013 2090 2522 49.582961 -94.623222 -76.965967 
2 1033 2397 -60.022003 -89.019985 
0 
5 15 76 339 1684 2585 12.890835 35.811314 -30.668031 -53.432029 -79.557978 
1 1027 -60.255819 
1 1240 27.367190 
3 1387 2175 2566 -92.693438 -87.902485 -16.998802 
1 20 19.229969 
5 140 1350 1820 2579 2927 -30.456510 -72.687543 -33.634796 -82.098813 85.703729 
1 2698 64.210950 
8 155 291 1566 2040 2157 2424 2690 2762 46.272285 -52.220084 -90.933307 -31.362255 76.668012 -12.330557 91.013507 72.305871 
2 89 2795 -29.628135 43.293107 
1 184 71.077557 
1 2696 -37.746472 
1 461 79.182013 
1 1411 -17.246462 
1 1644 -68.401099 
3 2171 2605 2964 -26.878941 8.598397 64.016924 
4 372 794 1034 1076 58.888984 -0.664358 -86.007734 53.347174 
4 274 925 1054 1344 -6.453017 -61.381796 25.660743 -83.375865 
2 1791 2775 -64.526988 -78.672040 
5 383 519 1806 1908 2166 45.263515 -26.420197 83.597795 -95.044931 -42.685633 
2 2011 2323 -23.788760 -26.579328 
3 827 849 2625 -65.532269 -93.065372 4.482565 
3 844 1605 2538 -92.568077 -33.520578 -42.487212 
5 519 1268 1854 2240 2633 -42.110423 -1.334137 -17.493675 72.783832 92.943741 
4 230 1620 1939 2813 94.509118 63.286388 -40.165485 -46.968541 
2 2111 2618 -87.576036 87.784763 
3 1476 1610 2394 -26.618302 -98.583183 -60.860726 
3 965 1695 1983 -55.400995 -38.289603 77.570512 
6 1051 2283 2493 2806 2889 2908 61.481474 -90.700413 62.015175 -38.930193 -67.689582 -69.387867 
0 
4 175 275 882 1817 -64.932431 2.520885 87.107033 9.668271 
4 148 180 2412 2518 57.696592 -13.336764 51.143023 76.733435 
3 943 1716 2961 -88.403497 -34.245679 -95.480293 
3 1962 2505 2929 -37.925972 -43.422074 54.050208 
5 279 589 1269 1355 1396 6.049957 41.806490 44.714469 -88.888361 67.079950 
2 219 1277 8.672599 -42.036357 
2 1731 2228 72.254404 94.388397 
1 1359 3.163690 
4 32 271 1153 1876 94.684892 37.628453 -16.397227 81.403719 
2 436 954 51.964281 -14.717319 
7 717 869 907 1288 1657 2063 2655 -25.632375 31.653993 -55.049854 -98.736959 48.361914 -84.681995 -1.768321 
2 1191 1560 97.413971 -30.209655 
1 2588 47.915525 
1 567 23.842877 
6 128 1180 1398 1589 1636 2054 91.126792 94.095109 -46.143678 -96.167392 -77.883253 -10.314968 
2 1559 1729 70.761310 -17.963980 
5 322 1369 1632 1711 1887 89.107006 94.358562 56.522227 -89.227723 -13.656249 
3 289 571 1851 32.560043 -51.000031 73.653165 
8 85 1396 1434 2254 2501 2648 2710 2774 -1.573199 -94.080907 34.030913 -37.544681 76.758297 48.335856 52.634242 68.544269 
3 199 985 1150 -14.159224 -47.720803 59.295943 
2 132 513 -77.890017 0.298928 
6 94 459 575 1297 1609 1706 -51.255708 80.727748 85.204648 -31.026815 82.030279 -78.344668 
5 183 709 1098 1202 1304 -90.371864 -84.381064 -43.582136 -20.452430 -26.099920 
5 1753 1841 2177 2374 2724 1.598728 58.871570 -54.578562 3.214674 -85.775726 
1 174 -83.205797 
2 2519 2787 72.985369 6.721239 
4 178 422 1977 2202 -41.224681 18.771950 73.145822 -98.782879 
4 363 1604 2387 2771 28.555613 14.200868 -35.853329 -68.175395 
2 512 1047 78.981766 -58.523609 
4 857 2053 2560 2802 -21.807288 69.250232 42.541650 43.019847 
4 340 1162 1240 2952 1.265398 45.921432 -7.918011 -46.675656 
4 37 119 758 2644 13.529221 58.958056 -88.381010 -90.215597 
2 503 2114 -83.005280 -36.764040 
4 334 591 1668 2574 89.509581 59.791791 -88.968812 -77.514316 
1 1047 18.941546 
4 978 1385 2177 2726 -19.788597 -91.239320 90.388134 -25.209426 
3 100 351 905 -10.737213 90.071691 28.828152 
6 154 820 1112 1403 1451 1469 -33.642363 21.582550 25.414717 83.940065 -3.390629 44.481494 
3 246 522 2267 -77.196856 -2.319139 31.539885 
4 14 792 2423 2652 79.710565 30.327972 49.001735 56.077737 
7 242 749 854 898 923 1375 1966 38.480709 23.303116 66.509436 -96.564376 14.928120 -95.200910 -57.354196 
2 1839 2265 -66.585130 53.573356 
0 
2 633 2990 -65.951412 66.189897 
3 695 1446 1763 45.428627 40.719468 -28.531369 
7 1311 1652 1717 1750 1891 2273 2593 38.905603 -10.250379 24.397970 -75.515351 4.506143 91.810136 88.528836 
4 313 1159 1309 2219 -81.415978 1.860933 -88.741326 -45.297468 
2 1625 2894 -62.647770 82.920453 
2 697 2796 -7.561449 35.597799 
1 2293 11.694208 
6 722 1216 1246 1290 1924 2496 -38.163709 91.249859 -73.378130 32.555156 81.055461 -30.532634 
2 214 1952 42.851750 32.863285 
3 25 297 2488 -18.917761 -93.111252 -7.583434 
4 406 2337 2536 2900 -69.917323 -51.767132 -69.148839 -56.219253 
1 1768 -95.195147 
2 697 2627 41.768767 70.843252 
4 1 841 1597 2122 -54.142927 89.975231 27.010651 76.352951 
1 1770 -1.241985 
3 1115 1329 1903 -53.328921 -93.570365 58.872957 
3 1385 2365 2434 59.563763 -78.169966 -0.143657 
3 569 610 2642 -95.461764 -53.652920 -31.315445 
3 115 222 229 38.832099 94.349596 94.912474 
4 1480 2125 2466 2923 54.170440 45.717583 -42.301251 71.931331 
4 29 1416 1553 2803 34.604705 50.516496 -19.458213 -11.062300 
3 184 736 1471 74.512400 -14.351065 65.152803 
0 
7 398 490 1059 2253 2402 2638 2758 -54.114276 73.864466 84.810837 -98.231527 82.761114 -97.706939 -11.817333 
5 962 986 1082 2336 2789 88.292634 -75.293184 -73.249469 5.727859 -85.566131 
1 2104 84.054605 
2 154 382 31.480765 -10.616816 
3 1044 1648 1916 69.062268 -42.345391 -49.938995 
4 1054 2522 2546 2726 -59.626255 85.097729 -61.955914 23.165169 
7 24 917 940 1166 1557 2069 2930 -56.288911 -83.037135 11.924216 -98.548594 -53.387562 -60.892744 80.060137 
2 414 2118 -25.305951 21.238306 
1 2042 -84.747387 
3 1300 1404 2341 62.790047 -28.850295 4.673923 
