3500 3500
12 263 349 648 1009 1356 1459 1579 1768 2094 2605 3098 3359 -37.074788 33.772035 86.292115 73.501110 -25.877288 62.025063 66.649774 81.633047 36.711886 71.323114 -12.169851 -74.201090 
2 1671 3446 -36.345538 20.036118 
9 59 771 1112 1506 2188 2375 2376 3116 3428 78.895841 -87.974911 84.973124 14.594572 18.595208 -90.503942 -67.441694 60.098163 92.695880 
6 1322 1582 1849 1978 2514 2870 53.228682 18.120170 6.575390 38.118400 -80.486505 27.175661 
7 56 1153 1766 1957 2340 2349 2678 -46.776578 -38.855823 -76.454839 75.686001 -56.642956 -0.581176 17.833521 
6 1226 1255 2957 3120 3300 3393 8.669405 18.308669 -0.842998 -58.509802 40.880071 -70.040906 
10 220 1185 1282 1407 1504 1573 1761 1775 1831 2281 -57.139203 62.700796 71.877460 -41.396523 80.507768 48.318336 -46.289663 64.155331 4.857805 95.416585 
6 416 1505 1705 2471 2661 2898 -54.764476 64.277759 22.645767 87.208843 5.408468 69.739359 
3 62 575 2945 41.027072 29.767228 -58.107840 
7 842 904 1467 1694 2395 2729 3481 81.999345 -43.341429 62.547806 -29.878083 -55.889077 -0.703535 -47.031866 
9 566 1271 1548 2018 2075 2095 2438 2545 2800 25.469160 -88.538481 -26.188172 -57.218389 -9.852911 74.534658 -12.220923 -72.189990 89.111440 
7 305 1059 1786 2181 2399 2927 3425 94.700556 55.429872 -31.888858 -60.611359 5.206640 -90.364768 -98.835785 
8 317 892 1250 1316 1764 1828 2127 2680 43.601194 -50.065197 -21.018557 -19.798675 -88.153550 -70.484570 -27.322262 -79.518700 
6 72 152 246 1928 2208 3258 -69.132683 -56.647255 11.333307 -63.085953 -76.727647 82.875688 
4 359 1109 2352 2793 42.846754 83.718174 -52.565656 0.217840 
4 193 667 1160 3397 -67.012219 -21.746986 24.502681 60.976152 
8 598 980 988 1165 1399 1434 1832 3110 -55.399731 12.201450 12.602791 23.003189 -78.237004 4.191717 84.724608 -20.028329 
4 457 2073 2961 3419 -23.490035 54.172169 -19.966211 86.041342 
7 820 1388 1459 1693 2630 2999 3215 48.572021 -55.726652 -47.309709 10.760050 -0.051849 -35.852946 -21.242890 
11 250 660 664 724 1154 1191 1977 2254 2858 3127 3464 20.601457 6.500582 -51.714377 -83.695653 -29.463581 0.368062 17.236234 53.766964 72.780698 48.815788 -62.698428 
9 237 720 1057 1620 1805 1897 2215 2531 3450 53.133613 21.187613 85.975011 -61.423734 67.581443 -84.991570 18.076708 14.576444 -21.483082 
7 359 434 831 1530 1697 2136 2860 27.352917 -58.787657 -29.747995 -91.815994 -1.285304 37.001184 -97.446625 
9 54 405 1142 1195 1592 1805 2135 2244 2915 -91.420034 -13.979029 -15.056878 24.332729 -75.133477 -74.167866 -28.769476 -93.531859 -50.330940 
8 269 820 1948 2096 2432 2897 2969 3386 78.086158 35.151023 -82.874804 -21.091107 75.456023 -55.136096 15.162425 64.168693 
10 130 362 565 1666 1667 2329 2662 3083 3234 3348 33.020834 -77.657259 -91.688688 27.682683 -46.106683 -63.141295 27.981065 -25.872928 -56.527565 -99.717442 
4 1933 2329 2421 2664 5.928454 -83.424654 29.742297 -17.890207 
6 1839 1913 2677 3026 3213 3434 -92.903754 -43.990102 3.283590 -96.498355 59.310493 -40.520332 
11 952 1103 1559 1737 1851 2185 2208 2677 2813 3138 3439 95.922820 -48.975735 34.174020 -76.306261 48.642813 -8.205727 -37.174465 9.419255 -90.412476 93.941840 9.262135 
3 631 800 3456 37.405837 12.164199 3.393354 
9 633 776 1206 1591 1683 1758 2388 3033 3388 10.949179 15.345097 87.107509 -64.860224 11.090961 20.583970 -17.700623 -27.481247 18.658832 
6 293 989 1247 1477 2077 2272 -65.074747 -40.551033 -35.231331 54.958494 -72.206189 86.157467 
9 267 1580 2100 2538 2769 3081 3330 3374 3402 -93.538054 46.556111 -10.548101 -94.466240 51.672379 99.157245 -59.106206 -27.495375 37.610495 
10 14 703 1197 1620 1681 1896 2182 2382 2562 3181 78.554640 -82.520510 -99.505561 93.872966 0.859763 11.812997 8.766861 71.920691 -10.294520 4.481278 
4 28 467 607 2452 -88.105952 -22.192645 60.101113 21.692217 
5 1073 1475 1579 2783 2800 -83.278706 79.210129 -61.391001 -29.681222 81.768913 
3 687 1668 1820 77.331711 89.717364 89.704250 
9 167 844 849 1090 1593 2332 2703 2812 3174 18.527462 79.428765 44.922155 -88.767856 24.796218 50.199819 -77.111178 -34.934187 43.651760 
9 390 626 697 780 996 1337 1968 2307 3366 56.739191 46.929860 -87.083883 -57.444332 -42.729666 -6.059707 -73.013293 60.278672 -75.996603 
9 129 476 847 1280 1786 1827 1846 2516 3379 74.884266 -82.684771 -34.656194 -64.033937 -56.030153 -33.204607 86.450748 62.216095 4.918197 
6 74 154 1455 2394 3010 3265 -74.131251 26.027633 89.846565 10.072704 61.183982 -39.876872 
5 7 969 1197 1610 3112 -57.764274 97.312584 -36.483314 66.771491 7.033002 
10 98 199 1069 1433 1583 1608 1957 2814 2842 3402 -87.768397 6.941235 62.162878 -27.396793 73.952371 -38.372722 -66.095553 8.498005 -14.326416 95.999799 
12 199 243 506 1233 1580 1808 1842 2061 2565 2581 2790 3193 64.457763 -13.871274 -41.590421 -40.787568 95.533093 -63.662739 -59.973678 50.693388 0.548108 -32.504119 -51.991473 11.892527 
11 281 537 841 1046 1438 1553 1751 2312 2354 2593 2598 71.900654 62.928261 -61.957502 -78.665880 41.714943 -0.758466 -54.211508 -79.506666 -53.559405 -69.256493 -7.899721 
8 608 728 1274 2072 2480 2751 2878 3084 -91.627736 -91.014255 -94.822703 -57.676474 95.972395 66.658361 57.537280 -26.982251 
6 622 975 1731 2596 3141 3454 -84.353979 70.677043 -26.447600 -1.116429 -97.838738 -20.103101 
5 812 1406 1438 2272 3458 73.381522 -23.885635 4.855769 80.038798 -99.648514 
9 423 886 1298 1510 1814 1973 2050 2337 3281 11.955259 24.246066 38.087869 -43.886799 76.623058 -36.445094 -62.064710 57.340418 -60.134141 
3 93 374 1156 -53.602705 72.815884 -70.489196 
7 1716 1884 1982 2079 2421 2985 3073 84.403708 4.437547 -83.046527 7.065508 -14.706927 -43.515565 -69.069408 
13 123 249 492 801 1209 1345 2181 2329 2407 2534 2574 2601 3327 65.638453 -21.780717 6.320896 -27.713380 58.973151 43.715046 10.742541 65.138289 -62.065781 -32.470818 32.643514 -8.868210 -64.574359 
4 1366 1885 2012 3268 -78.151952 63.755819 76.847880 -59.656405 
7 886 1050 1639 1740 2734 2868 3412 35.572134 -14.414581 10.765037 -38.866033 -81.704327 -77.374813 -21.130804 
7 414 592 1504 2108 2134 2489 2501 18.143305 -35.469973 47.796466 -72.002978 -62.196846 57.843330 33.205995 
8 56 283 960 1963 2079 2225 2809 3346 24.035832 64.143741 71.261168 16.926241 -55.436788 -57.646130 -0.242806 0.882118 
9 447 485 1234 1358 1658 1753 2778 2838 2955 -59.179263 -23.212616 47.103414 95.683499 90.659767 14.115170 -75.276650 10.632805 -2.089273 
4 1022 1168 1479 2801 33.632795 -8.568673 21.935522 -74.631161 
5 201 518 746 1293 2334 36.292799 29.946930 -3.979500 -23.454734 13.358663 
8 523 627 742 893 1100 1284 1667 2684 96.000976 91.924692 -21.141058 72.159682 -86.629005 -81.707447 98.366673 -30.325412 
5 1914 2074 2826 3333 3492 60.845514 -66.565349 -98.890437 -0.067874 -91.169190 
5 1887 2076 2517 2692 3492 -80.785608 12.991584 -27.208632 -97.310275 99.995129 
13 436 474 540 1052 1405 1698 2145 2272 2501 2659 3151 3247 3321 -32.993905 -94.140092 14.761502 -76.888310 -95.137546 -55.676132 76.820998 -39.098073 71.229291 -59.619510 -34.805375 -53.279330 64.559370 
7 316 614 1133 2027 2174 2357 2377 -27.402252 -19.903020 -33.028836 -17.970367 32.731729 -9.750684 -35.719980 
3 411 1607 1700 7.600969 -3.811416 24.082069 
7 43 621 1970 2380 2516 2765 3160 95.647272 1.644664 12.690965 60.730003 19.579795 -89.553896 -31.046853 
8 214 661 1154 1543 1566 1667 3086 3322 -44.260586 -2.510414 -42.133973 -17.679080 48.932725 55.525659 -24.163243 -33.503650 
6 636 1494 2070 2603 3082 3280 43.230607 -90.606428 -61.599014 0.368868 39.734516 8.438253 
6 178 215 750 818 874 1015 -88.478983 -78.118558 -48.899048 -16.831616 -90.281675 16.075429 
6 388 552 1149 1382 2004 2016 81.256480 61.175820 -74.625981 -8.348607 51.043588 2.303787 
7 92 1030 1460 2166 2470 2642 3207 -47.660412 73.698039 -22.953258 1.825900 52.574667 64.659490 -9.444159 
7 346 396 912 1216 1498 2530 3013 -39.302813 -1.274439 84.167792 72.020299 28.624931 94.736435 -48.834990 
5 1054 1465 1768 2016 2559 -90.422939 31.559969 -11.700078 -86.873049 -29.796997 
9 444 565 907 1016 1941 2043 2850 3250 3294 86.628886 65.795497 -68.914168 14.596910 66.807038 49.393270 -18.846014 -87.022619 -26.879869 
3 571 2069 2834 -63.436033 85.348486 -48.630777 
11 156 202 610 1036 1534 2328 2566 2571 3032 3213 3214 82.688771 -77.189017 -98.768086 -48.409650 22.095172 -30.319737 -94.182812 20.074927 94.771018 -84.483470 -18.466713 
9 196 766 1168 1211 1655 1864 2104 3128 3169 21.604455 87.794571 -11.745496 62.880131 -6.563653 73.733860 -5.457896 -87.598148 39.897484 
7 209 1111 1334 1874 2266 2718 3302 38.128605 -37.476908 -50.999793 -10.909282 -91.672671 0.279109 86.308634 
8 524 1038 1049 1117 1156 1323 1364 1662 4.759216 -65.730349 82.036389 -42.120103 -7.849161 77.202183 -55.393686 -68.081714 
11 420 849 1081 1306 1724 2009 2251 2393 2662 2779 3364 60.042510 60.260477 -10.949973 0.232343 82.640675 -13.558275 -97.368400 73.164334 92.289533 -21.883669 -53.308585 
4 291 1574 2732 3314 76.603262 -22.048652 52.561613 41.637192 
9 303 817 1285 1295 1578 1923 2366 3138 3191 42.281536 -28.565500 -78.160495 2.650347 25.136564 69.335546 -33.389635 -48.136021 38.916142 
11 94 246 902 1494 1546 1892 2245 2660 2733 2762 3321 74.132869 -73.086533 78.320418 -34.360890 44.726466 92.190440 -81.779962 70.185859 -4.277940 54.324231 19.261697 
11 373 386 657 950 1151 1715 2075 2173 2282 2471 2809 53.055393 -9.792906 84.319725 25.347146 85.460879 -24.606188 -67.138276 -11.952022 44.077200 -95.373456 -68.975147 
8 338 528 818 929 1363 2881 3295 3403 -98.597567 -89.174274 -19.284404 55.916364 28.987680 -93.523096 -12.118524 -2.699821 
9 304 356 680 1794 2000 2113 2275 3025 3381 -62.289952 -3.056557 -13.516552 -95.596797 91.572679 65.646912 67.024750 68.485846 16.168062 
7 915 1017 1081 1571 2348 2672 2976 36.190867 -0.853850 -34.832702 92.358195 54.525719 36.900043 71.314892 
5 392 694 1310 2807 3491 -25.851328 21.614599 -6.538159 4.103287 -91.490649 
8 392 1455 1617 2541 2586 2632 3050 3276 74.515773 8.377430 96.532512 -10.032211 -33.229085 -1.790811 -80.919085 97.287661 
6 3 688 1477 2205 2967 3105 21.037584 -89.050190 68.835831 28.840168 -99.805981 90.734898 
8 107 585 1441 1473 1559 2568 2626 2696 35.356667 -35.979254 -16.935568 -16.203125 -51.241350 -78.955312 -90.704502 22.619956 
8 466 1198 1284 1352 1480 1644 2765 3320 -62.088872 39.883048 35.900524 -86.641336 48.151573 -66.294933 -62.051805 55.721138 
10 398 760 1249 1557 1864 2309 2527 2562 3215 3495 -40.931818 -72.873515 -84.107554 -91.441456 42.110130 18.583876 -21.086561 65.716976 -30.319971 -81.120350 
10 102 612 955 968 1320 2009 2161 2396 2816 3230 10.574511 0.502506 85.914096 50.263829 73.984654 60.728918 12.012356 27.131373 -78.424218 21.861487 
4 351 376 1472 3274 -68.422257 -43.657138 -49.892899 14.144263 
2 68 3015 88.358705 -35.401158 
6 444 486 1063 1119 2219 3083 -57.677945 -8.523882 -51.639089 90.863260 -47.298474 -64.384187 
8 1008 1523 1641 1689 2299 2415 2693 3022 -78.779249 -12.520760 72.003071 -82.219201 -89.438699 -32.339350 72.409724 -44.262980 
8 311 380 882 1606 2794 2823 2923 3157 9.837942 0.659647 -40.011278 7.247216 65.198746 -72.838389 -67.180555 -57.316135 
4 72 1238 3009 3402 77.532275 53.816239 -34.520675 -20.718542 
13 934 954 988 1112 1181 1366 1536 1703 1760 1770 2184 2677 3233 -17.192246 14.996657 -15.205897 -45.174709 71.116099 53.996522 -79.739802 -9.261630 -71.628010 -43.568119 -6.221479 99.994218 55.945906 
5 115 125 2528 2651 2733 -46.496236 -35.776946 -61.179056 -30.099926 -26.812817 
2 103 2772 -78.176048 83.353875 
7 76 851 890 1245 1871 3389 3490 -17.251852 25.221471 -83.948200 19.672875 80.364195 7.688257 62.417887 
7 371 503 546 563 1069 1595 2334 86.005435 42.772781 76.686259 -68.885675 -61.353051 26.399907 56.068088 
10 204 445 549 942 988 1951 2289 2294 3227 3253 33.223454 -6.580725 -21.708359 -29.570781 93.846293 -13.138700 75.912991 -1.250308 51.599923 -42.665075 
7 154 679 710 771 978 2385 2440 -73.224872 28.573115 18.528447 -56.931851 -87.015713 86.526086 -67.681553 
15 79 154 197 435 631 1014 1063 1656 2068 2374 2486 2525 2530 3006 3179 -15.178032 14.769690 68.736391 -92.554449 -99.003864 66.593000 15.248350 -18.690791 -31.353011 -99.921958 -30.556159 -91.142709 47.289280 65.885869 5.702876 
8 797 1503 1828 2367 2858 3130 3205 3463 85.831589 8.260564 -11.638292 21.159264 88.364184 -96.082757 13.577946 50.582603 
4 735 1716 1805 2163 17.674306 -61.627565 25.344380 -84.895742 
8 602 891 1194 1904 2000 2124 2223 2729 77.449213 86.960226 63.657633 44.542795 72.319064 -43.820485 -59.115135 44.798419 
8 1664 1678 1873 1893 2778 2901 3427 3451 81.372553 -88.715895 32.947093 -12.934309 -2.312567 97.797040 -46.996760 -99.099699 
3 917 996 2695 -37.334426 80.640356 65.914138 
6 42 433 557 919 2306 2496 10.402327 -22.904422 -8.335300 78.963864 55.634681 -85.505766 
9 555 679 1066 2068 2683 2801 3108 3315 3445 52.672164 -33.314565 -1.208339 -38.913415 -53.541572 91.268844 -11.329750 91.717406 -24.414413 
2 603 2763 15.690779 -29.322820 
6 943 1997 2518 2752 2900 3264 -44.608354 59.840423 20.695993 51.249304 -66.388471 -59.705830 
9 42 126 789 1002 1729 1760 1769 1836 2873 9.172465 -76.683721 0.669147 -69.093861 -11.300277 40.766301 33.481978 4.661185 37.537420 
5 21 46 1788 3329 3334 27.389081 -74.464734 -21.846203 71.818033 66.084696 
8 63 287 312 1236 1537 1730 1909 2110 24.205955 58.402488 8.997904 -13.041037 -43.040201 26.949249 50.711418 90.616687 
11 184 237 700 1113 1207 1667 2071 2452 2813 3056 3445 17.123368 -88.977339 88.644520 -82.320829 70.917764 -90.586557 94.049820 50.392316 -17.918070 -30.201616 -23.439654 
5 273 667 1198 1523 3210 -58.223363 -62.977881 -2.772726 48.345179 -84.648619 
10 357 978 1306 1324 1604 1612 2192 2698 2830 3177 45.952939 11.320100 -44.750395 -13.992770 -90.776185 71.944244 42.032869 -25.620484 -22.043360 58.804355 
2 13 498 8.032152 -18.818802 
10 52 266 454 480 560 623 2082 2171 2708 3402 25.159094 -23.630217 24.664148 22.475855 11.233540 60.816106 -30.334711 -17.697139 -60.072650 70.767668 
8 656 926 1120 1313 1360 1524 2604 2828 26.443899 -29.964300 53.227172 -8.569859 54.759391 10.203652 33.031053 53.381450 
7 62 212 1494 1758 1759 1914 2252 46.356397 -3.820838 28.040594 -0.917052 35.183983 56.438519 6.033751 
6 66 521 993 1508 2378 3018 82.584398 6.103521 58.668671 66.650000 4.436619 -65.838655 
9 511 546 835 1479 1850 2421 3257 3279 3486 -88.624974 -95.655179 -22.482978 -96.272420 22.325463 -49.958126 79.637776 -9.563413 -7.316054 
5 517 1744 1977 2238 3484 -45.409524 73.311893 76.424855 -38.374513 -66.322674 
10 22 342 936 1266 1852 1961 2654 2830 3310 3390 22.001581 78.744677 -87.394082 -96.027746 -96.943003 -63.509297 -8.255757 -37.926133 -94.225404 70.427745 
8 90 116 1223 1317 1432 2010 3071 3163 -67.306772 -25.513000 -31.778194 -61.229804 61.667351 -28.202933 22.061527 -78.788404 
5 287 2545 2696 3157 3496 -87.872744 -0.292914 94.763566 -69.449720 -46.951829 
11 378 771 1420 1521 2140 2219 2415 2469 2525 2745 2779 -99.042713 -53.187394 -20.619349 -94.797470 -19.219716 64.792550 -67.689926 7.949825 0.237561 -67.544220 33.870501 
5 191 1967 2174 3376 3379 -9.699796 -9.183153 23.388677 24.273807 18.034705 
4 1916 1932 2191 3434 69.970966 -16.728833 58.893089 -52.426544 
7 2 566 1920 2262 2451 2723 3260 -79.288456 -53.316938 14.382710 16.937295 75.820794 30.614675 25.548348 
10 208 535 1251 1260 2513 2527 2819 2881 3371 3464 51.718514 -44.824770 -33.098276 45.799039 30.286650 -28.139744 -69.707977 -30.806333 -33.767851 33.829941 
6 145 1600 1909 2603 2679 2803 -13.643850 30.626395 66.405803 61.865645 -8.068764 -9.416883 
13 636 730 758 953 1273 1324 1711 1808 1967 2255 3039 3099 3476 -70.097127 76.137599 -25.308420 4.469017 83.225657 30.502945 -18.025372 -22.982416 -86.869073 7.938612 11.944349 76.885589 45.322366 
10 211 238 458 1730 1780 2577 2682 3044 3314 3448 70.337613 45.547017 91.526738 -62.834186 -0.435812 64.963771 87.122557 -5.974626 19.481296 62.989506 
7 83 1147 1311 1476 1497 1592 1913 72.746964 -71.959036 52.134938 31.910129 85.126883 -5.571216 -57.389626 
6 173 523 685 2089 2747 3395 5.486424 -28.369451 -53.118807 -58.019322 98.508204 25.078254 
6 168 404 1149 1857 2134 3346 -25.119999 44.993231 -10.848577 12.181019 28.027042 41.601537 
13 94 922 1089 1357 1570 1833 2115 2153 2419 2644 2801 3074 3362 23.427071 72.608717 76.626296 34.327780 -94.917268 38.366636 98.625240 -2.186848 -14.709960 92.134762 -4.196111 -78.769357 96.982451 
4 1121 1602 2180 2902 -98.873990 99.263546 -26.306530 48.420227 
10 1342 1426 1603 1848 2071 2194 2569 2944 3229 3496 6.485646 -5.277223 -56.428677 -80.627439 96.943805 86.538087 22.024886 -79.131267 -70.591158 85.608939 
5 90 963 2104 3041 3261 -42.933794 4.206350 -47.670252 -86.115398 54.047565 
4 1381 2063 2282 2796 28.811243 -18.620317 56.986305 -38.108952 
4 123 1095 2311 2770 -35.883717 6.259754 48.741578 -90.108500 
4 192 1149 2137 2971 -43.603443 43.235379 -41.591017 -12.573758 
4 1563 2262 2341 2657 -13.595546 -5.867244 -91.267349 47.730004 
13 181 300 466 580 691 703 719 1067 1331 2472 2536 3377 3388 73.157464 -9.871892 94.214262 32.198002 -41.489468 -20.169848 -87.332745 -59.051633 -63.673254 -82.427979 -51.833064 91.928564 -55.120095 
10 217 583 818 1374 1413 2018 2207 2316 2856 3432 -45.228597 7.909857 -8.989156 66.670339 -78.164154 14.676455 -66.092563 40.332037 -41.248816 -58.940746 
7 133 139 214 603 695 1974 2821 -32.593224 -21.642896 -67.906578 62.902713 -32.361138 -79.678094 46.644195 
9 248 656 1757 2230 2622 2820 3227 3232 3254 -34.320544 5.596947 84.069158 -72.629395 75.817654 89.656302 58.370812 17.599020 70.053636 
6 814 863 889 1134 1948 3413 64.710700 40.082093 15.269273 -37.582028 -89.713553 -47.311806 
10 277 350 819 951 978 1042 2000 2241 2673 2899 93.022379 -44.384418 59.618561 11.823255 -92.604126 -77.833906 3.868890 -87.684011 -14.672652 11.314533 
6 346 720 1416 2435 2687 2817 -65.552047 97.473518 -90.841400 -49.322782 -42.269515 19.868568 
7 151 691 789 2034 2653 3183 3214 -68.779625 26.357721 -13.525693 -33.837682 -97.022552 77.767918 55.817727 
8 630 885 989 1263 1777 2599 2672 2800 -30.906858 -85.595059 74.781438 13.153729 17.868509 72.439701 -95.674857 -47.018567 
12 3 494 554 1087 1239 1796 2006 2151 2204 2720 2941 3263 27.562822 43.683001 -47.089552 -6.191735 11.899929 7.315515 66.359156 15.519085 -32.676018 76.287049 93.478494 -71.880257 
6 506 1230 1268 2071 2432 3310 34.408273 2.324625 21.349551 41.269484 -59.097679 51.396567 
3 452 3116 3136 58.785480 -76.046385 -42.643015 
9 796 869 891 1044 1479 1612 2480 2583 3026 73.533741 96.878226 -73.314542 13.207819 -84.347166 6.407148 74.739820 74.096733 99.701812 
5 318 1415 1860 1895 3288 -17.599903 4.273658 70.573248 -15.615094 -81.021148 
11 184 260 761 916 1018 1694 1735 1883 2513 2579 2658 -93.597068 68.984757 18.756795 49.158391 -0.240237 19.692473 63.080726 -34.085698 37.738988 52.483182 98.779377 
7 153 305 938 2255 2286 2431 3139 -80.788356 -7.091666 84.991059 5.042431 -78.598380 -39.658770 96.129947 
9 6 1095 1349 1474 1759 1764 2232 2439 2890 24.703658 64.778386 -86.381124 29.460743 -15.952006 -18.767714 28.480475 -17.258402 -56.721752 
10 230 261 582 1036 1601 2028 2289 2483 2594 2904 -65.918831 35.767898 50.701001 -87.455830 29.857722 -58.863508 -26.445756 -62.808419 -27.249907 -4.178942 
13 83 532 749 879 888 1148 1385 2440 2566 2662 2743 2866 2919 -55.383463 65.435616 8.714805 -27.551463 46.049409 -76.762660 -84.396137 73.813119 -43.563284 80.672141 -1.782553 -59.886136 -73.885724 
8 279 445 715 1550 1588 2096 3035 3445 -56.504235 58.240360 -3.778554 -0.291119 -39.862618 -29.515002 -84.128512 -18.256436 
4 270 974 1238 1867 20.358722 -4.707039 54.515003 -61.843609 
11 59 354 396 659 979 1080 1545 1567 1807 2054 3190 -34.529462 -59.184825 56.478989 -35.800289 -50.729616 4.197901 -75.533945 5.234196 -66.106923 -58.177975 68.318284 
8 333 984 1143 2169 2592 2686 2719 3351 31.659383 -94.410721 17.223421 62.404528 53.250978 3.095841 23.899567 -72.016276 
5 350 588 768 2750 3120 8.110122 39.800457 -13.681958 74.417676 24.774164 
8 607 686 1510 1855 1995 2475 2754 3407 1.875892 69.716983 -21.425281 -25.980179 -88.888872 -42.485423 10.506117 89.203027 
11 264 712 796 1139 1327 1750 1842 1909 2757 2819 3256 17.200256 -9.029809 -42.250256 24.882401 62.603911 -13.233087 -74.256378 -90.447707 -16.964076 43.854580 -39.794579 
3 333 2908 3276 -38.531648 -80.183481 -83.493766 
6 299 399 1501 3320 3325 3375 -80.380368 -56.290755 -65.778875 79.792624 9.805337 -81.490366 
5 112 768 870 2183 2827 88.006098 53.138088 34.589069 40.784912 46.208604 
11 112 377 594 1617 1932 2154 2267 2683 2758 2968 3139 -12.497909 19.109645 -13.166758 60.247051 -84.154920 -98.776134 -23.199061 5.446856 -80.555012 -85.453292 35.294350 
2 569 1621 -77.634709 1.981008 
6 312 594 1015 1241 1598 2323 40.126589 73.216165 10.855501 37.294317 -22.196042 20.192902 
7 822 1089 1184 1788 2942 3074 3185 -62.648591 -65.684171 -38.422376 -20.223791 -8.081387 58.544910 -17.703202 
9 420 902 1471 1511 2462 2659 2771 2918 3266 49.289560 60.179931 67.858270 11.522403 22.749735 -96.487593 -53.683376 -13.789415 18.299986 
10 51 359 370 791 1628 1672 2254 2319 2521 2657 -9.553416 -96.723010 -79.108220 -18.152827 77.814271 -18.033478 -11.230273 -61.832233 -60.409469 -6.410162 
12 223 233 306 348 1947 1957 2225 2317 2382 2882 2968 3047 90.714627 -95.181895 36.100354 13.794933 -65.093245 -88.243833 6.505529 -87.613966 -94.947210 39.724051 84.287256 92.182953 
0 
4 464 1439 1821 2749 84.272577 -57.125973 30.219729 -27.857283 
10 159 507 736 774 1740 1796 2059 2479 2859 3364 -85.387520 -80.489471 8.839948 93.136662 -49.408772 10.202552 -78.851072 53.670621 -8.894422 -90.258455 
6 1075 1781 2122 2307 2959 3223 -76.003387 -31.380408 3.366103 7.631606 89.257767 -27.748747 
6 57 163 948 958 1720 2952 -93.975461 -30.902437 39.081547 37.015797 -23.706741 -36.614787 
5 305 999 2526 2973 3407 -7.461901 -87.351154 94.103578 -60.602210 91.309665 
5 482 731 879 1768 2581 -19.192787 -81.474867 25.412962 91.063666 -73.334216 
10 422 484 566 790 846 1432 1684 2840 3355 3491 59.517868 38.586744 41.041327 -49.125398 24.980101 81.923690 -54.329796 -85.245591 87.247750 1.853634 
10 702 891 1165 1169 1862 2141 2370 2513 2790 3002 -17.490952 98.235718 15.172424 86.289993 -37.460229 85.571530 69.558871 15.485529 85.936718 -19.014518 
10 48 271 705 1066 1565 2135 2378 2394 2597 2931 -92.893753 -40.129311 -93.968525 17.668118 42.375820 -73.490772 -12.061433 -33.281360 -65.755258 -99.509620 
7 177 301 356 478 910 2111 3393 75.546258 -71.092520 -65.686488 -78.345829 -31.474776 23.621361 39.119748 
9 363 395 530 679 1180 1417 1780 2779 2857 22.768691 74.411454 18.030479 -79.884762 -58.968653 46.255187 -2.214889 59.699643 -43.018809 
1 71 -99.227431 
4 1063 1186 2060 3353 -16.462585 18.653414 3.530634 -42.549582 
6 787 1180 1877 2234 2485 3313 -63.708012 -87.373045 -30.758649 -2.488020 11.853967 84.595625 
5 140 865 1661 1693 2554 47.680599 84.535683 87.865545 -14.428580 70.277404 
8 323 1110 1143 1654 1701 1851 1978 3414 -70.593289 -13.289212 -77.653917 61.715499 74.120380 -65.786698 -22.557834 63.210696 
4 2755 2990 3232 3302 -66.726778 -21.520583 19.752717 38.610241 
4 513 1794 1913 2904 52.489649 73.826020 -30.327648 64.934745 
4 4 1092 1250 2434 -33.139996 96.013069 52.110060 74.371744 
12 33 134 387 716 1465 2158 3048 3170 3196 3324 3325 3464 26.635114 26.734367 -79.791287 -62.959588 -87.413388 -97.071408 -70.952582 -14.369351 0.006155 -49.784732 17.126349 15.342694 
3 405 1668 3000 -28.695519 57.320320 76.318626 
7 136 784 916 1838 2416 2903 3344 -47.269579 -15.473964 47.750768 -6.469088 -48.339260 -83.459349 55.730513 
6 641 713 1540 1549 2907 3128 10.571334 69.969202 -43.209726 -2.717232 44.692147 -87.203204 
6 314 500 914 1128 1284 2882 79.396384 52.804373 -96.253190 -49.148849 72.320591 10.753263 
5 868 2031 2492 3226 3353 94.396210 -54.703254 -83.861292 -64.049680 -95.548496 
4 554 2420 2818 3408 35.102656 -15.080053 -26.467766 4.992353 
4 905 1390 2151 3195 78.008085 27.951517 3.648677 -16.359918 
6 12 417 1178 1237 2125 2635 49.948354 -92.751569 -63.631734 95.889375 -68.166021 36.247559 
4 959 1540 1970 2512 99.451396 -39.660557 -78.390668 8.254640 
8 411 1140 1385 1734 1894 2117 3034 3167 85.668842 -51.328486 33.862132 97.978867 -47.127051 88.825240 -25.546178 15.284229 
5 493 578 1284 1301 1563 -58.159699 -92.903615 23.578476 -74.006527 -64.960723 
9 419 628 1294 1465 1505 1657 2099 2406 3214 -95.301575 51.937657 28.131433 -47.139106 66.004677 60.381960 -52.123800 55.305837 20.742576 
4 2083 2692 3041 3360 -12.621060 -2.453652 -63.169551 -21.053094 
4 836 1901 2065 2609 4.665387 4.235063 32.563831 -33.258667 
8 391 762 951 1178 1221 2139 2437 2900 50.214239 2.471601 -1.147275 -28.269728 12.075728 -43.023244 -21.926216 69.139161 
9 1016 1192 2327 2508 2567 2599 2951 3163 3464 41.256630 31.569027 -44.955147 80.919353 76.104097 -18.218898 -48.473401 -6.507466 -73.662085 
5 516 1368 1961 3449 3450 -49.045578 -30.362934 73.469873 -88.811487 -66.364194 
4 48 863 1962 2561 -70.860604 -40.297276 -9.765955 -15.914319 
6 525 551 652 803 2604 2929 30.059120 -30.653389 38.530059 -67.026758 24.388848 47.160178 
6 24 773 1658 3277 3401 3409 76.700201 36.145155 -36.938621 82.664715 43.112528 -1.078921 
5 486 747 1828 3153 3466 45.890978 15.998849 12.705972 77.033123 -97.940296 
2 1186 3330 -23.422114 31.326140 
4 1569 1614 1924 3303 45.171504 32.819784 -30.973264 66.668460 
13 51 227 684 796 859 1164 1511 1647 2029 2365 3077 3230 3410 78.560909 -82.189527 -71.797705 58.129497 21.304938 30.283131 34.606055 -6.572742 95.305750 -52.123765 32.594950 12.677294 -82.195298 
3 1058 1778 2580 42.309198 -69.355108 -57.184750 
6 1168 1824 2105 2689 3243 3302 -46.321723 -46.614636 -74.338860 40.652336 26.237585 -89.066386 
7 1436 1775 1892 2335 2752 2882 3409 -25.382396 -8.232968 71.605567 -25.967010 -57.084341 15.959493 27.978702 
5 817 1575 2763 2853 3444 -89.201529 13.741146 19.873500 -94.401037 -6.678689 
5 1009 1387 1574 2310 2750 40.460801 -86.589699 -27.628691 -70.392977 -75.181289 
2 2420 3485 -23.872016 -65.426997 
6 874 1506 1847 2645 2662 3002 -29.862607 -58.803508 11.963939 -95.157532 1.901011 -69.411846 
9 247 967 1038 2060 2185 2615 2954 2989 3323 -7.050571 -17.797835 -10.765956 32.974694 -86.349907 30.863341 86.614446 70.544608 -75.715796 
5 41 1013 1488 2430 3252 21.902627 5.159557 14.222388 -54.159248 60.980238 
8 464 2201 2375 2467 2823 2850 2935 3495 10.281407 85.714052 -18.067264 -4.437726 33.591942 -34.162484 72.155107 -76.095429 
9 483 503 797 1206 1914 2283 2827 3068 3202 73.926703 -26.591504 15.876755 97.989485 -67.081145 -35.766202 96.569098 21.662880 -30.908962 
11 189 949 1523 1568 1757 2063 2178 2485 2683 2755 3149 -13.212970 84.689220 60.351884 -25.513213 5.649772 -97.675448 -49.639270 -67.697652 -69.113494 25.759890 19.026983 
3 2000 2232 2892 11.313994 -44.275881 -34.919631 
5 25 201 1499 2179 3359 80.134702 10.501850 -5.582595 59.919626 95.102760 
8 1073 1103 1509 1539 1843 2919 3001 3268 -90.459532 85.716280 15.864393 -9.337505 28.835866 25.671010 -22.278201 -28.890417 
6 510 516 1165 1271 3033 3427 44.435842 -5.507476 59.703621 -2.438994 -46.578221 84.402333 
8 266 595 810 1093 1135 1807 2887 3366 -47.932544 77.168095 82.868258 -3.342497 4.835310 38.298059 23.466403 59.592300 
5 2 62 240 577 1316 -50.395726 -11.990176 44.802136 -33.424552 11.893318 
6 30 251 1202 1538 1860 2984 -10.461558 34.045660 -90.844233 -5.896136 -96.200618 74.389776 
13 116 134 205 214 404 702 1065 1121 1490 1672 2058 2967 3316 39.987171 76.868615 -11.762835 32.675082 -73.881694 -9.444009 84.577910 -50.950932 -46.484782 -60.898713 5.455223 -33.569708 46.668906 
5 323 1052 1180 1435 2213 15.595134 -37.959511 -31.615046 2.437595 -51.042464 
4 257 1246 2224 2627 72.048493 -37.047122 -75.149835 93.422055 
6 616 1016 1912 2310 2659 2948 87.340236 40.079873 -33.285573 62.305077 45.084021 72.012803 
9 327 335 446 522 535 594 1603 2288 2944 8.436349 -51.264165 55.756782 7.610073 73.966132 58.902384 -49.470767 11.767943 89.885554 
6 23 177 717 2167 2585 2788 -87.759371 -39.744326 -34.057652 58.181948 69.274236 -99.675526 
7 98 1078 1098 1309 1931 2404 2422 19.589370 70.011866 25.011573 2.893244 39.563318 87.528213 -78.813747 
8 169 300 1879 2102 2592 2870 3058 3168 -54.622244 87.496670 85.198941 -49.167789 -24.760637 -44.759361 -61.286953 -59.984870 
10 1179 1185 1521 1626 1908 2066 2854 3193 3308 3441 82.335795 -60.541820 -26.932647 -38.343135 -40.218416 34.881250 15.290264 57.563761 -86.212320 -91.172405 
10 197 498 807 1538 1896 1907 2690 2766 3162 3339 52.468360 56.143280 -24.771587 -98.339120 -76.676849 -43.962546 -15.264566 -4.546729 -22.553456 50.360866 
7 1736 2050 2445 3057 3187 3349 3431 82.513195 88.616451 -66.557567 78.309851 -53.177829 -3.258079 25.219452 
9 96 436 1407 1410 1560 1996 2509 2788 2954 -69.097463 -92.485652 72.977159 -3.737454 -73.715165 -37.600733 -16.864090 -84.167366 53.969340 
2 201 332 11.017219 7.319008 
10 219 275 1526 1658 1727 1997 2497 2887 2930 3114 26.139405 -52.599174 13.380467 -1.414790 73.057632 -4.300604 74.443753 -0.749030 80.220797 -3.623468 
3 706 1910 2483 22.036961 -52.090298 -75.556870 
7 80 714 924 1913 2147 3031 3369 -35.364637 -75.563086 17.855055 80.096905 49.316125 40.821209 58.420694 
9 75 446 565 724 760 1006 2159 2213 3117 66.843671 -31.452605 47.379212 -70.875736 -81.304755 -55.949979 -99.660592 62.125499 -49.381633 
9 10 378 417 1597 2250 2455 2456 2509 3330 68.910470 38.261720 -14.948128 25.237226 -78.364755 -42.907938 97.323657 -24.199603 93.764761 
7 390 1061 1337 1410 2118 2678 3301 -46.171225 53.768027 -61.076318 57.784439 -62.782308 -19.591833 71.643124 
8 568 788 1110 1485 2175 2528 2799 3113 -21.659012 -3.498133 84.700927 -57.115099 36.460182 31.661787 56.635946 88.547523 
6 413 661 677 1169 1249 1843 -18.228419 37.514086 51.592058 -93.219913 87.147386 90.228703 
7 309 720 1356 1845 2007 2259 3474 -90.058307 59.445436 -6.642797 53.468785 57.587507 88.459208 -40.254498 
6 62 265 677 1518 3056 3422 56.770348 76.416115 -41.784000 -90.728806 30.513382 -58.191699 
6 25 918 1163 1675 2398 2851 -94.149686 -67.094415 34.626578 25.305768 24.067133 97.881628 
5 622 1075 1326 1616 2516 70.161969 -21.904857 -16.456398 -82.750328 34.479081 
8 123 258 362 528 903 1354 2624 2686 43.939772 96.709710 -91.642236 0.512705 -53.523008 -44.361402 18.802468 -62.543991 
7 757 858 1459 1690 1901 2287 2664 51.639218 3.745889 99.965128 51.962201 67.221087 53.594628 7.219539 
10 4 46 435 781 939 1051 1134 2164 2181 3410 -69.787045 -99.895030 90.831599 38.091179 -31.594125 67.388688 -74.093754 6.671635 40.968902 -47.065229 
5 743 1556 2104 2686 2719 -92.459260 -3.932119 41.063535 38.504167 -28.026024 
8 452 591 612 902 906 3088 3156 3213 -22.512869 -65.321382 59.569710 -24.945361 32.848856 -3.527581 -0.054083 -68.667081 
9 48 154 866 1325 1392 1876 2043 2459 2584 -0.700313 50.192128 69.605835 -56.066821 -25.092903 67.499259 39.679758 -74.579846 -54.726344 
6 216 1667 1879 2178 2660 3125 -73.368207 -22.134213 -56.142653 -95.888817 -48.297168 -84.491693 
6 84 1835 2613 2815 3468 3478 97.850764 -79.778233 55.402852 59.235688 18.545824 -46.411121 
6 992 1011 2029 2353 2360 3434 -59.696972 -93.933095 -56.105569 32.279189 -3.912862 -51.241411 
10 775 1367 1806 2351 2545 2640 2745 2873 2959 3262 -29.828760 11.966070 -69.152921 -3.329424 -21.814926 3.635330 6.442648 -78.971981 -94.429097 28.412571 
5 161 878 969 2608 3089 -37.635468 6.437374 77.963259 7.301047 45.585346 
7 272 318 421 952 2339 2370 2587 83.030910 -72.721071 63.471485 76.551478 -40.715577 -57.792719 8.743769 
7 269 365 1549 2843 3209 3486 3496 4.619848 -48.249314 -62.791541 -2.091231 19.717035 5.029641 16.995739 
14 164 297 348 622 1009 1960 2427 2682 2885 2895 3045 3134 3225 3379 4.588781 33.947123 -50.312844 82.795664 23.638751 3.055476 -52.357282 -30.100742 12.482365 4.853830 -4.715236 61.679574 -22.556043 -56.908752 
3 208 2182 3007 37.035971 -54.434744 3.744966 
6 290 507 558 826 2239 3413 9.377085 -77.531965 58.274499 -64.021275 -12.204301 61.852404 
5 76 396 550 613 1725 -62.510557 -0.719297 68.183248 70.299283 71.610389 
8 742 1347 1437 1554 1854 2280 2580 2691 -38.387828 -78.405174 -62.132729 96.239274 -24.712310 -31.916428 -85.452176 -20.829705 
8 33 89 146 832 1332 2527 3172 3482 -97.045876 88.048655 55.700164 -73.389438 84.244169 94.681722 -10.156255 -30.270530 
13 133 581 903 940 1338 1455 2359 2437 2545 2751 2929 3237 3294 -51.455726 22.339416 19.927652 38.911648 -34.787250 -88.085512 -27.457683 -2.951292 -57.675214 63.940605 -11.209612 24.180107 -61.229011 
6 751 931 1480 2201 2946 3440 47.990164 -12.895554 3.017672 42.951889 -21.211478 77.654594 
7 121 171 1309 1410 2923 3352 3463 97.656078 42.385638 -81.349312 -15.585303 -50.530989 95.028305 40.719899 
7 173 392 404 573 1951 2389 2864 56.202982 96.922589 29.589947 -91.562403 -0.199317 82.846428 -20.837891 
7 19 443 1043 1103 2193 2728 2903 -64.235672 -32.160811 -19.951935 -48.116656 -36.022094 21.734311 -17.962008 
7 322 1395 1495 1849 1921 2148 3136 -81.468397 -21.890588 -67.443929 64.023987 25.494841 16.368097 -61.890218 
5 207 438 743 2821 3253 67.518289 15.924449 5.238182 -28.161317 6.744403 
3 921 2833 3218 51.225100 -32.086329 -94.836657 
6 53 86 1867 1951 1995 3469 -10.211553 -95.096533 -99.537258 55.765830 -64.690184 0.541344 
3 187 635 2886 27.049317 65.475856 -2.459544 
8 177 759 1091 1527 1962 2442 2735 3128 -61.637240 7.429425 82.058964 99.434601 33.998725 -75.672896 -12.881338 -79.324283 
9 257 818 827 1092 1433 1764 2115 2542 3271 -36.429150 -87.561485 -85.763620 -60.673966 -65.633193 -96.183384 -73.442121 8.601091 36.554737 
7 61 1487 1606 1988 2235 2289 2904 -42.032567 -58.951035 -20.791173 -77.024752 -39.762274 50.376858 -1.557169 
5 14 1577 1730 1983 2543 -95.048073 -74.708642 -57.476296 -46.001673 -26.537913 
9 231 726 2028 2223 2407 2932 2958 3156 3165 -69.066183 65.586502 -8.284847 29.703725 -57.482715 -99.988227 -70.708937 -25.294421 35.674989 
7 1566 1675 1876 1997 2061 2072 3252 -29.823020 -47.621807 -50.067299 -10.822711 71.894509 -19.677194 -88.091826 
5 869 1786 1938 2284 2414 -3.136163 -72.491659 -13.379365 -83.211049 91.630861 
10 667 1160 1270 1387 1532 1839 2191 2203 2564 3051 -46.352157 19.206528 94.123052 -59.683995 -63.366657 57.920923 88.418146 -95.601997 -41.916331 -36.644931 
5 992 1260 2837 2975 3198 -57.778085 -87.315404 46.691043 -78.632655 23.946645 
5 1336 1484 1575 2399 2920 76.281869 43.550986 -18.829056 79.089613 63.436212 
11 496 619 841 1044 1172 1356 2260 2489 2509 3042 3274 -91.787475 95.410077 29.664084 -56.254427 61.549621 -69.523141 -19.051978 55.881985 1.025724 -25.274604 -11.794368 
5 341 1029 1884 2715 2902 24.411318 48.826219 26.382067 81.282008 -16.813159 
9 482 632 672 902 1239 1460 1894 3151 3213 68.234053 -7.997994 77.119630 54.836898 42.978951 -35.455859 15.962437 24.515949 -24.313369 
8 45 236 314 1320 1818 1863 2559 2621 -38.861503 34.622803 -67.319437 -7.960206 -46.946276 -55.101519 -60.656708 -35.676579 
10 227 231 490 765 777 1808 2321 2379 3194 3404 -36.381646 46.843288 -97.359095 7.158096 22.949168 -9.516617 -32.553775 52.304843 36.258333 46.481287 
12 132 347 368 392 975 1544 1596 1651 1865 2772 3197 3363 31.796821 -37.314970 15.262867 -72.684187 -38.024181 64.120417 68.896781 28.243689 15.456858 61.041263 -80.828814 66.837186 
11 60 244 742 921 1235 1339 1549 1825 2193 2590 2701 17.961348 -3.187969 46.507762 -53.687104 -19.611701 -29.481918 -64.767351 -95.684032 -79.727132 -46.284522 -60.488629 
5 920 1140 1585 3270 3442 -97.313932 95.029321 -12.407960 46.579473 -11.384539 
8 136 365 399 919 1597 2788 3215 3222 -48.248237 85.477382 -49.529513 -85.416924 -73.206871 -6.407489 -86.418217 -82.341149 
6 351 443 1430 1892 1993 2903 82.857047 35.022456 -96.032413 4.726173 7.926321 23.503887 
7 215 297 671 1260 2236 2516 2982 5.925888 -98.501288 99.407069 51.590341 17.537864 -19.822364 51.759427 
7 269 378 1240 1997 2408 3156 3498 53.785698 -48.609425 -87.210592 31.016894 60.015098 -73.236394 2.380202 
8 1091 1103 1191 1205 1989 2552 2929 3302 -53.107224 -28.306260 9.787988 -13.229012 2.323430 -83.676407 74.609153 92.436994 
5 196 317 1020 1586 3403 -69.337289 -0.104500 -34.767093 -81.232716 -78.957686 
8 483 593 934 1318 1583 1798 2087 2926 -55.749697 -58.584179 -26.722420 -21.704621 -92.077338 73.771709 57.241535 -70.586391 
9 2 548 769 796 1763 2582 2695 3273 3293 60.539321 -24.407471 -81.594156 -99.370601 -43.978062 89.877500 -2.288061 82.589467 -24.803432 
10 50 532 600 736 1303 1635 1936 2081 2149 2574 57.332034 -2.195899 -92.465520 -79.712390 -2.824591 -50.243143 -60.426512 24.313816 -68.501690 -92.096154 
9 198 221 419 1133 1386 1941 2210 2223 2836 -66.182970 93.812874 12.352711 -69.685422 -72.606156 59.410570 55.630369 1.591211 -5.590149 
4 983 1040 1138 1842 98.773507 29.337776 -6.250812 -43.013185 
7 95 408 894 1455 1619 2207 3055 -26.350708 0.596897 35.010915 -88.397754 -77.961245 95.610474 -14.687870 
9 108 204 728 1537 1589 1670 2292 3255 3328 56.095782 77.102604 -64.187769 34.669769 -47.090673 50.773478 80.284538 -75.602714 -27.672072 
4 1206 2446 2667 3315 3.193664 -8.790819 15.123262 -65.531406 
3 1325 1564 2257 52.073115 -91.905302 21.610003 
7 9 644 1438 1530 1692 2976 3406 31.517433 -0.020828 2.443059 19.516257 -61.797070 25.134241 17.521495 
7 364 833 1222 2211 2512 2944 3194 -9.685113 -90.111281 -8.256735 39.508727 45.556921 55.581493 38.540579 
8 176 357 495 567 1006 1248 1418 2890 -24.823105 96.195399 18.405834 -84.212895 -25.720080 -5.444268 -55.280997 -39.683790 
9 442 851 906 916 1428 1612 1885 2427 3251 -81.232359 43.206768 54.181449 -23.155131 46.768684 -39.242347 77.830753 -38.990956 61.054845 
6 1400 2522 2586 2613 3164 3293 1.567962 59.891495 1.999309 16.304634 51.708222 22.906010 
11 54 367 498 1659 2502 2900 2951 3313 3375 3390 3409 14.892739 -88.541161 -22.034405 -49.801191 -37.297302 -76.969514 42.722423 -66.411949 -89.864772 16.879340 -92.232788 
2 1791 3096 -80.891045 17.640754 
10 236 532 782 1121 1706 1822 1987 2609 2782 2827 35.056525 -0.638781 70.113604 97.612943 75.199182 4.525893 89.255347 -70.409149 -38.214747 -77.805174 
10 725 829 1040 1146 1995 2162 2303 2718 3233 3483 7.889320 -18.102082 83.062151 86.559794 62.828937 -30.512088 93.875795 37.034767 25.681104 50.695563 
15 38 275 526 607 1116 1216 1356 1537 2147 2217 2394 2903 3152 3248 3407 55.419488 -11.620607 91.542374 35.085527 73.510062 6.613525 -97.404888 -87.740881 -1.759929 -83.523729 76.794412 97.927223 88.323927 -27.660007 -51.410438 
8 521 629 1402 1576 2875 3198 3333 3439 -88.115943 -88.550873 -99.971001 -50.317800 -46.851518 18.912955 80.412145 27.654685 
6 25 1591 2115 2762 2944 3043 -45.687423 -54.800411 24.792326 -48.032464 8.238077 -45.013640 
9 371 1537 1538 1948 2024 2406 2637 3023 3449 69.127155 80.975010 -11.045267 53.744847 99.133704 14.887470 42.483976 -56.714598 -63.375704 
5 169 869 923 1837 2463 17.124201 63.540338 66.497061 0.855905 -32.762024 
4 25 83 705 3449 -89.216556 22.614434 61.978806 74.144220 
7 38 670 916 919 1482 3284 3425 -39.372930 10.860730 6.919992 4.000542 -33.668559 -32.087535 -10.752399 
10 169 384 563 637 837 868 2096 2131 2573 2607 -56.613116 81.084310 18.673528 -49.272102 -5.338763 -66.488371 85.356855 -10.514468 -40.136645 -81.454679 
7 84 367 820 1077 1427 1689 2000 82.277835 -67.733476 -78.004002 -88.262284 -84.633304 -29.868778 -52.955227 
4 2269 3291 3315 3365 84.431762 62.544703 -76.689126 -58.371892 
4 1259 1505 2087 2137 -45.356275 -49.523363 27.306732 96.195159 
8 481 769 1841 2436 2755 3316 3360 3472 89.417328 69.538236 -89.656085 33.216351 70.769589 -99.761500 99.465405 -76.300316 
7 58 544 950 1500 1904 2214 3466 24.587527 -19.616273 -28.874788 75.960852 -7.495524 -78.859366 10.231142 
10 53 268 435 1194 1202 1259 1292 1635 2405 2598 -17.938260 81.947745 72.391065 15.555299 -48.415192 -50.106297 -55.934165 -79.916213 -6.611054 -13.891812 
11 1119 1393 1539 1912 2180 2370 2890 3015 3071 3375 3388 49.086431 2.260965 65.786797 -52.349912 -56.620479 -24.022371 -49.409853 82.777556 43.221220 82.255820 -55.445091 
7 134 273 1171 1559 1785 2419 3110 42.668327 -87.935260 13.624695 3.685196 18.912022 41.397014 -84.058724 
9 790 823 1663 2043 2167 2304 2367 3263 3498 76.417595 -79.667012 -32.789928 5.580566 -2.316646 56.551646 80.572637 29.618618 11.612209 
7 398 520 694 1559 1672 1800 2087 -94.042119 12.721130 65.569816 61.997758 -8.053554 -86.045024 74.534645 
10 652 777 1192 1274 1333 2002 2252 2420 2761 3159 -45.882678 37.072045 50.998382 -91.014828 -61.430722 2.476906 76.072531 4.824792 53.488217 -78.726762 
9 258 300 619 1001 1033 1068 1940 2727 3111 -64.325930 23.481511 48.706509 42.387233 60.186677 -21.843783 18.666136 -19.729716 2.041385 
4 1403 2000 3344 3423 65.160201 81.304711 15.840095 -81.591698 
11 255 448 496 1038 1192 1208 1592 2371 3120 3163 3389 -74.908066 -18.548426 -90.629053 -66.136439 10.830202 -47.827508 -14.711795 -20.294257 68.317026 39.106350 -19.345237 
9 227 499 643 1459 1688 2419 2475 2842 3170 -10.267287 91.918125 -99.511433 -7.973605 -70.956810 90.616279 12.648329 -97.108900 60.015380 
5 2309 2345 2470 2721 3230 26.263853 -98.327044 78.031127 2.876380 -74.863539 
6 559 792 1431 1885 1922 2352 91.433604 70.491574 -35.976566 -69.375470 81.441893 74.217019 
6 6 91 532 1393 1730 2062 39.861568 99.373554 59.639707 -35.780020 70.921600 88.752963 
4 521 1534 2513 2615 -9.654296 -24.513542 -87.989366 -10.750055 
3 752 920 1196 -41.929497 76.557929 -19.560247 
4 490 915 1539 1663 -71.770810 17.097739 -47.015915 -11.776986 
6 46 87 376 413 2878 3365 34.226532 80.457638 78.760541 36.775612 -81.689358 -90.221902 
9 570 816 1537 1568 1760 1900 2132 2443 2465 47.383034 -74.714518 -73.362134 0.055820 46.898020 -40.093852 -44.379801 19.736542 67.157973 
9 97 229 464 481 521 1026 1978 2744 3211 -57.520892 81.712256 76.455132 55.661664 29.705264 30.804641 64.592758 -42.839943 -5.839747 
7 864 878 1063 2065 2177 2989 3092 57.993435 -69.784284 -37.335694 86.322832 -60.112437 96.701277 -40.559174 
5 455 2011 2122 2721 3289 19.528610 -7.981666 -36.683079 -17.415915 -74.933249 
8 962 1016 1048 1978 2784 2874 3253 3427 -55.276142 10.944733 -24.645623 38.222197 -49.887800 6.944627 37.354056 -11.274163 
5 131 1572 1813 1990 2800 12.010757 3.575176 -0.847210 -74.715223 46.700456 
5 246 2822 3017 3371 3474 -67.238414 13.992960 76.854216 76.503115 -60.185501 
7 354 514 523 560 797 2663 2983 96.814714 4.298073 58.068331 -81.092364 -79.654980 -86.795653 -44.496636 
4 559 1619 1657 2998 -7.550112 98.983695 -57.080514 -89.738738 
8 1214 1444 1990 2204 2712 2875 2980 3016 92.047469 78.594837 -66.258728 35.214977 64.754893 -62.101535 66.904050 46.317060 
10 533 568 1060 1264 1441 1681 2071 2786 3085 3183 -19.794435 -85.308748 -82.369802 -93.353697 88.191477 -3.108888 -62.921460 71.630172 39.136482 38.649244 
6 249 570 885 1741 1857 3274 -88.254059 -75.401947 -2.066292 -58.258172 -39.097241 -75.328174 
6 74 1074 2305 2696 3183 3270 42.521103 46.804439 -0.976183 -38.133646 -86.193577 -78.721533 
2 1307 1711 79.675600 42.158277 
7 577 772 2261 2574 2722 2790 3325 32.506595 -2.253626 -28.451365 -39.339712 -6.841910 99.592671 36.404373 
8 63 436 644 1874 2486 2505 2597 3234 -6.418026 -83.941533 68.482697 24.474169 15.760872 -29.805327 2.415730 16.657521 
3 2508 2642 2972 53.519041 13.674961 70.678323 
4 2318 2715 3188 3309 57.539880 -30.161523 27.990481 -41.159128 
7 379 820 1046 1083 2537 2865 3166 46.197687 -83.054087 -6.727545 0.946577 -48.482028 -52.400561 85.436828 
5 385 791 793 2315 3482 -89.274658 -73.870778 25.649264 79.140507 -92.932739 
8 1172 1551 1740 1878 1962 2333 2800 2977 1.519415 42.116061 -21.532392 91.058301 3.412243 -60.431985 -36.332414 -19.083618 
6 805 1513 1796 2089 2392 2834 -86.021460 -98.668005 97.056656 -21.456528 -40.633582 -48.347021 
8 295 983 1025 1094 1350 2759 3024 3333 -16.524071 -50.900275 -72.555620 -78.070390 44.151298 17.513058 50.855269 54.261746 
7 1466 1607 2590 2795 3182 3355 3376 97.288896 11.151195 54.818126 72.702437 49.611729 34.548422 78.855112 
7 1061 1106 1444 1484 1616 2889 3424 -74.631472 -22.664220 -30.002346 59.985470 -75.173495 -18.369859 -90.130841 
5 330 1387 1754 2325 3391 -40.489428 29.270046 42.913096 -4.577159 -52.900599 
6 19 59 863 1023 1411 2138 38.101323 -71.607660 22.947606 -93.484133 -15.445122 37.423335 
3 389 2013 3163 -15.794265 -65.078417 98.744091 
3 2133 2652 3059 85.022099 25.709786 40.451734 
7 962 1877 1903 2012 2099 2366 3139 33.628217 -39.136985 -2.235822 83.295003 15.449639 48.990549 90.420779 
10 558 640 1060 1156 1304 1609 1655 1819 3291 3355 75.530874 22.115122 -34.990914 -5.067937 -9.459252 -61.210626 -39.055635 -69.954948 -88.955595 72.793629 
8 312 656 887 2114 2910 3060 3100 3119 -50.798164 14.549046 85.476102 -26.142451 -54.030777 23.744752 90.950790 51.913302 
4 1353 1711 1884 2841 -57.238997 -44.411885 -6.651918 -74.274119 
2 906 1858 -84.004166 94.390539 
5 1 223 1847 2228 3403 46.715472 70.006577 -61.284827 55.020411 86.237551 
8 681 1508 1927 2016 2023 2274 3090 3496 -0.865050 0.935853 39.378608 83.394936 86.857773 16.259987 22.737156 -29.784625 
4 24 1746 2382 2543 -7.310226 30.873443 -39.456306 -18.217546 
10 400 810 1868 2109 2496 2779 2955 3296 3444 3451 39.739122 -80.200969 -53.499691 -33.668584 13.742959 62.473177 -58.847252 -54.819400 -6.274132 -25.223335 
4 505 1719 2222 2758 51.072240 -24.781628 48.196482 -91.541512 
12 39 90 135 247 774 831 839 1097 2764 2938 3213 3304 69.101333 57.632769 20.903049 17.471289 -53.474621 86.556836 93.474917 81.735641 50.636377 18.035969 -37.453036 61.235220 
6 197 658 683 762 1989 2069 63.607654 40.790057 76.079315 65.095041 -86.888366 3.176278 
7 1765 1990 2074 2900 2917 3226 3316 63.276690 -36.119397 6.332824 -84.987291 -9.644238 -61.743541 -79.567154 
10 25 961 1108 1608 1888 2253 2803 2963 2977 3202 26.226288 31.460643 94.847190 -57.922641 -60.510516 -97.922477 -38.768342 -24.349088 17.736431 -97.908067 
5 1451 2042 2835 3063 3113 84.442152 93.925150 40.039010 88.732670 84.926277 
8 596 794 2161 2393 2731 3284 3428 3440 -67.462626 -37.197630 61.932168 -78.659846 24.142994 15.620525 56.924450 -80.619604 
8 237 532 764 1008 1025 1611 2746 2936 -17.024070 97.161401 40.218452 -36.328251 79.063939 -52.075316 -62.291097 62.373313 
7 514 1780 1786 1833 1938 2002 2605 66.912856 35.057779 -63.848624 -32.401229 51.630384 10.227441 -3.617612 
9 802 921 1126 1213 2081 2375 2597 2792 3090 -32.647693 58.703250 99.614143 -83.975765 -66.541685 -5.014396 -35.310717 -99.998854 -24.980321 
8 1053 1148 1361 1713 2230 2442 3189 3302 16.501097 -51.252569 -41.653353 33.721405 97.493654 -8.676847 -31.540750 16.615306 
11 207 290 1078 1271 1820 2123 2317 2325 2377 2507 3255 -7.408147 57.895498 -60.899899 96.500381 -52.890064 -51.076643 -51.892572 -98.079633 -62.073006 -90.244146 -2.634578 
8 171 403 694 1269 2063 3250 3319 3492 -58.597158 -89.896453 42.147207 65.237532 -28.461165 -79.794355 21.736445 -46.642379 
6 659 1175 1206 1592 1728 3204 24.156316 2.161413 87.079069 1.161767 12.138219 -91.617530 
5 941 1229 1250 2760 3219 -79.810003 -86.152937 48.302008 -6.370149 -62.533924 
4 17 71 631 2083 46.946240 -42.946951 67.773661 -98.854239 
6 1176 1352 1993 2850 2928 3485 -41.159894 -95.103395 -32.247216 -27.794976 13.228375 3.601151 
12 368 567 994 1269 1310 1435 1967 2077 2236 2690 2705 3306 45.382897 -99.919662 82.506663 -85.054385 52.322695 -16.337225 -22.148438 25.354037 -15.892752 -26.044661 -13.506285 -81.067396 
5 439 932 1265 2391 2418 14.162718 -38.945030 7.817165 -90.903895 -0.049488 
9 237 289 870 1636 1870 1926 2177 2482 2766 -40.906056 -12.832083 85.488394 -35.884385 65.950502 22.012755 -8.518794 -40.323911 -65.344902 
10 574 1251 1376 1575 1584 1873 1968 2134 2198 3297 -45.272909 -61.458465 97.605398 73.479930 16.729049 -35.101134 -78.676229 -66.273374 -15.673479 43.526181 
8 39 361 635 1552 1824 2546 2768 3266 8.153249 59.458292 -50.846060 22.480873 -56.508780 -0.281585 -56.263087 -56.603533 
7 96 404 2416 2462 2953 3300 3336 87.536559 53.608208 86.957991 90.990568 -81.778341 -8.687105 88.372014 
7 928 1193 2409 2902 2909 3072 3118 -52.432983 -45.056801 -11.100978 -90.761768 -22.820400 25.242477 69.634401 
6 19 246 467 701 1529 1923 -69.941185 -48.446429 -42.741970 49.544282 32.003066 40.623896 
9 18 280 602 1785 1838 1877 1998 2733 2831 37.212179 7.534771 42.428457 90.476227 -46.329380 -46.829824 -18.105004 -15.175678 23.447076 
7 647 817 1036 1436 1835 3275 3334 99.328648 -75.892998 30.929339 68.915732 -16.533822 12.047434 -28.099345 
6 306 523 1129 2122 2818 3367 -84.081812 72.445668 -33.280623 39.220836 93.244066 -43.304327 
6 88 537 796 1360 1668 2925 -71.875676 28.252650 97.080245 -78.139098 -5.427458 -3.912353 
8 222 468 536 1136 1509 2357 2956 3118 -26.355708 4.550571 86.521447 63.673939 45.442906 73.688764 -80.807312 -10.748370 
11 539 651 1955 1981 1993 2277 2438 2820 2901 3118 3313 5.579526 -0.461904 -46.971773 -63.492832 9.828034 44.982723 92.000772 -67.554296 -69.598396 -84.663400 95.231454 
5 502 666 2128 2678 3242 -2.684835 -61.006694 -83.676810 -95.847839 60.881238 
6 1046 1204 1761 2169 3012 3415 70.334292 -62.956923 71.297260 18.073616 -45.173719 -89.604411 
12 86 121 360 599 646 703 1427 2475 2484 3100 3104 3343 97.923177 -15.303027 86.315889 66.859494 -35.859293 53.187330 36.620408 -99.365779 5.639668 -12.962601 36.043105 91.740593 
7 437 484 593 769 1386 1993 2531 23.711734 -25.589403 25.041597 63.387539 -60.449747 12.270285 -15.590178 
9 130 283 1125 1602 1768 1931 1941 3374 3417 -55.127065 87.990672 46.508416 62.404705 -35.173245 87.916364 31.865408 -53.017947 55.813158 
7 347 722 788 824 1412 2319 2369 74.609398 -36.553093 75.546733 -57.260321 69.542079 84.614746 47.007881 
7 151 688 1713 1836 2707 2904 2979 35.403875 -50.924350 7.177753 -16.379873 -93.900018 80.524222 -45.477986 
6 546 698 1267 1793 2013 2243 87.208056 31.236442 -5.644862 26.389039 1.307379 -25.833117 
5 1384 1641 1907 2960 3069 -84.060900 -91.693964 -88.186480 -28.261370 70.804909 
3 1854 2693 2971 -55.276255 53.309512 16.192042 
4 755 756 1039 2616 70.274147 58.477588 -58.362472 0.608838 
6 290 828 1039 1417 1880 3406 -92.203783 66.201985 -70.697320 8.144051 10.135427 -26.798777 
5 117 1071 2851 3101 3133 17.351094 44.115147 -32.290820 -42.315087 -5.659468 
5 826 901 975 2137 2619 92.053349 38.953532 67.873642 -88.529282 -80.266298 
4 773 997 1323 3141 23.314797 -10.550370 -96.903512 -3.223854 
3 24 2001 3430 -43.968519 46.509585 69.804244 
11 373 1659 1668 2168 2552 2578 2762 2783 2965 3069 3401 79.418098 -9.206371 -12.931947 23.724594 -84.034399 -38.831073 12.215583 53.529922 47.255527 6.749847 27.104798 
15 289 481 495 510 689 1244 1583 1890 1987 2041 2277 2387 2509 2616 2850 0.267946 16.687699 10.883999 58.754875 61.751334 -69.293056 -28.862236 -92.294064 -29.461611 -70.270834 29.514348 -36.633983 40.368125 -78.092409 -32.863788 
6 307 1586 1751 2749 3374 3396 -79.583246 37.595393 -37.560246 -41.083731 30.099434 -67.984382 
4 1735 2589 2613 2880 74.156409 65.531828 6.247040 -73.800929 
6 149 446 665 988 1080 1792 -23.141075 -27.947141 -83.556887 -68.154758 55.893821 43.855415 
7 502 905 1134 1976 2123 2495 2980 47.531022 -23.923632 -5.700126 -97.176907 43.711996 -15.926051 8.563480 
3 1304 2456 3290 -45.030410 -19.677541 -66.802551 
10 159 248 502 659 1170 1373 1617 1630 2234 3251 -44.029450 91.948894 -6.317067 -32.082656 36.036405 93.312918 39.572726 -12.445766 63.468868 67.750453 
7 412 902 1155 1269 1270 3070 3393 75.656038 1.398977 -14.592377 21.050304 -28.482730 -51.454645 71.764264 
9 8 87 121 1894 1902 2132 2437 2491 2570 -87.941477 74.326553 95.518854 37.545363 -90.214615 -85.571980 44.277494 99.735919 62.051817 
5 1236 1597 1733 2298 2322 -50.591325 -10.800080 51.262122 -61.525140 73.781341 
8 393 1060 2073 2169 2178 2586 3090 3372 84.778621 9.753079 -85.774898 10.219287 37.650806 -12.819606 68.680245 -36.920003 
10 395 1259 1308 1652 2064 2225 2833 2964 2977 3102 -56.873608 39.791405 -62.788996 59.179251 -47.307806 31.998521 52.541023 19.499230 -64.854874 -46.865425 
10 59 140 759 975 1456 1958 2181 2459 2518 3346 -57.534407 95.843012 -84.416222 52.997477 43.261645 52.169311 -89.839839 87.227656 -95.174727 -46.545384 
4 1156 2324 3097 3393 -95.640525 -11.477493 68.477148 -5.870753 
6 280 866 1448 2118 2294 3265 -7.754955 14.171444 -71.909063 94.446313 -38.227769 93.610897 
5 234 2030 2748 2819 3387 2.042259 -2.689399 42.561171 2.523575 9.798749 
12 457 466 734 1388 1706 1815 2635 2716 2726 2874 2927 3048 1.374097 39.110548 -83.487726 -70.548938 -89.447070 -94.073261 40.645616 -7.490366 -6.927664 -44.023927 -10.911616 62.892132 
7 1008 1054 1702 1787 2095 2979 3379 -83.129720 48.213039 -66.964357 -26.568212 1.747718 78.056818 -1.740551 
5 380 1222 1767 2192 2889 88.036934 56.996716 -16.219890 -32.763656 41.640713 
9 109 658 1116 1331 1874 2042 2153 2738 3367 17.576538 6.721154 53.584637 -83.327919 -57.240885 -17.934383 54.998665 58.340696 42.309204 
6 503 1331 1498 1547 2688 2993 13.878210 39.258914 77.268910 29.932308 20.290244 -16.220806 
2 886 1073 -46.664617 61.731882 
8 62 1635 2277 2413 2881 2996 3234 3410 15.713337 17.589239 -25.254000 -52.764165 62.785140 10.275818 41.484943 -73.914348 
4 174 280 2551 3022 -97.331845 -53.106600 -37.975251 31.361643 
6 142 741 971 1896 2328 3403 -44.349885 47.719225 -61.266104 -60.310435 95.828162 10.106080 
7 341 1010 1063 1258 2207 2584 3477 -90.792589 -30.170594 -6.567577 18.202123 -18.157302 60.480702 -56.310318 
3 784 862 1364 18.882430 87.093772 -8.502506 
6 400 456 1393 2779 3436 3438 -76.350263 35.071450 -63.081326 41.316895 -43.423575 -74.894193 
7 47 886 1123 2219 2484 2738 2928 -42.584274 96.657128 90.011331 1.678040 8.713543 -18.425074 -37.021306 
6 424 1199 1501 2040 3135 3334 65.722225 43.167386 54.451446 58.556157 -69.476182 -56.043602 
3 92 2121 2284 5.397445 23.027952 -57.706969 
8 187 302 624 1219 1272 2262 2588 2933 4.309499 -33.883692 -3.426006 -26.862796 -0.909929 -79.854866 -48.786341 -43.838904 
6 279 518 1180 1515 1648 1960 -9.231295 -8.441621 23.026054 56.246457 -37.871708 6.272997 
4 3 1088 1345 2779 53.771644 78.583755 -78.125298 -61.421989 
5 350 1151 1526 2641 3294 -51.208039 -38.667778 -1.546224 -92.002706 -26.679957 
3 89 1673 2574 26.824881 41.606149 -99.108492 
6 1 585 1314 1705 2486 3212 -50.787363 -69.516300 42.785610 82.681687 62.970821 -50.894382 
5 1801 1983 2922 3153 3198 33.478265 95.941196 -38.305481 -53.689308 43.020915 
5 226 521 1921 2024 2775 14.936930 -40.995934 86.020835 -18.686836 -52.885363 
5 596 815 2448 2575 3070 -12.526704 46.171079 83.284146 -94.032804 -68.528211 
6 412 1165 1685 2085 2299 2635 -14.295379 -44.776918 -74.127494 57.842772 -72.031230 96.375071 
11 238 374 453 476 1223 1571 1821 2284 2642 2969 3357 88.928581 -63.166946 -74.028070 3.687249 96.422017 25.522531 16.134313 -44.890834 -27.760074 -6.211009 -59.607896 
8 872 1554 1627 2031 2297 2672 2784 2965 39.381758 9.013761 -82.177521 77.062151 78.268427 61.943593 49.971161 -58.867557 
5 2020 2474 3032 3112 3207 -44.822248 -22.502104 -50.331591 -97.710581 -22.320404 
12 188 189 249 263 721 1083 1356 1849 2236 2672 2941 2942 28.894673 17.140261 -72.569264 90.395160 93.461385 -34.480944 16.111842 97.828646 -80.741226 46.848678 39.879327 27.372287 
7 118 211 861 870 2374 2951 3331 89.358539 -98.911080 62.535173 89.853272 -35.046269 -72.789055 91.212292 
13 63 292 449 659 1443 1883 1956 2108 2182 2194 3052 3253 3394 -23.102992 -34.568695 55.319014 -72.783768 -86.625998 46.216953 12.243693 -89.651975 19.765538 -40.036629 13.671198 -22.698099 -31.539847 
12 212 267 294 917 1037 1177 1182 1445 1458 2115 2498 3021 -69.499404 31.054665 70.873709 12.495261 -6.956887 3.233774 19.975704 -27.518616 53.732241 -57.227161 -67.379752 -47.080964 
11 85 97 474 702 856 1197 1416 1800 2088 2510 2900 -38.865377 23.920972 -84.975282 17.967013 -5.651625 8.192699 36.157501 48.733489 95.578296 -39.502350 -60.852262 
4 69 655 958 2117 72.020854 -66.390314 -78.642881 67.369678 
6 167 613 2159 2393 2450 2721 -81.309835 -67.889469 51.393552 -42.392575 -94.853302 -55.428913 
3 285 2650 3062 99.273867 60.379879 35.024523 
5 51 1335 1786 2197 3292 36.026152 -77.755985 -33.853967 -1.215880 19.519724 
6 42 1931 2189 2373 2980 3006 -6.479596 -65.016893 -7.654776 -35.508042 -10.099260 -75.909643 
4 760 1215 3003 3114 95.653891 78.133940 86.805447 52.989965 
7 577 1673 1825 2046 3040 3443 3466 50.464819 -0.661985 -52.062879 -45.825730 67.941162 32.513414 60.482363 
15 6 665 772 1024 1259 1583 1647 1774 1978 2033 2175 2364 3143 3196 3286 21.333832 -9.850049 26.867269 87.876890 82.967129 63.831989 -39.139797 -2.055826 0.171961 89.988347 -88.855341 -29.952937 -72.045287 -20.636777 -5.344446 
6 100 414 980 2007 2740 3090 -83.423299 -2.596300 90.122768 45.075538 -47.508104 -44.500090 
10 381 833 1032 1279 1367 1697 2426 2493 3013 3165 -7.647862 -17.535323 15.972042 -14.543824 -9.795343 50.744457 86.816270 55.650819 64.262400 80.561010 
5 415 557 1524 1945 3426 -52.924270 16.705385 -5.327601 -25.390386 56.428081 
8 14 284 929 1290 1430 1955 2478 2784 -40.129141 -25.587380 61.944478 78.983481 4.235945 94.700120 48.005667 -98.662398 
8 347 1326 2285 2515 2568 2685 3059 3101 -52.422060 81.401168 -22.565139 90.251472 -37.878198 -59.261767 21.471427 86.014269 
4 2205 2510 2605 3484 62.959923 -64.435407 -25.956060 -17.678187 
8 7 754 827 845 1048 1246 2578 3063 70.863186 86.451471 -87.415801 38.023245 -27.615138 16.114502 64.873469 -54.115696 
10 348 999 1378 1798 1927 2688 2689 2713 2936 3201 -21.608035 24.173376 -73.778498 3.474392 52.068026 9.690422 -2.646626 65.107535 78.358915 -58.098644 
4 1263 1447 2179 2444 -15.676974 -67.927919 56.990636 91.335165 
8 32 116 845 1102 1139 2198 2439 3341 -37.004569 88.589637 -4.834633 44.694392 -34.856338 -54.544217 28.214496 37.959534 
2 2020 2216 34.210732 13.446880 
4 1087 1200 2241 2645 93.409630 33.511621 -19.255910 42.019265 
5 236 474 723 1189 1614 73.577211 -58.579782 85.508812 77.502800 68.602604 
10 146 357 1236 1639 1900 2003 2397 2833 3027 3149 94.349218 -22.147803 57.376221 77.895242 26.985285 -86.821159 -97.295109 2.454501 -71.801394 -45.826053 
8 59 307 357 1404 1778 2221 2478 3054 -61.857803 -82.187260 14.668809 50.608039 49.191991 24.725627 -91.558040 9.793383 
10 218 228 440 889 1515 1657 2221 2991 3232 3448 52.691623 82.348648 -20.226494 36.537865 17.578084 80.362626 -44.757268 90.117067 -81.432194 61.063548 
7 128 184 296 552 1203 1628 3481 -21.286155 11.335101 -79.946029 33.132269 -95.430396 20.609533 28.742889 
5 351 824 1034 1105 3277 21.337650 10.388016 -48.840421 -76.271900 3.962098 
5 35 125 1880 2304 3464 -95.329326 -36.084023 54.302039 52.131035 92.203096 
12 150 563 1409 1828 2009 2755 2846 2894 2951 3077 3284 3301 79.597337 -46.421433 -4.011097 -43.986891 24.540583 94.324555 33.386306 82.923996 -22.184399 15.957377 60.988432 53.374735 
4 763 1418 2367 2705 79.536491 34.735444 71.247812 -70.783863 
8 1 46 369 623 1235 1537 2681 3122 6.920206 -61.281502 53.174245 99.600881 -5.733777 -61.621623 58.328869 -42.023333 
5 814 1323 1609 2014 2671 -54.232386 -38.250217 -34.922768 40.545097 -71.766788 
5 237 584 722 1225 3118 41.427688 -84.460133 -14.792387 62.766479 93.531155 
9 696 1806 2131 2136 2164 2307 2491 2606 2845 55.268702 36.891186 46.622164 40.148098 -96.902966 51.531472 -0.542309 -83.736572 -87.242949 
5 684 707 1749 2600 2939 8.987616 -95.441652 -77.818279 -66.606885 -66.310115 
7 889 1416 2017 2475 2985 3386 3448 -70.596172 -82.478389 1.337108 63.643409 -37.267587 -14.846379 -42.226473 
11 80 450 634 675 718 2080 2290 2644 2710 3094 3286 76.362031 28.481012 46.502616 -53.785998 41.377441 33.241363 88.413020 -51.217592 46.980384 37.540436 -92.902209 
7 551 1117 1473 2282 2579 3052 3254 59.767350 99.428769 -87.187886 -97.707283 99.677820 82.888797 53.252846 
7 191 205 1244 1456 2771 3017 3308 -50.881097 -58.845908 84.946864 -70.989599 58.009554 5.700032 -10.408287 
5 40 411 533 882 2496 -42.387125 52.034432 64.066696 60.701468 3.435394 
5 768 1036 2215 2475 3294 -46.249454 23.001233 -95.174216 -68.444449 1.465446 
6 292 555 2584 2928 3179 3448 -61.614557 41.473976 -30.640638 21.067664 -66.999063 -62.860199 
6 171 1027 1646 2021 2154 3147 63.391882 -23.294968 81.016899 -89.601186 -6.567970 88.945476 
8 11 540 1503 1519 1760 2189 2439 2968 87.913401 87.256049 -19.736271 -57.663782 -21.422439 -32.394221 -23.711607 -38.387299 
9 157 372 511 657 840 1787 2249 2552 2562 80.291344 59.567374 6.130932 93.867445 42.832866 38.828465 -72.162609 -81.546385 30.413194 
7 91 94 702 1621 1690 2226 3204 -87.855505 38.924199 -77.157395 -26.537667 -36.270056 36.226211 33.653417 
1 2276 25.354067 
7 440 451 2088 2273 2460 3002 3138 -78.618104 44.145259 -64.615770 -78.961213 -8.215598 15.891531 -1.184052 
10 928 1158 2064 2461 2877 2938 2976 3240 3414 3494 56.902695 -30.519361 -40.728360 -44.813034 -43.887035 -11.311994 -77.916928 -71.951900 -16.121442 5.498455 
8 1380 1796 1893 1961 2360 2528 3152 3170 14.704458 -26.580047 -31.646585 -89.317516 84.968654 98.615427 23.186523 24.398537 
5 251 1570 2355 2394 2660 -74.430744 71.421733 -81.573418 51.035079 -93.447785 
7 430 554 917 1008 2054 2146 3082 -96.272469 -85.916608 -99.717732 -87.647885 -60.701178 11.593049 85.142475 
3 85 1163 2252 -2.602667 -36.447293 -29.598239 
3 369 1005 1358 -86.998316 -41.400279 62.682019 
12 70 132 181 189 197 215 260 279 1112 1325 2432 3174 -59.603616 -38.823491 21.185607 -23.490854 -92.869121 96.515512 -82.289086 0.785270 69.395282 -10.668812 -41.686415 -25.633451 
7 144 444 1412 1725 1894 1970 2163 -67.899771 -65.775541 -88.411919 -36.720664 66.604445 -46.135000 -90.879608 
12 641 856 873 1133 1335 1492 1748 1966 2290 2784 3105 3131 -4.184713 -92.905207 -50.649871 8.609067 24.531817 28.610441 95.127666 -25.344931 -93.368873 42.789723 80.846178 3.058638 
4 208 648 1778 3463 61.243541 85.454663 39.940173 -33.057639 
7 26 979 1979 2213 2220 2306 2857 25.398338 24.166603 48.544683 76.052712 -78.803745 -85.676001 -86.769334 
5 470 658 1022 1407 1658 33.302309 -30.327208 56.427517 91.775192 -83.680868 
4 1884 2312 2490 2839 -36.613411 29.436357 82.664169 4.651941 
12 1343 1575 1799 1856 2021 2031 2102 2589 2686 2803 3029 3130 -91.035264 -89.151778 90.230096 -96.176984 -95.351652 -14.340409 -40.842345 16.494437 26.929706 47.302520 -41.140866 2.826089 
7 404 683 1023 1260 1616 2604 2801 -55.971848 88.188140 -22.529163 -61.213557 82.693365 -20.486718 43.298625 
8 635 1347 1493 2288 2348 2355 2439 3175 -34.191775 -90.146632 -81.151217 54.616198 50.746673 52.917602 40.565509 -72.330546 
3 779 1933 2728 46.450455 14.005985 -6.150077 
8 244 370 883 1245 2297 2343 3223 3279 -27.616034 -69.998522 -58.838463 0.909653 -50.129498 51.595669 31.719438 30.413667 
6 1225 1923 2162 2207 2414 2707 50.085113 47.517801 -9.657217 -7.531331 28.784362 20.530811 
4 694 2145 2708 2839 36.689320 93.122519 90.943444 -40.722782 
10 228 368 377 454 1747 1939 1966 2223 2464 3155 -50.643608 89.593097 -12.277738 2.410437 41.742739 79.151984 -11.657491 61.963958 29.840230 56.404486 
9 259 676 1325 1397 1533 1633 2566 2730 3450 24.207393 7.245408 79.828834 -18.278917 91.503525 39.865039 15.955548 -57.493843 45.180810 
8 705 898 1294 1943 2145 2390 2414 3288 72.531898 -65.844878 14.550887 -32.774329 35.580516 -91.210628 -20.700514 -37.037992 
7 145 951 1225 1246 2142 2397 2485 -41.697841 -27.922128 -43.499871 -20.870371 56.748095 -27.444649 -20.047138 
6 800 1068 1265 1958 3014 3496 -43.291614 -6.144914 11.743133 46.594397 -43.092919 33.125418 
6 477 1484 2172 2186 2329 2370 18.806972 14.819309 -69.707931 36.556973 10.685757 45.382910 
7 423 520 1031 2479 2787 2883 3255 12.842258 -75.775308 91.492806 -22.783878 0.190201 70.802479 -82.364775 
6 1133 1620 1731 1892 2638 3442 -6.279391 -98.763871 -6.279108 -99.680844 71.622902 37.332765 
8 290 429 515 1235 1540 1912 2604 2846 88.101049 -91.694707 -73.749068 -38.991911 96.732956 59.627340 7.420339 96.270876 
9 768 1021 1195 1375 2152 2194 2253 2350 3477 -69.940313 68.680687 -31.985238 -8.687290 89.731508 74.425011 45.305531 72.174713 33.741424 
7 48 848 1512 2542 2647 2736 3078 81.447914 -27.396833 -79.442575 -8.682512 41.194625 -68.025848 -67.550574 
6 336 437 723 2593 3219 3221 67.936248 -92.487357 -33.123503 -21.599047 -3.649089 88.854604 
9 97 646 715 1802 2275 2334 2820 3176 3396 -17.561456 40.473401 67.289506 28.946393 28.712338 20.177606 38.016049 42.122562 60.350512 
6 901 1167 1888 2229 2336 2361 -53.156383 -13.209592 -85.442135 7.898232 -49.474761 56.952025 
2 755 3154 -92.419601 54.243724 
8 504 552 912 1141 1275 2473 2714 3179 -50.013563 -28.839345 -57.937733 81.055475 0.324336 -42.651013 -47.342848 -6.258757 
5 1074 1112 1992 2635 3067 19.366819 78.200163 64.055907 -6.259869 -81.821444 
8 17 1756 2018 2063 2111 2975 3259 3448 64.138175 -90.334280 18.373865 -51.241139 20.352718 31.551932 -6.780386 49.022721 
5 163 485 624 1176 2148 -24.508585 -27.971697 78.580219 38.468982 58.329977 
3 1943 2109 2998 31.074244 -85.673254 56.671506 
8 719 1334 1406 1658 1666 2454 3048 3217 -81.229000 -34.070875 64.154711 41.214620 -26.785280 -47.330098 17.571238 -48.412691 
3 227 644 1925 -43.091581 -6.428131 -47.335650 
7 176 296 1885 2730 2805 3188 3386 -31.988291 10.926025 -40.287124 -66.168800 -40.945230 21.083800 -78.999296 
4 682 850 2042 3315 -21.528445 69.354365 20.795331 90.871536 
6 455 1210 1582 2626 2893 3001 52.556675 -70.055438 66.241890 -24.780717 10.914151 -69.473740 
9 679 1156 1300 1716 1717 2379 2459 2549 3372 33.929777 -72.480611 -10.682820 -76.056631 -36.145324 64.449875 -22.866934 46.325555 85.087540 
11 208 332 410 735 836 1668 1876 2059 2871 2899 3092 -44.556710 -1.850266 -87.820454 42.144805 -90.476974 83.507966 99.831686 52.933209 -60.561000 87.008128 -20.556340 
6 169 268 1156 1610 2656 2826 95.783069 -36.434888 15.497564 -58.724240 -11.656834 -99.985634 
8 236 793 1202 1222 1783 2571 2849 3295 -40.460296 11.134154 -5.394416 -59.064898 -16.751546 58.220540 -11.766434 78.218098 
6 58 1072 1386 1532 2921 3470 -44.959223 82.888822 -7.376348 -1.165558 79.684991 86.121748 
12 97 494 538 560 781 1446 2663 2882 2936 3321 3355 3381 -61.365903 62.722584 -81.531635 33.532256 -53.439328 -10.873293 13.627465 12.215168 44.279317 1.920663 29.045063 51.543418 
6 434 1402 1564 2309 2327 2594 97.169284 49.787266 98.362245 -2.509244 24.800201 -90.659352 
13 487 497 555 964 1014 1051 2162 2391 2443 2551 2755 2853 3214 92.234051 89.936505 31.121292 -63.738285 54.694568 98.376071 -96.793971 -20.081634 -43.860828 9.552450 8.740541 -50.126904 41.253308 
7 260 424 1395 1715 1754 2148 3151 -13.937234 45.327977 -4.808863 29.272094 75.460382 84.714615 11.724520 
7 1094 1932 2208 2789 3109 3188 3376 -18.185398 70.555991 70.050146 -50.591911 -1.083013 -82.291471 90.484728 
6 850 901 1199 1749 2214 3148 31.765549 5.193802 95.378292 12.872002 67.399371 -53.606928 
3 240 288 2139 5.432606 67.049266 46.392434 
4 726 998 1699 2521 3.355857 -22.534635 45.383950 -26.629520 
8 161 262 1410 1433 1686 1761 2705 3389 -94.101933 -53.630921 -8.873401 -34.087928 13.753213 16.585197 -59.625921 -9.724027 
7 224 278 1025 1072 1851 2855 3320 -0.297683 32.883548 51.928312 92.471455 -47.370922 48.804612 20.422453 
5 1180 1335 2820 2961 3320 -56.097920 97.013653 14.787069 -89.589128 -61.356880 
6 179 239 1653 2934 3101 3194 -80.271614 -92.115202 -45.933311 -1.746567 -2.611909 39.685680 
10 27 335 666 1165 1303 2000 2408 2954 3145 3370 73.909730 94.816317 27.993697 -33.371406 -20.100684 -23.635169 -94.241346 8.916780 -3.573369 16.477174 
6 332 436 1063 1720 2365 2822 -77.842944 -41.835439 -22.814137 -34.127523 -95.408167 88.017552 
7 375 1128 1325 1360 1655 2268 3155 83.159756 -85.269600 -75.072668 50.838326 -45.087622 8.283713 -20.504554 
11 114 188 686 818 1032 1600 1720 2243 2529 3271 3298 -28.558745 68.220171 -66.382917 8.806782 50.939413 33.629257 80.625047 -50.818874 -32.455992 78.924461 -14.962376 
10 44 454 513 882 1327 1829 2368 2504 3181 3405 -35.285399 3.441699 -63.600044 -98.516218 -32.395383 -61.470154 3.529845 22.128360 4.866438 -15.767739 
10 56 276 582 964 1028 1675 2085 2254 2889 3404 50.925052 5.653002 -7.970879 1.807259 -42.815779 72.500466 4.916366 -7.125853 9.295543 -95.696203 
4 608 831 1696 2666 -37.282394 19.011821 -1.673410 -99.658258 
18 11 187 415 962 975 994 1008 1056 1167 1223 1321 1400 1896 2176 2222 2616 2637 3070 44.149642 48.601568 68.876275 -84.919638 -26.100497 -18.147409 -76.619765 -57.237843 38.015064 -65.978176 -66.765275 -76.383614 -35.038523 41.957528 -17.912980 53.563554 18.082466 -16.889257 
4 1237 1705 2424 3198 -41.360858 78.259601 95.238511 43.670492 
7 899 966 1732 2740 2973 3017 3481 -16.124718 -53.107794 -56.539184 -23.646914 57.276306 45.465095 52.918959 
10 113 165 276 401 524 1130 1272 2036 2179 2688 35.332298 -57.763994 16.443658 9.415292 33.377484 -90.081351 5.920945 -11.425705 -33.166550 -92.663245 
6 208 585 679 1970 2980 3245 -39.067679 -24.072636 20.627176 61.413378 -63.486868 10.987512 
10 303 876 1281 1306 1391 1693 1749 1881 1965 2487 -78.347001 23.153353 91.984958 56.999797 -5.128162 -73.959766 -37.992209 37.875007 30.330188 -28.035434 
7 204 406 708 1363 1529 2687 2693 -99.119716 -75.466053 97.712610 96.372720 52.218226 -53.902443 46.370551 
8 187 921 1570 1725 1895 2187 3205 3260 -10.159299 -88.433775 -3.555694 57.009240 -16.017519 56.590383 0.253572 -35.788325 
4 583 1104 1283 1371 -95.632589 -7.280791 -28.404736 -57.111092 
11 1134 1323 1538 1586 1766 1853 2010 2170 2365 2750 3190 74.050356 -69.160418 -44.179976 65.476435 37.737177 -18.511303 89.835063 -71.384455 74.996488 -34.689476 -75.725299 
4 1923 3110 3378 3407 45.372081 -92.640620 12.648512 32.139161 
8 98 156 181 216 1469 2127 2933 3039 81.233188 -53.230856 45.185420 19.219771 -79.039713 -42.283435 55.795816 79.074094 
7 185 502 555 725 1073 1579 1692 84.042531 -90.610959 -77.407990 -9.451469 63.038953 56.271842 96.007502 
6 249 782 944 2024 2143 2177 -80.425840 -91.390136 -91.037367 64.969201 -1.001741 30.323065 
11 474 520 624 680 1319 1451 1664 1839 2500 2574 3300 78.114562 -74.050151 94.921939 -10.657915 53.289505 -5.934199 -45.530366 -71.981143 -35.958271 -83.462177 -74.475468 
5 323 536 1304 2079 2709 36.352900 22.347100 -3.448181 75.250077 69.272150 
6 883 1212 1382 2497 2680 2761 42.900312 -22.301890 96.196363 15.600128 -67.795298 -92.560553 
7 1459 1506 1738 2384 2596 2957 3481 10.805038 -5.852169 -60.003194 -18.512201 -30.614465 -5.096824 -0.614285 
9 65 804 1863 2314 2333 2351 2792 2897 3457 -59.849778 -7.961849 21.113329 -44.870118 -40.239213 10.112458 79.855925 25.264625 97.815155 
4 2129 2217 2565 2964 6.554560 -65.565586 -5.160204 -94.839621 
6 59 162 859 1160 1343 1640 -88.283583 60.066327 17.068494 -83.134093 18.987913 -76.430937 
4 858 1821 2280 2383 -35.520058 22.507306 -58.882232 51.566072 
9 117 1455 1566 2075 2369 2648 2697 3198 3307 -9.441897 -24.291452 89.086896 49.856551 3.033283 14.293393 -30.495458 -59.234109 61.936057 
6 149 151 322 347 1681 3086 23.181094 84.679435 -90.239669 5.851727 55.416892 46.847826 
6 94 513 1162 1513 2342 2494 -31.939122 -28.664964 -10.338029 -97.226280 -98.361272 92.270051 
7 337 421 683 1671 2121 2195 2401 7.832471 -50.879630 -0.471247 -41.013553 2.138787 -42.715348 2.516477 
9 242 328 535 598 1063 1107 2445 2773 3151 30.099713 -8.068086 -98.382580 54.620600 -26.008957 90.461924 61.413659 0.732290 66.648936 
9 513 615 690 742 1019 1680 2340 2473 2759 -37.121505 -60.705685 -16.346318 -64.689288 -30.612908 -3.829672 24.698581 -82.890361 -34.103090 
7 684 1175 1235 2417 2752 3111 3294 -29.069501 -13.475521 59.039149 16.070891 -53.898242 -15.285246 -10.692193 
6 635 1617 2139 2781 2910 3445 -52.343735 -43.270400 -42.338296 -71.381252 -89.113520 -94.919624 
7 354 1161 1960 2082 2748 3267 3305 -23.306639 -99.100689 94.367270 -49.791379 -97.812789 83.907948 -45.518224 
5 459 2272 2336 2565 3377 14.294133 5.446341 -42.273743 97.292688 -76.793819 
8 960 2461 2602 2847 3167 3173 3324 3446 78.055631 -76.378068 28.494960 66.677307 -26.127831 28.591830 -22.651939 -31.306850 
8 541 1088 1179 1285 2176 3137 3238 3301 -15.635328 41.247343 4.583529 -38.303372 35.189815 -99.364537 43.137227 -33.115548 
12 296 1228 1255 1351 1477 1887 2253 2398 2526 2666 2867 3064 -6.485734 -95.066532 2.977751 97.581863 92.535049 -3.115881 63.521441 -0.129274 -95.515565 37.159888 -1.689199 53.488360 
7 137 853 1179 2363 2797 3054 3128 -53.468662 -1.021376 50.774424 79.176593 98.430370 92.761196 -10.862136 
11 666 961 1311 1350 1460 1631 2026 2138 2669 2863 3353 23.270803 -34.140010 58.156714 -12.551714 -55.069370 -10.029524 38.502998 -99.713418 -36.089203 40.236799 -28.503426 
9 851 1206 1596 1779 1863 2045 2098 2476 3036 -43.741076 82.831872 -42.179616 -97.011007 59.297089 -22.592637 -30.281726 11.063124 7.032962 
6 322 525 1288 1875 2094 3043 13.205433 -72.830020 45.046418 70.461033 -52.740255 35.877531 
8 398 511 1243 1269 1297 2042 2608 2860 -59.069191 -73.002407 99.446429 0.869809 -98.238297 30.489325 -65.845937 73.524358 
4 1030 1783 2332 3188 71.279859 -64.415894 -99.796836 71.121328 
10 434 479 1306 1338 1346 1527 1663 2410 2674 3337 -84.852630 -61.230657 55.107598 54.263619 44.958615 -39.257379 0.961777 85.843860 -98.901245 34.019244 
14 15 346 713 1118 1322 1526 1805 1897 2911 3063 3338 3411 3470 3497 25.426574 25.850856 51.013340 36.915217 94.127099 -94.524381 -97.451291 45.446122 15.234044 -75.155181 -37.716694 -84.451124 58.322187 95.585209 
8 222 635 730 1178 1485 1913 2213 3093 -18.932338 78.210652 -94.664282 17.280341 -41.143742 -89.249877 84.414726 -18.172738 
5 888 1276 1769 1776 2938 49.433715 -85.239743 40.509704 -96.964881 -70.718027 
8 1231 1354 1671 1991 2668 2807 2897 3157 -2.551499 95.480287 -84.370175 -44.182424 -39.703086 90.195879 94.929905 -84.819909 
3 404 2424 3059 10.473430 -40.866426 -90.755737 
6 389 1645 2511 2787 3136 3231 -23.845344 37.087764 -8.663940 10.657114 -92.753339 95.494626 
6 65 739 1482 1608 1673 2275 -80.156244 16.812773 -12.721792 -47.216623 43.140760 -57.958921 
6 271 454 1463 1661 2158 2389 76.758800 35.953226 89.363744 -92.877723 85.113459 -81.457395 
4 128 1165 3411 3457 -14.164865 81.040145 -59.244035 35.377257 
7 1129 1910 2321 2374 2792 3015 3424 33.955253 -0.692201 -95.990823 -41.830814 -34.316801 -29.244652 -15.794070 
6 520 566 2005 2121 2372 2507 45.547099 -19.999477 29.742277 -50.814561 69.754049 -37.802110 
10 251 460 961 970 1199 2198 2555 2716 2760 2913 -2.147241 -56.085440 -45.493475 -90.719386 2.929391 3.915265 -36.237455 52.591611 35.497719 64.001756 
12 56 903 1235 1243 1351 1524 1652 1939 2499 2577 2645 2696 -76.892563 29.225203 -56.090187 -21.135112 20.348371 -77.645067 -36.795848 40.442734 -73.126504 3.099494 -96.142714 -35.430515 
6 198 449 932 2586 2620 2672 -74.411047 4.503874 -26.438303 53.068509 -17.669736 85.966966 
7 52 396 1289 1509 1733 2867 2936 -22.178681 92.634448 1.871127 0.852205 56.848341 -0.718966 -18.042107 
14 231 236 544 1057 1174 1631 1643 1651 1672 2484 2545 2979 3060 3342 79.791391 -52.976064 -65.240163 29.367370 93.814792 66.732547 50.219737 81.494972 36.820160 -98.302978 13.048775 64.505835 42.871773 -25.965331 
10 375 773 1880 2478 2622 2681 2837 2952 3333 3418 -91.939980 17.074633 28.108482 8.749641 -12.038889 40.245842 27.720748 27.739364 -27.889458 -31.541912 
3 2674 2716 2964 -79.296356 -42.433778 -84.183197 
5 112 283 1906 2059 3424 52.380642 59.521051 3.685028 88.627999 34.451617 
2 12 806 -15.163003 48.642410 
6 244 1245 1278 1910 2030 2479 64.283144 55.276124 25.211782 -48.214305 69.530445 -25.144910 
4 471 2419 2581 2684 -63.399564 45.532602 -32.582907 39.686942 
2 2301 2705 11.478164 67.390734 
6 365 449 2529 3220 3258 3283 65.660237 -76.318630 -21.383510 -99.899369 39.092546 46.784369 
9 1197 1295 1377 1643 1731 2209 2261 2412 3389 -66.171141 -74.267316 98.860173 92.381207 -63.589646 17.103226 95.500386 39.999004 -68.100998 
6 760 774 1347 1920 2325 3372 -57.218985 -56.500017 -36.169055 -9.766714 90.789100 44.474034 
14 188 237 641 659 886 915 1364 1601 1874 2316 2338 2512 2546 3070 91.353251 -73.916721 74.206426 -36.630226 95.873125 75.112682 -30.954803 -9.611394 -42.984976 9.861865 -3.163114 35.237112 24.876113 -77.306610 
12 120 324 856 1350 1413 1585 1918 1933 2456 2740 2792 2839 97.842472 -28.207603 37.312164 59.820552 -31.869878 -52.103893 -5.843961 -84.451115 -13.225738 -1.174482 -45.358698 -76.398597 
5 22 61 388 2353 3319 15.801090 -41.796000 19.251021 -93.523124 96.274540 
8 73 580 851 990 1445 2017 2093 2398 -89.152295 -43.791429 99.399649 60.702779 -47.847508 46.819073 -85.456186 -24.982685 
6 885 1491 1630 1939 2266 2733 -33.332635 97.201947 52.945878 77.760785 -37.501275 -89.020034 
3 1669 2599 3036 1.586125 -29.611779 99.752108 
9 131 474 1304 1974 1985 2251 2847 3362 3423 -34.574882 -90.362593 98.722234 24.142023 -58.165269 86.830203 13.071443 -38.967309 4.661073 
5 616 622 934 2496 3147 -75.967650 93.166185 4.547215 -69.760290 -21.177820 
3 1407 1861 2154 42.127347 -29.734715 88.852680 
6 435 1128 2265 3053 3186 3212 -65.289769 81.196946 68.048583 76.310933 -52.828969 69.409615 
8 726 1825 2130 2182 2426 3258 3432 3440 87.404716 48.564205 -69.137589 20.823040 32.303761 -19.553986 96.551140 -63.546331 
10 49 428 515 530 854 1761 2958 3115 3208 3370 95.944799 97.136916 -45.656893 45.868808 -25.062933 -90.750394 -32.797893 74.819970 93.828978 59.973370 
8 302 1525 1697 1768 1865 2350 3012 3350 87.769326 86.691512 99.032119 36.561860 -1.090431 -43.227098 33.327556 -68.238130 
0 
6 203 577 1583 1985 2762 2769 -38.065979 -19.188079 -52.275280 34.790852 25.655826 49.608132 
7 169 674 1292 1882 2819 3316 3365 28.894079 -56.955403 32.480379 17.343198 73.667443 -28.333800 -79.647490 
8 160 431 1296 1445 1487 3025 3292 3488 57.105420 -30.905631 81.230342 -49.961194 8.733577 -51.834878 29.588198 42.315286 
9 183 1238 1416 1672 1985 2387 2721 3125 3358 16.729026 2.574127 -50.636551 -50.430832 -85.836277 97.780227 -98.961774 53.628327 -94.655054 
6 853 1612 1923 2020 2949 3441 -99.668264 -48.038645 -1.526218 29.690242 -28.177213 28.321692 
4 969 2276 2861 3229 -49.321298 -60.993106 88.469589 84.679186 
13 426 653 873 1098 1425 1816 2163 2241 2771 2891 3010 3133 3219 83.663938 -41.786333 33.417402 50.142930 50.941945 -36.751256 -82.514464 -65.146124 16.930233 18.029179 51.290517 -42.751752 93.615106 
10 59 280 1141 1349 2045 2386 2850 2981 3111 3476 -40.177977 84.451160 51.772284 45.948628 72.675169 -49.841873 -83.742773 -92.645325 4.754592 81.373921 
6 50 998 1351 2486 2583 2851 60.652787 93.214517 22.315324 11.186662 62.137063 7.546790 
7 245 462 949 1504 1939 2209 3263 -12.241815 -90.469224 -38.066216 -73.781550 78.839437 96.957781 -3.977689 
6 793 1596 1731 1941 2076 3137 -50.132831 -69.200783 90.874901 -9.775705 95.880297 70.605480 
9 149 633 663 931 2107 2364 2420 2582 3266 7.954944 -34.660680 83.129626 -17.401956 97.314076 86.367174 -96.095664 -74.614486 -41.908045 
4 76 2672 2859 3383 -4.400288 80.401777 -69.962713 -24.330141 
7 576 733 2107 2171 2781 3122 3444 89.573853 -87.133718 0.804646 -76.731980 44.881263 23.427319 15.775389 
6 922 1259 1674 1858 2702 3409 -85.833418 86.882290 69.933766 -48.429421 50.002051 21.830529 
6 134 1688 2680 3089 3288 3416 -35.583783 -75.545587 28.486468 -44.162050 -25.678255 -40.008673 
9 777 914 1101 1189 1243 2336 2601 2636 2813 25.799979 -87.748128 -36.000189 -50.269608 58.029148 -77.424847 -54.433928 -90.126109 43.585227 
6 233 368 1011 1542 2205 2618 95.372430 23.935500 28.036682 7.244322 43.635339 0.818926 
5 433 733 792 2013 2953 -4.589543 -87.713138 85.073726 -69.345659 98.001645 
10 151 198 405 961 1259 1383 1421 2521 3321 3328 -1.042875 -61.069569 17.549869 33.362056 -75.932162 -71.682364 -79.422835 -53.786989 65.429090 -67.297153 
6 830 1665 1984 2118 2579 2894 53.753259 4.595347 -78.300896 -62.176954 -9.648937 -37.618181 
9 311 321 407 519 667 884 1324 1345 2752 58.366839 -35.531856 71.507014 -63.218821 66.855153 -70.521260 47.695750 -17.099806 -32.607905 
8 545 564 982 1268 1774 2230 2902 3072 9.285369 1.775687 -28.253929 52.245165 -3.560694 50.508257 -26.948340 -88.330978 
5 73 88 724 935 3148 15.961000 -89.703590 56.697184 -12.428353 3.614941 
7 367 726 1171 1316 2576 2842 2958 63.654056 -56.882779 21.054637 -50.101843 2.926493 -24.757631 27.802955 
8 153 506 584 806 1612 2365 3305 3320 6.117795 67.316603 23.901756 71.536212 -12.509100 -56.616251 89.102703 86.712216 
12 1056 1061 1136 1174 1771 1939 1962 1992 2174 2469 2662 2693 -36.361506 -42.314202 39.642051 -55.594460 30.633635 81.323404 -17.990152 90.709904 -18.413218 -98.916881 42.651660 -39.424482 
13 225 593 766 1238 1351 1786 1829 2152 2320 2542 2859 2948 3156 9.248381 25.219664 47.659892 66.303808 10.927923 -51.529171 -19.640145 13.501492 62.593985 -22.491575 -77.651769 23.646420 38.049055 
5 263 647 710 3290 3325 20.239490 5.123250 0.719409 -53.162670 -62.390360 
7 185 259 943 1067 2022 2575 2899 -18.679765 96.115063 23.888828 -1.796839 -52.458060 89.876309 -56.359624 
10 104 175 939 1034 1099 1188 2153 2226 2631 2968 2.923515 -85.000591 43.268357 64.226807 -75.016488 21.420660 -26.408886 -82.678512 -40.423453 -86.720563 
9 305 500 715 1163 1378 2382 2950 3304 3394 34.540792 -48.449523 49.670674 -28.231988 -99.466665 44.068148 -6.112445 96.529733 -43.959530 
6 406 583 1809 2679 2975 3283 78.746923 -9.432290 -54.868532 25.062406 32.540829 -10.223983 
7 265 971 1997 2011 2762 2908 3091 84.167574 -90.382685 -20.459587 -25.482840 15.680539 71.777771 90.303698 
4 234 1252 2813 3339 -63.554441 -16.279859 -23.038380 32.039402 
6 631 1871 1926 2306 2791 3342 -83.766456 46.409398 -13.056285 -3.779079 70.445499 6.970124 
9 132 1581 2017 2508 3165 3218 3316 3433 3457 -66.963269 8.462178 56.157422 -45.012141 -19.309055 94.930174 -58.648738 -1.440309 70.572018 
10 829 862 1130 1352 1486 1542 1760 2203 2718 3295 32.252273 95.032383 -67.694179 -80.854481 -41.957870 -7.774682 -49.723300 -41.084754 23.780842 -22.371143 
9 0 789 819 1431 1513 1533 2092 2484 2962 47.700308 -50.542291 15.198864 21.619423 -15.473475 -0.228962 60.118233 42.640368 70.467717 
6 78 221 662 1083 2445 3213 -6.116187 35.230471 -16.461403 28.810728 -27.684331 23.159255 
9 141 588 1367 1688 2125 2286 2634 2948 3464 98.288484 -64.160477 -6.594171 -62.266886 -13.864779 29.806720 -14.417955 1.330297 -28.907999 
4 232 1725 1825 2344 -2.915892 65.550584 81.467042 -67.134676 
10 150 548 1618 2009 2133 3008 3028 3338 3343 3487 -99.233650 10.626840 58.403863 -88.538600 -29.493536 68.193924 -30.744128 -18.757199 -49.617620 33.711475 
14 33 261 591 1040 1422 1461 1495 1553 1662 1672 1713 2938 3056 3161 -93.340407 53.188839 51.421278 -66.639666 -68.305641 -25.509445 -88.686090 -94.032444 -22.659613 -51.163787 -16.435032 62.584379 60.191649 45.357175 
6 353 354 1011 1426 1991 2427 67.792848 -22.588007 -76.078497 88.338266 -41.299288 -39.865048 
6 132 434 967 1084 1653 1885 7.502684 26.133196 59.537406 -34.030365 4.758018 1.633507 
7 334 1115 1533 1571 1598 2931 3067 -30.268383 -25.453462 12.430691 -70.244394 -59.053479 25.951568 79.432210 
3 6 867 1019 -70.613645 -41.203174 -7.702824 
3 523 537 1095 67.025223 67.282461 -8.283726 
7 921 1469 1475 1495 2921 3132 3146 32.379208 -11.934313 31.969203 18.881509 -48.675410 18.876261 -85.516873 
5 213 368 2041 2544 2992 28.227642 -76.267198 -65.139085 -13.204545 -42.586717 
11 31 54 455 838 849 892 1426 1734 2485 2934 3158 -91.074265 48.924091 32.141444 73.833709 44.113737 20.712392 7.632187 80.623066 -76.400251 -87.792069 12.700250 
6 509 664 1046 2062 2658 2951 -95.038142 -5.907496 53.746621 -3.094061 -62.780044 77.483255 
8 72 200 242 343 526 570 1941 2157 86.852490 64.581354 -54.065988 -23.654834 24.994240 95.577141 -92.123200 51.250814 
5 169 1463 2399 2718 3166 50.158698 85.382882 -14.760342 94.539745 66.464083 
6 274 1924 1954 2903 2969 3300 29.151298 -38.060087 -73.917106 26.361288 -66.321494 58.293664 
3 1105 2240 3206 -45.350094 58.426144 -51.210061 
7 99 104 1519 1983 2065 2563 2566 93.609476 -0.557682 71.540248 -37.504207 -0.581708 33.045632 -80.986142 
7 1985 2056 2355 2404 2532 2762 3417 -26.162099 18.879108 -44.375257 2.806167 51.017224 44.540913 -23.881632 
5 110 1422 1860 2688 2726 52.915609 75.737723 -22.287363 83.331696 -87.423135 
4 2216 2530 2658 3334 -57.316657 91.508463 -60.147267 -95.967346 
5 595 714 1618 2038 3302 86.722584 -33.298640 73.514767 -56.699460 41.012689 
7 270 918 1090 1694 1841 2914 3397 66.842105 -72.049052 -89.390419 -2.891371 51.004366 33.853116 -6.584800 
4 933 1175 2749 3188 47.032009 15.981610 36.492794 -4.134168 
9 619 750 1141 1616 2192 2343 2596 2650 3358 -98.906791 92.019574 58.723196 24.346873 52.053375 -27.373636 5.427960 -98.332079 53.468299 
5 389 661 1194 2319 2664 23.891532 -66.061146 -32.566576 13.874686 97.552932 
10 103 392 399 458 675 1597 1729 2265 2601 2857 -17.075532 -18.074177 -73.278019 -78.704581 16.736488 69.552110 -41.641042 -13.704451 -97.837982 -38.436307 
7 1605 2064 2164 2207 2803 2873 3065 -30.258115 90.750584 -68.977772 -44.320762 -11.811023 -88.623369 52.245317 
5 415 1199 1988 2117 3479 68.392281 -6.372727 90.617479 86.791366 -38.848793 
5 420 510 548 1886 2961 27.922952 55.923259 -58.540192 -99.547932 97.916012 
5 1361 2171 2926 3141 3484 -67.282509 94.174214 -84.020135 61.747876 -72.667455 
8 520 1108 1273 2266 2277 2859 2911 3173 66.739872 -42.866506 34.151891 -57.942321 -60.502191 23.528680 -63.214816 95.436649 
3 2126 2781 3281 -32.931645 -73.949145 -2.632594 
4 771 2235 3142 3256 14.972978 52.248321 27.789595 -10.929066 
10 297 555 758 909 1182 1662 1957 2023 2852 3078 -56.455528 10.583937 71.548939 24.691477 -90.059311 -41.365707 78.257711 81.358799 38.582108 1.151100 
7 14 19 832 1004 1203 1878 2907 9.671913 36.315108 97.210503 28.705537 7.936124 20.765705 -30.110518 
8 876 1429 1615 1795 1923 2019 2312 2700 21.685847 -43.432346 28.992461 -29.086387 24.659178 -74.319967 -83.728821 37.117835 
5 703 1466 1739 1906 3243 4.518231 89.142662 38.302827 -88.616695 88.097867 
2 1330 1867 -79.003315 60.767740 
12 434 543 995 1510 1884 2236 2377 2537 2603 2679 2891 3293 19.109063 16.080483 70.551352 67.041843 7.303182 44.563213 73.640621 5.296999 19.034956 10.052745 -68.653721 96.857159 
5 62 773 1477 3072 3299 -30.142726 24.414366 -24.576006 25.676360 -27.329057 
8 432 1555 1876 2204 2369 2661 3000 3151 88.024356 96.198401 -58.923778 -46.502107 93.120313 -1.346491 -55.873217 50.976485 
8 201 475 597 1438 1765 2197 2967 3020 -47.382351 58.940609 -26.540078 -93.249989 -19.928971 85.752513 14.505632 33.246369 
4 748 1507 2412 2576 -10.811749 41.821004 65.669711 49.635607 
8 420 782 1637 1823 1824 1900 2153 2807 98.288245 68.683531 38.103700 -69.781711 -73.084865 97.313137 83.781130 -55.466623 
12 295 405 496 960 1116 1539 2107 2395 2962 3020 3174 3483 64.663141 74.951318 -54.581116 -47.352863 -74.341223 40.084657 -85.670849 66.402969 -4.717660 -43.534861 -27.738520 69.400160 
9 931 2184 2624 2653 2803 3207 3244 3364 3481 -95.868031 24.089519 99.757033 -18.043134 -37.100251 49.171678 -40.693797 -86.194921 -57.347427 
11 292 483 820 1109 1430 1621 2126 2244 2357 2896 2962 66.599354 -78.076320 -62.772075 12.720425 -23.850977 69.911899 68.425865 -88.764410 -36.387088 82.000695 9.005161 
4 31 1032 1595 3469 -58.173589 51.717316 -30.976694 68.500048 
8 166 705 1359 2299 2467 2938 3274 3366 -2.921440 22.027488 -43.136908 -42.675184 46.647624 87.314866 48.538035 27.178261 
3 2037 2423 3480 94.238567 -87.283278 -83.977835 
2 402 1031 -42.768642 -18.872665 
9 347 1238 1572 1628 1692 1694 1970 2727 3184 -68.991866 -6.053311 52.063201 -28.703189 16.163920 -79.042454 -54.336402 63.630641 -5.073168 
4 1023 1897 1942 2214 -92.476774 14.868135 19.496336 41.573865 
10 739 760 824 1123 1147 1159 1771 2341 2625 2770 -9.663419 8.317770 45.943341 -56.438672 54.378121 -6.572538 64.796637 80.602738 -14.150958 47.210744 
7 81 252 1278 1291 2040 2927 3391 -59.122246 -14.241625 -72.934359 -32.652208 -64.124894 34.980206 76.433317 
7 278 722 1534 1840 2146 2606 2943 -1.363303 -97.468097 26.798586 39.706485 -80.445282 65.123804 85.728032 
5 68 1040 1433 2824 3198 -52.738111 -64.439935 88.559423 30.808820 -26.896513 
5 1305 1878 2005 2019 3289 67.817329 26.890709 -61.453804 70.980160 89.967558 
7 640 1129 1483 1763 2463 2480 3107 -34.860402 -72.713357 84.965782 -78.301726 30.294626 -72.726360 78.271359 
8 777 1508 1561 2032 2250 2398 2501 2909 62.868156 22.798208 97.438763 72.612364 24.718141 94.140273 29.423770 -0.266425 
11 932 1171 1443 1497 1697 1753 1870 2306 2805 3302 3439 -90.195915 -17.423025 -37.743133 -83.298445 -90.504609 -80.080800 88.344485 -86.949583 -61.960076 88.747214 15.931716 
2 1288 2006 -67.159308 -90.631227 
14 86 190 222 280 305 494 737 1588 1767 2009 2168 2807 3095 3457 -46.998580 46.317347 9.805189 85.797544 -80.613736 30.642145 -69.785290 89.941273 -79.201619 -51.122005 -42.197356 93.439885 66.242448 64.787254 
6 156 900 1203 1405 2970 3369 11.837335 19.017987 45.580726 -0.638150 28.194271 51.533808 
10 136 448 1404 1654 2104 2398 2660 2932 2946 3411 -58.423537 97.561022 -10.929187 -45.358315 92.976472 57.322723 -12.007460 -96.146851 -62.184290 71.075872 
2 601 1539 7.056677 -14.536116 
11 10 618 785 1246 1435 1490 2212 2296 2393 2903 3316 -65.124527 98.630116 -18.058743 -93.420105 -43.517282 16.960499 30.226142 -89.528702 65.912775 -42.648235 -33.134901 
5 1345 1921 2114 2777 3364 -29.255913 -25.902002 20.046002 3.801210 98.628750 
11 273 1015 1387 1609 2161 2215 2475 2593 3049 3178 3261 -18.163997 17.591118 42.064023 82.581047 -64.049469 62.774525 78.503495 -29.524735 21.314187 -82.033546 -89.780439 
5 1199 1319 2897 3009 3425 -1.612118 68.861975 29.781951 -95.041048 -72.989906 
6 736 1089 1760 1932 2495 3053 -28.727198 73.337978 -76.969266 5.535787 29.421376 6.731958 
6 571 838 1261 1915 2048 2420 90.868137 -49.262338 5.397845 -55.638702 -52.698838 51.738615 
8 106 405 551 565 1172 1263 1297 2356 -10.019816 -65.217214 -80.412377 -3.738582 -28.309904 88.823462 19.666304 -62.897874 
7 632 845 1283 2281 2486 2824 2837 -21.891268 -71.169551 -83.887174 54.096095 7.312874 5.376167 21.131637 
3 23 1536 1729 71.925548 -92.150648 34.397927 
8 338 398 571 644 1219 2306 3065 3297 25.047406 -6.097960 69.426796 8.473363 -64.002654 -52.613050 1.890256 20.055696 
11 193 338 392 701 939 1284 1535 1653 2394 2665 2920 65.542517 -23.720940 10.746243 -78.268062 -24.928126 -45.101820 -55.959693 90.305070 -52.361199 -34.184015 -86.897758 
4 585 1073 1215 3065 -89.115753 -5.213809 31.293308 71.571226 
6 723 941 1373 1449 1515 1827 -39.835116 -73.755862 41.990428 -98.113550 9.830396 -41.343528 
6 142 1898 1907 1965 2020 2436 59.544812 -13.540684 -41.282177 70.081255 95.394680 -42.005550 
7 60 1626 2177 2221 2375 3017 3151 9.912146 -1.546277 34.071839 -90.550050 -21.639003 89.677996 38.022960 
8 782 817 1239 2356 2600 2894 2991 3293 -87.350865 3.630569 -68.953730 -37.823116 -40.574010 -23.099161 -40.023282 -63.804772 
9 380 1968 2203 2303 2325 2355 3044 3427 3492 -74.014509 66.440873 80.522060 -86.925981 57.018271 35.959376 -86.234498 -71.512318 -76.969539 
10 69 179 664 959 1209 1221 1530 2098 2908 3397 -12.425877 -5.817698 10.770392 32.975341 64.901999 14.271043 22.297919 -20.407324 -45.644937 92.357760 
4 902 1491 2583 2875 -17.573920 -37.906761 -72.129700 2.370740 
5 488 1466 2920 3086 3357 -87.768171 39.691401 87.829273 -48.287880 14.906916 
5 91 1205 1443 1718 2656 -72.624389 39.947174 -52.718464 -16.463241 -88.295375 
3 514 663 3341 21.968625 -1.017674 -65.519133 
10 49 381 479 1511 1618 1734 1773 2022 2053 2503 -2.730823 -0.756758 -43.217552 -91.102977 -1.671199 -17.595923 -42.241350 -8.975578 34.811325 -30.406855 
6 931 1245 1267 1827 3112 3386 -87.511477 30.516686 67.595788 -86.363627 -25.503133 -34.570516 
8 515 1675 1758 2066 2079 2434 2536 2820 -14.047282 79.257726 -38.572237 93.691375 83.087384 -87.916677 13.038934 -14.958240 
6 120 681 1049 1924 2146 3201 -62.313710 90.812751 4.888136 21.520730 -48.294998 26.165497 
4 500 595 2032 2247 -2.416468 -95.077119 72.646157 -23.220649 
6 333 758 1128 1316 2346 3216 19.145139 -32.343196 -84.686126 9.083238 52.470212 -56.503193 
11 178 283 319 554 618 652 1364 1574 1600 2736 2887 -38.318286 -10.721865 -61.066992 -1.425068 -65.339251 -87.500733 78.747347 -79.738652 54.135418 34.818174 -71.537932 
9 50 613 675 1825 1906 2107 2674 3189 3259 -90.188445 40.549202 72.094797 97.607836 85.857742 -71.797727 -35.544038 -34.288763 -66.542142 
10 32 237 474 1291 1320 1538 1617 2752 2900 2974 51.513748 50.128661 16.668409 42.608640 -49.150983 63.411645 49.595562 69.211326 -69.265631 -22.455337 
8 107 171 389 1197 1790 1935 2039 3314 90.944779 -12.156008 67.570571 -40.110197 -33.445897 67.967132 -33.454961 11.086412 
7 236 442 1222 1269 1542 1713 2607 -23.051418 -29.273813 80.785298 -87.969679 32.921117 -64.580939 75.581886 
5 506 596 1108 2975 3008 15.955583 25.033799 86.508100 -57.574444 -19.328697 
7 525 560 869 883 1053 1086 1912 51.520386 60.331078 -24.164720 -5.111370 98.441804 53.174758 -4.926011 
7 1193 1400 1452 1501 2694 3006 3013 -62.122629 -62.270166 -60.609896 -85.755015 -1.428250 -60.157423 -10.365119 
6 329 500 644 2413 2625 3487 -32.670043 -60.476463 25.982568 -14.680832 -92.001904 -66.082904 
5 101 832 913 1368 2043 0.240698 5.055351 23.307745 -24.888103 -22.236990 
9 268 412 486 1115 1431 1923 1967 2380 2618 18.121548 9.849669 21.993126 94.188097 18.140460 -23.549442 9.551539 82.574569 7.201189 
7 1314 1409 1628 1873 2462 2988 3179 77.492552 -36.200943 -54.053606 30.151447 -83.512731 61.345786 87.517788 
9 296 321 325 594 1428 1681 2196 3302 3483 -88.021774 37.566990 -3.913496 29.562112 -31.191717 27.606960 -37.579033 4.401632 -94.627298 
7 932 1083 1493 1660 1836 2630 3233 26.305105 -86.723963 -56.520033 14.679981 -0.245030 90.058504 -31.143729 
6 81 742 2383 2584 2991 3038 -16.194982 83.978955 -92.367718 50.651396 10.258260 90.503397 
9 83 590 669 1037 2249 2976 3230 3410 3441 -23.442895 6.221785 -57.069501 -52.256630 -91.473726 -65.098552 22.000391 80.815966 -52.041856 
12 438 518 930 931 1125 1474 1847 2346 2381 2891 3111 3413 -62.770395 29.691309 -75.053913 24.037802 -67.949014 96.112762 84.422380 2.155451 -56.823668 -93.152612 -54.223239 55.104112 
10 384 418 834 905 956 1528 1759 2004 2377 2939 -47.386875 -80.950927 82.347605 -89.316159 65.726873 -47.198551 12.396753 77.487684 -9.855053 -44.801026 
14 743 1348 1739 1797 2197 2405 2438 2474 2769 2891 2955 2983 3138 3196 42.397356 -6.434688 87.955342 -96.300058 -23.665307 -28.967598 -72.876349 45.597001 0.593865 -45.950740 -81.354442 -35.714929 20.050211 29.329762 
8 2 668 863 2214 2360 2459 2765 3129 -27.759769 21.503409 76.646807 76.267541 88.234962 -84.203094 92.612152 -85.362762 
4 1172 1551 2307 3432 64.756571 59.631291 -79.581283 -53.719153 
7 291 430 947 1762 2245 2248 2499 8.695537 -82.734080 25.860920 68.162236 -46.508469 53.276085 -64.017196 
7 14 92 1277 1482 2823 2983 3268 -64.128163 41.620723 53.219258 -29.343572 37.463793 -16.516882 -87.629126 
6 419 1813 2367 2882 3132 3394 93.241260 -63.478679 85.192643 88.788661 -52.344432 67.496404 
4 1068 1419 2092 2742 -61.132357 -74.681254 93.356742 33.338911 
7 599 1630 1897 2256 2680 3175 3369 82.261325 80.397727 69.113347 43.369463 -38.740101 72.907114 33.291133 
9 349 837 1270 1279 1981 2377 2435 2682 3038 63.084934 -43.182996 -27.055058 93.953021 -31.370919 -94.701760 -28.646300 -81.911455 67.934429 
9 134 526 611 972 1456 1809 2441 2542 3120 75.028104 81.239833 33.583553 14.307869 -26.523842 46.219604 -43.274078 15.477875 -32.019220 
5 35 1169 1845 2921 3453 -95.508604 -71.612485 -20.192472 -1.022846 33.671163 
5 233 1390 1644 1968 3089 -94.300792 47.686321 84.705679 -82.301772 31.163530 
5 447 871 1784 2330 3229 30.736441 -12.647416 -22.703519 33.968665 76.487432 
9 988 1683 1992 2391 2425 2448 2764 3151 3355 -50.676625 -94.202469 -91.898847 72.563085 -12.749737 -10.663572 -97.653199 69.420688 58.788055 
7 362 611 660 1333 1678 2540 2693 -38.350641 -74.878088 18.656907 92.947280 -89.925205 2.576574 65.571411 
5 68 321 339 1143 1516 58.152005 -14.060438 -10.064945 63.713363 -82.671482 
4 870 979 2750 3269 88.192866 -44.220587 -71.239926 -87.413960 
15 179 651 993 1108 1256 1613 1645 1655 2117 2308 2322 2587 3202 3234 3314 51.628479 -89.868033 -35.551254 65.091842 94.075675 -37.780404 -85.544290 53.144691 -74.542471 44.525245 47.600516 51.663163 98.062696 -28.787008 92.724237 
7 418 503 1173 1515 2009 2076 3121 -16.904097 -51.576414 98.580013 -15.244189 -36.411880 -26.171340 28.700916 
5 70 1206 2166 2391 2531 -38.892474 49.590374 78.333150 33.314238 -72.007472 
6 622 715 870 920 1221 3202 -30.509499 59.362952 -25.185432 -68.690399 27.489728 24.396397 
6 659 918 2595 2937 3201 3264 66.138947 -75.184297 46.910683 -12.713829 -68.701329 -33.275670 
7 289 1303 1441 1887 2817 3069 3209 -27.495350 -33.889297 25.300723 57.254823 -8.859550 7.100478 65.691691 
9 131 461 1024 1915 2050 2637 2786 3029 3049 39.643961 -69.375857 -52.279904 85.546634 54.451814 13.299088 -72.834939 -23.574515 12.540116 
4 623 2262 2295 3114 -9.263343 -74.090015 9.019601 32.663189 
9 395 1124 1715 1801 2566 2899 3153 3271 3287 94.529484 -27.639471 61.704056 34.949619 39.871179 -35.894176 5.633775 42.751787 -66.433899 
11 1151 1285 2046 2662 2848 3003 3073 3125 3151 3197 3204 38.744287 -14.613707 -14.786290 58.943159 -55.849737 89.354680 -36.416946 -61.308915 -23.042554 9.123565 34.143808 
7 220 1034 1114 1734 2486 2659 3184 -43.050582 -90.945570 32.270166 55.699824 72.460454 -5.448566 -36.256900 
8 326 418 839 1436 1725 2644 2873 3073 3.362042 -78.418650 -13.124779 32.349107 -95.882856 61.901077 3.029377 6.517894 
8 236 899 1096 1168 2114 2309 2827 3422 -55.818132 60.009745 12.183390 -9.942039 -96.252367 -16.498270 44.262165 61.169999 
3 16 2994 3141 53.046180 1.507586 43.747950 
6 449 588 899 923 1087 1422 -89.458894 -65.731493 -6.683896 7.595869 73.507866 66.579832 
8 803 830 1278 1626 2003 2171 2382 2933 -4.395148 76.186429 40.402790 21.864167 18.434976 46.380524 87.937332 44.366408 
6 1704 2367 2837 2965 3216 3480 -0.822603 28.621244 -46.180242 -67.669007 -96.947715 31.239410 
9 1279 1971 2176 2194 2261 2507 3043 3346 3359 -5.985460 9.118303 -12.047966 15.900461 -38.820778 27.806463 -86.417311 -87.305208 98.460081 
4 27 1337 2195 2406 -84.977625 -34.865995 69.232444 2.584263 
6 468 1405 1509 1614 2958 3085 88.876236 37.847901 79.860227 -90.357146 84.868886 -67.143571 
12 183 474 690 1255 1630 2040 2230 2332 2467 2509 3336 3377 -92.434212 -3.352372 68.036371 -19.615787 -33.405633 -27.485945 30.367170 -50.046246 -82.229041 -23.399305 -76.305113 79.473978 
9 29 155 509 867 1256 1553 2097 2696 2846 66.030046 13.073063 -68.109560 61.865133 -48.452828 10.997323 56.127820 -53.062454 -42.014181 
6 240 1610 1861 2440 2660 3423 16.188887 24.968949 -35.268246 -23.443400 11.351983 93.811193 
8 98 580 922 1235 1326 2196 2650 2677 71.350715 -0.231851 -29.919391 -0.984608 40.581126 -65.807931 94.254819 -86.528648 
6 273 2007 2278 2814 3221 3473 39.735088 -26.703121 -29.195204 81.195754 54.088193 29.220498 
5 988 1388 1487 1701 1741 -47.898492 1.259464 91.254032 -99.907396 -73.910402 
7 268 715 841 1040 1615 1822 2383 99.931760 11.709697 94.383659 -64.262422 9.498508 -23.356018 -91.862335 
9 478 974 1160 1340 1589 2118 2210 2842 3112 66.856465 13.707561 -17.262349 -23.902652 90.080401 37.862813 54.613673 -24.569734 65.372159 
4 244 264 446 3388 83.924579 -59.937533 38.686831 -73.396918 
10 679 810 1196 1540 1836 2171 2268 2294 2955 3233 -56.758359 -57.343294 17.609135 20.004517 17.238259 75.345764 64.542413 11.572425 -88.559173 -78.502261 
2 1306 1687 91.992356 12.878552 
9 35 103 742 817 1690 1733 2231 2917 3272 -32.181350 -61.846375 8.041703 94.388947 -98.133009 -85.905408 41.460294 89.447605 -83.064755 
8 99 144 689 1216 1536 1628 2763 3337 -49.441804 20.553216 23.606815 21.258176 -40.079164 -18.360590 -76.901850 82.142948 
8 62 102 2205 2228 2421 2438 2920 2925 -64.171019 -89.531158 -77.023877 34.101993 20.882540 -43.945997 39.992804 -15.729867 
6 362 903 1843 2967 3184 3490 12.183886 55.025750 -23.735412 -25.964975 -63.965038 -23.002060 
5 339 702 813 2452 2472 -4.314975 56.529989 68.199920 74.753873 97.360509 
10 436 1155 1485 1573 1707 2451 2579 2702 3136 3361 -15.630387 -83.665495 77.512256 27.217585 69.371277 51.855353 53.227846 74.911273 -7.405722 73.485342 
10 79 1419 2061 2097 2299 2454 2530 2784 2845 3306 49.925088 58.821551 -0.729816 14.235858 68.390860 -50.103243 85.796004 -91.772420 -6.376522 -81.383476 
8 312 1202 1402 1921 2616 3004 3081 3357 -32.349795 91.049514 -85.182048 -10.900609 58.862253 11.724053 -16.694299 84.754487 
8 289 983 1268 1837 2072 2288 3057 3431 -81.748065 59.317264 -66.158177 -8.558124 79.296775 35.480297 -82.683205 34.936585 
4 360 990 1158 2288 95.676467 -16.714081 35.197740 -34.888730 
5 657 812 985 1351 2073 0.959104 90.359514 81.307970 -56.599207 -87.579811 
10 353 850 939 1080 1603 2040 2263 2639 3242 3422 49.885419 -13.604072 -68.198652 -79.355128 -96.087680 -39.055000 26.850496 35.790197 69.957555 20.068967 
7 684 1114 1328 1755 2208 2315 2722 -75.760924 11.182915 53.201283 -83.727060 -25.974623 -52.658959 -95.129358 
4 1919 2619 3180 3185 -68.394294 25.888405 60.097332 24.797812 
8 0 700 945 1240 2239 2416 2842 3012 -56.282182 88.218474 3.324501 75.265745 31.240666 32.171812 94.617387 -77.377859 
6 636 770 1577 1832 2024 2112 94.981693 -77.648168 -59.220027 -4.663298 -83.221692 -16.125250 
2 2429 2940 -86.281843 -78.888204 
6 203 362 1480 1938 2274 3273 20.196843 33.662525 28.105014 -3.076886 7.869494 -11.581890 
6 77 1128 2841 3037 3394 3447 22.390840 -65.408526 -7.317337 -27.466358 -27.104800 33.354757 
8 245 327 1013 1074 2739 2762 2932 3307 8.368385 10.470818 -65.949044 84.547125 35.968467 -95.048736 84.224564 -76.478533 
11 263 1304 1314 1410 1454 2150 2327 2493 2515 2913 3233 66.632730 4.309658 26.203167 -46.189970 -3.337190 66.833170 -76.612295 92.188329 -48.870889 6.012936 95.205363 
4 794 1601 2495 2660 32.746470 -99.027159 95.232242 22.273949 
3 1785 2641 3334 -43.852236 96.085424 84.653044 
5 342 2143 2196 2472 2485 62.354599 24.783874 -9.901074 -40.022759 -60.937463 
5 37 534 1101 1655 2932 -57.860891 37.551451 -57.511529 -21.056735 33.227501 
5 132 653 733 998 1794 -38.923229 -66.583788 -21.406010 84.115229 91.453952 
6 48 405 777 837 1296 2578 25.213095 -50.851944 -77.594219 -8.639747 67.843004 -10.624992 
8 58 1106 1383 1944 2751 2951 3004 3284 -94.766566 22.577851 -67.542503 57.597307 -19.783344 65.795136 72.339307 16.562309 
8 91 178 968 1379 2713 2745 3069 3087 72.064562 -76.831405 91.293780 53.750428 53.724387 4.159287 -79.441929 -58.498488 
4 477 692 716 2601 54.490621 39.361364 83.072721 -59.782238 
4 1889 2158 2190 2685 75.709984 -4.902585 -12.036645 -96.001429 
11 77 88 258 262 456 1261 1708 1796 1931 2407 2690 78.917233 -15.488575 -50.822313 61.765332 92.017053 70.308190 -21.907908 -45.460465 76.509250 -80.771755 -67.239704 
7 199 1346 1387 1391 1713 2241 3326 -47.916149 -59.384521 38.618231 49.669260 -92.066270 89.503613 33.227292 
11 514 842 1395 1908 1941 2489 2518 2588 3126 3156 3425 13.313024 -53.090449 94.173695 6.171563 13.247122 61.920903 27.407872 73.724749 -6.717623 -76.732822 -31.772397 
6 925 1591 2273 2528 2563 2939 76.386040 -96.579073 97.876858 50.158409 -5.610856 9.617120 
12 116 649 826 1057 1300 1501 1668 1704 2826 3006 3224 3244 87.835547 -34.700004 9.841577 -13.092962 -29.916932 30.279186 -40.999885 -7.657009 -11.687430 -60.285800 -26.580667 -66.734623 
6 1333 2048 2648 2750 2816 3260 -45.183566 -77.503765 -21.894706 67.743056 -18.423194 -11.591398 
8 81 192 1062 1135 1307 1509 1763 1981 -64.530254 31.941931 -60.179376 84.284224 -16.712116 36.023889 -97.481860 10.778118 
6 147 1196 1239 1622 3212 3260 67.864150 -30.348717 44.449188 -82.011081 35.505274 -40.303177 
4 347 2834 2845 3158 -44.695320 96.803106 99.558780 55.886671 
5 196 285 994 1009 2229 13.016650 77.191697 -22.812059 -65.518125 34.159645 
8 665 1264 1427 1634 1665 1748 2697 2918 -71.312589 -76.148282 36.599655 -42.366172 -22.512170 -67.894069 14.946404 75.420844 
8 509 798 1055 1061 1063 1466 3144 3418 -59.388032 -93.357607 -44.083477 -96.624242 -61.564243 -58.870818 9.773944 -66.668013 
7 931 1278 1329 1569 2125 2720 3254 -91.358689 7.495499 -13.666133 -30.600409 71.971797 -82.064042 -24.036948 
7 17 481 881 1758 2007 2412 3485 -93.826330 96.809398 28.210739 -42.833100 -91.005310 -6.082102 17.382536 
6 417 995 1547 1615 1646 2643 42.715704 -34.890202 79.882492 -24.317564 64.496015 -35.136905 
7 161 954 1267 2049 2270 2893 2932 91.065447 -46.107674 -82.349389 23.074287 97.876921 44.046304 -7.500844 
6 531 857 1112 1570 1882 3181 -36.650427 -60.742385 68.978196 23.528967 -53.155034 32.453380 
5 67 1396 1827 1940 1974 96.127773 -5.494436 15.302346 77.184796 25.014470 
7 294 1744 2112 2292 2697 2789 3025 18.681222 -97.338268 65.266364 33.227174 43.871911 -86.482432 -81.493385 
8 10 963 1885 2468 2484 2753 3044 3332 -75.917200 13.186500 5.620476 50.001337 11.690415 47.037270 -21.311406 57.548142 
10 450 771 966 973 1192 1698 2403 2604 2977 3199 33.363618 73.688908 -53.999037 50.242062 78.228846 94.196073 -78.518261 96.925963 -80.029048 72.626520 
6 655 2454 3034 3109 3205 3451 -61.532756 84.677564 -95.242550 39.949350 37.205608 93.273931 
6 271 769 1189 1217 2190 3364 7.288027 54.313055 43.621305 -23.467256 86.519359 -73.097815 
7 1073 2119 2454 2693 2968 3223 3317 -40.394174 75.242562 98.256071 69.007073 90.135779 5.160402 -11.457098 
9 815 1211 1430 1436 1474 2160 3302 3416 3440 -69.926664 -48.157568 69.104196 14.594900 97.526463 -81.573880 91.353553 -20.799767 -81.166894 
3 238 2002 3134 42.296298 -89.008503 95.703016 
7 47 1047 1121 1414 2082 2097 3221 -49.314007 -30.016123 85.209800 65.043333 -99.806109 82.289975 -46.707664 
7 209 638 697 809 1145 1419 2573 90.869675 76.747567 78.244014 89.120501 79.924710 71.016642 0.556698 
6 50 2567 2765 2879 3115 3397 44.912566 70.359176 73.411002 2.447234 -68.520125 2.687970 
3 1090 1173 2243 70.340401 27.647237 8.134621 
9 240 290 1014 1128 1144 1157 1319 2662 3388 4.968145 48.978920 -10.196607 71.046440 12.824093 -95.865663 -9.763510 85.689648 -10.979471 
4 244 674 1763 1998 -88.233205 -76.517178 -94.005323 -51.780800 
8 163 795 1331 1434 1499 1503 2311 3423 -13.964883 -83.322160 17.545778 96.129524 49.955312 62.365592 86.837341 -50.735147 
6 905 991 1180 1496 1551 3396 9.892620 -65.257817 58.064723 -7.195607 21.248231 -2.516206 
8 313 443 715 1427 2683 2716 2800 2996 -22.388743 -75.076644 5.569615 38.557692 91.460472 -41.764887 32.838125 11.503209 
4 360 687 1327 2796 -41.007045 29.927842 41.990507 -55.795656 
5 1898 2082 2719 2923 2960 84.557638 -78.831696 18.984142 86.634274 -30.777252 
2 1634 2051 65.910173 79.892746 
6 133 945 1105 2838 3196 3427 -13.810143 53.801889 -70.715735 5.117372 50.386448 -81.790724 
5 1722 1845 2053 2354 2636 -26.262521 88.629225 12.999633 99.587826 8.556352 
8 946 1085 1435 1578 2015 2284 2464 3257 -58.035540 65.209253 -96.062364 37.008373 11.886431 -40.178753 13.336055 43.678787 
7 964 1892 2606 2716 3163 3278 3461 -59.838314 70.298597 22.372633 54.712784 -83.467178 47.090094 -70.879794 
4 1903 2097 2314 2503 64.724444 -17.771290 -83.994086 -27.945204 
6 13 470 576 803 2062 2108 84.526475 -54.289947 90.566582 -94.376567 -9.908437 6.879973 
13 127 271 760 1080 1266 1456 2067 2336 2449 2508 2988 3173 3394 45.972966 -35.895956 68.744121 -43.066238 -15.169514 -4.377359 15.259890 -48.768957 -18.583363 76.939034 -92.929117 65.738595 46.343309 
9 90 381 461 934 1707 1898 2399 2686 3146 -88.146440 1.009347 -12.750865 -52.474007 76.343592 35.657598 -52.797293 -21.093652 -93.338053 
12 97 412 492 628 715 747 1424 2254 2529 2678 2792 2834 -67.068205 62.406634 -64.159081 -40.676265 5.577280 18.295144 43.607512 -17.785421 59.831496 87.599490 -68.622104 -82.416485 
3 378 1267 1341 -76.313382 9.395395 88.846325 
13 205 497 863 965 1560 1893 2273 2617 2646 2753 2901 3093 3094 73.682590 -98.378406 44.985460 -86.638791 40.474375 -44.335585 10.199828 28.811947 -34.435863 42.842594 90.400021 84.271629 -59.520582 
6 1069 1396 1423 2540 2808 3089 54.664242 -46.872895 3.123316 4.663226 82.632506 -90.078064 
8 373 775 1217 1362 1648 3102 3303 3495 -27.881528 -14.104371 27.109797 -53.158945 61.804577 72.627650 52.396543 26.191819 
6 108 2094 2106 2167 2187 3028 -80.566302 31.431065 -51.022852 44.967876 11.525359 -79.696887 
4 512 2790 2999 3059 -10.016973 87.539270 -46.138652 79.638656 
9 118 260 1709 2248 2648 2822 2999 3136 3308 44.094661 -21.605064 17.743056 67.438672 34.880512 -78.163435 -80.524979 44.497982 59.222461 
7 242 1382 1534 2313 2647 2894 3230 -4.295992 -22.953458 -56.402670 9.262322 -95.562752 12.814026 87.279154 
8 306 796 1108 1626 1782 2049 2239 3208 -60.059228 -49.098798 -8.152041 45.984639 -87.624937 67.759702 -13.099098 -12.444882 
6 13 329 668 1072 1403 2072 73.093038 69.626790 -72.395162 43.329754 -68.563716 1.273831 
7 817 1631 2119 2341 2502 3060 3092 -61.563644 37.961842 -75.606663 80.511946 59.029927 50.462831 -48.414514 
6 586 630 1330 1986 2415 2828 72.369388 -22.713058 1.853937 63.250765 -90.402884 27.422676 
6 164 211 437 1066 1470 2884 37.198629 43.743521 -63.632825 77.346549 -35.355756 -18.922003 
7 1066 1118 2020 2080 2205 2856 3420 69.511932 53.382449 6.390300 8.933248 11.086355 29.162196 -44.464024 
15 640 1305 1322 2065 2137 2142 2157 2412 2423 2490 2525 2530 2644 3253 3255 -13.898405 94.913103 -90.150675 58.473045 -4.320578 56.731878 45.031750 -76.104145 23.999548 -46.261345 82.290770 -60.062968 -36.597156 -97.243793 58.352361 
12 144 314 1244 1293 1732 1917 2055 2079 2250 2505 2608 3085 23.134660 98.646911 -18.105691 63.209685 87.694577 80.053055 30.112797 45.891599 -53.644391 -38.490914 58.797044 31.220393 
5 83 919 2006 2381 3106 -50.102169 -8.500170 -99.359954 12.285779 -99.674926 
10 455 608 1765 1901 2289 2918 3031 3126 3223 3471 -20.800898 23.595546 8.654940 16.289692 50.007669 1.898343 94.088516 68.215869 -63.600027 3.754894 
9 1188 1483 1585 1754 1949 2052 2272 2369 2743 -60.586190 18.253009 8.893316 -65.436633 -17.114595 26.411683 -66.483188 -38.115547 -34.896881 
11 15 535 848 1391 1858 2531 2626 2879 3149 3160 3307 44.158024 -97.501506 66.703893 14.188924 -21.948245 -67.694212 30.302468 43.607156 -2.124107 -9.461497 -85.071451 
9 256 782 1017 1628 2122 2312 2442 3063 3094 -94.334901 63.580595 41.687314 -24.619953 -87.571705 -51.452361 49.498347 -73.541337 -97.605549 
7 37 467 1723 2109 2573 3021 3477 -35.561055 -53.215054 -12.177540 -65.813891 -83.354028 -88.897898 -39.401427 
10 6 249 397 540 602 1250 1587 1902 3008 3300 27.403527 7.364558 17.417291 85.371432 77.190758 4.844430 -94.108023 3.502798 -29.264412 11.314365 
6 292 358 517 1291 2075 2363 20.131181 11.732834 71.725419 64.861410 -99.886476 -22.551256 
11 129 165 351 431 989 1068 2359 2585 2589 2900 3200 -16.988794 -52.712705 90.409370 22.619074 -52.533165 -6.148967 -74.008772 51.515779 21.688389 53.367713 67.641740 
5 549 639 1572 1803 2359 -62.210689 -15.789163 -75.758733 -12.840582 21.500140 
14 11 293 386 734 894 965 985 1385 1864 2440 2710 2829 2878 3035 -70.952406 -37.644099 61.716011 19.201504 20.768900 -27.985725 -96.162422 -66.398558 -65.580147 17.934479 90.845871 -53.657367 3.127205 -71.524627 
6 706 752 1247 1451 1859 3418 46.835390 -83.485827 71.691496 -78.349914 23.943107 61.976847 
11 358 482 977 1452 2283 2339 2455 2606 2612 2622 2814 78.828095 50.936080 77.159370 -69.363157 -39.275892 55.380520 76.489870 11.209524 -5.006294 -69.145720 37.456659 
5 661 1373 1855 2735 2822 -42.401872 65.228223 93.650525 -30.057374 11.587936 
7 227 866 1314 1849 2195 2257 2303 -25.381300 -79.393785 19.159818 10.840967 73.572844 87.654446 -43.136325 
9 44 566 832 1281 1302 2829 2846 2925 3230 -53.759253 75.342900 -77.424712 -64.604988 -52.588853 65.037717 -77.213172 -25.023323 -72.549960 
5 1457 1615 1824 1981 2202 -33.972508 -8.873692 -28.259701 18.219978 84.664224 
6 830 1882 1909 1911 2635 2722 61.599223 2.567428 20.994155 17.082176 -45.026192 -76.940320 
7 651 1527 2038 2331 2727 3294 3335 -78.746719 -4.240897 51.344901 -31.315994 13.488042 72.241115 59.745915 
7 131 162 972 1139 1537 1948 2670 -43.325028 -58.995496 55.819629 52.060995 -7.536018 44.878143 -43.786170 
8 237 242 1326 1357 2211 2262 2999 3026 7.555247 25.051800 25.538771 21.404367 85.606413 61.492696 -6.938560 -37.932720 
10 650 1709 1984 2061 2257 2258 2306 2369 2412 2838 -27.052595 -46.830406 38.922173 -58.013340 39.554374 17.701597 -88.421558 57.856502 -13.951219 74.506655 
8 118 751 910 981 1865 1909 2033 2945 -86.593797 -30.654550 -90.493182 -6.985875 -91.971226 -69.791180 90.449299 -69.915801 
5 1 863 1165 2674 2912 83.565810 43.570789 -40.006178 2.973706 76.987115 
8 434 450 870 906 2202 2725 2894 3376 48.055702 -1.186611 18.679443 -40.360783 94.037218 58.550512 -64.550830 66.176613 
3 1726 2129 2864 -98.003969 62.914055 -30.393102 
8 720 1068 1697 2142 2251 2478 3146 3288 20.155406 10.501422 60.361265 65.373764 32.009744 61.925048 -20.036993 -43.697198 
4 114 740 1343 1920 3.722108 75.049099 88.683255 -82.512235 
2 705 3483 49.308381 -75.024601 
6 150 701 1743 1998 2162 2176 73.425148 65.585076 -50.110449 19.882652 -82.681195 72.662134 
5 544 1314 2391 3033 3452 -76.300133 -61.522059 69.766930 82.081292 -0.338448 
7 300 1415 1775 1937 1959 2009 2636 97.575987 -18.571929 -58.483729 -99.304727 37.209529 15.622093 9.526630 
5 485 615 1195 3091 3209 62.494446 91.881257 62.290879 84.784716 -64.824392 
4 953 1026 1241 2433 -74.473675 16.743290 -95.859174 8.219672 
4 1381 1913 2008 3208 -79.676514 55.278134 55.625679 10.446124 
5 449 1277 1572 2295 2801 -16.867161 65.375385 72.135097 90.634065 70.528797 
3 1110 2066 3149 72.486695 -48.192330 64.447335 
6 218 298 936 2443 2592 2903 -93.757325 36.747276 39.970883 -64.697930 -96.578531 -13.398128 
8 322 511 854 1382 2655 2981 3183 3442 41.053097 -21.933063 29.105042 -72.397991 12.938818 -95.155516 -22.887093 63.131373 
4 406 1341 2557 3384 31.912003 -56.639270 78.828553 -95.031952 
6 278 1009 1318 2221 2761 3290 96.437938 -30.007365 -77.026986 7.784059 -23.674167 -15.401744 
5 421 1319 1960 2383 2808 -91.532041 -77.256627 48.094948 32.032685 -23.217458 
10 1403 1677 1869 1920 2721 2967 3249 3272 3340 3454 0.579966 67.303006 -1.551631 -91.127500 41.239506 -76.000271 -56.520111 -42.359805 -35.072621 -77.110097 
5 447 1376 1745 2045 2503 65.450386 -88.480967 -34.216941 -60.145408 29.738936 
10 210 258 358 1779 2658 2682 2704 3110 3134 3430 -94.731969 -62.404837 60.091415 -14.090613 -62.740846 -39.720703 -74.831521 -97.197256 26.961227 -36.830386 
2 2401 3310 16.652309 56.421311 
7 548 925 1654 1948 2553 2981 3083 76.327962 55.275823 -31.086100 -57.835049 95.481725 81.514147 58.790415 
9 171 1593 2067 2272 2343 2420 3257 3283 3365 54.978100 6.323118 21.417022 -39.601353 88.880454 -15.080898 -6.404332 -62.678714 42.050834 
7 567 992 1866 2478 2865 2921 3145 -52.188629 -52.398977 -47.666426 -80.565379 -4.810383 24.474150 49.593269 
8 380 1076 1141 1294 1599 2103 2190 2312 -53.872517 -19.344669 -98.133439 16.365226 -81.161994 -56.801860 28.294374 27.733768 
8 73 1112 1451 2473 3068 3119 3202 3400 39.318369 -1.648067 82.436609 -53.100360 -28.076807 83.718582 58.068421 53.742562 
3 255 2536 2631 87.148606 -68.158679 17.348896 
7 460 1029 1058 1100 1931 2234 3368 20.919314 32.926166 -16.878173 -5.723731 86.350232 50.459394 -52.115651 
7 211 795 923 1213 1486 2126 2830 8.949328 -11.917375 13.220019 -40.200838 72.348225 23.713852 -22.674869 
13 1063 1416 1422 1482 1588 2304 2562 2824 2922 2960 2974 3077 3153 -0.262648 52.845129 58.418653 29.447980 53.080351 -52.033024 -97.867957 -70.030367 -45.585892 -0.348492 -59.942892 -18.316936 84.468845 
3 2744 3039 3089 48.280829 -4.081252 40.681801 
13 113 365 1226 1271 1409 1491 2334 2379 2530 2723 2988 2993 3429 -79.665440 -55.643554 -11.685737 -47.799468 -47.875439 -29.098947 -17.457606 23.757324 -1.908743 -97.500471 43.242262 41.472314 78.979800 
9 220 256 357 1024 1069 1133 1526 3195 3236 -52.667118 -50.949383 -28.391676 90.609606 7.047753 -1.643624 -18.245725 -97.625572 -89.841098 
8 222 1812 1814 2183 2207 2256 2349 2673 -70.472885 -44.148565 97.143147 -26.844633 28.384964 16.176407 4.355573 -79.794156 
8 31 204 266 285 312 831 1067 1534 -81.940661 30.281218 68.148253 -1.672477 30.086343 20.776337 -15.179570 -24.402920 
15 17 89 445 472 833 1619 1761 1847 2097 2906 2907 2920 3011 3232 3248 89.650037 -20.835825 -84.715933 -48.729204 -84.431623 -62.704034 33.847527 34.903906 73.360115 33.763878 -3.649965 95.307782 88.882075 83.253584 92.544877 
7 84 109 393 873 882 2788 3420 -22.230703 75.954353 -71.426577 43.309915 -58.330063 86.374009 -16.938431 
7 728 966 1966 2065 2560 2596 2674 94.391934 79.607809 -66.116469 -74.836608 -63.547525 18.416294 56.880889 
10 235 371 430 469 937 2345 2453 2545 3142 3144 -78.356702 -29.135077 81.778777 -46.003496 86.857879 -4.583019 50.603396 63.236274 16.315580 -46.680241 
7 238 588 1236 1779 2457 2551 3064 18.743432 -86.246810 94.272370 82.612406 60.675455 -52.236547 -54.665587 
3 1030 2537 3259 -43.757539 -10.181242 -78.592141 
6 426 937 1721 1854 2401 2865 -54.484523 -21.855480 -46.467960 -73.098118 -79.450512 -12.801743 
7 149 167 1192 1678 2065 2604 3223 46.723675 88.805289 -76.214716 95.511395 45.414532 50.897684 73.614685 
9 971 1073 1510 2266 2420 2730 3162 3363 3445 -61.919372 -57.783943 -20.209837 9.098031 2.412812 -33.123872 56.805223 -34.070157 -67.359074 
5 1027 1417 1831 2752 3049 -50.527446 -24.138249 65.077787 -13.570059 90.369905 
1 1269 25.557163 
10 233 331 431 1984 2122 2223 2674 2932 3041 3363 17.729218 10.318993 40.603360 -9.910052 1.936749 64.478641 -85.672147 70.470958 -39.342383 -0.881114 
5 832 864 1029 2385 2789 -17.744910 24.358628 -81.406073 62.348133 13.122163 
10 412 591 648 702 913 1217 2263 2435 3064 3448 26.968383 -36.932924 91.169506 85.797179 97.036398 -63.531797 74.405720 96.173593 46.571082 40.356052 
4 242 1576 2729 2768 -12.603666 -3.670178 -37.843200 -42.013359 
12 991 1523 1540 1723 1787 1963 2012 2103 2284 2671 2704 3438 -31.867843 -13.949094 27.681296 -87.192930 -46.800576 -28.374574 15.879231 55.171122 -82.214915 62.422729 -25.667233 -59.780850 
8 369 901 1156 1385 1945 2040 2522 3174 60.394285 14.782872 3.141462 9.420157 26.381703 45.906011 67.911125 -93.128582 
8 972 1663 2277 2354 2582 2688 2924 3077 -62.119221 57.915439 -22.200953 -3.926376 28.937320 77.807245 -19.121201 2.675281 
7 373 636 1579 2342 2404 2980 3326 -24.342201 -88.344346 16.328020 -50.205160 -19.930022 -98.362933 -61.881123 
7 1857 1871 1931 2254 3161 3178 3290 -15.074593 79.966228 2.078260 -7.674630 -26.407396 -46.140656 90.753698 
5 245 1153 1386 1806 1960 94.082201 74.521279 0.302007 -16.038416 90.042120 
7 721 1551 1816 1863 2181 2575 3328 42.992446 79.376802 -91.682266 71.083079 96.043825 94.629797 10.932282 
8 614 822 948 1612 2479 2562 2835 3128 -20.187733 97.155904 -22.894211 -51.414048 -57.810793 -8.438218 21.269221 -30.279940 
11 254 423 1020 1232 1426 1463 1493 2010 2396 2474 3017 -11.437217 61.840611 49.057766 37.520057 36.979308 38.310474 -85.977988 -25.732343 -97.817044 34.097420 70.445615 
6 731 2732 2789 2873 2943 3216 55.085324 1.169530 -27.128640 12.247105 55.000560 18.164604 
9 47 336 526 678 1198 1581 1709 1847 2209 -12.269723 -59.422927 -91.657693 16.282754 -90.256917 31.258901 32.789558 17.491843 7.903817 
4 201 227 524 2849 82.682512 -72.763934 38.254755 91.054219 
6 395 701 1103 1152 2284 3369 90.512428 38.660505 90.373709 38.250817 35.989983 21.033131 
11 400 742 1026 1218 1385 1721 2143 2547 3001 3090 3383 40.310346 -64.925762 -55.584568 -69.125451 -0.222934 3.063986 -26.424277 -92.477732 -56.964083 -43.311596 -21.167842 
10 458 1203 1536 1646 1785 2139 2383 2788 3436 3498 14.309274 33.241517 30.429092 -11.591703 9.968104 -67.368244 25.909301 61.452933 20.011517 -92.279857 
7 419 480 528 1708 2007 2146 3151 53.867804 -45.148913 -42.440803 53.737723 -22.634681 55.296127 -95.860876 
7 101 662 744 847 2496 2980 3255 -98.458982 -63.727734 -7.934446 50.132521 11.573005 -47.088013 -99.364683 
8 978 1374 1730 2292 2810 2923 3039 3077 -34.949751 2.903474 21.572295 -67.857360 46.308979 86.575215 63.702456 19.826437 
10 30 269 393 427 1408 1556 1819 2264 2346 3459 -49.403488 20.815326 -67.807081 34.433253 -89.794507 -92.819755 9.409374 -94.967293 45.085424 59.497035 
10 100 640 928 1012 1185 1490 2195 2329 2379 3142 92.531432 4.048872 -98.739259 -63.744405 63.620230 57.002781 -30.123899 70.607006 92.140102 56.699271 
6 381 495 1969 2323 3174 3303 -70.314407 29.034634 -99.449340 29.776459 64.542910 11.302548 
6 131 779 1052 1629 2396 2476 72.211158 32.782492 96.043653 -88.612595 -25.852885 52.437152 
8 54 367 641 802 1300 2798 2917 3044 58.729021 -49.071996 -62.046187 -90.275639 91.485798 1.659380 -44.904896 38.266711 
7 53 526 1036 1363 2017 2031 2495 93.011829 86.562488 21.583738 -79.287824 14.150299 -9.899463 32.381977 
7 106 773 850 1192 1504 1847 3397 62.872672 -66.104964 71.279151 -1.221399 -83.142238 33.684248 -14.187091 
6 258 2041 2165 2201 2419 3032 -3.118672 -24.763326 -70.867303 -48.439730 -3.177902 -66.859339 
5 418 1037 1203 2142 2798 69.226010 -88.959481 18.101073 -60.690091 -93.558009 
8 550 1619 1674 2059 2083 2312 2989 3100 4.030090 46.823893 -29.177869 -21.506007 82.464955 -96.891334 19.756767 -6.201256 
5 922 1594 2029 2476 3439 0.608655 97.184281 72.666034 -59.841837 -97.633134 
7 138 1339 1613 2280 2427 3161 3340 33.127545 -81.709438 24.921551 -14.441252 -28.077977 55.583915 84.283697 
9 41 154 715 875 1591 2421 2433 2537 3016 -76.869189 -81.245631 -5.508420 62.184757 -9.680909 -41.964580 -21.337849 -74.186264 -27.757339 
11 2 17 385 757 1002 1580 1760 2921 3036 3206 3296 96.040681 1.116619 54.617168 -74.097973 -1.970767 -11.056330 -44.213909 -14.130466 11.200204 49.513938 73.686809 
9 245 629 997 1599 2175 2297 2727 2741 3105 81.307810 -71.658768 -47.773116 33.583178 48.011913 -11.361654 67.278586 -19.033658 -24.993942 
2 109 187 -55.588935 63.791530 
7 1737 2055 2231 2396 2708 3157 3278 64.975505 -48.672299 27.544064 4.583480 51.682886 49.092580 36.080995 
4 1022 1745 2561 2709 3.237882 9.615297 -9.641948 20.102168 
3 0 450 1298 53.927224 -73.649083 25.451472 
6 502 1275 1871 2196 2622 2950 -45.837476 -92.395195 -59.162113 25.524339 -19.927919 -72.669033 
3 887 964 968 71.844379 -72.133446 -64.724991 
7 173 640 1168 1220 2327 2878 2965 8.267849 47.972648 -84.398376 23.672409 71.288467 39.082291 -63.940011 
5 1318 2247 2629 2825 3492 -38.155806 28.547755 17.949737 43.797711 39.896045 
9 103 270 1111 2084 2169 2916 3235 3346 3424 38.575479 -42.616832 54.216388 9.994713 64.778024 2.350290 70.559896 -75.533768 46.666866 
5 532 1239 1283 2006 2973 65.540901 81.805129 -70.308753 39.009587 29.460356 
6 861 1181 1774 2551 3111 3314 -98.610122 10.961368 1.680772 -46.399422 -31.558997 -77.973662 
1 3179 -23.051755 
9 260 1222 1545 2129 2413 2481 3020 3204 3293 66.910654 -66.947602 27.450557 -14.431820 -34.517519 28.096484 65.808713 89.980622 55.972410 
10 708 1035 1099 1155 1506 1613 1770 1898 2245 2332 21.918346 -62.394099 33.388576 -36.769276 -60.470352 52.056151 36.049295 27.832015 -99.319267 64.635772 
9 76 457 754 1353 1471 1621 1659 1929 3071 -5.929210 -67.895874 -52.541803 -57.000448 -82.746061 53.489839 19.190292 -35.038070 3.817240 
4 1288 1497 2898 3489 -92.645237 7.905072 -53.518617 -5.807250 
10 423 554 1021 1399 1493 1675 2099 2328 2441 2479 3.546632 -24.677764 41.265066 11.098199 -2.931267 -44.595235 68.762480 15.770107 32.063741 81.137547 
4 507 1083 1788 2478 -98.116054 -48.396306 -79.536020 -59.831998 
10 26 53 175 225 988 1618 1944 2608 2794 3150 86.785578 -62.423665 3.678647 -54.606522 92.960418 17.570176 65.396525 92.865823 1.868012 -47.146618 
3 1854 2110 2413 -30.874171 35.236969 78.682476 
5 573 647 891 2526 2868 87.709003 -67.172695 12.317137 -58.291629 15.666504 
7 223 286 591 1139 2985 3033 3342 -51.831872 -19.098033 42.740969 -49.621482 60.901759 32.822545 82.733425 
8 450 2091 2113 2132 2275 2738 2992 3457 95.717703 -99.023891 -12.214212 -38.534477 -49.485372 -30.770343 -4.823560 -16.922867 
5 317 1043 2451 3239 3277 3.935143 24.504075 -93.719304 -22.165659 -7.193586 
6 126 381 824 1091 1357 2132 35.828992 18.291465 54.332157 16.777992 -13.252194 83.460469 
6 1122 2082 2146 2879 2974 3220 29.449147 -26.588971 49.901066 14.995071 -92.296617 -69.651377 
7 385 919 1220 1484 2130 2778 3459 32.721078 49.913745 78.111016 -10.863356 -37.787494 54.502339 29.363483 
7 19 309 637 920 1152 1506 3175 -92.111162 -88.384811 21.726660 -55.593732 -52.237288 35.434972 -55.184954 
4 477 815 2048 2602 58.865938 36.690457 -15.667716 53.212053 
8 66 202 233 777 1256 1874 2376 3189 20.436497 -74.584882 90.788578 28.532042 -99.046799 -17.864787 33.306283 9.803061 
9 1003 1012 1243 1244 1984 2048 2120 2826 3422 -2.101056 -24.599680 38.938578 94.987894 78.072902 53.700752 7.108038 -3.850630 -92.173385 
9 54 1032 1167 1521 2014 2341 2749 3222 3474 -91.480317 -14.764295 -9.244246 -21.846973 73.442975 -50.190584 -26.301870 -94.034419 -25.138538 
5 70 598 787 1095 1644 83.408220 -15.991554 -29.231768 49.291848 -7.631814 
5 957 1133 1780 2260 2414 82.451763 -32.972937 19.098379 76.293226 92.767720 
11 389 719 1375 1908 2178 2284 2664 2844 2905 3016 3216 91.629098 -94.876533 -39.273568 29.581079 -20.573616 16.651141 77.785021 5.532372 52.755366 0.592160 5.374501 
4 260 728 1623 3493 -4.943577 -40.240126 13.823380 -3.138236 
13 12 257 930 1162 1409 1454 1609 1615 1695 1820 2134 2617 3003 -98.041302 75.248768 -45.822999 16.952243 -57.130110 58.095756 37.151254 -44.097710 53.653217 -37.867612 -74.404841 62.877438 81.960634 
6 264 779 827 2889 2999 3407 -59.666538 -18.328931 -71.486539 -1.643118 -59.857386 -78.003392 
7 275 295 359 384 1109 1359 1364 43.318052 -59.444955 -85.576153 -48.675769 99.536462 -26.833073 42.051640 
11 306 689 1087 1358 1408 1744 2120 2522 2640 2876 2949 -72.356528 -16.753847 -49.447078 45.909677 74.313047 62.942240 -3.137849 -91.871280 -92.883024 33.138076 15.927778 
5 144 1153 1338 1833 2380 -34.847816 -35.219557 13.406338 77.638476 -91.316974 
6 18 1512 2036 2295 2626 3163 29.564198 13.253635 24.257871 -79.941737 92.185400 -42.189105 
4 806 1479 2013 2797 -41.924269 -29.083342 -61.814434 -20.693296 
3 948 2951 3239 24.675201 74.751097 -99.831014 
6 219 1287 2178 2303 2499 3255 74.145351 -27.156965 5.939026 -29.254009 33.341258 47.620547 
9 363 1373 1496 1625 1797 2652 2846 2884 3476 9.358216 -93.968662 -81.995723 -26.455066 60.385181 28.682946 -91.251919 -84.507098 -14.902580 
6 263 365 724 2383 2800 3232 95.673443 89.945901 29.171529 -32.064417 -80.891349 -73.823992 
6 925 1219 1233 1702 1935 2205 45.010395 66.397772 -18.175180 -45.828430 19.990037 -0.032544 
4 18 1217 2114 3369 38.486241 79.154133 85.279608 -34.874014 
6 1678 1683 1891 2262 2401 2469 73.207222 58.387271 96.487486 -93.508146 87.715373 36.818907 
7 511 713 1979 2024 2615 2884 2920 -30.731497 -26.791655 -31.079586 -67.701207 40.208521 31.234145 13.321846 
3 99 1358 1675 24.940688 67.255499 -66.406265 
4 208 374 2365 3235 -83.664542 91.075842 -17.498806 42.148787 
5 943 1422 2090 2216 2445 -93.396573 4.117631 -66.719537 -15.476471 -27.032445 
6 699 738 1263 1793 1904 2124 -90.928240 41.561252 -96.913075 -83.086648 12.575678 20.257462 
7 28 218 477 710 712 1534 1863 56.304489 11.325098 -22.713044 -2.252856 -73.100078 -92.070808 35.354532 
5 496 570 801 982 3337 -90.490296 -98.099889 -69.549326 10.909277 -1.805104 
8 698 1048 1893 1935 2544 2622 3110 3250 -29.291500 35.540097 -70.861312 -52.086825 -24.435528 -40.378749 -36.617364 -99.188560 
6 65 433 644 2411 3118 3306 -79.427762 -59.078570 -14.870035 -6.109760 -66.218799 -29.583792 
10 371 1151 1260 1618 2105 2148 2226 2879 3433 3436 -61.026666 78.240008 93.763312 69.325637 -72.293677 -65.254818 -37.255278 -7.195277 -21.972014 -35.784535 
5 986 1189 1393 1929 2138 -43.554487 -33.559318 30.690249 94.984831 15.420672 
8 169 1162 1312 1901 2162 2883 3016 3335 56.059734 47.518866 -40.681892 88.791822 -3.707788 -93.418211 -26.982891 -75.683651 
6 247 2258 2334 2414 2716 3008 39.420911 27.013350 -85.467762 43.980100 47.850443 -12.631536 
5 569 851 1445 2331 2373 -31.934039 -52.695483 -43.779092 70.815188 35.578765 
9 197 1029 1070 1170 1446 1772 2736 2876 3156 85.572950 -10.615100 -84.811741 -93.411721 6.184386 24.745892 6.603730 12.434517 -39.386279 
10 412 822 999 1271 1510 1800 2060 3199 3300 3383 38.988231 -38.569669 -68.116963 40.576635 38.851711 -11.552464 7.669627 31.838627 95.716092 -66.240147 
9 31 229 287 1541 1654 1849 1940 3028 3486 14.865285 81.827626 93.762098 89.048690 95.123170 -5.448075 26.841426 81.351872 -17.174703 
4 859 935 2566 2905 -33.853068 91.207973 -0.348156 -11.252460 
5 134 683 824 883 2599 65.032157 66.714694 76.924104 -36.693610 25.782716 
7 148 930 1098 1405 1533 2169 2274 -78.921497 10.293120 54.387654 32.501119 -58.203887 73.687547 -6.823507 
3 95 786 1472 29.115785 31.402775 -11.509155 
6 20 191 1242 2786 3030 3264 88.673307 81.873864 -98.330683 46.036761 1.482232 13.752046 
8 78 239 1696 1984 2261 2370 2573 3011 -51.963840 -3.682790 -8.177182 2.250558 -96.046810 79.337817 -91.072805 74.618598 
6 605 1059 2108 2303 2400 2515 78.108110 90.860590 -21.304277 62.281930 -61.141254 -47.472716 
5 1162 1515 1868 2203 3170 -4.812245 -95.386322 -45.911032 -82.827294 -60.413132 
7 640 859 996 1668 1813 1990 2569 -1.372305 85.698519 79.825147 -19.692027 49.111847 -60.311524 98.151716 
7 84 1264 1306 1569 2403 3146 3363 85.934265 -88.079026 -32.510513 -91.568148 37.018463 -7.009010 21.253570 
9 348 867 1442 1458 1643 1709 2020 2553 3002 24.935808 -66.296174 -29.129493 47.309435 31.652926 -51.887208 -57.853874 36.483715 -74.074967 
8 507 1630 2402 2880 3131 3165 3338 3432 25.764816 -23.358190 56.119919 -57.831175 -82.795413 -83.445970 94.675092 88.588357 
9 207 290 727 793 1346 1782 2290 3327 3433 -20.962733 51.235126 -41.716067 -98.410511 8.145503 -78.985663 17.171199 22.255577 40.547378 
4 93 1853 2143 3018 -52.447123 24.160619 74.515897 -71.859647 
5 161 434 2882 3472 3499 -71.622925 7.458167 -80.158059 41.186961 84.053626 
6 1800 1968 2519 2701 3107 3474 42.814799 31.680578 68.901340 -77.710195 -41.207491 -57.843357 
7 1134 1616 2136 2330 2786 2946 3084 -16.644132 3.123223 18.386402 -60.492773 -48.877424 -49.390394 -11.504426 
10 106 393 815 1246 2034 2420 2431 2936 2938 3376 -80.424271 -76.218200 95.927725 -9.518800 65.728338 34.027000 8.885924 -11.672978 -93.116957 -73.373852 
7 165 310 440 580 1929 2291 2505 49.506451 18.607204 60.028100 -87.864737 -39.639379 -51.525737 29.226922 
3 573 1711 2551 89.999732 -10.965028 -41.774894 
14 306 460 639 716 1087 1367 1524 1641 1755 2176 2416 2598 2849 3491 -46.862154 31.706460 -68.934441 13.344417 75.146182 43.389679 -91.685289 -51.917716 -18.571237 18.522601 53.632439 60.337772 -36.742230 51.889352 
8 16 778 1106 1360 1710 2232 2512 3325 -36.128332 -90.153171 -47.001871 -31.993912 66.221114 91.711548 43.984508 -6.269168 
8 262 1675 2008 2207 2261 3026 3194 3279 4.876703 -52.776958 43.722112 -35.545170 68.935715 -98.637479 56.028550 -82.674631 
3 1387 1762 2427 -53.118360 4.600182 46.403638 
8 351 1222 1279 1579 2099 2122 2932 3295 -8.417081 69.227350 -10.607018 -99.881191 79.411630 80.442009 62.729287 -75.385954 
7 28 160 1409 2154 2432 2776 3077 -37.445615 37.545191 -88.929668 43.604451 95.131873 78.187461 12.684590 
10 12 883 1086 1762 2094 2235 2310 2366 2511 2940 41.806920 92.240750 0.578664 85.197483 13.253021 -22.841269 50.951478 14.172434 80.642359 -3.889137 
9 192 1147 1486 1535 1550 2744 2841 2869 3243 84.508186 -22.586018 53.132573 -52.053204 56.159171 -54.006991 71.320178 86.809199 58.887463 
11 582 665 688 807 990 1014 1031 2460 2492 2752 2768 85.799246 80.310729 -99.639642 -42.308525 76.035735 -26.083176 86.780108 -80.605460 0.724680 -83.117997 -76.661296 
4 239 307 856 2996 77.074616 14.269431 92.944081 -37.135224 
11 608 728 1068 1325 1548 1563 1681 1893 1983 2477 2610 6.417933 47.441749 72.439867 9.113544 -11.677829 -18.388394 97.317374 -3.628765 -56.175435 -91.366325 53.650434 
3 1293 1490 1501 15.796358 -56.611062 3.071772 
5 798 1041 2121 2878 3102 89.299642 -24.980767 -51.127461 81.329419 -4.708860 
7 936 1492 1755 1927 2938 3332 3336 82.533590 -45.038462 57.930299 0.195208 36.157018 22.455187 69.365226 
9 154 402 967 2443 2516 3149 3368 3403 3417 -52.497587 94.089747 -21.408413 28.560196 -27.568840 7.409116 -94.391479 8.560719 35.538180 
4 431 2418 2577 2578 -91.458220 -52.994843 8.533038 -94.649776 
6 152 1488 1510 1992 2062 2668 20.180696 -50.625484 13.086846 40.853247 -92.140152 -97.468309 
6 52 1480 1535 1906 2167 3122 -73.610133 13.794151 -20.025984 -79.338422 30.880381 95.213437 
9 79 481 1259 1574 1646 1810 2448 3052 3213 73.915026 67.661468 -30.760484 -42.268288 -27.546070 -3.399915 -9.827416 78.031509 88.688212 
8 977 1123 2091 2493 2623 2962 3146 3250 -9.742697 -94.858895 -11.671031 -4.586567 -68.787028 21.717077 -7.319555 -8.043509 
6 980 1003 1340 1898 2447 2854 -49.126927 8.595687 63.749522 49.578898 -35.760218 45.432176 
11 796 991 1700 1831 1976 2436 2652 3203 3348 3450 3480 4.971481 -97.241327 27.620960 75.595400 39.418901 -26.638091 49.597211 -14.801307 74.189211 -65.999467 -4.830504 
5 1545 1801 1991 2977 2985 0.905831 23.101123 -16.986525 14.983055 -14.452261 
5 57 1606 2039 2263 2901 27.722460 40.493209 70.399754 -84.145369 -45.383444 
6 93 305 723 1268 2830 2996 56.213493 -37.942096 21.625621 68.858174 -40.334040 -30.493169 
5 246 1040 1069 1135 2867 -24.631199 24.538679 -53.240754 -97.609726 45.901595 
7 134 721 913 3206 3242 3369 3455 -92.614681 48.541812 16.517579 -61.155686 -76.197155 64.956939 68.298337 
4 347 620 2586 2713 25.237980 97.916731 -48.956921 -14.400843 
11 14 18 163 172 671 1195 1400 1838 1930 1975 2751 -69.642200 96.801494 -80.677155 24.155038 89.155314 32.130838 -30.269323 -93.017626 71.904610 -45.781105 74.063885 
7 284 329 1039 1196 1314 3131 3237 67.555738 -55.161336 -12.599575 -85.474895 85.508890 67.128576 94.496261 
10 27 478 850 1337 1748 2680 2721 3198 3264 3331 44.474640 -1.600240 11.457192 22.046077 -12.291186 -35.954213 91.085067 5.899877 10.668478 46.481722 
5 89 438 1700 2034 3265 -91.893436 -94.789159 -7.529310 49.722774 66.799505 
7 493 636 1597 2164 2959 3111 3153 39.578238 94.893236 69.516358 -23.724097 -21.111764 22.067000 -18.295994 
8 297 320 513 680 1471 1887 2080 3106 -21.745239 37.838667 64.624263 38.117362 48.896907 5.887473 36.833291 -19.875939 
6 262 278 587 1024 1312 3282 -15.739487 -48.667379 56.418025 -95.607652 4.651272 -92.741575 
7 413 951 1155 1972 2079 3102 3482 83.414499 85.340191 -12.234458 2.595432 -6.446149 -88.280428 -67.653160 
11 203 292 376 983 1065 1202 1704 1876 2375 2512 2646 75.658801 91.460328 72.154661 96.530181 -45.666070 -69.028274 8.176573 16.941010 94.414525 -81.872857 67.399306 
6 1065 1240 1334 1593 2477 2587 14.291421 -19.694200 -33.301392 24.991161 -7.055745 44.417408 
8 691 1534 1663 1729 1780 1916 3181 3297 -24.146417 15.226564 -40.006999 -54.280856 52.666844 37.248256 13.359555 34.791788 
8 293 1225 1512 2186 2782 3273 3439 3453 93.233359 70.824691 -55.046710 86.299826 7.793016 86.235983 40.857511 85.556353 
5 115 1044 1256 1347 3058 52.850095 29.152940 49.095519 -10.340279 -80.340373 
8 136 1113 1490 1797 2598 2716 2758 2977 6.703756 9.283689 85.272721 69.577758 -22.866283 1.921793 -80.712853 46.064003 
10 174 856 1654 2088 2318 2359 2442 2443 2877 3011 -3.208773 73.661573 77.641652 78.686392 -49.196541 28.323624 6.830534 26.919862 -39.338274 -82.464435 
12 429 510 699 770 1238 1393 1501 1793 2101 2158 2680 3431 -62.803276 -79.346204 -23.265053 50.433771 -11.028863 25.151936 -77.648851 47.942270 34.039012 -36.213795 0.346051 -8.910855 
3 1502 2916 3118 -84.762701 -79.554216 25.596793 
4 652 1525 1609 2423 -39.731574 65.191195 38.843783 -63.369999 
4 71 1465 1752 3200 -14.266834 31.004253 -94.756824 -73.139852 
10 407 1517 1884 2170 2466 2539 2801 2804 2933 3498 -76.916420 47.164171 -34.987109 -49.549545 82.300466 -98.050013 32.006364 -89.813848 31.426016 10.666666 
3 1188 2443 2914 -73.224446 -72.921172 -89.164227 
12 5 446 495 678 683 1071 1641 2298 2520 2826 3322 3386 77.192150 -84.057925 26.154458 8.410766 84.879061 5.669246 -33.700435 52.713699 -96.357297 -56.915516 -82.648269 41.945510 
6 373 1352 1739 2236 2517 2668 -73.708846 -73.358784 52.991214 63.635056 88.125342 44.376282 
10 131 152 1289 1302 1377 1448 1855 2036 2132 3234 54.582729 61.541375 81.317139 -92.739469 79.548986 16.898794 -47.657124 78.970117 -5.802367 -93.523550 
2 132 1931 81.513034 12.636902 
11 207 263 324 407 1094 1333 1560 1624 1948 2193 3304 20.828958 -9.519434 -3.607373 -38.741788 80.223353 2.033281 36.719526 -75.637618 1.874776 -3.747856 26.153079 
5 614 1425 2097 2507 3348 -14.419615 87.418785 71.283449 4.962176 34.137278 
5 387 1876 2079 2581 2978 52.574018 -44.614323 24.468756 41.143603 2.273710 
3 1809 3115 3366 -45.250106 -60.571920 78.198983 
6 1392 1549 1707 2495 2682 3317 85.786509 -84.156443 92.953287 13.796697 25.378912 -96.745931 
10 321 1614 1843 1847 2160 2615 2749 2755 2903 3333 50.092053 6.122126 -66.332739 48.880784 -12.782093 42.895765 -14.844915 -41.129822 1.397738 31.890666 
7 959 990 1173 1342 1447 3030 3067 79.260963 -97.427242 47.813116 -84.229520 88.795100 -61.912859 0.105367 
12 38 630 639 792 1034 2043 2072 2374 2794 2983 3071 3106 37.024996 44.462007 -28.883084 -10.801532 17.608205 65.369303 26.852945 97.109670 -98.113785 99.192379 -72.377481 -47.408816 
8 409 564 2154 2187 2248 2906 3268 3281 46.341091 4.589822 -72.194935 -50.465374 -89.568843 62.273635 -66.293486 -16.499043 
5 395 609 1367 1696 1823 -46.921962 60.495392 -25.053420 59.349141 -86.057084 
5 103 2578 2826 2847 3113 27.607804 76.405058 12.808815 76.454403 71.581602 
7 1148 2653 2893 2918 2962 2981 3210 -6.008286 -77.209926 -54.607588 30.828046 29.623223 76.853688 -24.769062 
9 340 438 1045 1198 1601 2135 2163 2460 3161 -40.585268 24.221092 -96.424713 14.198693 81.738867 9.996304 29.053759 77.937652 2.767845 
7 1601 1962 2010 2449 2588 3012 3483 85.322688 13.260016 -42.694126 -0.919025 26.993043 93.236675 -23.665653 
7 329 567 977 1872 2013 2196 3294 19.891193 63.597630 -44.208996 66.068932 84.858489 56.752878 35.356286 
7 254 1397 1479 2698 3227 3322 3378 -14.037786 -70.099785 -42.216214 -23.084909 49.010679 56.765985 -74.578984 
7 369 725 856 1027 1495 1760 1895 -88.478507 -61.991296 -33.678686 91.636588 -42.024334 -47.024640 -35.898078 
5 8 481 1951 2250 2992 67.705900 -44.775801 49.231843 -78.449385 89.461013 
5 184 271 1226 1562 2685 -92.762432 -22.899339 33.434528 -66.085862 -13.459435 
7 189 205 819 1524 1830 2090 3078 72.995597 -56.349532 87.751945 -58.597160 94.686881 -32.981179 -41.401659 
9 121 317 429 520 1685 2144 2337 2617 2718 59.579221 82.731267 -16.859406 -11.163999 -32.279451 -99.961336 34.650950 89.905922 10.142475 
3 178 1802 2175 -97.836155 37.880913 -12.175237 
9 1217 1444 1682 1866 2037 2120 2471 2543 3266 -20.780209 15.036302 -89.541697 -80.205570 -40.844450 85.965110 29.219703 79.212135 25.504627 
2 3035 3413 -4.339345 51.577385 
5 300 945 1181 1322 1886 14.802682 43.167906 75.374735 48.487420 -1.164328 
8 518 579 1009 1586 2557 2824 3215 3335 66.040927 -16.046009 79.559271 82.201472 44.066457 96.149287 -97.620968 22.457539 
3 1849 2019 3284 -12.709642 27.925176 25.350042 
6 846 2237 2331 2673 3232 3392 60.046677 -51.987232 -5.806431 9.668686 -73.921971 -24.834771 
9 224 883 1165 1304 1663 1986 2858 2895 3031 -10.820257 -84.476266 43.334377 -31.989832 -44.373210 38.391871 32.274948 87.860328 -21.740832 
6 281 1197 2023 2762 3097 3226 -25.142498 -49.391971 -50.724867 54.446065 23.904503 -32.070241 
10 243 1052 1157 1311 1634 1859 2569 2818 3304 3479 -48.142629 1.480639 59.009557 -53.888903 78.819522 -1.211907 -33.350503 84.448332 -23.237386 -89.860819 
10 580 622 669 877 1040 1331 1894 2839 2850 2889 -90.007367 -7.940888 -5.937856 3.031521 68.102294 97.283386 19.863187 -32.661075 34.878216 13.855859 
4 2 1249 2143 3148 -87.341649 -51.814315 -32.377801 82.467049 
3 1007 1957 2720 -39.487868 72.518225 -46.656790 
8 236 584 682 965 1090 1109 1535 3411 -0.855329 55.492701 -51.797547 27.094555 -41.490646 72.973429 50.290725 74.905605 
7 270 690 1105 1186 1860 3000 3479 44.715930 -26.627388 14.989092 58.650567 84.727426 -24.663957 11.030176 
9 855 1050 1242 1363 1476 3150 3311 3334 3357 -49.259299 -15.708511 62.427195 -24.991950 90.238098 7.973389 -10.475003 48.195430 84.261515 
4 593 718 874 3013 97.738957 -16.861192 80.152071 -60.172057 
7 310 1157 1175 2163 3116 3228 3282 84.323072 -63.143422 -3.552197 -23.431749 94.797005 -3.743727 -36.855327 
6 531 1101 1667 2039 2504 2956 -26.994335 -54.541984 -57.726767 -11.581185 -18.880272 -98.365649 
13 417 499 1025 1063 1268 1437 1661 1676 2207 2917 3338 3388 3437 82.504554 72.163118 -19.561944 -23.332660 19.101903 53.894107 24.846736 -91.687774 20.683175 81.699935 -18.490542 26.322104 -86.675294 
10 1288 1426 1439 2044 2092 2278 2417 2492 3449 3453 7.455190 -41.389173 16.230640 -64.157760 -20.226651 -76.959740 27.706498 -57.153082 -35.599056 30.469032 
10 439 869 1463 1823 2669 2685 2913 2946 3131 3272 4.077413 -5.979088 -55.002886 -28.765583 -6.338997 10.781542 -17.937699 -91.815138 29.705163 -10.971550 
4 1228 1490 2603 3037 -50.723987 -24.196392 -65.431138 -65.592642 
6 1203 1385 1620 2848 3136 3397 31.036559 47.313862 81.194092 49.220270 -8.610319 5.825840 
10 180 181 361 671 918 1049 1270 2026 2521 2624 -13.059856 -67.950866 43.985762 -77.357263 16.451376 -60.168016 77.830175 52.594383 37.676030 -76.898766 
4 2315 3041 3077 3078 51.415249 20.311099 -28.040803 73.761713 
9 272 1615 2013 2089 2454 2687 2734 2827 3220 -66.193618 -48.864108 66.696187 -37.019105 23.013959 87.536880 29.289167 -62.152111 -65.615484 
11 731 851 925 935 1168 1877 2667 2803 2878 2912 3297 11.393804 -34.244693 -90.075003 -41.825102 74.088741 36.273824 -70.204894 20.301036 -99.158924 -88.870229 -16.797024 
4 1849 2002 2938 3230 -73.259234 89.831095 82.344261 68.413575 
2 1861 3408 -62.579656 93.135244 
6 492 604 1578 1692 3230 3266 76.568110 74.075918 -2.570548 -45.669427 77.496471 -88.869707 
4 562 643 869 1867 28.490455 -80.751379 -61.236845 83.009848 
7 534 710 1956 2120 2177 2729 3268 -74.977943 -63.303309 77.408443 81.793127 85.593612 18.249668 71.502249 
6 106 367 869 1043 2126 3460 34.638506 53.149224 -5.651975 -88.262287 16.512127 83.069598 
3 692 3286 3480 -87.322045 11.904472 45.907851 
9 137 161 188 359 1713 1906 2272 2337 2942 -9.353997 -59.389713 -52.561271 33.901081 -13.808718 70.178699 -33.612897 45.083009 -52.624543 
10 233 382 544 1518 1924 2112 2458 2485 2767 3012 -25.542167 2.361145 1.796601 86.122306 -88.217606 54.693233 51.471967 89.236924 -2.873653 57.036631 
7 548 886 1751 2011 2884 2892 3170 25.537424 -42.984863 -79.666362 40.614920 32.651698 -55.719420 67.126125 
3 455 1341 1921 -10.320367 -82.593225 -76.727543 
8 146 1313 2024 2491 2517 3234 3389 3394 5.196581 50.149355 -8.405677 -0.221323 -92.340745 -43.392577 -39.745913 38.262361 
5 314 1535 1702 1819 2619 -23.345776 -54.946668 66.573557 -76.607737 -40.336821 
5 102 1352 2078 2393 2447 -7.184197 -26.530632 -31.036782 79.048771 52.622877 
13 333 825 977 1105 1107 1153 1424 1949 2697 2991 3280 3338 3346 28.367943 99.228949 -63.636010 91.544641 -60.074684 76.553230 14.225166 84.658764 -71.510246 -76.871425 3.489775 63.325811 16.891491 
7 430 697 1172 1783 1797 1980 1982 17.211486 -21.430757 70.296061 96.642408 -24.038044 -0.345777 -30.440516 
7 226 770 914 937 1301 1535 1921 16.500437 -52.420990 -78.118257 -90.388150 -72.919724 -29.306457 -25.904150 
2 3124 3486 -38.468017 3.008294 
8 117 275 297 1922 2357 2482 2981 3350 33.636133 -91.019952 93.456898 32.017018 -43.463935 -17.294887 -53.356710 11.116134 
7 236 349 440 2386 3180 3251 3262 47.785454 87.819835 -3.923282 79.855619 -28.989333 35.294036 90.597600 
7 31 1644 1793 1953 1992 2144 3036 50.460049 41.124907 91.198508 53.884307 -15.502261 0.526023 -48.289371 
7 39 634 1710 1771 2000 2323 3309 -19.401508 -51.918359 -89.815016 51.417879 25.243379 41.927711 -1.913361 
11 536 973 1492 1817 1969 2006 2607 2862 3006 3203 3461 -20.380440 84.091934 0.723389 -84.231241 -72.476017 80.762422 98.048042 23.185734 97.245011 71.985007 52.357780 
7 819 845 1148 1841 2075 2422 3156 -6.990902 -22.509466 -73.608731 58.176249 1.324100 28.593902 -96.176233 
10 48 211 361 709 750 774 941 2638 2687 3324 1.666689 93.968495 -50.902932 -74.530163 -35.185102 37.479881 -64.211972 79.216417 -21.833450 -75.688576 
8 116 315 907 1274 2056 2918 3315 3420 -1.186804 97.032716 95.092205 -44.275411 15.364651 15.754271 -74.776115 -56.363839 
5 279 381 616 1040 1582 85.652900 51.027278 -67.987496 39.933412 -96.673834 
6 324 1583 2441 2816 3020 3094 -70.836407 30.862480 -12.700928 -53.494565 49.685435 84.625695 
7 11 440 697 973 1209 1743 3011 50.010593 -16.589463 36.225818 -36.530947 -34.754193 -48.132303 36.219001 
8 444 1349 2079 2105 2339 2437 2450 2709 -12.417133 -52.942643 -48.967466 38.547525 28.888764 -27.267106 -21.453615 46.916776 
6 152 475 1850 2176 2618 2793 42.956397 -23.783983 28.711154 -9.212990 18.991806 -38.613680 
7 197 1445 1636 1828 1909 2104 2292 -79.932067 11.929681 99.153717 31.755958 98.779217 78.883032 28.110173 
5 9 42 1132 1158 1182 25.538452 -68.726792 12.485129 -13.861869 -78.730155 
6 748 866 912 1223 2241 2552 -81.177773 -91.077865 28.118982 70.865232 8.212562 36.009457 
8 3 37 1109 1584 1763 2011 2340 2931 10.692980 82.947394 26.369265 11.368735 -56.039417 14.859191 86.947983 40.633159 
5 662 1249 2242 3384 3414 99.958402 -42.138387 16.671600 39.932296 -45.839343 
4 558 568 3380 3494 72.304892 -17.731120 -38.556286 -10.236349 
4 198 451 1369 2753 15.749209 -16.615754 88.648592 61.838719 
3 95 2124 3395 -1.578607 -25.888223 14.967473 
6 1170 1364 1436 1945 2349 2787 23.888615 57.039238 -33.833591 -19.406816 22.081922 -42.071107 
10 597 786 1164 1518 1939 1997 2270 2987 3137 3467 90.481823 36.944356 -83.893882 29.483328 -39.348524 -78.717947 -59.008190 -33.575264 -67.409234 -52.833597 
6 227 1477 1991 2182 2640 3209 81.633696 -67.950930 -18.472583 6.354206 50.881059 -31.038065 
4 1061 2142 2331 3118 -67.567792 78.665863 6.216506 89.859638 
6 53 1125 2021 2529 2769 2991 21.903800 51.302183 -90.109537 -42.877619 -97.136959 -30.807618 
11 176 854 989 1092 1155 1557 1622 1732 2137 3023 3141 28.141354 -9.988541 59.294985 11.612286 -2.753502 -70.188607 -76.959592 43.591547 89.101596 -53.103671 -82.231530 
7 332 385 963 989 1266 1940 2172 49.057496 -59.926052 96.490846 20.515356 32.423464 -65.691015 68.520615 
6 197 330 2019 2622 3363 3494 13.522084 -20.973634 47.826166 81.057523 -77.178643 -50.882256 
7 1156 1640 1765 2043 2075 2180 3498 -14.433223 96.023854 78.423648 -68.248169 50.929253 12.025661 -1.381792 
8 386 579 1011 1223 1465 2406 2811 2912 -36.784557 74.837806 -96.958224 -84.282979 -51.473494 52.351583 -90.848840 33.755742 
5 498 1050 1435 1936 2183 95.376831 83.457616 -90.214722 -85.307986 20.013937 
10 12 89 248 366 1015 1575 2288 2419 3004 3459 -40.319976 74.787906 -84.069856 23.485304 -57.756552 -34.968007 63.399284 31.034669 -36.778735 35.698820 
7 89 872 903 1136 1922 2143 2700 29.107463 5.582024 35.834508 -44.699757 -82.687443 8.239741 -1.712757 
3 245 1429 2578 37.308857 -91.222764 -38.707754 
9 675 851 932 1793 2698 2957 3078 3368 3466 37.555939 25.376134 -14.434331 46.480071 29.511819 -99.506764 -77.503001 96.499609 -82.839943 
8 558 874 1416 1552 2352 2954 2971 3229 -85.831307 71.974782 -71.562334 38.073448 -68.123291 -32.324097 -84.439134 83.276409 
5 45 391 1033 2530 2702 -99.774362 -66.606979 -64.873547 85.196607 95.854369 
10 72 492 544 704 911 1067 1307 1780 2185 2982 50.423772 84.635684 -46.548411 -47.972055 54.839033 52.154110 43.255191 -83.140863 15.515776 98.438425 
8 924 1281 1603 2405 2942 2990 3118 3225 -65.559642 84.813421 51.733303 34.140995 -52.158773 22.005261 -1.685751 83.679574 
7 893 1058 1064 1601 2197 2810 3457 -18.630607 -27.248966 27.746805 -15.911655 -15.137503 93.749370 -24.379287 
5 113 1144 1234 1617 1732 91.084049 17.238841 73.949817 -86.157711 96.844511 
7 783 846 962 1537 2777 2910 3089 -92.451892 36.338602 -26.516256 25.195751 38.322780 6.319746 -73.780263 
12 55 665 1010 1379 1518 1830 2262 2493 2650 3051 3080 3094 -78.343139 90.417571 -48.327321 -66.602027 -54.008039 23.935983 -52.085177 -42.066471 9.593608 -77.730700 18.269564 -66.335681 
3 121 240 2891 44.017755 41.551445 95.103911 
10 235 510 609 1197 1568 2230 2663 2707 3487 3493 -98.508058 -25.221800 92.430203 -7.603908 45.971097 38.250096 40.014827 -40.606112 -76.490121 -95.467545 
6 259 487 760 1141 2737 3453 8.367421 10.774444 -41.718921 -1.098412 -50.875582 44.810900 
8 659 753 1353 1883 1962 1983 2619 2724 -46.441690 84.999928 -19.486052 62.342206 -20.148292 -54.072404 -5.015493 -61.565677 
9 272 412 1154 1816 1956 2117 2326 2965 3459 7.119999 -83.276144 97.425366 75.251162 36.360641 95.907084 45.828038 -71.151148 -94.800911 
3 2043 3010 3398 -48.534844 -45.095148 -23.225155 
10 223 257 355 1514 1661 1716 2113 2126 2876 3365 -62.256102 -48.843946 55.515007 91.186838 2.133052 91.386708 14.273149 11.417237 -27.639017 -45.919218 
6 242 631 1320 2587 3249 3258 76.923688 29.159466 4.890922 -37.066086 15.383444 45.655521 
7 87 100 381 698 1275 2066 3314 -36.488868 66.664735 -23.418205 -9.420521 24.500435 14.140111 -44.997123 
5 148 580 624 2119 2240 -58.023243 -32.940209 37.573700 -90.111679 14.197664 
9 409 1904 2677 2822 2843 2970 3020 3353 3439 36.173684 25.220184 -4.061608 56.366001 25.944807 47.752895 -12.769644 -68.620572 31.858147 
6 223 591 1168 1549 1719 2281 70.325110 -53.270881 88.553185 1.245258 19.167625 50.850415 
9 245 373 495 588 724 876 891 1353 3471 -97.182080 -89.884517 3.933801 -38.744771 80.297813 -54.578260 98.240405 13.167109 -5.358945 
8 33 189 453 1891 1900 2274 2548 3073 5.437205 -77.631297 -11.665054 -92.999137 -74.811241 13.608482 -53.086535 -87.288601 
8 63 2241 2420 2577 2617 2784 2795 3297 31.498595 87.350380 -25.186921 4.173039 -8.450099 -75.579498 14.141814 18.325470 
4 278 1118 1899 2729 -12.609599 -52.570578 -49.449118 -90.915309 
10 138 518 533 1272 1559 1779 2299 2793 2979 3366 39.069995 -32.763127 44.146449 83.710602 32.429614 -26.826666 95.182940 35.767644 33.405936 68.031216 
3 737 1632 2108 -71.516965 -82.726144 -75.547859 
8 2 247 254 263 713 1528 2064 2756 33.123655 -23.257947 -46.219033 23.975714 14.532317 -89.616909 -65.894055 70.431569 
6 47 1346 1804 2392 2425 2931 36.474338 5.594792 -52.460157 5.185863 -21.273221 -68.428345 
5 156 463 1058 2708 3208 -43.091970 -39.240446 -41.157720 -55.003876 -44.509695 
10 105 879 1048 1413 2027 2241 2275 2285 2888 3293 -69.355298 93.614193 -47.672709 42.051311 38.707094 -57.731345 -50.398140 77.757616 -70.796295 54.860059 
5 51 327 708 2831 3103 24.404208 34.897121 -9.414639 99.208855 81.699566 
3 191 824 1477 48.808910 -22.619608 -27.601337 
4 1059 1162 1964 2369 -38.835888 96.917682 -87.013254 -3.233119 
12 21 64 198 325 692 808 906 1412 2163 2551 2962 3204 49.903076 -66.250425 -62.428682 -81.484002 48.314074 82.556482 17.676633 -33.694289 45.846475 80.126410 61.139952 -65.267632 
10 408 599 892 951 1111 1318 2050 2589 2793 3313 -19.518391 -21.564545 86.611286 42.687380 -80.321753 -55.059239 -69.305190 -66.454202 17.413261 42.238628 
6 264 363 854 2530 2818 3339 -49.617746 11.903092 -11.706915 -98.523046 -99.216279 -73.777663 
9 36 410 1741 1757 2206 2421 2424 2876 3389 -16.096182 -71.984509 -1.127486 -25.128499 82.647986 37.575962 18.064367 31.574181 23.619427 
4 421 2389 2452 3142 -98.596613 -45.712669 60.804129 -32.606956 
6 531 1005 1535 3022 3200 3372 -51.071401 30.977616 -84.462502 86.844110 55.961236 -91.042750 
5 769 2158 3179 3202 3249 10.097353 -35.761154 -34.853481 -80.479513 -80.537811 
5 1765 2783 2833 2853 3274 59.942857 -91.318279 -18.987686 78.523154 -35.880737 
10 466 629 751 900 912 1725 2050 2377 3119 3451 72.324610 -19.142055 6.339545 -73.940200 -64.651476 -94.511593 -55.011158 -31.948639 -71.286224 98.800994 
5 135 153 1882 1974 2952 -48.693891 -11.460377 40.686468 82.551994 -90.579683 
3 738 827 1804 -77.101796 74.285277 -55.802613 
7 145 691 773 1322 1438 2798 3382 -96.325978 -46.038609 11.459778 88.085783 -30.557947 -33.322702 -85.238627 
8 260 608 918 1033 1168 2577 2583 2646 58.630702 -68.681070 18.586590 49.077317 -6.312856 -47.049008 -36.230386 88.040484 
8 561 627 898 1341 1887 2423 2453 3212 -76.127108 58.090144 49.085309 54.622899 -28.304278 86.939961 -51.017441 -64.625704 
6 2 203 422 1320 2334 2798 23.709978 24.706274 -8.785230 13.469818 -54.778077 15.358944 
8 40 416 1271 1934 1940 2394 3109 3406 27.147245 55.016055 -56.361576 74.843574 42.659623 43.391997 69.763157 79.278948 
6 39 1731 2034 2775 3087 3261 96.235303 83.796460 -76.397082 -10.276351 92.740884 -33.759145 
9 142 178 194 229 496 1341 1806 2248 2325 -19.125239 -60.714484 35.108299 51.207270 -95.273544 -4.933153 -10.128020 -70.752142 8.992619 
6 493 1270 1892 2993 3004 3185 90.348190 67.312252 -21.917454 42.944935 -42.479481 -61.557129 
11 127 618 932 989 1186 1238 1445 2457 2956 3107 3292 -58.696805 -77.651706 -74.025708 92.188279 4.736712 -11.143538 70.431212 47.951110 40.362079 46.162304 43.801935 
6 581 1174 1658 1744 2761 3135 80.364720 -23.314645 -62.243465 96.923556 18.885150 2.128183 
8 1415 1608 1628 2122 2364 2448 3056 3076 -87.196346 -56.059802 -12.774822 81.015040 0.569814 -5.411672 58.693240 40.481875 
2 65 2864 -40.829642 -3.620534 
14 375 508 1325 1374 1498 1557 1973 2043 2241 2710 2756 2883 2946 3058 11.831898 38.132562 42.556449 14.329989 -45.822468 -89.706308 69.380121 -12.447622 81.622503 80.595551 89.754060 48.088149 -47.504770 -42.176238 
3 803 863 2427 82.494112 76.243831 83.142684 
4 861 923 2974 3387 -70.508117 -50.528399 -52.811380 -72.861428 
6 576 1193 1714 1792 1941 2576 42.575687 -1.391159 -56.755732 -65.137600 81.494330 -14.198246 
9 52 82 110 1247 2478 2515 3068 3173 3434 -32.965328 43.792969 -39.901216 74.423196 -52.211715 -39.908609 32.391517 71.646560 -34.697953 
7 1023 1327 1653 1721 3217 3396 3447 26.620507 -73.862325 -13.533616 87.471998 -11.454984 -17.472675 -64.938083 
4 84 1288 2729 2957 -15.998393 79.238992 -31.589259 -6.806521 
6 667 991 1194 1607 2314 2422 39.351605 30.302436 -15.511611 2.640681 -46.450085 -45.466168 
4 1030 1104 1111 2215 53.643681 59.184242 58.765258 30.551658 
8 471 855 1648 1779 2360 2940 3139 3378 -51.421710 -20.469136 28.849751 -94.681260 -63.599203 -91.959093 -44.157547 16.860406 
8 372 382 719 1040 1675 1974 2938 3237 -11.953346 58.692852 82.321313 61.483061 -49.348727 -64.241328 -27.898936 -46.016535 
6 71 621 2055 2453 3365 3468 -29.657024 74.319339 85.699385 -57.832364 78.179991 -54.010721 
6 217 525 650 1495 1654 3197 -31.378258 14.660431 75.837016 -89.228374 -50.597765 31.925637 
6 208 1715 2234 2570 2848 3104 -53.696381 -45.483746 53.915440 53.631898 98.427277 89.621058 
9 235 1157 1475 1904 2027 2860 3065 3408 3435 68.572431 -13.911946 -38.854639 -62.560726 -48.187241 -73.084198 -65.495633 87.933738 65.521253 
9 252 873 1106 1825 2132 2357 2554 2740 2752 -48.705760 -66.238441 27.447667 -30.355810 -48.850336 69.686708 -85.722812 40.722153 -50.317351 
7 550 604 1197 2025 2508 2790 2899 79.342396 -41.014235 5.255829 -65.433520 55.253718 47.646899 50.015673 
4 676 808 1645 2131 20.032528 22.996579 -42.688336 -28.590998 
6 224 801 836 1062 1333 3002 35.782367 49.934593 51.544839 -63.232243 -50.298095 -78.156456 
5 270 436 732 2083 2423 -53.978422 -50.522954 -79.657915 91.508339 41.758505 
6 770 808 1402 2189 2939 3307 -36.311421 -48.887787 -38.284064 80.108681 -78.759547 -69.695655 
8 23 403 1410 1957 2261 2768 2774 3382 77.854370 51.460582 -64.479847 -91.076660 -8.252140 10.698436 46.674951 -62.295006 
5 994 1273 2501 2943 3226 -45.653657 82.875986 -9.284033 16.817502 -42.413127 
6 762 821 849 1437 2351 2797 -34.875153 89.707638 -59.925974 -87.514791 -93.728344 78.807656 
10 410 1069 1220 1393 1503 1729 2170 2359 3074 3198 -19.460155 -29.165575 -51.336827 52.710835 55.962669 -1.957207 54.525838 62.781150 -42.416213 97.184484 
8 124 626 2150 2793 2985 3100 3130 3488 91.009711 -26.874355 67.522878 -53.296877 73.849458 19.898050 -98.512487 -68.202154 
4 5 1149 1706 2243 7.906561 -66.651117 78.473523 -79.478168 
5 988 1032 2252 2530 2869 44.301713 -30.634940 7.478174 59.924266 -90.774315 
7 484 524 1118 2170 2182 2252 2345 21.644201 -99.996982 -3.550661 -35.617626 -6.406470 -51.490586 -33.540494 
5 827 1067 1522 1872 3269 -79.339752 74.374054 58.739747 28.504312 78.195264 
5 53 250 1070 1072 1756 -31.264036 -34.679519 40.891859 82.941817 -23.700309 
6 91 1175 1505 2216 2776 3464 -7.065696 -33.349245 -88.254639 -72.141103 57.693170 -29.125259 
6 106 224 955 2532 2794 3492 75.107488 -76.039465 -25.716995 19.945309 82.488007 -78.584674 
4 853 2102 2229 2773 58.946328 -23.008774 -16.071482 59.336233 
4 320 943 1517 3302 43.067082 77.280672 -23.245434 49.195690 
9 56 611 869 1356 1396 1718 2142 2179 2836 89.389907 81.748060 -11.009280 -80.097704 -21.888273 0.401925 54.335683 41.206997 -55.474149 
9 584 587 1353 2003 2147 2213 2405 3084 3162 -85.351688 86.164533 26.943196 18.886695 -2.786171 -13.398921 -67.454686 -40.359084 -21.986303 
6 400 436 447 776 1139 2923 -30.266459 -24.150729 -95.678298 55.890312 42.898861 -72.283750 
5 671 677 1778 2940 3244 63.110604 39.313355 51.330000 -74.946602 55.918413 
8 235 433 822 1314 1899 2430 2742 2796 25.828891 -84.619693 37.898759 49.196536 -5.639229 -24.222948 -50.573941 68.532256 
6 137 587 1435 1753 1883 2588 -34.047184 -94.588240 -26.370233 44.881892 33.689918 -93.495450 
6 1334 1500 1920 2157 2563 2918 -23.961898 32.188661 12.464104 -22.618147 6.010886 42.535161 
4 908 966 2073 2645 -74.579725 49.250587 -93.434125 -82.707081 
8 150 535 696 1463 2216 2272 2366 3259 49.612237 -37.186970 -2.992489 72.980691 54.241133 -0.869303 90.623291 5.517721 
10 112 293 305 1012 1500 1712 1754 2092 2351 2599 -87.256295 91.187579 -62.069614 -60.611060 -88.307901 71.276726 79.364533 8.337435 48.523740 -71.924185 
5 1159 1201 1251 1362 2955 -44.303790 -72.527408 -76.214623 38.850176 80.440833 
6 950 1180 1799 2018 2264 2803 67.378209 -74.832446 25.634295 -6.225097 -13.070546 3.055471 
4 324 505 536 3485 19.867978 53.676964 -98.751940 -38.553506 
8 479 597 758 1244 1925 2653 2808 2948 -96.174566 -70.251430 -97.066166 -23.294956 -44.529753 -21.415446 -86.928920 -54.801874 
7 241 973 1448 1717 2027 2030 2502 47.760277 19.905872 -75.152588 -90.235648 97.264636 -49.712642 -86.533658 
11 243 252 291 314 392 697 1262 1286 1646 2198 3217 -25.423291 52.930101 61.318982 -61.519048 1.500726 -82.707195 86.557886 -13.300343 20.525642 5.450812 -44.483293 
9 354 430 644 899 1677 2417 2434 2506 2785 -66.744830 95.711634 -39.350156 -88.433764 86.036791 37.931939 -97.882782 52.430577 67.690252 
2 708 1615 -27.061456 82.952763 
11 129 613 765 851 861 1635 1992 2520 2531 2652 3036 86.151221 99.839608 9.971294 -29.067521 78.157086 80.516980 48.653052 -35.906379 -11.798528 -43.277165 -37.199632 
5 248 820 2558 3182 3401 -16.272825 -24.608056 30.628006 74.066398 40.778501 
6 1131 1689 2218 2703 3158 3260 -51.491977 76.601856 20.275499 35.197629 35.667061 25.910350 
8 460 608 1579 1674 2201 2374 2608 3242 12.353931 24.548253 33.915489 -20.425981 56.665979 -3.713142 -87.179832 -28.237096 
9 19 69 518 803 2167 2597 2961 3230 3236 -42.367142 36.377880 17.909678 -48.841829 15.816782 73.529042 -82.810412 -26.163867 -28.253255 
8 48 264 504 2106 2204 2985 3000 3092 -47.189551 -36.476707 -56.627173 89.990322 75.544477 -69.432140 8.412836 -14.506713 
9 62 480 1204 1306 1631 1728 2799 2870 3342 10.167509 52.793940 13.261786 56.493197 -58.051023 -4.007287 -47.337725 -5.315891 -46.835727 
6 35 122 602 1110 1363 2532 -2.204662 -18.364647 -55.892895 -8.191615 84.568278 -34.535347 
7 991 1403 1629 2216 2904 3160 3392 83.307390 4.991259 34.774023 78.671832 11.006997 -3.076532 -89.607508 
8 739 951 1129 1525 1813 2321 3176 3302 -92.953304 68.683097 -85.609816 -21.260535 72.533469 75.005861 -72.569857 -19.232203 
6 223 809 1496 2521 2645 3486 -53.979475 -73.339487 82.540494 54.813356 81.815775 28.080562 
7 170 306 374 494 809 2094 3193 32.041251 11.839421 -15.654609 49.509366 -20.599217 -55.260184 27.746985 
1 1552 20.643920 
5 795 937 940 2433 3027 -64.964153 84.792951 -33.921352 85.737634 -49.615721 
6 890 903 955 1998 2482 2772 46.366133 -46.604580 -92.635176 72.435411 60.348310 95.930103 
5 54 491 1087 1674 2687 43.893751 97.597106 -70.005959 -88.829039 79.106253 
7 178 1029 1145 1402 2294 2781 3004 34.323350 9.903392 22.129224 -44.781252 14.096837 -47.943219 -73.013033 
6 1437 1492 1807 2074 3364 3430 -19.412400 11.192889 78.707120 -90.847803 -65.400886 19.537683 
10 215 721 1008 1067 1209 1965 2088 2737 2817 3005 0.870860 72.837351 -98.348130 -46.377144 -77.928894 70.244401 86.951672 19.847052 9.907729 -69.721205 
11 120 180 893 1150 1458 1591 1975 3037 3339 3404 3482 23.769004 35.676288 -78.709445 74.533048 41.562729 35.294579 72.466806 -51.785694 -64.862551 75.624407 1.979046 
8 42 222 592 903 2050 2201 2721 3230 5.298695 32.762065 -61.995286 -3.476874 -30.373428 -37.835972 79.835260 61.778934 
7 395 944 953 1189 1862 2452 3464 96.366004 20.576225 -52.678051 -85.895309 -99.055678 -31.092237 -0.144669 
1 3379 57.264687 
11 486 658 926 1247 1718 1784 1984 2048 2070 2200 2587 -30.229695 -69.431541 -18.373971 97.952012 -1.087009 74.660318 -65.165633 80.623616 99.857728 5.856984 96.445940 
10 17 848 1375 2353 2507 2731 2743 2787 2977 3428 46.495747 -50.319538 41.212373 -74.403019 -46.990155 -58.852273 -2.198307 -72.707550 35.725546 -66.263002 
6 680 985 1429 1562 1905 2464 -54.388839 -98.831496 56.950356 -50.919431 -36.745445 -9.688275 
10 359 1535 1963 2002 2051 2078 2184 2354 2825 3180 70.217897 -80.882885 -40.184795 -79.155377 -61.477936 92.788176 -65.415390 -67.401454 20.195171 -59.526488 
8 453 795 1431 1994 2054 2111 2264 2503 40.611192 73.348908 -83.768396 -72.113204 -97.505804 83.287763 21.194395 -34.977481 
5 1161 1260 2063 2148 3375 1.377167 94.203534 30.943730 39.238112 -71.841686 
8 91 575 707 1270 2041 2369 3037 3261 38.926229 90.357854 72.359159 15.414588 11.932220 -22.172832 -41.528734 -42.263481 
12 125 175 286 713 1046 1252 1415 1531 1645 1706 2374 3269 -78.202898 77.521482 -85.212782 53.845209 73.084536 48.653199 -43.576239 83.348336 31.940852 63.661478 23.472084 20.155836 
9 20 448 592 933 959 1184 1846 2039 3096 -79.336672 92.787526 30.994822 37.577171 -47.642413 -54.918641 -7.844865 66.463116 9.080514 
6 11 388 978 1931 3029 3042 -36.103928 -96.966339 -3.205036 -48.179510 83.592234 4.984865 
7 188 1877 1928 2147 2169 2965 3096 25.557214 91.481669 -46.808151 87.332457 17.948730 65.269124 -37.862157 
7 44 629 1274 1479 1999 2507 3029 60.937483 -57.821323 54.353712 80.102573 -55.881884 26.269387 60.793965 
8 114 321 389 1106 1530 2240 2345 2952 24.544568 -24.570990 -75.905825 60.207268 -65.488690 -51.159272 -47.662671 -74.408072 
5 29 57 1678 2128 2377 15.807140 -61.382397 44.199683 -26.568061 -32.530974 
11 96 669 673 1423 1506 1775 1969 2477 2684 2942 2994 71.646460 -96.726098 24.807469 -42.544086 -51.253664 -96.529812 5.398801 58.469382 -50.266315 38.879747 -13.991990 
3 221 637 2386 -32.684011 -8.957698 -9.719878 
4 109 1196 1630 2214 61.583274 -79.133797 67.630699 3.607368 
7 155 224 2377 2725 3077 3428 3472 77.144774 4.114700 91.585248 -58.940863 99.372445 16.463428 58.219708 
6 382 1182 2150 2373 2427 2609 -87.754991 21.332022 -78.476796 -36.457347 46.803003 19.841068 
9 82 752 1377 1650 1844 2100 2265 2649 3422 -1.978036 -8.221149 45.368634 -86.015245 -74.239279 -64.430232 46.158651 97.957321 -80.985130 
7 140 720 2300 2306 2986 3176 3362 20.449951 -40.905112 -57.316922 -75.461534 -39.894264 -99.169664 45.460594 
2 1640 3358 -33.898492 -37.098560 
6 873 2245 2621 2955 2969 3187 -55.043815 51.492897 59.173591 -14.708922 2.679754 -32.162488 
7 1766 1970 2807 3041 3149 3167 3174 -48.571591 29.303755 -53.269074 28.929693 -93.483271 5.040870 91.808845 
10 72 438 504 662 718 1165 2215 2304 2784 3268 37.865074 59.080342 16.109005 -76.926441 84.482168 -45.553020 21.612986 10.902701 -50.494389 92.969935 
6 94 152 1426 2368 2440 2531 -30.744485 -82.259184 13.528816 -3.736661 53.455071 -64.062996 
7 174 941 1071 1963 1978 2109 2521 1.902290 -5.971801 -87.501031 3.208178 50.744929 -73.812589 94.279365 
6 131 468 586 1402 1931 2099 39.782485 38.628335 67.143024 -66.570950 11.792129 50.797871 
7 166 943 1431 1519 2637 3083 3384 79.596745 83.996537 -7.243472 -83.325729 -4.674859 62.993215 40.788642 
8 1931 2353 2364 2519 2577 2769 3038 3452 -42.044569 -68.640391 -71.724029 -91.597054 56.417636 -5.858353 48.712531 -1.344709 
5 255 455 1192 1554 2508 -44.561753 -5.611545 0.485665 -89.555701 -26.909182 
6 113 1199 2840 3015 3031 3141 -45.247380 -51.641157 -58.194769 15.857485 54.864799 -84.474112 
8 118 290 454 653 1071 1543 2158 2499 71.110469 51.794378 82.891038 -42.245326 -64.318695 84.273526 36.384090 47.527302 
6 1884 1990 2125 2311 2499 2627 36.149213 8.320951 -89.181674 26.110169 3.618568 9.198018 
5 803 1081 1383 3257 3422 64.054075 88.518245 28.418727 72.007328 -42.133795 
10 903 1202 1628 1675 1762 1805 1948 2820 2983 3472 50.565971 -34.001276 -67.141812 -94.315086 65.035357 90.750201 -79.252673 53.416054 -98.990138 -52.030178 
9 104 507 776 809 2042 2300 2871 2990 3088 84.595995 -55.221373 18.178417 -92.067213 -40.663236 -4.076701 47.929741 69.899513 -57.982034 
8 196 1175 1380 1479 2243 2532 2613 2739 76.988418 -38.109896 -2.615273 -84.786193 -39.873766 46.882585 -8.392595 -0.947220 
5 154 188 1116 1301 1371 -91.756282 -85.698236 -91.086453 19.216348 -72.333772 
3 1313 1677 2612 -32.263376 16.450595 -75.125150 
6 1324 1358 1745 2058 2542 3049 -99.453833 52.413323 37.359855 31.280410 67.223275 14.165972 
12 624 1249 1252 1269 1815 1954 2898 2959 3041 3379 3380 3393 10.366261 67.306469 52.649934 -13.951164 -97.444533 -44.580323 49.360161 -13.764031 -86.737478 -12.339603 -59.094672 -20.603044 
12 194 562 1237 1337 1369 1578 2221 2348 2877 2924 2950 3229 57.999323 -78.685421 -87.425421 87.168632 -52.646792 -89.879394 -60.792625 52.509090 -79.981701 -85.522594 -79.330534 -5.502654 
2 746 2840 78.470278 -9.351663 
5 1028 1071 1618 2075 3210 51.837701 19.657400 -55.286855 54.807489 -73.391491 
5 493 1896 2195 2593 2664 -19.505549 -9.316105 -49.437770 -75.433445 55.751067 
7 796 1035 1302 1803 2585 3028 3444 -39.704924 -96.420711 -98.133548 -62.606692 -47.404475 -75.626548 -79.824060 
9 77 652 1614 2030 2197 2260 3152 3314 3465 76.382144 91.339076 17.311930 31.751119 -85.223747 -86.731643 95.268498 3.259834 25.977285 
5 156 595 1462 2554 3152 3.092948 -73.275304 64.860378 -89.329612 22.861315 
9 477 1233 1409 1510 1616 2091 2555 3152 3419 38.422434 -25.563590 39.969222 -69.506456 -50.544081 72.623902 -21.182902 28.015659 -67.419893 
6 171 391 1324 1543 2930 3196 22.577618 27.826118 -32.301768 -86.220484 -75.327990 -84.346345 
7 1181 1328 1422 1803 2297 2824 2903 25.606474 -5.376127 10.864593 -78.843596 41.499158 16.426643 -60.461046 
9 655 868 1665 2604 2669 2841 3169 3301 3477 8.605939 -66.877215 57.000395 50.457310 -80.872497 82.031028 7.180030 76.921076 29.178372 
7 15 532 808 1072 2657 2912 2928 -64.574962 41.745068 -90.307734 9.068270 -61.026145 26.590067 58.317828 
8 870 976 1123 1641 1733 2153 2255 3196 78.216722 -56.569210 51.987044 -44.613544 28.888134 -46.723743 68.550215 -57.953587 
8 891 1345 1361 1434 1685 1705 2103 2185 -66.090564 -60.710408 -89.221261 -46.893396 -81.508361 -21.094769 38.893592 49.124122 
5 292 1597 1850 2537 3006 -85.112721 -32.568741 90.379010 99.523743 -18.920855 
5 103 563 774 2718 3485 -32.993740 -63.762559 30.933100 28.550797 97.203087 
7 470 1319 1459 2088 2203 2723 2884 36.993315 -89.610544 -4.833573 93.144966 58.960091 -23.946952 -56.909000 
5 1092 1830 2361 2761 3119 54.543551 82.360914 38.881188 -85.649182 -44.938714 
4 300 301 755 1793 -71.285355 -26.805060 82.401833 -98.739776 
8 173 304 1074 1524 2475 3263 3424 3438 -10.815376 -31.101774 -12.261402 -54.051527 -91.593812 86.685586 85.352107 -24.555177 
7 600 1354 2343 2997 3066 3081 3153 -62.638322 -15.854470 9.996428 5.512989 2.932344 87.925015 -58.809632 
9 20 484 1391 1503 2018 2803 3211 3281 3358 -12.688732 67.199381 54.835051 -38.283797 -61.940544 92.498197 13.412433 60.444143 -34.909810 
7 757 1046 1753 2467 2765 3299 3306 68.428000 -50.872237 50.569512 47.749657 -62.593496 52.658533 66.320634 
13 313 538 606 1207 1662 1898 1922 2048 2369 2542 2696 2922 3011 -60.552354 -35.965169 -58.914437 -79.927013 6.918160 -2.072096 41.386001 65.600302 -69.372584 91.977129 -91.966470 -43.743352 -33.213515 
16 413 426 580 1026 1117 1397 1728 1867 1914 1966 2002 2346 2407 2916 3019 3103 1.443550 30.301967 -83.247467 54.938704 -21.464577 -10.775839 94.952040 84.433932 -96.225937 10.995475 64.713439 12.344060 59.480180 68.684793 -66.421504 -34.447398 
10 501 547 843 1016 1719 2436 2603 2646 2851 2883 -2.867412 49.870693 -67.514589 87.647001 -25.446716 -29.833486 -78.734154 -3.389914 50.655137 15.746684 
11 320 709 1135 1630 1875 2468 2569 2591 2762 3043 3285 -97.875495 69.408089 -39.712629 74.793506 -96.690300 -0.175881 77.145519 97.079480 1.523225 -94.249261 32.392606 
7 623 662 1389 2002 2313 3142 3169 1.363960 18.512804 66.283447 -43.039858 20.337047 -60.412090 10.497644 
7 1061 1125 1164 1503 1828 2787 2841 24.899268 -81.701253 7.251887 3.379686 91.246279 -21.774679 46.933507 
6 867 896 1157 1341 1465 1684 -82.607824 -34.234943 72.211613 -64.757818 -44.994714 -13.352454 
8 167 398 2406 2435 2581 2695 3136 3315 -71.661857 -38.757817 82.724169 -89.637308 83.081785 40.280008 -52.843684 88.197084 
5 73 101 1487 1513 1756 -6.866299 -53.126783 44.884730 -8.091267 11.154329 
7 396 457 956 982 1550 1867 3040 24.104902 -37.189011 58.071217 85.081605 -82.219586 9.795079 -45.318793 
7 56 829 998 1070 1360 1916 2533 38.779397 -9.403285 8.668905 -78.645272 79.134148 -78.264847 82.939881 
9 599 906 937 1947 2270 2487 2712 2957 3065 57.434118 -3.607696 65.154614 -97.723989 15.987483 88.739427 -49.260142 -55.022092 -67.399277 
4 210 450 1466 3152 91.110625 -83.114960 -61.108855 -43.125496 
9 202 241 784 1455 1628 1819 1926 2922 3084 -96.507376 78.851966 -21.329293 -41.154674 -30.746315 -11.193236 -23.401636 -13.407134 -94.587599 
10 214 409 437 1080 1579 1759 2245 3023 3120 3401 88.271465 39.667234 50.047043 -69.115434 6.166188 72.057285 43.736313 96.850347 -93.802253 65.882829 
2 2761 2936 -92.345121 63.915775 
8 632 959 1562 1663 2435 2668 2683 3174 -65.158001 -91.455840 -8.296671 -32.998097 -13.338414 32.850565 66.553583 -93.126402 
4 630 2656 2773 3200 16.055690 16.111284 10.597325 23.730960 
8 708 742 801 1926 1956 2528 2682 2940 4.121781 73.344547 -10.068905 91.378480 -72.745602 39.531359 -4.479697 35.794753 
11 17 229 726 981 1305 1445 1503 2650 2755 2838 3077 -3.415233 -36.743698 -49.963077 47.822578 58.631223 -58.569356 44.444117 86.310883 -86.808565 44.201736 63.656278 
5 333 1340 2459 2908 3250 -9.283739 57.397080 38.893820 -38.577071 -8.871263 
10 560 805 845 1034 1468 2188 2291 2594 2826 2833 25.986252 38.787091 45.231885 -65.176332 89.969660 -96.601720 9.570775 -87.402587 17.362286 -88.501470 
5 754 838 1422 2602 3255 -39.942728 -26.372711 -26.265702 -65.022203 -77.769043 
8 466 495 970 1233 1635 1791 3238 3457 21.844719 -30.340926 77.249016 -7.647416 -83.578953 75.885310 61.179280 -76.805094 
13 51 397 398 480 497 1138 1628 1671 2417 2445 2628 3154 3496 88.249106 57.632038 -49.734316 86.653747 6.908160 -83.516338 10.579765 40.562563 -19.199631 0.782654 20.021400 45.476364 6.453626 
3 1085 2286 2415 -6.234378 -85.766226 -4.111141 
8 101 738 1101 1599 2208 2585 3068 3495 9.877922 8.435775 19.618334 -39.520094 -91.689582 -93.982229 5.723394 -35.783893 
5 258 377 444 620 986 -81.708642 46.879588 47.162794 10.995690 31.174411 
3 555 1969 3122 34.545910 12.726097 64.188885 
5 887 929 983 1822 2951 -85.540140 -85.354053 -24.775118 -12.429592 42.839908 
4 890 1191 2135 2355 -64.187644 -12.474060 77.217757 -35.856911 
5 87 457 574 1243 2610 -89.460623 -24.778552 14.004569 -48.654968 -52.958873 
4 1396 1598 2263 3012 -14.428873 -54.173918 -85.570020 67.994515 
9 160 1080 1246 1608 1772 2615 2768 2802 2808 -95.267573 -40.008766 44.049129 -45.289659 -37.813796 41.656091 71.470700 49.820469 39.409175 
7 174 252 1212 1472 2066 2565 3006 74.673724 59.717820 48.445902 52.646353 -36.054052 98.488955 24.597236 
6 360 610 995 1683 2750 3180 -12.942489 -12.842803 37.106664 99.929506 44.918871 15.630864 
9 15 109 224 1139 2116 2348 2952 3070 3198 -70.640437 22.747055 -91.924470 -51.836315 91.375520 -37.704508 -92.670777 58.809452 18.645998 
7 180 319 382 1981 2480 2802 3160 -44.222318 77.915881 -49.803246 -53.003016 -77.184977 19.314573 40.803334 
6 838 1977 2543 2549 2676 2991 -27.120195 -55.641491 7.647336 20.475935 78.223733 99.662861 
5 14 1192 1360 2288 2560 73.925008 98.034578 -3.579644 -1.615137 -76.634979 
6 55 1265 1362 1853 2254 3283 -24.335217 12.048201 35.030944 -54.825112 -93.580863 24.955642 
3 343 843 984 4.184756 -13.422430 63.329064 
6 661 1505 1833 1839 2205 2231 83.050930 76.965677 84.758150 -66.111560 -52.507813 -97.189108 
11 53 209 269 750 1240 1365 1623 1911 2647 3125 3207 -7.610238 -85.535056 -32.701941 47.264086 -56.082870 -43.147681 17.597593 77.909388 57.220714 -62.215992 84.319496 
8 31 309 1206 1790 2377 2991 3442 3482 -84.057522 -37.644295 80.254061 -69.610689 -90.840274 30.635770 -93.441993 -11.718221 
5 718 829 3221 3291 3357 15.059776 -21.285379 49.790859 99.463634 38.602064 
12 20 119 534 835 870 1048 1784 2071 2223 3047 3112 3200 20.641385 3.289240 -72.220529 52.277048 -14.881598 -52.532752 77.817601 94.773540 -84.677903 3.111862 73.612481 55.239390 
7 1229 1819 1870 1921 2619 3221 3386 -38.385664 -30.087494 -27.475654 97.934387 15.560331 0.993402 13.062792 
6 1024 1301 1530 1708 2451 3269 -25.812668 48.990992 46.537967 -91.989567 -29.762986 -63.693196 
6 746 866 1419 1486 2173 3086 90.700866 58.459819 -37.798183 -99.575361 20.142640 90.207959 
6 329 773 844 1020 2389 3282 -41.643661 -0.308272 15.936106 -26.470372 84.812090 50.377257 
5 1069 1490 1998 2729 3064 -92.556707 41.663865 25.412247 11.821818 -34.039500 
2 2862 2923 94.226652 11.495282 
4 955 1101 1123 2213 -95.899014 -13.371933 19.831435 16.288814 
6 1851 2117 2674 3097 3340 3415 -54.581035 -25.025989 64.817113 62.827363 -20.368330 -88.640041 
9 217 695 2361 2548 3009 3438 3450 3453 3481 87.816494 -87.706166 63.253529 -17.272706 -96.616196 -17.463883 -62.288625 -31.649846 -93.397830 
10 244 911 1104 1569 2110 2279 2323 2485 2577 2835 -58.852910 11.638296 -57.300223 45.630674 57.846300 32.493659 50.122485 35.933108 99.961921 25.498613 
3 590 1746 2802 -16.657643 -8.893415 -15.656963 
5 396 1156 1617 1686 3421 3.696881 29.941979 36.931361 -12.484751 -2.815437 
8 89 253 416 849 867 1840 2397 2938 -32.464534 -86.344036 -30.806033 83.769700 81.179127 -59.294399 16.317880 -52.268532 
10 775 956 1134 1872 1882 1979 2008 2061 2414 2559 92.347412 63.578619 -33.251483 -11.026006 5.178342 -66.668491 -64.570552 -49.808165 65.888673 -14.720482 
6 979 1715 1791 2097 2202 2661 96.658438 6.880497 89.684518 91.815725 -12.525575 -52.453904 
4 184 1225 2853 3029 -28.301192 62.192655 44.394687 28.544099 
8 303 597 793 953 1450 2260 2768 3474 -49.676225 -40.706701 37.799945 44.503091 -11.904024 -90.618007 91.987579 10.021024 
10 244 896 961 1147 1300 1750 2100 2329 3158 3237 31.286627 32.027216 -49.520034 -48.509081 -88.061767 -64.651403 -3.198619 38.259053 -92.817415 48.609701 
9 1174 1212 1466 1686 1891 2232 2603 3086 3120 23.834548 -51.410526 -96.423096 41.754077 -27.923327 54.719937 50.363091 9.091036 41.885676 
5 520 1244 1806 2842 3037 90.284254 -93.698621 98.592701 -53.657245 9.837292 
6 152 249 334 564 1391 2710 -17.792070 27.275183 37.107842 7.313257 -47.738595 -6.852478 
6 660 917 1894 2012 2702 3467 -98.447798 -61.161238 -36.200926 -1.795189 -10.079905 38.819605 
10 330 773 789 1208 1324 1724 2193 2863 3283 3297 35.838488 43.840654 -92.434068 -77.990332 -84.086659 52.034493 61.690937 38.681616 -65.059162 -16.677605 
7 440 467 730 1062 2694 2792 2838 80.236108 22.242212 63.761450 28.231710 -24.137284 13.011670 5.771448 
4 324 650 1926 3441 -34.609186 67.139630 -71.767976 -97.237696 
5 421 446 553 2301 2355 63.359358 -86.383044 19.085444 -95.319209 -80.200604 
9 177 420 881 1265 1519 2437 2614 3044 3481 -53.875325 81.092943 -98.556911 -59.112579 -11.175770 46.895353 -50.980463 47.131428 -53.638471 
6 518 1061 1400 1496 1549 2433 -75.034033 -78.224494 9.046611 99.397599 -77.093853 -38.574898 
6 318 1549 1942 2593 3007 3300 94.088189 -3.534525 90.913851 59.284651 -98.551672 -14.473772 
11 296 940 972 1649 1687 1921 2043 2098 2268 2433 3203 48.011792 -19.487195 86.697144 -9.207784 41.568167 93.239901 -85.212316 54.600386 -76.554743 52.474768 61.112424 
10 93 107 145 459 772 1199 1258 2173 2938 3038 94.658027 34.114799 -31.267183 70.179116 0.323962 57.100557 -79.152938 -6.753119 49.933563 -4.756307 
10 1314 1335 1449 2282 2396 2698 2736 2764 2888 3276 94.473702 -56.754563 54.230530 -49.481335 27.788571 96.261451 71.296980 -11.164447 98.326758 -62.880916 
7 481 1030 1823 2046 2381 2998 3291 -17.109469 2.412818 -24.024506 99.538322 -54.767847 -41.874755 -50.083393 
9 133 1166 1744 2474 2512 2913 3006 3091 3387 -5.948676 -47.911762 96.100049 -94.430563 69.688214 -89.251020 -19.314652 53.472689 34.549130 
9 78 957 1344 1402 1790 1955 2325 2409 3382 -20.160030 -48.627951 -99.427412 -17.678230 11.754897 -55.918559 74.303313 92.629788 18.405550 
7 228 981 1072 1445 2063 2850 3492 19.932360 -30.144882 78.901401 79.301686 64.948164 -37.833399 -51.375037 
9 374 765 1202 1537 1949 2378 2637 2779 2963 -25.762208 -0.879512 -64.238033 21.147534 83.573550 -43.130879 -23.455242 -38.202095 -74.904596 
6 729 1547 1883 2594 2674 3054 63.845519 31.840484 49.482856 -32.415400 -92.405193 -47.464415 
10 305 395 1149 1458 1746 2205 2740 2947 3069 3352 61.459917 28.963360 -79.096653 -39.166105 -18.161452 75.112193 2.684065 38.142829 88.793404 -69.976652 
4 2277 2815 3043 3213 -77.207469 45.963540 54.147550 -27.840240 
9 970 1295 1402 1460 1979 2098 2172 2438 2927 75.107681 -91.817561 2.552562 48.330463 65.523133 57.762665 3.802397 -74.729828 -2.140506 
3 1131 2185 2290 12.970223 -31.083836 89.139797 
10 575 721 823 1009 1047 1150 2809 3008 3065 3302 -60.113684 6.022878 -78.899772 6.394860 -81.063661 37.706688 -57.869229 -2.515293 35.693359 88.793812 
5 99 396 2498 2646 3447 -3.843802 -15.791269 34.109184 -39.307190 58.907171 
7 466 837 1304 1393 1420 3426 3472 -98.021684 52.570009 63.051452 40.333198 -94.900849 -35.156245 -94.155995 
10 155 442 486 691 848 1703 2651 3293 3369 3489 -69.318996 33.278293 99.940597 -27.144204 -68.073335 -84.568505 64.525937 -65.159858 -96.231639 -64.899168 
3 907 3405 3454 -21.779044 65.239404 65.014826 
7 76 105 280 1157 1535 1912 3330 42.043924 84.644958 92.395550 5.079918 31.577729 -79.445510 75.423502 
8 1116 1330 1664 1742 1914 2641 3165 3268 42.336617 70.655060 62.738615 -75.836354 62.919893 67.811819 53.742290 37.351472 
4 799 919 1123 3371 21.653341 51.346887 72.204363 30.695033 
8 1306 1564 1714 1899 3289 3427 3455 3478 -30.615530 -2.564111 48.274445 -32.657154 -94.759878 9.221075 68.407064 46.707571 
6 843 1417 1493 1832 2850 3395 7.384525 -88.555136 81.834869 -23.981183 -92.434306 51.673419 
7 258 740 1386 1993 2832 2841 2912 -46.214463 -8.968603 -90.664156 -18.663527 38.885275 71.812757 -78.272672 
2 1579 2225 51.849430 -64.775102 
8 987 1042 1338 1383 1553 1837 2711 2971 38.938642 -56.089966 62.218011 -89.192406 -9.067789 69.360303 12.169546 -99.794359 
7 613 1621 1628 2870 2961 3254 3310 51.380707 62.149342 0.946471 -95.044298 -97.041357 83.003091 87.051638 
9 559 633 777 778 955 2149 2313 3053 3244 64.420299 28.594292 -29.368714 -82.288053 75.679586 -59.562097 -23.767098 40.630780 37.667544 
4 1317 1591 2768 2817 -72.502151 -74.809099 -75.670555 96.714226 
8 372 586 814 1207 1320 2122 2476 2683 -42.648351 -94.872851 -72.246403 44.328215 -61.631670 54.546122 -29.852596 8.907224 
10 131 224 228 710 966 1406 1747 2198 2512 2687 -42.277796 44.085885 55.959934 59.612826 38.000070 -5.669525 -47.486845 67.756573 38.250894 -36.369708 
10 23 209 249 1809 2043 2058 2254 2567 2931 3296 -76.087554 -71.141124 -44.396696 -57.829565 93.858561 37.778021 44.454540 -84.100864 40.838584 52.577771 
7 110 623 1623 1692 1853 2604 3411 46.954992 -27.241080 73.371468 50.813934 -13.450135 29.291918 -44.547780 
8 250 304 907 1142 1191 2081 2304 2870 -3.279340 80.513080 34.387100 36.522317 -74.313886 40.712803 62.429809 -40.757587 
7 314 413 593 951 1115 2429 3262 8.611478 98.199584 29.979288 66.884292 -11.191784 -92.710102 -82.573592 
2 574 3097 29.131213 -9.275566 
8 33 170 301 494 1400 1994 2574 3385 4.279787 -45.374939 6.134807 -9.210539 -30.020378 -44.684716 93.886335 -18.982842 
10 173 381 739 1241 1570 1994 2054 2136 2314 2942 44.830213 -94.110866 -58.121940 51.716053 95.748023 -75.874935 67.913844 -84.857371 -19.581437 -37.639588 
9 301 1318 1390 1603 2187 2450 2475 3055 3407 -95.940555 64.471365 83.489439 -4.560068 -79.256704 34.704164 -75.789032 -43.155270 -85.513648 
10 213 831 1197 1844 1971 2095 2518 2957 3186 3483 -1.120680 9.069477 -95.002396 -17.209192 -85.395032 31.289332 -96.015320 45.192299 -4.689125 -46.932068 
5 1398 2030 2092 2396 2881 -8.793815 61.126331 9.207598 -13.823854 -51.485930 
8 538 817 2234 2669 2737 3033 3150 3170 -25.276439 74.137975 93.770706 54.692088 35.062776 44.260962 58.769589 91.478967 
5 633 878 2570 3001 3038 -74.993877 -71.890724 -60.409153 -65.746474 -37.937247 
2 1272 3031 -95.936198 -93.226209 
6 246 690 921 1286 2892 3055 -10.086683 87.432829 48.980265 -10.809946 -13.345756 -46.338375 
8 198 580 591 883 952 1131 2005 2302 -22.748998 -30.329177 77.823207 26.883711 25.502401 98.907604 -68.928215 16.754621 
12 89 409 491 836 1667 2122 2136 2704 3083 3140 3366 3483 84.519564 56.309885 14.601701 -29.510881 -86.033446 27.955687 -35.600115 55.004964 -29.577006 -73.806828 72.341061 -82.238301 
8 140 647 678 989 1151 1844 2317 3281 -7.168203 41.766893 -46.869285 -0.430882 -93.891549 71.281753 47.735857 37.407526 
8 457 459 1009 1611 1688 1739 2946 3401 -1.637280 67.402452 78.684875 -56.998077 -97.773269 -54.900870 -47.946002 -44.400110 
3 1874 2677 3219 36.774662 -25.811621 -3.999166 
3 151 3234 3334 27.244937 -5.707521 -20.965760 
6 219 647 1239 1480 1836 3236 0.930605 89.429756 18.529682 40.156699 -21.207309 79.154876 
14 138 414 543 693 790 961 1204 1752 1789 1799 1890 1965 2577 2764 -62.859729 -70.786344 53.365681 -63.934013 -23.830860 73.762169 21.439440 -70.498558 -76.254437 91.310217 53.730826 61.272961 37.789472 23.697480 
8 114 295 324 997 1018 2004 2332 2478 -25.800612 23.639852 63.500171 -80.248440 -74.020501 75.218375 50.989057 55.743313 
6 139 426 2147 3088 3104 3151 -63.905860 95.741685 17.180455 -25.327958 11.890478 3.248599 
6 258 734 871 1640 1925 2369 -33.065537 24.469843 80.008844 27.766803 -55.560287 -27.976742 
4 178 1948 2670 3355 -13.856029 78.187121 -61.535895 10.122238 
7 570 867 1077 1391 1620 2179 3282 -60.391223 72.804727 57.784625 60.019745 80.663450 -12.382880 -23.678647 
4 642 1302 1400 2535 7.586900 -17.245380 15.467122 -87.281149 
8 220 1273 1461 2804 2871 3018 3349 3404 82.202868 34.428885 -93.068300 20.064866 62.249003 65.346154 30.630457 -27.641613 
8 338 508 712 894 1484 2422 2975 2981 48.679709 75.260892 89.491913 -11.923521 58.495825 -39.501595 -37.480955 56.277013 
5 1404 1681 2178 2768 3186 38.718149 -77.708053 -68.438659 -49.868595 75.548308 
3 1724 3263 3362 -47.823822 10.713792 89.021320 
9 203 577 780 1338 1591 1749 2680 2731 3209 -46.211931 73.756468 98.866871 95.107839 -81.715944 25.996536 34.434958 46.752183 87.806850 
6 857 974 1267 1364 2672 3409 -92.477406 87.468415 60.217422 61.235952 -23.920853 46.445233 
8 1054 1563 1822 2152 2521 2627 3204 3255 79.806433 80.232960 -44.895269 7.937748 -82.096153 54.641410 -53.044837 -3.777044 
10 133 418 456 1018 1059 1276 1508 1531 2356 3350 -27.647763 71.393309 23.089645 -87.948666 58.352287 22.992203 -46.077803 -90.770785 -88.806450 78.312598 
4 1788 1973 2237 2932 -91.745531 24.589915 59.244333 -34.692604 
6 207 535 1242 1393 2461 3409 34.966608 23.214183 -47.163021 4.060920 21.947219 -63.117880 
8 527 961 1529 1659 2102 2116 2816 3176 93.188178 74.270687 -57.692399 42.139173 -1.488201 -13.538626 84.202065 -31.975325 
6 175 438 1652 1697 1699 3066 65.230989 96.244622 79.117269 -1.941983 43.803625 -99.114672 
7 12 149 1142 1245 1388 1472 1525 84.412961 -22.980268 -81.256027 -17.165726 -74.953782 85.719138 73.447261 
13 317 371 390 711 798 815 1653 2008 2146 2167 2228 2380 3169 -53.530509 11.051577 92.309036 -6.945549 57.209857 94.899063 -58.286219 14.971831 46.837233 -75.931292 25.693086 -24.660073 57.654562 
5 899 976 2600 3325 3334 36.059881 -25.700603 81.378835 -79.165877 -53.572069 
8 49 171 519 1278 1651 1967 2058 3350 -7.858688 -92.183309 -23.610707 -47.121349 50.820943 -40.826208 16.237767 39.376649 
6 170 239 490 736 1301 2504 86.966642 64.530405 92.632816 99.973068 -87.391632 39.676736 
6 152 652 1079 1364 2599 3044 -37.266380 -24.693292 55.774433 -4.417432 20.148647 89.071376 
8 346 1278 1614 2278 2645 2755 2927 3489 -97.035480 -61.581577 -50.108366 18.965681 -93.802075 -55.758580 44.888217 79.225145 
8 153 634 1154 1302 2268 2597 2675 3282 70.160692 -50.422777 -5.256964 95.170811 28.983318 79.107679 -99.198288 -60.294524 
10 1092 1353 1518 1747 1823 2534 2574 2722 2770 2871 -71.122436 -20.059600 -40.012588 72.239336 32.035240 -64.043947 -65.633231 78.158441 -11.081592 0.512743 
6 314 442 812 1001 1428 2158 -23.845966 -20.663807 -32.534725 -67.819581 -86.763913 -55.040711 
7 460 779 1206 1371 2114 2745 3354 31.646354 63.718715 -78.781388 4.666586 -18.760899 65.580254 6.124639 
6 131 906 1819 2487 2593 2983 58.881882 88.176352 -55.601664 -6.146908 -77.669441 39.267352 
6 1867 2343 2487 2543 2620 3424 -37.103667 -97.595540 -2.774826 -84.729691 57.687303 -38.529948 
5 432 804 948 1843 2120 -46.156122 -93.831590 -3.970314 43.267201 -48.166681 
8 156 401 737 953 1178 1225 2777 3039 60.225455 43.450020 58.121403 87.285882 69.797251 -34.613508 -54.360971 75.460780 
5 1280 1847 2052 2124 3131 -21.269987 90.198607 -62.437055 77.810533 28.701578 
6 546 657 813 2158 2242 2619 -60.170311 10.260714 57.330474 -85.920668 -69.801743 -70.081968 
3 1221 1757 1938 28.394070 -46.909671 80.806133 
5 950 2219 3238 3377 3459 -25.074624 3.557669 -98.578610 -83.720696 -27.240005 
6 23 194 827 2717 2977 3240 -48.479835 8.246181 51.666277 -54.208933 72.180092 -54.653270 
4 869 1297 1667 3411 -83.164841 38.598872 61.585358 -92.163743 
12 128 279 1663 1739 1950 2012 2131 2180 2207 2470 2589 3328 -96.589274 0.074197 55.025305 -76.282063 -94.097203 89.457881 -32.470122 56.928965 24.060067 52.425598 15.090513 -5.806962 
8 25 61 106 114 245 475 1602 1886 -40.169826 -59.578952 -49.239185 65.730344 -43.983659 5.028386 63.035465 69.507857 
7 1029 1035 1921 2255 2429 3241 3256 -66.734539 4.740973 75.897500 -71.640583 69.078239 -13.035756 -8.256492 
5 164 1690 2073 2241 2547 -92.063488 75.665014 78.901904 -20.199362 75.513437 
4 969 2034 2566 2911 -89.763807 -8.880840 38.110451 74.721259 
6 516 1365 1773 2215 2768 3359 -78.278278 -77.457862 92.604476 -53.241767 -36.456917 -80.925787 
5 530 1332 2016 3209 3427 47.692471 87.851439 -81.532287 64.847714 -23.815695 
4 93 271 627 1721 -33.276891 47.769102 74.003549 87.747948 
11 34 194 733 755 1533 1616 1840 2261 2701 2819 3221 -68.738269 -24.639813 11.487450 -5.494245 29.243172 31.178209 -7.485094 16.818444 -72.470721 -77.448838 -39.189713 
4 1455 2089 3166 3250 -87.239539 13.041283 27.470914 40.995136 
8 765 1033 1639 1916 2760 3099 3327 3432 -41.217109 -92.270353 84.865062 73.201114 -86.828798 -66.695061 34.044634 86.036648 
9 254 956 1106 1217 1696 1778 2010 2046 2582 -51.676745 13.484934 28.923636 -93.736082 -29.436716 65.303694 -43.999765 66.954985 9.632912 
11 217 401 634 1206 1263 1366 1411 1488 1778 2120 3352 12.161838 81.659195 75.259270 -92.585992 7.684754 40.526376 14.121155 -56.269842 -44.372860 9.805841 -40.603667 
5 526 698 1369 1912 3409 22.925515 -40.492150 -62.992431 -23.118839 42.094842 
8 72 159 294 1614 1712 1824 2215 2740 18.550539 85.147689 -45.013428 58.407096 20.823602 15.210636 25.795265 93.993409 
5 293 402 933 1153 3258 -55.768188 26.622842 -42.869671 22.234714 -27.169018 
3 1378 1733 2513 71.420519 65.734675 -11.598983 
8 79 161 247 733 1010 1168 2738 3355 68.488756 -28.180387 -33.951541 98.440419 -67.241700 29.128891 17.629557 -14.547358 
15 70 318 562 682 778 1113 1150 1842 1951 1978 1998 2526 2717 2743 2853 -62.599450 -74.827803 49.101938 23.199440 -18.178696 82.106523 -36.932466 93.477844 -91.676500 58.129398 4.937163 -9.557135 31.986796 -48.194133 -79.133192 
9 91 498 991 1624 1636 2180 2216 2307 3284 -56.229379 -40.493559 21.683486 0.840367 62.316304 58.516744 88.985123 16.682617 73.871169 
5 198 980 1451 2840 3391 7.749815 29.895441 0.407384 -68.130125 95.430534 
13 322 646 650 702 739 963 1110 1350 1999 2455 2701 2960 3397 44.973046 -43.853016 52.557252 80.421431 -81.250681 -49.613121 -27.020399 23.138646 -0.436479 94.041944 -74.715346 90.930479 -40.714734 
7 266 713 1607 2029 2413 2713 3197 36.232853 -25.388306 36.886863 -62.453873 -20.565378 86.808825 -97.029046 
7 1330 2001 2101 2200 2562 2626 2833 18.314579 -36.005867 53.748854 17.115892 -95.943814 -81.412096 -16.279762 
15 545 643 748 848 873 923 1071 1445 1705 1799 1990 2306 2584 3262 3343 -79.564942 -25.091876 -61.799442 1.624491 67.338746 -7.317959 -40.550550 -16.061776 -57.606434 60.869569 6.129909 79.463652 19.247194 21.545935 -84.039764 
15 242 1376 1746 1838 1859 2094 2098 2106 2165 2264 2287 2302 2519 2628 3334 -69.141618 1.730203 -15.035933 -97.947539 57.448377 77.029479 -81.723452 62.679558 -77.329603 -24.042735 -80.059270 -81.073722 -45.177132 59.340356 -77.695465 
11 594 1215 1440 1891 2197 2372 2493 2712 2787 2817 3338 1.817530 -99.372486 -21.939670 -24.026041 -57.680223 84.425169 21.709454 43.229326 76.017746 -8.174605 98.633467 
5 1049 1681 2544 3181 3388 -58.350461 84.511339 78.151542 -46.560606 30.986231 
5 528 2187 2281 2334 2613 -83.489058 -65.144358 30.455756 -3.248182 51.203054 
9 1404 2010 2130 2756 2783 2863 2893 3170 3446 76.488515 53.077333 79.735517 -22.405253 -3.071920 -23.165719 8.095066 19.862136 -64.800500 
3 581 841 3336 -82.500702 84.669528 -1.206897 
6 359 447 993 1706 1716 2743 17.619353 4.292312 66.378250 -82.260396 66.253465 16.119876 
6 435 1086 2127 2147 3162 3255 -87.524709 -35.634796 6.711391 11.476042 76.517439 94.933758 
7 241 667 1107 1739 2930 2937 3400 -74.429998 -80.231050 -29.288162 22.553555 -21.992698 76.909267 57.815440 
4 636 1392 1563 3224 14.547491 71.263679 46.771543 43.077182 
5 152 653 784 908 1587 -79.980807 75.436772 50.752265 14.096092 -68.960998 
11 8 579 849 1021 1028 2201 2244 2513 2733 3365 3373 90.490967 38.264693 -55.960335 -16.928551 14.331004 10.428674 -71.982348 94.196125 -13.698813 4.847104 28.216590 
12 151 225 307 630 1026 1553 1631 1692 1792 2425 2963 3181 -29.862178 -46.489005 -8.781382 73.595815 -53.391076 -95.690854 57.054730 41.809433 3.874916 -70.510852 -17.729490 52.358916 
8 131 534 1133 1184 1860 2464 2739 3220 -25.276688 -26.181635 19.290758 39.897972 29.649342 61.559132 -28.633537 92.979697 
4 320 478 1490 2008 22.575069 -71.558065 -70.778866 -12.091108 
7 701 1479 1585 1709 1882 2423 3484 78.600267 -15.357157 -36.987626 61.446077 17.123561 -90.369398 -2.183159 
4 690 774 2373 2758 75.676964 -23.532181 61.898696 90.035519 
9 11 227 1055 1132 1476 2247 2359 2432 2633 -24.405426 22.889747 27.429217 -81.061502 -1.568738 -32.834920 -70.519186 29.275180 -37.758021 
9 752 1663 1680 1889 2296 2481 2587 2781 2794 -12.355167 -66.333445 51.612078 -35.920771 11.227296 -3.091483 -85.865003 -72.675980 80.951079 
12 78 411 671 721 815 913 936 1753 2335 3227 3267 3402 -90.421015 -22.533945 84.792223 23.787258 37.094122 73.533590 -25.309253 -53.692604 -12.839737 74.066363 -11.809620 -59.921358 
7 339 1916 2061 2263 2409 2993 3410 33.034907 75.346543 -50.011189 -44.981009 10.691222 83.042162 72.418128 
4 381 576 2813 3041 -28.705457 54.183770 -47.084434 34.087470 
7 1747 1966 2171 3045 3055 3128 3182 65.533368 83.734197 -91.612726 -62.475274 98.694094 65.049788 15.638104 
9 247 812 1257 1283 1438 1461 1577 1914 2772 61.184549 -61.247372 -53.777429 16.851063 18.100685 -28.471856 37.902609 14.899471 17.846403 
5 982 1727 1905 2757 3449 50.939891 67.124449 -10.893438 52.298494 -65.201874 
8 445 949 1221 1366 1636 1864 2449 2941 98.221428 43.074534 90.626552 24.772126 -12.800669 -17.132702 -10.525565 -45.665307 
4 507 692 2732 2856 71.872628 -7.932941 -0.528676 -19.408815 
3 1162 1553 2284 -26.125130 -40.333158 -87.778206 
12 12 1645 1748 2410 2518 2895 3030 3046 3144 3296 3413 3482 -84.388578 38.257946 49.205891 -14.080308 32.656180 -34.181989 94.347321 8.425829 -74.412729 -89.415956 -82.910985 -35.978790 
6 192 842 880 1885 2195 2948 -17.680670 -93.644544 -48.919371 -88.681253 -23.030461 -10.997415 
1 2229 -10.716491 
8 477 935 1291 1580 1625 1799 2445 2871 17.563910 -65.740016 -37.268774 95.815763 -10.933907 70.240994 86.511536 -72.023723 
15 76 167 212 639 873 1115 1431 2226 2819 2843 2868 3068 3205 3235 3375 41.458769 55.267509 24.047375 -13.931651 20.791915 91.302394 15.653081 -44.599304 -75.598674 -71.366311 -64.369772 77.737117 -3.336056 79.691464 19.094324 
7 106 642 1343 1502 2344 2712 3318 59.171936 -59.482080 70.065601 27.074415 -86.665677 90.952093 -19.206408 
7 125 1155 1895 3103 3312 3451 3463 2.817890 -9.328653 -23.899248 21.228120 2.091835 6.245440 59.148210 
10 335 429 503 1431 1665 2137 2451 2462 3076 3196 -32.318235 -29.073884 50.510264 -50.679855 -27.782086 -90.702940 -70.184749 -86.005141 12.656815 -5.234040 
13 1098 1717 1747 1850 1983 2076 2197 2424 2895 2958 3255 3275 3443 51.580569 67.486411 -20.242026 95.245185 34.769460 74.799401 -93.886151 4.903397 -54.969853 -83.309284 70.342000 -30.113654 -90.417006 
6 1015 1183 1375 2065 2169 3341 7.939158 37.009326 51.260831 -26.972683 54.566215 -68.916528 
7 54 190 1023 1096 1117 1447 1467 -67.521006 55.793883 -32.342081 44.014327 -1.871683 7.821137 8.976538 
7 506 818 831 1401 1460 2211 3137 66.159166 -25.796535 -38.452728 63.400882 -17.313411 53.288433 38.487855 
1 2040 67.575493 
10 111 1299 1641 1723 2063 2256 2266 2370 2972 3122 71.503736 27.517401 74.610140 23.187295 -54.936183 47.246479 28.411103 -89.451399 -24.505012 -40.168960 
11 57 540 558 588 930 985 1309 1730 2401 3106 3366 -20.710423 70.549140 15.446299 49.929972 25.343697 -85.013893 -5.981141 24.354777 -19.604126 -60.479416 14.632749 
7 272 812 819 1391 2069 2738 2842 30.921203 7.496750 81.031469 -73.555383 27.132586 52.147478 -43.494712 
4 593 1225 2840 3445 -68.459210 -59.759413 67.488531 23.045908 
2 463 3211 77.652984 56.456858 
9 14 531 742 933 970 1029 2033 2326 2428 -63.932746 12.390145 -91.698687 94.886217 10.038169 1.461860 68.797023 54.447000 -13.200162 
10 447 615 789 855 1348 1538 2022 2152 2286 2826 86.090470 -94.926490 -98.577040 93.658206 -21.693078 -6.838217 76.444040 99.660706 -45.878487 -38.156683 
10 73 279 285 1153 1961 2115 2247 2275 2765 2929 -74.778023 16.515469 -67.969468 59.381133 44.878668 80.508684 -34.052770 51.895820 92.495119 -42.960953 
7 386 954 1114 1629 2362 2849 3198 26.190169 22.826990 -91.996260 5.996800 -29.489287 -91.837126 -55.093100 
7 225 1052 1168 1220 2427 2460 3316 13.613052 -90.364068 -56.430230 44.598262 35.586076 18.009398 60.176905 
6 261 391 1063 2412 2723 3107 -99.208890 -68.756148 -80.091957 -36.242110 -74.203058 -83.064333 
7 90 516 2097 2374 2600 2649 3286 65.568971 -63.930787 -16.992091 -42.411855 32.450118 43.571937 -83.963979 
7 357 400 1141 1189 1221 2772 2851 22.256384 6.822613 87.987652 84.719079 47.389951 79.555603 -79.594791 
5 868 974 1244 1692 3450 -44.090506 -27.739271 67.137262 -18.243761 -54.136152 
8 32 2017 2180 2240 2337 2418 2460 2783 -50.958223 -20.158897 -11.836688 -68.213846 84.294073 61.201893 77.956356 -8.904933 
12 555 646 677 983 1001 1054 1827 2308 2713 2714 2851 3297 -27.305940 -83.359229 -53.974900 -6.716292 11.799884 -7.667880 -66.282222 -72.593795 -73.523242 8.326428 -49.762207 -22.000693 
10 38 287 659 789 908 1067 1087 2466 2796 3233 -60.523905 1.706154 10.374824 -40.098396 65.503304 -63.021612 84.103268 16.786778 18.035180 53.484780 
3 1317 2174 3234 87.952232 20.314724 -13.696384 
10 64 134 251 470 840 1411 2002 2725 2743 3154 -54.965836 -6.629153 -29.020807 44.405697 -10.448167 -52.357068 -32.931373 8.079668 69.945628 -23.836566 
8 1252 1596 2405 2450 2508 2678 2707 2985 -66.426198 38.938619 24.200783 -70.903597 14.445490 -82.943817 47.858310 -84.774762 
11 376 545 548 606 884 1301 1324 1541 1737 2121 2312 -4.656883 23.097410 42.425778 -41.043922 -94.402808 -3.926090 50.967173 -37.520863 -54.546159 20.010280 -19.552515 
11 107 522 919 946 1306 1479 2191 2222 2542 2689 3159 6.153524 67.143552 -40.281688 2.134350 -63.285967 85.716718 -17.127768 -66.053612 -3.410711 -33.941538 39.013451 
7 419 689 985 1225 1468 1971 2717 23.941989 -36.500018 -59.920036 -27.288291 56.757052 -10.198485 64.121363 
10 558 997 1013 1095 1189 1233 1566 1756 1906 3019 4.471123 23.235473 -75.475714 -84.744110 -80.692052 -45.806658 93.115677 8.010482 2.538898 12.980874 
8 571 871 1381 1530 1675 2432 2546 3461 -63.973363 -35.025463 -3.198376 -44.115283 60.052224 -61.642082 63.287046 27.574817 
4 341 1112 2184 3391 -77.986025 19.122913 84.909723 -61.706056 
4 386 1809 2861 3414 -5.716358 -56.660813 25.181818 -85.545312 
6 317 772 831 2052 2367 2595 48.590711 43.005505 46.171429 54.284568 27.339597 -25.982106 
8 626 1750 1817 1872 1912 2200 2678 2714 -22.491755 -20.619589 -10.192450 -93.606535 -56.617836 52.070836 47.212695 -80.849935 
7 303 1178 1777 2009 2195 2322 2464 28.829135 -71.039202 39.411473 38.369352 -4.680841 20.614807 40.806897 
4 107 1156 2517 2937 -13.518684 54.721216 -36.229711 -48.018255 
9 418 746 1286 2194 2300 2475 2656 2748 2890 60.549190 -52.590311 -63.888622 -8.535467 -89.935782 13.795006 -93.196451 -51.833099 -66.447156 
6 462 933 1026 1621 3162 3377 -9.155627 -51.029858 26.700218 -18.596883 48.055141 -61.202334 
10 168 632 643 961 1612 1984 2343 3056 3231 3317 -3.315848 81.099479 -15.281255 -43.705646 -61.519642 8.560521 -53.579599 15.404592 -33.940355 -50.860967 
10 144 164 255 326 501 579 1005 1373 2643 3461 -80.311016 -59.468808 42.894383 11.130190 75.874823 -6.087816 -90.083957 36.616687 -79.738781 -56.272381 
5 191 248 366 543 3161 8.699235 77.678142 -49.802810 -40.936179 -6.533404 
6 422 877 1615 2975 3067 3493 -45.470445 4.365807 -90.299046 -75.002202 6.727172 80.830669 
6 835 2057 2313 2319 2512 3479 51.289794 -61.859392 -8.022071 63.208562 99.951330 10.590501 
9 454 565 1066 1282 1943 2375 2655 3001 3181 96.195711 25.439302 -66.237561 81.343942 53.855259 27.762087 -1.473908 -35.598433 -73.593775 
5 469 1182 1885 2739 3036 57.971231 47.969024 -41.660792 -37.293871 53.950714 
8 138 274 534 1040 1364 2985 3162 3420 91.138318 70.045206 -78.502794 -99.978019 67.558383 -95.279351 36.292042 84.399376 
9 459 617 770 1114 1690 2531 2594 2720 2968 -75.264171 -11.483873 15.721022 -32.433366 -14.733757 10.402171 81.357183 -36.155914 1.967801 
5 132 257 1352 2144 3067 18.814602 92.855658 -64.821357 -2.244055 41.999191 
7 277 1624 1856 2109 2745 3121 3498 -90.036643 55.922774 -30.123950 89.692635 62.284750 -35.144286 -41.572440 
8 519 779 1100 1227 1813 1830 1856 2720 -65.172420 -80.060649 -46.886893 18.786728 -75.709903 42.195260 -80.559580 10.703357 
12 25 533 561 663 812 988 1433 1497 1684 1835 2117 2859 -83.885700 -13.736989 78.219130 81.359659 -82.408217 -16.114121 4.631290 -38.892335 -23.823725 25.988496 43.516291 -91.719128 
8 130 335 503 786 2084 2180 2736 2741 8.037958 58.694665 -11.494128 46.031408 8.367930 -95.620753 -75.255102 -14.825172 
3 1815 2466 3355 -86.491431 -74.481075 22.136608 
6 310 401 719 939 2051 2255 46.504008 -22.070459 -49.802941 60.022492 -41.913686 -82.227529 
3 1889 1954 2975 64.031832 -39.739599 -72.557111 
4 722 1238 2369 2646 -60.944119 78.257358 25.065592 43.637713 
3 774 2988 3045 -0.199855 -21.653733 35.301688 
4 674 953 2052 2540 12.109131 31.517822 -55.751528 -90.503274 
12 386 424 568 679 977 1574 2708 2835 3245 3323 3391 3472 93.588730 -10.760035 6.044241 -83.483569 -91.909665 23.140900 -99.271995 73.376120 -90.438342 61.578931 97.917333 -69.901828 
10 186 292 1031 1440 1954 2249 2538 2664 2985 3421 97.858938 50.013801 -76.351113 76.281086 -96.850797 -22.182906 -81.325633 -58.136686 -43.688383 76.234647 
8 841 1039 1136 1271 1417 2370 3395 3465 -2.667205 88.190245 -18.943703 37.076895 13.717362 -12.106721 -61.320792 -97.528742 
4 182 225 700 2571 -51.984745 10.326834 72.584741 -83.189250 
6 1135 1385 1614 2509 2589 3130 -60.813166 -5.992599 46.096049 50.734611 -39.738596 -32.591385 
10 854 1060 1118 1684 1783 2184 2217 2397 2442 2515 -19.858203 -83.418713 -61.132261 -57.166123 27.375344 50.198794 0.619547 -15.873614 37.795868 83.520070 
10 216 945 1273 1293 1931 2581 2767 3006 3124 3192 71.241929 66.313916 76.567924 -66.318723 -33.871166 -2.939585 -21.335123 27.790863 -39.389739 -96.223391 
7 43 866 1357 1627 2028 2121 2861 -47.282675 -23.473937 6.884682 -98.245161 -16.075631 54.436233 98.067948 
3 671 987 2740 40.117978 -69.071443 -38.879795 
9 796 1429 1453 1573 1692 2350 2955 3238 3449 95.136937 21.181813 53.604183 3.507275 -96.128596 -95.905074 0.724620 -8.284192 76.167489 
13 39 101 165 716 910 1169 1635 1643 2176 2721 2991 3191 3355 53.948646 -13.062068 96.407876 80.628124 33.711348 -67.693420 -79.458642 73.574450 41.557706 68.307368 52.986044 69.688588 73.906725 
6 971 1486 1870 1889 2238 2728 49.335283 -59.133445 24.214510 -78.202394 -89.839354 -34.118966 
4 171 514 1395 1841 -6.139163 -78.803169 -69.951382 57.963872 
5 494 2402 2444 3286 3339 21.635233 -59.847740 -21.258475 91.231561 75.787744 
7 481 825 869 906 1048 1160 1482 5.185393 62.466171 -45.032241 88.371964 -66.780462 82.924930 -51.864133 
8 707 1013 1453 2389 2990 3159 3200 3220 63.096724 84.255935 90.117653 -35.021182 -37.432846 -64.699947 -30.787090 23.220960 
7 1487 1881 2538 2884 2963 3080 3246 -34.519232 34.245617 72.779054 46.921241 -5.616464 25.659071 0.426709 
9 551 967 1151 1407 1719 1800 2318 2418 3327 71.783136 42.834353 89.213301 -66.038730 -68.455902 84.432192 -91.928231 22.676177 -10.821354 
6 719 1021 1300 2280 2720 2771 27.179285 28.856666 76.647533 -86.394292 55.191202 -8.419536 
4 167 616 2455 2595 -61.083581 5.488109 -91.030315 -75.536864 
7 1826 2029 2213 2276 2973 3364 3491 68.250272 36.627599 54.840380 37.613981 68.582760 -87.467320 5.935156 
6 233 788 1595 1652 2194 2604 13.008713 81.240954 81.055053 95.113598 67.062123 -39.184379 
12 464 903 1552 1601 1886 2101 2611 2669 2670 2788 3010 3153 -86.995611 47.839777 57.501647 -94.535449 -90.637438 -91.032684 -36.415337 68.614009 91.834717 91.886646 -9.678985 -90.427407 
5 89 1496 1892 2333 2853 -18.702865 -93.064581 -7.663083 -63.868609 -69.457375 
9 443 1293 1727 1941 2677 2811 3163 3167 3468 0.465550 -73.225121 -28.045321 29.845546 -17.733733 49.029075 -20.559089 -71.489695 -74.974428 
6 1104 1151 2022 2295 2714 2959 -78.609075 47.388266 -70.183794 -33.054193 7.480017 -4.656489 
9 689 847 1237 1435 1776 1916 2327 2576 3312 -25.944788 28.668610 -51.031010 -14.436056 80.143586 89.618170 -55.476821 -62.083062 37.888625 
6 67 308 705 880 1262 1482 -5.986001 -38.507210 49.936141 33.118033 66.978322 -10.414785 
6 731 815 1247 2132 2674 2853 84.174506 47.070385 36.584953 -0.225248 -59.976374 66.485261 
5 430 535 2701 3174 3206 83.874632 -3.508873 45.552717 -49.385199 43.067360 
7 192 497 1369 1832 2147 2584 2763 -73.391241 -70.188159 47.886790 -17.929840 -74.879858 -1.802424 -71.650607 
9 405 445 813 843 1110 1254 1533 2732 3247 -28.587167 32.935196 -97.226106 -42.026540 5.528429 -35.298513 -91.214235 15.762489 80.139175 
12 183 266 643 697 1198 1553 1704 1858 1895 2041 2165 2658 -68.689900 79.849119 -79.271919 91.190856 39.591446 -12.910987 -24.970837 -78.808802 23.697794 24.855077 -14.892641 80.261567 
9 491 649 745 1089 1446 1519 1540 3220 3415 -24.270124 -6.839826 58.886859 -11.793195 -67.984957 -38.687241 51.780042 -94.693592 -24.182094 
16 299 463 480 510 597 1134 1566 1645 1759 1780 1815 2088 2962 3241 3261 3268 -61.247140 55.968757 -94.135201 -52.712792 -8.346941 -46.325857 22.738067 21.631862 19.333094 -3.124127 7.033985 -19.880885 77.387769 95.686599 -98.096190 74.459219 
6 95 811 1721 1835 2568 3499 -20.231281 17.614938 -37.036511 -14.466229 -51.134262 -56.859689 
8 502 695 1094 1319 2013 2494 2554 3302 6.102974 18.791750 35.075746 12.488014 -60.063873 15.713206 -60.074401 16.503750 
7 202 505 943 1995 2866 3436 3446 92.345465 -66.070084 69.229020 21.953302 -30.521590 41.852476 22.702908 
5 1120 1470 2005 2554 3359 -23.053126 48.591283 78.023310 73.871385 42.716074 
11 55 232 511 657 1126 1274 1368 2649 2907 2968 3383 25.487670 -36.363036 -53.714776 -82.792884 66.105159 -49.871811 -12.650936 -76.333134 -14.097491 -42.511575 -89.559729 
7 266 631 916 919 924 2860 3189 43.537499 -5.354479 34.093619 60.167953 -14.238882 -46.718412 -25.886861 
5 467 517 781 2498 2623 -62.661015 73.114794 -69.477922 73.861864 55.544999 
7 369 1372 1503 1572 1949 1969 2643 98.327243 22.371673 -8.815570 10.474845 2.094564 93.840375 45.687037 
11 428 432 698 935 1522 2174 2247 2302 2469 2900 3428 -72.691258 -53.323090 -33.825362 -85.078451 72.150266 59.436844 -5.996780 -11.788406 -87.861774 36.518062 -76.088914 
5 627 1095 2228 2546 2770 -8.256331 -98.403526 1.540511 -60.056397 -47.898254 
5 430 1271 3002 3292 3355 32.887657 17.906440 -68.927555 60.537038 77.349923 
6 358 1509 1954 2153 2501 3320 -89.460407 -68.798289 41.818754 -71.110011 80.286800 63.418349 
9 245 610 1431 1732 2022 2378 2565 2771 3350 35.137327 40.169477 17.372953 0.904504 40.504682 -64.230193 71.444478 0.479160 40.564223 
4 1311 1783 3078 3353 48.653136 -68.840226 -7.141545 32.129095 
10 273 938 1182 1501 1573 1634 1918 2774 2899 3156 -39.391784 -17.206171 -46.984637 60.733125 -5.159802 28.877555 43.557937 -58.551894 -52.913513 72.442343 
11 298 946 1128 1177 1355 1701 1950 2150 2250 2655 2740 -91.194804 -77.080185 31.010134 -65.138968 98.738826 -25.628115 -83.420631 -43.610648 56.873725 -93.277705 -36.388888 
9 61 194 230 355 767 1917 2222 2519 3145 -89.602862 -47.393442 52.120783 -7.753674 -16.082820 77.730187 -65.166761 99.336261 54.790507 
3 1780 1952 2154 -87.022813 37.599532 -63.476865 
2 2021 2309 -57.692926 79.680264 
7 343 764 783 876 882 2655 3054 72.824191 -82.507352 18.474712 -6.175833 64.441117 -39.318890 72.223829 
6 1256 2474 2793 2810 2972 3416 -76.616917 -50.031823 -26.738600 -47.194897 47.334577 -99.880644 
12 811 1088 1484 1542 1959 2029 2099 2169 2178 2311 2528 2738 91.878015 75.455677 -22.201763 40.800550 22.421959 -51.557967 80.598704 -45.617786 -14.155300 6.864136 -97.136003 -83.793872 
8 1754 1810 2183 2435 2542 2621 3263 3496 7.871947 -24.789351 98.037508 -51.353845 -47.134843 98.380593 4.604894 36.492853 
9 707 1262 1521 1830 2148 2297 2916 2949 3249 26.076362 -35.357507 -36.119670 89.221979 -75.293296 10.287571 15.541297 71.987453 -5.477614 
7 539 1399 1701 2449 2877 2973 3117 -16.860746 -62.178087 91.073743 -87.502989 77.146634 -47.703071 -81.926361 
5 114 875 1563 2404 2425 -27.916683 -30.865467 -80.922203 -4.800720 72.524304 
6 71 611 1665 1750 2777 3478 51.612898 41.371732 9.175993 44.623485 -8.221011 -80.857638 
3 389 730 1136 -2.242657 -84.102269 13.443680 
9 54 355 1241 1334 1496 1511 1728 2573 3148 16.892070 -29.981488 -14.114487 -81.166646 -73.439633 14.497115 16.923383 17.706588 -41.004292 
5 161 1008 1341 1948 2215 66.123486 -29.650245 -38.042511 -29.946698 -56.582935 
8 2 238 312 376 659 1388 2087 2627 -62.960747 64.926982 40.598219 -55.633297 -20.386639 -50.365485 -25.120076 35.514655 
9 307 589 762 1477 2110 2200 2889 3035 3301 -3.640996 34.979422 36.901371 97.540110 54.838602 -55.177806 37.298292 8.251172 74.434410 
8 16 693 1121 1164 1346 1769 2630 2749 6.506773 40.612482 -78.431416 -33.987514 -40.714858 80.603952 74.801785 78.887034 
7 970 996 1143 2086 2241 2762 3161 -97.386707 91.522763 -5.495058 -75.342069 45.093504 -21.976506 76.158504 
3 1360 1789 1943 -21.456051 69.905497 -14.945982 
6 809 1040 1281 1581 2152 3355 -26.421407 -81.901521 84.109367 -10.895481 31.756588 -28.767406 
11 182 399 615 701 851 1616 2428 2938 3159 3288 3386 -94.527230 80.671033 -3.406199 64.649466 -99.045996 23.866697 -56.284917 29.181332 75.844117 76.396935 -28.812250 
10 570 690 1388 1588 1655 1966 2332 2359 2384 3069 32.222458 -27.576778 -92.418571 -17.725436 82.623659 -61.391810 37.225712 18.009637 27.626005 42.459786 
6 352 359 1538 2533 3400 3466 -79.649196 32.921900 3.963249 -62.895384 -59.230632 -60.662966 
8 690 889 1595 1979 2329 2478 2902 3156 22.733599 -57.750027 70.731543 76.735041 -74.475074 -75.203331 15.881923 -71.390098 
5 307 740 2514 2915 2963 7.159807 -49.469585 -50.551484 -58.767118 23.030616 
5 234 309 1785 2398 3367 6.108952 57.856432 66.825182 54.859121 -54.336847 
9 88 239 359 568 730 1752 1799 2222 3292 -70.210259 18.103260 -91.614327 32.012299 88.419769 -18.754658 -67.376963 47.938940 -64.541592 
3 706 2098 3188 69.916336 -79.198517 -58.493862 
10 369 963 1619 1664 1909 2408 2536 2566 3063 3348 75.843417 95.168895 28.091428 -21.354103 58.618350 10.340864 88.061556 -56.107420 58.975419 -12.750701 
7 1335 2101 2338 2459 2887 2939 3162 0.200458 -83.581547 -48.916722 -52.157378 -50.085702 62.370008 -16.950826 
1 2065 -82.289679 
6 66 110 764 781 1243 2136 -34.639184 -64.569041 61.851289 38.602528 -16.846576 -42.194782 
11 195 892 1240 1290 1318 1363 1822 2423 2989 3275 3407 -25.499262 32.642393 -36.185201 12.594565 67.891896 34.326218 -41.784533 20.667255 45.474223 61.873491 24.953861 
9 39 881 882 1894 2674 2911 3045 3260 3452 30.651991 -53.155963 8.585607 -38.819338 -4.936804 -52.563968 -12.787206 34.294267 40.018572 
5 29 970 1301 2505 2898 31.273143 -67.791764 -6.693728 -47.351388 -26.899871 
5 799 983 990 2666 2722 -16.466746 -57.649103 -48.398184 -19.483914 16.874781 
5 961 2532 2616 2684 3294 -2.669974 84.990628 33.620533 -69.032257 56.869598 
3 277 3036 3046 -58.568244 -88.414880 94.387331 
6 659 862 1295 2428 2838 2921 -27.465803 78.141388 62.195820 35.903112 80.428188 -4.587467 
11 190 735 1434 1715 2135 2299 2900 2990 3141 3448 3464 -17.113305 3.801017 -75.504711 52.487469 -48.105707 -78.551711 -21.113148 -32.550252 -6.654417 75.162248 -56.256630 
6 1805 1816 2201 2428 2784 3381 -77.903703 -4.161595 6.793085 1.513934 85.006443 -73.930900 
6 1036 1444 2189 2528 2720 3337 8.062772 91.289162 48.568091 16.297108 -17.367669 -81.944583 
10 79 636 841 1102 1864 2058 2138 2691 2923 3068 51.530890 83.145586 -81.476047 16.351766 -14.178858 -81.321518 -14.897367 81.221725 -12.598857 -4.413185 
6 377 514 1656 2028 2100 3497 -93.579936 -50.553917 -87.383919 -62.101026 58.965399 1.930907 
5 9 1466 1762 1841 2362 -17.088671 -98.169957 53.037972 -70.955141 -99.108914 
1 2042 39.231946 
12 88 266 613 1268 1700 1818 2290 3019 3035 3091 3137 3267 -64.911620 81.158879 78.624154 45.680644 -31.790984 -80.693791 25.312822 87.016413 46.715665 93.149897 1.768548 41.903348 
9 256 860 1076 1450 1532 2289 3080 3237 3328 16.284321 -89.539066 39.082245 -81.231884 -80.324875 52.928168 -9.080449 78.787457 -61.233144 
4 40 2685 2771 3104 -1.065114 4.451915 70.130708 -5.015594 
4 306 714 1199 3376 -15.762674 95.264515 4.638722 -92.935555 
7 269 414 923 1042 1581 1699 2329 77.141185 35.942252 74.912016 83.871508 -76.081759 35.085852 -29.163056 
8 111 652 1364 1544 2222 3122 3123 3492 25.293466 -18.434716 16.123960 43.796942 -85.170377 22.214327 -1.197336 6.348787 
7 520 1628 1858 1983 3129 3192 3396 -67.251922 -13.244907 10.768677 37.250568 51.195422 32.190970 88.053870 
15 77 179 265 403 407 1186 1273 1546 1816 2047 2070 2169 2376 2838 3078 -18.098503 13.656885 -79.816567 88.945555 48.930124 -70.339225 27.471098 -60.922889 -97.010900 63.674866 -5.009449 -81.746985 -53.222393 2.975609 -1.339262 
6 151 522 1242 1630 2427 2859 56.157554 -23.054083 -33.328504 -80.381055 -57.608875 98.581257 
6 148 1028 1572 1816 2521 3228 -38.261613 81.735286 -0.583976 -43.139055 -5.380832 -24.195237 
7 27 556 1071 1661 2161 3100 3279 -21.993198 -8.112124 -68.105181 38.797090 -77.268849 20.522103 -80.725010 
10 1490 1759 2356 2425 2453 2503 3096 3283 3382 3483 11.620042 -37.913466 -89.269506 -14.041531 -70.742203 23.857126 97.000133 77.326895 -93.908352 32.682375 
10 552 592 944 1193 1494 2084 2301 2505 3388 3460 -81.554508 -3.693833 6.638891 -89.329475 -68.213666 17.983734 -4.501209 -76.751400 -67.924482 15.611089 
4 658 1579 1934 2934 -90.205321 17.709890 20.165015 76.634161 
5 1412 1702 1847 2633 3233 -89.038424 -16.070157 50.771309 -44.217329 -70.216422 
1 2455 7.306897 
3 230 394 945 -70.329966 -33.050858 93.607736 
12 172 193 437 786 1150 1207 2670 2714 3035 3164 3319 3390 31.777760 70.314217 -87.697636 64.626679 -86.413911 6.648315 -70.709784 -50.773643 5.633309 47.244247 -14.219772 22.673540 
6 358 360 561 1694 1745 2579 -65.726686 -71.173297 34.611386 58.081724 32.478977 -38.550880 
7 911 1539 1666 1803 2313 2499 3168 -36.656024 72.632564 -30.389857 -79.884059 7.037465 -73.442449 -2.570440 
4 197 576 1360 3256 -7.177381 -93.924922 -45.797616 79.817770 
12 23 90 307 800 1118 1151 1222 1528 1780 2071 2855 3454 -20.256965 32.060941 -45.513113 -78.735695 -57.586305 -36.198511 -96.418173 -59.138407 -73.910294 -48.294193 -34.885175 -62.332061 
9 421 845 956 1332 1734 1811 1969 2154 3491 -64.395797 -48.213985 32.826896 -8.468612 -41.411170 -25.308713 -36.105000 73.527667 -1.470461 
5 96 707 1071 1136 2022 21.018958 -55.953793 -67.706235 30.914007 62.193998 
8 663 847 1128 2043 2338 2394 2466 3136 -40.893381 18.518275 -20.283828 -3.356378 -73.826954 55.268304 81.252353 -84.998507 
8 160 337 1285 1797 2066 2386 2798 2934 7.866698 -87.883791 -61.618550 13.165786 -37.403397 23.342157 -45.057775 44.855344 
6 86 640 663 1135 1591 2610 -10.399387 -9.694679 62.090309 -67.559512 65.393572 71.764447 
7 324 1117 1700 2259 2399 3234 3485 2.207592 35.584556 -63.549480 -94.856422 11.320697 -88.442479 93.724814 
6 766 1484 2500 2512 3052 3461 -63.264268 99.048698 61.393499 -83.264634 46.391931 -6.701676 
9 314 327 377 1280 1973 2241 2626 3301 3457 40.453064 -26.230089 -71.922414 94.964939 -40.697446 -56.221249 -5.407351 32.815285 -56.069311 
5 16 486 1350 2877 3327 -71.494732 -34.641995 35.757627 82.457727 95.757198 
9 554 786 2068 2109 2299 2667 2834 3438 3475 27.062868 -46.891672 76.661990 22.106849 57.246488 95.004175 68.791064 -17.403524 68.177108 
9 105 212 735 1044 1584 2335 2441 2614 3479 -33.458138 -99.835674 77.370415 65.968628 93.927060 84.757331 -22.856997 17.105870 -14.507124 
6 40 1469 1810 2270 2765 3008 -25.575819 94.461671 -12.187689 17.303342 -63.081979 21.429284 
8 1015 1239 1515 1550 1913 2033 2679 3286 -38.128529 49.050500 59.455688 -78.289155 51.540316 46.423104 8.652589 -38.482623 
7 940 958 1656 1823 1876 2395 3230 -33.581206 -12.515977 -63.050532 26.836985 -54.934579 38.275849 -25.553450 
3 1776 1812 2273 18.562557 35.942605 88.115415 
8 310 1198 2167 2258 2293 2597 3335 3447 -92.667954 -64.522684 -12.161983 -9.876618 94.584201 -23.336320 69.045039 -6.465913 
3 2054 2114 2681 99.747872 -88.078597 66.055341 
7 1606 2444 2561 2598 2768 2833 3272 13.265742 65.715018 -2.061697 -69.832634 78.998861 17.325802 94.365037 
6 660 1079 2647 2813 2987 3360 -93.578516 -88.975399 11.038199 15.164199 -72.845690 52.372404 
7 117 139 576 1725 2759 3029 3489 -81.470639 78.576958 -86.992368 39.329703 66.147917 -92.667257 -47.186796 
4 34 2046 2132 2449 53.001706 3.086982 23.271377 65.838200 
5 301 711 1605 1975 2614 -10.187561 -51.899964 81.685089 -0.597212 48.644776 
3 1734 2713 2946 -17.198515 0.122530 -22.982690 
4 323 1098 2849 2979 -29.885100 -80.751698 -5.390773 8.136818 
3 249 2436 2463 -47.304764 61.566263 46.225124 
10 992 1195 1547 1598 2039 2127 2389 2826 2977 3031 -43.961054 -95.376222 -14.858080 -11.339884 -54.930086 -2.646739 20.364261 -32.583920 72.512449 -15.707186 
6 24 200 650 1855 2472 3284 47.361186 14.441618 -41.899869 13.784145 32.919080 -43.169287 
6 17 86 783 1801 2761 3373 -29.217889 61.457756 -45.743765 -65.993927 41.318247 37.171334 
5 35 1223 2870 3325 3378 -38.047165 -85.019319 45.216838 -60.473146 73.281789 
5 1362 1740 2579 2815 3431 -84.116596 -34.985037 -44.631258 75.224451 -46.955204 
6 13 437 2510 2808 3137 3145 -72.198176 20.600753 -71.662200 33.447559 -11.112393 -86.339353 
6 468 1638 2647 3091 3146 3233 -32.240896 94.800998 -55.205671 -33.886953 78.483802 98.110783 
5 268 1244 1471 1651 2138 -93.871617 3.850045 31.358952 -28.461406 14.317154 
4 454 939 2502 3453 70.522662 -89.230089 36.330607 0.984316 
8 180 209 989 1054 1133 1524 2207 2720 11.460210 20.452742 -64.485372 -9.960587 4.311733 92.930937 67.136177 52.425885 
2 426 2951 19.828239 -85.445551 
9 20 72 385 499 1523 1668 2135 2402 3315 41.628314 -39.785129 -18.865069 32.839367 45.015576 9.787937 59.068977 68.097748 -33.714517 
8 266 387 615 1232 1631 2893 2938 3028 -53.257202 -84.754043 37.148707 95.605101 55.738689 -58.675211 20.584687 31.302699 
9 1238 1263 1406 1459 1785 1787 2024 2089 2206 -78.693646 -90.693048 35.009059 -40.193964 92.926264 -56.937894 -20.184121 -63.921950 13.111043 
7 1451 2369 2743 3005 3235 3259 3269 8.760066 9.955234 38.398589 -90.516599 43.443873 -16.401090 -82.081979 
6 25 435 2384 2862 3313 3383 -28.224559 43.065632 99.194439 -70.231539 22.142767 -17.026080 
8 146 578 1519 1882 2315 2675 2957 3410 -7.323864 85.264834 67.200882 -93.712988 -90.686769 -43.747069 -30.204917 89.274377 
7 16 390 562 1164 1528 1843 2599 -81.743968 -7.427181 47.619772 80.361925 -90.952699 -24.809302 69.085235 
7 81 345 455 1227 2103 2745 3218 73.057075 71.331631 -31.185772 -89.613182 39.056069 27.981436 29.534079 
9 177 481 875 1301 1500 2013 2975 3377 3385 26.707652 -28.830578 90.100168 -92.493858 -13.255126 -63.184058 73.905032 38.456291 -35.889222 
7 69 776 1321 2412 2702 3138 3156 48.089530 -69.933090 -99.721090 -53.549403 -78.578147 -86.163037 -47.629886 
11 63 236 481 736 1465 1468 1479 1489 2624 2887 2939 47.140767 46.226869 -37.937064 53.873699 21.697948 -78.048798 63.715060 -5.056114 -50.401606 88.937603 -18.934707 
4 283 304 954 2382 -5.500307 84.891615 63.083582 46.740015 
9 656 828 1191 1223 2058 2126 2156 2573 3159 -96.941599 -71.233463 -43.555249 54.909244 -74.730721 -54.169460 -25.569073 -35.505447 10.197836 
7 963 986 1022 2388 2723 3031 3443 79.499723 -59.255889 -38.524557 -96.741987 83.717208 54.349766 -45.792644 
4 22 1584 2639 2645 80.498595 98.056023 -77.590977 40.428422 
12 294 537 569 817 1032 1033 1535 1782 2495 2594 2676 3427 -62.996871 -28.511261 18.228006 35.900993 -72.107556 61.722970 -62.887728 -73.068672 78.229816 -97.450570 97.924908 -83.166556 
11 458 469 523 860 1122 1247 1606 2268 2283 2541 2855 84.961404 -47.042998 75.056130 -44.307868 16.359283 -34.440996 64.721648 -43.435867 -89.360242 2.885839 -71.341183 
3 836 1891 3282 -20.824070 -78.060916 16.345399 
5 1163 1263 1447 1951 2636 83.670187 43.567046 -23.020264 10.113152 17.109349 
13 524 960 1079 1143 1237 1398 1501 1579 1737 2063 2691 2739 3236 75.320673 15.715198 -16.573746 -22.066037 -34.197254 -68.212276 -52.009363 -24.144608 -94.661395 70.707883 -17.474810 -96.795477 -62.267422 
6 278 567 587 914 2935 3345 89.793539 -26.265381 -9.546183 62.462687 -79.285754 -9.668819 
5 110 307 624 838 2021 73.047676 55.735563 72.803738 -32.396284 0.868903 
8 1542 1847 2184 2312 2462 2925 3132 3220 -82.188771 51.035069 92.821012 -48.852198 53.941987 -64.575471 -44.870088 24.002900 
9 64 737 756 936 1587 1681 2848 2947 3295 -37.040113 28.536487 70.625012 -35.268495 -46.897718 49.441192 -80.081312 25.718753 22.521762 
5 1703 1839 2101 2398 2449 -6.227936 -53.962060 -51.596132 -92.907813 60.605420 
2 48 153 -94.028840 93.521419 
6 790 1107 1382 2045 2564 3075 23.731137 -79.228474 72.171148 -71.019624 -10.059915 37.141641 
9 15 1255 1593 1944 1996 2089 3291 3330 3439 42.947662 75.445475 9.406638 86.775881 -47.257916 -53.663429 -54.334341 67.930943 -98.627304 
7 1102 1640 2094 2209 2827 2846 3405 20.734779 -0.766180 -36.421160 33.550554 -4.697534 -30.803709 11.248090 
7 7 690 848 1640 1859 2135 2952 33.831629 -41.566022 -12.564863 -94.917709 35.295037 49.511813 77.728708 
6 233 1380 1381 1414 1552 1791 -9.960498 19.297394 -27.400990 65.786350 52.047949 -58.335947 
7 1469 1576 1578 1923 2259 2921 3118 -42.614147 96.737825 49.782575 4.816449 -54.596367 -55.474489 95.583782 
12 221 269 301 647 971 1214 1255 1388 1431 2213 2496 3166 -2.522834 38.222328 -70.729469 -11.113040 -92.547818 79.469089 78.002505 -23.829812 -91.256861 62.363056 -68.809406 -34.271453 
8 238 975 1014 1099 2057 2157 2179 3134 -60.741145 30.741073 28.497316 -13.862854 47.356344 97.143207 1.012006 -73.725002 
7 556 921 2026 2293 2743 2841 3304 -99.832475 13.973118 -98.465558 63.759906 -6.401105 -25.648489 -95.668706 
4 101 125 331 455 -86.238776 -5.242133 -61.199529 -46.419617 
8 1261 1810 1987 2704 2755 3020 3030 3211 -36.816663 2.799531 46.255138 -12.210815 65.034637 64.591321 70.749390 55.291188 
9 36 48 103 391 498 1137 2778 2786 3455 62.659856 -35.354791 2.340621 -54.444787 27.552701 90.609352 58.083682 -18.915120 93.097437 
4 738 1958 2482 3489 -53.566599 -38.291547 71.867445 -31.546169 
9 659 910 1904 2365 2538 2576 2579 2816 2984 15.283098 -52.422402 7.407455 56.815033 80.953027 -82.087257 -53.086083 3.517713 -38.350388 
4 566 1439 3022 3326 59.194998 -98.873361 -27.739238 -60.939861 
5 304 698 718 3050 3175 62.849919 62.273196 -68.264446 67.882477 -93.003735 
4 649 771 1424 2063 -82.495751 47.923623 -45.865167 66.126668 
7 459 1200 1366 1386 1673 1730 2662 -37.745281 -80.480608 -19.690624 -78.988617 -11.179408 -70.986667 73.254570 
10 1376 1724 1991 2425 2433 2551 2686 2759 2806 3100 -65.060755 -57.367232 -16.927835 -93.747342 55.599744 -27.583301 86.111742 30.443868 -92.845482 -30.898294 
5 256 982 1656 3075 3233 -78.198246 -16.588047 -92.163736 8.875365 -82.644274 
8 500 526 1592 2778 3017 3103 3166 3394 -75.014471 -21.173992 -75.957445 -58.643181 77.547170 -81.974305 -63.229521 -75.411801 
6 424 1570 1991 2198 2737 2909 61.908567 -65.932454 -86.696330 -38.937599 -0.788294 84.660327 
9 273 1379 1594 1662 1933 2036 2410 3292 3489 99.735690 81.797084 -62.347006 40.597625 67.199741 -58.071307 -72.420051 90.576343 -82.793140 
7 1033 1705 1789 1831 2685 2892 3154 96.315221 -59.611540 -47.590359 67.450629 97.507555 19.560735 90.716529 
6 1572 1639 1732 1927 2339 3111 37.073904 -22.819284 47.322476 57.517801 -85.308818 85.432073 
10 205 365 501 677 758 902 1055 2194 3192 3244 -99.420432 76.199782 -51.645832 -72.573444 -62.424270 33.554503 98.868236 93.297006 48.140236 -73.495558 
8 27 1364 1523 2586 2741 3022 3436 3459 -4.169452 62.616914 53.017862 -41.785013 -63.785670 88.665004 -38.887867 -42.854046 
5 180 245 675 2026 3342 63.254158 -75.990209 -1.091108 0.148594 -4.986488 
4 810 1206 1647 3200 84.883316 -7.324764 -18.869188 -43.959209 
9 170 438 552 1861 2325 2347 2434 3087 3255 6.760231 -79.130782 -38.558223 -8.287436 65.681759 -42.222309 95.100519 -0.979722 -24.350232 
4 222 391 2275 3205 87.721675 -33.054489 56.222708 13.577447 
6 572 884 973 2417 2689 3234 36.046565 76.723980 -10.756885 -96.548448 -43.728768 57.236929 
8 412 526 540 1175 1499 2168 2371 3245 75.126961 4.398893 48.225332 82.524421 65.119692 -58.112365 67.689098 -63.340315 
9 616 958 1005 1285 1904 2225 2297 2715 2753 -59.230030 85.969996 66.435011 97.314031 74.466057 2.304786 69.810627 42.652974 -94.896862 
4 776 1084 1550 1714 1.880604 -41.311127 -49.765748 -80.755303 
10 291 572 675 1330 1670 2037 2352 2632 2956 3184 34.845953 89.432023 -90.652368 -5.325115 87.555086 67.059763 -92.409310 -19.681243 -97.147109 23.615296 
4 576 1076 1167 1758 -84.049354 85.847611 -66.005330 -41.510016 
8 43 935 1188 1941 2036 3053 3309 3471 -62.026710 61.937453 22.269130 85.695048 -11.618916 -62.377351 -36.449665 -79.224196 
6 377 785 1476 2099 3144 3455 3.150307 39.419623 44.443457 -60.784520 38.108448 -63.445721 
5 82 1239 2776 3086 3394 52.489785 -30.391069 -10.701493 10.998965 9.056251 
7 110 175 286 320 629 1872 3218 -58.098438 62.954117 5.343825 12.239389 -66.294634 55.808601 63.719187 
10 181 267 324 590 833 1458 1829 2405 2554 3266 -21.063369 -61.650687 77.150836 81.225868 25.110432 -6.633840 94.360016 84.625013 94.099586 -3.557667 
6 443 942 1353 1802 2412 2780 -25.917786 84.412116 -78.463988 73.538765 78.737133 6.071874 
5 300 405 873 1691 2000 41.618905 64.661256 79.223598 -1.145145 -8.417496 
7 1490 1865 2290 2578 2888 3150 3242 -90.237332 68.526893 17.913836 79.744194 -99.936502 42.311790 88.796443 
10 75 87 187 299 414 550 1055 1477 2123 3183 46.130974 -94.917077 -23.034968 -96.580565 39.886736 91.108105 -46.937280 45.037225 27.772355 -57.987024 
4 1437 1816 2128 2327 -13.930922 71.816517 -98.430407 6.134139 
7 389 399 633 712 893 2274 2279 -65.229925 57.504033 -62.706379 48.128681 -57.223176 84.843320 56.052342 
6 901 1535 1787 2465 2924 3452 4.032230 -51.542892 95.007010 82.181632 -84.247349 84.044095 
9 505 847 1062 1093 1553 1839 1914 1927 2619 -31.485578 -95.448403 -77.185333 -69.068124 60.162752 -86.683569 77.769466 -99.349862 -72.208514 
5 334 427 855 1420 2055 -48.061445 10.671882 80.773187 50.263428 46.240558 
4 420 1683 2312 2835 5.514394 -91.210004 -24.871585 20.207573 
8 851 1394 1809 2408 2720 2930 3059 3260 51.146876 56.652091 13.962960 -10.388917 -96.196579 -9.350571 -14.352618 -21.198501 
5 1530 1889 1897 3320 3347 53.236356 19.149665 50.121618 13.846992 -22.647969 
8 558 1231 1607 2079 2433 2918 2936 3139 -86.801658 -38.651633 -29.367668 -19.635648 75.382956 -77.925965 -15.758692 91.118827 
10 1 217 681 1097 1353 1988 2595 2749 3270 3364 22.417943 -61.293969 -55.144147 86.142171 77.452076 20.434202 1.345424 -43.567134 -1.712991 42.254884 
6 6 220 1740 1903 2460 3465 -84.157963 -39.974361 89.072538 9.258227 23.589032 51.879771 
13 31 618 1067 1277 1343 1625 1750 2290 2304 2380 3032 3299 3457 -7.070683 -57.833351 -84.642731 23.765564 -11.310018 82.865462 -2.017040 -81.875787 -31.861593 13.579258 90.627165 -60.018834 38.221909 
10 93 931 1159 1615 1717 1727 2170 3036 3272 3480 35.239621 69.192867 -0.631352 -23.745303 -74.843658 44.421442 8.743400 -52.488534 50.798935 -62.989415 
10 192 391 984 1221 1735 1757 1871 2100 2213 3018 -81.661217 -9.584288 51.372101 -94.188696 -36.233427 -36.816359 27.462944 87.447288 -57.008995 91.983362 
4 340 854 1514 1553 -94.332393 -27.225028 -84.472267 -45.830209 
7 107 220 222 915 1481 2441 3051 10.016556 13.556201 -93.027215 0.224935 14.275426 44.705353 -48.057150 
9 265 536 709 1157 1264 1316 1532 2368 3151 86.144518 52.003595 34.747459 72.586320 -36.119839 93.238302 21.378113 79.415429 58.753986 
5 599 804 2056 2870 3422 -95.674628 43.460355 -60.484912 9.864332 -79.375984 
4 1738 1859 2207 3222 82.964660 -87.610218 -31.979703 -84.041379 
5 716 1253 1590 1658 2037 7.847487 -8.994386 2.670112 -80.824668 42.705692 
7 354 525 702 1008 1118 1826 2408 -97.789937 -23.287599 -23.434012 10.070670 87.016272 6.029563 -32.283797 
7 43 335 1072 2249 2503 2790 3445 3.222317 -40.591748 48.314133 67.914376 -84.747453 -53.143203 36.827685 
7 109 139 248 875 1169 1391 2063 -83.386740 41.636408 7.799222 -44.858621 56.168621 -69.363979 -16.985342 
7 400 643 700 1499 2338 2339 3323 40.218661 62.278395 -78.675995 -56.406795 67.495742 -43.599807 27.425795 
7 414 650 684 763 1748 3040 3289 -83.250075 -98.538875 12.703693 51.590897 15.655176 -70.808664 54.229900 
7 306 1066 2122 2211 2736 3093 3131 -58.620619 -71.110232 -69.316807 56.765464 81.717805 -43.843285 3.960914 
11 351 439 1166 1262 1458 1590 1721 2048 2625 2954 3265 -75.867267 7.751462 10.482545 -82.846284 69.574427 80.564593 66.649944 -46.632801 13.917668 92.747335 -81.077390 
7 30 165 550 626 2309 2520 2963 -37.064042 57.763515 -50.509701 29.382826 71.630308 29.553892 91.235754 
9 596 1146 1204 1229 1348 2559 2953 3285 3378 34.749275 -29.784390 88.519316 -43.701725 -35.312916 52.607093 69.271717 24.721193 84.810427 
3 491 1331 1581 70.573093 -90.441574 -77.805790 
9 840 1169 1316 2271 2344 2460 2713 2812 3403 19.061014 -31.736356 61.616261 -64.626193 -60.790351 41.113152 -97.132815 13.559853 -97.102573 
5 170 934 2027 2211 2801 74.248512 8.311094 -30.445264 -78.136185 -84.163414 
7 532 1681 1830 2403 2914 2957 3291 39.456751 19.874898 88.857881 83.649630 -11.339558 64.644075 -86.129652 
8 586 589 1392 1701 1848 2830 3346 3416 78.340959 80.610565 69.416768 -10.571057 -6.169424 13.652519 8.899441 51.293580 
4 777 2736 2925 3088 -71.413251 44.679920 0.426745 -31.279372 
5 320 1449 2429 2460 2716 -56.534463 92.061400 -80.928594 -45.428300 40.322418 
5 151 1269 2106 2940 3136 -58.616106 -95.467608 89.575260 -20.183186 93.589502 
8 294 1366 1531 1567 1849 2228 2963 3071 -2.260152 -23.101495 -2.284333 -93.073536 -59.289774 -66.806573 -44.967499 61.862375 
6 629 1707 1901 2052 2771 2916 -32.425307 56.896852 -54.235651 -25.445876 77.389135 55.168238 
5 177 829 1189 1853 1915 95.591297 17.244075 -31.445078 -32.577851 -83.280841 
7 296 678 1289 1953 2039 2429 3368 6.083903 18.185357 42.191032 -32.744256 -13.059138 -60.382662 -21.540718 
7 266 1439 2286 2989 3209 3299 3302 -63.656184 17.274410 -5.961974 -45.552224 37.850697 1.206133 -84.688814 
3 1948 2400 2630 -68.664976 -87.352008 4.380293 
2 1930 3451 -15.120306 -30.452289 
6 241 584 1689 1812 1952 2698 77.108208 16.039160 26.782319 -70.313581 -53.768254 -75.007076 
13 351 665 1006 1272 1331 1574 1735 1877 1918 2557 3115 3459 3483 12.805315 -40.531200 -61.171668 53.694724 -12.327738 -55.293321 84.569116 -16.487868 -52.757104 -49.446732 -43.347360 -51.834499 11.243842 
9 105 1200 2144 2166 2421 2598 3023 3279 3462 88.445898 68.031332 -23.123575 48.618060 -12.315893 -69.797615 9.794717 28.003031 60.477585 
2 1535 2205 98.183673 -89.209764 
11 66 263 404 913 1127 1271 1598 1925 2239 2254 2846 29.409882 -56.612531 -92.460576 -83.025853 42.550832 -16.879361 18.656802 86.957083 74.287830 -62.175671 34.193282 
5 876 1649 1899 3172 3339 31.272425 -46.211668 -26.688578 -71.315264 57.628430 
9 39 617 991 1627 1681 2303 2407 2787 3278 68.003036 -53.588435 5.944671 -51.654924 22.830919 46.541517 0.265612 83.235305 -74.778982 
9 176 649 1346 2040 2124 2357 2408 3321 3363 85.323539 -4.421660 87.635970 -0.020197 -73.944859 -59.111223 -27.734798 43.446636 25.983015 
5 1260 1281 1842 2187 2270 -71.146299 -48.517024 -60.777149 79.650392 -15.142546 
5 447 498 704 3324 3395 45.163968 23.390784 14.593527 94.044066 -33.792456 
5 10 2218 2549 2625 2738 59.711695 48.874669 -73.209080 94.392923 90.851140 
7 990 1187 1483 1922 1942 3104 3392 97.725163 73.783127 -23.098121 55.922793 -82.167270 11.905786 -24.637919 
6 93 181 742 1630 3240 3459 -49.335271 35.848536 45.715871 50.823701 -53.050977 -7.471749 
4 175 1230 1746 3181 -67.712013 8.828471 12.990164 -52.220220 
5 2403 2416 2434 3344 3422 45.522355 -64.878020 95.986887 -73.907228 34.846516 
4 538 973 2426 3344 50.191058 -60.703937 -85.080501 -14.058749 
6 82 779 1213 1322 1779 2777 -72.867822 -42.560096 -62.746141 84.321283 94.288287 -28.334720 
7 2146 2473 2567 3009 3269 3278 3375 -35.114346 90.964586 -43.626722 7.117971 -67.141877 -30.408424 -64.146638 
7 343 447 734 2242 2251 3127 3469 42.502451 -31.252988 46.670805 56.919258 -92.984007 11.945561 -52.734935 
6 70 551 1683 1848 2140 2803 48.633637 -7.337180 65.024222 -43.800078 65.733088 -29.191655 
5 876 892 1743 2708 3283 57.979712 58.884574 -35.228356 -33.235903 -72.793740 
3 1643 1885 2473 44.863457 61.540603 43.252948 
8 598 750 1082 1141 1700 1828 1989 2785 -66.310717 64.096763 -10.027450 -95.115086 -31.605716 65.210103 -10.504065 -42.859164 
11 775 1147 1318 1841 1876 2131 2303 2583 2652 3052 3198 -10.880078 14.502078 21.599373 79.661809 35.144555 72.791535 57.356061 63.562969 31.267774 70.899731 23.525930 
9 612 931 1314 1509 1610 2190 2449 2494 2639 -2.105172 9.421948 2.321618 93.939160 26.487501 -86.714205 59.403171 22.163559 -40.947858 
6 474 871 1142 2065 2860 2915 32.360422 12.054191 82.882454 -58.254770 -34.541998 -37.877973 
4 1314 1910 3015 3234 59.954829 26.786320 99.494135 35.853164 
10 557 1120 1354 1474 1577 2304 2536 2860 3014 3036 -19.818836 15.766011 -8.074397 12.765328 -70.142873 10.149559 -10.036301 91.569584 99.087232 -3.670307 
8 119 296 1450 1499 2464 2762 3416 3471 -64.236734 -21.418544 31.254310 -45.097506 -97.430411 -10.349105 -58.148666 2.981701 
7 149 361 1487 2497 2521 2859 2876 50.246176 -67.169255 71.774251 6.345810 -62.418241 19.490771 11.374451 
7 92 322 920 1821 2182 3285 3416 6.687286 -22.274919 -7.618095 79.250065 -2.982956 60.503756 -81.800403 
9 213 902 1452 1955 1966 2220 2554 2904 3253 8.428023 -3.467046 94.240596 75.131038 -35.174677 -25.862550 -95.436776 74.642507 -87.188590 
5 887 2406 2489 2602 3078 -85.936300 87.356037 39.180629 11.937049 -65.716991 
6 370 1521 2475 2900 2909 3156 67.218960 13.335036 -66.778785 11.645582 -40.837153 -25.266536 
10 643 828 1193 1250 1331 1490 2118 2491 3271 3385 99.360633 -85.608690 -12.921906 99.917583 11.489917 17.321848 34.163256 -70.236020 53.358030 -75.172450 
7 521 948 1162 1438 2316 3014 3117 -6.734168 39.691902 52.659372 21.572025 -90.359336 -37.819097 46.733994 
11 246 1236 1335 1668 1835 2039 2134 2737 2873 2890 3215 -77.954940 -55.942275 31.181867 25.243639 72.568869 4.204359 30.163491 -10.023284 56.834114 66.954961 13.418276 
4 624 2147 2540 3075 64.015477 26.564534 -16.013812 -70.375311 
4 6 1101 2756 3252 -55.511992 -35.151208 -61.077557 49.655099 
3 659 1773 1956 30.431659 66.855597 93.253911 
3 280 1102 2275 -32.658724 -38.606581 5.966001 
8 46 111 240 398 457 1104 1392 1623 -44.081270 -49.725372 -66.602927 89.100452 -87.523133 21.460057 -97.538769 -58.232112 
3 2376 2528 3202 45.832719 36.954357 -44.512742 
14 0 61 170 471 1011 1172 1225 1270 1319 1923 1933 2135 2442 2918 -74.247637 -93.830694 -82.178652 -41.741829 -7.128123 -65.586570 65.585564 71.665510 -49.345771 65.872734 -61.554753 -47.024187 -53.105933 73.815902 
5 213 227 735 1444 3135 -61.830900 21.581901 18.404016 80.335326 1.160546 
5 549 1074 1113 2599 2636 60.530277 3.832572 -52.739780 22.282325 57.414266 
7 292 536 900 920 1793 2325 3420 82.403413 -82.923263 12.175129 31.853340 -9.526253 17.603736 -93.352999 
6 104 904 1195 1324 1706 2672 -37.424702 -31.772952 9.395686 81.776477 29.962157 82.797597 
3 358 1607 1803 -2.456958 14.829218 -73.402577 
3 3039 3080 3334 63.217275 -68.460767 -98.837109 
4 478 1318 2390 2875 75.007983 14.411033 -56.043099 89.057595 
9 978 1074 1383 1960 1978 2442 2562 2627 3330 47.491757 40.253687 48.770965 -58.362506 41.207159 30.419949 15.584367 50.951399 -89.984825 
9 431 865 994 1566 2115 2459 2534 3088 3257 -90.678669 96.948961 72.224437 -32.971473 22.648131 -64.319313 -83.405231 -69.498243 25.670202 
5 709 750 851 2248 2647 23.625677 -11.614419 93.114687 -55.411076 -77.322741 
6 22 1073 1239 1914 2096 3289 -48.605326 -0.174633 -16.982543 1.254848 47.369627 -3.404973 
10 396 880 1566 1820 2002 2288 2555 2692 2786 3445 30.960382 70.724340 83.543142 13.401888 47.729149 9.706290 -92.084174 15.444529 -39.374160 -20.329536 
6 308 1051 1061 1487 1900 2965 37.625154 -11.704501 7.407235 -85.519365 -19.104820 -70.400629 
5 769 1928 2168 2882 3114 4.614028 97.395180 30.828577 -16.414684 -77.845048 
5 1009 1154 1624 2073 2194 -0.299694 85.638094 53.645530 89.457532 -88.670734 
9 2 577 870 910 1015 1539 1922 2393 2610 51.357072 -72.558215 81.750372 45.689082 -70.302769 8.218133 90.115901 47.858386 51.165728 
5 732 754 936 1520 2626 74.688041 94.266432 97.150087 -34.105327 -27.377948 
12 552 765 959 1106 1674 2102 2259 2331 2773 3038 3244 3254 -63.663928 35.289275 57.521949 29.381187 11.472599 -88.786202 21.553053 24.084117 -10.755042 -7.685491 51.221236 55.119968 
6 178 425 1222 1846 2037 2185 83.612963 7.761796 -38.481654 94.286697 1.877002 -96.535655 
5 1018 2407 2427 3159 3410 28.015606 56.418489 -60.779707 73.054156 -9.811318 
15 186 209 496 626 696 767 835 1154 1267 1421 1575 2242 2349 2970 3185 42.826695 87.747030 -75.316134 -54.966761 60.560662 62.481894 -3.752802 5.929331 -49.800298 -86.975004 -28.873768 -69.173590 -83.647099 -82.432791 -53.306373 
10 476 506 811 1081 1351 1642 1648 1916 2755 2877 -23.866742 50.154386 9.666577 -15.112116 90.969575 -41.944492 49.319269 73.391346 -39.550789 -92.444861 
14 119 264 460 683 739 945 1393 1394 1877 2159 2239 2633 3063 3155 56.810405 40.286694 -1.390723 -98.262879 -95.421512 -98.158785 -35.455156 -9.163667 -58.348902 42.397294 -14.640540 -66.946799 -53.597116 38.363158 
5 942 1286 1404 1693 3428 -76.135114 -29.565618 -98.740841 -13.146107 17.345431 
10 594 925 1213 1528 1549 1712 2362 2573 2583 2831 -31.713119 -5.903355 63.201313 43.732600 -94.155452 41.969957 99.664760 -38.288379 -80.167105 -6.273008 
8 331 364 1015 1819 1867 2482 2573 2697 -77.907579 -64.484107 82.908641 -54.073316 28.863269 0.835223 70.149426 93.372025 
8 408 702 1035 1076 1234 1453 2172 2754 -38.160250 80.444854 30.576311 78.613540 -93.898093 -83.989845 9.315550 -65.901939 
7 1225 2425 2699 2901 2926 2928 3341 -3.630378 14.689839 -91.928540 -29.982028 15.004107 21.134610 -98.078117 
4 268 721 1433 3013 63.727730 41.863050 53.813346 87.362553 
6 21 427 926 2522 2546 2555 20.776151 -78.439823 -53.395969 70.381324 -0.008482 -17.151471 
4 1019 1340 1667 2662 86.360398 76.907669 84.436447 6.060612 
7 553 947 1371 1641 2352 2584 2698 0.794935 28.555768 -29.382084 43.564078 81.236710 45.120794 -22.741257 
7 49 1578 1825 1955 2062 2499 3020 -44.338277 72.914807 -65.498997 99.421751 96.731584 15.708880 94.410034 
11 178 253 1136 1470 1634 1678 2305 2523 2557 2755 3460 24.975722 -80.448791 -53.993292 48.277755 25.555909 -11.386691 -31.381200 -86.754940 13.693545 -57.739912 -82.400932 
7 330 1123 1752 2053 2356 2454 2516 -71.371556 -45.186409 -70.705630 96.266066 32.974921 76.010430 60.505877 
4 193 577 934 2599 70.349987 -85.308418 -0.627743 1.624206 
5 1349 1390 1715 2661 3055 -48.666689 -1.008975 -68.291875 38.426997 -68.644037 
4 214 2480 2677 3057 -72.124204 38.426085 47.629535 14.781032 
10 840 1327 1652 1956 2383 2781 2793 2806 2979 3419 3.564266 12.398452 -65.666858 78.119903 -17.151552 39.910791 83.269104 -4.184747 34.109844 -45.189085 
6 140 1354 1403 2138 2756 2955 -32.982643 -78.352556 15.769192 91.414860 -70.342768 54.624816 
7 420 830 1280 1441 2007 2594 2748 -81.055505 -84.562770 94.454710 82.733554 -6.121109 -98.375871 -23.818099 
6 217 2548 2609 2703 2922 3169 -90.170231 88.110553 66.460844 4.052923 -46.359546 27.224591 
6 275 864 1244 1410 1506 3085 55.055886 21.898745 -21.777857 -57.617958 56.891001 77.753520 
4 305 1217 3216 3435 60.087495 82.793814 -63.565677 -59.053876 
12 445 688 1295 1407 1459 1533 2086 2088 2099 2251 2378 2914 38.823303 3.661807 -95.595363 21.317546 71.306386 -79.828053 19.340660 84.438380 -10.917973 3.710942 71.017942 -62.656726 
7 45 2340 2415 2893 2929 3195 3419 -30.183948 64.403328 4.623429 51.897873 15.649340 -46.157664 24.730241 
11 48 564 1203 1307 1490 1773 1981 2160 2964 3034 3239 -46.529428 73.109052 72.910926 -23.181298 27.676627 -6.681575 87.784371 49.719098 71.351841 -1.544765 86.775402 
9 65 1046 1672 2028 2187 2621 2922 3237 3424 27.847156 -32.053545 47.750136 -89.418751 -84.602095 98.815811 61.667745 42.333473 85.021691 
5 83 579 2115 2448 2852 -59.405730 -43.615321 83.419083 -5.811735 21.622048 
2 2055 3499 -32.413348 -39.521161 
3 853 1831 2089 -2.568008 -0.272413 73.021828 
7 307 500 581 651 752 908 2858 53.386229 -93.734256 -69.524635 58.089478 20.058971 16.309080 -19.297606 
6 1436 2118 2142 2508 2882 3253 77.421429 -97.345063 -6.159484 33.187893 -85.300393 -87.242147 
15 96 528 613 838 891 955 994 1059 1332 1469 2325 2497 2625 2967 3345 -77.590194 -59.726570 -77.248537 48.949855 -19.714783 -17.710115 97.451389 58.846173 65.402844 -37.759239 40.351678 11.969372 -46.786934 15.099361 98.305085 
8 222 479 1201 1562 1727 1910 2824 3025 43.104277 -87.149551 -6.036627 -63.482679 15.548035 10.957491 69.765158 -64.303664 
7 379 791 810 2199 2562 2650 2911 28.005280 -49.241070 -72.558324 71.145924 96.964816 -11.925192 -21.444169 
4 364 1953 2284 2367 70.699500 -35.663229 -45.164748 6.477252 
5 696 1074 2928 2998 3410 -7.997535 -68.303312 13.542465 85.423229 -88.238042 
5 683 729 735 871 3463 61.157628 -68.645374 -78.690837 94.825909 -93.098976 
13 407 579 1092 1233 1391 1432 1480 1691 1750 2410 2701 3051 3159 -45.815157 61.905134 30.445322 -99.469973 71.072874 -33.908409 -79.637089 76.940456 -8.182236 30.183352 78.285818 -81.649552 -52.073265 
10 966 1730 1979 2382 2781 2862 2956 2976 3307 3482 -89.601794 -90.172622 94.559608 -63.417631 -63.101511 94.523878 59.907396 57.433719 93.056372 -30.754421 
12 229 730 1090 1763 1848 2073 2457 2598 3047 3064 3074 3356 -82.566029 -92.606406 38.691425 -43.392258 70.101259 -17.327034 -61.356583 -57.480222 74.926481 92.373632 -38.147791 -25.445190 
7 1164 1931 2340 2433 3013 3402 3412 38.949131 9.087474 -2.267588 77.814337 5.367701 84.863327 63.571153 
4 935 1049 1074 3192 66.201777 -62.507404 -66.635398 46.050898 
9 556 610 948 1106 1491 1934 2536 3003 3167 6.559261 -75.951910 -50.075940 -13.173157 19.386159 -30.698822 -33.392388 95.756399 -41.398451 
7 1176 2087 2107 2503 2522 2561 2977 -51.323403 76.964081 -7.269347 -27.774990 -52.517061 -51.216272 -18.268470 
6 380 1064 1475 1748 2787 3208 31.559824 -80.510082 -14.384208 74.604138 45.832669 -21.931469 
7 1262 1833 2142 3144 3252 3377 3492 61.127617 -25.385212 -94.613395 -59.062850 -11.287426 73.622608 40.812541 
6 235 586 822 2186 3065 3475 36.092948 31.174222 7.357689 -24.391396 -7.896169 95.132410 
6 524 1470 2489 2727 2919 3474 -53.328504 75.291033 9.489806 98.219271 99.104653 -49.741035 
13 34 67 493 766 1015 1204 1289 1325 1785 2063 2638 2821 3475 29.118087 -79.783399 76.562700 78.133522 -69.452959 -31.794502 5.013001 -38.209239 -13.001509 72.316461 30.804930 -48.966755 -93.273933 
8 94 624 738 1090 1096 1873 2541 3482 65.590265 3.893239 90.000586 14.958890 97.802357 -72.439422 34.776442 62.004001 
6 167 252 665 1072 2222 2908 -53.489139 -43.637799 -42.938081 19.259757 73.338851 -2.756584 
9 781 1155 1378 1438 1591 1751 1882 3081 3116 -10.695130 -54.119004 -40.229895 -80.148469 36.871980 49.303850 85.761880 62.429066 -52.586657 
8 192 380 562 696 1317 1655 2868 3484 8.897912 -6.050515 -65.013350 -52.640801 53.433230 23.820586 -85.413959 -54.408228 
9 134 257 347 453 670 792 1002 2562 3397 32.096847 7.849272 81.920904 18.954117 90.581850 7.361125 -13.465983 13.107824 -87.312796 
11 12 396 528 692 1215 1539 2343 2395 2740 3389 3488 70.871425 76.302622 -5.794937 -37.191279 -65.052713 -80.950224 -99.345994 -69.725711 85.927464 -81.274039 96.015185 
8 256 373 1042 1415 1446 1874 2425 2520 50.815224 61.766842 -78.642165 79.560896 83.470493 73.555206 -65.437888 26.310083 
7 1 430 1184 1224 1454 1824 2784 31.498057 -16.583395 91.054063 90.926772 10.318123 -28.729337 87.122551 
8 87 256 678 1165 1771 1808 2345 3180 -93.077962 -42.739257 -77.797649 39.102764 63.532982 -12.933680 17.210245 -91.085643 
8 65 270 829 1243 1391 1413 2106 2391 -89.516681 -69.321682 -13.218756 91.254299 -2.389980 -87.323533 -66.176755 -93.825433 
7 179 208 316 1714 3066 3212 3268 -26.676635 -38.640164 -72.112036 -98.972384 -91.889605 29.897066 -89.388413 
9 326 397 850 1182 1466 1891 2150 3281 3301 59.679316 97.640427 -62.257969 27.804777 82.978837 60.099626 -31.740339 -4.095201 -28.796793 
6 250 915 1802 2906 3096 3347 -57.615412 16.922355 73.215494 63.569262 43.612596 -22.769135 
5 473 783 1319 2906 3078 30.821447 -68.223438 78.321062 53.451963 -36.391937 
14 81 218 406 803 1147 1403 1443 1468 1626 1670 1956 2375 2858 2978 23.286037 51.642831 -75.555641 51.259759 -68.084572 -48.059076 45.235352 -70.916844 47.871685 -45.646634 -41.149489 -95.162041 -14.052447 -98.174286 
6 296 537 892 1095 2611 3105 92.677467 -27.634522 5.627267 -57.464855 -95.335999 -39.534112 
4 420 551 1085 2737 -49.230469 -73.238873 -78.683510 -10.096116 
4 363 1425 1807 2829 -88.320714 -81.776321 86.087853 33.237467 
6 164 437 2111 2244 3153 3363 -48.860144 -57.691870 -14.367430 76.017760 -37.248434 -6.235697 
6 24 1261 2203 2355 3058 3473 -75.223014 93.763521 -66.851277 33.084636 83.512156 -42.224703 
10 24 164 173 1114 1117 1946 2144 3318 3445 3469 60.511138 -72.441341 -50.403922 -45.596930 -7.129856 -69.452800 53.690789 -34.256582 37.469147 -70.956558 
8 215 899 1468 1651 1690 2232 2280 3317 -62.639267 53.984454 -92.799591 9.344004 -36.827478 83.296932 -21.104874 19.310920 
8 984 1331 1975 2391 2632 3076 3137 3428 95.807662 -78.897043 84.395676 -78.776025 -82.450528 61.484124 96.096247 -50.310665 
5 515 955 1649 1761 3446 -7.562645 69.078936 42.436818 79.885423 -19.274538 
11 189 341 870 1284 1442 1680 2046 2836 3124 3147 3165 -65.626031 -71.844007 -21.336580 -5.803618 88.077795 94.044928 70.033642 -95.630722 -6.955328 24.003794 98.031218 
12 75 399 1082 1758 1969 2222 2290 2343 2527 2715 2764 2792 49.074484 -15.168229 -77.202598 25.261789 -75.283477 65.237167 34.755133 -38.689085 -20.611605 -97.167515 -97.354866 65.054429 
9 7 321 915 1045 1301 1356 2071 3009 3483 -19.322280 18.791872 21.717927 27.356705 50.666877 -3.692542 -71.421459 53.349837 -25.195725 
10 98 739 747 1096 1345 1895 1937 2098 2917 2975 -86.969123 -80.282725 -64.692727 69.529678 -21.016576 -73.000717 -16.277481 65.115832 -14.436065 -1.431954 
7 272 737 1021 1697 2224 3345 3346 76.008014 77.865883 0.176118 -7.299366 -4.250960 7.892184 -52.018935 
3 229 686 1903 -25.693352 7.609111 -71.595213 
9 241 721 1500 2151 2432 2935 2968 3238 3276 -68.341363 -77.180706 99.517097 -62.350169 -71.399827 -94.685373 -67.255173 -79.785069 -8.697344 
9 191 266 498 664 775 881 907 3127 3470 -83.249417 35.728428 -70.630750 80.667786 -92.063374 20.117077 91.707666 99.854079 46.345633 
8 719 1245 1262 1333 1415 2352 2728 2950 -79.154029 -18.032919 18.777263 46.869939 18.874704 -27.304245 -58.791218 82.727428 
5 422 574 700 2247 3387 64.781870 59.987092 67.683059 86.049438 -6.451279 
13 138 180 244 349 830 1635 1684 1869 2306 2397 2492 2865 2890 68.617906 -99.381052 23.099322 -32.760715 83.726294 -76.891868 -20.627987 -42.323060 -59.613718 -75.620228 27.776730 -55.319195 -12.277218 
5 407 896 1547 1553 1616 40.139747 -57.220508 -73.276224 11.365814 96.121785 
11 245 473 568 1107 1763 1974 2032 2044 2137 2574 3090 69.345643 -16.091051 -54.592194 15.402620 72.657742 -24.738007 -74.966239 -9.281893 -8.416655 79.983058 -14.799445 
13 110 315 425 518 587 687 882 1098 1486 1683 2290 2764 3118 10.883435 98.904568 97.164295 -26.497979 -57.077785 47.517690 0.261502 71.833280 -8.161361 -80.544374 -58.232275 -81.499652 96.671519 
9 244 808 940 966 1234 1745 2690 2800 3305 19.894422 -29.240133 -40.374289 -22.001069 -53.466621 66.986407 -64.613747 15.002934 89.545647 
7 67 680 1323 1610 2234 3269 3433 -12.552021 62.365045 99.682249 -66.724026 -72.697871 0.934834 -71.500885 
7 165 249 940 1831 1955 2026 2123 43.694616 94.038057 -57.291482 68.692953 98.711537 -67.938804 -72.695522 
6 98 1276 1312 2480 2824 3231 -30.612924 49.008267 -39.139319 45.295862 -97.031760 -26.505523 
10 335 487 508 1338 1355 1359 1378 2650 2680 3189 53.837983 -92.280133 33.607656 -35.685067 -39.188437 75.989077 83.177878 62.615176 16.247617 -69.349155 
7 190 376 760 797 1390 1490 2662 31.931745 -13.678185 -31.537191 84.400602 10.118599 14.605416 46.728603 
3 606 2245 3236 -82.701546 37.298006 92.142728 
9 1513 1849 2227 2349 2401 2414 3013 3091 3351 19.170302 -31.177793 -93.525938 32.546122 -47.842329 -16.610886 14.469498 56.743879 5.201643 
4 1434 1812 3340 3425 -83.232010 15.094356 -72.260544 -37.653586 
7 213 790 1246 1507 1560 2526 2615 -1.275585 -8.338304 -26.324721 -75.655234 -37.031158 60.166657 -38.146325 
7 615 1008 1192 1393 2142 2159 3031 37.696369 32.761939 -4.172013 -12.384434 86.210580 -28.734867 44.514616 
8 266 393 873 1270 1735 1857 3162 3319 -37.579826 -73.669261 -24.245832 -65.316865 -89.267203 94.519229 -1.800636 18.892113 
9 167 281 532 753 1401 1884 1889 2462 3210 -81.044507 11.765197 5.571959 -61.508736 -76.436734 88.432209 86.391078 98.231894 -98.817291 
11 413 1017 1032 1444 1829 2139 2617 2867 2872 3041 3239 -57.558154 24.648648 5.918384 -0.885961 -78.926370 39.105125 -83.465093 49.947117 28.569317 -93.042206 92.372167 
3 1053 1621 2348 9.477894 56.671846 93.940678 
9 111 687 956 1052 1343 1475 1879 2687 3406 -24.282309 80.902725 36.388508 34.957578 -1.390142 19.012053 31.150464 31.795063 78.098028 
8 42 136 730 1054 1557 1861 1922 2765 27.419021 -90.512641 -56.163902 -48.649909 -73.135061 44.492240 -60.527869 52.906468 
12 158 860 915 1047 1485 1579 1669 1827 1862 2606 2669 3336 -8.875311 -3.177599 -76.937725 4.824933 59.738095 41.079109 -54.193155 -50.203641 89.511221 -55.596548 -70.987102 -42.942531 
8 193 2083 2117 2128 2140 2979 3119 3489 -81.778193 -92.895671 -69.424391 -80.922650 11.646574 35.801329 -53.478634 53.004182 
14 118 167 382 1395 1531 1999 2094 2126 2438 2499 2556 2817 3013 3152 -51.857845 95.162963 69.333651 -24.079574 -73.090494 -16.672731 9.998566 35.137054 -25.215808 72.144363 -27.235784 -43.553202 -88.437268 -44.801649 
9 15 189 353 1375 1532 2610 2885 3177 3363 -88.093582 30.301739 32.346155 3.415671 -60.717543 -0.628390 17.559327 52.341307 -66.346711 
7 787 923 1694 1982 2312 2406 2933 -84.703750 -0.422515 -11.558930 -41.537260 33.954671 -15.651815 -3.491351 
7 35 83 410 1482 1916 2151 3435 -90.390794 -20.520297 -98.388524 10.705046 -65.691092 -97.045488 -96.598213 
9 128 386 1078 1449 1778 2274 2914 3364 3393 61.177731 -80.210800 -79.256775 -0.368699 -17.102323 -42.061338 -64.568642 -38.786441 82.622929 
9 806 1602 2290 2613 2773 3020 3025 3292 3367 11.411943 68.820073 -64.493033 46.621867 13.595494 -84.420309 90.658458 -46.953779 -98.753155 
6 518 1214 2263 2392 2638 3370 -47.414047 -75.496154 -72.142398 -33.958918 84.954736 86.154109 
8 61 418 906 954 1134 1761 2440 2933 14.575337 -62.516919 18.373315 86.450918 10.006229 -9.482188 56.486676 -98.126982 
6 615 1242 2064 2685 3361 3432 -33.296684 93.109020 31.184934 87.284834 99.695099 27.148874 
12 205 219 593 1105 1183 1486 2260 2927 2966 3092 3160 3457 23.494256 -16.535748 -63.223876 11.335285 35.854859 99.317370 80.720254 33.917786 -92.587370 -25.687386 -9.559166 -68.032001 
7 797 1560 1585 2066 2243 2941 3294 -23.469731 -41.728963 78.921522 -20.675666 -91.410561 -91.570800 -52.580549 
6 780 1508 1951 3225 3283 3359 64.494607 33.582008 45.750195 18.318844 -19.823866 60.601088 
5 49 68 2046 2065 2193 36.013410 -17.763153 2.341680 94.946483 66.349883 
7 69 413 658 1616 2153 2281 2939 91.747414 -37.530913 -94.996231 -89.277527 -88.268631 99.527840 92.567563 
7 772 1081 1341 2183 2466 2640 3186 -1.607103 6.719493 -86.747112 -13.895430 28.152122 -4.406537 -69.367070 
6 1232 1344 2029 2032 2103 2864 47.984738 41.206534 -85.916725 24.413529 -53.668289 6.182162 
11 90 276 885 1141 1568 1688 1922 2494 2758 2836 2962 53.240239 88.152644 53.653168 69.727496 -76.894959 76.876109 40.009732 -98.368270 60.768615 -77.930294 44.753999 
6 1498 1885 2236 2296 2370 3256 -76.305775 -28.462929 28.430831 -5.179590 93.078719 71.329196 
6 588 1292 1540 2140 2363 2378 87.812179 -76.452668 11.949885 98.491392 79.798399 -15.138096 
9 670 807 1346 1462 1469 1684 1709 2700 2794 -56.649164 -87.796024 79.669913 59.945023 7.190552 -66.728914 -82.205302 63.809809 53.684467 
10 332 388 1092 1311 1746 2210 2258 2845 2943 3341 -16.726500 36.522290 -17.179765 -88.045749 42.174202 26.032768 -13.126609 67.035815 -63.036595 83.650956 
6 77 128 271 2085 2410 2769 -81.251047 39.861622 -46.304342 16.610930 -3.159508 -33.328756 
9 854 866 917 997 2010 2096 2580 2948 2980 53.805003 -16.360791 -58.954761 18.859332 57.675938 -38.821945 71.438158 83.306390 -27.826364 
6 48 639 746 2079 2214 2987 89.974735 28.404301 59.098106 -43.802962 48.160912 53.693996 
6 474 1258 2091 2461 2822 3410 -55.846610 -68.460188 29.005044 -96.025099 -73.174668 -59.657333 
8 282 468 1286 1455 2599 2895 3014 3244 29.942366 13.501771 7.226823 -56.904914 -72.260065 -13.005924 63.812385 -6.923025 
8 777 993 1129 1214 1512 1890 2992 3075 -61.826305 -73.685569 -68.134258 58.989124 -81.540307 -23.513401 -27.672768 69.219846 
10 441 853 1053 1321 1641 1704 1803 2124 2156 3061 -93.516547 -73.202919 -46.532413 -78.963732 52.010564 -12.309450 58.946539 -21.502999 20.233223 0.883545 
10 1071 1158 1533 1800 1923 1931 2170 2293 2336 3264 -15.068226 47.084704 42.259441 66.539985 -98.050699 85.435097 -73.120389 28.537636 99.206119 -94.230396 
6 226 905 948 1654 2125 2856 -55.186883 -40.816974 83.201985 -80.961552 66.469975 -44.734061 
7 154 376 1043 1457 2093 2826 2886 -46.602066 77.642263 -35.878914 26.705256 49.923405 1.359913 -37.930577 
6 775 1608 1737 1764 2242 3357 -81.892825 -55.999598 77.911312 -51.505389 43.805877 81.966144 
8 785 1416 1826 1983 2113 2180 2574 2819 20.563619 82.774216 12.094365 -52.418260 -75.091891 -43.569370 -31.063781 -18.946732 
8 265 350 1189 1651 1944 2127 2685 2742 57.942407 61.406065 -44.046462 36.400812 76.691722 97.535428 23.597819 -84.138133 
14 48 134 571 696 1079 1452 1490 1693 2353 2365 2711 2944 3072 3388 -13.267878 -36.889457 94.617338 32.952996 70.454200 -24.941707 -84.949091 54.314728 -96.124383 31.112364 6.835190 46.403738 79.199012 24.917962 
7 1360 1510 2237 2260 2562 3150 3446 65.301291 91.049630 -88.698178 24.742959 18.842488 65.980398 -4.727907 
7 843 1873 2191 2521 2615 2970 3433 49.919601 -59.610451 -90.056101 65.673941 56.014091 -25.296469 35.711407 
10 566 1517 1630 1657 1718 2159 2479 2779 3323 3424 -83.756806 -37.114870 72.343761 -5.626369 -98.805274 -73.656377 -96.136335 -47.492668 71.083758 -71.772559 
7 573 624 832 1389 1612 2956 3331 -55.065368 -57.583398 -14.591858 70.839560 -58.128459 61.087616 -38.004516 
6 370 1316 1784 1793 3074 3283 -27.784447 -84.525255 71.885067 -84.656714 -64.451578 -74.509566 
6 457 1135 1777 1864 1915 2028 -87.448841 -4.142655 35.151299 90.436522 1.343611 -76.356315 
8 216 424 947 1914 2220 2510 2618 3438 39.584231 -10.418023 -29.993568 16.302337 -86.302838 -11.641876 -2.475605 40.681122 
8 122 166 1385 1655 1954 2201 2695 2747 -24.536299 57.615367 -23.335956 -0.492156 61.708394 2.922802 -24.015605 -28.475098 
4 1922 2501 3043 3127 15.266954 -7.141499 45.393630 10.256779 
11 888 1208 1392 1399 1580 1733 2007 2243 2894 3369 3401 -68.657374 -40.337768 -31.821251 59.884113 -53.687438 47.816383 -37.677638 23.340376 98.056174 5.201189 62.446628 
5 108 184 1151 1203 1679 -61.585812 31.000748 -68.974088 -31.649469 -83.397387 
4 50 1567 1886 2818 16.541025 -25.806706 78.033286 -97.911743 
3 801 1185 3021 48.404536 -20.288412 66.545471 
12 489 529 1321 1650 1945 2342 2518 2724 3000 3196 3231 3244 -16.472817 -11.046426 85.714903 3.461645 -53.899586 -9.424595 -45.715417 2.033771 62.353397 70.346929 -29.956954 -21.995749 
3 2538 2787 3456 47.767461 -50.704064 -26.006072 
5 1416 2235 2413 2664 2734 -60.562847 65.247650 50.028035 -5.971011 -73.379777 
5 84 1261 2352 2620 3100 45.319447 56.239589 0.529207 -99.406049 99.920584 
7 416 1182 1347 1416 2437 3035 3461 48.191753 9.033489 -8.780716 46.970091 -31.543467 46.871913 -61.766676 
10 682 1147 1882 2355 2370 2923 3016 3139 3267 3278 -36.865595 -9.812718 -98.316964 -66.617481 66.455661 2.593944 39.931598 -1.462164 -22.771766 -8.742369 
11 106 489 992 1047 1307 1714 1943 2053 2089 3142 3423 1.240326 -48.328289 75.088333 22.431395 -87.298922 3.463390 62.762625 77.362123 67.187045 -26.275891 -98.972462 
8 474 828 1055 1228 1498 1750 2629 3059 3.979716 -55.928953 8.552853 -67.837040 -73.662955 -17.810580 -93.452358 -71.201604 
5 436 593 1645 1725 3283 17.547354 81.078232 -27.981432 -66.056008 88.981545 
15 12 244 696 730 1421 1572 1592 1758 1860 2319 2529 2780 2961 3475 3489 32.880470 59.374184 25.747809 59.766048 -28.464145 23.226099 99.014709 17.666149 -91.774882 40.384562 21.125957 62.066639 -67.688048 -22.668854 66.512982 
7 199 267 359 1169 2430 2736 2986 -96.315050 -24.772617 78.090152 -48.724754 70.292179 36.576131 1.505486 
7 297 540 1268 1338 2047 2977 3142 -58.699742 24.143478 95.083506 87.903476 87.892886 -63.770652 -47.742640 
9 200 686 1208 1481 1482 1674 1797 2847 2885 63.914182 36.906250 -91.369445 14.698116 -10.353564 16.495444 51.129471 -30.510535 -19.733273 
5 100 1053 1813 2288 2945 37.324326 24.618770 19.174189 -55.806582 -74.150473 
12 139 222 527 1454 1546 1550 1652 1760 1927 2954 3264 3374 -64.172037 95.164232 -65.085291 -6.555889 6.500227 -24.218196 -80.916497 -85.716250 68.583023 5.076577 -54.207382 43.959607 
3 471 1807 2536 2.577087 14.098297 -98.035297 
6 555 756 1307 1485 2419 2928 -70.876811 22.170944 39.482382 47.945629 -77.841960 -15.824323 
8 122 133 1011 1712 1891 1979 2128 3400 -52.785758 33.271314 78.949534 60.617195 78.612925 -0.325339 96.768408 40.149236 
5 112 429 773 2675 2903 -17.313128 62.321632 81.544220 -80.505997 -54.060054 
11 85 606 1381 1468 1777 2140 2609 2979 3103 3112 3378 55.886520 61.863939 -37.982833 40.196165 62.610890 -79.103882 -41.067350 -65.350113 45.841044 -7.833248 2.161172 
8 36 396 601 1417 1677 2212 2583 3064 98.305322 -63.895810 91.801206 28.750879 -88.183330 -38.475247 47.758381 -92.831741 
5 628 686 1555 1597 1658 -94.348549 -32.195704 73.585185 54.563642 17.142268 
4 1794 1984 2639 2802 -87.612107 17.975825 89.114954 63.738516 
4 1183 1614 1844 2215 38.412170 0.729393 41.448320 -79.313408 
14 96 192 395 834 1032 1090 1365 1599 1917 2004 2077 2596 3105 3177 74.844972 -96.167663 -41.716319 -28.789211 19.345187 -65.204631 -4.001251 -42.325785 69.372354 69.532533 -97.904423 -59.134818 15.680121 27.923669 
8 108 373 474 813 1118 1553 2392 3230 -74.418920 -36.418182 58.728161 22.958074 8.646248 -2.665844 69.467663 85.402235 
2 288 1122 81.120121 73.410001 
10 361 611 659 880 1012 1052 1404 1852 2103 3107 -11.838296 99.037263 35.038056 22.816060 92.621403 -97.391415 -59.010656 -21.720802 -95.211018 86.642577 
10 1092 1887 1973 2039 2102 2441 2524 2738 3419 3477 16.939534 69.231801 13.825836 -44.585575 25.859148 39.206216 25.016098 26.822763 -82.082389 -58.853635 
12 274 426 1107 1207 1217 1316 1355 1544 1599 1827 2070 2911 44.978826 92.905623 -37.517352 27.376661 -37.039505 -31.509309 -80.101928 94.385563 -57.168250 -60.834870 59.124593 -56.398995 
6 313 1015 1755 2195 2365 2574 39.428397 -32.731545 40.240392 -80.356766 30.190217 -35.110861 
9 206 1866 2145 2384 2770 3236 3298 3303 3344 -43.870654 -96.179081 -15.903108 93.068179 -23.024655 87.336538 30.254681 -43.306941 8.631660 
6 152 1302 2908 3163 3232 3253 -83.849977 62.328783 -0.596790 48.602865 55.931654 29.894243 
9 24 957 1190 1248 1618 1903 1977 2934 3433 -56.320100 -85.613955 30.266459 -90.273667 52.913005 3.775944 -34.806286 -35.730370 32.680051 
10 244 260 313 604 925 1154 1192 2917 2928 2943 88.025219 49.779292 40.856351 53.032128 -51.507139 -25.015426 -13.325968 29.518235 1.122159 46.245338 
4 922 950 1635 3129 -41.101626 -93.274933 16.108260 82.386501 
10 608 622 959 976 1127 1461 1735 2281 2600 2968 51.130682 -68.640748 -76.470988 -0.069897 -80.762467 71.880588 48.533945 -76.103875 -8.876333 7.454178 
8 849 951 1513 1730 2197 2224 3127 3475 -43.643536 59.943502 -81.196388 -55.810279 19.484856 14.473722 23.363140 -82.987660 
2 1519 2160 68.223372 -51.997197 
15 170 285 652 817 873 1055 1320 1816 2040 2179 2229 2970 3048 3437 3467 -93.957568 38.094679 -7.874015 -54.819116 -12.621285 33.974799 82.842247 85.051488 9.036432 -21.351766 40.946561 76.219803 -48.508831 92.460973 -83.021140 
6 41 1938 2388 2596 2676 3445 84.814513 69.087139 70.735827 91.025724 -67.791996 -4.470411 
10 112 457 670 709 977 1189 2071 2193 2462 2960 -9.231340 -88.816921 3.304449 89.445525 87.617232 -58.040264 -16.966639 87.707474 21.734123 77.050319 
8 337 905 1416 1765 2676 2693 3202 3229 -87.259510 67.587801 -6.339058 81.877370 79.824074 -99.353945 78.445449 51.976449 
9 703 874 1344 2132 2436 2938 2971 3073 3449 -15.603682 -27.810264 71.011305 52.017401 35.982890 -70.035283 54.614840 -43.005553 25.547655 
11 349 407 425 1143 1295 2011 2071 2244 2380 3181 3206 2.159669 -35.047982 82.861537 45.816419 -55.424608 -78.590470 36.010932 -42.894297 85.678602 72.833459 34.655334 
7 336 510 621 1215 1374 2878 2889 51.008727 -75.483737 41.409877 -98.926766 87.875868 -8.954462 44.214164 
7 242 1612 2376 2385 2521 2713 2861 -90.135777 30.946114 89.281695 82.774225 26.157799 30.495174 32.231352 
2 843 939 22.345553 -17.220347 
10 173 292 448 703 1497 2411 2426 2507 2668 2680 4.841724 -73.357363 73.986476 -93.174441 -6.577574 49.447496 80.450666 33.120068 51.439789 -42.038322 
5 1434 1450 2363 2752 3442 -17.307709 -18.829017 -61.002244 76.522864 -71.265494 
5 1687 2317 2330 2672 2705 76.177659 -61.798856 19.797612 -27.210879 -29.466487 
7 788 946 1151 2110 2177 2551 3269 -54.138709 7.391750 -31.667618 -65.778670 46.275590 27.092068 92.970166 
8 534 910 1028 1105 1227 1618 2046 3254 10.463786 33.699839 -35.631265 60.808231 -51.077964 -38.553748 -69.162481 47.153312 
10 4 548 607 1080 1377 1594 2083 3161 3332 3392 13.249846 86.620590 -69.289353 -94.455930 89.452563 -38.388122 -0.910527 24.634524 -11.592477 4.971355 
5 378 878 969 1190 2694 -40.809827 -16.561499 -55.051780 13.158066 79.795552 
6 184 244 310 360 657 745 -81.314712 -61.061375 -43.682499 17.109950 75.859550 -27.035233 
10 502 704 707 1150 2095 2193 2299 2470 2678 3202 -73.595562 0.301920 -23.271592 62.499189 59.436612 25.871434 -94.600930 47.368746 -19.884634 81.442767 
7 382 1088 1122 1718 1743 2686 3416 -47.892820 41.412813 -87.607944 62.442717 33.721628 -4.591927 52.497301 
8 908 940 1155 1327 1653 1716 1770 2312 -62.402615 -57.878127 51.430250 11.939937 -86.372081 -38.113779 -67.706074 -24.736657 
3 335 803 2845 83.115176 83.553143 -25.970861 
10 64 378 634 1243 2167 2321 2479 2782 3147 3209 -62.473381 -48.640158 19.894215 -17.330139 -27.393568 3.278707 41.910890 16.360849 -35.534492 -99.889537 
8 393 394 1384 1932 1945 2028 3023 3124 50.242006 -91.061783 -45.982362 -35.636212 38.246475 6.627275 -21.573483 38.516888 
5 264 391 1726 2274 2415 79.355981 14.780818 -6.841445 74.633329 -65.319559 
7 938 1276 1796 1956 2312 2905 3093 -80.605722 4.296037 -32.078291 -92.278215 -64.937570 83.952623 83.677053 
10 643 700 849 905 1075 1177 2509 2627 2987 3203 32.408638 59.845916 -82.681759 53.724572 37.182753 -33.263696 -78.230711 -58.313284 -38.378292 86.446490 
6 312 1105 1574 2741 2771 3441 -20.247021 55.074220 -86.261834 16.482445 77.006607 20.883595 
8 303 737 1158 1320 1887 2341 3365 3424 -50.884174 -20.909367 43.349299 26.995269 64.944805 -86.388442 42.611145 23.731994 
7 535 1530 1954 2162 2641 2987 3383 -46.725555 -36.014082 8.110192 -62.843605 62.560543 20.332498 -87.068447 
3 2203 2699 2888 -4.821212 15.241025 -22.122060 
6 132 818 926 2531 2762 2772 60.727169 -95.395915 20.581232 -55.247422 35.795551 84.048945 
13 29 240 477 501 668 820 955 1249 2069 2279 3246 3281 3397 -31.110469 28.475323 -79.116959 -93.870822 99.378288 -25.635461 -16.788519 98.014202 49.702352 46.761948 -45.964675 49.066219 -36.120882 
10 142 463 2076 2402 2454 2802 2831 2953 3081 3422 87.200435 -81.726833 61.153899 66.766330 36.925907 -75.091518 94.922156 -47.071682 -18.694343 -73.992740 
3 24 1842 1991 -65.386478 38.505190 -72.771909 
7 700 953 1045 2428 2979 3109 3431 -35.397985 -48.464148 -57.854625 -82.883477 -7.025365 -62.569766 -12.159147 
8 329 797 1109 1122 1343 1955 2641 3135 62.879878 96.102949 66.180288 12.257916 -10.510600 -42.868121 -17.022653 5.222982 
9 640 862 976 1011 1597 2471 2683 3068 3363 -58.898860 -67.941499 3.606175 -85.257468 -83.143735 -68.177426 86.314490 3.310352 -97.904129 
8 258 676 1113 1411 2770 3149 3484 3487 97.136189 -52.275281 57.492779 -35.019699 -2.833628 -18.334621 -83.275228 84.807738 
11 564 954 1023 1187 1852 2078 2309 2857 2933 3085 3103 -40.886051 -93.059699 24.408109 -38.065557 -54.478119 -80.782953 28.178112 -47.555987 18.055553 86.528508 56.509431 
6 98 295 507 1607 2228 3467 -77.276504 -42.577991 92.136658 35.577852 92.159584 52.238219 
2 734 3406 -86.360848 -15.802538 
6 55 368 761 931 1968 2498 0.105872 -94.605627 -10.088761 -36.037263 9.323700 -49.276714 
9 609 686 1250 1263 2567 2813 3045 3132 3443 57.179617 -22.728535 -51.738203 37.753008 -35.063376 98.731312 26.900233 47.417108 -25.456861 
8 503 1211 1978 2852 2898 2950 3411 3480 -48.331366 70.923562 -33.739008 4.190042 94.606208 -16.463579 56.686425 -35.433460 
6 13 1586 2161 2545 2619 3366 -34.411447 -37.551334 -17.923255 -28.711418 12.579161 -15.216692 
4 750 1087 1198 2027 -0.320128 -26.622543 -47.778452 41.168198 
9 614 786 1648 1696 2161 3041 3052 3324 3408 -87.392011 -7.074139 -41.458818 -31.490649 88.244952 -70.412891 71.468847 89.412554 35.098694 
5 39 63 393 552 960 -84.876876 64.559364 -53.156941 91.868147 14.978148 
9 1073 1579 1670 1682 2186 2804 3394 3401 3418 -56.711991 45.441252 -72.766520 67.181233 -77.465074 -90.162521 81.540561 46.607604 -95.069243 
7 484 1270 1704 1864 2310 2404 3047 -31.133426 -51.414311 -80.531659 7.555654 -71.894583 -20.511549 -52.523337 
6 971 1095 1807 2291 2344 2499 94.116351 -40.221228 77.212812 66.051829 -78.119152 55.156548 
9 892 1290 1452 1542 2334 2361 3205 3257 3372 13.376564 -59.203240 37.233859 55.303967 -82.214268 -98.861092 -22.625904 54.096380 5.547208 
11 809 911 952 1008 1356 1436 1696 2575 2987 3062 3089 -36.096183 -54.969035 81.726095 -82.174008 73.607778 -12.046111 27.003119 19.833064 14.353985 19.151863 -66.303048 
9 555 1203 1752 1919 2395 2833 3115 3141 3320 -66.848187 -20.457682 7.789967 34.324680 -33.417539 -4.761761 -5.372840 37.868290 -22.193744 
12 480 511 606 807 1034 1089 1747 2038 2235 2716 2847 2994 -17.701919 -64.950866 78.783031 35.397573 -15.117885 -60.839133 -55.628294 31.190826 -35.701892 40.473283 34.139492 -29.119567 
3 412 554 788 -28.168560 47.133032 0.136282 
12 117 154 549 569 1567 2053 2223 2265 2465 3072 3289 3371 -53.870489 -24.178413 95.693558 -77.743501 90.478612 0.855994 24.879161 1.840455 -18.635606 48.170268 -73.035066 59.240611 
6 973 1494 1499 2690 3215 3362 93.201361 -53.019649 -95.252170 -53.692771 17.406125 -45.803642 
9 788 973 999 1200 1420 2019 2191 3054 3068 40.160138 -72.824109 -39.541712 -62.591138 -59.428843 -73.084973 8.745706 -54.829180 32.433920 
5 135 805 1048 1414 2036 65.297306 -52.591110 -83.718955 70.652962 -47.496819 
6 712 1359 1583 2037 3237 3253 41.960313 13.578277 -46.624363 78.396078 92.476883 20.447247 
7 652 1149 1699 2012 2367 2772 3165 -26.678225 22.236072 23.454288 28.199673 47.953513 -41.128109 64.972426 
7 260 779 1339 1513 1784 1960 2888 94.017303 35.566363 10.801857 -96.281077 -69.812153 -89.191833 50.886136 
5 429 2385 2782 2866 3314 -19.097320 -36.661879 -34.105508 -54.056641 40.551192 
6 682 909 1402 1944 2938 3012 -73.899995 -36.622690 -71.701403 -66.336961 70.592551 -3.113894 
9 144 272 494 1145 2231 2294 2378 2877 3040 -41.907094 -88.800210 -43.598076 -32.853213 -36.176217 -55.346821 -45.187764 44.597577 86.655075 
8 1071 1543 1910 2254 2414 2797 3020 3481 -93.211563 62.541629 -89.265160 31.911003 95.924021 14.114908 31.254556 39.682529 
8 152 677 1326 3050 3360 3396 3429 3432 -56.078495 57.280153 33.637223 -58.165977 -3.451616 88.205394 -68.350722 43.934563 
11 436 501 1157 2109 2241 2508 2528 2675 3153 3353 3445 37.270269 41.167744 -27.665636 39.334893 64.573621 -6.280798 -21.586475 -96.829534 20.974908 -0.140030 -73.124174 
2 249 916 -96.314287 -98.005897 
11 145 185 434 1909 1929 2046 2332 2614 2695 2832 3115 6.764942 46.000711 67.236325 94.730438 -20.363321 61.603573 -8.899117 -69.761509 -64.244384 -76.744806 -25.637508 
5 868 1031 1119 1945 2794 59.184221 -38.240025 -1.198129 -72.159392 39.232779 
9 53 459 506 772 1407 1917 2228 2685 2802 -5.828684 36.316650 -2.750166 -45.214056 63.097429 -55.269684 -96.070753 53.146360 -51.681623 
5 283 1306 2595 2597 3422 -44.163285 -97.085048 67.154366 -80.480975 85.100311 
8 1253 1329 1489 2718 3131 3137 3175 3230 50.319057 35.213898 20.124372 -84.509353 59.812540 55.171597 38.237492 17.576275 
10 111 862 885 1468 1563 1919 2382 2686 2718 3040 -15.563886 13.935444 13.190957 -93.713210 37.675979 59.661094 -76.942538 53.893453 -65.676315 -97.363977 
11 216 568 650 783 1470 1578 1843 2105 3188 3269 3309 -60.946570 -77.316671 -87.204080 -74.798750 -56.383751 -33.751961 37.537559 -36.384007 -17.051050 -99.520949 -44.971580 
7 696 1139 1716 2059 2187 2591 2915 -11.935336 -25.566466 -98.469669 2.044158 0.639431 64.935791 19.711688 
7 346 886 1444 1983 2107 2588 3333 32.967461 -38.278012 73.944768 -15.505976 -38.300473 51.863601 -94.982644 
5 971 1232 1464 1619 3032 26.199900 -34.266014 -77.519786 82.037568 -40.456791 
6 444 1987 2022 2156 2825 3338 13.804400 -62.373539 49.078000 33.213556 76.028222 -39.454779 
10 104 905 1092 1142 1499 1832 1856 2204 2277 3366 36.489337 10.168216 63.549994 -44.065058 39.984712 5.806532 98.079160 -37.722775 57.792998 22.020148 
8 213 240 275 1090 1638 2378 2550 2707 25.075038 21.657865 12.132796 -54.156639 76.018052 44.889689 -17.353370 63.675416 
5 234 1990 2614 2884 3413 -93.432319 -87.005842 45.966088 -58.053727 -10.853494 
12 366 687 835 908 1091 1611 1982 2580 2758 2842 2955 3120 -23.796021 71.913587 50.189437 40.958432 -49.708911 -74.437315 16.279365 -67.500362 49.010228 87.644608 92.938962 35.905515 
9 385 730 812 897 1130 1449 2410 2499 3310 19.103144 -60.019963 -81.711991 78.203688 99.220832 -38.504742 -32.806269 69.903711 -36.805364 
8 41 448 714 872 1325 1452 2253 2639 -88.813167 58.244817 95.874270 -18.691298 -93.239307 19.957726 29.046937 20.441252 
9 223 328 362 497 1536 2144 2231 2391 3108 -46.704123 -14.749280 -88.890913 -24.589608 -67.984527 -63.789595 28.190131 98.033275 8.247184 
4 165 1273 1478 3210 -24.514813 78.493733 82.238022 9.604272 
7 185 942 997 1471 2304 2522 3225 59.030294 67.090523 80.029495 -55.480446 41.839193 -4.614072 -63.253234 
4 1001 1630 2146 2682 -98.464704 7.074719 -24.667858 -39.712562 
6 310 441 1065 1432 2457 2978 -67.352331 -60.723782 33.337631 71.692868 75.564095 42.527188 
4 88 538 3110 3169 13.627066 98.073317 44.423920 -55.135286 
9 95 128 653 745 845 1604 2001 2235 2287 -41.227810 42.363543 -6.637291 44.651941 92.019951 91.923219 47.156912 -17.894418 75.113018 
3 397 839 2681 -45.141277 47.909763 -73.343842 
8 618 758 1629 2038 2438 2580 3322 3442 0.099579 -46.504510 -2.804217 94.208565 -42.953680 65.242877 -88.304077 91.172114 
5 94 188 2475 3025 3291 24.601828 36.380685 98.482231 -74.332341 -35.243920 
6 127 1286 1369 1747 1851 2074 91.432093 52.890649 74.525997 45.368554 -93.909315 -77.917508 
8 594 687 1709 1924 2296 2560 2991 3420 -27.190008 -22.238567 -89.293970 -21.931813 71.306576 -51.475163 -30.378319 9.671292 
5 466 1043 2109 2389 3459 -24.054710 31.315838 -72.374789 -92.456953 -75.025885 
10 48 331 345 715 857 1403 2142 3084 3240 3440 52.357789 8.820924 85.788609 -71.169368 -41.764442 45.489414 2.056703 71.222183 -78.221714 -78.450758 
11 86 89 507 1012 1088 1170 1434 1640 2074 2470 2617 -2.861055 72.911039 -2.579214 -43.543398 -32.040484 -15.007554 41.078727 71.018515 -55.062420 79.681597 31.596191 
6 596 1118 1618 1925 2391 3232 92.485582 58.189830 21.062433 54.327388 69.281234 51.328973 
7 1035 1172 1786 1880 2000 2813 3395 -15.233433 14.502922 24.169376 4.742993 28.493837 -83.421664 92.302974 
8 106 333 1012 1242 1485 2072 2276 2396 -43.307024 20.270322 -53.556307 -25.115739 15.655421 -93.474997 12.895569 -13.148214 
9 652 755 1042 1081 1343 1432 1511 1889 2477 14.213484 -2.353881 28.126084 -88.584249 -75.461690 -99.642901 -2.982417 -22.736618 25.080702 
5 697 780 2396 2420 3280 29.504006 39.297606 9.135894 -3.387942 12.872063 
3 321 859 3151 76.717405 40.185624 -89.312540 
7 268 740 914 954 1281 3018 3083 79.900153 -51.959089 -47.101546 50.275885 -53.086168 51.972648 -58.569347 
4 324 1647 2327 2603 -42.441327 -36.099565 29.948837 10.494708 
9 1121 1170 1678 2279 2579 2591 2623 3406 3454 48.072697 40.316407 4.173878 81.853743 -48.023308 -94.577570 0.271919 -13.530964 24.661414 
10 36 72 548 686 828 878 1213 2686 2858 3298 -72.069572 88.362437 20.218734 -43.512303 -92.439746 -94.852351 4.143050 42.590084 -76.729281 95.693487 
7 595 901 958 1491 1890 2195 2454 -76.749745 -64.791611 77.923205 22.298569 75.926292 37.586260 -44.509302 
4 784 2986 3008 3441 -10.409465 50.378653 51.216172 46.413512 
5 361 490 652 3040 3315 76.527396 53.689955 94.812694 76.610384 -32.693884 
12 187 245 421 450 1006 1294 1571 1778 2041 2395 2580 2604 -84.036385 -38.757827 -99.998560 18.420468 -75.021762 -49.164810 1.678361 -0.816681 -74.877276 -46.133504 27.385408 -67.683096 
5 848 913 1478 1990 3284 -98.958382 14.861591 -94.795874 87.482010 67.627231 
7 470 669 680 1250 2042 2383 2504 -80.833999 77.665618 47.167737 9.848978 -94.791105 -15.773179 -76.928029 
5 1257 1683 2241 2527 2666 -6.190031 -26.341842 18.612867 75.345935 95.398247 
6 691 747 1557 2593 2804 2863 -47.314345 43.902132 52.249320 9.568099 53.644771 2.308094 
8 442 1095 1409 1782 1938 2097 3128 3372 46.337001 -95.349105 -92.611057 -56.431409 63.244214 17.335226 -85.693429 -91.625377 
5 145 1070 1419 1970 2472 -40.633677 -59.685864 40.178155 5.939540 -83.790602 
8 149 348 596 948 1135 1401 2221 2973 -51.106918 84.996552 -96.925638 -33.003281 -89.021873 -41.236426 4.358081 30.612091 
6 750 2102 2180 3236 3249 3482 -80.913402 54.689715 66.772955 21.751049 -52.388129 -19.879097 
3 111 192 1101 45.269966 -20.766016 49.027011 
9 328 698 768 1677 1718 1764 2628 2767 3295 -98.262187 -71.996952 -82.705636 -13.000855 -11.061665 19.905398 67.746686 -70.706960 -65.537030 
3 858 1733 2471 -15.476816 -55.069327 -51.318005 
13 174 530 579 582 627 660 680 873 1627 2226 2807 3197 3294 54.268003 -70.749790 19.829200 -71.474182 96.612099 -69.051486 6.873880 6.281866 -22.165396 -4.002086 -57.734041 23.531218 58.487378 
11 4 391 975 1820 1950 2361 2418 2527 2861 3283 3353 -42.073742 73.086297 -54.681313 75.951491 -87.559607 30.666371 -4.587941 95.589750 -93.043745 -5.513927 -45.632134 
4 1898 2110 3137 3466 0.010007 -52.338035 -66.715162 -58.567353 
8 508 1332 1973 2458 2537 2987 3280 3388 43.520924 -82.608191 58.920696 80.660188 -57.820658 18.981803 8.713806 -31.247271 
7 253 1117 1624 1724 2015 2462 2650 54.391391 81.261941 4.972666 -98.405467 52.534916 -83.109744 -78.321884 
9 287 567 884 947 1054 1213 3354 3445 3481 23.023426 -13.437078 36.504637 1.527062 31.448677 74.531220 -32.912754 -4.389658 -96.505427 
12 377 532 628 773 890 1037 1250 1564 1887 2864 2969 3183 -64.594003 -13.104756 5.899974 47.472614 -28.244885 -64.307644 12.454755 -36.360204 -53.051129 -84.325472 79.391893 -11.451702 
4 14 1378 2177 2290 68.873470 4.757024 76.842758 75.620967 
5 271 505 527 2479 2747 1.670418 -67.676656 -92.721034 -30.441539 6.176674 
9 451 899 1486 2095 2397 2491 2679 2854 2867 -45.501082 -2.961310 -41.066485 2.961124 -59.120776 96.210423 14.865404 43.343303 96.851187 
9 441 983 1351 1663 1691 1695 1784 2587 2985 77.866493 41.591181 -46.349022 98.697090 -96.637995 -0.901207 27.004127 97.755216 90.107662 
8 1260 1261 1620 2355 2357 2506 3011 3441 28.215581 76.251831 72.914178 37.325210 -75.606154 -3.180825 34.474133 -88.391648 
9 229 649 720 1611 1674 1873 2024 2124 2730 -18.782729 -98.271630 30.968288 -42.532141 -38.366606 26.003470 -13.689957 -12.165491 12.244165 
5 1129 2060 2213 2620 3043 4.864753 92.656918 -82.665193 -33.234242 37.648916 
6 911 976 1503 1643 2836 3478 77.176700 1.322661 59.261583 26.570305 -51.146533 92.570791 
2 442 1514 28.817546 -30.746557 
9 171 186 511 1213 1523 1819 2161 2390 2993 55.989123 88.127712 -44.088766 -11.369279 46.068077 84.598979 -68.446481 18.753048 12.911845 
12 645 673 816 835 846 1168 1245 1351 1529 1750 2350 3382 52.771126 73.715982 -26.355286 67.525632 -90.663555 2.160196 22.872825 -94.580840 82.511739 -21.012119 2.348776 -93.252682 
8 140 458 989 1128 1297 1457 1649 1781 -25.104735 9.188017 85.213789 -5.587711 42.914365 75.209483 -46.305772 -56.545904 
9 500 887 1442 1512 1880 1980 2598 2990 3138 80.875408 -84.042906 -48.155240 -57.004799 -67.321091 -90.092883 -58.408580 4.643348 68.424662 
6 246 443 651 918 2755 3368 -14.801405 -98.824050 75.739996 71.414450 19.296660 60.653386 
5 111 371 1004 1412 1496 -48.239959 30.217570 11.170353 -69.303964 -39.603673 
3 532 2528 3177 -11.791028 -78.783598 -58.448952 
4 142 520 1591 3246 -35.032409 -90.892500 33.120842 14.321399 
3 375 1143 2279 -81.133993 -27.389309 57.714347 
8 351 526 1309 1408 1903 2363 2491 2909 17.006125 -25.019089 -76.992499 -94.296243 70.097877 -15.993110 -56.994393 -56.216181 
8 343 888 1392 1393 1473 2189 2752 3401 -72.604778 -59.922774 1.778814 -84.463322 96.215155 78.144476 -49.927665 -81.886754 
6 445 962 1222 2362 2637 3383 28.873276 46.187711 -46.686566 7.149937 -38.094438 23.298532 
4 539 1461 2463 2750 87.589579 -71.256071 -75.300743 51.285348 
8 667 826 1022 1084 1559 1651 3049 3171 73.189715 56.435521 -93.611318 -33.778395 71.645553 53.436203 57.979451 -24.718896 
5 1593 2015 2528 2540 3491 23.584610 -59.024541 -80.149537 -99.850835 40.931402 
4 95 605 2468 2625 -59.879979 -7.021541 -89.813223 -16.692323 
5 76 1313 2667 2977 3288 -89.952430 53.623249 -26.198309 -28.159113 -21.687228 
8 42 90 230 1028 1150 1240 1560 2719 -55.727907 37.293144 52.209095 -54.418607 -35.684802 18.618764 11.124627 94.837565 
6 1923 2181 2681 2810 2974 3002 82.202353 -76.496200 26.934635 -40.339427 -94.736638 -34.654003 
7 73 189 307 2415 2707 3020 3062 8.905790 -97.891850 -49.133345 69.880306 -58.554402 44.748342 -67.953714 
6 309 2152 2852 3259 3329 3472 -89.007217 60.606130 -15.006192 68.786357 13.725885 -3.357448 
12 81 227 750 1023 1060 1226 1722 2216 2719 2807 3277 3319 -64.652339 -94.256548 99.018693 -83.139735 -3.599614 -92.314606 7.937202 14.925684 67.267198 -48.332109 58.449986 -3.367752 
4 1261 1353 1693 3398 91.493159 13.925611 -47.189629 -60.903337 
11 490 506 1243 1673 1775 1914 1982 2186 2545 2623 2658 -34.144377 35.796665 78.612019 -56.941593 48.269600 50.811022 -67.292340 -75.096118 -76.980829 -76.555517 -94.047186 
10 156 179 919 1544 1646 2061 2109 2973 3388 3486 69.431221 -59.188962 58.592842 -24.398393 -23.457056 23.095678 -7.225966 2.904816 -52.995639 -66.142877 
9 194 242 546 1615 1687 1981 2105 2247 3462 24.358062 99.983915 96.659141 81.836330 51.322080 -76.003738 48.186405 -85.456993 -3.540779 
13 229 255 478 493 588 754 901 911 1065 2319 2331 2972 3162 76.941220 -68.780533 -89.558453 -93.907616 -47.192507 -28.126986 -90.026049 -83.490821 -24.993397 79.274573 97.004224 1.693604 -68.853243 
6 416 482 483 1679 1982 2374 19.280309 -8.520668 18.199431 71.487306 -91.847705 93.324795 
9 240 495 761 1153 1444 1593 2009 2780 3284 -72.757845 27.547232 -1.557105 -20.896898 -27.593544 99.392855 -79.922044 -32.641200 85.714981 
7 853 1039 1303 1382 1672 2989 3291 56.885378 39.393126 -0.073263 -25.025355 -75.712906 -51.338387 -32.443505 
7 85 226 487 1214 1517 1844 2061 -17.892688 -47.263402 63.819924 30.302003 77.223366 -31.477854 16.095830 
7 2015 2554 2663 2953 3091 3140 3406 -18.090060 -66.910097 -55.244881 41.743214 -22.851938 63.970943 69.455069 
8 922 1068 1206 1672 2076 2604 2627 3474 -99.234695 -86.944586 -85.630647 -14.551147 31.056190 -69.480652 -65.913763 -68.517262 
7 793 801 2079 2110 2740 2800 3279 67.116467 -66.945296 36.329807 61.517642 81.590172 82.799371 62.127105 
9 453 572 1280 1403 1832 1967 2220 3223 3252 -73.138523 -3.076165 -93.976151 51.491311 -83.417361 93.847823 39.803030 -41.974510 -87.124435 
8 1178 1241 1281 1715 2120 2790 3261 3377 86.684463 77.412359 -55.312031 -36.151742 72.403594 -53.077778 -54.980325 56.215789 
7 307 969 1037 2210 2806 3028 3435 13.353037 -53.237088 39.781360 -9.000067 96.855183 -39.232379 78.089552 
9 66 1275 1854 2582 2594 2597 2905 3261 3338 -10.749167 90.476962 -23.936037 69.614957 -50.317786 -71.848123 -36.448341 38.949264 93.092725 
11 123 730 756 856 911 1270 1293 2013 2075 2604 2759 -6.770294 -5.744931 2.818483 14.302289 -9.965692 25.590326 92.834165 3.788062 52.822463 -98.911875 82.177759 
4 322 469 887 2521 -64.769053 -66.379109 -58.896875 24.537706 
6 166 1376 2133 2936 3118 3208 87.722565 98.109513 -29.630531 2.127553 92.658925 86.031243 
4 4 620 680 918 84.142114 -37.447653 -35.253888 13.010171 
7 293 1217 1308 1460 2494 3213 3387 48.956376 -94.348528 42.762795 74.943837 -13.248782 -92.227601 -41.898870 
5 301 743 952 1589 3083 -33.211539 -74.650150 14.000820 -9.413381 -47.225104 
8 222 935 1220 1319 3192 3231 3417 3461 -49.645221 24.076355 73.522825 -91.735564 64.992292 -43.848752 -20.871519 75.802588 
5 763 1027 1106 1128 1391 -74.614693 82.968123 89.098262 64.537653 -73.284997 
10 25 373 679 764 1225 1608 1796 2039 2485 3137 15.451964 21.091595 92.934759 99.458442 -39.855100 75.836737 78.903552 -61.692492 -53.642893 81.796526 
7 32 70 651 1690 1863 2535 3275 -61.140728 75.306088 -28.130670 -45.333883 -3.785227 -80.857966 37.188587 
8 36 85 215 1035 1273 1764 2501 2845 -54.071470 -59.708162 8.987810 99.700377 74.835122 -20.393181 17.177499 72.126491 
11 964 1308 1570 1759 1873 1968 2059 2342 2966 3032 3449 24.380173 28.563807 93.710330 -36.013387 -48.890156 -17.743853 -34.978653 23.298645 2.789957 2.398128 30.160539 
13 74 119 245 732 943 1338 1449 1636 2156 2864 3040 3156 3409 -25.663143 -70.702884 -61.289629 -16.596293 -64.007265 -83.223997 -15.511755 -49.864089 48.515468 56.617114 54.986264 -55.196700 -42.689911 
1 2706 22.943531 
9 145 1049 2359 2437 2464 2804 3208 3253 3447 -15.280593 4.073717 52.980649 26.428886 -95.912900 -55.561118 -88.041649 -9.986776 38.650931 
3 866 875 2208 16.267089 21.982200 22.436463 
6 1118 2051 2792 2847 3021 3215 -5.310132 47.295504 -8.127893 47.668252 -12.467240 75.628270 
5 181 812 1751 2277 3312 63.148068 -87.376901 90.543849 -36.408222 -77.558961 
6 183 479 1986 2103 2333 3341 3.186058 38.578221 -37.400545 -52.888099 85.218110 66.144736 
7 473 763 1792 2061 2402 2410 3386 -52.248933 -62.850775 66.087276 19.994771 67.847501 -97.620639 58.817265 
5 116 829 860 2210 2665 -65.869605 56.325635 18.757162 -38.977361 50.793724 
7 467 622 883 1758 2062 2350 2722 -7.712093 40.730920 44.729162 60.094377 -49.810200 60.824461 -93.090030 
4 247 1219 1709 3098 67.762594 90.679176 -16.556533 10.826114 
8 432 1184 1400 1608 1725 1886 2155 2301 -1.248239 25.969807 35.536477 -43.451645 30.503160 -5.550282 73.483770 -62.712849 
10 52 761 952 1101 1122 1336 2240 2510 2828 2948 61.072182 -51.424526 15.248899 82.002667 -95.046494 -22.730604 -62.967621 17.631603 -12.389127 12.329896 
10 119 442 1150 1796 2141 2163 2233 2584 2957 3016 -60.724640 -78.590412 -63.737538 50.383677 27.363603 73.161813 36.512080 57.802014 94.881564 32.967146 
4 265 2506 2716 3129 -30.773628 27.121003 -10.135385 -4.157024 
7 423 1473 2041 2163 2923 3188 3469 -43.866820 -72.758791 -50.264750 56.533327 -50.145631 20.619507 -99.522290 
5 133 287 636 1353 3454 86.253882 86.551426 -58.584438 -27.424823 -22.894461 
9 362 834 1071 1192 1232 2316 2827 3379 3414 -86.330857 -75.024478 -92.851799 -7.610284 -46.425538 80.063688 85.800681 15.986191 59.871191 
6 899 1001 1073 1081 3270 3402 -91.738377 46.574349 -66.291330 90.074549 72.974925 55.362617 
4 1022 1994 2684 3373 -62.895047 30.279039 -67.687072 18.973706 
10 782 783 796 893 1046 1176 1624 2098 2125 2341 -61.226012 61.630597 51.745012 -81.591788 -14.507125 18.690005 70.047554 -64.055997 15.010311 50.857192 
5 991 1080 1803 2141 3461 -39.045578 55.868601 -99.453472 -71.829802 -61.452474 
4 488 2179 2660 2899 90.922807 -45.284345 -4.880892 -83.792017 
6 364 516 1472 1546 1876 2092 4.251799 -28.560091 -26.424737 -19.468696 47.604226 13.734238 
5 612 1575 1844 1900 2231 4.334527 83.289613 -0.887066 26.639783 -26.725001 
5 227 681 803 2157 3295 -24.294310 39.108310 18.326331 22.969688 7.014455 
7 1325 2758 2913 2944 3076 3175 3398 -2.776783 58.626062 -76.333900 -69.423602 80.951688 67.944885 13.813293 
10 54 501 841 847 938 1587 1881 2388 2672 3499 87.490707 -3.454368 30.584215 49.614495 29.339754 4.138208 3.447204 -36.605522 61.126891 23.820095 
9 33 1099 1898 2137 2167 2250 2588 2810 3019 92.101138 10.773110 -87.685231 56.613756 -56.164621 24.454934 94.906898 -63.403244 50.727209 
3 1782 2434 2533 -97.846422 -10.246305 -34.668155 
10 385 547 843 2290 2664 3002 3138 3222 3349 3474 -87.814909 84.788248 -87.541000 -88.883174 -11.513880 -16.332112 -5.642917 -59.212172 -86.159652 -47.362315 
10 99 276 1357 1613 1615 1693 1968 1979 2144 2169 2.005219 -68.402147 43.971809 -10.738204 64.074945 71.387347 63.089439 -93.926115 -42.401213 -39.353975 
6 1219 1471 2001 2889 3095 3378 46.272822 -67.728705 22.873173 -61.276293 49.687577 -87.061412 
7 32 42 1152 1837 2444 2582 3019 19.476203 -96.751024 -98.977605 49.660327 11.985945 -40.706980 79.568718 
7 778 985 1280 1331 1650 2089 2191 12.512823 -16.974241 55.935021 27.982834 -71.867475 11.273000 5.932601 
6 188 756 1186 2248 2249 3319 41.065060 -96.631601 47.178089 28.754140 -98.746116 -98.650338 
5 599 940 1145 2854 3397 -27.463082 47.455156 -79.943854 12.565166 99.587490 
6 240 654 905 1160 1286 3193 68.466883 35.885832 -4.922385 98.692599 79.086080 -52.012153 
10 10 34 956 1005 1553 1723 1815 2243 2321 2913 -68.565976 -68.508118 50.085801 33.714247 38.271236 -36.871403 45.289408 -34.225815 25.003689 -34.222492 
7 435 1611 1627 2363 2385 2688 2787 -34.832782 39.607320 99.199488 -98.510715 -92.239862 -93.132322 97.106480 
6 507 798 1169 1224 3050 3195 -96.437512 -75.360358 -25.601248 -78.343903 -91.732559 -99.969630 
10 113 806 1769 2093 2349 2412 2690 2878 3043 3289 26.711622 82.254683 25.096988 57.744069 -78.941169 55.053665 -39.673992 -28.124340 21.020232 -57.407479 
10 168 423 540 565 1339 1486 2307 2456 2705 3354 -22.785651 -16.037101 -82.498489 -42.992012 -16.591023 -86.318411 50.824541 36.705121 27.580030 -42.164848 
7 120 532 1430 1477 1492 2199 2519 -35.209580 -1.580762 -20.294377 36.571478 35.802485 18.471701 -12.804480 
10 153 498 901 1144 1232 1770 1795 2463 2560 2726 80.743621 67.570212 43.915592 -56.709244 -24.623292 16.336987 -31.340995 45.500652 81.836224 -1.504143 
5 745 1165 2606 2842 3002 -90.327243 -25.847234 -64.144281 50.882667 -25.904064 
4 604 699 1036 2614 -68.426212 84.287140 -64.498444 89.645686 
10 724 935 1017 1136 1453 2185 2269 2559 3315 3367 -33.605866 79.472109 78.303008 -59.740010 86.572496 46.674771 13.135858 0.324568 77.620912 -48.739616 
3 921 1276 1698 80.402733 -85.755942 82.795128 
6 529 1110 1283 1730 2403 3475 46.991444 -18.054810 -27.245674 -36.528675 -48.023366 -55.245148 
11 186 443 2077 2104 2135 2215 2465 2509 2878 3258 3288 -9.952061 -31.918473 7.402427 -37.320496 -35.689353 80.980231 -13.350511 -51.444596 74.150595 15.084723 49.528113 
9 838 862 1216 1735 1736 1777 1855 2729 3293 11.326982 27.789724 -63.678917 -96.074266 -48.309141 -18.256289 18.653795 -28.995771 83.903760 
7 148 233 1499 1528 1839 2197 3373 77.989823 67.108470 -47.566827 64.065643 43.054077 75.751213 -62.224056 
9 247 324 433 1265 1348 2083 2260 2962 3481 81.034979 -47.605536 -90.622213 -4.241322 92.005157 5.940428 -92.918970 -5.541014 -89.531946 
5 1089 1807 2477 3076 3471 8.611566 -5.663862 31.435126 21.101652 3.265427 
11 12 216 803 1832 1924 2160 2258 2331 2394 3248 3424 84.118860 -88.727250 -48.207932 -53.010641 93.591257 -91.882771 -45.395649 36.134096 79.023725 7.369682 78.206319 
5 187 694 1585 2257 2624 -20.706431 43.879879 23.446731 -56.013976 -18.505830 
7 28 280 1225 1291 2094 3002 3273 89.831705 13.787270 -45.158900 64.173211 -75.642261 -7.772466 -44.136373 
8 607 1158 1199 1685 1952 2367 2494 3454 40.161853 -79.229844 54.157851 -98.026269 67.860973 46.346904 -29.007727 97.820755 
4 304 875 2940 3461 -11.276439 -98.838479 -84.251444 -54.664319 
14 145 468 640 1195 1369 1778 2121 2382 2610 2691 2986 3163 3378 3409 -44.178049 -45.862458 -91.221106 59.061757 25.254272 -21.771053 34.169304 28.525311 81.570486 83.515257 37.243286 -5.193223 -9.214382 71.623770 
6 180 285 711 1389 2747 2944 52.523536 62.621113 22.683906 -73.964466 -37.632369 70.884540 
8 249 299 559 1431 1530 1976 2248 3262 -86.586619 89.648591 5.585941 21.767619 -3.262098 14.566995 -39.086233 80.023847 
7 684 762 810 863 1128 1174 1367 5.394042 -69.792557 67.222149 -38.985236 52.292022 8.182430 -53.639353 
4 100 265 663 2718 -81.073192 -0.413301 -41.097070 -0.388194 
7 62 680 1139 2314 2698 2814 2973 -70.645847 74.494576 -73.074434 39.490029 34.781762 -31.322148 -53.514987 
13 198 1108 1785 1857 1971 2082 2221 2342 2446 2496 2707 2739 3213 72.919951 81.959066 74.059146 99.886682 -34.256672 -33.455251 -94.151022 -93.604222 -8.529889 -3.583860 76.984908 68.105511 -45.577042 
4 194 196 949 3013 34.672902 63.250046 99.381154 -79.508735 
3 651 699 2496 -51.273199 -45.095121 -98.218450 
9 280 668 831 933 1087 1644 1735 2280 3359 -57.507352 -83.660998 -85.883410 88.809494 -71.908775 -70.535435 76.703573 -71.100564 30.214276 
7 61 378 530 2767 3037 3217 3285 -95.637956 -25.966678 -95.090217 -39.988221 -43.197522 -70.385169 54.520864 
9 42 350 829 1366 1581 1872 1910 2186 2411 0.794669 57.304113 73.420566 60.112833 65.219415 -64.737104 -90.277097 -55.508737 9.939106 
8 286 758 1446 2045 2282 2697 3131 3338 -30.872534 36.729664 -8.743514 -89.385752 22.096405 77.744939 -80.007368 75.037598 
8 1224 1505 1731 2006 2346 2737 2852 3093 46.466929 -50.122047 -18.419818 -32.845695 70.359323 -85.862515 93.840883 -58.645811 
8 517 1037 1371 1542 1589 1808 2207 3084 -48.557633 -26.195417 -74.551612 31.114204 -76.118731 34.985729 91.604520 -89.418727 
6 84 2062 2210 2992 3144 3384 9.476103 92.468553 -57.444612 85.059969 -37.180634 -29.251467 
6 329 789 1063 1316 1562 2745 -72.736741 -62.471136 -59.103749 -73.830687 27.970837 28.471005 
6 91 795 1130 1299 3167 3440 71.180289 -52.259512 99.959958 -96.852933 7.375253 65.830309 
8 28 335 342 1519 1585 1990 2034 2838 47.421714 94.948359 33.910200 -47.626615 -25.248813 -19.568938 -86.190676 26.733470 
4 227 899 1099 3048 65.106503 -61.309326 22.445265 80.861316 
4 494 2208 2420 3295 -43.188901 -74.533006 -4.846168 -55.717537 
5 143 163 701 1978 2280 82.575577 80.883970 -1.398306 -26.609214 1.949756 
10 56 213 561 754 1882 1925 2285 2550 2792 2910 23.887394 92.151845 5.623581 -22.914745 70.322121 -29.839101 -77.503973 9.640670 -50.055163 -66.288519 
8 93 402 1557 1837 2222 2515 2861 3306 13.446658 66.382365 -88.024705 -98.559732 -8.692709 31.804124 9.387465 -20.683102 
4 356 561 858 2729 3.854528 -26.700178 -71.272490 23.648185 
5 444 917 973 1246 1757 1.546452 -73.469228 -13.630966 -73.008022 94.233967 
7 148 316 781 1019 1487 3205 3353 85.666235 -54.899928 -3.600490 26.720098 17.299033 -6.674301 38.947497 
4 1451 1786 1992 3044 -17.666629 58.927482 -33.634110 46.930795 
9 173 357 758 823 2218 2431 3341 3413 3441 -28.741343 26.823116 -6.096513 42.456285 -78.572366 76.739519 -18.793105 1.378671 25.536666 
6 333 398 819 1221 2720 3280 15.572593 47.162490 3.777747 24.636399 -95.645290 19.177173 
9 354 840 1084 1277 1282 1362 2530 2707 3389 45.062666 71.064243 1.784435 -92.901573 34.339216 96.160667 18.203768 -76.959331 86.634825 
6 93 174 676 1478 2073 2418 -7.756378 -36.151573 -12.677841 -68.922800 9.017274 -74.064440 
6 103 1075 1292 1668 2195 2979 -86.277350 -42.329009 35.098908 -6.121237 71.250845 43.374919 
7 452 574 1054 1274 1696 2618 3205 85.598982 -99.240548 -85.967271 -40.359356 71.198450 -74.588339 41.585010 
9 230 299 528 1172 1490 1563 2180 2227 3391 -85.162078 4.196513 10.090669 58.156084 44.755734 -27.835666 30.891326 -39.137851 -74.618229 
5 377 425 578 1090 3124 -88.707679 97.536630 58.174522 -58.184910 -4.467937 
4 1003 1203 2932 3173 -82.928266 -14.559133 -50.162341 4.703662 
5 441 469 503 2519 2584 22.864107 70.942373 66.636625 38.426158 76.738028 
9 604 775 1118 1203 1302 1575 1983 2037 3386 -62.362782 -4.405749 39.470233 4.148652 -68.043369 -35.297887 51.079848 1.820073 -14.561966 
8 272 760 1818 1927 1928 2304 2624 3337 96.875626 31.503044 -37.015666 90.206917 -30.270888 69.515758 -5.000777 17.727825 
8 21 450 559 733 1513 2632 3468 3484 -46.694298 -95.398241 -11.490228 13.611767 15.433429 -70.769924 4.193550 -79.368345 
4 679 1743 1798 2481 45.505403 28.111916 65.848072 -99.262965 
8 66 224 759 949 1510 1787 3246 3263 -79.747246 50.483022 -64.198565 -54.953208 77.327396 -74.892291 -78.394452 87.643532 
6 210 412 2284 2940 3134 3426 -2.131119 4.403250 26.740311 24.895226 49.931697 -29.374186 
7 542 745 2313 2489 3137 3138 3360 -10.281557 -59.799949 34.909020 -88.644371 -84.207524 58.985415 -19.586965 
11 421 576 826 862 1008 1752 2228 2621 3151 3205 3294 6.664415 93.972052 -40.839059 -30.014220 -10.524768 87.621179 32.530014 -86.590757 56.858732 30.572108 38.715126 
6 172 712 1213 1219 2828 3148 82.951929 72.209294 -57.180264 7.762110 -24.214591 94.490142 
9 707 723 1191 1299 1469 2174 3085 3103 3266 -95.218791 -60.387566 46.655576 98.922454 53.483954 -69.622150 46.219735 99.591079 56.359339 
13 193 785 1103 1343 1380 1389 1440 1786 2111 2112 2325 2538 3053 -70.395160 -67.813401 -52.279039 4.729708 35.958338 -81.453977 16.138202 51.755792 -32.869740 -74.181921 25.699212 43.187768 21.681028 
8 1199 1386 1632 1638 2368 2662 2765 2928 17.322832 83.021373 91.690802 -36.620425 4.763823 60.235891 -1.795116 -92.710410 
4 1961 2212 2383 3196 70.428024 -59.050533 -93.989904 63.987256 
4 1021 2138 2975 3043 22.512053 -78.024753 -43.795171 -84.845582 
10 56 283 540 1910 2389 2526 2799 3134 3346 3352 -5.074124 -94.732281 64.959102 -99.479008 5.340610 -42.524649 13.143176 -21.655519 -57.658611 75.876913 
3 37 1420 2440 -96.622376 19.531501 -97.896423 
9 189 202 668 867 1131 2269 2727 2790 3467 90.778027 -2.683956 -0.271295 22.656435 40.703397 -10.336852 8.513670 -66.528755 -52.706832 
8 229 266 1290 1343 2212 3204 3414 3467 -41.485048 91.905484 -53.741447 -79.730207 -49.734089 -9.018999 93.404527 18.107413 
5 214 587 739 1141 2479 -89.787143 68.193901 74.300556 1.765245 25.234718 
8 182 393 519 733 1392 1441 2409 3056 49.575318 15.852683 87.610416 -62.264058 96.409687 -78.224736 -70.393535 -86.049854 
4 590 2181 3216 3471 -66.336374 90.445692 9.946320 2.132738 
7 1069 1868 2047 2244 2493 2872 3108 -4.152726 -95.491248 -63.887698 -95.604666 -22.350297 55.067252 89.531835 
6 167 320 950 1223 1757 2513 -89.690620 -42.650703 -66.133983 71.040516 -75.030223 -36.672894 
7 42 714 1187 1684 2112 2133 2850 49.491542 -27.182409 49.271149 -67.227603 93.463897 53.028990 19.918101 
5 189 715 891 2523 3470 4.013119 76.204775 -10.451121 76.007680 84.499639 
11 254 359 829 945 1048 1114 1233 2645 2673 2795 3265 -51.225104 97.199361 0.992073 -27.457773 -53.321365 -85.397601 -91.581562 70.042638 62.729208 26.056904 92.204118 
3 850 1249 2023 -48.822371 85.492055 -46.982779 
5 1525 2230 3088 3139 3297 -52.591958 -31.519710 -2.194127 -87.041060 84.954451 
8 79 459 504 507 1436 2733 3282 3366 -75.758749 -39.093671 -68.539619 50.008245 -80.602142 23.581936 -66.485658 65.991334 
8 139 156 411 1755 2015 2430 2555 2829 11.685318 -31.444759 -70.176252 19.368419 -54.255771 32.904140 17.802358 38.416604 
8 210 353 542 1118 1270 1309 1940 2279 -3.513249 74.073416 96.422910 20.579084 -30.268233 -67.968545 -65.007185 -94.387215 
7 138 701 1258 1283 1728 2343 3482 18.730653 12.343330 8.810204 61.187675 80.951084 -4.030470 -93.868395 
5 196 326 643 1071 2711 -20.199641 52.763343 -18.616493 -80.536662 -55.549797 
8 22 1005 1166 1532 1674 1891 1968 2004 -25.368604 -22.450109 2.394202 -33.464322 -39.066188 78.916794 -4.527498 -50.879070 
7 366 809 899 1731 2696 2886 3437 -69.435398 -28.263889 42.347871 -42.180624 -77.765804 27.368911 59.013261 
8 31 788 1089 1380 1946 2620 3064 3487 -48.540476 57.305708 35.585479 -54.341946 -8.118478 38.225732 67.457300 45.805361 
6 1193 1776 2355 2781 2934 3272 -82.149877 -4.534833 6.472261 6.968873 19.744541 1.318148 
9 405 617 1516 1696 1876 2176 2427 2759 3277 35.963068 29.316284 -9.831355 -10.236015 -1.875909 54.794756 -20.129237 -94.463080 24.267401 
6 94 325 1008 1840 2163 3279 -24.068789 65.420178 60.365654 55.405943 -28.160755 90.897362 
4 673 733 1942 2443 -95.647531 -43.802859 94.995722 22.202545 
2 146 1168 1.280986 -16.614297 
6 417 988 1454 1776 1834 1849 -53.227035 43.411530 -9.610486 -66.623450 68.494958 -98.511905 
11 526 904 1021 1096 2043 2306 2824 3106 3213 3358 3484 79.907942 -86.790035 -7.493467 -32.157189 -25.760521 -0.058439 70.508382 7.493438 96.670934 51.727634 -94.803731 
7 255 732 2151 2389 2441 2565 3393 77.008779 -33.016738 -73.593936 -39.620327 -74.969383 -44.853454 -55.685327 
5 443 1473 1618 1947 3411 1.813943 -37.856273 -75.579632 -34.739002 26.423168 
4 303 613 653 2215 94.396712 52.518178 -96.998036 81.528156 
7 207 564 978 1659 2403 2563 3372 -31.899311 -41.600791 -79.154889 -73.197540 -39.421228 -28.625390 -48.852640 
7 137 854 2076 2212 2539 2590 2953 -69.851435 40.550642 -31.855692 58.143633 94.295911 -44.428852 -46.082097 
2 1424 3354 -14.796521 32.880291 
6 1559 1926 1983 2072 2627 3066 15.006221 -68.024066 69.418632 -78.880253 -11.664686 92.134718 
10 7 145 650 831 832 898 1584 2318 2462 3285 5.872755 27.015818 -52.351797 -62.218791 -14.760826 88.940670 54.547300 -11.569194 -51.233227 57.364563 
9 608 630 1240 1462 1718 2874 2923 3021 3471 -52.272470 -5.037317 69.766242 32.831013 -14.464480 97.596564 -32.785110 76.458863 -10.672002 
10 914 932 1882 2047 2085 2129 2315 3168 3280 3310 -90.946280 4.253929 -4.233594 -67.145967 12.380301 21.462424 45.128157 9.639168 59.727564 30.385921 
4 546 724 1639 3082 80.447293 55.009487 44.873436 -41.868594 
6 267 325 462 1158 1237 1601 83.050047 0.686598 -52.495161 79.380497 -61.646144 -47.731114 
7 213 657 778 921 1416 2354 2945 32.545857 34.761284 13.091514 -56.099934 46.500881 6.036720 32.693999 
3 581 1455 2353 99.907467 87.965566 1.134651 
8 105 372 526 1428 1612 1847 1882 2695 63.443520 12.373864 97.825416 -68.408509 37.110392 -60.328806 1.447361 -10.680388 
8 547 683 1405 1566 2260 2285 2564 2681 33.561865 -5.098844 -26.502928 42.187161 -96.010081 81.287423 -59.400760 -19.989560 
10 135 597 748 1639 2022 2598 2942 2973 3235 3489 -6.918116 11.922797 -97.097295 -47.292170 94.971733 45.109182 73.642062 -76.628986 -69.980865 -36.324848 
6 881 2215 2472 2744 2788 3410 67.138667 68.507705 -58.534636 -38.485073 -92.780162 -3.987391 
5 238 1550 1678 2678 2879 -15.660167 98.811739 -28.102671 -14.001692 46.440525 
7 938 1573 1838 2536 2583 3000 3274 66.818281 63.377017 57.196652 -91.904273 56.031939 -37.977914 -74.129097 
7 247 1420 1561 1872 1948 2049 2856 -45.279034 94.259386 85.055674 16.499519 95.736078 -41.214274 -23.657252 
9 629 847 1090 1814 1995 2255 2279 2983 3187 14.360302 -40.603713 -3.504650 24.257479 -76.419009 42.059858 56.467067 -78.364715 -15.259024 
2 1666 1951 78.091957 80.556782 
6 210 619 1509 1943 2776 3179 -67.140631 76.541353 -3.446314 -37.253533 -24.503320 -48.441315 
5 66 1441 2565 2581 2820 68.855040 41.481103 -77.612745 -52.614737 -67.475266 
5 205 1062 1597 1885 3354 42.687760 -70.211605 75.335752 -3.017271 85.105320 
10 868 1025 1153 1956 2063 2145 2602 2836 3091 3181 -42.367301 -27.736195 67.557023 -1.754413 17.852981 -12.896168 -40.217662 -62.277559 43.090369 -94.296960 
5 703 707 845 954 2654 62.097089 93.006937 -43.591262 95.773537 -96.066376 
7 92 430 537 612 1026 1128 2905 41.829663 73.670423 67.185985 -87.963285 -36.919417 -76.956052 -40.935608 
6 2061 2224 2230 2831 2887 3398 -65.247265 -72.534379 55.262845 -56.999772 33.080188 34.088971 
5 151 471 1724 2321 3474 37.645483 -53.706145 27.602470 -54.309626 28.708707 
8 546 772 780 1630 1952 2941 3085 3427 -57.914757 -48.704117 2.057174 97.136352 59.103533 33.911037 32.563073 77.939766 
4 941 2261 2388 2793 -57.870554 92.799578 88.804791 -55.754641 
6 4 482 537 823 1539 1599 20.937343 -32.582732 8.697158 -29.060368 -83.063876 6.375438 
9 182 212 385 403 1769 1841 1863 2204 2892 90.396189 31.194864 -37.583546 -33.361487 90.448656 -87.367512 -97.745028 -66.547793 46.800150 
12 642 667 1292 1568 1891 2298 2379 2635 2855 3029 3118 3465 71.598736 -94.905426 18.940559 22.518887 49.653693 -40.778198 97.600228 39.728932 12.053868 -56.372858 -81.270150 -98.734025 
6 480 1120 1130 1180 2550 2987 68.193137 -83.790189 -75.011383 15.626236 84.423586 -53.501470 
5 275 319 979 2349 3052 25.466043 -29.152692 46.819194 -18.858231 -94.983216 
7 1190 1289 1906 2250 2411 2839 3366 53.754757 -34.575645 55.213556 75.544112 -3.461411 -37.246513 -77.574618 
9 1511 1546 1697 1980 2057 2836 2871 2897 3179 23.546920 -91.658482 8.024084 -60.262712 -53.550901 80.181520 -52.573309 94.590082 38.201488 
4 409 556 2756 3042 -91.900911 11.760790 50.525943 92.771971 
5 627 830 1269 1382 1926 -95.148046 -65.660409 -27.747738 -71.710517 2.409833 
6 194 274 2141 2657 2679 3424 -73.547579 74.925865 -94.777386 -88.502782 -32.218177 10.107205 
8 34 598 1479 1552 1797 2642 3055 3341 -56.000668 66.168217 -20.012691 -42.054977 88.838325 75.187905 -87.467313 26.727776 
4 46 234 1606 2720 79.583890 66.683543 63.398367 71.133578 
5 1046 1717 1722 2353 3264 -69.501561 -98.426235 62.129573 95.189563 -75.874092 
7 505 769 1078 1434 1900 2922 3481 -71.234957 13.716878 -98.275892 -51.264583 -99.318381 81.268719 -3.754695 
4 198 283 2595 2623 -78.423255 -15.062976 -19.161664 69.832662 
5 526 1081 1166 2758 3420 -89.305261 -7.535896 81.467680 37.529213 -92.019431 
6 42 188 559 1513 2106 2953 51.780754 -48.665147 9.044325 -94.463183 -10.096197 -15.869949 
9 71 553 586 690 954 1549 2119 2698 2960 -83.661897 93.525956 44.639914 -42.215164 -73.036314 94.331615 35.989843 -63.489707 91.091381 
11 434 475 616 729 818 914 1076 1419 2837 3125 3257 -76.820128 29.890487 59.999268 -11.800366 -54.427066 -89.611163 -33.515309 58.781744 91.351796 46.959186 -22.505005 
4 417 1624 2930 3486 -26.374212 -83.619365 -92.938233 -82.779570 
5 713 1259 2537 2641 2976 19.511539 -14.276417 87.187905 -45.370933 -31.608516 
6 103 278 403 1390 2880 3029 46.897207 70.641560 -66.845192 -61.644693 73.398138 79.739301 
9 308 747 1102 1222 1620 2056 2489 2519 3432 7.230876 -2.156135 89.175159 -99.804845 -83.927073 -94.146589 -62.265241 -16.328386 -39.868894 
4 6 490 1447 2616 7.011151 97.069058 -65.910547 43.507254 
8 1002 1792 1799 1963 2587 2924 3345 3454 -51.568595 -60.164764 -62.979022 -97.523193 80.232817 -43.572787 59.626191 98.464941 
5 740 1149 1357 1731 2410 -77.639669 92.877414 86.768594 87.858652 -91.234157 
12 586 592 633 665 773 1033 1545 2001 2459 2509 2608 3181 -51.974375 99.534659 -16.878243 -8.857649 35.314439 -91.645960 69.590477 9.571998 -55.313166 64.424633 61.793707 85.818090 
8 110 699 867 1679 1980 2885 3010 3138 76.260256 25.908210 90.488530 -12.746834 -73.191263 3.824443 6.242659 69.817987 
7 784 1006 1724 1826 2061 2362 2809 8.385872 41.405457 40.263360 -13.103297 83.112872 -65.283201 34.205123 
7 430 1068 1437 1609 2601 3165 3413 -33.333802 -67.786113 60.587490 -19.860612 69.253799 -24.991639 30.683956 
4 449 476 2850 3304 -90.318336 37.630430 83.861288 -29.664133 
3 1916 2735 2822 76.710219 -21.944400 22.217744 
9 86 349 801 1349 1405 2750 2865 3259 3363 52.784967 60.067045 -30.769203 9.628803 72.069177 -39.024607 60.834859 69.013411 -69.784762 
11 250 260 352 1326 1854 2094 2183 2340 2493 3303 3310 -26.167370 -33.936394 98.599966 -20.746782 26.689293 -89.993542 39.341489 -48.686861 -42.837532 -69.437740 67.742435 
9 391 603 1222 1404 1469 1643 2683 2702 3000 16.807181 37.148293 84.891425 78.636369 -20.970191 -30.907727 90.366219 32.322405 -2.381173 
3 912 2581 2761 71.941753 -69.117212 21.892128 
2 1058 3210 -32.545070 21.798294 
7 178 1141 1446 2242 2992 3393 3483 67.012237 -4.071460 50.789942 -48.823399 96.124306 -59.972559 -94.405071 
8 818 1378 2114 2184 2485 2584 2769 2869 -42.651095 -52.006243 -36.625238 55.338161 51.333964 -79.859233 57.171057 -26.892003 
7 200 273 372 895 1475 1503 2787 -17.951798 44.476280 -33.940536 -99.358817 7.258033 67.566861 -68.478275 
1 2043 55.066054 
5 1156 1244 1848 3387 3440 97.358675 41.413076 -56.747183 10.448462 62.348097 
12 321 744 897 1232 1462 1753 1922 1950 2144 2388 3054 3292 -69.690359 -29.474326 51.522867 20.911903 -41.620505 -55.076187 -98.727865 15.882826 -60.655964 -50.406214 82.916562 77.597336 
11 507 627 680 850 958 1704 1930 2458 2631 2966 3466 -9.660107 76.756899 -51.869710 -4.539970 47.610541 -29.544150 -50.688824 -98.864755 9.941501 -79.273919 -38.677750 
9 188 699 981 1077 2087 2130 2553 2936 3386 57.030441 -22.531837 57.901215 72.899618 56.020674 41.658404 31.852511 -44.854000 -21.556090 
10 214 293 862 913 1265 1641 1888 2928 2956 3164 -28.775607 95.746017 80.367346 98.591067 -60.670514 -57.809945 -90.050607 51.231404 40.672391 79.554682 
10 228 379 1269 1286 1458 2085 2189 2454 2813 3032 -77.031900 -72.102606 -93.343333 -71.565758 -93.251334 41.694384 21.250035 -39.919059 -29.773393 -53.461691 
5 94 1343 1457 2783 3010 9.450094 43.275007 58.743659 87.832295 68.353922 
7 229 552 697 1193 1445 2668 2940 -24.758003 -12.766254 -68.270437 25.304590 19.340218 -43.892074 79.697584 
11 679 859 1168 1502 1540 1819 2207 2215 2800 2886 3477 -42.216059 85.973380 -27.279936 -73.811137 72.344356 -88.532807 33.420134 -48.231096 -16.795260 98.745910 55.836935 
8 391 963 1466 1535 1749 1813 1875 2356 -99.345380 -69.836808 -17.135231 -9.144584 -25.269652 55.876413 38.098248 -39.350443 
10 75 268 407 460 1619 1774 2238 2554 2908 3255 63.601492 -42.580944 -62.682901 -11.824591 -40.562058 -35.734243 72.535326 46.874799 24.997775 -16.287375 
7 958 1325 1385 2045 2492 2683 2768 28.694202 -0.768015 -12.502638 -88.537058 -86.275812 -51.376951 -74.413831 
7 681 1379 2175 2579 3095 3371 3487 -26.213495 86.160059 -12.168926 19.996019 71.931212 -93.672480 -33.213835 
4 1034 1545 1688 2786 -72.143844 66.002199 -95.856330 35.338695 
10 69 409 493 718 1106 1782 2777 2809 2884 3116 -44.455740 -39.000918 -30.437206 34.649308 -29.540638 -14.028927 36.964611 71.670832 -98.253084 48.783271 
4 496 575 2393 2517 -55.063975 -51.989221 -69.904322 -88.894987 
6 491 1295 1399 1608 2025 2104 85.639431 23.128531 -35.590803 -17.643554 -54.972156 -88.651783 
8 335 928 1535 2143 2647 2777 2897 3085 4.250023 16.470439 -41.541812 61.791727 -85.946834 -2.669024 80.650700 96.057345 
14 524 801 1242 1304 1544 2096 2212 2241 2267 2426 2554 2697 3097 3174 48.257397 -55.621537 12.259845 -79.335605 -62.235971 64.429378 65.143453 -45.254204 18.924886 6.066083 78.077663 90.563847 94.627058 64.074552 
4 601 935 2833 3132 -48.974201 -14.896130 -87.637701 -62.671152 
8 129 404 1358 2048 2783 2793 3006 3240 57.606704 22.072191 -75.999806 -9.471065 -20.048845 -10.971697 -60.662138 53.451081 
5 797 1374 1621 1857 3132 -46.509033 -88.476344 74.816164 -95.727300 -13.232977 
10 361 888 1243 2062 2287 2517 2735 3254 3273 3321 39.666475 41.343105 51.744783 -72.654773 -82.812980 -70.930090 73.774896 64.691405 32.250393 -24.923004 
9 835 1034 1982 2071 2419 2558 2715 2954 3377 30.812930 4.011239 29.278791 0.188984 -40.449859 23.022965 28.512984 -12.051201 -85.259433 
4 618 882 1724 2373 6.869500 97.684643 37.210211 21.238215 
4 1212 1533 2330 3133 -8.938166 -18.847657 -22.531264 -34.002691 
7 782 918 973 1165 1295 1999 3343 23.325973 -92.339888 -28.889189 -64.377578 -45.763363 97.172991 -58.494924 
5 234 355 703 1446 3043 65.783204 -35.160252 -40.501222 37.520275 18.069299 
9 522 674 1075 1101 1884 2036 3062 3237 3258 41.141273 -13.103638 -78.718843 17.374682 -30.278828 27.077949 49.918942 96.179004 -80.620332 
4 179 1235 1447 2750 33.560906 -95.333066 77.728168 -95.321925 
8 62 521 1343 1831 2145 2173 2867 3288 87.030983 -91.363963 83.078757 81.979803 63.923187 3.236454 74.708691 -68.213340 
9 150 392 776 1547 1728 2104 2249 2501 3039 50.687150 -78.126222 17.380049 47.452407 65.183274 67.283798 -11.166705 -47.972234 -1.434792 
5 2020 2110 2141 2505 2846 -51.509390 19.869878 -52.989666 -87.668132 91.862122 
6 25 326 388 502 761 3377 55.741367 39.652300 43.436866 -83.964410 22.285696 -64.572721 
6 399 1129 2216 2376 2970 3298 30.656551 97.606281 46.871510 44.434925 -49.642072 -31.483086 
13 338 751 1516 1978 2108 2382 2477 2482 2551 2746 2751 3120 3213 43.299878 63.771310 -48.448347 -8.698200 -47.533409 62.702685 25.744662 -40.889733 97.752086 -63.758081 29.172504 -31.989515 -68.029117 
8 61 537 634 1421 1601 1720 1848 2274 85.034675 46.910945 -91.828949 -68.559784 22.532193 -92.080408 -68.691595 -32.891211 
10 946 1477 2299 2465 2626 2837 3077 3157 3237 3371 -72.149299 -54.298006 -71.581088 -66.071507 50.279792 61.009524 97.177891 92.097944 -8.519632 46.535105 
5 214 463 788 2268 2800 -36.059720 -10.987900 -18.103086 -32.550340 54.015761 
3 128 243 3198 54.453030 -96.306818 26.857375 
5 209 610 790 1473 2775 -21.743674 -22.305471 -70.351998 -58.710600 58.136208 
7 1332 1402 1764 2380 2902 2919 3246 81.707426 0.545908 43.486991 41.894779 -14.986368 33.859404 -47.980655 
4 1717 2034 2493 3083 -4.117778 18.863447 -91.436147 21.740389 
8 735 1686 1927 2108 2597 2780 2893 3270 36.784699 -32.552332 14.824220 -77.776374 -48.541413 61.198624 -31.031722 10.856257 
8 38 561 741 1435 1447 1792 2417 3162 -92.358395 -19.745113 -28.521604 -89.860015 -10.027446 25.162108 -12.255904 27.542440 
8 73 900 1355 1547 1787 1847 2296 3179 -57.400803 66.419100 -82.396938 4.507038 -24.876481 -97.133506 -12.362680 32.072917 
5 518 749 1364 2276 2361 -84.451712 9.125114 -58.037516 4.725549 -97.774143 
3 136 657 1245 -72.240909 -63.021425 43.286458 
7 655 961 1029 1047 1634 2312 3076 -59.152349 6.050662 -35.661220 28.008251 -25.391364 1.487528 13.379017 
8 1 539 1542 2271 2552 2662 2889 3128 -53.208700 -37.405604 54.395239 -92.364320 -36.012198 -86.212730 -88.271918 83.248425 
7 557 1118 1429 2370 2657 3152 3160 88.457609 27.356528 27.632781 20.715286 14.909935 -64.844765 -8.511642 
5 116 349 644 1044 2457 68.905946 -17.182201 22.999060 27.739289 2.014428 
7 497 843 956 2059 2577 2893 3433 58.431369 -83.810011 -45.895232 38.419247 -79.975014 29.751592 -83.812958 
5 956 1384 2024 2246 3280 -54.302026 92.706922 -51.364853 -78.972074 70.470899 
10 686 864 1000 1444 1869 2188 2701 2963 3232 3329 -74.427188 -82.275440 83.573957 -27.461237 -0.863647 -91.976995 -75.051460 -60.449316 -43.006337 -94.263558 
11 152 277 892 1162 1173 1433 1510 1568 1639 2384 3349 81.596929 -11.733319 -91.833010 -35.284553 23.512876 14.769463 -93.533880 -18.663043 -89.042217 -0.328842 73.005453 
8 135 259 1264 1359 1770 1950 2423 2704 46.543641 -68.655291 -81.188638 -58.613240 -47.710592 -49.542032 -67.186800 92.381910 
7 191 714 954 1292 1906 1949 2182 60.470348 26.628638 -23.074967 -84.503694 20.854641 -36.691480 68.626518 
5 1167 1741 1945 3162 3470 -90.626053 -14.459636 89.063228 84.815225 27.516248 
7 216 480 1348 1693 2045 2712 3372 -69.445226 -32.811886 -52.518979 -90.901661 -7.200076 -58.591525 -12.915912 
4 6 1053 2222 3066 -32.344429 -1.531113 39.058548 79.805331 
5 885 1154 1468 1782 2386 97.342272 -28.864867 -66.860348 -49.513637 3.219955 
8 273 532 716 732 1971 2840 2935 3279 -20.813175 43.701665 16.754130 -41.133380 -51.563935 21.353116 -56.074109 -24.637362 
7 46 483 1461 1745 2206 2447 3189 88.576094 -82.374392 -7.555454 57.464733 -49.001222 -84.737420 82.709997 
7 187 1563 2232 2375 2400 2460 3470 42.542784 0.783331 -58.002736 -92.454616 -83.016138 31.007757 -96.462260 
6 793 867 1240 1442 1831 3249 -91.445141 39.552122 35.389484 73.228133 14.564118 29.042125 
8 476 668 1139 2502 2653 2657 2669 3220 19.808138 97.789254 -61.979170 34.710202 26.501847 57.325708 23.275599 -59.520146 
6 85 2311 2681 2700 3138 3251 87.632464 89.994697 41.208646 29.076303 -94.989889 -37.934294 
14 920 1006 1154 1239 1640 1892 1990 2045 2287 2671 2842 2856 3126 3334 63.684219 -96.892832 -66.495464 -5.173716 54.646654 24.724388 -96.828124 -79.523662 73.667284 -10.914216 -27.401899 -22.233363 -19.444360 -90.790503 
3 1608 3243 3488 37.471342 -21.879131 -59.462301 
8 276 463 613 923 1088 1427 2169 3187 -10.226940 -31.154686 82.623677 92.894303 35.786081 89.288133 -38.397689 97.758954 
6 464 693 1258 1594 2465 3257 -98.416195 -40.939950 99.155623 -56.851479 -15.629298 -81.352855 
5 63 949 1713 2128 3018 -40.471018 65.431834 88.220397 36.947052 42.800210 
7 654 842 1213 1505 1866 2198 2891 -64.832566 71.113764 19.751477 91.040468 99.843879 -1.714890 75.987875 
10 929 1215 1360 2092 2212 2213 2813 3193 3334 3365 10.617050 71.909278 15.291604 -39.470684 -18.735362 49.965949 86.991885 37.983067 0.727164 -4.560053 
6 3 160 287 651 1429 1579 11.255658 26.823033 -47.108348 -64.921219 27.969227 -3.739536 
11 168 351 908 1395 1445 1690 2191 2286 2720 2980 3360 -82.723379 71.178412 67.771412 47.152726 -90.930930 28.015908 6.824852 -12.529431 -60.228812 4.230247 46.646515 
7 625 733 990 2006 2034 2139 2845 -50.114376 84.091248 -57.230265 -26.405705 -80.612845 54.627473 -33.741434 
8 229 634 2189 2916 2948 3054 3094 3453 -98.002148 -96.331822 47.514734 -26.247232 -2.263314 70.900470 89.798428 45.059871 
3 71 1195 3075 -87.125259 43.288339 25.535221 
9 31 959 1429 1625 1776 1887 2137 2568 3132 -58.428145 -6.273617 -14.607238 -56.284039 -53.580390 91.504637 -76.312092 -70.304217 -30.212030 
8 497 869 1144 1339 2263 2678 2781 3268 0.694291 28.678528 -33.176849 -75.669868 -55.967928 45.425292 -73.735315 -1.391625 
9 24 73 158 413 806 1262 1296 1405 2105 -66.915958 41.077227 -42.633735 32.979166 -36.953639 15.898245 -87.904069 39.782915 -38.997632 
13 191 615 721 910 1454 1956 1987 2046 2200 2491 2527 2605 3451 1.051196 -23.681672 98.322411 88.782144 28.603190 61.310378 -56.011412 64.867171 -52.729646 65.051606 -74.493590 48.412054 -7.552732 
7 277 373 806 835 1115 2336 3050 23.084159 -0.272580 82.577233 60.843301 84.472142 64.125859 -49.929003 
7 519 1342 1551 1591 2635 2889 3385 -66.986782 -20.584515 30.501063 -56.298843 96.588579 -65.230929 -11.619388 
5 370 869 1532 1818 1977 36.245572 99.580542 -17.835780 -32.408486 11.931036 
9 1143 1738 2306 2398 2464 2501 3157 3221 3292 71.653822 35.789390 23.573691 -1.943778 80.376715 -93.320234 -26.845772 67.178609 -56.852366 
6 1171 1355 2066 2418 3020 3214 6.807465 -38.530750 29.932101 7.527333 -6.470236 -66.016345 
9 404 435 910 917 1817 2201 2527 2781 3215 89.156339 -44.974223 6.269495 -46.313831 -6.158571 -27.303050 20.994805 -31.460224 -89.732132 
7 422 504 1737 2739 2793 2837 3113 66.367400 14.985372 15.974614 3.519803 -91.205660 -71.210135 -27.053671 
7 111 325 908 1021 1615 2439 2821 25.289947 88.698404 -8.583554 -38.627564 27.298461 -84.224926 -57.533472 
12 246 370 509 867 888 1172 1234 1678 2152 2225 2433 2718 74.958686 -39.684253 -1.997997 35.322129 -97.438970 -27.786839 88.525774 24.923982 -4.061997 74.960511 -72.903199 -86.449393 
9 169 879 1383 1530 2132 2471 2645 2712 3163 5.652402 89.436702 -33.309028 -53.418885 -15.132249 -5.509796 97.806601 -42.763549 77.410152 
4 528 878 3029 3110 -96.146659 24.175913 59.087049 17.795079 
5 803 1384 2746 2858 3361 3.600675 44.275271 -29.298932 81.338511 12.963238 
10 218 475 571 978 1071 1756 1779 1937 2545 2608 -59.724084 -13.859891 7.916709 71.552318 1.664991 69.980694 42.313283 -97.086831 56.897337 89.584588 
5 446 1393 1608 1811 2839 -11.541698 -29.871618 63.302833 41.303604 99.595356 
10 1022 1105 1170 1802 1881 2053 2199 2471 3328 3446 11.309969 68.092233 54.049035 -91.192657 95.172805 -41.893096 64.243347 54.287891 36.234899 86.969484 
7 11 359 690 853 2270 2472 2686 84.808056 -0.172076 16.772430 2.449580 25.551517 88.810142 -27.638895 
8 89 219 300 1414 1776 2087 2774 2920 -5.907069 11.194996 45.259918 66.975390 -45.746966 -89.087537 88.594051 -41.693685 
5 583 1033 1804 3358 3477 -39.149986 32.045185 41.470805 -39.637729 -76.273385 
3 291 1406 3139 93.146411 -41.482329 -17.068026 
4 581 822 2264 2640 -6.430811 47.154555 -47.803537 47.559468 
5 360 852 1387 2575 2979 -75.783523 69.089400 -80.100383 -62.574237 98.707959 
7 153 681 820 2002 2303 2990 3087 -75.496369 85.490320 -51.504269 63.057806 -58.393303 21.193002 -53.099381 
5 82 234 1455 2328 3344 -4.461166 46.753812 -10.251552 60.183396 91.731540 
8 610 669 945 1165 1642 1662 2477 2640 -1.240113 51.349756 29.195472 26.105795 37.876409 53.615767 71.350486 -15.969630 
12 21 89 124 288 292 677 809 1567 1777 1940 2487 2633 -64.373337 -53.281312 -70.947026 47.873968 54.124572 -42.137256 -77.318206 -40.273030 -81.020616 -51.312468 -41.727394 -70.705003 
10 1217 1269 1302 2311 2344 2784 2891 3037 3201 3453 4.482774 72.939193 -71.455210 -53.991894 -83.140678 95.160175 41.471136 64.309874 -87.722590 -59.282822 
4 1325 1851 2227 3343 -15.812867 36.828270 42.562355 35.537942 
8 94 320 465 1445 1537 2800 2949 3404 -19.246802 19.396826 65.962737 -21.180310 14.660811 -47.056652 -99.413682 -94.173509 
7 781 1545 1949 1981 2106 2405 2570 40.832937 -20.870843 92.093574 -83.166582 55.335557 77.047240 23.827551 
2 880 1264 97.952058 18.807910 
5 318 361 1072 1374 2349 89.921746 79.555305 -34.915370 53.566393 63.453651 
7 753 1321 1450 1508 1981 2465 3168 -60.613698 -86.061940 63.504255 -74.074660 73.820221 -10.701993 16.056204 
7 50 193 892 2062 2258 2798 3039 63.925211 -9.048351 -6.290860 -44.766470 85.567180 38.511656 85.918252 
5 605 866 974 2632 2723 90.874913 74.232171 -90.253064 -18.281663 -66.325857 
9 173 284 717 1198 2412 2572 2945 3283 3326 -7.113918 -53.310882 -57.731576 -80.848642 -71.457865 82.002874 33.923018 16.961296 95.054512 
6 313 940 1127 1615 2994 3423 -98.202667 -91.366679 74.516978 -58.659669 1.963121 32.296742 
2 982 2141 -15.295919 -31.668795 
7 709 887 932 941 1296 2182 3478 -71.467319 85.943638 -83.327611 -50.228858 10.027583 67.779941 -50.319268 
5 63 148 188 1379 3382 50.365618 38.041830 -49.371196 85.646138 -50.815771 
11 232 1061 1289 1486 1611 1778 2436 2715 2817 2968 3123 -12.547023 -35.380180 6.409275 -93.943564 -13.885383 -3.908637 -27.423108 70.744580 33.848319 9.791224 -39.260896 
3 75 1075 2483 -6.280176 16.620772 74.491568 
8 163 782 920 1247 1277 1710 2399 2586 53.297991 -34.548125 14.052439 -7.277297 74.711367 -21.767618 45.586393 70.613349 
10 17 264 766 848 1104 1148 1702 2118 2403 3191 24.133226 -34.061086 -79.503416 52.633451 -79.231086 -15.206298 -95.268241 -30.690719 62.587516 34.179732 
8 453 954 1244 1712 2032 2384 2401 2983 -39.106231 -98.270478 52.925632 44.680748 3.914817 0.200237 -73.924281 91.510322 
10 371 1193 1970 2191 2509 2596 2794 3044 3197 3348 89.975455 1.494972 56.185488 -74.701025 75.025100 -73.437834 42.534314 -52.944434 68.963640 -37.595506 
8 749 1011 1144 2127 2278 2802 3036 3262 -32.079598 -52.449741 57.109489 24.193265 -63.734754 -41.953224 2.179627 75.227203 
4 991 1399 2489 3499 34.734651 57.732015 86.572319 34.658674 
7 453 762 1343 2418 3184 3266 3459 -24.596538 4.400947 -38.354761 -29.396656 -99.448049 -90.374516 75.427282 
2 723 3396 -87.419009 39.263311 
8 356 483 610 1431 1536 2012 2636 3454 3.357714 -14.877043 -17.111115 25.875111 56.937006 58.947958 39.563685 -43.546750 
9 57 121 427 756 1522 2328 2438 2555 3064 39.835934 -39.921062 -57.891599 74.746523 -0.759267 71.606820 -2.417476 91.448916 63.482171 
5 985 1050 1068 1642 1722 73.629785 27.217195 -90.534950 3.997948 -17.386527 
5 2152 2462 2717 2813 3022 -2.698051 -18.740430 -29.105829 8.382604 -52.587549 
5 1096 1301 1695 2299 3101 92.576085 38.392851 -63.146219 25.975818 -84.578056 
9 449 463 488 622 647 903 1690 2157 2750 2.430432 -92.321713 54.801689 15.020758 -1.788976 43.094266 -38.884958 -39.862319 53.253658 
5 152 215 454 2041 2607 21.362367 -41.900306 70.012724 21.966854 -92.380542 
5 1445 1652 2169 3418 3451 84.397693 97.195654 -31.746224 56.686958 -73.626163 
10 257 382 1066 1209 1223 1423 1893 2126 2402 2553 63.942946 -43.969246 -93.324095 81.571006 -26.093996 53.198910 -32.437197 87.500613 49.578462 45.522336 
6 345 686 884 2149 2277 2480 95.027284 -63.172037 22.282172 -55.748793 13.513152 24.257875 
10 320 669 900 1591 1607 1813 2094 3246 3412 3437 95.924930 14.582973 2.840874 89.848547 65.792694 -2.864078 -67.960725 19.411720 49.558474 76.603765 
7 115 1831 2281 2791 2844 3193 3403 -0.749735 70.784197 -90.067922 -20.130243 -10.388134 27.328805 -56.365362 
6 1351 1915 2180 2653 3014 3115 7.895833 96.845488 31.601590 87.468565 -51.128756 36.589158 
10 346 1572 1918 2370 2723 2833 2874 3001 3074 3439 57.840877 74.919701 -76.201132 78.357096 -96.634834 58.188173 -34.820802 20.952313 -54.728476 -39.811575 
3 1367 2236 3300 3.587079 66.402118 71.255033 
5 605 1711 2073 2801 2864 84.183054 87.091704 -89.832645 -42.169983 84.224322 
5 765 831 877 2377 3437 97.672054 47.570576 -66.081954 -13.436886 -59.154407 
2 1277 2394 7.727217 3.792625 
3 850 1348 2335 57.319688 -2.162200 -13.951443 
10 274 346 561 655 735 1117 1231 2772 2933 3148 97.230336 -43.446238 62.038280 83.153307 -57.076488 63.196941 -95.452749 79.254695 39.421866 -81.542114 
10 14 414 756 1129 1210 2120 3045 3081 3211 3299 42.070069 29.353939 17.397327 -92.443981 45.385595 -46.923920 88.597736 46.103095 -15.093111 71.464195 
7 116 831 1150 1591 2353 2819 2935 -52.578539 -31.257564 -87.129768 60.697016 -41.149858 92.212995 -40.981818 
4 377 1540 2242 2817 19.200425 83.213189 77.952282 -59.514527 
5 1584 1734 1892 2190 3477 37.016325 -17.354942 77.867521 -64.147963 -56.681341 
4 231 1024 1257 2409 2.747784 51.768111 61.324578 57.615099 
8 462 877 1591 1639 1684 1774 2460 2938 -95.453933 68.228514 52.299328 73.941886 26.650438 76.400557 -86.124767 43.848058 
10 26 178 367 639 710 877 1394 1650 1961 3320 -74.063463 -80.872037 -53.816003 27.319735 -53.012871 -14.687349 -58.286568 61.321667 7.270574 52.245577 
7 259 843 1981 2350 2511 2935 3105 -29.186584 -22.903502 -78.174759 -92.633807 77.965420 29.077629 80.070280 
8 120 371 400 940 1066 1495 2260 2588 -97.408632 -41.331004 -10.785573 -22.989976 65.895074 30.310356 13.707548 21.934072 
11 93 122 707 709 957 1612 1882 2563 2740 3088 3491 -4.009372 -59.328401 -42.217885 -22.943583 32.287027 62.195808 89.609645 26.612666 -95.603451 81.704772 99.261829 
6 306 361 1071 2048 2827 2899 16.318518 -19.992652 76.411066 -72.839587 -14.086513 99.766214 
11 74 118 304 418 568 1376 1858 2064 2143 2228 2293 70.494450 51.103301 -54.480793 28.380631 20.526277 81.311442 18.984592 60.897933 -25.714558 67.949697 84.494213 
7 250 762 2037 2118 2143 2431 2898 -14.980107 13.062663 31.622376 13.417172 -50.949285 88.223853 -40.253978 
6 754 1495 1762 2502 2948 3408 24.401799 32.654074 61.276419 53.186503 86.233708 58.671270 
11 20 233 696 1792 2077 2651 2696 2784 2894 2943 3220 11.471313 -21.131351 -79.770343 4.217705 28.005553 -99.196607 65.528764 53.933446 -83.440392 81.515461 -24.046624 
10 82 336 549 563 821 1394 1396 1910 1934 2470 92.557103 41.167651 -44.874708 -2.777702 33.193304 -47.577121 -61.881356 -64.229342 -83.744596 5.890043 
15 359 432 492 607 707 1095 1178 1228 1248 2307 2800 2819 2970 3087 3350 -12.243687 40.209601 -69.777895 -28.306718 53.802172 -39.880188 -71.106417 26.785716 -15.390021 62.959794 -82.494362 -49.584226 -80.181396 69.097520 6.420540 
12 411 1247 1500 1673 1886 1973 2134 2242 2839 3017 3096 3107 -95.789337 40.032224 68.153593 -90.950341 58.945332 34.925003 -69.193560 12.220963 -51.764563 -15.766610 -43.861911 -79.919571 
4 947 1354 1572 2471 -71.447593 17.718320 -44.092524 -79.130971 
8 106 927 1411 1637 1834 1925 2825 3414 -1.856572 27.303007 11.627593 -81.646012 -33.963327 -39.882520 89.844577 -6.285058 
13 4 157 1252 1303 1482 1652 1743 1905 2571 2640 2671 2837 3032 -70.241131 16.119793 -99.620971 -97.744926 73.801684 -79.739012 22.007208 -80.286499 -79.508273 -32.725997 -26.688665 4.427992 47.242480 
7 20 487 1185 1678 1901 1951 3173 -84.732568 65.626420 8.678656 -20.608740 -15.988565 -21.132269 1.008715 
13 93 228 925 991 1431 1669 1748 1798 1911 1937 2403 2480 3096 15.897027 -80.161990 -60.905728 -76.684449 6.375605 3.948317 72.434306 -71.742874 -79.098805 68.015542 -41.261730 39.568462 -88.850963 
8 83 115 566 640 757 956 2475 2803 -37.749699 -11.478838 83.778562 62.576798 -44.307456 84.639600 -0.943630 24.561300 
11 292 838 938 1764 2116 2341 2664 2850 3247 3312 3474 29.311389 -37.102253 -35.390109 49.249299 -82.750370 -75.352186 -91.687036 -8.485227 6.715886 -23.670183 -3.603325 
5 1113 1259 2379 2605 2995 -12.999070 -56.006138 -92.079315 23.470264 -54.080052 
9 134 656 793 1076 1106 1402 1863 2465 2949 49.514462 87.494049 84.894018 -45.137333 45.712521 -9.258077 4.154471 69.734050 -74.919740 
8 199 401 946 1836 2165 2624 2689 3094 -97.269961 -31.883027 -2.804819 35.631299 -50.115495 96.976043 -29.952113 4.572046 
7 236 1509 1548 1758 2007 2695 2837 -57.995946 78.100358 -6.130222 -67.257943 -97.821033 74.335616 -15.293664 
2 812 3132 -52.862825 40.529872 
7 40 844 1250 1430 2016 2999 3077 79.869758 -42.841892 -88.147371 54.432632 80.790511 43.506519 -70.463193 
4 208 301 2319 2946 60.133741 -55.128802 -81.385779 98.298548 
11 167 401 807 876 1383 1416 1420 1745 1756 1887 2242 -18.208050 53.600426 28.740574 33.417903 -76.877763 33.866222 -32.499612 24.238396 31.626817 9.693359 -88.899888 
7 186 212 404 475 1104 1196 3024 48.670393 -31.066831 15.885789 18.548622 -32.566347 -27.395038 66.062818 
9 101 316 798 846 1271 1380 1460 1628 2792 -1.296286 58.229142 -36.028091 70.496292 23.191364 6.448405 -24.364283 -94.336522 -16.511454 
7 1124 1720 1794 1957 2293 3032 3490 -93.733599 75.959403 70.071777 -85.947706 -12.982380 19.984091 46.569244 
10 755 1440 1739 1753 1813 2005 2044 2228 2963 3117 -74.428639 -98.651757 99.004528 -79.634512 73.570330 58.394973 -43.505085 -31.312721 95.761315 -42.204554 
9 91 92 322 1280 2505 2540 2653 3210 3313 -78.766216 47.973307 25.120103 -90.206258 71.975470 94.248838 -84.398307 -23.901462 60.435480 
4 29 1034 2314 2868 40.220676 12.348332 32.631010 45.770717 
8 314 339 460 1673 1801 2223 2626 2926 -58.174964 62.215239 -44.321791 -47.492835 -73.165344 -11.842298 26.410356 4.520697 
5 120 869 1900 2925 3236 26.885764 86.817616 -32.227152 -0.313129 96.707299 
9 232 394 466 600 1940 1971 2189 3090 3492 -45.214627 72.036520 -65.395762 -68.231545 -8.740017 88.055200 72.761698 -14.630575 43.384264 
5 35 637 655 2068 2482 94.821484 -31.538852 7.063862 59.816854 -9.813189 
10 173 840 1083 1681 1788 2204 2243 2453 2866 3318 92.322398 48.645687 -23.969135 32.614734 15.288444 -31.359475 34.527017 76.145026 67.987310 -42.269503 
5 706 2143 2950 3056 3308 37.021890 67.093927 47.855400 38.767235 69.265520 
9 323 532 719 2205 2247 2535 2574 3009 3165 -66.929594 83.376123 -18.213081 -60.734749 11.143908 84.268998 61.985989 -68.020881 77.081213 
12 2 116 271 804 972 1039 1407 2208 3133 3226 3383 3413 -88.330901 61.558556 -54.176501 12.502909 57.166890 -81.225770 -7.825539 -11.313873 67.322654 -65.866640 -86.825699 -78.500544 
8 489 1058 1077 1218 1381 2381 2922 3270 -37.604898 3.650798 -62.420568 42.640229 -25.370080 -90.827697 -98.842415 81.348208 
11 808 999 1069 1133 1314 1901 2510 2563 2564 2730 2875 -75.090192 69.484225 -88.599239 92.736034 30.073689 -61.718666 -46.471269 -32.786364 57.208028 92.072025 -86.922967 
12 174 243 262 1168 1630 1670 1735 1742 1829 2340 2954 3004 5.336338 -69.491944 -78.586629 -14.207680 48.232989 22.708043 62.455281 -52.996408 97.451225 50.052789 -41.683789 -31.606537 
8 59 125 149 873 894 2030 2293 2349 -48.648219 97.312682 92.367985 -12.387589 -71.549189 -75.117253 -95.991509 -88.979813 
8 651 752 931 1062 1816 2103 3234 3355 -57.343854 -32.021388 -97.524413 -73.930500 -50.458252 -44.508470 -3.901058 32.986185 
6 605 1246 1346 1449 1609 2173 67.103277 39.844543 47.306276 64.726990 -49.428106 -42.762746 
9 295 1013 1043 1628 2936 3046 3319 3320 3487 83.919168 89.870611 -24.710483 92.492572 -67.374405 -83.553778 93.061420 -98.748717 -1.743191 
5 117 271 1000 1990 2587 10.767564 -13.065525 -28.061280 21.953934 84.094642 
4 88 1309 3251 3263 65.996625 27.837531 82.341158 -20.309016 
3 792 1271 1305 -42.926614 87.978066 -21.705331 
5 331 1537 1727 2022 3318 -54.355234 50.442526 95.073068 60.339321 -6.158052 
9 1177 1182 1807 1943 1944 2129 2759 2910 2984 50.858489 94.282395 -61.368507 77.134651 32.754269 -34.154354 82.907635 -75.012545 -74.478329 
8 136 257 386 945 1404 1579 2466 3093 -49.233505 17.617190 -78.657988 1.207677 -69.120716 -0.905849 15.330838 76.495850 
5 1157 2339 2381 2437 2730 58.377979 -94.892663 1.599313 -91.192001 79.735191 
3 2203 2548 3273 -0.249930 26.423462 -1.433586 
10 100 715 820 1523 1651 1724 1781 2420 2470 2924 -34.760923 -7.393859 2.834275 77.831898 -34.784407 -15.117588 -44.689841 -14.817865 -93.900255 -83.286819 
6 97 1186 1282 1300 2774 2977 72.658013 -71.373032 77.306908 55.585203 -55.071199 -35.129749 
6 862 1539 2552 2661 2766 2853 -93.435365 -14.780323 -38.230035 -83.451610 -8.986358 63.825720 
8 612 663 1008 1290 1419 2004 2379 2578 91.668625 49.423781 -3.339028 -2.422008 1.620166 17.204722 -27.396002 62.585715 
5 1659 2284 2451 2682 2769 -82.946557 78.096938 -74.193818 46.374089 -48.664162 
3 1590 1659 2764 50.035194 57.956366 71.927075 
6 965 1091 2049 2781 3191 3349 70.858315 28.335297 16.501452 -52.934896 -76.250001 72.230212 
4 658 2085 2309 3153 -57.176048 -71.111235 -45.736344 48.439657 
12 120 574 646 715 736 918 1482 1616 2576 2760 2943 3252 -17.762439 -32.493657 25.610332 -55.932194 -69.113118 29.066180 23.258402 -85.182328 -63.739591 69.766585 -22.931974 50.799307 
5 910 1059 1390 1546 2491 -44.575729 88.921504 25.104826 0.160873 -3.910391 
9 371 1109 1114 1463 1480 2522 2527 2750 2983 82.365023 -32.859273 89.691623 25.719602 -59.751683 59.113056 -70.329982 77.042390 -28.729986 
11 387 1232 1648 1778 1969 2463 2557 2577 2990 3359 3417 -8.121565 61.468585 -51.368535 50.716706 -20.302807 -32.226413 -44.512456 -72.605079 58.608257 49.905358 -81.634370 
13 491 509 522 710 954 1019 1616 1994 2400 2881 2970 3051 3342 14.711707 -48.587673 4.387033 75.101752 -81.919610 30.963006 94.662063 23.531778 -63.585481 32.109016 47.980784 -48.712543 85.209082 
12 148 488 553 802 898 1921 1955 2091 2405 2622 3049 3485 -58.087115 -52.359244 59.463203 -79.446491 93.720722 -62.224258 0.005632 66.198558 -43.040468 68.952690 -74.568532 81.498260 
6 324 1039 1394 1786 1948 2843 88.260707 70.172468 -64.103734 30.510553 -48.369118 -6.798625 
8 72 783 1115 2028 2080 2843 3140 3289 -94.107094 96.100782 14.612485 50.831078 -35.935906 43.343873 1.480696 34.330261 
13 309 499 515 560 722 1590 2166 2272 2442 2826 3147 3180 3274 10.386585 66.020115 26.254403 59.637896 -50.509954 82.485299 -28.031541 -89.258043 67.380902 5.327552 -40.276385 48.493605 -22.313631 
8 502 780 1894 1903 1999 2023 2308 2900 -55.782163 86.448404 76.350861 82.009886 -28.184143 -90.270792 75.593764 -41.393514 
10 66 793 1224 1607 1635 2801 2935 3208 3282 3445 -36.342820 79.460357 6.109576 39.803018 -51.771601 72.975464 -81.487658 82.913034 -79.871760 75.668576 
4 1733 1967 3327 3456 73.585340 84.388627 -75.519682 80.112573 
11 371 595 605 800 932 1001 1129 1279 1847 3072 3097 46.151530 -21.004427 -39.219494 20.784227 32.795680 -96.668816 -5.465898 -27.487113 61.814731 -23.455099 81.627317 
11 96 138 451 696 1012 1504 1843 3095 3174 3264 3288 -47.746554 36.936122 -31.991547 -0.639420 78.012849 -79.704500 88.692975 87.888690 -18.894583 -28.504006 21.258371 
7 199 561 768 1679 2500 2591 2981 7.457297 65.413509 -18.108086 67.942705 28.138804 42.167475 -23.919302 
5 391 970 1521 2320 3459 -66.417512 89.720789 76.902702 97.762558 85.628114 
5 258 1297 1784 1903 2420 -64.050524 -4.200831 22.056845 17.238317 -80.393593 
4 2009 2117 2247 2378 51.665819 68.709148 -57.300689 34.393417 
6 275 887 2073 2163 2486 2706 -69.654605 -67.880783 -98.973078 -75.221716 -31.174444 5.200020 
6 433 1073 1638 1915 2460 2907 39.549900 80.586200 -71.281645 95.800041 79.228231 -58.471314 
11 17 318 629 814 1186 1251 1671 1673 2041 3186 3253 -17.719807 58.200740 69.243649 81.009139 -50.646634 -81.790789 38.862205 76.172086 24.504688 -41.701019 -56.282994 
7 78 674 772 894 2834 3315 3491 -35.561857 -79.953027 28.761620 0.012604 95.042408 32.985705 -22.143669 
6 289 1913 2134 2324 2672 2896 -29.325337 21.504852 69.778153 -50.847499 99.375357 -15.409290 
6 316 1493 1590 1650 2016 3242 -95.924864 -11.897844 36.988779 -65.557660 27.250523 -46.686459 
5 1519 2254 2349 3166 3337 80.351326 21.130182 4.531484 -38.557459 -0.589123 
7 575 1037 1556 2279 2305 3121 3348 -46.660490 70.778444 -72.172391 84.771550 -23.360061 -31.906983 -10.350683 
4 732 2112 2647 3184 14.033203 -94.014107 72.441293 -38.106351 
6 72 234 253 1535 1757 2337 -58.041327 -13.380086 30.053108 -67.509428 30.207743 -75.910826 
6 100 1104 1291 1317 2164 2191 93.154144 2.854675 -35.930266 94.173691 16.497574 90.478874 
7 309 403 1150 2714 2725 3000 3085 -94.326298 65.572784 -31.988355 21.300405 22.614283 -74.268466 91.754142 
7 161 234 403 996 1907 2009 2149 -10.693126 -59.290530 -92.444303 -67.629705 39.916935 43.714250 41.854007 
6 170 190 872 2325 2658 2846 60.440190 59.258963 -17.895165 43.770068 78.560771 39.750185 
5 1142 1478 1548 2119 3482 -4.715285 60.571440 -55.171179 -61.070806 92.256792 
12 278 360 561 584 752 1027 1613 1853 2369 2454 2697 2931 -25.955708 8.625342 -44.924680 34.014493 33.987031 -18.915731 0.617651 24.278441 -25.155205 34.271585 -62.088660 11.804930 
5 296 1871 2077 2504 2938 -10.712749 7.369695 36.684540 96.379218 67.692171 
5 1391 1807 2504 3144 3195 -82.883926 68.086561 48.983384 -55.238062 -81.543178 
6 536 736 965 1011 2051 3434 28.948709 74.473415 -74.320399 -87.618340 47.159902 36.065812 
7 357 1256 1328 1415 1525 2817 3192 -68.622492 -2.253665 25.718319 52.912081 74.300692 -73.302745 -14.924690 
2 1214 2175 -15.129271 12.062232 
5 163 522 2458 2708 3109 -91.781212 56.694625 -31.400718 -28.105990 4.747446 
13 17 989 1020 1278 1289 1414 1518 1981 2289 2358 3079 3350 3455 -21.497248 -40.530497 -74.476228 50.001316 -41.771818 28.095976 71.805329 59.269376 -68.757907 -19.874929 64.136968 -57.664325 41.083194 
6 78 702 2753 2799 2856 3200 -77.130894 87.427963 95.571052 -83.278192 -4.465403 -65.008128 
7 104 392 1214 1232 1342 1733 2689 -56.170314 -44.985154 55.249757 70.603417 -19.027668 78.606213 31.474318 
6 77 478 1215 1298 1979 2585 -0.090741 -13.687335 -28.633759 36.979156 16.181866 -99.722225 
7 610 886 899 967 2284 3112 3461 -87.571580 2.423373 -62.286019 -10.470498 -10.998959 -46.048380 18.494707 
7 522 833 915 1606 2110 2294 2643 21.464055 9.577494 -19.533976 -96.906891 -53.227455 38.728624 81.546904 
6 27 627 1857 2584 2799 3058 -69.204588 32.444657 -82.743507 94.695045 49.234631 -95.291412 
10 190 276 294 886 1004 1080 1220 2611 3310 3318 70.228413 -54.969687 -65.079739 -67.664704 56.806682 11.497602 53.732725 6.470264 21.191257 -4.320825 
4 204 674 1094 3293 9.201603 81.059401 42.064729 -24.897514 
8 220 311 505 676 1203 1386 1677 1744 -71.662208 -11.143938 27.475827 -69.658752 -10.184561 19.726392 90.590720 -43.918226 
7 103 328 416 562 933 1555 1855 -3.474598 39.266219 -6.806343 33.727149 -89.175847 29.381163 89.535742 
4 722 1353 1542 3183 92.133514 -31.865610 -4.055186 25.590534 
2 973 3017 64.672651 92.659532 
5 489 717 1511 1845 1960 -52.506601 56.212302 -85.826664 10.057817 86.725960 
5 188 502 1755 2650 2941 -31.005023 65.407847 -93.898091 68.889021 -62.064605 
6 566 957 1281 1822 2117 3162 -58.467140 -18.368152 3.058227 -11.680722 -67.887853 98.191661 
4 597 1657 2804 2930 -32.128912 -21.963266 -64.820597 -67.240616 
12 120 134 248 787 824 1039 1717 1994 2380 2392 2475 2485 -4.003845 -45.090887 33.272737 28.977637 -45.697414 -91.455060 6.421675 -29.969925 -72.159596 -16.804878 28.924270 -50.609550 
7 686 908 1365 1413 2025 2373 3465 67.362686 -8.062240 -70.194250 9.672804 36.358064 61.432584 42.627930 
9 100 502 740 1055 1111 1228 1662 2047 2203 60.224729 -68.776790 -67.759132 93.402294 72.913462 30.495267 -29.597473 55.906303 73.879693 
4 516 612 2578 3138 14.411038 21.229035 85.919893 -54.223032 
3 55 1467 2388 -14.050221 -96.012298 10.060225 
5 294 721 992 1115 1728 -24.827865 88.182352 -6.444734 -21.237066 22.087378 
6 144 536 1102 1251 1267 1679 -74.293863 -5.501712 55.613828 -1.935036 -78.562527 -28.386845 
2 1225 3204 82.044661 -69.592779 
8 123 224 642 715 1164 1990 2003 2965 47.923620 27.383355 -40.240003 20.341029 -86.884191 -92.895803 78.211741 -33.469869 
7 1 107 309 1081 1143 1233 2903 14.621504 58.336564 18.086880 49.371544 95.325728 65.102736 7.158972 
12 78 251 266 480 579 1058 1075 1084 2431 2521 2616 2817 -84.682794 -18.029802 -75.264012 -9.463233 -43.833810 74.613546 52.373422 30.386913 -50.016503 -37.536841 20.052683 87.408048 
6 327 1281 1403 1451 2775 3308 20.983721 -53.282364 17.675005 -46.010366 -75.766462 24.564265 
4 817 1301 1994 2521 -93.924992 1.790083 -87.349934 98.025134 
4 1192 1957 3155 3390 -82.856966 45.985828 1.415068 -40.086721 
9 300 419 1064 1304 1500 1835 1992 2168 3000 78.542896 -28.899623 -89.636347 -96.353650 53.527066 -82.220286 79.735241 68.966617 29.941524 
12 49 1401 1544 1571 1675 1805 2486 2894 3139 3223 3251 3266 -57.966578 -93.698417 -30.786253 42.864170 70.179560 23.639694 -9.379202 33.938492 -42.248130 74.847877 -28.724870 -91.168323 
9 47 999 1107 1640 1676 1894 1981 2375 3444 42.434999 80.660371 15.226403 91.315601 92.398474 75.260353 -14.156950 87.454727 13.089094 
7 1432 2008 2374 2525 2638 3219 3493 -11.601296 26.676510 68.217525 -39.627664 -84.370640 51.588969 26.328586 
6 346 1038 1765 1861 2022 2486 -14.352511 -81.751910 63.230588 0.794305 -94.566600 -41.022851 
8 126 229 1054 1374 1537 2247 3244 3284 -99.185748 -31.168323 0.644606 15.402277 -7.215525 -78.049270 -67.120671 75.431884 
3 1368 1425 2001 -75.518135 7.199217 42.774545 
3 1063 2101 2946 68.373110 41.575326 -54.371826 
6 652 1281 1427 1851 2846 3458 -88.803929 -79.527832 -1.605599 50.963192 71.519236 96.347883 
6 174 261 863 1538 2466 2803 -83.355291 -76.035112 90.290870 -78.393441 -2.542752 -42.526690 
8 179 941 1213 1256 1835 1855 2463 2493 -51.794429 -1.222400 86.400063 75.233895 63.306660 -89.598736 20.115778 76.996449 
4 6 99 682 1222 39.921889 -21.993370 14.304090 0.398677 
2 1076 3231 -43.439202 -38.934596 
3 371 842 1284 18.843309 -77.504725 64.735261 
6 1760 1809 2185 2413 2992 3151 3.197999 59.937120 -13.444761 96.130971 48.827116 57.403066 
8 756 777 888 1087 1282 1422 2424 2802 95.553415 -61.667375 90.977979 -12.187351 -8.490150 90.191275 16.321205 54.545568 
2 734 2716 -0.751617 -33.301234 
7 417 697 1434 1722 2359 2385 2782 49.458880 -86.296729 36.185906 11.246975 74.302734 -21.692313 82.366605 
3 331 663 2432 63.610832 67.513804 -76.828862 
9 1048 1507 2059 2073 2313 2628 2819 3198 3470 -35.862852 -54.891180 53.946065 -39.089291 27.486364 -86.600815 -86.493071 -74.143988 83.192438 
8 588 834 1092 1585 1791 1868 2039 2473 70.681269 86.656228 5.185447 14.894661 -30.592171 40.221910 67.533235 63.450193 
2 259 519 19.368738 -93.965706 
8 495 567 648 1121 1195 1584 2440 3194 57.347875 10.846403 77.093919 31.228051 -84.606582 -46.836191 70.934006 71.792526 
4 1314 2643 2761 2762 45.399307 14.806427 42.848881 1.486535 
4 632 1038 2414 2604 9.941099 -93.434644 -27.945819 78.251617 
6 640 844 1777 2418 2743 3471 -33.276693 -31.504196 -10.298769 -58.994468 -50.265318 -53.421687 
9 203 773 1170 1355 1368 2473 2624 3096 3499 24.976404 -96.563412 -65.513316 -6.222640 41.043652 -64.252442 -45.342775 25.062730 32.848630 
7 139 250 899 1303 1555 2317 2982 -0.001075 -41.711630 41.983069 72.789815 24.784199 -93.288624 60.733235 
8 46 160 418 1128 1596 2599 2812 3217 37.370112 95.564804 -57.864744 65.105639 29.513056 -9.739169 -48.238185 49.517565 
7 594 1206 2307 2330 2520 2930 3160 -32.329607 16.930112 9.741765 70.444074 -90.479001 29.684513 -27.070289 
6 999 1217 1745 2562 3024 3290 -76.301185 30.025576 -46.213736 2.422289 -2.442878 -73.508202 
8 24 938 962 1463 1479 1929 2567 3195 42.928719 84.309446 -13.173658 70.022952 0.168727 35.561035 -55.166658 -93.496460 
9 0 166 739 1206 1958 2003 2099 2156 2892 83.198023 49.524356 12.876149 -74.222017 -8.635426 35.496018 -94.557309 34.969403 -65.094223 
6 341 1607 1631 1706 2988 3033 95.532380 78.781074 -59.926347 -73.428768 -47.602354 78.621904 
11 188 218 1189 1344 1358 1574 2018 2247 3027 3216 3386 -46.144438 -93.199975 -96.927957 -95.173023 -17.995462 66.979164 -49.520805 -31.509246 -12.827026 -83.397566 -55.643046 
4 667 1959 1973 2018 89.167254 8.961009 87.266178 98.167894 
1 2283 -75.275541 
4 7 1314 1348 2679 1.107325 70.555080 -92.356550 -66.608096 
5 209 1196 1487 1851 3185 -10.777061 -78.507153 -50.102125 40.309881 -99.341505 
8 79 333 1195 1748 2740 3199 3417 3463 -31.932431 83.318934 15.235780 -9.223113 -93.128072 -76.796523 -77.399850 -66.317865 
10 10 366 386 511 560 991 1947 1980 2104 2446 8.991960 45.102517 -80.727905 -95.890487 -53.274091 -99.841956 -49.402119 -56.513257 -21.945016 44.995120 
12 200 231 1102 1259 1749 1904 2370 2481 3022 3270 3454 3499 -11.865627 -18.661559 80.215842 69.216621 -3.534942 62.803445 14.149463 -74.343112 37.194187 -51.192270 61.359422 -61.836983 
7 83 1044 1301 2179 3011 3068 3497 -68.813416 1.429947 -16.346532 90.353878 4.167520 -75.691222 -49.914347 
9 437 564 1068 1148 2264 2675 2894 3130 3191 78.709829 -85.124177 9.734751 58.913164 -73.296674 2.060928 -20.820785 49.145941 21.416607 
8 37 245 1116 1429 1463 2370 2831 3031 90.241890 -10.763798 77.377671 82.010712 -99.457623 93.329238 11.274170 -8.256962 
10 162 256 818 1027 1610 2119 2157 2544 2687 3475 45.884554 10.076488 -9.029998 -40.299920 77.190066 -55.502156 19.529230 -54.197609 74.131842 86.597159 
8 780 1000 1090 1757 2206 2835 3365 3498 73.042581 -17.984513 22.260919 97.678974 22.213237 33.775771 36.299323 6.592399 
10 167 661 861 899 1361 2033 2215 2253 2939 3118 -74.589509 -19.840703 -31.184829 80.893267 57.041273 70.874359 1.852924 -72.246197 55.262776 34.040844 
5 1285 1578 2683 3361 3388 91.205669 72.095255 92.574879 -81.568666 -25.646006 
11 18 219 751 1390 1861 2606 2819 3086 3231 3299 3420 -79.720691 90.278978 -85.542470 78.896342 -81.236246 -49.568607 -81.264085 59.410967 -5.458038 -67.499889 32.140330 
7 347 1418 1440 1872 2382 2466 3251 -3.579872 -41.876678 13.733581 -53.264749 -30.561531 15.292349 -99.180941 
6 961 1075 1718 1816 2585 3358 -54.302960 -43.884780 -59.156090 98.957484 86.890133 50.216762 
2 999 2976 86.302051 -90.106484 
6 190 1169 1283 2714 2734 2965 -27.531871 -17.488838 91.135657 -46.259774 -76.431072 -70.550636 
4 258 1886 2192 2864 -75.786978 -31.264192 47.225270 -78.523012 
6 741 1124 1238 1539 2044 2776 21.996930 -12.142002 -90.939576 28.982556 -63.089197 -46.090901 
9 662 1007 1953 1975 2303 2392 2617 2653 3100 -92.315548 -7.356677 -65.446051 65.850165 31.226778 46.004661 0.596588 -27.080455 26.879510 
7 313 808 1184 1751 1891 3076 3340 -90.187146 30.753220 -20.961231 -84.438024 25.892958 71.303443 -26.833934 
4 471 675 1216 2179 -26.349520 33.183509 85.927702 -60.561756 
5 579 1671 2375 2591 3148 -4.832727 54.063062 36.625865 -51.243729 80.702162 
8 429 565 704 1006 1245 1702 1792 3370 -25.068254 12.728512 -96.770221 93.984319 -58.184267 -61.869139 71.120032 58.425303 
8 227 242 663 1583 2414 2477 2531 3258 -12.536115 97.050029 -94.030585 -81.935661 89.861633 68.772238 19.462325 52.425695 
4 223 484 1791 3123 -75.751184 40.621539 24.343215 56.309700 
9 403 1511 1615 1994 1999 2847 3421 3428 3433 -98.343040 51.923424 -68.002888 -61.482716 52.464227 -97.225906 -8.495811 27.451211 -23.002147 
4 129 867 1032 1090 -65.445134 -30.413938 3.099197 12.918973 
6 655 1167 1199 1632 2762 2812 36.951781 -5.978002 87.145677 -0.674192 73.348199 52.798889 
11 230 777 1156 1364 1734 2007 2056 2423 2452 2606 3060 -43.304103 44.230582 -71.360479 -16.330312 78.795764 3.701089 -41.343907 12.908499 -61.822719 66.270295 70.501723 
8 120 444 1072 1330 1590 1761 2841 3233 -62.763905 -73.305927 48.028362 -54.411190 67.856643 -57.636339 68.800360 41.704483 
8 786 1120 2767 2949 3140 3163 3325 3332 47.061392 71.861804 59.051211 -18.372493 51.897599 -55.657775 8.691737 -52.062381 
5 230 522 1396 2584 2871 66.411825 -48.050892 20.104957 -41.225080 12.598688 
6 636 1054 1559 2629 3164 3435 -14.075611 -34.544819 -98.827246 95.635301 21.556452 14.486415 
6 522 1092 1405 2376 2529 3016 47.486588 49.901170 -84.070326 96.192046 4.375218 71.712998 
8 1001 1049 1805 2437 2450 2552 3250 3325 -67.063301 -21.591296 60.897808 -29.226218 43.428803 54.860882 -15.243507 92.663841 
8 1056 1080 1205 1997 2059 3195 3204 3372 81.947001 86.420346 34.088485 0.942919 51.851954 -67.594017 -5.263318 48.426104 
8 261 783 1082 1451 1521 1714 2022 2605 -7.670349 -81.338600 91.948743 86.388242 95.380777 -56.669864 -21.954376 84.977168 
8 285 343 1530 2025 2064 2896 3492 3496 37.344103 21.379186 88.339918 75.606961 -73.721115 -37.462063 -29.745334 58.430917 
3 592 2754 3241 85.015350 -48.415347 42.481867 
2 432 1932 70.823774 69.111408 
3 40 1139 1898 -28.651421 -35.958529 -15.875107 
10 68 557 784 1099 1435 1978 2198 2341 2972 3343 68.324944 43.050974 -13.780441 -70.503306 7.712997 24.121149 -72.929635 13.616416 44.442103 -85.010963 
6 757 950 2370 2999 3351 3417 -69.828865 -8.002409 86.728176 -59.913075 -95.442108 -96.901830 
4 289 1706 2342 2573 64.904250 55.609636 8.234220 -41.401263 
12 444 472 1240 1266 1596 1627 2019 2363 2458 2665 2799 3283 39.398924 18.693178 -1.934035 -0.946066 -48.262199 71.116038 78.607086 -68.756577 -63.661481 -61.959150 -99.483249 97.039592 
8 357 381 632 1341 2149 2365 2546 2850 -45.418543 77.053257 -34.150568 -8.356266 86.269965 -25.219834 -49.686224 19.321984 
11 400 403 709 1744 2022 2112 2208 2785 2994 3157 3350 23.035997 51.094124 -23.672234 -49.726624 -65.189246 15.156995 18.959846 -24.985173 -44.745581 -42.984051 -64.794891 
3 658 1425 3261 60.027375 -42.062683 -33.514391 
6 293 922 1117 1199 2926 3182 56.627304 88.553945 -63.063532 -57.975087 6.228594 -20.572543 
5 658 1997 2089 2923 3238 -55.417741 -71.605766 32.424040 31.395225 -86.092307 
11 726 733 1406 1575 2099 2350 2544 2715 2736 2769 3031 -55.243739 -94.159131 -9.920405 33.200176 -4.620966 -80.094868 59.830472 85.829840 -70.249336 53.223985 -12.449921 
11 348 998 1025 1091 1746 2294 2456 2723 2784 2962 3095 -59.509858 29.879619 76.677413 0.777901 -22.926816 76.185532 43.996936 15.662191 -99.374855 30.657411 -58.963931 
4 2572 2590 2595 3174 -98.481396 -66.263855 -50.959424 -24.615730 
2 331 2767 88.159696 55.262549 
4 548 2623 3007 3470 -16.506545 67.246936 -19.103881 72.175469 
8 189 239 896 1482 1770 3233 3324 3368 -45.677674 -1.713668 -12.080394 -33.235653 43.928850 51.131887 14.692203 68.955075 
8 305 882 1339 2325 2444 2462 2481 3038 42.577155 12.440172 70.855427 46.452551 41.906609 52.548566 21.121861 44.487496 
9 6 410 914 1180 2348 2690 2965 3061 3212 -72.823594 19.476781 -75.839188 95.003153 10.523922 -83.136004 -77.091681 -77.960051 -16.012696 
7 414 675 1668 1964 1977 2858 3355 -79.037442 -51.606883 -9.054788 -36.773763 31.286937 -66.242929 -65.419996 
4 66 126 451 1956 50.105269 52.924933 -85.971323 -36.177261 
8 211 375 641 1319 1794 2546 2594 3130 -56.161226 -89.641951 29.769139 -84.237993 -66.196465 4.617733 3.864956 -47.506594 
7 9 371 911 2749 3050 3226 3381 47.249427 26.664744 43.402931 45.506285 -6.501436 -38.879097 -26.607917 
9 52 571 574 790 1566 1839 1840 1961 2847 9.319050 -6.454933 -51.126879 31.605711 88.354713 75.426520 18.840889 82.623656 84.998893 
8 84 112 274 1013 1292 1296 1925 2240 78.143121 36.135522 89.309307 -51.947194 35.887939 58.137286 31.650577 37.020873 
4 554 2611 2928 3299 -12.997052 -25.757731 -87.370713 -12.899603 
6 428 1341 1438 3031 3239 3370 89.991008 88.864943 -30.678362 -70.019420 35.550097 -77.479795 
4 209 2356 2643 3352 50.723269 76.798024 7.231189 -54.370629 
4 601 1113 1257 1490 -24.109060 30.102757 76.470685 -3.456069 
12 12 25 931 1938 2411 2439 2799 2811 2812 3085 3312 3379 5.621064 -75.767074 96.854289 -82.124311 -80.723220 64.973266 -94.272675 91.791009 62.011919 -59.499966 25.071951 -62.464679 
9 356 585 1070 1368 1434 2977 3134 3146 3236 -50.594300 53.205174 8.052624 63.275456 60.644802 -37.361347 -15.297478 6.911371 55.791369 
6 834 1002 1176 1386 1664 3037 -62.517242 -88.924998 -68.666834 13.752440 -55.942553 -60.948519 
4 229 726 2465 3173 88.307749 34.828807 -11.393341 77.853701 
6 190 828 1552 1960 2333 2425 -30.187155 60.968474 -38.488464 71.766889 -67.200635 4.499913 
8 117 146 606 1004 1846 1940 2470 2563 -28.009734 -31.787376 -56.432094 83.686509 -33.795174 14.575978 -35.519848 23.968655 
6 25 391 1264 1675 1979 3234 69.768748 84.064991 16.460585 -35.002179 81.870066 31.444575 
6 1401 1751 1796 2398 2471 3409 37.508637 61.638158 -29.664598 -27.211314 48.662131 -33.766475 
8 6 107 954 1036 2560 2620 2855 2873 -72.734270 75.230213 -98.561938 -55.228588 20.143203 71.617010 -87.687095 -74.213808 
6 180 849 1295 1936 2232 2648 -75.194371 -27.942274 32.307005 -70.862376 -26.832415 -60.798258 
5 221 941 1913 2230 2281 63.118438 -38.682997 77.468653 38.507845 -18.229572 
6 133 940 1633 1663 3160 3441 73.198731 95.886075 9.034897 20.219496 70.538850 -48.711781 
8 721 914 1120 1171 1610 2504 3432 3468 20.466639 24.713229 96.786750 -65.595269 -41.261571 60.097268 -38.684724 13.665820 
4 536 1527 2170 2526 46.993656 38.795230 4.260499 27.772072 
8 22 199 214 362 871 1266 2560 2664 36.474956 2.829674 -19.135389 -6.891691 25.073450 -3.575922 22.799321 -89.951774 
7 184 581 725 1571 2027 2067 2278 31.278020 22.315492 59.132505 -16.018139 -67.319333 -73.666496 52.089443 
4 584 1091 1286 3470 64.041500 89.498124 -9.815448 -59.497991 
7 541 709 927 1351 3006 3145 3334 -81.571856 63.535314 -5.525592 35.828143 -87.672435 97.983109 -25.015070 
11 842 1161 1171 2061 2123 2157 2626 2896 2955 3313 3404 13.264974 -91.540392 -63.184173 -62.365721 -41.321619 81.398826 -90.779311 -1.697708 -95.406987 -89.870962 -6.216780 
14 483 484 631 678 725 759 880 1282 2066 2740 2999 3066 3319 3431 -18.853607 74.275397 89.470264 -50.562164 -54.534293 17.581471 -21.861846 78.362533 1.606075 48.694440 28.036317 -44.025523 5.307922 -54.611307 
5 186 600 2951 3097 3264 74.315662 15.728032 5.928837 4.289025 -65.582973 
7 163 374 735 1625 2012 2557 2756 -39.760741 -42.875579 43.020417 66.724476 91.633229 90.176251 -95.934713 
5 1082 1163 1963 2340 2589 85.666284 90.531029 -13.037931 -6.929926 27.303431 
7 539 904 1414 2508 2715 3092 3293 43.774367 -63.591933 -98.468630 52.007028 80.654072 -26.354022 -65.283111 
4 110 591 592 2311 -22.210565 -70.805689 -28.248085 -95.797396 
6 983 1470 2277 2384 2736 3037 86.929601 57.957104 -17.455946 -16.954499 -18.491857 37.104254 
9 595 1250 1257 1546 1910 1947 2181 2238 2337 -86.314523 55.862372 21.868235 49.445061 14.299626 -12.624801 -53.006649 -78.466916 -87.558761 
9 667 1136 1274 1470 1761 1948 2206 3304 3476 -89.215253 22.209372 78.342493 34.219805 92.138541 -78.508285 -47.574462 71.286762 -92.144551 
6 119 1254 1499 2119 2660 2845 -83.992938 -29.077084 -80.868922 -69.508150 -52.667880 25.516273 
5 571 1697 2008 2988 3385 20.279839 -66.159213 56.469050 -8.699375 91.806892 
9 223 284 1058 1127 1178 1979 2082 2296 3265 -33.688968 43.102851 11.166655 66.124836 23.104243 -92.004320 -47.009065 83.024333 66.067848 
6 137 357 788 2575 2688 3301 9.639194 -68.120130 51.004955 -84.530016 -22.672658 86.340970 
9 135 359 732 1274 2011 2241 2541 2581 3118 40.214694 -18.888670 80.257071 -87.100306 34.996834 32.388192 -18.259217 10.288240 -87.843674 
9 204 685 851 2062 2570 3051 3343 3388 3461 -73.980610 -5.402519 94.663871 3.599480 2.764658 -77.123912 -46.251897 55.872821 -3.821852 
11 93 735 1303 1656 1730 1965 2216 2539 2696 3162 3381 -76.750014 64.933239 51.697839 2.807314 -38.272819 -67.271699 93.272111 -68.109062 -34.958339 42.294996 -20.380366 
11 224 1219 1246 1786 2202 2255 2355 2721 2864 3116 3308 -33.219205 -89.686487 -63.093644 31.282780 -49.709041 -59.169518 -67.024356 -86.294629 44.403022 84.772819 -23.562268 
2 392 1071 -35.804632 -81.426538 
8 444 549 1841 2370 2411 2504 2738 3261 23.399281 80.211360 -10.997292 77.086833 -30.297750 15.008834 88.506751 -72.047455 
8 143 363 655 1321 2430 3075 3398 3483 14.503968 92.983237 -48.507478 94.861163 -14.532099 64.211170 76.164719 -89.081142 
10 154 1269 1450 1762 1927 1948 2274 2509 2852 2862 -49.262871 44.321073 -39.640691 78.437059 14.781653 54.056405 -16.764734 52.942758 21.961570 -72.925588 
6 1052 1073 1088 1433 2420 2468 90.063223 46.761619 82.194662 -55.415436 -18.503928 56.965054 
10 113 297 1253 1690 1747 2012 2024 2131 2439 3001 -68.071627 80.516045 -75.308083 81.570721 -9.447763 -99.212413 5.776888 79.370774 -40.120601 -39.716371 
6 1495 1675 2307 3065 3226 3363 -33.622034 92.085761 -16.394255 -11.167576 -30.521227 63.631776 
5 975 1211 1566 2248 3119 95.893104 44.456814 45.273331 -45.384616 -60.104193 
8 737 1172 1987 2159 2222 2444 2879 3322 39.967445 -85.105111 -29.134351 69.628193 -97.778113 9.714218 20.817228 -12.646282 
7 136 760 919 1261 3009 3325 3430 -95.619751 -98.716816 25.516970 -70.355869 -61.793551 25.045269 83.225048 
1 1439 -81.219199 
5 270 690 1662 1664 2341 -51.468433 -69.856870 95.613091 -71.851786 -45.079711 
6 722 1702 1730 1803 2453 3002 -92.196400 26.863764 -72.428878 -41.853405 -18.228205 -62.076261 
10 104 313 777 950 956 2211 2216 2295 2368 3396 -26.785278 98.505648 -15.266649 -91.192010 -78.176360 -69.244021 3.231886 -8.292774 98.175267 -0.338242 
6 376 1942 2760 2780 2887 3308 -8.571120 10.908061 76.504552 36.734022 3.217606 -73.771146 
7 389 535 915 1279 2173 2869 3281 53.368264 -74.267019 -98.429535 -34.267434 -63.670639 91.781186 -48.214834 
4 371 1232 1434 3370 -58.150519 -67.661285 58.325331 68.633821 
3 222 371 2774 -82.815247 -97.569864 15.429545 
8 35 389 1142 1258 1496 1585 1654 3077 0.193552 61.231429 -25.204626 18.922221 -46.109493 76.602682 67.494837 -60.761802 
6 587 628 770 1264 1810 2794 93.683864 39.626568 43.826679 66.586769 59.741485 -45.645666 
7 329 660 827 1138 1506 1594 2103 37.758187 32.357301 -14.178026 69.707262 -39.758401 17.008443 -89.258502 
8 1407 1685 1715 1724 1788 1870 2111 2835 47.163175 -82.338696 27.144091 -66.491785 -55.211680 -3.789099 20.784426 -93.745410 
5 42 578 759 885 2771 -71.335303 85.013917 80.277871 66.858642 -26.840297 
4 221 1425 1959 3070 24.194924 -70.954780 -87.481694 55.576974 
6 54 184 950 1117 1192 2955 -60.008116 82.035047 -74.403275 -38.203359 -62.162676 7.931943 
7 617 974 1140 1446 2009 2020 2096 -81.592922 -46.329969 47.868011 8.511748 20.255407 9.777234 62.810579 
2 1001 2073 58.683192 -10.007702 
12 38 373 647 708 738 1266 1270 1311 1360 2297 2352 2717 -80.538099 52.189242 47.027958 91.723785 -94.986108 -56.528912 45.750063 -42.502987 -86.765186 -57.233422 30.661908 -81.779715 
8 569 1288 1584 1728 1735 1846 3126 3409 -79.971457 -5.967179 -89.565325 75.116537 -83.495827 -38.087947 53.146222 76.050576 
3 2084 3284 3390 34.323741 91.301127 -32.516502 
5 824 1255 2163 3107 3180 -44.238557 -18.187778 -8.916378 17.279031 21.296593 
6 1115 1165 1642 1922 2727 3285 8.196926 85.004532 1.183882 62.118083 -89.412210 -46.135813 
7 138 920 1184 1545 2082 2593 3043 -65.399169 88.964651 11.492464 15.911272 -95.956534 -82.319416 53.112694 
8 1551 1877 1948 2387 2623 2799 2814 2862 -85.404436 45.116919 -44.803775 -1.566887 -2.051219 62.163193 -15.911164 72.605830 
8 288 477 796 1332 1487 3051 3171 3363 -89.679602 2.886345 32.807145 -78.391645 -50.725146 -1.541522 89.685059 -62.824742 
2 1931 2007 -34.439551 40.845724 
10 88 181 357 1143 1366 1940 2136 3015 3108 3477 -35.747506 8.731240 52.421710 -85.953252 -13.117222 96.814930 96.282703 25.829292 41.468045 -36.265877 
7 371 985 1174 1340 1524 2220 3441 -73.293416 -32.532748 89.437354 89.032038 82.443787 -15.594111 -83.527657 
5 24 121 427 572 1760 15.966495 -64.964136 -38.485531 76.171720 -6.338179 
6 697 721 1452 2115 2133 3381 54.415980 -11.762861 58.661534 -11.739507 -63.637152 -42.914121 
5 621 1537 2566 2908 3367 90.006016 73.498664 -18.671370 98.449803 22.085382 
9 564 577 835 1084 1119 1346 1509 1663 1670 -7.917120 50.946615 -69.076243 -3.342713 -82.088030 -94.312012 45.110363 -60.125283 -1.989916 
3 2168 3078 3106 -80.247367 27.585830 -77.119823 
12 377 1263 1387 1586 1746 1748 2183 2366 2712 2867 2955 3131 28.075107 91.984170 -32.180854 61.941338 -23.535530 -96.386301 38.955770 5.949436 -87.673057 3.714339 26.586010 -27.102694 
10 294 349 650 846 1285 1543 2402 2480 2681 2687 -50.321855 -23.626405 39.069711 -45.013559 9.614660 7.408225 85.123894 67.946459 38.177573 -25.239233 
9 373 975 1345 1621 1970 2466 2764 3018 3272 8.859776 37.288835 -52.743161 -71.066627 -31.384299 -61.354370 58.961541 9.918833 -16.366684 
6 473 941 1090 1286 2409 3124 -32.865735 43.184689 67.781735 -26.242995 89.475564 -79.954587 
10 896 1002 1401 2055 2579 2587 2957 3171 3267 3449 -7.942231 -25.563181 -49.946266 71.007705 33.531821 92.111371 -40.003678 27.287785 33.024924 53.975841 
6 615 653 731 1248 2260 2413 -9.148042 -40.537098 -18.300650 25.523047 -52.085164 27.399891 
7 155 614 785 2062 2713 2951 2983 85.585852 -47.008684 -72.430883 -55.064103 30.082142 -69.275159 -3.967989 
9 327 494 722 1315 1564 2309 2491 2662 2866 -39.380868 -93.360349 67.057698 8.538653 12.386552 72.819982 -87.842645 94.124302 -77.350267 
6 376 598 1225 1471 2527 2636 -99.007380 90.274095 82.101626 35.744483 -50.420951 25.158454 
6 540 1519 2007 2496 3014 3331 74.697719 -59.008831 -35.562764 81.168670 -52.843271 66.390976 
8 159 299 319 324 375 2261 3295 3323 79.351664 -75.235637 1.867319 -87.094565 -78.439627 -64.754702 50.353844 32.810389 
9 55 121 786 986 1179 1654 2120 2121 3066 -77.390004 -3.860946 15.074545 -62.257182 20.317487 32.537058 25.030727 -17.101967 53.039345 
8 105 145 791 1205 1395 2634 2850 2916 -43.687331 -91.820693 -69.741124 -38.913173 94.284742 -21.658019 59.856515 51.465929 
8 376 671 855 1341 1429 1827 2357 3219 43.018072 30.668225 44.625678 -1.462623 18.004739 94.896602 10.576527 56.153777 
6 205 310 358 1488 2166 3119 -14.930399 -24.050013 55.894360 35.760066 92.723517 -16.825079 
7 468 548 1518 2642 2882 2986 3297 98.279909 -78.674616 -25.173951 61.306237 82.790888 -58.081397 -32.817994 
4 487 1288 2315 2448 19.983827 -75.287707 -18.104717 -16.035013 
5 983 1165 1566 1991 3009 -0.954807 -72.789841 -36.352447 -3.838646 -59.907108 
9 542 595 1024 1154 1412 2063 2434 3198 3329 53.299514 -1.317551 68.404555 -62.597411 82.912381 88.508841 -67.997586 -51.416030 -8.267538 
7 295 888 1144 1804 2567 2745 3332 87.720662 -82.627179 83.775762 72.011792 -87.197852 -6.448627 82.537063 
5 608 1678 1786 1887 2105 -51.993535 33.548443 89.306589 -20.423263 -78.430794 
4 293 500 1091 1380 -45.394778 11.690334 72.794607 -54.828525 
10 323 577 607 613 869 1256 1511 2813 3204 3457 -9.779792 68.111171 -59.922903 -82.864093 -32.743874 72.287729 12.704095 -84.424324 46.089888 -96.328830 
7 44 1127 1220 1492 1697 1822 1895 -36.662845 70.509469 -19.060356 -60.659759 80.118629 94.332515 60.048684 
10 404 616 813 1445 1628 2302 2510 2784 2947 3233 39.505895 11.283141 -78.977878 -31.935361 95.943261 -76.737518 39.242886 94.707036 -1.159923 16.774918 
8 302 608 661 876 1897 2904 2932 3352 -79.868831 -84.821392 -75.341938 59.808571 -34.862860 -1.154904 81.499495 54.718219 
6 439 1670 2022 2076 2727 3380 -61.252372 -73.342554 -64.413713 81.409168 -71.565456 49.634095 
8 574 603 1113 1189 1975 2018 2350 2570 -33.164754 -43.396978 96.679286 95.512660 73.493179 -71.703614 -37.447645 32.774040 
10 306 545 755 1049 2077 2192 2287 2611 2631 2912 -47.643107 37.536048 27.706444 -16.976713 31.219896 73.730633 -71.439379 -84.457062 -67.651250 12.740912 
3 150 1534 1756 41.908634 -54.355197 60.637566 
6 256 1184 1192 1637 1640 1775 81.150554 -35.071062 26.273143 -61.361988 97.602474 -98.219025 
7 392 730 958 1112 2716 3202 3434 -38.624583 88.468300 91.260261 -16.296924 51.088700 14.433356 50.281335 
6 1781 1808 1864 2919 3011 3462 26.082556 43.701541 -69.264029 64.595364 -39.286411 -94.884122 
12 276 449 1478 1555 1659 2126 2154 2538 2948 3018 3066 3229 -77.943690 87.379345 6.691701 -19.675042 7.600610 -88.174434 -27.194820 -79.255001 29.214563 -78.114543 -85.443764 -98.857873 
7 1298 1432 2068 2852 2904 2976 3124 96.444297 30.699021 -44.967099 -56.076884 -20.569783 14.580615 -38.449665 
5 926 1261 1603 2950 3368 79.363794 -45.113614 -79.329960 -70.602405 30.726906 
8 121 195 444 1934 2816 2974 3092 3223 -56.469387 -80.236861 -79.506583 92.291838 11.671367 36.290673 45.379168 12.614510 
7 641 734 746 1472 2031 3322 3454 55.228614 70.474860 -84.284178 -32.223801 -97.850562 -36.699189 50.862151 
13 72 87 112 496 630 888 1760 2205 2371 2583 2652 2961 3097 -75.890932 -23.574266 -44.978326 -9.513560 5.647405 -25.899275 51.585976 -34.217126 79.868754 60.507682 3.220799 52.063868 93.597018 
6 177 487 824 2841 3279 3466 79.685369 60.034343 -68.120764 51.473986 88.270907 35.734236 
10 552 567 1596 2033 2363 2956 3084 3257 3293 3392 7.041313 -13.206990 -37.516450 -10.684350 -88.607652 22.930130 -82.110775 15.962521 75.155515 60.718093 
7 432 1976 2435 2600 2626 2929 3173 37.755428 -94.962255 31.710818 60.132987 -44.357445 -30.223003 93.300144 
8 932 1013 1192 1213 2018 2562 2928 3049 -63.255718 95.196263 33.067550 94.823908 59.953874 -67.464672 -40.445607 -86.135570 
6 691 799 1062 1335 2118 2768 -19.929188 91.563144 -37.663797 76.938444 42.599633 -32.878610 
9 397 436 733 1190 1334 1621 2279 2646 3444 -37.755026 -58.029727 8.317068 -70.111016 57.064487 91.361532 -34.770572 -39.849542 -12.846655 
8 208 1036 1374 1733 2273 2543 2910 3499 -6.298432 -98.724957 -42.401202 85.206332 87.706897 62.983454 -30.048201 -31.537099 
8 1092 1854 2492 2590 2888 2900 3065 3435 -48.997392 32.134752 -63.591367 67.227579 23.622981 11.414868 -70.848303 14.481627 
7 231 661 1000 1350 1604 2041 3292 13.595409 -93.242129 -23.600225 -71.036470 24.175577 -24.116468 -88.735071 
7 188 444 1028 1173 2040 3198 3347 82.564800 75.246526 84.337959 -91.647908 -22.335906 -18.172234 74.278936 
10 538 1829 2285 2293 2368 2733 2883 3067 3186 3222 -62.924310 7.238851 62.920297 -99.246161 97.880660 -48.325197 29.510676 73.482392 -7.364096 90.356609 
7 410 738 1207 1326 1478 2646 2647 -98.295592 -87.180400 7.076983 -61.673667 9.254214 60.152690 -90.271224 
2 12 2879 -20.123950 79.478813 
5 950 1892 2574 2917 3098 -7.519218 47.543620 -33.838094 59.779413 10.543495 
7 889 1191 1257 1930 2102 2270 3312 -31.009841 -79.883511 21.253843 37.085744 79.206309 19.368356 -99.218327 
5 720 1080 1552 2347 2757 70.102711 -56.410105 64.052138 -70.376304 -20.139399 
4 207 790 1158 1895 41.089948 22.954226 32.923882 45.570352 
6 275 787 1174 2003 3262 3436 -88.247663 60.015910 68.164408 -21.641690 -20.952239 -6.177977 
7 1197 1512 2004 2137 2294 3366 3399 56.468990 67.476272 81.924873 59.617583 28.378677 79.501824 67.997261 
4 739 2677 2689 2944 12.336846 -31.633378 -41.777908 -43.212679 
7 572 964 1507 1832 2119 2571 3164 -65.275391 -97.628188 -96.577098 -93.226779 -70.740280 -64.751640 34.023706 
2 65 1526 33.709436 76.583604 
3 780 871 1882 87.442357 99.533697 -2.127122 
5 15 945 1382 1767 2430 -97.699748 47.149783 8.122148 -54.481459 0.641470 
6 652 1031 1208 1394 1588 2492 -45.451048 14.614038 14.573432 -80.987015 -24.494571 -24.394203 
8 523 1171 1357 2549 2584 2746 3334 3425 59.490479 80.162840 69.454941 -75.302715 52.060583 -65.352830 10.933326 -12.002974 
13 13 551 664 774 916 1624 1978 2107 2231 3048 3180 3199 3444 -25.303577 62.356156 -99.813730 76.818638 -12.930711 99.102435 0.452846 -4.431052 -28.695164 -7.920702 78.724397 77.033902 -84.779253 
9 569 1038 1349 1439 2157 2318 2665 2934 3153 -46.097045 1.783449 24.849274 -81.870008 69.262387 -29.915904 -43.190019 -64.682485 78.117171 
9 154 634 809 1023 1183 1476 2342 3031 3480 6.508284 11.276963 75.460597 -24.797858 82.549005 -8.500149 -95.857911 70.126599 7.557883 
7 45 1226 1381 2044 2097 2401 2595 94.845798 56.027381 9.898479 40.239823 98.012388 55.785031 93.135765 
4 156 884 1258 2405 -82.759007 -14.912358 76.025953 -13.382837 
10 264 554 674 976 1320 1935 2110 2490 2621 3200 1.778614 70.937542 90.082767 19.640016 93.362684 34.114102 26.903388 -93.673000 -32.676597 49.463937 
7 521 598 2280 2352 2508 2836 3079 -28.380036 -57.174047 -29.695630 -56.662826 63.880448 59.776636 58.897870 
8 661 701 1045 1134 1147 1247 2668 2701 -52.914473 -49.847759 38.928591 -10.671661 28.600573 36.779759 -7.579895 2.845084 
6 113 259 1672 1922 2070 3189 -1.718300 95.366690 68.711047 72.965470 -46.572764 -54.589399 
6 210 419 816 1042 1527 2050 59.625858 -47.499535 -6.559335 -32.015773 64.918511 -71.867226 
7 1084 1276 1647 1754 2068 2117 2927 -55.449526 92.309551 74.465591 -96.186028 49.213503 37.573249 -7.980135 
9 845 869 898 1208 1272 1567 1681 1783 2302 -97.190289 -17.474847 -58.407496 -5.352509 -43.078849 72.791066 71.947824 15.065656 58.357389 
6 682 884 1659 2196 2233 2537 -75.732368 -61.318915 81.898087 -71.846843 93.741851 -27.671752 
6 571 704 1810 2509 2637 2824 -35.423934 43.900062 -27.218637 60.505783 9.395751 30.757229 
4 58 957 1711 3429 55.219943 17.978554 -56.106074 94.556026 
6 1003 2094 2125 2148 2608 3414 -51.438439 32.057390 -0.326468 69.185793 -45.322850 -40.061954 
5 100 408 1980 2115 3205 -10.673298 -75.133461 -50.928737 1.982801 67.782549 
5 9 2629 2933 3024 3256 -8.522400 -73.719016 8.949212 -17.530220 -50.085449 
6 554 1692 1957 1984 2178 2371 -64.107405 77.232866 25.010005 7.887644 68.066427 -76.927304 
5 21 350 529 986 2744 -11.139563 -72.466036 -15.901452 92.244980 63.274647 
10 112 196 776 1134 1772 1886 2460 2761 2990 3322 33.628924 22.903325 4.334176 -41.064809 92.691384 18.082330 -28.886783 71.095846 77.666919 -11.230813 
8 225 486 677 876 1607 2314 2533 2598 -13.192722 -21.022650 19.013999 -60.791823 -14.178885 57.842170 81.772782 -44.148598 
7 737 1118 1348 1444 1446 1650 2201 -36.357670 -45.275305 -31.949789 -71.046955 -78.500378 60.788877 -74.441943 
8 157 349 396 438 912 1186 2128 3369 -1.173187 95.209380 -39.516960 -1.198831 18.856973 61.541984 -34.269187 -83.146298 
5 596 1161 1431 1869 1950 39.691196 -70.864709 54.774771 66.885485 90.508649 
4 1596 1677 2507 2634 45.312063 -82.925822 8.047675 21.254987 
7 250 263 1098 1528 1653 1686 2537 42.346051 74.671777 -85.000247 23.187187 82.315717 -87.039030 -62.027815 
5 713 859 1693 3322 3448 -56.238726 -45.023597 35.415698 83.022116 -92.189812 
2 113 2760 5.151694 60.878500 
7 945 963 1138 1519 1758 2759 2896 -59.834701 -40.064231 -62.568943 19.628046 -49.244514 -21.367092 24.164352 
6 842 1532 1899 2257 2777 3361 -15.137256 56.976306 -49.595035 33.439299 -99.954085 -47.651461 
7 340 458 720 1037 1265 2176 3056 -74.695478 87.920684 -55.334968 65.478677 74.528047 31.911260 33.324783 
6 515 886 2243 2759 3118 3120 59.634650 -72.840003 -38.440623 83.015375 69.010541 -13.055895 
6 167 205 538 1262 1495 3093 -68.427616 68.729042 -68.207297 65.928938 -8.316841 74.088194 
5 161 1050 1731 2526 2754 -6.254843 -30.533537 -43.820309 -50.901250 0.114336 
4 837 2374 3304 3447 29.522193 10.779849 26.283502 -41.448412 
8 254 1144 1577 2281 2601 2974 2980 3180 -78.572374 -80.646816 -23.797221 16.726586 -51.718293 69.422809 -48.076645 -48.264617 
4 706 1451 1503 2555 98.759028 18.073163 -59.941370 -16.771125 
5 159 578 2549 3055 3384 -84.068338 41.796033 55.924428 61.629911 -89.989592 
6 806 1039 1154 1524 1991 3011 24.987167 94.732633 -82.874742 -53.742412 -70.379173 -76.588410 
8 18 33 192 283 374 941 1648 2931 -45.953567 -58.262022 30.218071 -89.982726 -52.263604 71.256668 71.748942 -91.479395 
13 188 229 319 630 1228 1555 1847 2283 2607 2630 2703 2833 2921 69.963690 -20.270958 -87.816739 36.426187 -85.034383 -62.132070 -77.760545 19.746569 -85.638154 -33.674857 84.749912 5.056446 64.852761 
5 903 1056 1988 2554 3358 -88.269533 -45.453317 32.632103 -70.549975 2.247817 
6 937 961 1192 2241 3258 3366 37.807593 48.924177 2.722897 -67.879790 -19.764315 19.518330 
7 447 842 1877 2078 2744 2896 3030 84.430467 45.161065 -6.166482 -39.227380 -22.430700 -48.878340 -69.284665 
5 1055 1298 1602 2518 3418 41.767055 -10.706550 87.086589 -66.825549 -15.027779 
2 814 3127 80.066875 58.972392 
7 656 686 763 1142 2385 2739 3268 94.427587 -73.638522 -45.904403 -6.801300 51.412371 -95.677839 -41.962958 
13 9 207 509 973 1079 1266 1279 1479 1778 1797 1977 2607 2770 9.661251 -89.319664 83.153925 86.399709 -36.781102 -9.066809 -41.626976 -97.728740 -13.094721 66.158973 -37.150220 -12.334077 51.296462 
6 689 944 1034 1242 1410 2833 -67.834729 -14.448518 -95.541343 -89.882144 -30.144179 24.579157 
11 84 835 906 918 1482 1987 2005 2207 2532 2769 3011 -34.187032 -93.551908 -18.739140 12.393539 78.634880 7.295250 5.204459 -98.716521 -81.057463 -78.889819 -57.173807 
6 961 1334 1897 1959 2745 3208 -91.178870 21.173236 -60.146763 86.719334 61.458681 -46.062460 
7 79 375 412 712 1056 2068 2419 20.602776 -63.866679 11.226895 61.313366 17.411701 59.812579 -16.617736 
5 436 476 1708 2030 3181 -10.720686 -45.352657 -9.676775 -26.635234 -67.936195 
6 83 1215 1535 2057 3095 3273 57.976761 -18.881013 45.355714 -4.121184 -66.578740 -89.098068 
8 4 378 586 1763 1972 2388 2919 3336 43.151770 45.047520 0.366264 -96.051618 79.601102 35.713383 -77.852566 -7.103729 
11 346 510 525 588 1488 2071 2389 2468 2556 2763 2956 33.506643 60.986221 -85.407299 -98.360816 19.801142 39.867220 11.473550 -44.745367 -2.269800 -9.265176 -92.655547 
7 257 621 1087 1099 1159 1703 2339 -10.271534 24.073392 -38.231274 -13.794432 -59.863455 54.102947 -37.435739 
6 889 1311 2167 2321 2696 3249 98.034590 -73.405030 -61.583406 23.325634 52.544510 36.622331 
9 625 958 1015 1873 1904 2395 2643 3187 3343 -45.982446 32.007167 -36.784414 -42.583499 49.365800 -56.429409 -53.557990 66.247431 -41.886419 
9 118 491 618 770 1316 1555 1858 2468 3036 18.245944 21.709515 6.472244 58.481722 40.046646 -48.005105 29.371568 -3.304867 -26.022720 
9 353 706 1664 1691 2214 2372 2622 2682 3427 -18.341446 38.265332 -22.903387 -1.977735 23.651190 67.080365 -96.225267 -13.074565 -28.279474 
8 69 645 1320 1447 1504 2276 2527 3223 -30.857872 78.159255 84.830593 -69.351840 36.758353 -90.070366 -80.446905 -9.671107 
9 33 474 634 1351 1996 2094 2175 2341 2365 32.594919 -39.767046 -52.932548 0.511726 -71.537742 -54.932650 75.285234 -19.093593 -69.277570 
12 114 284 441 576 1071 1442 1453 1820 1825 2278 2774 3077 0.432825 -48.986767 -98.814581 96.250577 74.430005 86.333684 8.719837 -39.544782 -62.481923 69.874391 -87.509944 -8.904800 
2 1466 3190 43.598332 80.760317 
6 512 979 1437 3290 3385 3419 53.320736 -37.224400 -63.302957 21.047721 -66.330753 73.750487 
8 579 785 992 1719 2003 2142 2897 3298 -52.414958 -4.201821 8.347664 0.900362 64.958700 26.535804 -22.195351 -96.799035 
6 92 1275 1852 2669 3029 3426 -83.680217 75.916412 48.166231 -85.938690 -31.174656 0.328039 
12 44 165 427 1295 1429 1829 2000 2088 2162 2600 2966 2974 -62.760115 -76.865385 73.672431 -62.495748 -17.190992 31.790344 59.087935 -67.252582 -7.677611 -49.922494 98.407214 -39.404468 
5 367 1037 1434 2167 2606 82.875826 28.529114 84.953770 -44.878668 85.862978 
5 95 902 1330 2657 3310 77.842748 -42.886659 -84.996656 60.502551 -10.297038 
4 604 775 1364 1725 82.332367 -93.279184 -72.921719 -66.513149 
7 265 440 704 1425 2332 3131 3169 72.993327 -23.817841 -47.352493 -82.627607 87.454494 -13.330083 32.900207 
9 235 436 1067 1195 2359 2849 2885 3101 3249 -89.206022 -95.252512 23.295797 85.682912 -99.998213 7.575135 91.975916 63.336600 11.451897 
4 1300 2183 3069 3254 67.465281 -72.159960 77.305028 -23.101769 
6 456 827 1244 2343 2516 2723 -57.148521 57.114086 -89.979182 73.253122 7.228773 10.688730 
5 1163 1250 1281 2037 2097 96.536783 82.117129 -55.922448 95.364750 -83.877137 
2 1252 3491 86.991355 -48.622493 
7 279 289 329 751 755 1795 2516 -32.656182 14.373423 37.417411 -58.550602 -73.163653 -2.213670 -41.535104 
5 14 390 1705 2322 2855 -12.475134 7.370022 27.966742 68.930638 99.983893 
5 497 708 1988 2554 3160 -88.075144 6.306870 33.571388 1.080520 89.979349 
5 878 1479 1496 1690 3036 -77.192247 -76.677469 54.777285 -82.606448 -80.857600 
11 489 681 1203 1273 1410 2153 2372 2650 2938 3128 3475 -81.694254 -56.366714 16.042915 85.479335 -83.497116 97.528952 75.663310 -42.647142 -33.633367 31.609726 -76.546487 
8 87 821 874 908 1194 1287 2086 2350 77.859093 -91.253184 93.773645 -23.890742 47.795493 39.213680 21.558478 22.212842 
8 671 741 969 980 1819 2142 2417 2889 97.684050 46.388095 -17.435862 -5.858669 84.521023 57.084701 95.465910 -61.716325 
6 341 512 1148 1653 2041 2447 -64.557032 -3.419086 -27.037202 -30.405233 -43.435827 -3.146835 
7 583 673 732 1223 1348 2341 3081 63.957428 85.801628 83.847245 -49.056563 55.685515 96.627061 25.971253 
6 860 1857 1958 3159 3272 3475 82.320160 36.589070 83.333257 95.127197 -36.628447 -7.408896 
8 617 881 946 1205 1517 1626 1647 2792 -79.131260 87.971015 -37.871388 47.159613 14.986854 93.124174 -36.979890 -65.425281 
5 1641 1716 2287 2756 3036 39.435609 -27.770177 11.560126 -83.318658 -12.751327 
9 305 451 747 1045 1673 1706 1829 2133 2413 -33.448325 84.509987 -45.548791 57.651786 -40.348992 96.758986 8.060925 74.024740 2.584315 
10 456 656 879 1023 1293 1567 1661 2167 2889 3027 58.711201 26.473328 -11.159451 -66.798667 46.127909 -75.924527 -15.758777 -34.217353 -12.370424 99.240286 
6 278 699 1195 1204 1240 2821 -34.472206 -72.470176 -98.254275 83.966245 40.136692 -23.366807 
8 285 654 849 1439 1517 2211 2505 2762 -80.120314 -5.377216 -48.238520 -18.440857 -5.673589 -89.167727 -8.995568 -54.127159 
2 428 504 80.890993 -28.382193 
6 152 384 1105 1164 2572 3023 36.907231 -12.007584 96.318906 -12.016722 38.498041 -66.646699 
8 298 338 362 745 778 821 1997 3126 -78.619323 -22.606341 64.252973 -28.558111 63.099292 55.479158 -50.871592 -55.831760 
12 549 663 889 976 1377 1523 1706 1707 2257 2675 2678 3009 57.286711 -76.881414 22.084996 32.908836 -82.141421 -95.295151 86.247515 -59.240455 34.303340 77.596447 -13.520010 -80.177452 
11 212 732 734 1356 1543 1778 1970 2082 2222 2574 3182 -71.627637 -99.191302 18.456760 -42.844796 -90.499966 -16.574195 27.079174 -40.185437 70.573256 -7.204967 43.783394 
9 686 953 1560 1576 2053 2321 2369 2589 2779 -4.194623 32.952153 -99.606370 25.370801 -22.767117 13.516723 -95.405266 -62.571278 67.064763 
8 402 738 747 811 1411 2022 2740 3319 -74.947849 -36.395101 61.756478 -81.243040 -54.255753 4.127502 -54.775402 -40.485686 
6 486 573 745 1674 2258 2564 97.804038 -15.344707 96.644144 60.131548 -45.203892 -38.529422 
7 248 362 377 445 459 1918 2686 43.672917 55.627360 -15.859779 96.901978 -2.692563 -2.855205 -31.392628 
8 522 689 1377 1662 2076 2294 2642 2786 -53.588934 -7.404466 34.604373 81.720154 27.086734 43.479841 -32.739037 49.805295 
7 304 958 1148 2285 2336 2700 3387 97.355070 -0.851008 -29.167070 -33.276484 -84.844439 -32.087267 -46.783821 
9 53 99 896 938 1097 1373 2306 3435 3452 99.218043 -93.450890 37.181074 -44.971058 60.671451 38.483290 -96.166936 -59.263500 -81.267534 
8 385 815 1544 1560 2431 2451 2628 2965 46.694089 -88.527060 31.361932 81.787156 55.129046 -33.049652 -47.803983 37.165342 
4 48 1255 3112 3320 -72.963434 -79.260763 -73.072394 91.610150 
10 487 651 1258 1309 1324 2747 2866 2992 3130 3492 89.716808 91.963696 43.599857 95.353508 -51.129464 -6.896572 -91.866460 28.650568 -93.588178 -1.173452 
5 99 569 1945 2772 3396 22.339837 -40.801963 81.705899 8.200218 -3.634614 
10 62 123 234 348 383 947 1325 1756 2346 2797 85.801662 -14.550438 -34.113561 -85.245505 17.474440 81.745359 -98.002874 58.162015 69.003953 -75.803826 
2 189 681 -77.883809 46.633175 
3 1121 2568 3212 -87.593375 -47.971374 -50.611937 
6 1388 1728 2387 3065 3159 3176 71.295896 14.162741 -58.995770 -35.468281 58.460014 85.557624 
6 805 1049 1984 2632 3100 3258 89.391655 85.819859 41.297583 -92.143887 -55.868314 67.684357 
5 186 2474 2734 2992 2993 -53.758083 -85.819283 6.483840 86.583688 78.477997 
9 117 384 765 806 869 965 2717 3171 3301 -40.490908 29.936617 -82.869957 -83.190286 91.864363 48.758999 97.389626 -9.747575 32.440539 
7 151 328 1381 1645 2342 2712 3437 16.891092 83.142744 82.302694 -1.742101 -30.630921 -62.910573 37.970050 
10 272 340 572 818 1013 1971 2486 2507 2801 3023 50.977785 -24.769897 63.292996 -74.650705 20.668378 34.888826 70.954584 89.175114 91.872557 76.911910 
8 187 289 672 1159 2060 2070 2507 2746 -43.843691 77.087574 1.931036 93.540695 -23.850174 -83.737236 89.312964 87.345514 
6 495 2039 2446 2810 3229 3476 -58.083787 94.293860 -62.423192 88.404530 -42.530075 -32.180130 
4 359 1984 2074 3457 55.395601 -22.207596 31.835967 -76.071602 
11 77 293 302 1446 1579 1724 1925 2610 2806 3000 3051 -22.322235 88.716948 24.674090 -8.196137 25.784860 -22.453999 -97.008892 38.217951 -89.413514 89.591676 -17.802093 
6 22 1112 1200 1316 2332 3139 50.943752 -26.084789 -48.334118 -69.438978 -40.662346 68.583923 
6 364 676 1070 1477 1868 2687 -33.535812 -3.311964 -61.846119 -83.130041 75.679560 27.939113 
6 891 1207 2092 2236 2677 2847 16.183450 -84.786131 -55.949993 -81.537869 -2.092885 92.332057 
7 362 652 950 2223 2423 2898 3176 -70.293007 -15.140474 -82.695833 -57.716731 69.865820 31.032528 -8.690236 
6 116 309 400 1069 1115 2045 26.989420 -94.009051 -51.911555 -14.231629 -70.031842 -72.485619 
6 876 1043 1991 2884 3190 3483 -96.702757 -67.151589 81.679726 66.361160 -40.522583 80.024003 
6 126 1020 1791 1998 2254 2464 71.975063 -48.832204 -36.650702 -72.394281 61.919853 -26.185445 
10 352 1524 1783 1803 2014 2125 2357 2417 2778 3099 -71.333472 78.411564 81.484072 97.743778 98.468803 -63.517085 -89.504795 -8.041756 -64.080640 -30.554237 
8 10 374 585 1363 1403 1900 2915 2922 3.733812 63.828558 40.221816 11.412010 -37.911690 -28.585572 70.047298 69.072029 
6 330 592 1116 2328 2934 3176 -67.205284 88.408451 -37.670028 79.359699 22.632276 55.758056 
9 73 651 1912 1950 2050 2148 2725 3151 3400 -39.881672 92.040335 74.270035 -38.237987 91.244524 -61.802276 63.225106 24.140017 -41.370566 
7 1103 1112 1205 1346 1515 2801 3032 -28.672191 66.732455 -0.855203 -29.804286 63.666596 7.782452 -77.199722 
7 336 1192 1466 1723 1926 2404 2872 69.332879 91.501668 -97.551360 1.873983 40.585496 -33.273460 70.568522 
9 191 471 668 789 1052 2060 2291 2510 3149 -39.552824 48.107046 27.801048 76.519235 65.087514 75.136153 -70.852705 94.638800 -52.527412 
6 228 1737 2476 2745 2783 3444 -25.252805 -1.988111 -13.152338 52.060395 25.894923 72.471143 
8 478 523 1508 1541 1669 2216 2407 2876 -83.718541 -12.730888 -55.492519 -9.298706 -63.759700 43.524402 -48.855147 -47.135343 
7 750 973 989 1203 2735 3284 3443 24.830029 -56.278115 -99.926986 48.504382 12.376313 -3.739983 37.390347 
6 747 898 1822 2494 2780 2903 76.681223 13.610805 -79.993096 0.430174 69.020402 -7.661610 
7 45 85 930 2040 2520 2792 3112 38.115683 -38.695827 90.250051 83.555871 -32.684201 92.304937 5.713284 
9 380 916 1304 1517 1597 1606 2033 2629 2798 -33.153933 41.470860 83.591262 -76.472639 -73.149687 93.854284 -39.821607 32.369801 42.164182 
8 65 79 1243 2147 2649 2925 3150 3493 87.303413 53.506389 3.601615 64.980894 -51.919068 -26.498370 -92.626395 47.480873 
5 509 1434 1594 1961 2033 32.402960 -2.280536 16.252623 -86.642749 29.924222 
7 62 472 511 1544 1570 1839 1854 27.439123 -56.346082 -68.503947 -99.952776 40.761535 63.564691 -29.823666 
8 502 1674 2194 2290 2464 2584 2777 2909 -13.723163 -90.771405 56.550653 18.875353 -8.664267 38.851212 43.160070 -90.845661 
3 850 1076 2259 23.361306 -48.682277 68.236174 
5 340 438 489 1385 3065 -45.757213 34.291332 -84.167248 32.899534 -86.665175 
4 129 2738 2842 3053 17.453287 -47.391047 52.185867 -46.164921 
9 176 1083 1394 2125 2142 2239 2278 2354 2421 31.212802 92.863451 -65.843075 -46.335729 -38.753495 -0.921986 -17.121192 61.828188 -25.555021 
5 480 1509 2243 2639 2808 -53.019499 41.241323 75.113051 -2.096444 68.783700 
7 105 282 519 751 2680 3012 3095 62.218202 80.822184 -14.065826 85.050063 53.290165 69.072328 -99.442148 
5 505 649 1666 1732 3010 -32.384203 -89.659909 84.923395 34.957651 39.320234 
7 449 455 1048 1499 2090 2280 2649 47.774550 45.699110 10.744066 -42.605269 22.401958 -71.718236 52.420615 
11 177 208 337 1100 1142 1268 1302 1584 1951 2299 2666 -24.228941 -31.075411 -65.041395 33.793280 -21.570062 -66.799500 -91.109338 -17.971030 83.730594 -66.650508 -54.102618 
9 92 148 286 1494 1971 1998 2738 2883 3360 82.686569 22.203031 91.195581 60.017200 54.316209 76.826140 -89.356998 32.254552 -44.333531 
8 653 667 1408 1629 1743 2222 3345 3443 -3.516105 68.619917 39.711111 -93.077182 84.564760 -67.426742 41.408267 30.757972 
9 432 1257 2528 2888 2949 3007 3016 3288 3363 92.317668 -25.504451 84.752073 -61.487535 13.541351 87.197402 7.879541 54.696749 -62.024589 
7 175 495 950 1057 1074 2495 3305 53.401712 -87.528220 -95.653679 65.907462 17.413901 32.495039 -81.070695 
9 18 144 376 943 2004 2066 2223 2334 3331 65.437821 -33.398496 67.099564 32.605740 -70.957013 -83.036316 -73.156462 -62.913635 12.577618 
12 350 877 1351 1383 1697 1732 1936 2043 2241 3193 3384 3462 -7.237644 30.453515 28.791789 -45.855232 74.696991 61.233927 -14.901770 -47.558350 19.218713 14.761030 -27.146207 15.861367 
11 92 548 1099 1151 1216 1248 1736 2294 2304 2860 2869 -32.966992 -58.981810 -91.770599 -75.030427 -54.329611 93.543902 91.717269 9.849767 -21.228853 -23.844604 14.185820 
6 25 863 1089 1122 2257 2797 -2.828577 -32.489979 84.635091 12.863852 10.629754 -4.965077 
2 243 1184 80.476103 62.290212 
6 243 797 1572 2169 3003 3245 44.110995 -79.444804 -73.310580 73.145688 97.825621 19.154528 
9 161 226 586 661 1561 2052 2538 3209 3413 24.796104 -94.289403 -37.729117 -89.983632 90.186635 -13.797143 -62.471463 -93.749832 48.294095 
8 497 926 1846 1867 2027 2341 2753 3284 -56.631485 -53.641188 46.583899 0.134654 62.760863 94.204263 -62.154194 -0.503628 
10 278 432 880 1416 2149 2298 2760 2975 3025 3438 -47.154116 -38.410322 95.236062 -41.323962 -5.475137 -17.951941 -15.733324 -62.789868 -92.376163 -69.632598 
13 497 1021 1129 1274 1391 1570 2178 2244 2395 2466 2761 2773 3341 -98.049297 82.874934 30.671161 -83.959796 85.473941 -85.192191 -18.197147 -86.515437 -58.646528 -73.262663 -74.575443 -64.757222 -55.343097 
5 159 1202 2325 2396 2940 -64.706085 -82.592620 -6.772421 -54.950300 -44.771170 
7 679 997 2380 2588 2666 2711 3238 -5.366595 12.557444 73.795152 74.517273 30.470013 91.897506 24.807358 
8 463 725 913 1112 2027 2553 3436 3493 -81.063719 -90.415975 24.350964 -63.997758 -69.214056 74.359600 -95.341366 68.788424 
6 200 1493 2487 2940 3305 3497 54.506344 9.664869 -97.199645 -52.680152 73.251988 -74.097605 
6 164 1143 1343 2359 2893 3077 -80.601640 -25.378595 3.956924 -13.410810 90.549447 16.886985 
9 1024 1234 1243 1391 1955 3147 3231 3247 3269 -60.463572 34.108089 34.057525 20.977681 66.815928 -9.774359 -43.254881 69.429053 -89.367178 
7 334 386 407 1527 1748 2075 2223 10.905103 47.171399 -60.989711 2.693507 -99.666849 98.559767 -43.494114 
