5000 3000
7 724 1071 2055 2247 2312 2504 2762 77.633737 -12.217062 80.817032 87.264482 -53.337329 -39.241713 56.386215 
4 29 350 823 949 -28.293682 47.370774 -22.777178 -67.477627 
2 1496 1821 55.177714 -18.471275 
6 124 370 1810 1985 2143 2372 93.483872 -11.347579 39.480410 -33.210000 48.270325 19.345701 
4 141 272 1167 2377 -62.766444 54.519346 84.347977 28.466464 
3 1848 1885 2572 37.508783 -89.089589 -36.304082 
3 1633 2292 2776 -60.134736 30.621113 21.101319 
6 221 860 1377 2478 2918 2962 90.804269 -57.435255 -24.289580 -4.257429 -73.272956 94.456303 
2 93 877 89.291524 -68.312338 
4 154 303 818 2854 -57.511202 -85.544583 55.795122 -49.626844 
3 414 1656 2140 -12.745035 -31.753818 2.063644 
4 907 1092 1274 1687 80.592646 -95.126169 38.612532 98.363750 
0 
2 343 2307 -46.058390 -99.747993 
0 
1 1501 30.971048 
3 494 1068 2723 -38.020589 -76.308763 -8.955506 
2 1342 2359 20.502489 -47.991525 
4 379 660 1736 1976 -60.365961 49.892838 -0.999057 11.876373 
4 943 2142 2430 2570 -54.293343 13.611266 -35.039912 -33.267250 
4 51 139 1102 2036 -94.140888 -97.342425 -74.750708 -24.272388 
3 1204 1658 1714 -7.243620 -68.132434 95.698560 
4 70 1360 2202 2495 3.080201 -39.535278 86.432712 23.160043 
2 37 646 84.591047 -10.554672 
3 260 928 1725 40.080721 47.186799 87.879121 
2 1240 2090 52.832536 -28.848155 
4 500 569 731 756 88.643676 46.823850 10.744554 -79.448353 
2 1556 2963 -34.584258 -79.019763 
1 2416 -17.935573 
5 372 1137 1245 1639 2929 53.516518 -16.618159 -88.570981 -92.916768 -40.533773 
3 21 1486 2780 81.637903 -92.288685 -44.692489 
3 364 1595 2724 -24.509238 40.969402 -14.359111 
0 
4 1191 1778 2437 2503 83.791391 -83.303392 66.069806 -77.436319 
2 966 2727 -30.254781 73.013716 
4 921 1194 1363 2991 90.566342 15.432080 -58.184846 -13.066706 
1 1741 9.924545 
3 996 1192 2617 -21.440283 21.614655 39.947442 
2 767 835 -61.456052 -90.525580 
4 834 2413 2572 2645 -57.407249 28.681256 -67.772704 4.655127 
4 203 215 402 2241 11.169471 -82.457400 80.810686 66.739959 
2 1287 2659 26.329761 58.320024 
5 72 1681 2029 2579 2874 15.789660 -37.751458 -77.885477 7.720908 -7.691713 
3 2010 2360 2542 -83.724648 96.005633 54.501640 
6 249 1552 2109 2387 2582 2890 -23.135696 -56.329859 33.849184 0.151482 -10.709365 -94.005425 
5 279 483 853 1543 2742 -83.057446 -1.233372 -61.220119 72.736985 -93.382120 
2 41 148 94.670541 3.601542 
5 292 435 1490 1936 2332 -35.388002 45.651633 27.471629 5.927651 49.188468 
3 745 1968 2769 1.957702 93.284429 -48.472648 
3 718 1286 2956 -48.694660 -23.326146 -18.879473 
6 24 1633 2219 2658 2663 2683 -68.286124 -73.407023 -86.346345 -13.453728 92.755221 56.825441 
0 
3 646 1644 1661 25.789878 -54.861925 79.085147 
3 326 1086 1524 -0.554327 16.780748 61.475717 
2 1194 2919 77.282028 -34.993824 
3 2275 2528 2937 9.925703 35.334343 3.053025 
5 305 617 1727 2160 2447 -45.504059 -99.387138 53.221521 28.585779 16.755499 
5 1116 1287 1497 2557 2937 94.678514 93.055574 78.243232 -11.594413 53.379902 
3 1152 1873 2146 -6.213896 65.451387 -7.078092 
4 731 1217 1517 1550 -97.109926 55.446329 -10.409570 -5.010332 
3 348 1882 2685 11.780946 -20.671161 8.458079 
4 747 1017 1839 2486 83.889103 -99.971553 -62.764608 87.207118 
3 737 986 2546 30.950595 -59.362171 0.504026 
4 752 1089 1744 2121 -43.735790 12.078530 4.986490 -53.404007 
2 1380 2743 94.308160 42.959226 
4 203 452 850 970 -84.642437 8.147556 66.184374 1.000351 
7 95 475 830 1027 1734 1776 1975 43.112940 96.507675 57.593742 99.507251 15.406105 -61.774433 64.968072 
5 84 206 262 1752 2535 -12.768949 -86.113150 -62.816089 -3.357578 21.951372 
2 304 1704 -54.158854 91.986780 
4 285 692 1080 2911 82.815251 -77.880350 91.722552 33.689558 
4 819 1385 1391 1394 -29.401067 -13.071327 20.596768 99.518694 
3 395 2313 2896 13.224827 -90.194422 77.258668 
5 28 417 731 1139 2549 64.429140 -70.521125 18.162123 44.450208 85.511479 
5 155 503 1400 1501 2093 -25.093634 89.283459 54.717037 90.132043 -6.298577 
1 731 -84.394753 
3 81 1100 1264 2.357051 -99.815365 -37.509991 
2 489 1330 84.574121 -65.055040 
4 359 691 1212 2423 96.434203 -46.033434 24.211156 -23.140525 
7 991 1275 1905 1999 2384 2530 2775 53.893211 -79.947973 23.312963 17.539605 -66.380277 -60.191669 97.909738 
3 163 1450 2629 81.034518 51.134328 -30.556389 
1 392 -61.759373 
0 
7 107 754 1121 1313 1562 2376 2746 40.810672 -70.128365 54.077228 -47.735439 -84.380156 -89.620851 -78.414323 
3 63 898 1709 11.957199 -43.484567 -24.309216 
4 966 1604 1756 2890 68.383766 -96.408936 60.082467 15.103050 
5 395 1069 1233 2093 2276 -99.332023 91.079526 -15.441487 -89.889576 -29.508598 
7 27 385 618 918 971 1910 2932 52.147730 -60.118320 -53.753967 -19.019063 -80.999903 21.963072 -62.750148 
0 
4 1071 1221 2498 2773 72.207332 81.757677 17.480286 41.894313 
2 1431 2185 -60.722507 24.511666 
2 766 2112 -15.614289 45.141038 
0 
2 2382 2430 -32.872505 19.897141 
2 2757 2808 -95.874347 40.766617 
2 1320 2467 12.575196 36.548166 
2 1047 2494 54.003225 83.893670 
2 1404 2629 58.447895 -80.651301 
2 747 2500 66.722576 -65.506464 
5 640 1637 2425 2763 2944 -65.526914 21.945749 -42.100122 54.650656 18.958306 
3 1465 2500 2575 -3.159585 58.898053 48.456791 
3 38 1993 2023 -23.355587 -6.609600 -24.938917 
6 1322 1937 2142 2218 2353 2528 83.699658 62.942884 -34.122624 -13.472846 -35.439421 65.538491 
4 278 367 830 1394 6.308014 -77.110500 -31.828867 -44.086418 
4 502 1207 1291 2825 50.482604 84.805934 -50.018361 -41.697040 
1 27 -47.714775 
2 1279 2550 -93.006481 -93.559063 
2 1704 2167 50.203608 -68.326939 
1 1245 -44.528147 
1 2155 -89.732539 
3 1076 1363 2647 -91.142929 8.336147 78.429819 
4 1074 1236 1240 2002 -43.509000 -63.060284 73.070587 -20.842764 
1 2507 -25.546504 
2 2694 2982 13.906384 19.047460 
6 215 397 498 907 1018 1359 50.854770 25.424620 -90.381999 -73.863785 -53.981414 -55.711555 
2 590 1312 49.533428 -47.328662 
2 632 2140 44.194781 -51.541549 
3 133 254 1194 91.216505 -14.151995 80.786961 
2 505 1223 99.664343 24.689350 
1 2671 -41.276967 
3 22 47 1983 92.662785 94.740481 -50.194202 
5 884 1536 1658 2114 2288 -75.508462 -30.112187 -61.450065 -60.934796 4.564811 
0 
4 33 762 800 2794 8.401822 28.450764 -48.044054 82.938891 
5 305 819 885 2305 2701 -27.383865 57.403500 -76.882133 -11.608622 13.987988 
3 383 1366 2812 18.351943 12.748253 -60.490323 
1 1598 -16.660727 
2 602 2144 44.705783 -15.944747 
6 239 967 1222 1278 2045 2415 51.496147 -5.879756 83.689388 8.808337 26.154004 -74.322308 
2 2072 2903 -57.958055 8.605025 
4 451 1184 1849 2254 -73.531479 66.832914 -31.249940 -2.424040 
2 1417 2186 19.179661 -31.479872 
5 105 1623 2614 2626 2814 71.680941 9.689727 -3.037545 59.482197 -9.838017 
2 870 2085 -43.099251 85.651638 
1 1287 -39.111397 
4 78 672 870 1867 46.795146 -48.544298 -85.735891 -62.729157 
3 858 1168 2649 76.435182 -21.219052 1.931900 
0 
5 341 410 1393 1680 1835 -39.346853 76.129789 -11.899183 -21.794336 -74.215689 
3 497 1397 1523 71.045386 -69.085584 47.095674 
2 1660 1953 -62.812369 -86.483289 
3 549 1702 1769 -21.006135 -86.800705 -81.209716 
2 261 693 -20.883083 -39.545370 
3 626 900 1917 69.202161 90.889895 -10.271894 
3 193 746 2825 12.653719 -19.232662 86.972189 
2 1036 2574 66.490038 -72.630702 
1 804 -55.391381 
3 838 853 2372 9.475063 64.962249 -81.042788 
3 485 1575 1796 62.659943 -58.229623 -44.749612 
1 2144 -82.338343 
3 1495 1575 1679 58.600770 89.004973 25.245161 
3 285 857 1523 60.087676 -78.507157 38.785739 
6 366 717 1295 1413 1853 2915 -42.559805 74.504456 30.394432 83.365589 -94.314694 -88.622474 
4 229 371 2937 2978 -32.236874 -84.649495 17.378787 -40.071678 
1 1502 -3.096266 
3 880 1844 2636 -47.822979 -81.768944 -50.401678 
2 974 1004 69.219936 69.389549 
4 212 1511 1556 2729 -62.275757 -42.443865 5.334568 -80.505087 
6 80 963 1881 1940 2037 2483 -73.026172 -20.201846 -28.031135 -95.096088 56.895554 72.735838 
4 773 815 1436 2888 46.586602 -19.241630 61.521042 -33.190172 
4 1145 1949 2734 2850 -74.365843 94.541417 5.073473 -44.034577 
4 2288 2347 2465 2861 23.268003 65.177313 -43.609251 65.632273 
2 202 2503 62.108408 -1.856806 
2 606 1858 79.999537 -86.230409 
4 836 1448 1560 1776 -58.409177 -44.787750 89.197663 -40.462759 
2 1763 2249 -96.126304 91.116506 
0 
1 1491 66.160591 
6 964 1703 1713 2256 2328 2782 86.915346 83.899184 -11.521729 78.335680 64.422049 81.458882 
2 1584 2105 -89.360139 -10.739979 
1 1840 -12.529006 
5 213 604 1281 1384 2800 -19.940706 55.516089 13.618894 -80.650454 51.170997 
1 793 93.824826 
2 676 989 -94.850877 -2.463953 
2 1489 2318 -8.556261 40.343593 
3 1176 1313 2962 -15.095761 36.804745 -36.182930 
2 581 2707 27.006094 -19.443752 
3 1954 2629 2796 48.314129 -75.962003 82.896974 
2 2616 2940 40.154074 16.274896 
1 2273 12.787655 
5 195 860 1601 1760 2253 74.088857 -16.957922 -10.474243 87.667649 56.362082 
5 219 1015 1905 2466 2892 -83.210353 36.877605 -51.074455 -91.316347 -87.043870 
7 17 178 909 1191 1418 2275 2614 52.364843 12.375952 4.896839 -88.559689 54.331356 68.478798 66.956999 
3 668 1713 2538 3.800641 -10.203579 99.284057 
0 
7 233 712 1147 1168 2241 2444 2622 -27.745487 83.182252 92.323873 92.150581 -99.149580 1.001159 27.893104 
2 1040 1090 16.631588 -54.598470 
6 211 741 1486 1539 2322 2579 58.454866 -45.808495 71.679404 -68.463618 -14.102860 52.508307 
1 2903 -83.059104 
4 379 433 1135 2435 -26.167557 -44.408328 41.516707 38.019483 
6 82 584 1485 1860 2008 2750 17.475784 78.037666 9.319670 -93.079536 -81.058713 95.322608 
0 
9 8 527 554 1295 2149 2188 2339 2465 2966 38.534291 48.111560 -23.748672 -11.322616 4.989554 5.550830 -24.843550 22.516316 65.033402 
1 455 35.550813 
2 668 2878 -63.651642 -30.044680 
2 43 2716 24.388908 -70.274102 
2 407 1564 -67.835944 10.758567 
3 9 1277 1562 9.474419 55.249419 19.685626 
4 1524 1785 2218 2985 99.029691 -42.650559 4.217454 36.451288 
4 582 602 1499 2670 -83.633987 -80.397084 39.341488 -54.222230 
6 646 809 878 1008 1402 2236 74.866265 91.232372 54.442602 32.169645 -40.306139 -2.698833 
1 465 82.082701 
1 1202 -55.362812 
4 316 485 1829 2493 83.144432 -51.313339 -25.874885 39.871137 
4 262 1367 1733 2871 6.592068 24.812531 16.459564 6.542338 
4 254 478 2318 2709 63.744023 83.412384 -79.817201 6.960644 
5 538 893 1334 1572 2230 -27.870653 73.754280 -21.293828 -5.932452 79.539721 
3 2226 2587 2746 58.082135 40.769270 -8.294301 
6 945 1312 1424 2131 2518 2535 -44.889505 -52.456866 -94.901696 -77.598489 93.069985 -98.756676 
2 408 1096 -54.536523 -92.714708 
3 188 446 538 6.546100 24.379540 -28.412158 
0 
1 64 -36.726156 
7 37 294 1056 1415 1961 2088 2567 -53.495555 61.390104 38.885711 13.237427 68.169473 -21.488237 12.769525 
3 1766 1840 1997 80.449363 -35.711888 -77.987037 
5 313 357 659 1287 2719 15.670796 -60.665406 -79.050503 6.035325 -53.033051 
2 1819 2617 27.243251 18.986817 
5 39 525 1361 1759 2891 -98.716775 69.049843 -90.669204 71.063646 -76.183506 
3 16 56 88 -59.416305 42.584748 22.467494 
0 
4 107 223 467 1702 -35.886739 -43.447201 -87.271921 73.746240 
3 197 1448 1804 10.692603 59.599283 -53.496805 
2 1387 2793 52.762951 26.443705 
3 975 1756 2104 31.017099 -94.076867 64.018618 
5 218 398 778 882 1555 29.093641 -41.581114 -78.300386 -95.709483 -14.814341 
3 434 1934 2972 87.254383 -34.640651 -67.589209 
5 399 865 1260 1944 2404 -79.534101 -70.434005 -99.156606 -93.177606 34.634363 
5 175 772 1743 2209 2437 -30.802906 -7.385199 -76.954632 -95.199526 12.428237 
7 187 197 1288 1637 1958 2255 2308 -61.432937 -26.810267 11.313620 89.985602 -49.695693 76.465385 -8.234224 
6 278 361 934 1364 2031 2042 -76.682975 -43.908449 53.964084 -73.433071 18.534367 -18.624241 
3 1504 1514 1844 9.267437 10.012623 74.355565 
4 1142 1783 2297 2821 -33.491065 91.880909 -4.804488 3.244357 
2 333 2116 94.970812 -63.156583 
3 1249 1729 1777 32.400795 -79.991541 39.738994 
5 326 1042 2075 2875 2971 91.216465 -97.828205 0.303397 24.115907 -64.300981 
5 836 1874 2381 2511 2730 76.365377 77.284194 39.662448 -85.861794 77.305080 
4 15 251 872 2141 -39.335573 2.772826 57.195063 -45.767226 
4 103 415 1057 1741 79.243681 0.426205 95.449891 -95.574029 
5 787 1095 1605 2454 2516 41.407634 71.798186 -17.803993 40.967109 -12.940803 
4 476 816 1051 1863 95.430188 -10.063820 34.614483 79.902559 
2 794 2364 -38.205438 -40.267082 
3 327 481 1372 26.067257 -49.518179 -75.386909 
3 735 1513 2808 15.548239 -85.224147 33.053128 
4 457 1088 2025 2886 -9.287409 48.766014 -3.490045 -26.033990 
3 1492 1599 2434 19.805904 6.493537 5.148966 
3 842 1132 1738 -30.770751 -89.067502 4.397215 
1 1786 66.348448 
8 654 1273 1511 1568 1908 2283 2432 2538 35.769142 -95.947627 -3.218897 23.276737 50.129480 92.658165 97.692128 -94.753075 
3 547 1874 2875 -58.886991 -29.736054 53.972203 
3 1170 2101 2378 16.094402 27.106267 5.762632 
2 1094 2984 87.978261 -21.606653 
5 595 699 1742 2127 2893 -55.578386 -69.809941 72.395380 98.830971 4.380837 
6 75 343 591 672 1164 2834 54.076616 -17.703443 -78.657085 58.162194 91.324801 31.126477 
4 391 514 1220 2586 -74.309469 49.661164 -67.039368 71.968160 
3 994 1017 2844 -24.066680 45.119787 -3.175536 
2 1928 2226 31.580007 0.954356 
3 503 1003 2282 -9.277071 -13.285358 -83.210564 
4 446 748 1416 1871 18.208638 90.889943 78.513113 25.472729 
2 986 2962 57.097557 19.975638 
3 330 428 2798 -35.469224 -5.036145 -51.858291 
3 84 1841 2802 65.775656 -25.324039 33.917502 
1 2381 -69.317288 
5 192 554 1540 2005 2409 -76.212812 -43.534120 -58.053210 -18.816754 39.907777 
1 2551 36.220818 
3 469 1297 2162 -31.751364 -74.661349 -91.834278 
4 770 845 2066 2312 -29.137801 -26.306309 -24.199233 88.878228 
3 2231 2928 2960 16.565165 -23.351214 -95.001972 
3 1941 2203 2503 -84.350134 -11.344439 -79.595099 
4 1379 1871 2533 2983 28.082394 -24.316867 -74.621784 50.057909 
4 61 651 1886 2140 -56.635604 -3.618523 -42.480280 8.329308 
4 275 561 2791 2973 -73.799979 93.376533 70.497851 -31.031529 
2 37 2119 -72.773713 -77.532642 
3 389 1267 2703 71.011798 -99.527545 49.997936 
4 1339 1456 1722 2798 -88.274395 38.040110 -46.585992 -34.110038 
0 
3 334 1761 2357 10.678234 -49.477486 -41.669490 
1 109 11.967772 
2 1833 2691 -6.667144 -86.831837 
4 44 1664 2117 2570 24.559061 -31.730272 -10.633626 -52.211995 
2 979 1362 -57.049089 56.122287 
1 1468 10.130500 
4 916 1252 1644 2307 64.006571 -1.183522 -21.530922 -27.261345 
3 43 2142 2552 99.560893 -78.764239 25.841021 
4 253 810 1653 1992 64.982760 -91.740116 -75.540568 15.440583 
2 138 1332 -97.157683 -95.444090 
5 520 953 1783 2297 2789 44.152228 6.889469 77.881268 49.230144 56.823923 
5 178 961 1221 2101 2659 83.218160 82.077680 63.167924 52.262977 82.546391 
3 1545 2434 2845 -38.414176 -71.071596 87.059926 
2 1530 2101 92.160838 54.394601 
2 118 439 20.750460 35.152293 
4 588 1098 1417 1908 34.472578 -93.158573 12.497432 8.881442 
4 102 325 367 2827 -79.286349 -61.722719 -72.312797 -17.658968 
4 822 1692 2407 2746 55.750343 55.247569 -68.743195 98.330574 
4 857 1610 1946 2996 85.356063 -7.959613 -45.715728 -29.439840 
2 1096 2973 11.770758 -66.935712 
1 2898 20.156809 
0 
4 776 1336 1759 2437 70.769489 57.158437 -91.016990 -4.583133 
3 352 695 1035 -3.294228 -75.491223 53.991831 
1 624 -21.673407 
4 1045 2004 2251 2651 42.306398 -88.468845 -25.765553 29.922041 
3 1060 1975 2443 -5.844528 96.982066 -4.414395 
5 85 848 1480 2198 2775 -64.370156 -95.162566 -83.914810 14.034805 -93.029912 
2 1300 1860 46.987052 -85.434455 
2 2504 2943 50.624229 30.873374 
2 1593 2014 -4.622640 2.347164 
1 1020 25.133817 
4 349 1665 1694 2683 -38.342806 -15.688479 18.251750 -13.387319 
2 2417 2423 88.699862 28.481763 
4 999 1271 1278 1788 -28.580280 -6.649206 -72.712417 10.198071 
3 1361 1646 2356 -30.371731 52.890158 -10.120388 
3 986 2068 2456 -30.658088 43.157205 56.007598 
2 949 2338 -62.474576 -50.046795 
4 1505 1869 2560 2681 70.670486 29.690748 81.152201 80.600136 
1 920 -6.874765 
6 472 1456 1797 2388 2704 2914 45.107772 -20.014902 -43.952782 -93.489653 -17.508918 50.633152 
7 160 294 647 724 1783 2106 2173 -29.612385 7.896718 1.562061 -39.832946 -59.472623 -23.342745 54.338984 
6 188 315 1295 1491 1550 2662 31.789536 -10.686011 -24.437573 -46.494017 -20.892757 47.761857 
4 739 1081 1495 2777 -13.692056 -2.303349 31.389014 -42.099024 
4 906 1221 2153 2818 66.358806 15.145173 63.528147 77.141167 
4 460 1160 1733 1780 86.288070 19.199136 81.941578 -66.896005 
0 
7 66 296 571 1128 1226 1789 2067 -79.372200 -73.441604 85.910976 33.701070 -30.296844 -61.120016 57.417354 
1 553 48.733891 
2 599 2079 -98.271761 81.008779 
8 88 648 672 755 1048 1844 2227 2344 -67.369012 -51.950416 40.578753 -59.371000 76.409179 -72.495396 81.490457 -16.495579 
2 1517 2625 -32.329256 99.539544 
1 2802 32.120171 
3 880 1340 2581 9.770361 -64.056868 -29.438718 
4 1432 1459 1878 2084 4.809960 -73.406802 -73.629857 8.947616 
2 360 1984 -30.756206 -37.653336 
0 
4 212 310 923 2357 80.721434 -83.975323 -87.025414 10.732194 
1 2455 -26.770805 
3 355 418 882 59.764287 -55.892435 97.536576 
2 860 1426 3.211426 -56.088345 
1 1278 21.704079 
2 141 2405 52.949930 84.584010 
1 580 95.117138 
2 180 663 39.302387 97.542950 
3 313 1573 2384 -26.075439 47.319427 83.826089 
2 220 2049 76.989364 35.841028 
4 390 1409 1496 1660 5.189619 -42.762998 76.176291 78.165267 
2 1771 1887 -18.519095 -9.276281 
4 847 1537 2638 2763 -96.888678 -14.056690 -9.702459 14.235969 
4 10 1123 1299 2331 -90.788774 -13.107352 94.626532 25.061496 
3 637 1961 2115 11.837724 7.217617 36.689898 
10 282 674 810 1899 2123 2243 2426 2514 2614 2974 -11.167589 -93.074343 12.633697 5.461151 -37.485946 86.355597 11.530474 56.228352 58.940051 -63.269785 
8 331 1183 1338 1426 1806 2065 2637 2837 4.513440 -76.830848 16.417175 -0.705850 48.957908 68.887091 -81.166466 90.495747 
1 730 -12.182936 
0 
2 643 2823 54.411782 -75.342686 
0 
3 65 1034 2224 26.235734 77.250863 27.548088 
1 1042 92.404344 
1 44 39.269548 
1 2142 -0.801883 
2 142 740 16.721017 41.907553 
4 805 2407 2819 2828 -54.352567 -42.913596 46.162471 23.504599 
2 1037 1187 -33.613093 -91.707180 
3 369 697 1137 -34.756758 95.912970 49.335447 
2 232 831 -72.056757 -88.879357 
1 123 -0.630074 
4 528 1040 1353 2076 52.945498 81.989292 85.240018 86.139141 
1 2243 33.116837 
1 2748 -89.042833 
1 2520 70.445147 
1 2924 -90.343056 
3 360 1048 1089 -36.003931 -96.542143 -32.752402 
2 1752 2963 69.741886 -53.288043 
0 
4 1348 1724 1729 2000 -60.408538 29.659817 -90.889242 -5.972136 
3 1135 1541 2938 53.523770 80.463296 -57.385404 
4 937 1262 2106 2921 46.247440 -23.777056 -5.367782 50.364099 
4 1048 1261 1336 1416 14.596683 79.948768 56.802433 34.356642 
4 519 2545 2767 2922 -11.273721 11.172027 43.635552 -35.845061 
4 200 388 1033 1606 97.079672 -53.091866 31.629002 75.423548 
3 156 2454 2720 95.590055 -61.296709 17.312047 
1 1861 44.436310 
3 995 1005 2774 86.317978 82.787086 -16.618550 
2 1223 2921 89.412746 52.040750 
0 
2 2460 2551 -21.663091 -20.106927 
2 76 1420 32.997352 -71.181731 
6 1040 1368 1845 1920 1929 2166 94.102379 26.494569 6.672603 -81.813835 -8.516006 20.554928 
2 1030 1306 -36.488249 71.172948 
6 829 1448 1588 1655 2568 2865 97.181808 -32.770024 -63.134860 72.053043 37.893079 52.157719 
4 66 1159 1915 2347 76.565624 -45.343356 -40.638193 -93.911345 
5 15 1336 1647 2314 2539 33.693318 95.884463 61.952205 -72.287028 -45.573727 
1 2254 64.612295 
4 213 374 1750 2852 18.453652 78.090658 -52.194721 -91.712704 
1 2279 -1.527617 
2 535 1107 55.821928 55.784596 
6 411 752 778 1679 2256 2716 -72.985472 -12.809019 -13.523813 -70.958533 3.678133 73.935066 
1 893 -70.092314 
3 1201 1473 2616 -16.374418 -20.562893 -32.428602 
1 482 0.790208 
5 663 909 2025 2229 2711 -8.082544 -81.058004 52.645967 88.149826 43.358739 
2 1226 1351 -23.383890 85.476475 
3 750 1990 2192 21.516025 -13.898337 -50.416168 
1 1922 52.343887 
1 776 -73.319793 
0 
4 324 620 2513 2564 39.323679 75.810612 82.460090 -11.698138 
4 135 904 955 1350 -12.471538 83.816821 99.445647 -0.205547 
3 73 747 1802 -80.182088 85.093533 38.833243 
1 974 -69.595625 
3 823 1999 2027 6.026698 -52.763107 47.557374 
4 705 708 1048 2018 -30.035748 57.194103 8.358952 57.523410 
1 209 -67.872486 
3 385 602 2527 62.410437 -15.585969 84.739496 
1 1572 28.415537 
4 2265 2359 2417 2753 79.878108 -32.545493 -31.372576 -41.621933 
3 1454 2252 2797 90.342026 36.396823 44.923985 
2 1478 1601 -31.867844 -11.936772 
5 29 367 1555 1676 1694 -59.672427 9.784550 -22.575873 97.922858 88.395218 
3 700 708 1395 30.513760 -25.179221 -87.915040 
4 547 725 872 886 -29.365008 -25.490758 -41.109502 85.333665 
3 2253 2703 2960 93.387212 60.613548 -10.506145 
4 57 1162 1211 2753 54.107276 -51.705677 1.342556 30.284952 
6 71 511 790 1651 1833 2358 30.266598 41.168204 44.045376 13.792005 -70.283126 -68.458674 
4 1668 2335 2450 2484 81.355194 40.288131 98.263743 70.242732 
3 1717 2296 2912 58.405222 -60.209779 54.045853 
5 41 1509 1520 1935 2967 65.151695 63.958337 15.706530 26.028814 56.241244 
2 611 2941 -77.418040 -18.920883 
0 
1 1994 10.872005 
2 2591 2752 -45.810078 -30.528378 
4 692 782 2343 2976 -21.888290 65.946111 66.647241 -29.846038 
3 289 1241 1796 1.730985 -41.687583 4.796309 
2 524 2374 -36.799427 60.946440 
7 602 943 1342 1371 1702 1920 2997 -86.665220 -20.906252 44.813564 57.460028 41.113261 -57.681806 -49.709427 
5 474 1101 1963 1983 2199 20.212876 63.639788 -67.780064 -98.443048 25.414331 
1 2369 92.360725 
3 604 1898 2636 -47.514088 10.796782 -92.330033 
2 596 749 -41.526969 55.359478 
0 
4 805 1271 1416 2494 75.526964 -18.563094 -34.651370 12.244759 
4 227 1680 2266 2542 43.819327 -82.952242 45.766514 -58.806421 
3 329 1893 2192 82.774689 -39.752704 73.518739 
3 372 1278 2110 -9.348274 -95.219326 -31.029783 
2 233 719 -12.754707 -90.913188 
3 755 1265 2496 -81.789733 65.096453 -75.190449 
2 1781 2593 98.393092 39.564792 
2 1075 1820 29.940087 -93.592528 
1 2865 -19.023616 
1 367 35.153023 
4 1844 2151 2346 2850 -3.341544 -14.087014 -29.509546 35.450042 
4 455 568 1236 2277 9.775875 17.749633 -1.298585 -41.078994 
1 433 -81.817090 
5 56 1327 1434 2455 2621 8.602022 23.542918 29.561581 -92.600998 34.360583 
3 867 1397 1605 37.007920 61.940097 -13.170896 
0 
8 848 1242 1395 1429 1553 2054 2231 2254 -30.941117 -2.789886 -90.912814 28.170812 -81.931042 21.285731 92.116290 68.300573 
2 842 1899 79.002603 -81.527864 
0 
4 433 1270 2158 2215 -53.983814 -60.479461 6.947306 33.008408 
9 25 1717 1788 2320 2401 2486 2518 2748 2866 -53.048885 13.046289 -80.004509 50.619960 87.064181 -61.896642 -7.467972 45.025677 -23.079378 
2 48 1634 -91.872195 57.245198 
7 118 513 638 844 939 1339 2167 -11.677528 29.132511 -52.998361 0.691483 92.302194 52.370062 -26.484985 
1 2348 -77.557568 
2 2162 2800 21.172529 63.417170 
1 2694 -77.928577 
3 1206 1640 2928 67.698493 -31.655694 82.129579 
3 31 1007 2382 -91.560405 -1.285240 34.535726 
2 749 1213 -42.121975 -34.822663 
5 197 1002 1417 1455 1632 -87.850954 78.776311 20.241081 -25.736397 59.152466 
2 1941 2268 -96.615445 11.522901 
6 583 866 1237 2617 2718 2841 32.260799 -11.971633 -3.037728 -38.644792 -64.225243 89.495669 
3 460 1702 2806 88.277783 -19.455213 39.469527 
4 1725 2128 2593 2714 -83.351209 -33.029232 -12.681817 96.147732 
3 405 946 2843 1.128516 -72.075806 42.615477 
4 377 933 1180 2620 -31.730289 -60.728459 -68.020963 -66.802525 
1 2909 16.800792 
3 111 169 2056 67.127622 95.287841 86.038945 
3 1318 1424 2162 -49.392695 -91.141193 -88.905931 
7 64 601 978 1089 1891 2134 2458 -64.747910 18.835909 17.459682 52.773998 -31.897983 65.248236 92.683028 
5 97 115 996 1128 2555 -33.548612 -97.789740 36.357429 -83.277581 -10.954947 
6 166 1095 1310 2009 2052 2606 -44.401649 24.749418 39.765023 43.048735 55.716838 98.503935 
5 133 496 661 2564 2593 55.361438 -87.421384 13.900580 -89.689276 23.938075 
4 637 1195 2076 2396 84.963648 -54.811013 -90.230401 18.462911 
5 127 137 1998 2173 2763 -53.664293 -99.312956 -57.592835 -55.686133 72.012988 
6 162 766 1083 1996 2625 2921 -7.868321 -6.815982 -66.197608 72.023012 47.894573 -64.450622 
1 2551 -72.829574 
2 1044 2849 -93.918150 94.919749 
4 590 1397 1897 2374 -12.999482 -61.584412 5.146480 -99.494424 
3 816 1786 1801 -59.860733 -27.367896 -98.645125 
0 
2 2272 2780 58.342519 79.675185 
1 501 -10.256138 
1 569 -92.642279 
3 2000 2041 2389 -23.378722 -25.910896 26.774698 
3 334 1264 2816 -2.191553 -42.405537 45.051557 
1 1785 21.775676 
4 341 1059 1746 1764 -61.643147 23.419811 -2.109656 62.779202 
2 206 528 -51.894513 12.136798 
2 797 2952 18.819237 -75.163274 
2 306 2722 -4.854187 -80.956720 
3 314 1000 1567 58.921083 9.049462 63.383600 
4 413 1569 1838 2977 -57.652633 -48.503642 -58.795929 -82.385419 
3 668 1411 1898 -57.149044 8.880068 98.072092 
3 645 1449 2916 -94.768875 68.106365 -21.312994 
5 1202 1264 1373 2491 2653 80.266734 61.558441 -99.372633 -55.134207 95.502907 
7 136 935 1108 1252 2351 2368 2494 -10.408369 68.030917 84.780914 85.610853 4.925519 -43.362089 -90.548912 
2 2031 2934 -42.693584 -23.612547 
3 993 1175 2065 85.550664 -20.094741 69.548428 
3 110 487 763 -73.782705 46.501683 -68.103287 
2 2307 2700 11.205911 -94.504380 
1 2003 21.347835 
3 959 2003 2020 88.005145 81.473778 91.763966 
1 1166 47.706734 
3 49 756 1666 16.185685 74.286978 6.000762 
2 1604 1961 -57.686922 -33.262549 
4 270 572 1172 1627 -2.579413 60.128934 47.598223 73.323260 
2 1402 2865 22.912053 81.321677 
2 1155 2376 -54.240617 -13.280103 
3 664 1825 2783 -24.511741 88.058062 -97.890551 
3 2070 2563 2639 7.010841 56.244573 -55.161298 
2 670 2487 -9.584563 48.618578 
2 1865 2555 -88.584127 -41.507365 
4 1207 1297 1662 1785 -91.724405 -31.611343 66.191307 50.506676 
6 108 1132 1265 2537 2538 2756 17.307846 -33.978059 90.517377 -49.776596 1.239576 -55.574559 
5 1083 1478 2097 2112 2459 24.737737 85.474697 59.259611 -45.762827 60.666620 
4 734 1177 1683 2000 45.030910 -10.580786 19.086845 -92.866447 
1 2530 -40.641599 
4 829 1588 1783 2728 79.581729 -58.886288 15.156972 26.299581 
4 147 1883 1992 2182 -66.509240 -47.606235 61.686709 -30.273523 
4 293 526 2665 2993 59.746700 13.055783 -55.076500 20.558777 
3 80 755 1656 -17.741033 -50.649658 -35.297349 
3 150 216 2252 -73.389306 -87.438664 97.209534 
2 563 1863 46.189760 32.397819 
1 2878 58.398853 
1 696 -15.962024 
3 271 2301 2422 80.930776 -70.035987 60.831899 
3 346 1482 1539 -34.746352 75.495602 24.409694 
0 
8 19 701 718 1191 1539 1672 1745 2029 -52.557654 31.242475 88.002003 -50.334172 -32.480000 36.632070 -46.654320 -90.778566 
3 923 1677 2663 -31.968069 -38.190144 -95.825236 
3 688 886 1086 -51.476061 91.088038 -24.625195 
3 230 1338 1626 64.629833 48.581556 -81.328429 
1 2511 94.098196 
0 
0 
6 186 609 1456 1836 2018 2224 39.917495 38.272794 40.716469 -67.688829 91.813792 -13.253223 
1 686 87.393184 
4 78 1048 2050 2775 -17.060101 -31.267623 17.447526 26.966957 
3 1684 2703 2807 91.421766 -38.534147 -74.077803 
0 
3 1505 2557 2693 -55.060785 -68.273728 87.749725 
4 95 98 305 2999 42.594162 67.055763 85.765521 51.845784 
3 753 754 1465 -93.943379 45.319081 43.324961 
1 2326 93.564769 
7 476 882 1860 2015 2093 2099 2125 28.576848 -20.045514 62.545012 -4.208973 34.146259 -72.171301 43.117382 
3 636 864 1886 -12.136166 -78.430769 -68.531530 
4 797 924 1665 2499 36.141015 -80.779317 -98.067025 -70.745032 
5 304 1479 2104 2418 2868 -8.720145 63.726826 16.802848 -38.035617 85.008117 
4 537 1019 1115 1171 20.412127 -6.454339 -35.269548 38.271198 
2 1161 2466 -17.482172 -56.900071 
3 746 808 1951 -28.813507 -53.257798 -37.295109 
7 99 484 709 893 1501 1572 1840 -52.428947 78.563991 21.679728 65.804567 91.939130 -30.957930 80.176563 
4 9 653 1619 2954 -30.030442 8.011272 31.038198 22.376173 
3 883 1713 2496 37.577955 53.832171 64.863651 
2 1035 1092 -21.602317 -75.563245 
2 1477 2539 0.339351 61.754573 
2 914 1421 74.374516 -51.293928 
1 1910 78.054153 
2 2576 2956 30.879152 32.074218 
2 2238 2685 -98.761657 -3.505896 
3 60 333 2177 12.479135 -49.429203 26.869998 
1 2106 2.105040 
6 82 748 1757 2033 2497 2728 -43.457999 -74.981026 55.501621 2.334526 -92.486435 -49.253405 
6 648 1057 1241 1277 1443 2725 -64.307797 -86.944889 16.432395 -64.467997 41.623114 -38.097323 
4 121 265 299 2796 -95.992351 53.416748 38.744620 -24.984664 
1 2588 -57.860533 
3 269 1924 2223 29.619972 -96.332784 60.831461 
2 1585 2059 15.113526 24.375893 
1 465 -25.413468 
4 1675 1989 2108 2952 -32.498221 -35.560639 26.192813 32.358871 
2 699 2606 -45.121170 -21.908995 
2 680 1763 30.774541 40.566373 
5 492 855 1104 1111 2682 -82.077525 89.189299 -81.893805 71.543471 51.320038 
6 145 523 1268 2149 2153 2697 -7.810925 -42.464610 64.306313 73.021380 -9.470050 -9.262657 
2 334 997 -55.952071 45.648998 
4 34 2153 2702 2835 63.206850 94.960039 -54.384660 -10.984327 
2 1803 2714 -90.701656 80.398976 
2 500 2315 64.318144 15.060328 
3 343 956 1311 52.129043 14.533178 18.279901 
3 1559 1865 2400 -95.740360 -39.987317 -12.761261 
4 346 1794 2767 2869 -47.829060 -75.345388 -76.170037 1.294512 
4 337 676 1020 1724 -35.478865 28.603201 2.858737 20.935864 
2 878 2448 38.327241 -62.249424 
3 1176 2454 2858 80.913886 -78.490214 -10.910056 
2 187 2286 12.005035 72.059013 
4 522 1937 2518 2683 -63.218491 71.696308 -9.341623 38.066757 
3 1341 2152 2402 -25.595401 -43.673061 19.442646 
4 1099 1677 1794 1977 1.683874 -0.549959 76.114876 59.356336 
2 1307 2092 -37.835269 -48.644537 
6 1786 1895 1972 2096 2161 2633 -6.796654 -61.223849 -70.189530 21.753977 -28.099147 -62.258782 
3 350 2484 2638 -67.239211 14.353001 -46.116529 
1 253 78.825963 
1 2475 -77.035924 
2 2382 2725 69.960900 -21.479509 
7 247 312 749 890 1702 1752 2926 95.057650 -2.918351 23.318405 14.848281 10.975989 -70.523813 69.507091 
3 269 1508 2413 24.842570 -73.271011 8.251527 
3 530 1106 2357 68.068340 -12.213139 68.373913 
4 386 1059 1494 2753 32.069201 -15.680106 -99.769876 81.362391 
3 489 1601 2285 -34.563513 14.703564 -86.897394 
4 793 2081 2567 2643 91.132184 88.534311 -37.543539 -39.358273 
3 1974 2563 2924 -37.281257 29.805429 48.270055 
1 1779 3.629726 
5 32 239 366 1527 2727 13.034742 -87.124492 18.524453 11.908809 -98.388851 
2 645 2694 80.086895 -60.355999 
3 232 2329 2611 -59.638585 -24.834269 -93.190626 
1 2305 54.808507 
2 2017 2608 71.531266 38.511184 
1 2481 16.111225 
3 385 1535 2608 -23.967481 90.407644 41.192342 
1 2770 -39.937243 
3 165 1745 2309 26.893831 37.414952 -45.189922 
0 
2 838 2040 -97.623307 -0.721991 
2 2067 2624 -2.454852 96.749345 
6 642 1219 1679 2084 2234 2769 -85.409640 -64.037258 -23.956392 -11.723464 -62.109610 13.352018 
1 2153 -34.908562 
1 461 -33.501083 
0 
4 1391 2207 2715 2883 41.919430 -46.846611 65.974166 46.127394 
3 798 1637 2966 66.006437 35.897582 50.501013 
3 1047 1935 2639 57.106161 -40.889941 66.078769 
2 468 1753 69.818992 79.137120 
4 471 1011 1678 2006 -17.972674 -18.025658 -66.920411 31.781834 
5 420 559 772 1089 1763 -9.190180 -56.752934 66.609206 37.766888 34.172873 
3 612 1526 1634 -83.711491 -3.513658 -3.910390 
5 44 489 582 1636 1896 41.908193 -64.950750 62.703610 37.499444 52.949171 
3 837 1741 2841 33.932830 -41.418449 -17.884039 
4 951 1769 1889 2647 -15.404020 -94.029070 -74.833384 74.882749 
6 766 866 993 1069 1126 2381 -74.402062 3.112897 88.119123 75.081022 -29.244133 25.031488 
1 146 -45.544784 
0 
1 828 69.422362 
3 862 1555 2438 95.408495 -2.298049 52.985949 
0 
5 825 1147 1262 2101 2411 -16.117970 -19.282664 -45.764585 62.083460 73.040530 
2 1762 1949 -24.777912 -65.687007 
7 754 1851 1960 2402 2587 2709 2928 38.636790 -17.615488 -92.628094 -54.887854 29.176662 -26.388649 41.725818 
1 376 57.450126 
1 2452 -35.450618 
5 1067 2196 2350 2461 2573 -94.791809 -20.638274 -66.120045 -47.899956 81.944972 
2 1738 2908 10.510227 64.777215 
2 78 718 60.736948 8.108884 
0 
1 986 -37.384103 
2 1041 2959 -83.804290 59.411669 
3 649 1563 2850 78.506617 83.235522 -69.283159 
6 777 1114 1225 1387 1560 2061 -5.613682 29.138447 -53.531007 69.779197 30.334013 -54.901552 
3 1838 2664 2988 -20.484658 -46.426314 67.142374 
2 1234 1470 80.285024 81.806245 
3 901 1291 2102 14.433148 46.769612 33.867909 
2 687 2174 -61.850322 89.424966 
3 799 1581 1949 -21.035676 -89.982674 -86.295957 
3 2372 2635 2875 75.433368 85.079760 14.380449 
2 1472 2607 -81.685302 45.410298 
4 371 923 981 1271 40.030984 37.252440 43.535390 55.124730 
2 2135 2573 31.352680 25.071771 
4 2 896 1497 2620 -66.473127 -88.081861 -65.270473 -70.825649 
6 671 755 931 2229 2597 2701 54.617308 -22.273238 0.419303 -50.467523 43.021095 48.898184 
5 692 1785 2583 2725 2975 99.243576 67.941427 79.686455 -8.213593 -79.254621 
1 1826 -36.238083 
3 946 1288 2608 -18.444037 -31.906861 -87.895208 
2 717 1695 68.340500 -60.168540 
2 300 1746 -41.811146 58.197217 
6 722 1289 1942 2069 2927 2984 71.309980 -27.516657 -88.768087 -39.038697 23.447951 51.847171 
4 687 1141 1840 2349 93.780292 -19.372786 -58.773038 76.820539 
2 1708 2025 61.336060 -4.328178 
3 1689 2222 2760 -19.699176 62.777350 9.719642 
3 821 977 2334 9.119621 5.072820 40.025294 
6 156 1350 1659 1684 2700 2865 2.670161 81.229487 -80.837684 -37.415920 33.314078 -42.639425 
3 1832 2188 2822 37.852339 76.042157 10.522746 
5 200 825 902 1650 1873 29.337899 61.047303 -60.421262 -1.660855 57.522819 
2 26 315 53.867443 -99.614647 
5 852 1068 1340 2144 2460 76.807383 -96.274716 21.144640 10.559423 6.453704 
2 1602 2391 91.155888 -27.956170 
4 542 1278 2867 2888 -84.396759 37.388192 -60.477637 -91.306852 
6 383 674 1110 1790 2267 2914 99.123707 -84.593103 -48.436211 -16.075348 -87.234371 -42.697781 
1 2078 -46.670087 
3 1254 1833 2116 -81.125821 -35.432511 7.485285 
1 2195 -66.908804 
4 163 314 663 1211 72.206749 47.484545 -42.586233 -36.219854 
4 663 2395 2520 2616 -79.569841 50.772659 -27.770565 5.101200 
1 2276 33.638435 
2 1104 1347 7.737824 54.835644 
5 1015 1597 1623 1964 2578 99.121864 -83.358166 -25.023828 2.041694 -87.951098 
7 675 762 1019 1698 2184 2289 2880 2.537488 -54.228497 22.703303 -50.835016 30.792024 -8.514186 15.831019 
3 463 1749 2365 69.067981 43.405395 -72.203601 
2 1471 2501 -13.116698 20.780556 
5 266 1031 1192 1903 2425 -87.083532 -32.091930 -31.099505 -45.191277 -9.439119 
2 481 2636 -85.190705 10.668431 
1 2783 54.249998 
3 830 2479 2665 17.146605 -52.695667 -86.323385 
1 1462 90.613781 
3 1087 2040 2897 -44.642437 87.029309 40.558794 
5 753 830 1722 2251 2742 66.991240 22.236465 -87.797977 60.104428 -71.868976 
0 
1 1992 -41.247172 
2 2452 2644 -30.551724 59.956701 
3 1824 2692 2848 -47.935251 -27.464896 23.123111 
6 565 795 1557 1612 1935 2067 12.297966 36.655240 74.938341 -1.569854 53.824335 -54.268366 
3 1095 1385 1469 -46.488814 -11.965954 -27.048053 
4 225 381 472 2153 64.350266 -38.479994 -1.973227 -92.759706 
3 15 718 2800 50.330832 30.573852 -98.614368 
4 665 832 956 1029 -99.381344 49.934051 -32.657350 -50.076817 
4 1598 1856 2149 2459 -49.152212 67.522763 -6.375952 43.084213 
0 
2 2196 2922 19.807946 -0.628359 
1 2910 -64.106371 
6 464 616 634 1055 1327 2311 -12.477064 -61.154845 81.063173 -43.610757 53.740667 95.979203 
2 83 137 56.396583 43.386562 
5 160 357 1393 1963 2924 20.316797 19.720548 -41.329067 93.890713 53.690807 
9 30 826 1107 1188 1411 1815 1910 1984 2217 -21.197167 50.521275 -15.211995 45.527421 26.572505 97.584542 61.977398 95.198299 -11.399880 
4 2120 2462 2542 2652 18.998454 -69.385528 -15.423744 -4.903101 
1 996 -2.857590 
0 
1 1084 -69.529162 
3 435 1661 1709 -93.978561 96.976357 -65.843541 
4 461 970 1549 2909 -23.951806 72.063600 50.977249 94.863622 
0 
3 2092 2468 2577 41.333605 17.608759 -81.879448 
5 572 1155 1201 1559 2048 29.097131 33.115152 -95.675029 -64.173460 93.809804 
3 2419 2782 2837 -73.861323 -92.854935 92.093626 
1 449 -9.656453 
4 763 775 780 2605 -18.841988 -91.462732 45.945058 35.423958 
4 43 121 570 2111 -81.893132 56.354815 10.111155 -38.552386 
0 
5 362 412 634 1366 1732 31.304299 37.081763 -92.937791 49.541569 92.842744 
0 
5 250 818 2111 2301 2816 -71.584134 98.755907 98.400051 95.260639 96.374716 
2 1353 1500 -33.311100 -54.540586 
4 699 1651 1789 2795 -74.081359 -98.304098 -88.881647 -51.213090 
5 9 779 1248 1496 1525 40.147654 46.735426 52.937294 46.616193 -30.888533 
4 785 1379 2323 2355 43.664892 74.069354 -62.169075 53.136790 
1 1827 7.191415 
6 504 1174 1367 1690 2358 2888 27.544076 -71.747104 22.815736 51.500979 -41.073187 -3.146591 
3 156 617 2272 -70.715397 25.360635 -45.792231 
6 964 1248 1328 2009 2365 2492 -69.121125 0.111719 -75.299042 -22.002412 -3.958446 67.257536 
3 1804 1815 2256 52.279777 64.612162 -92.203208 
3 610 2618 2817 45.038980 62.971374 -51.803929 
2 522 1357 19.572203 -91.784814 
6 131 1353 2184 2340 2419 2846 -4.296664 -93.128069 -33.807885 73.150803 92.698088 74.835128 
5 1003 1392 1401 2314 2961 6.228154 -5.829788 86.346631 -3.838040 -18.792770 
7 105 197 873 1478 1798 1925 2106 -4.706719 90.287497 -15.997516 -27.425488 -9.181228 12.674724 36.414290 
1 1008 28.200375 
5 55 70 1963 2065 2067 13.189095 -48.047530 15.741247 67.532480 28.210976 
3 367 1307 2719 87.074238 -88.923584 28.346467 
2 541 1731 -94.035371 41.965275 
3 484 504 522 64.713140 -64.309336 -81.855477 
3 602 996 2961 38.279831 93.468584 61.954277 
3 10 1599 2494 34.068462 -20.986992 -62.972284 
6 425 718 1135 1867 1975 2405 -41.317120 39.769976 19.808230 65.260977 -97.529118 7.640249 
1 2016 74.312459 
3 139 698 2577 41.756498 5.934195 -69.811913 
3 879 1858 2621 -45.494938 52.714747 56.422182 
3 267 1295 1650 -22.455535 76.607454 39.698647 
3 1465 2037 2800 99.627768 -70.817909 -0.799035 
4 30 472 1656 2623 -43.374613 -27.406838 89.623739 -88.739743 
1 2893 -71.014861 
2 1538 1740 55.331327 -43.243651 
4 96 302 1437 2198 8.304767 -29.501555 29.627610 -89.687778 
3 1517 2203 2948 89.805674 84.458813 68.765833 
3 142 1174 2781 83.963538 -27.847965 67.056257 
0 
4 57 141 1504 1944 72.138682 -74.286435 -19.447434 -11.317659 
2 190 1809 36.684489 2.551508 
3 1380 1677 1875 -30.942165 -75.565635 -97.856362 
1 1247 28.717958 
2 781 1571 -51.204094 -64.230043 
5 310 1148 1197 2389 2751 77.168545 -99.802962 69.288922 43.317281 53.555840 
3 107 1276 1406 82.725522 -74.274869 -92.529877 
3 565 701 2310 -90.707418 76.064045 -89.169149 
3 398 2686 2734 2.589013 -90.370867 4.779069 
4 2164 2635 2716 2958 92.512019 21.249889 -56.267894 15.945459 
4 1282 1549 1836 2604 60.062033 -50.518248 68.971200 1.186175 
0 
3 874 980 2199 -53.958527 -83.349653 50.269736 
3 17 1305 1783 -24.192182 5.999026 -4.029070 
1 220 4.072262 
3 155 523 1183 44.042531 39.610946 92.062763 
3 474 1035 2509 62.954755 -39.598439 -3.786681 
1 1536 -47.366715 
2 411 2888 -25.682147 1.974870 
0 
1 2845 -1.838351 
4 787 1475 1945 2455 -89.457313 66.967704 18.243356 -60.727345 
1 1759 -81.489533 
2 314 909 -38.863167 -92.986543 
3 714 1430 2635 40.257110 11.728341 26.841496 
3 972 1256 2531 25.139459 82.439118 58.665321 
3 392 2170 2890 -88.303795 24.631198 -81.367487 
4 447 477 1050 2345 64.713052 -40.396372 63.275680 29.267489 
3 1323 2242 2784 29.105483 -38.105512 75.145624 
2 586 772 13.521412 -30.528081 
3 166 1228 2875 60.547333 71.773015 1.096518 
3 654 1935 2644 20.128596 19.644407 75.953423 
3 1056 1743 2098 -60.344352 -57.510695 25.600216 
3 244 790 2206 91.719848 -68.746060 -45.259186 
1 1112 -70.591275 
4 177 494 717 2981 77.890518 -74.750678 59.824311 -50.680823 
2 396 2388 28.045195 -19.647309 
3 1086 1772 2316 83.602153 61.217154 -92.828019 
1 1010 66.976295 
3 232 1645 2516 34.346768 15.363764 -48.506631 
1 2775 59.984059 
4 700 1345 2345 2362 16.373607 96.719000 64.296504 -33.175882 
2 572 2164 -46.469439 28.958673 
6 747 1039 1079 1888 2877 2904 60.041321 14.684976 -78.158590 2.277541 14.925288 -47.713000 
1 2697 86.812496 
1 1878 91.496308 
2 1562 2540 -0.397764 79.836123 
2 1145 2272 -18.638832 -71.270770 
6 1255 1598 1884 2361 2589 2787 -41.361727 13.180313 70.837166 25.021258 -47.927257 -80.204753 
3 857 1037 1464 -87.326089 86.753500 96.480065 
3 631 894 2907 0.005732 10.536339 52.363612 
4 772 1417 1481 2393 -67.293862 29.643858 -29.902760 -72.874746 
5 1306 1376 1430 1713 2543 -45.082342 -62.164240 -57.154323 -96.203152 -13.348849 
4 529 2397 2436 2478 -29.140860 -34.623697 -54.652744 23.952875 
3 377 1612 2863 -6.739020 -65.404618 23.170077 
5 136 579 629 2573 2615 99.210198 34.243123 -79.606520 -44.458162 3.641417 
0 
3 587 1815 2060 11.553075 -92.206678 -17.937092 
2 1098 2934 26.898018 -38.996940 
4 1265 1582 1708 2410 -43.970448 -93.700839 -78.817571 -8.818715 
5 417 1155 2419 2555 2721 25.779263 36.814413 75.503769 69.161661 28.331496 
1 1741 -14.559852 
3 962 2248 2502 76.163762 48.809496 -28.761249 
4 1327 1478 2724 2868 -81.860103 11.058170 -88.201102 -82.937005 
5 708 1082 2255 2352 2976 -55.972155 -59.399635 -98.125163 18.082217 -3.269037 
2 1434 2800 78.188999 59.435690 
2 252 2566 -54.495189 86.315542 
3 155 1740 2989 -24.191222 -0.546054 -23.186940 
5 542 973 1131 2121 2215 -97.431795 73.037292 -8.169820 -70.130407 -24.580582 
6 255 572 1414 1713 1853 2521 91.238436 57.679581 -57.632196 62.442844 17.659404 16.335592 
3 1407 1873 2723 59.932424 64.781401 -25.475532 
4 1215 1763 2365 2995 -81.112194 -32.145626 20.245709 85.063889 
3 106 437 628 78.704031 10.680964 -9.174509 
1 1234 87.140780 
3 1033 1752 2059 -41.006854 -91.053083 92.932914 
3 247 401 2856 88.304199 5.065696 50.485622 
3 200 2034 2480 58.371451 -54.978535 63.857765 
6 954 1090 1165 1202 2218 2814 -58.706374 -30.917147 26.328599 -94.761602 44.429512 51.508328 
1 1618 56.088169 
5 102 588 1234 2076 2276 -59.963405 -18.956766 -59.574822 -66.679227 -59.859262 
3 1509 1580 2220 -90.525859 26.839759 81.982312 
5 461 524 1530 1598 2477 25.574786 32.994748 17.613205 -22.535650 -86.347811 
5 176 288 1528 1838 2131 -61.700006 -51.091068 43.478056 -94.844700 80.016032 
6 320 583 1724 2298 2381 2513 63.165239 -61.387419 89.458919 86.098651 73.316179 -77.553093 
5 474 808 978 1892 2545 -27.610178 55.233352 -94.981494 -27.632185 -93.688193 
6 524 1066 2038 2421 2541 2783 11.529202 -58.200979 -90.870577 -93.956772 63.317209 80.371452 
1 843 9.722727 
3 1214 1805 2620 91.194618 90.951420 -98.070584 
3 181 208 2018 -44.981403 -0.925972 57.400956 
4 841 1198 2090 2909 -13.097622 -68.365900 28.654604 89.788484 
3 656 1128 1467 -99.603745 -3.040349 -74.127563 
1 2308 -43.723498 
5 734 2310 2402 2583 2714 3.616447 50.464813 -5.676009 34.571391 -32.792802 
1 821 72.386531 
4 657 1654 2030 2375 -91.491681 32.242597 -47.403775 -79.273558 
2 335 855 -8.944955 84.202530 
0 
3 517 2455 2766 -48.236479 42.122733 37.971806 
5 88 285 577 1007 1537 49.866168 9.095153 -26.893451 -0.710995 84.146594 
3 1457 2588 2823 15.679419 19.854573 89.794093 
0 
1 1077 32.693708 
3 1174 2611 2839 80.735949 -23.618751 -38.555583 
4 1288 1907 2348 2361 -1.034792 -52.888540 -85.780285 58.478966 
4 600 1240 1350 2524 14.951945 42.079554 -44.968129 35.378968 
0 
1 1065 48.432998 
0 
4 842 1413 1588 1915 -85.453307 -54.863876 -40.209079 -11.049860 
2 964 1500 0.067203 -86.335115 
4 2257 2348 2753 2976 78.319800 -51.697833 32.916550 -93.653274 
1 1263 89.000886 
0 
4 705 1064 1930 2029 -37.157730 92.695788 -72.066478 55.965695 
0 
3 147 1343 2772 -70.377302 -73.099021 62.996206 
2 562 715 -55.312950 -39.682315 
2 782 956 77.573447 40.562700 
5 556 1185 1877 2063 2252 43.085582 82.103005 11.828233 -99.958621 38.641466 
4 1255 1706 2629 2732 45.491314 62.998772 -38.373044 47.224558 
4 77 766 1911 2541 56.099132 -39.102152 88.736904 69.260574 
2 502 655 6.265240 13.915513 
4 326 531 2862 2906 84.193838 11.108121 -36.464166 -22.431972 
0 
3 1147 2683 2703 62.702282 -84.604489 -88.564590 
3 193 2484 2742 34.713221 -33.172168 41.575296 
2 1107 1720 -87.430740 -19.777739 
3 1457 2102 2344 -8.849673 -77.793598 58.052558 
4 740 753 1058 2399 44.771543 -70.173218 55.722903 98.848932 
5 463 860 1259 1980 2055 11.200763 -37.806532 -8.656581 -78.481839 67.669251 
2 753 2748 -56.294451 -42.012799 
3 260 1963 2829 -99.656286 -24.609682 21.821408 
4 420 1896 2188 2396 41.473094 68.027780 -87.723218 -47.744923 
4 1091 1357 2099 2900 76.727702 52.248629 64.160194 -70.898182 
3 3 2245 2312 -81.957109 89.619691 -98.157069 
7 196 481 716 731 1124 1251 1281 62.331044 -22.910752 -36.240969 82.302743 65.818253 10.816712 -61.939576 
3 790 2361 2707 -63.099695 63.413336 -60.141744 
2 835 1178 26.969330 -13.846578 
0 
2 270 1950 18.414655 -2.734702 
1 1200 -11.773794 
4 261 606 1865 1963 -66.369711 -2.662715 33.100452 69.881634 
4 144 1470 1540 2907 -94.220803 -2.848405 -47.099303 17.740469 
0 
3 442 1298 2920 -47.263460 -48.907907 -95.220516 
3 48 230 2956 89.808721 -37.756184 34.405245 
6 1 226 293 841 1029 2785 51.698091 41.227992 -56.746460 -68.099399 -64.828704 55.359474 
0 
1 1401 -44.563101 
7 241 446 765 785 882 1244 2506 -18.375603 -52.710244 26.691298 68.921145 59.960713 -29.394024 -91.478079 
5 176 746 968 1325 2341 -7.105727 -89.088582 17.451266 7.438327 14.820990 
2 2024 2841 -57.271463 96.447568 
0 
1 2069 54.888768 
3 1246 1453 2848 -7.813442 95.069674 -90.155654 
3 214 869 1995 -63.338714 -93.151920 74.201289 
2 581 2073 -42.374581 -15.062620 
4 363 515 626 1076 -72.623230 14.506180 99.961782 -27.325144 
3 176 217 1138 -61.805779 37.348326 84.247207 
4 48 541 631 640 -32.220635 20.458589 -64.841234 -23.718422 
5 205 296 1805 1877 2236 -80.769459 -98.214702 46.270920 24.334237 -87.948447 
7 828 903 1034 1049 1222 1858 2449 -94.776818 -65.270613 -45.943067 -50.085589 37.898815 -11.043211 33.611577 
3 342 821 859 -93.683296 -26.017187 -89.990704 
3 227 1882 2933 -6.115043 41.661763 -58.237550 
1 2510 -12.260367 
3 1188 1760 2452 -29.116274 24.711623 7.417432 
7 230 454 582 741 796 1395 2683 53.980832 -38.733693 86.964109 14.128770 86.215887 -51.213573 -15.595244 
2 489 967 50.117521 38.190706 
2 1489 2895 -48.642296 -58.114532 
3 356 1722 2660 64.314505 75.701547 60.641002 
0 
2 213 2850 1.730356 6.892644 
4 370 629 1456 2062 -26.192889 15.425935 -66.701075 -79.559516 
3 1142 2115 2441 17.402126 -45.975178 -71.916713 
3 958 2148 2951 42.461566 19.754217 81.239828 
1 419 -95.631399 
2 2030 2575 73.037366 -70.618021 
4 255 507 1728 2466 -43.664335 86.360342 56.695095 -32.617642 
3 867 2093 2622 49.409579 -76.689938 -37.889600 
2 1935 1971 23.509560 -47.369025 
3 1036 1810 2459 -53.857946 4.688039 83.164464 
4 303 699 1633 2993 -60.275174 70.701404 -57.217969 21.086563 
3 1522 2011 2988 -97.275523 -62.274597 -44.806405 
2 1138 1338 -91.349190 -34.442744 
2 885 2291 32.278410 57.064738 
4 19 234 1252 1719 -52.718903 0.195372 -44.512398 -66.418329 
2 2330 2519 -12.762413 23.320011 
2 816 2520 -74.385340 -23.186599 
4 1168 2149 2633 2659 -82.144236 66.289096 26.118997 54.797026 
3 522 1447 1517 94.617273 -28.349921 -20.017586 
5 698 917 1465 2168 2615 -28.207419 78.366473 -45.901403 -79.875384 77.312700 
4 465 945 1390 2754 85.933717 -52.115549 40.281719 -78.903378 
6 66 840 1191 1755 2123 2729 -96.493930 16.082879 -78.433937 -12.716548 36.565607 -59.374615 
5 377 644 1974 2600 2775 94.583751 -16.714127 18.639932 -82.350533 -81.001558 
4 207 602 1364 2407 69.119240 -78.623733 96.547498 -39.511680 
3 1423 2091 2144 -78.867057 -52.446215 -50.345426 
2 270 1400 20.357232 -85.225611 
2 1020 1280 -52.262319 -65.049446 
3 68 2358 2786 -9.790252 -96.309526 91.107904 
3 1083 2158 2802 68.802771 54.185979 92.996700 
2 1645 2144 -2.801796 -24.835015 
3 200 853 1319 43.243683 43.058956 84.227161 
2 509 2528 -81.436172 5.064795 
2 688 2247 -88.868000 84.616917 
2 1643 2166 33.027811 -90.193792 
2 326 1151 -11.788473 8.736332 
2 2120 2204 24.870681 15.607199 
2 263 1791 44.017441 -19.969741 
5 698 1744 1859 2092 2250 68.816891 62.337258 -9.066003 -17.979436 5.105332 
3 512 812 2361 95.334331 -47.974455 -10.443750 
5 783 1181 1276 2233 2414 -19.290954 92.181673 5.733338 30.110176 -43.841743 
2 96 2890 -27.519478 77.862187 
2 2494 2716 -91.210824 -88.106127 
3 389 1177 2155 -69.449525 -69.038501 -81.287151 
6 246 624 1107 1640 1711 2403 -36.537967 68.229949 -39.002312 9.671163 -63.880222 31.371153 
8 154 738 931 1322 1895 2097 2539 2980 -83.878337 25.286669 -28.714319 -46.309399 -96.706943 38.830272 84.750402 -11.559552 
2 1915 1945 -77.813037 56.832848 
3 368 2298 2440 -44.904137 66.602462 -87.835383 
5 705 735 1019 1026 2102 10.516085 -52.919639 -19.162563 93.814665 -96.068661 
6 270 1089 1651 1998 2870 2959 77.730882 -75.867934 -53.210806 -83.290165 27.312783 -21.997109 
2 502 2777 -28.664862 -60.214198 
4 181 1379 2004 2772 -67.127184 -68.554625 -44.418134 -59.102511 
4 697 1500 1922 2075 49.670806 -36.504687 70.356253 11.734034 
2 1528 1775 11.644663 57.942500 
1 923 -63.251272 
2 2486 2858 9.753189 6.600521 
4 144 718 1778 2082 -23.958809 -15.982404 89.337156 85.338248 
2 769 2580 -53.238045 60.567487 
1 2478 -58.763193 
5 291 880 1520 1822 2683 8.250200 31.707756 -57.804453 15.024911 50.346702 
5 146 1342 1897 2577 2696 -21.261035 -45.304797 -52.249423 39.925147 58.136740 
6 549 552 1075 1662 1809 2367 94.679163 -24.533330 60.538997 92.973605 45.989602 -80.215519 
2 13 1719 -18.124773 -77.182430 
2 990 1545 -38.847510 7.603673 
5 1003 1580 1705 1834 2022 -56.884783 89.865138 -68.641058 43.163289 -34.200472 
4 150 297 1773 2284 57.473671 -48.889167 42.192623 8.943359 
2 1937 2942 63.991057 -56.702354 
1 937 70.596170 
5 127 505 1501 2150 2929 86.716299 34.333987 96.783900 -74.713804 -0.708780 
0 
2 868 2436 -33.971475 88.839646 
2 436 503 61.552047 -50.623564 
1 1764 62.820793 
6 1069 1240 1651 1912 2598 2616 14.946754 -48.258877 95.741727 -75.584201 -51.228908 88.735596 
4 402 2393 2609 2992 59.213569 -74.545321 -26.240510 44.514500 
5 60 218 1024 2161 2429 -63.155576 40.225532 85.987311 -53.562677 27.826662 
3 1140 1809 1999 -89.657555 71.212912 26.053310 
5 298 954 1039 1869 1990 90.013286 -45.806105 81.265703 92.314061 -51.879305 
4 162 611 1802 2817 72.353799 -45.571607 -76.235098 -66.042390 
2 73 2337 -49.782109 64.534997 
5 428 630 742 1173 1477 16.076805 -18.415154 -70.149689 -50.318816 -71.442476 
1 2115 62.288102 
4 114 568 862 2021 -48.815920 26.680060 61.562616 -75.902584 
6 218 1078 1540 1713 2235 2398 68.112890 -26.268665 -70.069703 38.696166 41.088689 87.741810 
3 1164 2842 2891 20.076937 6.495567 -29.121760 
4 668 1349 1397 1447 56.393199 83.698523 -4.194724 39.422080 
3 1373 2273 2764 -42.641962 -24.812909 -60.699990 
2 439 969 92.256306 50.875959 
5 1869 2119 2264 2450 2852 70.910877 -65.665261 -26.811734 30.744518 97.208116 
9 234 829 1020 1273 1745 2074 2113 2528 2809 -23.016357 -20.911976 86.522711 -55.568473 -38.910533 51.678758 -11.960979 87.579080 -80.860208 
2 2086 2337 7.794983 -7.578746 
0 
6 25 382 488 687 1309 1408 10.923262 8.222363 -59.018506 3.115595 74.147178 -73.688442 
6 770 1144 1761 2087 2357 2621 -84.469880 -0.143097 15.650168 -71.391526 -59.766302 -73.708734 
3 531 2267 2312 -19.360453 95.001117 -66.621677 
5 745 902 1299 2149 2506 -45.558317 60.755533 -47.574544 -2.557014 55.381781 
5 105 428 651 1641 2593 89.875110 42.821061 -21.837414 -41.051648 72.207904 
1 2610 0.199463 
4 161 325 355 2032 4.331629 12.629546 -39.520158 88.673977 
3 1379 2764 2938 6.725133 -8.965741 64.653797 
2 2810 2916 -19.223200 28.478612 
2 1976 2362 -13.165955 25.212889 
5 527 1435 1893 2545 2985 80.161104 30.123526 84.727343 -19.550006 74.400394 
4 1142 1881 2822 2891 91.144760 37.791844 -5.466740 -26.322523 
4 695 811 1122 2134 60.233325 -70.701056 55.483795 -27.601117 
3 813 1964 2255 89.994022 -87.590965 95.548353 
2 820 2115 -84.269589 93.858259 
4 1012 1234 2284 2898 41.401154 10.405064 59.275123 -46.479340 
2 966 1046 5.824253 20.525944 
3 2126 2562 2978 9.596242 -4.675043 -30.545678 
3 652 2382 2747 10.997873 -59.760502 24.938869 
1 2840 -1.449547 
3 799 1274 1813 -46.102338 -10.099363 99.384203 
2 356 1593 53.075871 -29.492064 
4 1448 1717 1734 1841 -21.593679 -91.483081 93.175378 64.772406 
3 250 2529 2978 -60.006077 -54.084504 -72.818244 
3 1969 2705 2993 -69.620215 65.121422 85.857615 
4 110 1045 1584 2097 16.049303 -96.035974 32.610408 -59.465541 
0 
5 602 879 1932 2773 2894 -31.104440 28.712021 65.218939 -20.631811 -53.344001 
4 872 1413 2186 2633 24.035175 -33.541817 -32.766022 73.615647 
3 1580 1627 2980 -74.075845 -92.713194 32.955458 
5 241 1002 1356 1782 2088 72.179691 90.767617 -7.896949 42.301743 39.224697 
1 603 19.840383 
4 1302 1948 2461 2894 7.005612 -72.339011 89.030050 -21.601253 
1 2848 57.694747 
5 1445 1909 1994 2179 2880 -89.468795 -68.816695 81.541347 77.009458 -74.577581 
2 279 1892 -34.631037 79.745235 
4 111 2140 2507 2945 -70.419022 -86.831031 -6.592814 37.477393 
3 499 2712 2752 97.963816 65.519161 81.975474 
3 3 1365 1419 -26.247934 19.822304 -32.777843 
2 687 843 15.983090 -14.586853 
3 647 777 2172 91.242137 72.181897 76.552219 
3 344 893 1132 74.995381 57.271336 -83.499644 
4 186 755 1303 1848 -21.841388 -82.852081 86.110017 -62.061786 
2 691 1444 51.998835 -34.844165 
2 960 2798 94.912339 -67.347272 
5 959 1058 1253 2742 2946 91.435308 29.166698 7.572838 -67.129998 -52.132626 
5 646 1332 1563 1604 2614 3.192022 26.542328 64.877916 -65.561777 24.599401 
6 729 743 2096 2392 2779 2975 2.864538 4.273128 -27.064042 15.311741 -66.867661 8.442812 
7 263 443 700 958 1834 2541 2660 -99.962808 56.844167 -85.060008 69.523656 -25.787632 -20.663630 89.868956 
2 1713 2861 94.037826 -44.584319 
1 1592 26.570737 
2 1250 2216 -93.694250 -54.221551 
4 879 893 1300 2751 -11.821820 10.545375 -44.132921 -58.550221 
1 1291 -68.230849 
2 418 2963 -47.450662 -32.781924 
2 1393 2553 22.389959 38.002260 
3 630 1657 2658 92.427662 1.851968 60.693123 
5 1542 1571 1697 2158 2604 -14.560052 59.889539 96.108527 -34.344537 -33.923758 
4 1954 1999 2825 2957 -28.696720 88.368136 -1.734926 -96.968464 
2 2302 2329 58.237531 20.431377 
1 2942 3.466628 
5 137 1512 1686 1909 1963 8.168084 -3.873413 59.118338 78.907132 27.459661 
4 4 2092 2265 2317 -79.965745 -71.828814 -95.125906 -29.291504 
3 24 1140 2162 61.805005 43.783583 -77.883503 
2 1307 1377 -71.464333 6.930563 
4 603 1764 2235 2859 -93.610328 93.606402 -57.077736 0.502436 
3 503 877 2266 29.844774 -9.949756 -39.226732 
2 162 2965 -67.735290 38.814837 
2 130 2380 -60.945825 33.604154 
2 260 1443 47.664217 47.849359 
2 640 799 -36.177702 57.081564 
3 1666 2762 2907 -44.196575 -9.905664 -13.758243 
3 288 2158 2364 86.369433 -42.567637 33.553441 
0 
4 695 1466 2000 2697 -15.035586 -54.956239 -86.549267 95.875346 
6 1266 1428 1597 1862 2280 2527 -78.929381 12.448089 -7.332335 43.802993 -2.734379 62.901581 
3 138 182 1037 73.664602 93.741959 81.310833 
2 1380 2900 54.741113 -50.073623 
1 1657 4.509999 
3 2195 2555 2647 18.219474 70.525694 11.516245 
3 1037 1518 2730 -5.598819 88.550641 73.048761 
1 589 -88.543945 
3 388 2331 2974 98.904265 23.106869 -64.430471 
4 1420 1727 2016 2143 -57.806038 -10.272974 11.303096 -28.879557 
1 1932 -50.465530 
1 1894 -33.608061 
7 948 1012 1066 1663 2055 2420 2865 29.160698 -85.970476 64.025638 -72.858970 -95.653049 51.088928 -27.655403 
0 
3 487 1063 1548 -45.908509 -15.676319 -20.721779 
2 1676 2368 13.411693 -89.635270 
3 668 2392 2446 90.113971 13.366449 -25.831673 
3 195 1859 2747 -52.364407 18.719445 -18.609471 
3 467 1043 2130 -50.563832 98.114574 -80.159890 
3 46 924 2264 -1.821726 -95.365966 -44.353479 
3 179 1437 1538 20.154632 -46.075062 -60.142162 
5 1382 1465 1784 2133 2162 -31.298104 97.894112 85.836681 -53.605695 14.929395 
4 1165 1993 2259 2981 29.785630 81.434548 72.031749 -71.414377 
7 17 171 620 1235 1986 2135 2563 -54.686867 71.275974 -86.787949 90.731025 -92.599881 35.725685 35.854612 
2 1119 1236 -26.220491 -72.342516 
5 180 432 1058 1867 2902 91.705031 -6.162210 -1.085172 -60.834892 -66.788573 
3 518 808 2026 -24.690694 77.195401 45.007409 
3 171 743 1167 46.637100 -90.804317 -65.458652 
1 1472 43.822777 
4 1350 1354 1732 2023 68.774837 61.864661 12.907980 55.127749 
3 1125 1708 2414 1.699504 82.814796 32.357009 
2 1162 1315 73.871928 -89.445409 
5 384 1469 1662 2118 2480 42.772365 13.914407 -34.075714 -74.420151 76.978250 
3 2387 2405 2595 -2.522226 -24.437148 -20.854304 
1 37 -82.870928 
2 16 1349 42.549874 0.289507 
1 744 -25.004255 
2 1605 2073 38.545003 -34.799311 
2 31 2944 91.098278 -53.416252 
5 401 1693 2073 2610 2652 86.105264 46.028798 -69.583931 -88.932984 82.427935 
2 383 1444 -76.391034 39.631340 
1 596 91.122081 
3 307 1063 2243 -16.185504 0.252421 -0.210568 
2 1706 2822 -36.260601 57.750642 
4 1241 1950 1987 2910 63.253677 -41.203398 73.814111 82.695268 
3 315 481 897 32.152673 58.982453 99.008456 
4 264 386 993 2450 93.028680 82.197320 -98.608697 -75.852382 
4 869 1251 1656 1696 18.835826 -85.617850 4.165683 50.075305 
3 283 1233 2362 -90.261063 84.915861 -70.085787 
4 376 613 1608 1917 -9.635508 52.597314 62.922475 51.768283 
6 224 269 394 1231 1911 2005 66.716793 -93.016454 49.776333 12.916388 -57.914405 36.355161 
3 2167 2386 2918 -75.569986 -2.462123 -71.290818 
1 2225 -69.454411 
2 479 2264 -54.375496 -60.206489 
2 492 2879 28.588523 -23.904718 
3 1725 2362 2447 19.520557 72.999833 5.109845 
3 2214 2411 2424 22.562029 64.218983 -47.897722 
2 2149 2605 -39.880149 -88.411530 
2 463 2853 -36.935118 -89.415833 
2 442 1462 -4.939749 -66.877513 
5 79 968 1952 2868 2974 -25.899568 6.475323 -73.427998 -91.514997 1.226457 
0 
2 801 1358 44.274567 -76.589292 
1 1818 41.073945 
2 1096 2557 50.307125 -1.572697 
2 696 2994 -70.895446 -92.519075 
2 261 2130 46.907486 -77.397792 
1 1871 99.009691 
4 110 718 1147 1954 99.917277 4.409493 -2.943146 17.737705 
3 1493 2452 2765 -83.230385 -80.241529 -32.382879 
4 945 1779 1972 2071 -90.431426 -63.340582 -87.927715 59.971347 
4 1032 1127 1689 2529 -16.876281 -73.942358 55.068331 20.237474 
2 1806 2980 -48.282366 74.120080 
2 1957 2114 -12.388768 65.003849 
0 
3 1061 2031 2267 -98.602166 74.465237 65.244035 
1 2446 -25.566573 
1 2233 14.304933 
1 1654 -12.444139 
3 342 2331 2976 -75.051176 -30.243186 -57.676385 
4 735 1402 1461 1858 -55.355911 16.115335 42.710140 38.580375 
2 511 1640 -80.337683 48.718261 
2 2015 2506 74.143361 30.071812 
5 228 976 1488 1739 2800 50.053449 59.603101 -36.911974 -5.645338 64.178621 
1 956 40.893681 
2 609 2833 -83.645909 -11.680727 
4 866 1518 1998 2131 -75.442866 65.250564 -6.446355 -18.831246 
2 1392 1480 89.991710 64.716082 
0 
1 2565 33.649125 
4 817 1357 1778 1800 9.840857 35.946588 89.873425 18.228708 
2 909 2983 1.041111 71.553955 
2 373 1395 76.166376 8.095261 
7 381 1398 1697 2484 2597 2828 2895 -56.002197 -0.717981 1.492852 21.439459 -77.337798 84.244629 41.756866 
3 592 882 1715 -76.683679 61.134965 -45.087586 
1 1531 -60.302706 
5 2 1151 1474 1595 1637 34.697396 -76.424957 -17.229425 -96.860702 41.725467 
3 314 2145 2246 80.407005 -67.770821 -75.250508 
4 743 1354 2066 2687 79.930313 73.514941 -24.673649 23.860082 
2 635 1748 -3.618041 -64.325549 
2 2457 2658 22.693844 -68.993402 
2 2146 2941 48.997450 68.520865 
3 1709 1773 2324 -76.014201 28.769515 -43.051520 
1 499 -62.971678 
2 346 920 -49.465687 -11.922855 
3 1083 1284 2716 86.156128 -22.028667 -46.696123 
2 1382 2888 -65.140323 86.572387 
4 227 402 2763 2984 92.618930 26.495315 94.787179 17.754405 
0 
3 781 2775 2995 -65.081852 -67.367752 39.556654 
3 1162 1224 1411 52.548027 60.385210 -29.908856 
5 13 1551 1685 2104 2763 44.464909 71.969157 45.834925 -85.612236 1.414827 
5 221 556 708 1163 2598 -85.153070 24.750895 -80.814755 -1.138912 -69.816328 
5 545 981 1876 1877 2141 -42.126437 -5.627532 30.874613 97.337013 17.064413 
1 1181 -69.990909 
7 105 275 353 675 972 2540 2672 -31.924628 -84.529547 15.870717 -6.704490 81.288520 -43.991445 29.141556 
5 448 728 918 1526 2136 -28.021259 -29.768765 -72.792771 83.852256 39.178401 
5 729 1256 1883 2421 2484 31.797420 98.897104 -33.329406 79.299235 -67.653390 
2 1684 1788 69.412683 -12.301163 
3 2364 2480 2894 -46.741359 37.068654 -30.122994 
4 610 774 2421 2742 -15.934368 -22.079016 8.861404 57.633293 
4 908 1502 1795 2318 78.533623 -48.565790 -30.986161 -39.708367 
1 686 74.852833 
3 262 930 2400 34.968817 -21.346013 -0.429894 
2 1041 2975 -17.855659 43.642117 
1 1256 2.314628 
6 57 798 867 1524 2112 2307 -20.663112 -38.796232 -19.455646 -91.263331 -49.408141 -2.178940 
3 464 1269 2390 -69.816205 18.946530 -20.017488 
1 1455 9.483661 
0 
4 901 1609 2391 2456 -67.683059 79.882040 -14.165173 88.151940 
1 1719 -3.968865 
3 35 789 878 -12.039419 -19.199377 86.169656 
4 270 701 1309 2526 -75.301866 -34.772033 67.803429 -91.423708 
1 1673 21.635364 
4 681 1319 1607 2050 -97.375992 40.208368 7.625957 -99.762151 
5 787 1692 1875 2851 2998 76.307476 75.008802 46.785416 -23.230619 -7.481736 
3 2162 2220 2223 -12.921795 -21.752289 -28.773560 
4 669 1176 1850 2447 -32.613663 -22.132640 -12.544556 -37.014877 
4 447 1012 1426 1933 42.854018 15.757122 -82.237856 -68.355204 
3 91 1514 1826 58.491816 -20.119588 -73.508076 
2 1938 2502 39.374218 25.521147 
2 1026 2230 94.064536 -96.436183 
1 1150 1.960968 
7 85 375 1234 1496 1644 1654 2564 -10.843212 -32.556332 94.232067 88.559123 82.999372 60.256212 20.874328 
1 1391 -14.400612 
4 1029 1607 1934 2352 14.794362 -43.105031 10.703275 39.365661 
3 988 1403 1554 90.002337 24.368750 -43.446809 
6 330 722 879 1513 1538 2597 24.005459 32.430167 -48.215864 63.204285 -55.588243 30.979082 
5 36 261 1296 1763 1857 50.957698 -71.371546 -79.756049 6.394227 -6.179560 
5 527 1734 2186 2473 2736 19.106386 27.396673 47.540600 73.648695 48.118692 
2 987 1487 20.653227 -77.061941 
7 325 571 1186 1206 1764 2827 2917 14.335405 -38.619734 -92.709792 -92.751035 -95.507851 69.177146 -93.870323 
2 646 2868 -58.879735 49.678364 
0 
1 1987 36.628552 
3 488 629 1315 29.701978 -52.010827 -31.543139 
1 823 -11.134201 
1 2122 -1.361879 
1 1603 60.944223 
2 2118 2497 -43.975402 -19.735450 
4 409 419 1131 2609 22.711271 -73.146753 -6.733914 -98.389430 
3 44 679 1640 32.496828 97.527524 -69.731291 
4 17 1518 2404 2857 -49.310903 61.060609 29.578701 -26.376971 
4 1827 2029 2265 2716 -21.306775 25.776876 -44.316474 68.869072 
2 586 1212 28.600850 50.276276 
2 1419 1476 -37.690937 39.591978 
5 1231 1475 2089 2392 2504 15.201203 22.735103 -42.817521 -45.198263 -98.616681 
2 1346 2365 -30.147408 -17.165458 
5 49 483 833 2003 2843 85.109796 74.283998 73.418480 -7.383845 13.642184 
5 281 814 1407 1812 2182 64.585128 85.199816 -25.458339 -35.830405 -80.203820 
3 2863 2919 2987 7.571100 79.418178 -44.320029 
2 2389 2848 23.053638 -9.306118 
7 190 410 650 721 1742 2158 2459 26.817446 -4.637227 83.632252 -19.633942 -64.829375 54.759041 -55.273677 
1 2193 -74.131489 
2 2268 2588 -82.064922 -51.450058 
1 2167 81.864363 
2 1063 1344 -50.791938 -96.201383 
2 1424 1950 -42.200264 -38.074684 
4 441 686 1403 2299 88.547694 -28.053193 55.523954 -57.055996 
4 601 776 1173 2123 72.212155 20.004068 88.357739 3.921889 
4 275 1825 2378 2587 -12.354004 62.770993 30.973526 -58.943761 
2 2759 2966 46.842904 -59.820100 
3 1269 1955 2409 58.434589 14.149511 21.866741 
2 2111 2857 -39.057101 52.437037 
3 1104 1122 1445 -77.159797 -1.277482 -21.012034 
1 1708 -56.006667 
4 450 575 1378 2120 -66.661964 -12.765660 21.137558 62.844632 
2 837 1556 63.174260 -41.642890 
3 900 1557 2479 8.575396 -37.815060 73.092097 
2 1393 2175 96.667691 -12.306570 
3 151 673 2575 85.570670 8.366154 -49.216126 
1 603 18.477894 
3 568 1506 1571 -29.661318 -48.170973 -52.328426 
0 
4 935 1204 2004 2839 -95.289665 -82.077999 -94.370739 -34.063706 
2 1229 2646 -48.530647 90.081861 
3 406 2421 2546 -79.943379 42.568021 42.500823 
2 1656 2522 29.551808 49.052751 
3 630 1361 2731 -62.834549 62.881060 -40.930998 
3 50 2228 2878 -47.206425 -97.920762 -11.252142 
3 1744 2458 2939 67.274785 -7.042267 -46.123372 
3 995 1259 1366 5.031367 -60.120160 -13.117335 
1 2188 10.722010 
4 479 1426 1686 2604 -22.872707 11.659925 -31.390473 -92.315373 
2 980 1215 -9.925352 -36.180411 
3 1510 1871 2251 2.952902 -33.721463 33.237609 
1 1119 58.956440 
4 632 776 1894 1982 36.848174 38.539702 83.152431 72.585385 
2 1167 1464 -87.274706 83.693898 
4 895 1134 1473 1480 10.347077 2.158415 -30.900174 -72.256070 
4 960 1154 1411 2143 77.847329 -83.324764 83.908775 -25.926158 
1 686 80.544514 
2 1037 2125 -71.521384 -79.098485 
3 633 2239 2505 50.945273 -10.906574 -94.855389 
6 473 914 1715 2142 2809 2880 -13.839751 -56.821302 -13.005823 -19.414791 57.549778 -42.619692 
4 264 804 1765 2461 97.244686 32.293331 81.325170 41.860525 
5 42 339 1775 1865 2503 -21.301055 -60.488007 -93.270905 -55.230453 -96.188227 
1 1509 -43.648868 
3 321 526 916 78.437254 32.097964 -84.530080 
2 1966 2013 -3.459525 85.463342 
2 1125 1753 -91.959050 -57.734618 
3 1685 2013 2264 32.245279 -72.900873 98.309094 
4 466 827 982 2948 -68.209053 13.155725 15.586536 18.580238 
5 371 383 1190 1729 2251 -5.562166 -85.598598 52.635635 -99.379167 -36.384367 
1 2858 3.385997 
2 655 2393 75.122330 6.493663 
3 911 948 2829 -61.499586 -24.135204 81.450484 
5 593 1299 1368 1598 1964 43.741586 -44.656054 43.433236 14.426190 44.147437 
7 43 1326 1507 1688 1764 2066 2759 -17.714030 -24.319327 -63.921130 -63.567272 83.738418 -79.218258 -70.108255 
3 17 1066 1425 34.205170 -63.874521 78.923553 
2 1803 2571 -57.850603 92.644180 
3 68 2296 2808 63.973039 -92.112687 -62.999176 
3 566 2005 2583 -89.210465 47.265180 21.051549 
4 13 814 2163 2986 67.494757 61.965724 -61.831163 -45.976928 
6 628 722 1645 2045 2053 2143 78.858020 -89.216552 80.787085 -43.612448 41.877960 -22.202242 
2 550 2285 -65.047935 -6.497595 
2 123 1188 6.124809 4.605065 
1 1854 69.799994 
4 1704 1769 1827 2890 -77.516614 77.572697 24.719602 77.386636 
1 1212 -22.625097 
3 1365 2264 2452 95.384527 73.768991 88.808254 
3 755 1771 2945 1.308285 -82.169637 -10.460477 
4 436 1302 1339 2540 86.965748 10.910881 -72.774501 -25.785192 
3 418 1272 2648 37.452043 91.067923 10.915508 
1 2505 99.989684 
4 159 1781 1955 1987 -86.940695 21.764027 -64.250735 42.875726 
1 2778 -72.719863 
1 55 -64.335036 
4 315 619 2569 2886 -15.323248 3.265855 27.639413 29.387774 
2 761 1354 -88.673930 6.126374 
2 140 914 78.869122 85.611354 
4 1473 1699 1833 1863 99.850395 -6.273786 97.729738 -28.980000 
3 110 1699 1956 35.176621 -37.893733 19.848443 
2 1199 2578 83.845151 -77.230250 
2 879 1526 38.869355 -60.869189 
6 837 1075 1308 1332 1586 2527 -73.340433 -26.732339 -77.503874 -43.068502 -92.063462 -4.268218 
5 87 95 589 1144 2195 43.683070 -97.912245 64.706314 51.841614 72.657489 
1 1864 65.752998 
1 1892 55.977205 
3 176 341 1717 23.934241 32.842667 -5.435203 
0 
2 1895 2655 82.730312 60.463338 
1 2230 -94.824067 
1 8 69.932293 
2 781 2780 -12.252167 52.201548 
6 466 827 1190 1338 2515 2764 14.719420 -86.457177 -52.353977 91.580099 22.446922 93.386403 
1 797 63.830485 
4 134 1292 1415 1652 3.211329 50.064256 12.093291 -38.060705 
1 2521 24.482092 
3 963 1551 1556 55.988688 -79.369391 -11.777133 
4 261 1741 2053 2937 59.502638 -91.760019 84.642844 44.991204 
1 893 -3.379796 
3 593 753 1431 -12.419266 92.265090 4.593503 
1 1238 -48.856193 
3 1999 2446 2809 42.976850 69.515637 96.961915 
2 902 1829 -68.040522 31.628569 
7 290 871 1005 1497 1900 2248 2572 84.381619 -16.986165 72.057146 18.851527 -90.977883 13.560697 33.230804 
3 289 568 1175 -60.257712 -61.057179 25.981232 
3 757 784 2566 10.110820 80.878281 -72.536174 
5 2113 2512 2530 2553 2610 36.138215 -71.826814 4.643369 -43.317932 -31.562399 
3 322 755 1137 49.683521 -26.230637 37.767914 
1 517 38.989210 
2 331 1155 0.337911 5.437041 
2 1625 2388 4.289283 60.015338 
4 423 756 903 1830 -10.646399 50.158638 81.714560 -46.750586 
2 861 1883 36.755152 -71.033296 
3 1352 2304 2897 -39.943598 -90.405176 -29.419711 
1 1443 90.466690 
0 
3 730 1099 2677 51.120971 71.937471 -0.974019 
1 2299 -62.222997 
2 376 2365 53.832435 37.147182 
2 1503 2087 48.794038 84.450004 
4 26 1568 1866 1977 -61.503843 90.027067 -66.238163 61.538880 
3 300 870 882 -89.501314 -3.176441 -66.486556 
2 2087 2979 50.931697 93.385928 
0 
1 372 78.541765 
3 474 1025 1594 48.629053 24.305323 66.616475 
1 2867 -69.926379 
2 512 801 -62.083854 -96.326809 
3 132 2159 2216 0.852291 -60.466505 -83.256522 
3 250 575 2905 13.827441 99.435626 -57.426908 
2 197 913 -60.626278 -57.635928 
1 1071 4.887175 
6 26 611 907 928 2242 2402 51.862900 -8.622651 22.083477 -74.334416 -26.721464 12.823900 
1 2303 23.233537 
5 293 1063 2085 2116 2330 -30.085274 -29.843728 -89.319141 37.910684 -27.123711 
4 31 1250 1386 2753 79.461089 8.662724 -78.320185 26.451895 
3 1566 1634 2073 56.831157 -48.523669 -92.096200 
4 218 1563 2329 2348 56.274936 -80.558917 24.504321 -63.033618 
4 671 1204 1322 1485 67.024393 30.416938 10.476417 -60.185844 
1 2570 37.823856 
3 89 1237 2845 79.981729 -63.644276 -61.101489 
4 1571 1604 2138 2159 42.837998 96.664595 -55.232995 78.168288 
1 908 26.068261 
4 1383 1502 1941 2800 -47.278064 72.823397 58.797711 -53.158140 
5 1005 2071 2159 2188 2446 3.602506 -53.615379 -56.425235 93.214365 -75.360676 
1 82 22.741504 
0 
2 334 2527 27.250503 -23.856300 
2 587 1263 2.813506 24.333148 
2 2754 2945 19.390188 49.423310 
5 396 433 1148 1939 2047 2.683024 -5.467709 5.078827 -40.651613 61.415066 
5 189 234 337 625 1323 54.098799 94.529496 -20.008445 58.863658 -18.877338 
1 247 63.056719 
2 1082 1868 15.116341 53.644347 
0 
2 130 1934 -18.857419 75.200538 
4 635 1324 2315 2791 -99.814625 -56.815071 -95.772462 34.461428 
3 95 757 2000 1.866917 -6.464481 -38.138732 
5 2100 2317 2796 2881 2960 87.793967 -63.002054 89.970680 11.726158 -99.101392 
1 2240 19.724223 
2 507 862 -67.474473 -51.882136 
4 250 1156 1542 2840 50.088339 51.914034 -19.824828 34.160025 
1 829 16.767839 
3 1488 2046 2103 -34.702008 5.428999 -56.960822 
4 337 596 1974 2028 65.374093 -76.650054 93.121050 -95.420411 
2 601 2492 28.492469 15.339779 
1 639 -6.074891 
5 996 1151 2476 2698 2779 53.555213 -22.524663 78.097628 76.892902 8.262510 
2 503 2972 60.904187 98.316291 
6 71 234 627 881 1360 1519 -2.341238 24.893276 91.514676 13.476470 -11.836740 -76.221210 
2 900 980 -10.758944 -10.215568 
6 428 787 945 1196 1606 1655 -37.006153 -77.614261 -3.280180 91.791598 -18.315112 -70.195294 
3 1137 1943 2866 -23.509501 -5.896962 71.674305 
6 103 576 626 860 1169 1391 -67.266220 20.827687 -98.442137 10.722323 -60.662932 -84.890117 
2 28 111 -60.111771 3.961072 
4 677 1164 1206 1610 -20.780249 9.348623 -44.665775 88.543962 
4 248 521 2608 2777 73.434362 55.823832 -62.989518 70.688632 
1 2752 20.618985 
6 224 260 1130 1355 1521 2716 -53.471228 -21.331067 -79.509134 31.502386 32.940706 2.437228 
3 101 1614 2256 -5.829169 69.428558 -7.117291 
3 132 456 2437 -88.718599 -38.210056 -13.999914 
1 1462 80.499034 
6 370 1034 1988 2243 2576 2658 46.755186 -36.618986 24.123400 51.475063 18.897978 88.156548 
1 1021 -68.566638 
6 81 245 642 1065 1529 2475 83.241623 -66.153616 -63.424411 27.857294 45.697824 54.684127 
1 1036 -18.634950 
1 461 -85.791255 
1 712 82.836136 
2 684 1155 99.835096 -53.168590 
1 1265 89.759458 
1 30 -62.599333 
6 851 1160 1868 2296 2578 2897 44.834367 52.960494 -42.501445 63.858868 55.594398 -15.607057 
5 1317 1328 1574 1814 1907 -85.166278 38.577683 -24.476321 52.999140 -14.638858 
3 362 577 2209 -65.020342 71.526837 91.578878 
3 1703 2008 2683 24.499905 92.613822 82.479118 
4 115 2156 2359 2398 35.942353 -24.734079 18.237171 -44.706203 
3 173 914 2032 77.446488 5.312192 -27.361400 
2 1407 2277 -69.208713 -69.495362 
0 
7 236 487 778 787 2508 2682 2709 5.200360 -45.483749 11.172451 -66.907033 32.652977 56.969796 -29.934631 
3 1429 1503 2420 -29.384297 -35.994712 29.281177 
0 
4 754 2093 2362 2960 88.504812 -88.189650 -71.338093 -84.887831 
2 2091 2856 16.503571 -54.149697 
4 1088 1413 1741 2051 55.953985 -72.057796 4.132250 2.785174 
1 2486 -68.505592 
6 61 299 503 1204 1482 1490 84.852390 -84.659089 91.952911 -26.591045 -84.475293 -93.889064 
4 1 536 1561 2833 -69.014287 -99.790335 -31.745082 -49.166374 
6 260 820 864 1082 1421 1487 13.422419 -83.879409 -5.374111 -40.224307 -92.568798 26.830186 
7 931 1417 1559 1889 2309 2403 2630 10.877457 -7.872395 59.387166 92.358878 51.773278 58.717592 8.717009 
1 2141 -2.739808 
5 518 1051 1222 2103 2792 -64.487014 46.312733 29.910498 81.567085 70.914737 
3 1514 1729 2611 -83.478864 82.065034 23.918134 
4 277 1645 2068 2499 96.204890 68.940412 -19.555004 -10.688211 
1 453 -76.443243 
3 391 984 1088 27.026588 98.449817 42.103058 
0 
4 154 235 776 2962 14.396818 46.476032 -64.957144 -39.868299 
1 853 -60.496510 
3 139 871 956 14.254404 21.866806 86.985080 
1 1133 52.233212 
1 2763 -94.013528 
3 938 1014 1602 26.383306 9.739554 -66.429167 
5 152 610 805 1627 1929 -16.965861 -38.987602 -6.785568 5.697333 30.031708 
0 
1 2062 68.092906 
3 249 1595 1842 92.149232 -74.152437 32.967853 
0 
4 283 1975 2099 2701 -10.410241 94.206969 -29.677773 -41.896197 
1 2927 55.959875 
3 1905 1949 2513 -31.851530 -41.348617 55.288162 
4 843 1240 1272 2566 -60.689577 61.843273 4.784744 42.656416 
2 401 2393 -2.485581 -38.001100 
4 568 1571 2419 2697 82.638732 -84.556567 84.827056 83.482619 
1 241 -23.859906 
5 478 612 1561 2357 2524 -35.091768 8.643192 -17.121080 21.595618 -81.093087 
5 510 875 910 1095 2427 0.602456 11.900419 36.470356 92.567975 76.830565 
2 187 1564 -93.281172 57.501723 
5 55 127 1010 1443 2410 -78.902978 65.225549 -28.035057 65.369158 61.210187 
4 2490 2545 2570 2830 57.894301 4.386263 -1.259878 -75.792624 
1 1807 -81.157785 
4 216 565 676 1828 -96.684145 -8.808068 -32.858430 86.985481 
4 319 427 1208 2619 88.835330 87.229919 24.190258 99.343318 
4 143 661 1244 1953 19.445562 -20.335482 19.925750 23.241437 
4 623 1115 1553 1695 32.355241 -95.404441 -56.086948 48.405143 
2 1226 1590 58.726277 50.067158 
3 480 545 1666 -93.533591 42.953650 -84.074349 
4 221 706 1657 2110 -40.930178 -1.090292 55.483954 -9.777178 
6 978 1310 1736 1907 2508 2944 -17.390809 92.345257 -0.283377 -98.966046 7.533650 21.445572 
1 923 65.519003 
2 1327 2756 -95.297631 -66.209611 
4 917 1412 1448 2977 82.226009 -66.868040 35.911483 84.710494 
3 1239 1704 2897 56.420928 -50.464636 87.682612 
2 1649 2169 -93.423700 29.892546 
3 186 1230 2894 23.963159 97.858282 54.877126 
3 1202 1496 2778 -88.744615 -65.252286 -34.069237 
4 48 230 1504 2046 88.159673 -69.542537 78.679101 -82.922712 
3 717 953 2561 62.699726 42.402040 -38.978533 
1 2159 42.663404 
7 184 923 1510 1744 1764 2352 2764 24.769976 99.865879 33.748010 -20.805609 -21.449415 57.545317 -30.846394 
2 2141 2767 -33.947669 -44.406469 
4 202 1645 1801 1859 -73.105044 -13.743659 -26.396058 -84.717375 
1 117 -97.600179 
4 859 1373 1427 2688 -25.469864 71.886463 83.046748 -45.227885 
0 
3 1105 1209 2548 29.684605 -28.606225 29.678712 
4 46 1747 1908 2499 80.865751 -18.119668 75.024612 -83.237225 
3 226 2881 2902 94.134929 60.754250 96.468406 
2 805 2019 79.923311 -70.279748 
1 1847 15.022354 
4 1360 1955 1979 2427 -9.379960 69.122308 -51.401856 86.424911 
1 2008 38.301878 
2 2702 2902 -88.919499 -84.996943 
2 1352 2057 77.607092 52.054689 
3 1725 1811 2744 -12.605177 17.356122 52.057262 
2 546 2161 -40.815326 -48.231581 
1 251 60.146042 
2 177 1622 -54.265852 -88.331180 
5 406 597 1145 2656 2677 30.799875 52.632809 13.603124 40.159479 23.213424 
0 
1 2025 17.821505 
4 95 2213 2274 2296 -16.004199 -14.663081 -20.224924 -92.708173 
3 259 2059 2148 -54.982287 21.459884 -95.443954 
2 1282 2519 1.334423 -14.263907 
4 128 1500 2122 2546 74.741964 84.158506 51.978725 9.826644 
2 274 1733 95.334900 86.885924 
5 23 1504 2512 2713 2809 85.368777 80.705552 -59.254957 69.228482 22.758726 
5 2 632 993 2004 2484 27.124724 54.300900 -87.370112 -4.347222 87.212982 
7 83 641 834 1662 1910 2093 2742 70.585856 72.739320 50.187312 -36.252393 79.348295 -38.007741 4.815695 
7 653 1339 1535 1600 1799 2035 2939 -92.823110 -40.154942 87.209347 34.119486 -5.472162 29.146352 93.567133 
3 1326 2405 2659 -49.250941 -27.446575 62.847431 
9 84 2034 2143 2237 2442 2564 2686 2741 2840 -28.754332 -87.750968 -79.286841 13.287491 84.083075 16.798709 25.966173 -31.923588 -36.485967 
7 171 1111 1343 1601 2012 2457 2958 41.178129 -13.931109 61.652126 47.152986 51.688229 -54.652892 65.939036 
2 1874 2657 37.338705 -87.604988 
4 489 1098 2004 2007 51.835653 -36.049602 0.923225 -36.776537 
3 1532 1616 1953 79.296523 -45.414982 -63.946151 
2 1621 2045 -86.245894 -85.326751 
2 1184 2003 82.851178 15.326987 
6 163 297 783 973 1098 1399 62.913426 -27.034087 71.524094 -78.874732 66.862297 82.536266 
4 1248 1799 2022 2718 2.682514 93.193107 -81.235165 -76.167978 
2 139 2444 43.947306 35.897460 
4 1717 1892 1910 2902 -43.912777 96.876460 -38.172153 -79.752174 
0 
2 863 2538 -97.972955 -24.252615 
2 926 1024 63.252229 -27.281020 
4 89 282 1037 1264 -41.423233 -55.114497 2.535838 57.271805 
2 1498 2159 72.239396 78.798410 
2 288 2776 46.296284 -85.328794 
1 12 39.473627 
3 101 489 979 -96.196490 63.524572 -53.342512 
2 942 970 -93.126809 82.258688 
6 155 618 1587 2034 2905 2963 -8.469190 -83.357176 -11.080290 99.387503 -9.647574 33.444200 
4 667 809 1120 1915 -29.965860 39.293876 15.376735 -56.078854 
5 388 652 830 1480 2381 71.858040 -43.496995 20.093486 -70.060147 -30.590026 
0 
1 1435 20.218202 
5 1234 1641 1793 1934 2949 25.579784 -81.939896 91.654084 -97.459754 33.502085 
4 159 1025 1332 1421 -95.430446 -18.217259 -66.854044 -58.490481 
4 39 1221 2253 2518 -7.525896 51.827205 2.323659 72.759619 
1 1901 -68.187748 
0 
1 1025 -94.136919 
1 1850 15.952411 
2 788 944 83.138099 -72.788507 
3 742 1929 2567 -93.873901 -60.829318 61.362988 
8 297 645 839 861 1019 1626 1946 2333 -61.718625 -51.254850 -13.717386 83.859925 -91.596407 -13.516948 67.385402 61.529420 
0 
4 449 705 2327 2509 31.852872 -29.558251 72.480615 -93.922389 
3 776 1227 2151 6.933471 91.020045 -65.820503 
3 1229 2652 2711 74.592422 17.237441 -75.852407 
1 2445 -56.632366 
3 637 813 2756 40.550979 75.436532 10.659272 
3 211 1779 2853 -39.904026 62.359538 -24.686835 
3 320 2021 2188 57.815054 8.813936 -65.466916 
2 0 2003 52.227496 -4.694662 
7 157 669 701 875 1813 2296 2938 -79.076831 1.620413 -16.625466 -63.464240 -40.693204 -89.541174 20.588229 
3 143 205 1856 42.109631 70.017941 -22.164967 
4 934 1116 1813 2780 -37.464298 -92.305495 75.620991 53.175223 
7 11 720 1136 1703 1881 2833 2973 -92.154757 56.094705 -12.866111 92.066431 -30.373947 7.580252 37.919936 
4 56 374 1907 2270 -77.272337 34.524655 -13.246281 40.057629 
2 2329 2764 29.257816 74.385567 
1 912 -82.312598 
2 1245 2527 95.548809 45.671102 
6 420 554 697 1624 2176 2394 35.347644 85.016321 -15.193792 -1.609413 -33.517890 47.396270 
2 1274 2028 83.649492 -69.669332 
0 
1 811 -35.535316 
2 209 2177 -88.636961 89.336856 
5 27 1345 1759 1813 2061 -66.606799 98.225302 64.876412 -58.800506 28.884845 
2 766 2064 -4.010524 -18.601489 
7 206 383 424 535 1022 1353 1438 56.681299 31.250100 17.831017 55.294717 1.867304 -72.622780 -94.120546 
3 248 2121 2207 25.699536 -56.307135 79.285211 
3 1686 2188 2625 79.010869 -54.359646 -71.102667 
3 59 1659 2826 -46.838776 69.302971 10.795379 
5 469 1038 1333 1446 1693 -33.934266 85.983795 -81.369823 40.172145 39.593400 
5 1031 1479 1529 2202 2728 -20.473761 -48.621466 23.097048 3.101398 97.610173 
7 183 922 1692 1923 1950 2071 2936 66.073610 -45.783640 -80.334505 86.984899 0.610239 63.509045 33.209592 
3 1783 2232 2611 80.296804 4.163959 -76.329209 
4 549 1125 2639 2864 -12.081175 -15.882094 38.065100 42.101964 
2 1754 2350 -73.145270 -0.981729 
4 36 136 1199 2826 -3.265933 77.709979 -7.314299 58.662553 
3 130 1537 1828 85.946013 44.284711 -29.372650 
2 1734 2222 2.472521 11.492621 
0 
3 1283 2260 2334 -54.315660 -85.575347 -77.250515 
4 757 1031 1375 2001 49.452894 57.099093 7.708253 3.221674 
2 676 1629 -87.774803 93.584056 
1 1692 -70.672097 
2 1955 2608 4.823288 21.778617 
2 1721 2874 -7.919988 44.238240 
2 1177 1961 -84.565047 -76.042185 
0 
1 2171 18.160225 
1 1534 -62.080764 
5 99 2006 2119 2479 2929 -50.115403 -35.529068 -64.397600 -89.968207 -24.033269 
2 728 1249 78.351345 -85.532916 
7 254 358 521 1161 1399 1745 2534 -83.808452 -16.596836 -87.920692 -43.614079 49.344417 82.449941 71.009980 
3 1444 2002 2393 30.802108 25.098029 -66.251243 
3 1866 2013 2089 33.045794 -30.097616 48.268151 
6 6 312 646 1184 1268 2252 20.179130 21.094856 93.836561 25.310980 88.705323 91.300864 
4 436 741 1851 2590 -12.792565 -69.985191 46.433654 92.374216 
0 
4 875 1081 1263 1426 -42.593659 97.657616 -79.083990 26.110724 
1 1774 -94.236383 
1 2399 -85.589637 
5 116 753 1247 2167 2559 -8.694412 96.953181 26.281946 67.329110 -10.923272 
3 916 1617 2948 80.015279 -87.153998 -92.439935 
2 437 1297 94.213980 73.491678 
5 32 130 673 2766 2868 -83.472025 23.996317 -20.254906 -34.950029 -1.113031 
3 2409 2710 2791 -24.116635 -83.449270 -90.641948 
2 92 2822 -54.792227 -12.251989 
4 577 1067 2300 2312 8.198208 68.756826 -65.928164 96.164052 
1 602 -10.266120 
3 1413 1904 2913 2.043516 -13.590189 -2.079021 
3 1883 2436 2920 -34.753401 82.713890 -28.087488 
4 82 219 341 2405 59.686217 10.077269 -10.317542 66.056444 
1 544 35.501346 
2 1706 2530 69.080477 -65.573597 
2 2618 2899 0.804025 -97.317322 
3 543 616 2481 20.320847 38.522718 -43.540353 
7 71 595 892 939 2270 2688 2778 8.390609 -84.964336 -59.908613 64.753775 42.760177 70.013958 44.349563 
4 152 625 1445 2489 -59.519180 -41.055835 67.837889 -28.083132 
2 1979 2553 68.535941 44.538982 
3 101 1909 1961 96.794813 93.281249 -1.241811 
5 1021 1459 1884 2609 2775 -35.921760 31.462859 88.451654 -51.315215 -48.272949 
5 410 1072 1757 2626 2957 59.402439 -7.879162 68.531580 78.932604 -12.435596 
2 1361 1582 18.786953 29.234651 
3 1303 1583 2317 96.084666 -84.287395 -83.331786 
6 352 472 519 1981 2619 2667 74.083339 -88.104292 50.536668 -18.907897 87.179818 29.396160 
4 873 1418 2053 2597 23.099878 -75.300228 -12.956440 -15.494809 
4 45 1146 2004 2942 -5.332368 48.688581 0.542150 -41.426385 
1 1833 -49.940928 
3 375 2657 2899 -38.775573 25.126736 0.553309 
4 435 1900 2522 2949 99.882892 30.605694 -71.145077 51.724913 
4 1385 1536 1827 2267 -31.230430 -9.944786 98.239444 -90.856081 
2 463 2328 -24.906071 84.284146 
2 409 1908 42.532491 -72.206883 
1 526 8.039911 
4 121 342 779 2502 90.181951 -71.925704 -3.727156 -42.087146 
5 162 615 1083 1542 1620 80.516278 30.291885 56.909571 19.031296 -6.254715 
1 1187 -82.706061 
4 476 517 1599 2311 35.862879 14.989371 78.508759 47.309817 
5 42 115 2183 2433 2850 -22.641832 -14.227637 -0.421691 69.243565 37.405634 
1 451 -17.706435 
5 775 1520 1640 2449 2936 -34.353815 -12.917966 -39.273088 37.224019 -48.833592 
5 128 308 372 955 2055 -4.528211 44.772578 79.955474 36.554879 54.495024 
3 1126 1718 2081 -33.022747 42.873834 48.244466 
3 1704 1778 2683 30.179838 34.650150 -14.998512 
1 391 -40.362616 
9 327 384 602 871 1109 1131 1378 2593 2703 -70.028836 91.900096 -40.978026 -6.820859 19.274915 7.768114 -52.521578 38.089373 -9.364210 
2 1584 1688 -96.423149 94.566477 
0 
0 
0 
4 821 860 1325 1989 62.552851 39.888107 -37.136768 4.903528 
2 1288 2669 -66.246099 10.687559 
2 829 1341 44.797101 -22.965884 
5 502 1003 1732 1896 2850 79.672106 -38.801526 -9.953722 -5.280434 -26.216463 
1 572 -44.481372 
2 2788 2990 96.291942 -8.836690 
3 272 2207 2406 -92.333679 32.010135 31.306957 
3 803 1479 2243 -97.778345 54.952921 19.348786 
2 989 1489 -96.596362 16.409158 
2 2031 2835 -72.713345 55.296333 
2 317 2230 -57.931990 -25.119262 
4 1099 1280 1581 2085 -9.937496 38.308293 -88.782927 -51.200302 
1 2144 -18.742949 
3 1005 2124 2559 16.411337 81.255836 82.238009 
2 1051 1824 -53.575166 -73.301332 
2 484 2881 -82.630160 80.400492 
2 1209 2861 -67.513296 -88.221390 
3 331 1150 2886 -19.187763 -32.344608 22.492306 
3 1382 1761 1823 -28.422021 -41.152304 91.119685 
2 1592 2755 -65.821985 61.150562 
2 448 1869 27.532195 -64.999986 
5 394 1404 1411 2237 2768 -94.527739 -95.557953 -11.766456 41.468497 82.892862 
5 869 976 2146 2164 2538 76.971991 1.271187 -92.581184 -75.245515 3.465618 
5 694 1263 1473 2002 2611 -41.895225 51.623676 -77.655798 95.477812 -87.571069 
0 
7 84 924 1906 2097 2568 2803 2836 -25.144318 2.390351 97.913336 -84.729442 -43.164233 51.763007 86.808713 
0 
5 1100 1523 1708 1709 2409 9.332699 -67.540458 -43.229422 -3.038579 -52.963400 
2 2417 2995 11.098591 62.822222 
2 2524 2584 50.469244 -36.032881 
3 888 2796 2871 -14.235430 -89.263239 7.889963 
2 636 2728 -13.593357 -2.806288 
3 1975 2532 2950 -71.206434 -58.671024 49.467926 
3 158 888 2676 -12.519702 79.048495 48.720126 
2 592 1965 -96.932558 78.913195 
2 589 1387 -78.890585 66.394684 
2 673 1450 59.038005 45.777678 
2 1794 2593 93.382167 -72.663745 
3 844 2060 2856 -92.959162 -41.329724 -90.575006 
3 1314 1362 1450 -72.988645 68.643768 -72.122641 
6 131 887 1744 2002 2263 2595 -46.558567 -0.614243 -12.996192 -37.379560 -2.720506 -32.823539 
2 2229 2322 -97.243232 -76.466871 
2 241 1307 81.611715 32.210216 
7 101 112 525 866 996 2747 2907 -96.321747 15.459717 62.732647 58.912601 26.946779 -5.004948 60.604407 
6 5 140 1099 1623 2505 2529 -32.198356 -42.915657 7.007925 -49.286805 -59.788889 3.371696 
3 989 1147 1268 -5.305893 -52.285874 16.220282 
3 87 391 1355 80.726520 84.513198 24.654702 
3 279 2850 2956 -27.548850 -56.737396 4.457545 
3 577 1681 2648 36.642127 96.171355 19.095647 
2 231 2256 81.717222 96.267633 
4 93 747 1501 2759 63.358375 -70.884341 17.123259 -71.432455 
4 268 1058 1776 2631 -50.444358 -20.609842 98.427905 37.638913 
3 567 731 906 -6.778086 -69.828825 -30.862183 
7 363 395 1005 1374 1785 2383 2527 -56.007841 13.843802 -8.935076 -41.643650 91.318069 -91.497071 94.045452 
4 1605 1929 2587 2878 -24.436697 98.864772 28.585824 36.412750 
2 1588 2974 -7.509964 -2.699078 
3 778 792 1128 72.930303 -64.070998 61.344598 
3 222 556 1636 95.546764 -21.841797 38.925765 
3 23 1491 1673 94.843671 -16.742635 87.497327 
5 955 2487 2542 2544 2637 14.449888 -12.451779 22.763999 18.628697 28.343846 
6 1948 2019 2189 2415 2820 2881 25.064025 -87.517888 96.271304 98.797798 -65.268695 56.865517 
2 912 1600 -43.029639 -25.228755 
2 2303 2683 -19.522142 84.477624 
5 174 651 936 2054 2933 1.354006 42.910554 -55.248543 34.107345 -5.870272 
4 359 1372 2753 2966 -64.253262 -39.623525 1.019511 37.352008 
0 
2 219 650 85.446652 30.413969 
0 
4 183 898 2567 2772 0.109939 -7.115248 -8.709258 -32.048275 
3 404 1249 2791 -14.594362 -44.389998 28.258201 
3 1359 2188 2458 51.695685 -42.649102 50.668139 
6 452 868 1741 1894 2217 2555 -93.142658 -7.348947 2.197669 -1.395326 32.349171 -44.602483 
5 403 432 1098 1328 2354 58.799517 -64.932578 0.639108 -33.996536 -74.831142 
0 
4 581 1155 1941 2009 -14.848597 -80.074354 -35.934462 91.521216 
1 797 -52.384106 
2 878 2760 38.308203 80.543912 
0 
3 152 1053 2679 -7.540657 96.512837 40.139596 
6 117 1438 1756 1784 2266 2532 -26.366505 28.297870 -46.153445 33.013823 98.222417 92.915316 
7 49 1130 1145 2016 2387 2434 2566 -60.120432 94.574592 51.392748 8.154346 -5.136628 1.044625 -75.877375 
6 352 571 719 783 1338 2885 -34.527713 46.830314 60.524713 4.177816 -57.407722 -90.263745 
3 997 1284 1910 30.019155 -89.810897 32.705335 
4 475 805 1080 1335 63.654456 -67.185604 75.089383 54.201701 
3 444 1715 2043 -71.323806 -18.028253 -72.201982 
2 2216 2606 31.922705 -23.279221 
4 789 1051 1322 1840 23.201247 -93.771911 16.064381 -36.581727 
1 2122 -72.062334 
4 1099 2616 2629 2878 71.062240 57.430627 -76.973821 92.754513 
5 248 1024 1852 2104 2142 -77.892916 -61.114693 90.480000 -35.829735 -82.698892 
4 1805 2090 2250 2779 83.707621 -43.583697 -1.747814 20.754639 
5 1782 2738 2839 2937 2974 7.396369 -71.683737 -36.940304 61.097401 80.057212 
3 1721 2349 2523 -64.104743 85.859840 -71.685787 
2 1036 1906 -41.918666 58.065381 
5 214 1080 1371 1944 2671 96.049709 -32.910285 7.861736 -56.780605 -67.017730 
1 2341 20.408287 
3 1863 2299 2944 1.402259 41.262595 2.929104 
4 1498 2044 2691 2798 5.746953 -62.754404 -59.162315 85.570587 
5 1251 2056 2084 2618 2738 -53.170636 -10.011057 98.082655 -22.362540 -68.508124 
3 48 1191 1432 -82.793754 65.961690 -66.957722 
6 31 425 794 836 2123 2180 -55.703120 34.513257 -50.686193 19.551835 34.623730 -43.430221 
6 258 848 1546 2008 2046 2586 38.440843 -65.833536 48.373149 -58.803112 -96.542014 21.666233 
3 1488 2055 2457 84.664998 -2.927075 71.310328 
1 550 74.259668 
1 2091 28.698659 
2 907 2977 19.976971 66.727480 
5 908 1301 1688 2501 2570 41.813950 -36.002245 28.668718 33.973643 99.112136 
5 211 556 2561 2569 2617 59.252430 -27.740828 49.857438 -70.562687 57.585714 
3 820 2026 2455 -59.444534 -61.289351 93.528663 
0 
3 374 1937 2096 -60.357228 47.538121 -29.025680 
3 1001 1252 1357 -7.580498 -23.263395 -3.045793 
4 1759 1782 2125 2832 -57.201916 57.710291 -28.818623 -40.781924 
2 2420 2853 -55.072627 30.227010 
4 941 961 1960 2347 56.318039 -87.198060 -8.762427 -68.930594 
3 250 914 2056 64.871095 -36.325512 -3.087157 
2 345 1182 21.300478 11.067351 
6 148 776 1899 2326 2471 2819 -50.627691 -58.436955 63.316076 51.592755 -82.466798 36.864265 
3 1441 2072 2822 85.372247 30.675278 65.307029 
5 670 1570 2116 2333 2592 23.459431 67.094709 -67.343469 -39.430994 -75.081738 
3 273 2474 2642 61.647305 37.149888 -38.564915 
2 2046 2181 68.316448 -18.492336 
1 2993 66.874530 
7 305 653 789 993 1514 2106 2637 -57.039722 -48.823520 97.628080 -86.832792 -56.450367 -61.195518 48.434271 
2 2182 2580 -46.750775 30.376108 
3 729 1829 2233 90.444092 25.010816 88.173703 
5 303 487 505 1352 2379 33.825415 -14.692231 32.593654 59.609031 86.787230 
5 551 688 2155 2225 2774 -27.129376 -13.447469 45.196990 67.802596 -7.335093 
6 149 517 713 2455 2497 2975 -69.309768 -75.158014 0.472830 -60.553700 14.129705 -64.370418 
2 1133 2921 46.307490 -44.545757 
1 1818 26.562154 
6 608 807 1075 1318 1752 2829 -59.664804 1.852816 -71.951238 37.658719 62.114561 74.837237 
3 688 1391 2930 83.982974 6.405139 3.663758 
1 1225 57.957042 
2 453 2839 37.275525 -82.517682 
4 35 154 1632 2350 62.065268 -22.116792 -2.559584 41.565609 
5 119 254 977 1199 1862 50.935504 6.391121 36.488178 9.474320 -96.807825 
1 2338 -98.992539 
4 810 1473 1952 2618 45.334454 -58.485899 -57.769039 75.756387 
3 47 80 2522 -16.514614 55.300984 -48.394081 
2 1963 2919 51.760334 75.026103 
5 268 796 1331 2443 2840 55.196281 23.207474 -34.645044 -80.562958 39.274141 
2 629 1034 33.577670 74.042830 
2 1275 2871 54.085428 23.332518 
2 566 1108 -37.043452 -55.420773 
2 516 1493 6.660305 27.289544 
3 543 631 2684 89.313633 16.768530 51.026705 
2 1404 2148 -95.535184 -51.140800 
5 43 923 1670 2499 2994 32.265444 -85.743626 24.275513 -59.692470 51.525220 
2 638 2137 -75.741367 -72.449511 
3 499 929 1171 -54.966239 -28.573437 -48.355360 
1 454 -77.153674 
0 
3 1257 1905 2024 -10.785920 -8.257289 57.661494 
2 1699 2703 45.555973 -75.912949 
3 1361 1431 1767 39.165679 74.292211 -96.465406 
2 89 1398 -78.643594 34.155103 
1 839 12.828055 
3 108 1827 2077 96.658408 -97.056453 99.186913 
3 193 1538 2276 93.191092 31.593025 51.486440 
2 156 1642 16.523347 44.948303 
4 436 1862 2451 2864 -33.482098 -92.244915 -36.164188 39.960098 
3 607 1581 1674 43.772718 82.656817 -57.714083 
2 1303 2080 -43.420239 -82.936212 
1 484 -36.201404 
5 919 964 1280 1516 1866 21.269767 52.690827 30.680677 37.861655 75.527150 
2 320 1780 3.472719 0.249477 
2 588 1726 -39.672969 -99.123062 
0 
4 125 126 1728 2282 -54.816097 -42.400576 -5.292743 -11.647307 
2 195 418 -84.292472 69.172572 
4 161 1179 1563 2768 -55.290115 54.263336 -60.228052 -86.219068 
5 131 1091 1151 1615 2919 -52.469463 -64.479830 36.788769 2.228213 54.281502 
2 1333 1443 -61.690178 -75.360649 
3 1347 1363 2231 40.784809 34.475053 80.774410 
5 241 1483 1734 1970 2410 -10.668887 -83.507135 -14.544663 52.362375 2.028110 
1 1442 -86.279036 
2 2330 2578 -81.584244 26.009949 
2 349 853 34.297982 -37.803961 
2 1385 1890 47.578894 -53.055518 
8 106 901 985 996 1221 1275 1364 1464 95.003913 -61.961439 54.561812 -74.679815 30.735026 -14.438640 -15.822441 80.409417 
4 49 334 1173 2985 -32.468387 27.926477 27.839241 59.185690 
3 272 321 2262 28.013709 51.511692 89.369500 
2 39 584 -25.307545 51.769117 
3 432 2597 2609 44.138982 -78.165115 -99.013351 
1 1575 96.215486 
2 4 1535 -21.495648 12.727967 
2 501 1791 32.514731 54.691622 
1 1008 53.738992 
2 31 1536 59.008041 86.373404 
2 1551 2288 66.672201 79.399424 
5 425 685 792 1627 2515 -96.486944 -28.382848 52.104116 -47.671411 -63.386570 
1 58 -52.581731 
2 572 1910 -54.147637 -23.478843 
6 66 432 1309 1767 2054 2471 -13.758286 10.356481 25.066982 -10.521616 35.372958 43.297359 
4 112 666 997 2941 -80.634675 57.584754 60.687155 -5.979962 
3 2073 2236 2763 -41.269587 -36.751625 -93.973419 
1 419 -60.486390 
3 68 1448 2283 -37.834859 39.499235 66.764187 
3 899 2839 2859 -18.293509 55.301817 -15.672440 
2 1183 1842 26.012971 44.086675 
7 744 844 1007 1383 1929 2050 2643 -84.918865 -55.864007 10.732325 -1.242364 -51.714747 80.986794 -97.113547 
1 2275 -83.739654 
5 693 1588 2097 2804 2939 -80.628919 -4.580234 96.940071 97.490432 -72.065416 
3 2029 2208 2791 -7.918546 -23.851350 -56.827470 
0 
3 1131 1152 2290 95.247226 33.912711 -55.455711 
4 210 1399 2403 2598 -25.956326 -66.824049 -48.595255 92.054852 
6 402 629 778 1031 2214 2614 -57.924523 -66.425720 -55.560938 -1.183688 43.565215 59.768276 
3 507 2036 2039 49.651993 -58.492889 20.606968 
6 165 490 524 2206 2260 2562 -95.318035 -45.801423 -84.412781 27.173798 81.610666 62.911325 
3 1971 2383 2957 18.178876 61.402048 66.587236 
2 649 1210 -17.976884 -74.851866 
1 2671 31.067733 
4 706 825 1839 2116 78.109693 -49.731756 -80.373833 83.365650 
3 185 1884 1904 95.733324 -18.845222 -63.528530 
4 514 1932 2302 2359 50.580585 25.853949 62.044863 -70.144447 
2 139 1040 86.568482 -68.878949 
1 2841 62.716869 
1 1532 52.927759 
6 19 433 439 1513 1549 2686 4.291145 5.953595 -96.866141 50.095017 29.212451 -30.791948 
4 1042 1532 2931 2984 -75.321054 32.655892 -81.320410 78.699378 
6 3 138 1616 1951 2207 2924 22.252454 97.648905 -55.871462 -79.326469 18.954972 77.647890 
5 1706 2005 2367 2394 2680 -93.300630 70.323554 31.380386 -12.472235 -25.375469 
1 20 56.746978 
6 88 138 158 630 2338 2754 85.784546 -99.745713 22.281967 64.482279 98.503968 -46.895398 
5 382 727 960 1411 2704 -34.700249 -28.226447 -66.307207 -76.648692 -25.959674 
4 1403 1727 2663 2742 -64.115073 -67.844801 -54.586894 4.294062 
3 88 359 1812 -83.334122 -19.936684 -4.654265 
6 458 721 1042 2235 2693 2879 93.148866 -23.877157 9.754070 82.727914 -96.450282 -61.162825 
4 61 1883 2639 2797 -75.748181 10.660145 51.504331 -69.659197 
2 584 1959 37.028670 97.632722 
3 1474 2088 2310 -53.404191 -80.037977 -50.342711 
2 1207 1788 85.324742 67.812427 
3 634 1561 2190 -97.424221 -30.171071 33.700608 
3 1359 1989 2374 27.882454 66.647248 14.605354 
3 47 936 2843 -9.366036 15.457165 -40.276243 
0 
3 1327 2342 2761 -33.392784 30.505991 -10.271004 
6 815 910 1206 2037 2212 2775 -76.341258 -38.469058 -16.566853 -25.980391 -47.800841 67.412491 
1 453 -54.533755 
5 1027 2048 2055 2114 2193 99.724363 -36.360022 -65.776620 -36.595567 -78.262050 
0 
1 1957 3.307587 
3 380 1164 2278 -27.636613 -51.970616 71.312025 
6 400 504 1858 2087 2421 2530 -76.375481 -88.250320 89.083669 -43.653326 -52.616893 26.249723 
4 141 925 1927 2302 -25.140017 -61.112060 94.639224 66.666349 
1 49 -30.722122 
1 1426 -14.596033 
5 148 1094 1891 2115 2800 57.216258 73.993095 72.776740 72.516723 -23.833447 
5 878 1203 1442 1974 2428 -90.301886 58.543172 -81.263324 -11.362349 -84.775166 
1 1831 -27.345009 
3 600 1297 2364 -34.279345 -10.277455 43.930469 
5 196 227 1175 1753 2305 -84.314263 -35.577401 -93.779785 49.554136 -42.421480 
4 208 2040 2729 2882 -42.391323 19.530816 -73.493636 -29.021663 
2 662 1651 -64.616435 -69.362645 
1 1092 83.958658 
2 827 2990 35.398398 89.578228 
1 1142 11.937528 
1 2696 21.090780 
1 621 24.120711 
1 2381 78.580400 
4 467 516 801 1122 -46.859796 -87.841919 75.772543 -59.287557 
1 1885 48.768381 
1 2044 -66.554096 
4 291 447 1958 2244 27.697470 -86.553735 -25.322936 91.533191 
4 953 1478 1844 1966 -69.081977 12.184311 -0.451796 78.987357 
5 5 1074 1142 1777 1864 68.496374 82.539748 81.072827 24.904536 -44.532819 
1 1568 -61.946922 
2 345 2834 -74.228854 85.713679 
0 
4 890 1551 1914 2029 -11.138412 16.379548 93.411022 20.796543 
2 454 665 -21.189869 -67.572316 
4 207 659 848 2177 -17.921244 36.985893 81.987905 -46.552679 
5 363 1354 1419 2307 2889 -36.367083 -86.433076 62.735828 -87.069649 87.569362 
3 499 2156 2228 33.272366 94.742862 56.358550 
0 
1 1139 22.113019 
3 1468 1814 1969 -93.697255 -30.040638 -11.685537 
4 604 1210 2008 2119 79.522548 -42.692857 18.534110 80.152101 
3 1010 2184 2950 -38.644885 -15.257224 12.461503 
2 1953 1963 1.909090 87.764796 
3 325 1775 2449 7.713234 88.548962 21.483503 
3 375 1306 2062 18.768485 76.176872 5.648759 
0 
1 722 0.892310 
2 919 2784 -89.950546 -56.962002 
5 376 606 883 1793 2254 30.094434 66.960283 45.942691 17.528950 91.276641 
3 804 1939 2128 -65.814021 -61.858279 73.162671 
0 
5 15 1045 1437 2618 2853 -82.366538 -68.442597 57.121471 22.831324 -27.507740 
1 101 67.698084 
2 482 1989 93.960591 38.598476 
5 41 247 769 1324 2958 3.184529 -6.243963 76.760195 14.208459 -90.289614 
2 473 2947 26.032328 50.098505 
2 130 1473 29.831810 -15.283434 
2 1874 2722 -89.636339 74.547058 
2 144 2057 10.019630 24.884002 
3 1002 1081 2635 -67.558087 3.080978 15.904613 
6 303 518 878 916 1819 2510 21.203354 -49.924023 -0.056995 54.542436 27.538835 -12.513717 
1 977 -46.640237 
6 10 99 205 969 1109 2433 -16.640625 -2.611857 -67.562295 90.552452 20.973758 -55.569739 
0 
2 2630 2849 -23.166342 -76.195708 
3 946 1442 2161 -97.148396 43.424304 -20.066875 
3 1454 1975 2684 -18.658133 -65.507360 -30.782194 
4 654 1703 1749 2660 34.968225 38.459625 -2.621456 -95.139035 
4 97 1405 1625 2448 31.538603 -29.632804 -99.275681 -13.139529 
5 515 872 1700 2071 2616 96.086171 -72.175188 41.035458 -29.295158 -45.766417 
1 25 -63.954541 
5 57 1336 1426 2181 2709 36.430488 -87.183306 -38.082709 -74.643259 -5.877766 
3 976 1009 1902 12.189593 34.865552 -38.713119 
1 185 60.772056 
4 10 1165 2107 2978 79.907859 54.711765 -50.175831 -23.770886 
5 443 1330 1460 1799 2574 -48.909395 -47.857949 73.762135 -44.602411 -12.023326 
2 2159 2240 -64.564105 61.910278 
0 
4 745 753 1552 2854 68.817295 -53.524064 70.424122 25.329201 
1 1140 -80.160010 
1 1720 -99.220602 
5 960 1309 2246 2284 2630 -47.344093 22.215339 46.881021 1.434511 -61.171232 
2 840 1468 -57.883709 -5.458162 
3 276 562 2439 -95.380923 53.117226 79.434737 
1 2243 3.701454 
3 331 1353 2066 -95.024650 -41.714300 -48.852406 
1 1810 29.325482 
6 115 336 410 2246 2479 2584 68.407117 95.247833 -47.258044 13.484723 -47.237922 49.261313 
4 190 323 1486 2490 74.021568 -46.825691 -79.004841 78.370864 
6 333 647 776 815 1001 2127 -70.167978 51.517806 -68.920309 21.433243 -5.359121 -27.931919 
4 1006 1113 1220 2966 -86.427808 91.426352 -39.883308 -69.231553 
6 297 384 720 1157 2166 2664 65.442952 18.525254 -42.319046 -67.188884 -49.074506 1.186415 
2 981 1287 61.013814 97.471611 
4 383 672 1740 2143 98.050838 20.263281 43.030913 96.559059 
4 506 1140 1146 1652 72.136565 -13.320845 78.376116 86.386453 
1 1282 -84.965520 
5 15 592 693 1851 2374 54.272463 -29.077505 12.700053 22.344656 94.208232 
4 19 641 2277 2680 -87.354108 26.795246 -17.120323 -33.558352 
3 151 295 2533 -71.903325 -83.396414 -12.272776 
0 
3 782 2773 2890 96.001648 -33.790851 16.197349 
0 
5 1704 1858 2583 2822 2970 27.297131 -7.916769 -92.856589 0.911655 47.852357 
6 512 679 753 1863 2423 2915 -86.628414 -52.857080 -74.431909 -38.154989 -49.505986 -87.523021 
3 35 77 707 -21.807903 -0.569911 99.256386 
3 1097 1449 1811 -67.295302 -69.597316 -73.223340 
7 24 160 283 530 1504 1551 1879 -23.848070 -63.064628 66.238297 -57.784449 -8.414455 89.026400 73.314670 
3 189 400 920 -25.501209 -34.667001 71.999960 
4 639 845 921 2741 65.922748 58.829966 0.728292 83.184316 
2 1968 2435 -38.707284 57.930654 
3 806 1038 2651 94.265625 35.879771 -83.959141 
4 1509 1664 1822 2980 -29.788806 32.147302 11.765006 -24.561369 
2 494 898 47.524545 50.754515 
2 884 1977 85.237117 -4.648188 
4 816 1161 1534 2808 -54.759647 84.648320 -90.878293 -43.555297 
1 978 68.632089 
1 359 -31.177532 
2 2888 2913 26.221284 -84.603909 
5 781 1699 1752 2459 2628 22.534004 97.174203 -30.055633 33.185685 51.938890 
5 196 1226 1360 2009 2188 36.978301 95.554502 2.809175 -45.330176 -80.714306 
6 329 330 468 535 927 2117 72.508405 6.441060 -27.106632 8.390092 20.175964 15.599254 
1 1074 73.161692 
2 1766 2852 45.908808 76.058201 
2 227 843 36.860988 -63.089821 
1 2583 -36.698866 
6 636 1696 1779 1824 2228 2597 43.780253 61.039071 -88.951797 -58.489515 -87.094422 94.723834 
1 2008 -78.502961 
2 370 1588 37.652251 47.098183 
1 2584 68.366398 
2 1256 2419 33.698348 -42.392706 
4 1119 2675 2709 2712 -84.992561 -76.862404 -15.903976 -51.496192 
6 371 553 721 1326 2092 2894 -12.128070 17.904316 9.710236 53.731434 -8.499949 63.040637 
4 400 2247 2264 2956 -56.890887 -96.010502 -23.795787 -33.144705 
3 199 629 1708 -17.031163 39.489584 -47.623952 
3 1724 1866 2885 -20.398965 75.348955 -62.505302 
4 666 1026 1282 1484 58.167463 35.975425 -47.649439 19.524544 
0 
3 836 1571 2743 -75.142103 -33.762546 76.544525 
4 511 692 712 2714 -26.194514 40.565743 11.434990 9.408612 
6 1016 1353 1915 2068 2747 2971 31.427640 99.711178 0.825638 -4.873721 56.923457 96.124011 
3 348 387 1806 19.433729 24.471631 2.292479 
4 511 1146 1991 2056 -0.472210 5.791400 -33.870094 -79.504037 
3 124 443 1787 97.353842 75.210906 -2.414603 
3 127 965 983 -57.790076 90.750897 -0.995448 
7 61 431 679 759 1315 1881 2167 24.142326 -25.619229 73.347378 -90.235958 71.921334 -66.189993 59.125604 
1 39 -22.451686 
5 259 830 941 2558 2571 -8.038201 -20.423184 94.253078 -82.236317 91.462909 
3 144 429 1896 -77.435988 12.383244 -50.842478 
2 373 2057 -85.557581 -16.221008 
3 583 701 2105 4.072663 -95.269514 47.352741 
2 96 2040 -60.526084 91.555071 
2 2413 2729 93.907904 37.605984 
4 1733 2550 2911 2946 33.518769 -15.207304 -19.718295 -45.306331 
4 56 1597 2519 2788 80.065133 51.628709 16.077393 -21.370817 
2 349 2588 -88.491030 67.189219 
2 560 1558 10.528028 -63.914819 
2 2362 2690 26.244866 8.543462 
2 1290 1680 85.929618 58.472016 
2 803 1359 -49.449108 98.092025 
4 410 552 746 1483 18.020905 -74.505410 -22.017327 79.015165 
3 24 176 2801 -77.935889 -24.956415 -56.107206 
3 1165 1181 2693 97.941845 -73.833044 38.091230 
3 19 602 2130 8.268271 -62.379180 -77.451640 
0 
2 107 2179 46.570026 72.605140 
4 979 1174 2603 2891 57.776558 -37.522823 31.985434 84.992286 
2 49 753 -27.358271 0.746706 
2 58 1586 -29.931498 -92.757893 
3 566 629 1885 -24.541401 -77.495982 51.244800 
2 887 1020 65.073938 93.366522 
3 1181 1729 1842 16.094115 2.958433 68.879008 
3 868 1699 2998 -98.612412 -71.395634 -60.949802 
3 155 1747 2326 -50.895922 4.407673 39.770413 
5 261 713 1121 1332 1705 -93.515471 -34.665288 -6.611275 7.785272 -26.960883 
3 989 2294 2469 -13.367722 -95.402214 27.947200 
1 1502 -69.626642 
3 283 713 2624 -66.424761 -74.359118 -32.151750 
4 159 622 1506 2262 -13.342188 32.016308 -49.515820 -90.992135 
2 477 1472 -40.107142 -63.911385 
2 211 1480 61.181325 2.036985 
0 
2 392 1097 -54.179556 -73.411102 
5 559 791 935 1932 2096 -7.972185 -88.285636 20.182290 82.941192 45.974788 
2 1196 1635 -63.346640 85.578681 
5 321 397 682 1733 2312 -46.781657 2.832104 16.348549 68.003358 39.696437 
1 1026 14.049295 
3 111 814 1380 -29.162255 -27.643205 55.537584 
3 258 2519 2829 -21.703326 -71.761266 -95.135901 
2 1408 2423 -66.776050 90.244480 
5 772 801 1845 2377 2494 -50.026588 8.436549 -52.821872 -57.292626 57.235417 
2 561 1384 -39.269141 -71.068154 
0 
1 762 94.359370 
0 
2 1278 2407 -70.678170 -8.598059 
3 995 1126 1206 54.341822 3.767685 -55.236112 
2 208 548 -55.392759 -7.513114 
3 481 1154 2109 -31.334446 81.361875 59.204566 
7 385 428 1063 1207 2112 2336 2964 52.991457 -73.570843 40.916664 -36.967743 -30.473483 -17.538874 26.430655 
4 378 1508 2533 2614 29.287466 48.473493 -79.597995 94.657653 
2 708 2796 82.985658 -28.583831 
4 690 1734 2321 2808 -64.183018 32.992862 3.154981 -29.048451 
1 95 -74.923855 
2 959 1503 -57.331354 -62.144036 
0 
5 644 1821 1846 2045 2913 -64.959224 31.000345 -32.256601 -28.708343 47.047541 
2 1875 2084 31.121325 31.012660 
1 1426 94.554159 
2 26 1945 63.499561 96.210718 
3 4 85 2304 -76.640071 86.079838 60.198845 
3 136 199 2592 51.589285 6.593243 24.505129 
4 251 494 1392 1651 59.993563 76.060520 -90.365011 7.535734 
3 404 1002 1583 -52.428210 -11.116976 -26.062941 
1 2102 -12.732950 
6 650 911 1554 1631 2304 2366 65.342747 -99.347725 -87.022747 -11.940985 -3.381651 -13.604550 
0 
1 2775 43.978501 
3 57 298 2537 -8.997383 87.046923 -12.308836 
2 512 1939 -34.070800 -48.347275 
2 43 1551 22.228566 5.840323 
2 719 777 37.963216 18.167680 
2 539 619 33.532878 -55.331191 
1 249 -22.165726 
4 1084 1115 2341 2855 -44.843593 94.199192 0.099350 -2.718507 
0 
8 180 788 864 1570 1795 1886 2763 2889 28.633474 32.931460 63.668201 -13.256457 -3.223470 -66.111830 -86.570732 -3.192729 
3 479 602 2174 2.740384 -13.795973 -84.112786 
2 910 1648 30.070655 -19.049986 
3 546 644 2621 -18.377343 8.320806 -94.406319 
5 156 925 1147 2174 2962 82.174220 -26.936460 25.303627 62.190597 -78.364272 
2 752 1193 51.742188 -14.092390 
1 2049 -55.717099 
1 2395 -70.382430 
3 1125 1736 2187 -9.849494 38.503148 -34.678207 
3 443 2640 2881 67.991897 -46.409538 0.805796 
1 1023 -24.907129 
5 475 1654 1982 2490 2962 -47.034217 -86.069429 70.594172 -70.341038 54.757912 
5 762 1320 2264 2432 2579 -73.495596 54.579714 -42.390020 73.574451 -29.242820 
1 2711 -74.733679 
6 336 971 2251 2477 2618 2771 -16.201539 59.097705 50.509931 77.846854 59.918964 94.138104 
4 981 1556 1574 2884 -26.870319 -79.583930 -10.802944 96.698093 
5 751 874 1721 1756 2259 40.061817 -27.209661 73.492578 69.531417 -27.206449 
6 383 1035 1057 1378 1668 2375 73.369549 85.845122 -69.414697 27.693433 30.455853 -2.952164 
4 161 1968 2234 2311 -61.902470 55.774797 70.100114 -90.829665 
7 160 914 1189 1298 1737 2600 2840 86.500908 -84.772308 -30.074641 6.665086 68.606956 71.064746 4.376652 
1 772 -50.523190 
4 973 1805 1889 2660 84.747652 -69.869991 -19.227058 67.694306 
2 123 1844 -83.313805 39.419462 
3 1204 2142 2340 22.439655 14.879836 75.765774 
2 76 538 -52.700421 -7.200065 
3 1485 2189 2367 -4.904615 -45.335240 15.656503 
0 
6 241 260 539 1624 2033 2547 -33.357438 -96.111389 35.130324 -91.842841 -36.813833 -3.421153 
4 477 940 1033 1286 -1.581205 81.748639 93.986638 70.274413 
3 312 877 2396 55.956073 97.716145 -30.296919 
2 1550 1791 -91.853279 -96.518799 
3 535 1572 2557 23.999723 -98.853789 -49.109831 
1 644 -23.743598 
3 652 1661 1790 65.380772 -28.047119 -43.669473 
2 2425 2881 78.647050 -93.966087 
3 820 1812 2586 -68.374990 -7.314714 -97.139220 
5 1423 1536 1633 1741 1982 81.361854 58.581029 -13.481740 -63.792223 25.282607 
2 1622 1938 -77.731181 82.670351 
4 473 2374 2631 2916 51.139092 -97.612125 -82.974606 -85.461510 
4 249 359 810 1477 62.098227 88.687329 13.667500 -49.116832 
4 466 1683 2253 2419 41.087921 80.481977 22.611620 97.284420 
1 471 -97.669035 
2 1020 1104 -27.454664 -88.972723 
5 989 1106 2036 2261 2894 48.256736 81.166708 -14.558696 51.436562 64.515177 
1 1669 -75.262397 
3 182 992 2606 21.284063 -18.261388 -4.384535 
0 
3 256 999 1748 65.995532 66.926802 73.690391 
7 38 347 1607 1717 1882 2430 2551 -49.176925 30.642490 80.971319 -94.970327 -61.112691 67.904042 2.307584 
3 2356 2596 2862 -45.248486 -48.125023 -10.869536 
6 9 497 2466 2737 2804 2845 81.066429 2.820652 39.351463 84.070169 15.368022 -32.794105 
1 385 -4.813834 
2 1229 2049 -23.105729 -6.308639 
5 443 479 1335 1616 2460 -54.378821 -56.560460 -35.306213 -48.754398 -0.495650 
3 570 1046 1956 67.235469 91.142605 3.194221 
1 2311 1.300703 
9 132 642 815 1535 1701 2340 2746 2816 2962 58.971568 24.791700 -52.735484 87.908801 71.249322 77.481646 -78.458065 -65.528464 40.633465 
3 585 1346 1636 0.539276 87.033706 42.714816 
5 429 689 1541 1891 2106 0.724410 31.772133 22.590891 -7.194363 12.958955 
6 838 2123 2154 2239 2283 2428 -98.499605 -84.004070 79.820261 -80.043397 28.578322 80.105483 
5 1574 2133 2258 2339 2795 -30.324532 42.985717 -42.492345 -58.024704 -58.939800 
6 150 281 1735 2177 2357 2458 12.616747 28.217968 67.786671 42.362363 -64.739895 59.101763 
5 1529 1634 2225 2406 2513 -38.798442 56.259720 -57.142052 97.573146 -26.815407 
5 1121 1554 2966 2980 2997 65.599201 -28.255019 7.945513 -25.351270 -5.142402 
6 434 669 1082 1555 1657 1780 97.481677 15.297917 99.367959 78.645411 -87.118557 94.553229 
6 60 686 911 1975 2356 2820 -52.884614 -4.181939 61.500715 -83.991132 32.538028 15.370769 
5 761 959 1025 1358 2436 -22.921634 12.737082 -28.782724 26.262035 -34.590426 
3 1938 2596 2705 17.553401 35.133363 86.993673 
0 
0 
2 1585 1757 91.137653 77.787312 
2 1342 2319 -51.950065 -68.479474 
6 1845 1858 2304 2336 2380 2404 24.074254 24.205441 98.775589 71.430075 42.485220 51.178758 
3 13 1691 2283 4.400829 -10.822938 -15.037236 
6 130 217 735 1030 1135 2394 -5.910470 94.532213 66.544833 -18.838139 36.607284 11.184900 
0 
0 
3 1351 2108 2514 28.919023 -57.921367 30.246300 
1 1265 -76.872686 
7 341 1037 1321 2243 2622 2637 2913 4.884603 50.420179 0.764594 17.157817 56.639188 -76.934378 32.277585 
1 1158 -53.840059 
4 66 1070 1426 2748 40.304609 -62.546094 31.138981 -36.021861 
2 4 2368 81.856840 -14.543517 
1 371 75.817571 
2 2141 2218 61.225589 -91.744990 
4 120 691 1514 2558 65.038436 -23.710896 21.439214 -40.422727 
2 1048 1571 7.701425 -97.626038 
0 
2 1165 1262 89.111851 -11.237822 
2 612 1725 73.034615 49.197194 
0 
2 478 2548 35.114401 -30.095506 
1 331 -6.272420 
2 1299 1682 -96.302385 -63.471251 
4 253 333 1026 1105 9.365093 -62.716203 -11.687816 4.869688 
4 1033 1102 1658 2388 33.583914 75.296284 -49.536613 35.655517 
4 734 1168 2138 2702 79.114014 -35.470646 -80.659193 -57.670737 
2 1107 1817 -7.976082 -59.431802 
5 103 347 954 2252 2967 93.140994 -43.718485 -89.448064 -3.243658 80.367850 
2 89 2861 93.750850 99.184852 
4 350 1720 2122 2463 65.044934 79.915890 -76.900795 -65.885159 
4 302 413 807 2425 -34.852248 -13.346251 16.727710 -57.756948 
3 842 1325 2926 -23.508066 92.331900 47.121357 
4 1374 1552 1861 2805 -83.311500 42.862513 5.215381 -41.113340 
1 626 -92.051815 
5 671 1316 1692 1811 2451 1.286031 -45.801207 -1.014339 -25.500292 -65.218749 
4 1958 2026 2804 2914 -98.803184 18.828630 -53.587759 -61.579238 
1 2081 -74.728371 
5 458 1039 1202 1624 2932 -11.984672 -94.140061 -1.995623 53.080826 -26.052552 
4 310 600 1949 2690 78.400322 97.681927 -1.866182 -71.914375 
1 401 -54.548174 
4 66 1214 1411 2981 -64.270139 -96.372493 23.876284 29.002530 
2 1695 2327 48.425022 55.948926 
2 665 1988 85.802601 61.009960 
4 879 1496 2319 2580 59.288560 40.137169 2.354265 44.062872 
1 2855 86.204930 
1 25 -83.168344 
0 
0 
5 841 1700 2313 2660 2695 44.435671 -90.376309 -95.828646 -89.347275 -8.338241 
3 1191 1915 2752 45.452770 33.293830 1.526192 
1 300 -12.338229 
4 1151 1507 1954 2833 -67.904496 -44.647486 -62.534849 -33.272836 
5 509 662 1830 2381 2959 -83.213295 11.545869 -9.980085 -71.886819 -84.286808 
1 700 -18.131742 
3 868 2561 2930 7.394986 46.488591 -17.653705 
2 515 565 -76.187098 79.357688 
1 2725 -56.683442 
4 374 580 1061 2248 -49.418966 -53.480075 -85.503529 99.793647 
4 274 411 2600 2969 -45.878151 6.785503 -69.864128 36.383899 
4 26 313 1056 2768 61.365179 7.393390 -56.601428 15.432231 
1 1327 -49.460543 
4 541 1025 1481 2929 77.921714 7.968050 -61.991915 38.223184 
3 1147 2147 2149 -32.885831 55.446492 1.447777 
3 928 1827 2734 -39.516248 -62.328322 -85.574549 
2 150 951 -31.744597 25.070855 
5 784 1504 1700 2104 2654 -31.752328 99.794234 23.028344 -36.846614 -75.181319 
4 201 745 1332 2497 -37.357679 12.193009 -0.330202 7.995078 
5 87 441 825 2399 2845 -55.865583 -30.111249 -73.955216 73.433711 77.655584 
2 717 2794 4.428124 13.427528 
4 971 2009 2441 2983 47.059930 -17.666670 -13.803706 -11.328918 
2 421 1475 68.235024 -80.426497 
4 438 1600 2221 2759 -91.174670 -78.560235 61.277585 28.394546 
4 1292 1566 1896 2459 29.096975 21.690299 69.976625 33.552117 
2 363 606 69.804354 -27.739658 
1 1718 99.814172 
3 1149 1197 1615 6.116355 81.734978 -57.673707 
2 559 759 45.631860 48.096085 
2 1141 1776 -8.279116 -7.475850 
3 2443 2902 2970 19.485490 14.227263 3.176046 
3 420 562 947 43.935823 -97.381459 21.475932 
2 2825 2829 7.588818 78.343063 
3 761 1105 1864 -74.037504 -52.041298 38.304449 
0 
3 805 1775 2441 53.304899 -30.972486 -64.232390 
5 310 1200 1261 1773 2787 -45.323258 -34.663373 -96.912512 55.790628 95.065498 
4 1290 1496 1748 2447 -71.710342 -45.751655 8.162914 89.427798 
2 1340 1586 -36.903127 77.757525 
3 1686 1766 2803 19.900628 -54.705574 -89.412322 
5 561 999 1210 2495 2805 98.765208 -65.831163 41.080197 54.809313 16.072877 
3 209 241 2652 -84.494614 -93.981380 26.945975 
3 1295 1698 2335 65.191542 86.617780 35.815822 
3 84 1748 2500 36.278973 -97.715765 85.429539 
2 142 2542 83.406256 23.103568 
2 272 1037 65.485230 58.652687 
3 212 244 2887 19.492038 30.713999 -2.803630 
3 708 1263 1928 -3.084270 -36.447989 38.642351 
4 588 1159 1234 2968 8.050800 -15.293055 29.040928 73.378238 
4 2013 2266 2715 2949 -83.231535 72.733437 53.641289 13.827328 
6 419 458 1310 1941 2128 2942 -67.018833 53.712362 -21.491070 26.187113 -21.234707 45.796154 
0 
3 873 1600 2555 -52.573328 -85.085032 -2.327104 
1 1411 -67.702786 
4 452 2171 2345 2973 4.534442 -9.505816 -69.200277 20.393599 
6 52 984 1244 1854 2280 2824 67.841448 81.386332 16.647844 -31.186528 63.928195 -71.727428 
2 1216 2274 -32.090373 -87.065899 
3 49 439 2763 14.142794 74.852169 51.222027 
1 777 83.401189 
4 203 393 1316 2512 54.431786 52.421815 -64.341153 6.580129 
2 843 997 64.487529 12.919129 
7 20 183 405 905 1066 2383 2980 -30.252081 -30.406658 52.862974 -46.316809 -31.981200 49.310650 83.033829 
2 1620 2040 29.792011 -21.596241 
1 2726 85.929193 
6 170 707 1131 1470 1488 1550 73.184481 31.711480 -83.826287 22.516112 12.260517 -4.645139 
4 1030 1522 1822 2002 -45.997280 -53.452642 50.079663 -55.337504 
3 205 1141 2569 -43.833778 -78.711069 -54.178210 
2 1096 1321 -7.469652 -30.904940 
4 868 1066 1165 1952 -14.813329 49.512981 99.612440 69.310638 
2 1762 2254 -95.554748 -98.454487 
4 15 1150 1194 2090 59.191349 42.615518 66.368991 70.812000 
6 190 352 2216 2330 2467 2483 -4.550616 -18.841398 51.163246 54.738908 -59.631581 44.004200 
3 236 632 2948 -70.941416 59.474889 8.912737 
5 401 771 1068 2101 2241 33.175442 26.228465 59.644926 60.158577 27.010586 
1 1314 87.758931 
1 2235 -6.283142 
3 434 1164 1874 44.020939 -97.468460 -64.873584 
4 861 1523 2110 2215 18.295504 -13.460623 94.590086 99.288188 
0 
2 265 824 -37.200500 -24.646036 
4 1790 1997 2117 2991 21.785590 7.159240 92.395807 -85.575861 
5 1444 1768 1831 2052 2176 -56.843648 -41.098663 -76.265381 16.121461 -77.360467 
8 395 852 1998 2578 2652 2660 2854 2932 -39.046247 -86.124452 22.633697 -33.591596 82.503672 -67.141811 79.126346 56.242352 
0 
5 207 498 1236 1503 1877 43.020975 -80.062897 45.752948 56.331405 -52.013090 
2 156 2285 98.922630 -1.182245 
3 370 1970 2464 -91.962226 -68.349388 -40.853937 
2 1791 2228 17.846878 1.238069 
3 2668 2675 2705 34.118362 -20.333274 73.046408 
2 705 2788 -13.131295 9.028241 
9 235 740 957 1086 1941 1959 2051 2694 2866 -42.518656 -3.948242 -47.653414 -20.551691 86.459046 -57.239049 -17.697728 72.212269 88.322018 
1 386 74.153557 
7 514 1170 1182 1594 2079 2400 2893 93.007642 16.773986 81.465446 -18.866203 47.329557 17.380650 -14.362727 
4 1825 2132 2502 2740 -58.943847 -3.481240 64.955884 -56.894133 
4 425 519 1050 1970 57.331731 58.525405 32.391536 6.735796 
6 24 727 848 1864 1910 2605 28.973827 11.368818 -74.963190 71.111461 74.166968 -90.820667 
0 
3 619 2767 2844 97.696591 5.056280 16.305308 
2 635 2672 -27.269132 -48.165060 
3 384 2367 2456 69.803969 80.655449 87.186977 
3 253 312 2481 72.884029 71.334177 -0.795521 
3 225 1211 1531 -90.016858 72.049286 66.780458 
4 698 1392 1461 2306 -60.872767 36.566982 60.583748 20.215456 
3 1976 2790 2876 55.825451 -32.401098 13.467121 
3 257 2028 2224 72.189088 47.689050 16.220730 
2 1474 1941 -53.680451 -43.693818 
0 
3 697 804 854 63.762410 0.179026 63.778500 
5 894 979 1120 1209 2232 54.323517 -78.720630 73.389815 55.142169 -5.612798 
4 1187 1418 2062 2714 -84.983338 -83.365714 -26.241644 -3.498387 
7 534 696 718 1478 1517 1756 2311 94.975773 -61.289233 70.108716 71.342562 38.808702 -74.169403 -54.432315 
2 1771 2816 -79.796538 29.867919 
2 882 2781 6.619279 -0.436719 
1 92 -53.370422 
1 2473 -45.977973 
2 475 1590 -95.602655 -38.594650 
2 459 2035 38.298050 -58.207430 
1 14 83.807035 
4 141 2347 2720 2940 -41.515463 97.447485 -30.443296 -34.040468 
4 432 496 846 1278 -59.448126 -95.817410 36.644410 -35.932441 
3 83 1849 1890 -70.401591 -7.180790 42.108104 
6 312 810 1522 1559 2541 2755 95.791292 -32.100262 36.169410 38.447161 88.674073 67.186793 
3 25 1926 2081 -57.703490 -80.235690 67.176822 
3 117 964 2674 -10.858564 35.407876 19.618157 
5 702 1442 1563 2365 2386 -11.432905 70.722610 87.519794 -37.367510 26.765373 
5 520 637 1228 1337 1408 -96.625136 66.504461 19.370974 92.497980 79.599258 
3 39 2276 2463 -95.587973 59.538481 -47.966360 
4 25 739 804 2918 -97.009212 -67.257290 76.081911 18.628500 
2 615 1186 4.279027 20.830468 
3 840 2429 2969 -97.120791 -20.318257 -29.134921 
1 1716 -79.904997 
3 517 2578 2877 -95.773162 17.281580 71.169235 
3 202 658 1831 35.186809 11.195251 82.827948 
4 8 141 2376 2771 90.309225 37.870603 -86.217414 47.379675 
2 2697 2952 64.605844 8.643728 
2 465 1823 -66.608497 85.933457 
6 292 690 818 1147 1985 2021 55.003682 35.166590 32.320041 71.872636 -23.874275 40.283956 
2 773 798 -8.857266 52.452680 
2 795 1972 20.510084 -60.251019 
6 197 513 1014 2123 2342 2580 -13.435623 45.859352 38.077131 -81.041990 22.563279 -64.572871 
1 2288 52.652089 
7 737 1219 1252 1750 1859 2515 2868 -82.212036 -72.549556 52.700533 -33.089345 -52.383475 -14.982987 88.923576 
2 65 2043 -31.254471 56.736707 
3 1511 1817 2735 -61.175089 84.553517 -45.611380 
2 1878 2913 -7.081056 11.746184 
5 1387 1648 2236 2481 2506 -50.577753 60.149692 -10.462639 70.864022 1.880231 
4 834 1175 1825 2482 27.545203 -33.590435 81.305925 -45.846912 
2 1934 2834 82.379831 -66.850051 
2 1030 1399 55.981423 6.760470 
3 706 1226 1565 60.815269 -22.650486 59.657525 
3 59 355 905 -10.206938 -98.712999 39.884789 
3 1377 1898 2248 3.362624 -97.711897 -45.193867 
3 131 1061 1873 32.506247 52.939568 -89.218052 
4 1958 2047 2820 2889 -61.838042 20.608609 -28.360918 -77.610040 
4 456 1202 1582 2290 -22.427847 77.524842 15.226962 53.154658 
2 257 1080 -51.059218 6.705078 
3 385 1380 1508 -18.296742 -58.543240 -42.367107 
4 471 1555 1563 2839 18.822560 94.944221 -40.335485 74.986287 
3 311 2432 2573 59.773285 16.197359 80.732852 
1 64 96.249009 
4 78 881 1799 2239 -58.021695 -53.403323 -3.787574 58.802654 
2 473 1377 38.232238 -71.604650 
4 607 1185 1465 2081 -66.512055 -51.901137 -91.164692 -21.120987 
3 701 1594 2891 -33.163838 77.847259 63.815519 
4 185 786 2287 2692 10.288764 17.161495 71.941539 57.911557 
2 1192 1515 -97.958271 23.227657 
3 1064 1651 2344 77.885229 83.493903 40.789028 
3 3 1191 1990 -69.379267 46.909875 -92.443544 
2 1494 2231 65.306656 -7.026758 
3 1456 1641 1871 42.768425 27.324236 16.209918 
4 218 1415 2008 2990 -47.044147 -71.919538 -0.673045 -29.621369 
0 
1 2417 -52.403751 
3 1849 2121 2696 73.648489 2.553729 -42.204116 
3 776 1000 1171 -54.357990 -37.768784 -54.353534 
2 1991 2952 -33.618154 -16.105577 
4 855 1015 1698 1731 87.808722 -94.138712 -2.934100 25.526822 
1 2479 82.918639 
3 1755 1984 2450 38.405062 -35.798608 -59.297845 
4 155 778 1426 2800 52.161249 26.218197 79.303495 -93.905627 
2 1332 2035 35.512168 27.757692 
3 669 2032 2144 96.360647 -39.237166 81.000882 
2 1636 1794 -76.420341 -23.123277 
2 1239 2544 14.014429 -64.944183 
5 423 774 820 2066 2270 3.525026 -38.205591 15.455910 -62.716434 -7.864169 
3 582 1073 1608 -41.707000 -52.169406 -67.740954 
3 1491 1849 1888 10.896819 -14.261174 -71.886993 
3 329 1545 2453 51.286736 -85.117656 69.859685 
6 1243 1423 1514 2181 2950 2968 -55.364094 -34.167074 -33.196505 -51.733089 -65.603891 43.857491 
2 1065 2427 10.366286 1.399825 
2 606 2125 -96.651707 -15.182011 
1 2431 -81.663647 
4 1186 1293 1637 2991 -88.109336 21.462703 63.769418 19.497119 
1 949 54.834734 
5 1033 1555 1939 2099 2962 -28.937675 75.123010 95.914409 -91.535520 -31.700274 
5 906 1021 1351 2951 2956 49.537352 -70.923308 26.640761 -60.109418 91.964337 
4 244 315 2480 2669 -58.360477 74.978456 -83.293093 -4.354309 
2 273 972 -8.043940 52.181934 
4 586 647 1207 1728 86.106608 -64.160146 64.818577 30.037906 
1 322 -12.272460 
3 515 821 2430 12.372829 -43.933320 -82.896634 
2 866 1598 93.744242 -76.372611 
1 2598 -0.774738 
2 196 1320 -1.775591 47.726397 
1 1318 -73.385180 
7 814 1198 1237 1439 1556 2177 2977 -14.150889 -78.509523 46.507067 40.580263 51.339654 -74.094763 -10.801960 
6 103 311 547 1854 2061 2492 37.502072 1.605502 90.489533 -61.807584 66.044781 -61.774561 
1 2715 -82.117056 
3 1924 1951 1970 98.335139 40.446548 -6.553229 
1 1846 95.146900 
3 107 1514 1969 75.921523 -31.396238 -79.296969 
4 1260 1613 1949 2696 -72.861717 -48.752871 -89.291019 78.130376 
2 1920 1937 86.886988 -2.846421 
3 1554 2708 2903 -37.345152 -8.779286 -66.531218 
4 1572 1929 1980 2493 4.661167 73.879309 27.764331 48.670349 
5 504 1772 2041 2517 2698 -45.915944 29.082074 15.849102 29.317219 2.589484 
1 1657 -89.956844 
2 613 2341 45.428663 57.343451 
3 1101 1125 2386 27.100632 -87.714697 -99.672643 
4 511 1395 2189 2244 99.599072 16.984774 -52.001644 93.429306 
2 144 2403 -86.631604 18.273936 
5 564 901 1319 1513 1721 39.331833 18.057326 72.383030 87.110891 -4.620835 
2 2380 2645 28.525157 36.556422 
0 
1 1956 85.690716 
2 1720 1993 94.376454 44.876367 
5 446 574 1643 2251 2630 47.137762 4.853232 -75.938027 -12.157411 30.086734 
4 197 467 759 2540 -55.686618 -52.487917 -43.682785 22.493716 
2 1961 2880 94.711129 -88.224553 
4 543 1103 1804 1925 -30.202332 -7.267900 29.831185 27.125545 
3 1268 1447 2433 0.791175 -59.521312 -47.290978 
1 2817 50.974462 
3 1346 1429 2016 -67.392403 -19.393968 87.236599 
3 1577 1904 2321 30.158318 47.767686 60.670344 
2 1012 2670 -5.988400 96.968335 
3 271 803 1157 71.387370 50.392654 4.162290 
4 678 1200 2796 2809 -29.241956 -22.899103 -19.711584 -34.472877 
2 1507 2068 -37.187592 70.594620 
4 667 2135 2452 2984 26.254671 -79.322360 -80.123722 63.537365 
4 47 178 453 2000 -21.830465 -44.896418 7.765513 -77.449309 
2 950 2330 15.741414 27.830387 
4 237 417 1756 2203 9.598923 85.749975 79.886997 71.143930 
4 358 860 1071 1688 23.629798 -27.216489 -64.969456 -36.142265 
3 30 1766 2545 -87.142659 -65.630568 85.866759 
2 536 2811 -86.525290 64.576278 
4 286 860 1106 1637 -6.553403 -52.820274 87.315543 -76.105037 
3 814 899 990 -93.723677 -56.164598 83.403390 
2 1332 2799 7.854959 -36.394348 
6 324 660 865 2204 2591 2744 44.108488 14.276204 11.770336 47.239159 35.246840 -64.073864 
4 181 618 672 2289 76.796499 25.195745 32.903876 -55.058576 
4 1926 2008 2017 2291 53.263113 55.367546 -93.513209 5.342553 
2 662 2406 -95.271821 -80.831886 
3 1610 2076 2418 -60.973510 80.934789 -11.062305 
4 72 352 1116 2997 -19.062856 14.750011 28.170427 43.255537 
4 685 1374 2462 2831 -11.945863 27.133305 96.109282 -49.270710 
4 838 933 2295 2815 28.040541 70.091982 -95.298171 14.242269 
2 1833 2953 -91.299246 -50.690899 
4 55 58 546 880 85.116633 70.191384 -78.999436 -36.238500 
5 2009 2222 2313 2344 2949 61.629132 6.694644 44.874395 -49.202785 81.541608 
3 212 525 2282 -4.400612 -5.831445 29.650370 
4 17 881 2356 2916 -48.462144 15.820622 88.699042 37.199305 
4 299 577 765 1277 -4.114136 29.362411 -21.828599 51.942677 
1 2484 70.144754 
3 526 1163 1989 57.047863 87.908868 -49.348514 
2 1484 2457 -32.114336 79.238454 
4 628 926 2277 2628 -89.763982 -16.555829 -63.218371 -54.059937 
1 764 -90.000704 
1 2852 -55.708840 
2 1092 2615 65.107878 -20.634245 
1 1977 78.110900 
3 1668 1886 2830 -59.030975 4.330483 -38.972167 
1 2612 73.082462 
2 1166 2512 -33.431000 -7.500108 
4 683 1109 1657 2846 -13.195439 97.367330 80.168593 81.739406 
7 177 502 638 1502 1593 2112 2139 73.381568 -13.772406 3.465275 43.884051 -21.199108 -53.620788 14.746966 
2 1615 2963 -47.833041 30.099278 
0 
2 51 2717 0.138157 63.723625 
1 1666 89.348648 
3 232 2295 2916 -12.167747 -99.334027 -41.153281 
2 1380 2723 -55.884947 31.808562 
0 
1 1830 77.614155 
3 242 671 2163 -78.242235 94.907691 48.125880 
2 626 766 -10.556016 -34.521921 
6 1145 1497 2632 2778 2794 2899 -75.528553 67.302149 -50.145575 -31.278193 -78.411807 -76.727143 
1 1065 53.986706 
2 949 2725 79.166657 49.440949 
1 512 88.439267 
3 469 2007 2689 -28.422018 40.845744 2.339373 
3 1825 2082 2196 12.940933 1.515400 74.668781 
4 1262 2164 2355 2407 12.196332 32.393564 68.424247 -81.779887 
3 2748 2947 2967 94.188963 -68.819792 -56.461727 
4 207 649 996 1998 68.446520 -9.185286 55.627743 56.978401 
2 1326 2102 -73.077278 -34.161558 
2 306 2560 -97.147946 -45.569885 
2 924 2311 12.921835 -63.300834 
3 1872 1909 2222 87.904954 -71.229167 -24.679981 
2 448 1231 98.355988 24.885484 
3 1308 1448 2864 -33.604269 88.504418 48.454607 
5 231 1161 1204 2046 2593 7.040831 52.902709 41.781305 -50.985558 -84.557022 
5 209 1025 1913 2553 2982 7.859966 -55.176932 82.324281 70.839040 41.333360 
3 822 1326 2885 35.301623 85.799504 55.950078 
3 461 1924 2185 -48.635285 -92.865915 47.137323 
1 1101 -50.771581 
1 2130 53.912109 
3 2 309 2855 75.845094 -52.564653 71.964726 
3 1928 2237 2634 91.072311 -56.343909 -55.045147 
3 1259 1745 2052 58.766115 30.067760 53.261334 
7 32 53 228 654 1265 2049 2510 -91.814988 -39.163405 90.457437 -5.014682 5.194749 -98.737370 -1.284894 
5 686 1524 1602 1845 2179 -80.266250 -77.932504 38.847567 -12.646264 92.098676 
3 430 687 2872 86.934407 35.709840 13.765359 
1 2601 8.983346 
4 747 1755 1763 1812 -99.816681 -28.487046 79.778268 11.288458 
2 1247 1388 17.096197 -8.075380 
2 1499 2931 -63.316832 -35.505858 
1 2310 82.931047 
2 961 2178 76.503546 95.819031 
6 77 106 162 952 2884 2979 -68.929459 -78.604314 73.450924 23.836647 -67.054602 -30.001421 
5 1154 1200 1201 1439 2695 88.473765 -12.099649 -73.298196 22.353427 86.596836 
3 2022 2125 2191 5.566848 -1.268438 61.047667 
2 1591 1905 -38.405674 99.421594 
4 597 946 981 1026 -83.139811 -32.933909 67.181159 -37.164571 
0 
3 487 656 1951 -80.346418 -31.333199 38.991932 
2 318 1300 77.776877 -30.897716 
3 26 812 2058 22.396529 23.615469 65.172447 
2 205 2469 85.208175 2.722121 
5 773 1558 2196 2198 2439 -71.241509 -70.122705 -1.419675 94.583420 18.637425 
0 
4 216 521 2312 2852 -97.775431 -53.903974 62.452432 41.270619 
4 289 775 2235 2793 -87.905094 -90.404728 58.982878 83.916893 
2 670 1736 -78.380853 -8.936049 
4 1256 1637 2391 2937 98.258522 -1.280338 -25.921000 46.359014 
2 569 1326 20.679798 57.653107 
7 871 1108 2227 2246 2437 2448 2527 -84.850414 -14.789739 -22.910969 24.699069 -95.143439 -6.385179 95.902483 
1 1344 -61.986933 
3 903 1902 2328 -54.478270 -58.578229 64.233982 
3 570 1101 2434 -30.096523 -76.125473 68.030848 
2 341 746 37.078997 70.154190 
3 22 1691 2912 -48.346075 51.772187 -15.542943 
3 884 1430 2437 95.133162 -28.477344 -13.575429 
4 2172 2337 2386 2989 -38.774686 66.537797 75.582955 -53.934225 
4 1665 1821 1955 2571 -12.863534 74.064782 98.372582 7.101583 
3 834 1487 2069 47.416324 14.450355 -96.814845 
1 2419 -73.821862 
2 308 1794 15.523473 -25.040675 
3 205 1472 1928 -44.999617 -86.810655 15.366920 
1 2479 30.401008 
2 545 673 42.207398 -78.225046 
2 2591 2619 47.206358 -43.358397 
2 572 1274 85.036812 39.319497 
1 53 -42.500185 
3 918 1145 2991 -26.957812 74.784907 1.186566 
5 157 698 1426 1542 2900 -43.141762 30.352652 2.736551 -71.496455 36.448856 
6 637 956 1177 2407 2665 2791 54.740825 49.861905 -85.969662 94.460241 -67.913597 21.705022 
2 1577 2951 -39.344198 -52.861416 
2 276 2837 41.572634 33.545131 
5 116 1733 1863 1902 1979 18.898426 52.084549 -11.171354 -45.496464 68.612992 
2 313 552 -0.268399 28.424729 
4 589 1038 1555 2876 68.308104 33.774055 -47.856077 97.822262 
4 592 1216 2368 2653 31.670749 13.701484 -67.144128 42.843799 
2 1657 2903 -62.800209 -21.991442 
3 297 470 1218 40.263799 -79.499328 -54.847149 
3 352 1358 2029 -67.760533 12.273263 29.489648 
2 387 650 -65.354306 37.470461 
4 734 1371 1523 2987 21.187550 -97.683462 -22.129667 0.308449 
2 30 2271 24.628851 83.852699 
4 1294 1420 2509 2826 -18.375476 -38.625268 -80.122819 15.507937 
7 1057 1528 1711 2208 2671 2852 2950 4.532764 -60.552047 -60.863204 62.010125 -86.343300 97.368309 98.087909 
3 152 516 1510 -82.739601 59.046681 -49.105865 
2 1144 2428 -12.803347 -3.376927 
1 1574 69.811049 
2 2410 2569 69.583408 36.490074 
3 223 684 2859 -50.245705 -12.279200 33.431943 
1 720 -90.551338 
2 539 1348 80.522605 -92.423865 
2 1825 2038 -79.700536 -67.572625 
1 1659 -8.543207 
3 1420 2458 2529 82.985611 -67.236389 -33.303523 
2 2288 2824 -93.703756 -7.207174 
2 602 2681 4.667889 -15.626456 
2 2181 2995 -78.347105 -51.737026 
3 751 1951 1985 38.188202 -40.937981 -78.140094 
7 455 1133 1824 2459 2765 2780 2898 87.472972 54.539991 73.724668 -25.410540 58.085729 7.012725 -84.360498 
2 1452 1850 -33.468594 -2.179368 
4 828 1582 1690 2790 98.964826 -36.887191 37.285794 -11.854242 
5 873 1169 1883 2705 2708 -64.833029 46.618433 22.336517 14.220370 69.443184 
1 2002 53.950060 
3 389 780 1596 99.340502 30.125761 70.489528 
5 94 111 1310 2026 2053 -64.237531 88.541344 89.163853 68.984203 -30.088183 
1 1980 91.768850 
4 107 150 202 2182 -73.847347 23.083560 87.337612 -52.044578 
2 1702 1886 -96.341187 83.267559 
2 516 2527 -72.933347 -4.356392 
2 587 1974 91.003029 -54.684336 
4 152 826 2178 2258 -38.700230 -74.486130 74.746572 16.539591 
2 277 2050 -73.992133 5.005290 
4 334 398 2284 2900 13.611986 -2.904816 57.368581 -61.997419 
5 481 1316 1587 2582 2719 -66.205235 -27.871391 48.053403 -55.840819 66.993869 
0 
0 
2 307 1703 21.919005 -79.156980 
2 511 2642 -12.934744 80.027903 
2 2346 2701 78.219051 -18.590448 
2 2073 2569 -85.026027 -82.588415 
4 357 704 1436 2560 27.920409 -71.979535 -17.447726 63.671351 
2 5 1098 -67.370413 -79.778230 
3 57 621 676 67.188334 17.251674 -67.924837 
5 215 616 1339 1692 2834 97.569860 -0.489033 -57.667336 -19.508717 14.126741 
2 2623 2628 -22.679773 -97.494597 
1 6 43.159438 
5 58 175 864 2032 2558 -73.823740 -79.034188 62.719516 91.051290 -6.642046 
1 2056 75.726522 
1 869 28.368357 
3 1055 1858 2846 99.813982 93.752172 -19.542529 
0 
1 294 35.201895 
2 266 2601 18.127972 -23.866005 
4 91 853 2047 2476 -4.712708 26.973062 -42.096870 43.724553 
2 1144 2253 43.347333 -1.043862 
6 263 809 1056 1164 1638 2862 -61.061417 72.080840 58.369375 -19.681300 -52.750603 -65.788895 
1 2046 -8.369200 
2 1865 2527 53.121563 52.505580 
3 449 2548 2644 -12.902710 -68.952484 -19.853005 
6 4 133 347 1214 1340 2860 5.033125 35.052715 -88.642063 49.280668 66.702059 -16.213101 
2 78 2719 5.512726 36.879839 
4 891 918 2139 2418 -74.690979 5.075512 65.051375 40.670759 
3 678 1542 2127 -6.510726 -14.072941 -39.351905 
7 890 965 1049 1445 2274 2819 2956 59.397190 -12.036225 60.343531 -57.864474 -84.493437 -9.867179 59.181445 
4 205 523 570 1701 -56.100780 30.516028 -41.277512 62.341844 
5 1049 1368 1734 2067 2651 -36.269413 16.940998 -29.168073 26.359145 -83.894052 
0 
0 
3 129 1598 2610 62.777256 -52.242057 40.955363 
0 
5 294 1287 1621 1701 2563 -96.876875 47.602987 -39.851114 42.443487 0.596737 
0 
2 46 1231 -78.134189 79.605073 
1 1156 -35.464874 
2 2282 2495 -63.910131 50.096893 
4 1318 2246 2528 2921 -78.474564 -52.802213 18.791038 -96.359917 
2 1500 2787 -25.965283 45.245979 
2 1025 2839 10.821882 -42.034010 
7 467 605 652 2693 2719 2877 2960 -75.477025 64.366064 70.326039 83.332529 -45.542065 -27.556754 -81.424691 
1 2574 75.810165 
5 74 638 1110 1152 1380 17.932285 22.564075 14.807937 -21.689377 19.732284 
1 696 -93.969229 
1 2308 3.222772 
6 217 536 750 1541 1759 2656 34.422409 -81.660972 -58.084487 60.354138 -10.079068 78.496880 
3 1169 1773 2111 95.880555 29.738800 55.382402 
3 1311 2139 2988 51.978989 -41.668610 -48.478704 
4 1992 2183 2424 2887 91.384650 -0.004247 -20.131429 -29.409432 
4 5 157 645 1261 -35.116485 75.281079 -49.942350 52.909090 
3 1431 2092 2951 -36.406763 -91.940276 -85.598368 
2 228 323 62.427105 -75.964998 
3 187 2321 2895 7.367343 -67.905725 49.017115 
1 2440 52.034517 
4 136 250 885 1106 -93.293529 15.436194 -94.869464 56.438187 
2 191 1512 -49.476188 -94.836533 
4 111 468 2704 2979 17.195412 19.160690 14.911648 -39.440900 
2 1036 1822 -28.168685 16.384922 
3 463 1501 1515 59.445308 -91.768857 -86.194741 
1 728 47.121877 
5 630 1349 1355 2463 2660 -15.315223 8.898234 -65.804578 69.344794 63.361283 
3 1351 1703 2163 54.316104 63.346734 87.823866 
2 891 1855 -86.237484 -49.001841 
2 255 2482 -39.222874 63.300013 
2 415 1249 -99.335017 91.257926 
3 83 1758 2086 70.223589 -52.488046 97.410152 
3 500 541 1310 -2.323650 73.929125 -11.278928 
3 129 2396 2956 -73.377577 -98.369485 73.956557 
5 148 1221 1459 1828 2180 10.538565 91.807563 69.218239 62.270922 94.209354 
2 1083 1668 3.327115 -94.914175 
1 394 -38.626286 
4 252 1520 1568 2886 -54.932418 -65.533692 -67.841685 -69.984397 
4 296 562 1914 2105 -31.400713 -35.239776 67.904320 90.778014 
6 182 349 472 789 1351 2986 62.439455 3.135104 -44.109876 59.275972 56.551723 64.365447 
2 187 1068 75.321326 -12.726155 
0 
3 105 595 1085 97.042919 46.318981 -90.844955 
3 2119 2528 2578 57.194399 17.696246 28.286176 
1 1784 -84.335789 
4 417 1343 1979 2123 0.646330 -20.915802 -67.035513 -0.397987 
1 534 36.185938 
2 287 371 93.211636 10.477247 
1 2814 0.257187 
4 327 1423 2124 2232 -93.890115 -88.692180 -69.490742 -76.894872 
4 298 787 1282 2551 -39.059983 -1.151492 14.508872 -8.575206 
2 10 1601 27.721359 -62.005299 
3 395 914 1403 38.919287 -70.933468 10.121219 
2 1865 2981 -49.448493 16.845253 
1 596 -22.036084 
4 97 1500 1910 2920 -23.284074 85.454986 26.676189 21.084763 
2 859 1934 21.025119 -30.690591 
5 391 830 1207 1362 1852 -77.861143 3.341194 -50.920810 -37.638694 63.686843 
3 304 1062 2790 94.048042 38.311979 -45.197826 
8 657 690 1217 1233 1338 1760 2546 2852 45.922010 31.714654 -74.150268 69.288498 -79.799604 67.775151 -25.049348 54.993545 
3 1256 2247 2445 -66.618028 54.396195 -77.587234 
5 121 279 441 785 2419 81.827683 63.382283 15.352860 76.013361 -13.973980 
4 307 1576 1659 2548 99.948145 -48.915778 -68.571962 -30.718136 
1 1042 6.039393 
5 1438 1488 1712 2340 2608 -27.839973 57.379488 -16.432066 69.482912 70.825111 
3 217 240 1243 17.462820 51.415525 50.364056 
3 901 1095 2705 -80.041267 -42.361746 -77.627109 
2 2270 2735 -82.426211 23.193124 
4 442 1235 1753 2554 60.791605 -1.696288 -14.438484 -83.244146 
2 534 1555 -12.536278 -71.146881 
3 1281 1950 2524 -89.097607 -0.578449 99.543246 
2 847 2571 95.354749 -85.589477 
4 278 1715 1822 2617 -73.363601 99.377483 49.564216 48.548866 
5 414 760 2022 2097 2657 5.833744 81.958864 -24.965378 -9.142320 -68.890921 
0 
2 586 2090 58.461939 99.472796 
2 1268 1397 60.491486 42.045880 
2 2392 2618 73.572191 -50.183035 
3 863 1742 2781 -82.395615 81.042532 -1.015558 
6 408 1547 1724 1847 2414 2656 57.863638 -37.275455 -1.579490 89.615465 -15.641127 97.718233 
4 432 777 2078 2085 -75.467917 -77.425615 -42.599982 -15.196175 
1 1054 58.995833 
3 546 1168 2631 -47.783833 -59.639502 -91.699961 
2 39 2594 -79.193008 97.941410 
2 2136 2721 -64.415854 -54.837580 
2 673 2603 -91.243568 35.930886 
1 2887 20.418697 
5 18 610 1370 1860 2309 65.173836 -64.901197 85.762906 54.830065 78.825181 
2 328 482 -98.800768 74.780359 
6 224 480 671 1395 1903 2674 -84.164194 -39.623032 85.379451 -57.768443 -23.648118 -19.533902 
7 311 583 1030 2036 2273 2384 2912 51.310290 90.635976 30.302176 -73.408073 -96.568898 -69.114212 74.550829 
7 643 674 938 1316 1667 2028 2544 -88.585832 98.490391 43.583616 7.925064 51.864283 -18.139128 37.061225 
4 782 1861 2783 2811 77.203596 55.052470 76.044973 76.073868 
4 963 1267 2424 2451 -80.183717 -98.924128 -27.356625 44.598440 
2 322 804 31.280822 -68.996369 
4 632 814 1432 2102 9.372211 -0.430509 -47.237989 -72.979011 
2 357 807 0.622174 50.813022 
1 1808 35.726597 
0 
2 798 2760 41.461686 28.460052 
1 2655 -15.833781 
4 420 492 1097 2005 58.730310 74.270868 -14.320818 -20.400996 
3 1933 2083 2593 -37.619783 7.649822 -51.253896 
3 1417 1728 2168 -71.251626 50.632474 -71.007930 
7 195 228 449 529 948 1589 2541 -26.781970 19.993177 -68.383247 24.418901 -76.485392 80.618342 19.355787 
3 926 1816 2689 97.862947 -81.779185 33.997436 
4 467 1142 1874 2473 -92.203962 43.413952 -56.284851 -98.311872 
3 587 1188 2694 -35.132187 -74.648390 -31.523991 
2 1932 2241 -13.241577 -1.482239 
3 1019 1705 2312 -99.307230 -56.891401 37.011200 
4 989 1374 2103 2715 32.209168 -88.050146 -35.352416 -24.269174 
1 607 -66.012352 
1 809 -38.113941 
3 837 1225 1780 -61.046256 36.425228 99.686694 
1 1886 -56.531703 
1 417 16.338728 
4 948 1314 1319 2228 -14.927797 19.500298 76.631762 -21.740140 
3 420 1395 2641 71.239967 -56.451179 -57.226168 
2 1253 1628 17.392759 -98.307649 
2 1591 2563 25.941637 64.361092 
4 1206 1352 1982 2738 56.438480 -67.435708 60.297370 -35.733299 
3 296 1739 2766 -58.702000 41.624172 55.412976 
1 5 -80.397178 
2 1431 2154 -5.019470 0.123405 
4 22 113 2101 2700 31.325965 -43.957905 48.234625 -42.810593 
1 1357 62.566204 
4 1055 1492 1971 2937 -59.128551 -72.766222 94.538268 -83.683009 
1 54 10.615053 
3 266 701 1872 52.869953 -69.309585 -70.638009 
4 458 491 506 2540 -39.303027 -64.034734 8.914489 -92.893701 
1 2419 59.241769 
1 2546 10.798504 
1 395 -53.761790 
2 172 2364 -71.200615 18.160253 
3 1198 1968 2680 73.674184 49.206756 -40.999500 
7 100 228 1350 2081 2125 2289 2456 65.626389 -92.324121 56.056803 18.095279 -62.464213 85.540588 -26.865802 
1 48 2.852794 
3 1299 1443 2255 -97.873102 -23.665300 -1.814441 
2 230 957 11.879066 68.333853 
4 129 547 2293 2434 64.673645 22.961537 -63.725406 -96.813354 
3 937 1270 1692 -91.634374 36.031436 57.977912 
4 827 1318 2411 2737 50.295358 -91.603336 11.959899 11.453963 
1 1441 96.775247 
3 24 1156 2473 -92.895267 -91.104700 80.788213 
4 32 1560 2028 2201 31.442910 31.983903 -13.665066 -73.853395 
5 446 980 1358 1999 2427 -83.897932 -90.388635 22.427774 71.375740 -18.510309 
3 128 746 2198 36.149282 -6.766677 14.102314 
3 360 1542 2691 37.675437 -16.980262 14.156812 
2 1310 1986 64.914160 1.679658 
2 2093 2674 1.223654 -81.564986 
2 370 1995 -87.192128 -24.093178 
4 997 1314 1483 2955 -20.237242 8.612907 -90.358447 -5.800171 
1 526 -8.253342 
2 120 1936 -82.826280 -54.981024 
5 521 746 846 955 2968 51.096752 -90.206457 -80.574050 -81.480842 71.692755 
2 851 2647 57.725256 79.900278 
3 542 1086 2385 36.367732 94.686598 -35.229591 
4 221 1730 1882 2689 -58.337628 44.389263 -83.433700 28.547758 
3 510 1069 1168 -99.581510 -23.430218 61.739788 
1 757 -74.435790 
4 1534 1778 1946 2829 45.604647 -3.051524 83.692420 -67.181544 
4 168 1341 1900 2449 -1.097153 -10.998724 5.902532 -90.567245 
1 2655 17.143196 
1 2939 63.871324 
6 0 251 377 1874 2031 2795 -38.931434 -49.169057 80.584445 -41.714913 67.040654 74.905731 
3 418 707 922 55.232900 88.279041 15.258215 
3 1785 1811 2758 4.147483 -20.680928 -68.480897 
2 1551 1857 52.362386 -54.149551 
4 460 1617 2149 2485 -86.268320 -50.321457 -66.460197 66.048408 
2 928 2162 62.001432 97.110869 
4 1494 1829 2217 2962 96.900536 23.689635 14.946045 84.462889 
1 2880 -77.661449 
3 1439 2029 2230 -84.092434 -47.382190 -38.604844 
2 1498 2364 7.286827 -62.514223 
2 488 2866 -88.902097 -24.687780 
3 128 460 516 -0.038444 90.272184 31.848329 
2 352 2602 -71.161718 -93.665250 
3 232 296 2444 -71.537905 50.788850 17.520526 
2 600 2050 -57.115530 64.617708 
1 1101 18.834228 
2 1245 2775 -25.094224 18.993963 
2 1260 1905 69.697220 -18.319891 
4 588 874 1357 1579 -76.858473 46.858907 91.874186 13.323441 
5 536 915 1885 2057 2718 18.264500 -10.625377 95.184236 -31.375377 -35.847623 
4 1843 1987 2647 2677 14.399119 -49.815979 -16.043667 -60.717050 
3 80 136 2091 8.501028 91.833247 55.349534 
4 320 621 726 1670 28.593897 -87.052131 0.067952 -67.677812 
4 511 755 969 2529 68.987599 84.949254 -55.565158 -26.829397 
2 2028 2814 -38.221115 42.023159 
2 1039 2910 35.492965 27.036464 
2 685 1249 -76.748164 -80.730381 
0 
3 544 957 1682 24.753873 -90.405855 -9.999437 
3 1 1915 2344 -22.252296 -78.022849 39.364263 
3 179 2788 2937 -34.980215 92.587364 54.414264 
6 151 614 928 986 1784 2971 68.805660 52.506146 37.129282 71.921704 23.710539 49.084921 
1 2679 -27.795398 
1 439 9.840441 
1 1821 -98.951720 
3 130 470 2668 35.149942 3.656797 -75.352119 
3 847 1588 2791 76.568447 46.715410 2.503914 
3 105 1188 2583 42.657216 -70.850276 -80.619247 
6 1723 1758 2105 2482 2633 2950 9.517143 6.177285 76.389549 48.103141 -73.878153 17.393046 
3 1488 1847 2382 10.457495 91.453440 54.517687 
5 247 389 1602 1919 2653 -44.559234 88.021117 -88.497426 74.751094 26.707049 
4 335 974 1011 2727 -35.953104 -7.631545 -64.972328 54.312770 
6 390 921 1350 2031 2537 2563 87.236849 37.174437 42.610229 -39.232193 26.481653 83.568900 
4 213 2278 2466 2971 1.345784 53.359748 -82.220980 -51.928754 
2 350 823 -79.844119 -49.860187 
0 
3 1115 2157 2558 -62.561915 -82.040286 -46.094345 
1 2211 54.444604 
0 
2 1940 2580 15.425317 -82.580633 
1 1772 33.184391 
2 2648 2894 -49.645379 -49.389162 
4 643 908 1574 1678 92.752152 1.717398 -8.397128 73.268715 
5 1569 1689 2182 2520 2702 13.980934 -67.184811 -63.663412 -49.160484 -9.452445 
1 2915 95.084426 
2 1913 2988 -51.947525 -68.481341 
3 589 792 2648 29.655344 50.467013 75.679140 
2 1040 2234 56.707137 49.348346 
3 1342 2317 2568 -0.364956 36.436370 21.841359 
4 1406 2096 2300 2540 9.619742 55.668388 18.389470 61.616175 
1 967 -61.243348 
1 2711 -12.504461 
5 330 531 1512 1804 2384 3.561908 -0.354890 87.314720 54.801339 -76.392864 
3 1448 1461 2477 14.234613 61.818204 47.937706 
1 2276 -63.846962 
3 913 1589 1840 -79.180084 72.453301 0.287381 
3 321 333 2980 33.938982 5.546913 -42.599976 
6 658 762 1556 1901 1928 2079 94.927290 -93.025319 -82.240678 -62.821027 25.821475 97.882019 
8 160 208 1029 1308 2013 2041 2043 2705 64.117740 69.985861 59.594568 -75.718757 -77.968458 7.726052 84.718527 22.479183 
4 851 1247 1340 1902 -29.583002 -48.852481 -11.365011 83.215317 
3 991 1792 2936 -99.509878 67.594790 76.374575 
3 214 434 933 24.184456 -53.860352 -14.963876 
3 732 1052 1533 31.145008 61.325213 96.832012 
5 127 419 527 932 1884 -94.889325 -52.511528 -55.843212 54.431051 -52.861690 
4 408 551 1610 2386 -83.384813 -64.004923 -86.980212 -56.315992 
3 1982 2575 2843 -51.416944 96.398357 -35.221319 
5 500 1907 1941 2289 2305 90.969420 -5.634473 98.943737 99.313556 29.892986 
1 1299 27.121193 
3 1580 2178 2942 -78.882972 16.426618 -42.855453 
2 2325 2693 -63.120027 -96.872613 
5 317 376 512 1094 1565 30.336922 -13.458879 -51.686850 0.253885 -82.093342 
2 1309 1597 -92.527735 -49.566567 
3 848 1514 1744 -6.903510 26.004176 19.814981 
2 1057 2790 -20.872856 37.281171 
4 228 1486 2261 2673 -28.459922 -45.497178 26.445496 -45.793646 
2 430 718 -67.840927 -17.488755 
3 1000 1359 2988 -91.423820 68.351059 78.842664 
4 68 1491 2126 2182 57.004274 89.504652 27.479168 55.533758 
2 644 916 18.640854 -95.774099 
3 244 257 2939 -90.796570 -5.534073 -81.280969 
1 801 -83.116119 
0 
5 87 604 1554 1649 2728 56.377429 97.588259 -85.052095 36.500500 -83.504561 
5 29 880 1290 1948 2525 51.521112 37.884158 43.489749 -84.590979 52.176709 
1 2620 59.726000 
3 1339 1705 2212 99.185177 69.772629 -97.233526 
4 561 842 1895 2867 -71.930516 62.434446 -78.373232 33.948134 
1 1696 97.369121 
5 1062 1113 1360 1662 2463 -89.724377 -58.483658 36.459159 -67.835867 -64.869573 
2 275 1484 -17.820107 -22.014332 
1 40 80.801118 
5 680 718 876 1271 2188 -28.276678 67.821242 71.046595 63.662649 52.379702 
6 109 591 803 1828 1940 2767 -90.755845 94.685491 66.359492 12.074232 27.135945 -1.946786 
5 49 350 1138 1171 1637 58.475599 23.868986 46.908376 -71.632356 46.491644 
1 2561 58.299630 
2 40 1376 13.009098 75.173054 
0 
4 599 644 909 1581 46.727519 -78.379341 55.131290 10.040650 
4 120 670 689 1603 -3.960915 88.779402 -85.565618 54.988595 
4 983 1403 2061 2223 77.699078 -16.242126 4.609373 11.421817 
3 103 1239 2336 0.733694 -2.953124 35.314230 
2 1975 2633 -91.047611 74.068934 
2 376 2777 65.787887 -8.579726 
2 837 1897 -23.868454 -40.253632 
4 933 2236 2240 2501 -18.743922 -24.837505 92.785716 20.761154 
3 722 1557 2077 -54.685804 -80.376091 -31.644906 
3 913 2675 2825 -26.262103 -48.738310 -5.182892 
4 983 1576 2066 2157 91.569328 -34.173229 -83.248191 -36.486286 
0 
3 942 1497 1613 36.257019 -37.235491 4.008861 
2 186 681 -64.073532 -70.724170 
1 963 -75.152893 
3 513 1130 1621 -39.895081 -43.961491 68.991843 
3 887 2046 2149 62.174258 14.902687 -8.135803 
4 427 538 2558 2606 39.795387 -45.953697 5.277593 74.094051 
5 1233 1310 1659 2093 2873 26.378038 -36.837587 -42.148735 -31.620354 -87.946039 
4 47 1121 1334 1627 -84.254749 -78.343279 -35.647709 53.585608 
3 1297 1990 2031 78.380566 -52.060735 15.243828 
6 253 294 863 1148 2426 2675 21.242956 -78.917575 -57.709339 -11.842051 45.415782 47.315944 
0 
1 1824 -86.825254 
5 389 617 682 1382 2561 -24.215870 -8.198585 77.012150 -99.208628 -2.890980 
3 55 238 2851 94.271761 86.706535 45.536210 
1 2406 13.411633 
2 463 888 -83.220892 -56.639000 
1 66 95.983900 
6 359 983 1210 1292 1543 2370 -31.812893 -91.867769 -47.611625 42.127494 79.467669 -44.698798 
4 371 1497 2259 2812 26.471832 36.317196 -76.031689 82.679744 
2 1765 1793 -92.310087 39.459809 
3 1825 2045 2126 47.809027 78.482067 60.553061 
3 1514 2111 2604 -0.446488 -47.645046 0.084799 
3 920 1375 1730 59.582677 -45.273389 -51.979676 
4 6 825 1883 2428 -23.727228 -27.718077 -2.441651 69.699367 
5 26 503 1580 1613 2993 -36.477781 -71.284854 15.757981 33.261430 11.045245 
2 1428 2677 -41.312846 21.401830 
7 226 881 1286 1389 1419 1797 2766 67.636866 -83.058887 96.538661 31.393537 -29.295954 38.105919 -52.866958 
4 466 676 1719 2388 11.329706 46.848349 24.268914 -13.206407 
2 986 1533 96.758852 -17.353147 
1 2091 67.231296 
4 973 1329 2367 2990 99.589110 -36.796067 60.509173 3.288155 
3 322 355 1832 57.081909 -37.550404 -63.861053 
3 521 1685 2763 -70.871384 -36.030722 -23.584920 
2 621 918 71.745739 85.721000 
6 101 269 692 792 1937 2300 -49.026557 37.650425 79.461887 -70.955537 17.989625 -46.806199 
4 1027 2543 2740 2787 82.770291 96.745372 65.729860 -44.314541 
3 327 611 1301 93.466369 25.549406 48.197972 
0 
6 491 562 1020 1196 1584 2052 23.661510 78.102381 -59.783661 -56.327546 -0.673353 88.643478 
2 468 2866 -77.680289 72.857373 
4 27 285 328 1527 -72.207425 -92.089258 -39.338682 33.172623 
3 331 1100 1526 -64.254061 8.815642 86.454905 
3 1767 1794 2694 52.199212 71.309295 -57.433164 
2 864 2884 71.159409 9.214361 
3 2135 2156 2263 49.353125 -43.222603 -41.125535 
3 1220 1767 2386 12.911012 11.577470 -15.885899 
4 69 354 519 2818 65.222470 75.630871 -86.150302 -40.263511 
4 1048 1933 2013 2783 4.126840 84.875048 83.180888 -86.383503 
3 2625 2714 2844 83.981838 3.115081 6.416464 
4 27 1058 1481 2687 -53.082360 -77.361548 81.976432 76.795191 
4 872 1381 1806 2334 -86.566661 -44.575521 42.417448 31.290643 
2 602 753 72.627251 -14.419795 
7 344 507 765 1075 1245 1574 2623 34.171245 41.070368 -79.155534 -48.357177 82.429731 -73.196085 -66.191496 
2 6 561 12.657338 66.314152 
1 1205 -69.900302 
8 19 90 495 1421 2365 2427 2563 2947 -89.677991 -27.700819 -86.563744 -48.593945 30.251531 -4.167490 -25.037451 -0.822152 
2 482 2053 -98.840047 25.600301 
5 156 535 1116 2000 2254 15.235861 -88.824202 90.932205 -74.840767 -38.639793 
7 53 99 888 1298 2236 2242 2251 67.941552 77.125125 -98.823739 -20.831658 -22.873596 -60.649163 -32.953394 
1 1942 -69.796131 
3 464 1697 2173 65.483463 88.713565 -26.234683 
3 26 85 764 -11.136413 -92.739272 -50.490511 
1 1148 60.685935 
5 664 1129 1200 1460 1912 97.806197 14.887521 76.633114 -47.792981 48.892656 
5 43 1206 1263 2098 2873 74.734257 -30.237407 27.301037 4.529707 41.949216 
3 893 1744 2619 20.438163 -60.352592 51.160121 
2 452 582 61.094886 4.487577 
4 59 210 1245 2727 69.015923 -36.979244 49.957554 5.748790 
2 1443 2899 -31.428980 -45.139700 
4 15 556 1860 2732 -85.070896 16.010501 -14.581276 93.216922 
1 624 -78.124492 
1 2432 55.396192 
2 139 874 -68.931064 31.626694 
5 1016 1456 1542 2451 2804 -88.125115 63.729200 -68.228667 88.191754 46.734239 
1 600 -27.420722 
1 1368 -49.601049 
1 2500 77.430242 
2 1701 2412 66.969968 -74.145972 
1 2585 88.061368 
2 135 2462 38.282750 81.668020 
4 105 194 510 838 -46.321276 -52.958429 -7.986119 95.935128 
3 1436 1718 2765 86.259000 -23.074576 -75.721762 
3 962 2306 2993 79.907556 41.127169 60.194773 
6 64 482 586 1696 2012 2897 -97.745772 -57.775221 -5.255337 -80.604927 44.867415 -70.392955 
4 1302 1448 1556 2567 -79.126415 -20.279899 -22.618920 -69.988182 
1 422 -14.771337 
1 1103 -3.473055 
1 2544 3.267617 
5 704 864 953 1260 1681 -45.125867 69.496364 -74.697852 -48.073468 -73.505392 
3 1313 1471 1745 -15.038551 89.625516 -40.690671 
5 261 1887 2127 2717 2905 0.646584 80.236395 79.989639 71.447225 35.543197 
4 1253 2016 2043 2245 38.107146 25.183018 -9.432291 -59.522820 
4 325 631 1287 1890 -98.269173 -88.076560 -67.993434 -71.145420 
6 1271 1411 1882 2294 2731 2803 11.640939 -41.052077 -38.360074 -18.121581 -88.885151 83.620735 
1 2023 34.987917 
4 536 696 1164 2670 -32.472154 -75.308474 23.692552 98.464846 
4 227 686 1031 2193 -6.842789 10.708395 -92.394699 -90.761519 
3 1127 1358 2766 61.262953 -16.313742 42.515156 
5 184 1658 2477 2695 2757 72.495766 -21.225242 -33.454095 67.147511 -24.547179 
1 2238 -57.824731 
6 569 966 967 1986 2039 2871 24.767595 16.065218 -20.587991 23.108540 -44.005730 87.145224 
2 266 1340 50.352801 94.119695 
2 604 727 34.780452 29.349370 
2 687 1516 -90.983714 12.997138 
1 2576 -55.743032 
4 20 720 2011 2320 59.611659 93.427844 -33.611017 -37.679459 
2 516 1854 15.591062 51.389679 
5 817 977 1411 1570 2774 47.686382 51.587791 -85.771985 62.952426 54.290172 
5 112 580 802 1614 2317 -45.528756 -61.533063 62.830358 8.409364 79.988059 
3 641 2326 2424 60.154505 16.967540 -96.213139 
2 216 2806 88.578942 88.826326 
2 315 2225 -31.764989 -57.053916 
3 837 2473 2685 -57.100269 77.894499 59.490675 
4 18 35 330 2932 80.613352 94.626679 22.555233 -6.818854 
3 753 1146 2626 -58.922323 75.173535 -41.041641 
2 870 2591 92.922593 71.559005 
1 2952 60.206484 
8 129 411 415 919 1202 2230 2925 2927 72.921112 40.884565 3.884044 64.297582 -95.470009 58.686690 92.394150 -35.135726 
5 1251 1270 1636 1782 2482 70.499969 -52.970787 84.815001 -25.836069 -44.623915 
1 480 -93.904712 
4 518 748 874 1576 -99.152487 -13.389083 -64.564628 36.386440 
3 777 2519 2730 95.754434 77.201864 9.870417 
6 983 1232 1309 2092 2864 2925 75.968869 66.087737 -75.227819 -41.610203 -38.087094 81.255695 
3 1134 2419 2462 -27.853910 -31.071305 3.084219 
3 1211 1844 2584 -9.696398 -18.305567 73.842396 
4 153 188 2820 2864 34.846352 -66.267961 50.930974 76.733456 
3 515 1376 2660 -47.551391 12.658302 -84.647842 
2 593 1116 94.914567 73.088936 
3 1377 1508 2361 -22.048566 -86.761671 10.937621 
2 559 1928 18.215734 -5.282190 
5 103 297 965 1578 2214 -92.087939 -31.363511 5.666203 -96.763428 41.153842 
2 597 1095 23.709686 48.656403 
4 170 345 1539 2334 78.638074 -13.219945 2.934863 -22.106412 
2 1996 2136 88.389583 82.380333 
1 1275 90.154723 
3 965 2216 2560 -27.898110 52.132284 48.209415 
5 87 371 1186 2067 2667 -68.062887 -47.013559 -16.482940 56.363787 -18.245099 
7 56 104 874 886 1143 1364 2304 -2.019394 57.585127 6.274827 37.969097 -27.084522 17.108083 -67.965103 
4 1188 1616 2000 2876 31.521700 83.971458 -67.351773 14.266083 
1 287 -7.098328 
2 1288 2779 8.053484 64.062535 
2 610 630 -44.216264 -35.191343 
2 401 2601 10.573330 -82.534281 
6 42 1124 1191 1657 1927 2837 -70.553419 68.907695 -83.521445 39.667717 -67.036291 65.470958 
0 
4 443 837 1852 1898 -69.703687 31.008478 -50.480138 39.382209 
1 2339 31.792498 
1 1931 78.702406 
5 746 1246 1472 1603 1826 -27.035662 78.373005 96.310809 36.051881 94.909145 
6 404 529 916 983 1090 2088 17.798689 42.473334 -74.183937 -26.501279 36.430224 -81.066810 
4 142 153 1654 2027 72.449844 -77.637045 46.216301 5.021212 
3 285 1820 2717 -0.777782 -20.885454 49.295483 
2 1034 2723 40.392022 85.744415 
4 1520 1595 1785 1954 26.764976 -38.379671 75.308883 -96.253219 
0 
4 1163 1329 1703 2513 -77.739632 -60.398222 -26.195388 80.263794 
2 2516 2535 8.404880 37.283690 
5 44 105 1496 2167 2803 5.778277 -68.030099 60.639270 -80.310068 -92.538156 
6 787 1419 1734 1881 1970 2214 -8.395560 80.219547 -34.307410 -86.335611 38.637854 -77.178353 
8 143 429 621 809 1222 1384 2267 2938 -22.853217 -86.478778 98.195128 64.179705 0.609647 -55.430368 -33.670100 -37.378368 
5 49 1242 1271 1361 1893 -2.053179 -86.867139 -77.318617 59.942512 -69.051823 
4 652 1192 1658 1692 -2.266616 -41.434081 94.170059 69.507528 
2 815 2468 64.179206 -60.637487 
4 452 491 1257 2872 91.852714 -81.666936 -45.249596 -96.280349 
3 384 913 1821 -87.698941 -63.247595 -99.625000 
4 457 773 1276 1954 -24.665071 -56.553343 -7.533082 -84.933192 
4 285 538 829 1305 -46.001048 83.802164 -69.575450 -0.993578 
2 1777 1841 7.060831 93.400989 
10 689 731 898 1257 1520 2028 2181 2424 2791 2855 -29.155407 85.438475 -18.520740 -53.813593 25.823465 30.350350 44.622799 77.437915 -75.080423 -98.334477 
2 1350 1779 -45.415216 6.763458 
0 
2 294 2948 81.783038 0.050314 
4 664 958 2560 2763 43.940562 -4.247530 25.295127 -88.453586 
1 894 -51.097788 
1 2804 -1.929272 
2 68 1398 51.971234 -7.132115 
1 2332 -74.134770 
2 1456 2064 -27.590468 66.341564 
4 2 941 1468 2088 3.877939 97.389938 -33.749755 97.435080 
2 2304 2558 -9.555156 85.173231 
2 218 370 58.265231 28.742860 
3 350 2083 2229 -17.312686 98.989071 9.933825 
9 43 536 956 1009 1468 1653 2219 2617 2797 -40.373216 -11.604084 32.116101 3.267188 39.912856 22.674864 -63.496431 -4.577089 8.334914 
3 1206 2108 2669 -62.651384 11.928850 38.789302 
3 1745 1751 2473 -39.566000 -77.103683 -50.251176 
6 249 1402 1460 2403 2460 2926 53.603297 91.700808 -13.376785 -60.209503 83.165394 73.149014 
6 859 1294 1658 1838 2128 2733 23.273758 43.073183 -28.866785 -94.470558 79.960701 24.607136 
1 229 -2.404418 
4 465 961 2313 2673 3.841067 -52.416437 -6.055457 -80.465769 
2 84 733 -45.599239 -89.440691 
3 565 1373 2497 -50.841818 11.990162 -61.190532 
9 132 219 241 465 1193 1784 1813 1829 2811 58.674360 -21.053131 97.498361 4.929828 93.735490 97.470530 50.943457 67.878990 93.623655 
2 1087 1209 19.234751 33.574217 
2 1452 2389 15.544938 -15.731166 
4 372 426 1435 1569 12.696442 -48.860034 50.670416 95.806257 
2 140 2284 -42.745793 87.733675 
2 28 542 17.926562 -4.430030 
2 1084 1330 91.541964 -52.198763 
4 124 801 1701 1998 66.245077 30.960208 -25.855797 -26.438668 
3 389 909 1353 -61.238272 93.371807 -75.362300 
3 541 1761 2032 -1.430955 -72.753690 -67.851392 
3 263 2287 2814 71.832930 -55.285755 42.205863 
1 1668 86.107004 
3 706 1599 2544 -71.409395 44.845444 42.820046 
3 211 1882 2009 -21.798120 63.293776 -74.386796 
3 978 1683 2635 9.753521 -88.985768 -83.417705 
3 1288 1724 2963 -98.058965 47.856157 18.862435 
3 1651 1722 2074 -86.812606 53.455632 36.581794 
1 745 14.660165 
3 1402 2042 2264 -50.083829 67.940218 -42.054594 
2 2423 2437 57.432257 72.893736 
1 156 -94.691392 
2 2022 2683 -11.936039 63.586964 
2 72 2328 12.703535 -75.481294 
3 1187 1545 1713 -17.187930 96.888194 -29.596994 
3 2143 2150 2174 18.566603 -57.621903 47.305375 
1 2263 3.319353 
7 620 1037 1350 1752 2441 2511 2589 0.900875 74.820255 -79.278194 -82.273592 40.237997 -86.591669 -92.707407 
1 1662 -56.067651 
4 1013 1437 2270 2911 -13.106567 -89.765278 44.265198 66.250084 
2 248 2966 -47.764305 18.275923 
2 2062 2762 51.758083 89.461467 
4 63 83 453 817 31.819350 -55.313437 -97.469004 -98.860326 
3 302 1283 2762 -57.083192 -23.877778 -47.605691 
2 1484 1879 -58.135038 71.408048 
4 35 194 1310 1861 -49.668978 -82.902637 39.693839 99.176237 
2 295 640 -13.435193 77.560194 
1 2552 83.579538 
1 1603 6.575562 
1 1560 -34.532803 
1 950 -27.464677 
4 1944 1979 1996 2709 55.256569 47.909741 -74.977762 -48.859083 
3 375 780 2072 -15.543244 92.434313 -33.918389 
1 1822 -25.070026 
1 1595 15.756984 
0 
2 135 820 91.359018 76.428777 
7 83 203 311 649 2690 2824 2883 37.733019 46.423408 64.389111 -94.746122 81.432314 81.327338 14.985018 
2 1027 2033 -36.313053 -43.209411 
0 
5 788 967 1016 1688 2057 10.909212 -71.662433 75.275542 -85.738123 -41.518770 
2 580 1910 96.340892 16.233009 
2 884 2589 40.592825 -95.133389 
4 1220 2216 2735 2963 -70.084309 41.892867 -37.744677 -68.465416 
6 484 626 1110 1345 1900 2117 83.461323 3.756495 -74.289686 -69.605584 -3.332721 34.444166 
2 314 2859 -88.300717 -77.604327 
3 1622 1719 2759 10.447841 -49.741239 -71.410608 
2 1418 1428 14.565091 99.759252 
3 607 1289 1637 -66.282427 -98.626485 -93.925544 
4 130 1846 1937 2096 -92.646539 46.962534 11.230200 -46.700694 
2 675 2425 70.565214 -13.307878 
1 368 -31.270128 
3 2090 2300 2601 -95.785094 77.065869 3.035859 
2 2221 2693 -12.142291 24.336024 
4 228 299 451 712 -43.928897 -45.152888 -14.579924 -29.646185 
2 2486 2623 99.575345 69.174119 
2 781 2718 -90.677669 -52.990022 
1 1155 -91.042609 
0 
3 555 785 2046 -85.009663 -25.095360 11.043936 
1 618 -55.052481 
3 1545 1797 2264 77.140734 45.491104 -58.884134 
2 2017 2933 10.414664 -56.996954 
0 
2 778 1052 -63.534958 -14.759446 
1 705 -79.798702 
4 619 1282 1759 2080 -47.438835 -10.939067 -40.902904 -81.861727 
0 
2 677 2874 -47.475745 30.168346 
2 327 1209 20.240660 71.010795 
4 525 1422 2339 2476 -63.032287 84.993671 80.396190 -66.714769 
2 2063 2331 -85.912575 -25.623319 
7 106 423 517 1274 1556 2295 2569 91.628106 -93.659039 52.821395 29.957740 -16.862719 -9.032356 19.737501 
2 720 2527 -22.157755 -74.353181 
2 1868 2895 28.008857 79.454386 
3 1412 2218 2748 -6.617054 13.528016 82.199897 
2 958 2809 95.297797 -37.965232 
2 2244 2343 44.970512 77.756654 
3 1077 1784 2212 14.098543 -0.801099 95.524124 
4 43 62 517 1420 -33.379434 44.902804 -76.238575 -54.142754 
4 320 1086 1265 2333 97.123494 92.262834 38.138007 -7.259294 
5 434 875 1467 1654 2618 -54.561965 -19.245880 -33.090141 0.055971 65.830981 
1 1792 -37.473146 
2 90 129 68.810999 -93.473031 
6 972 1153 1453 1489 2085 2522 -69.047859 -18.902448 -80.116524 94.141560 -4.486168 -71.093255 
3 505 1264 2794 87.999194 -42.304888 -50.266694 
2 163 293 -84.751346 -5.940372 
1 1022 -48.523519 
1 1810 -1.682704 
3 1383 2683 2991 -22.462446 -44.998480 10.348923 
4 163 326 375 1208 -71.881793 -6.781872 18.643640 -52.859979 
5 64 114 632 1152 2745 68.552758 79.776437 60.399003 -22.839177 -93.956318 
4 470 986 2454 2914 -43.556581 51.197146 57.686991 -7.879322 
1 1008 48.685490 
7 406 737 1628 1814 2114 2447 2926 34.035626 -89.067791 -36.534779 -92.511336 67.317939 -82.411922 -18.990741 
3 886 1769 2928 -34.272621 -92.286272 -13.653587 
2 369 812 -14.370299 24.626924 
5 46 632 846 1797 1969 -50.882431 -63.076898 84.226963 -93.969001 -74.705903 
1 2422 -8.824692 
2 1225 2828 89.373896 3.517251 
6 166 977 1109 1352 1978 2546 -19.080281 -34.883670 48.139252 -4.755796 50.145163 23.195788 
5 247 573 876 1178 1225 37.738380 10.993655 4.853664 55.069705 3.996606 
4 75 172 309 2899 57.236646 -24.216147 -33.495912 50.389539 
1 2978 -80.799897 
3 1142 1812 2503 48.441051 76.282837 23.306507 
1 2631 38.911499 
4 1516 1759 2498 2695 -51.119146 -85.777399 -69.187274 -85.303756 
3 1236 1533 2920 -43.808430 -32.982443 -48.058653 
4 202 965 1835 1989 91.349518 -86.531985 60.861111 1.957018 
2 166 2616 -23.886611 5.024563 
3 358 1309 2309 -11.016396 -24.381712 -11.516451 
2 1597 2657 51.596995 -10.085471 
4 1065 1791 2407 2517 90.635705 55.429362 -87.295266 4.820760 
4 36 116 242 917 27.662932 5.657449 -47.742369 96.567002 
4 241 560 816 1970 13.950964 -87.095290 23.769388 -77.037295 
3 338 1587 2432 -66.763969 -68.265098 44.225584 
3 980 1189 1623 90.782913 -83.473670 41.754533 
1 2841 -47.174654 
1 1466 -20.536920 
1 2029 -91.099758 
3 2122 2414 2821 10.123585 -79.373225 -88.798813 
3 689 949 1729 2.959107 62.619367 -24.861188 
3 828 1302 1356 -79.111606 -56.281027 -94.575487 
4 1471 1809 2365 2752 -79.829545 40.175583 -17.661088 -57.771326 
2 1357 1886 88.696447 26.655040 
3 2116 2561 2567 -72.607675 69.330395 -71.976316 
2 1481 1956 -14.985954 -53.565591 
3 451 1430 2229 -89.173417 16.530618 -12.895229 
2 105 1735 -95.939695 -94.706047 
2 268 1784 13.896078 -88.405670 
5 553 781 1722 1816 2400 -45.664028 1.440737 84.716576 -8.736204 -15.233375 
2 1047 2418 -17.392955 -4.910766 
4 126 1863 2187 2951 59.717679 65.222708 28.284791 28.979199 
1 38 -52.643399 
5 229 1489 1674 2103 2805 -33.595388 56.573980 -36.290608 18.164065 69.579915 
1 276 -82.322492 
1 856 6.522523 
2 1389 2490 -89.404846 50.774014 
3 1397 1925 2402 -94.351288 40.475881 13.171670 
3 1298 1710 2003 76.019317 -14.902324 -29.388454 
4 208 635 1584 1723 67.982319 59.312527 94.320004 -66.682205 
2 1574 2149 59.432883 96.889686 
3 128 2205 2281 68.714255 -57.341400 63.258239 
1 2466 76.840805 
6 496 967 1011 1225 2194 2344 9.125818 -71.460518 41.196722 3.627420 60.198164 43.307672 
7 402 1340 1524 1798 2005 2176 2445 -22.707557 -81.030061 -58.080934 28.117792 95.227087 -74.527963 64.313372 
2 996 1056 58.656788 35.494434 
5 682 1741 1875 2021 2592 -55.314994 -76.784463 -96.057364 -6.415839 91.793287 
3 914 1068 1321 58.696076 30.890488 -10.625528 
2 641 1182 -81.475996 29.847684 
2 360 1318 17.159694 -21.613814 
3 705 1783 1912 23.025658 -75.351750 1.087634 
2 2188 2642 -17.760906 -11.881696 
4 54 105 1261 1590 -79.110587 46.725607 -50.195427 -29.910063 
3 1245 1722 2872 2.543281 73.826544 -69.034906 
5 617 638 1225 1481 1924 50.539638 67.527323 -39.416599 65.959311 -69.846945 
2 119 2392 23.957637 92.503283 
2 669 2244 -85.052066 -78.044712 
9 122 219 253 1300 1942 2282 2514 2660 2753 -30.597069 83.878393 -77.804529 17.085163 71.099432 -20.380525 54.276611 35.417000 35.784901 
4 427 936 1799 2999 68.064474 90.520054 -89.068398 -66.062376 
4 7 126 1466 1468 11.447499 -88.318117 -10.918000 36.459907 
8 613 1043 1668 1768 1856 1930 2661 2932 98.379955 93.064864 -26.215573 -81.430452 60.907005 93.407183 -78.171902 -26.099894 
3 554 1173 2364 94.878253 -84.899820 69.247297 
3 1208 2599 2606 11.087574 59.793433 -99.977517 
5 380 551 1593 1729 2313 -81.897330 -26.279201 -54.616518 39.350571 -74.466692 
4 62 1429 2740 2881 -82.695957 32.653333 -89.249913 -2.308814 
2 611 1959 -82.385383 -39.564212 
2 1115 2180 13.576775 32.133829 
4 395 1095 1475 2357 -89.279197 32.852513 -39.020389 -86.746084 
3 1101 1349 2135 -95.834473 -9.286204 -33.983637 
5 345 632 726 732 1754 71.302110 79.894566 -70.126266 -82.108433 71.349118 
5 363 636 1252 2524 2920 67.425148 -8.646152 18.286580 50.742645 3.106875 
0 
4 1493 1902 2704 2866 99.039091 -21.652453 7.245303 -95.043627 
2 146 2543 -4.790115 40.573293 
6 25 2016 2053 2159 2494 2512 41.794204 10.902609 -7.732395 -58.541637 -1.563978 57.139280 
3 129 271 454 35.804843 -38.155984 -16.380474 
2 1510 2226 51.273119 -46.834178 
3 606 2183 2386 -86.889724 -92.969693 85.864073 
4 61 261 731 2900 25.275006 -87.297980 71.909374 -21.256966 
4 1447 1577 1731 2602 1.880216 39.484153 11.418502 67.417043 
7 608 1106 1145 1315 1620 2316 2447 -21.329958 -29.875510 -8.175421 36.741885 23.552580 -46.543207 -89.151811 
2 1700 2374 87.046083 -22.329978 
2 1062 1770 -93.370802 30.677230 
3 1684 2619 2909 -56.851555 -7.568621 46.090407 
3 563 1005 1025 -71.021643 40.262440 16.606498 
4 100 730 1247 1963 89.679912 -76.651769 -11.026787 -21.189631 
6 321 1395 1698 2093 2120 2901 53.381553 -31.382087 76.030500 52.213920 -11.466053 42.828877 
5 705 710 847 1386 2907 -46.363500 -8.189293 -13.212722 -39.969664 8.040336 
2 1347 1531 20.915094 4.433919 
7 220 682 1127 1283 1571 1909 2652 36.325716 47.658744 -31.904426 14.796610 -96.007907 63.572603 95.179573 
4 134 273 620 2809 -12.881989 46.547820 37.907944 -58.090294 
3 527 733 2979 -28.257258 -34.051705 -79.448031 
4 182 263 1054 2886 -69.912617 -88.826291 -91.826484 -52.753621 
2 1599 2131 -75.284804 77.320931 
2 14 2825 -19.869523 -91.038101 
2 492 2275 -27.622933 -27.591545 
4 354 807 1053 2243 -82.242812 -61.076961 73.133315 -52.645535 
3 882 1628 1802 -5.357353 2.518557 -4.327568 
2 1462 1515 24.126065 61.085132 
4 855 1480 2343 2843 -30.596992 92.036520 -57.985026 -39.117833 
3 345 2322 2467 37.158481 13.881504 20.418294 
3 1698 1876 2426 -37.070813 -84.078237 -81.622344 
6 1234 2203 2219 2718 2744 2849 -33.275535 36.306362 30.052299 -64.184974 -26.084314 -13.220223 
3 280 1306 1988 11.033283 -37.750984 -38.704966 
5 833 869 1213 1568 2220 -34.960859 -25.367636 26.444224 -8.323623 -65.643799 
3 231 1626 1715 -63.651855 -49.903424 -77.619814 
2 1853 2708 56.857263 34.261627 
1 450 91.926270 
3 2756 2802 2974 -52.405694 -6.937549 -31.186021 
1 1191 -55.116895 
2 816 2701 32.687974 -78.206827 
6 579 604 778 885 1225 2961 0.989696 -15.311270 41.257427 -98.673710 61.382113 -74.459173 
1 949 -0.371740 
3 374 990 1975 -66.586358 73.112399 61.892688 
3 905 2150 2637 7.953398 79.399426 61.666359 
1 225 10.254203 
5 385 1201 1581 1643 2913 -45.862113 85.417872 91.604718 -24.222715 78.955495 
0 
6 2 329 1693 2417 2527 2769 -73.761411 -4.746658 7.083971 60.899810 45.994898 26.135482 
4 855 2457 2476 2914 -63.825954 94.299440 5.529428 -42.938826 
3 890 1257 1387 30.326238 55.613751 -21.592752 
4 165 800 2133 2318 56.374594 -9.348107 -91.553970 -25.324897 
4 286 631 1536 1538 -24.480885 -21.180969 -74.432111 70.347957 
2 699 2750 -15.219615 75.484139 
2 1991 2085 -71.466305 41.204800 
1 1588 80.473602 
2 1504 2132 -16.903202 -60.314510 
3 479 764 2208 38.414984 -91.824597 95.762905 
7 492 560 611 707 1216 1486 1965 -64.861008 -52.483703 30.201169 28.866906 -71.454744 -60.266491 -77.297555 
4 81 1466 1678 1679 -83.309480 -46.160899 -99.182250 92.969463 
4 74 1506 1814 2631 85.625158 -23.934395 -37.846577 26.477233 
4 1253 1903 2301 2968 -2.135376 36.169398 -3.936832 -57.033462 
4 71 201 761 2613 -22.245129 -19.722872 20.203314 -57.606198 
2 663 815 4.604393 5.568661 
5 1268 1742 1779 2562 2672 11.784735 90.436169 91.709259 -5.118040 -51.825552 
7 263 758 856 1221 1813 2629 2838 25.694729 -8.961659 7.272992 -9.037088 -70.972761 38.858551 87.538473 
1 2426 41.347120 
4 1080 1679 1851 2135 58.290784 -81.931492 -9.328233 -53.225784 
3 1262 2751 2763 20.762779 -12.200880 -51.943132 
4 377 1155 1474 1560 48.807214 6.909702 36.945901 -59.321430 
5 266 807 1778 2431 2925 -24.596365 -45.834480 63.013267 -8.613963 44.743726 
5 34 83 327 1306 1613 84.193990 73.828669 91.037742 99.990091 -45.450597 
4 1419 1749 2772 2775 -30.196991 93.641830 -9.618455 -8.365011 
6 313 807 920 928 2067 2854 -19.413024 51.214203 -84.278085 16.948011 2.314977 -29.233023 
2 854 1084 -72.027159 -59.400412 
5 600 1185 1461 2122 2900 91.113868 -98.226182 -90.039227 21.131169 91.257455 
3 1781 1931 2459 53.171755 -24.336028 69.497852 
3 16 1133 2046 -15.126583 7.702150 83.874982 
2 1180 2750 -78.413415 -89.787234 
4 306 1487 1758 2340 -27.648189 86.963150 13.391826 -72.666633 
1 2716 -85.998375 
1 910 -78.425715 
3 345 830 2865 -50.317675 -51.133306 25.787695 
2 2020 2407 -77.641962 -94.779729 
5 416 798 2071 2208 2869 15.696378 23.193691 2.900481 -33.061095 86.233485 
3 991 1289 1836 -68.236510 0.044950 42.652922 
1 1058 54.595910 
3 1829 1943 2237 8.392818 96.226307 26.588077 
1 2926 33.788758 
1 994 29.973307 
3 2522 2632 2860 -76.292156 -93.237358 77.231928 
2 1764 2830 -7.728634 -30.532715 
1 315 81.862898 
1 1554 -26.070643 
4 90 290 484 1991 80.243161 -13.705450 79.953320 -23.952111 
1 1242 86.269077 
0 
2 612 1656 98.820734 39.286925 
5 252 566 806 1261 2796 -50.828900 -80.490625 -17.961876 -69.448515 -11.157738 
5 46 556 1000 1975 2695 -8.302353 -62.559379 72.011583 77.009912 29.402239 
6 1472 1558 1769 2439 2587 2828 -70.558115 -13.046941 87.685082 49.144839 -71.158722 43.671681 
2 2688 2728 -28.056487 67.956450 
2 1280 1381 -95.086242 57.924632 
2 537 808 -92.789352 -79.596401 
2 1351 2880 -79.563475 -67.496196 
1 2473 -16.470419 
2 113 2751 93.661885 68.978036 
0 
5 855 1103 1454 2008 2119 -17.610768 -3.101219 -44.695978 -53.049441 71.342604 
2 22 1773 -19.202217 -59.109043 
2 426 705 -81.828811 -20.037152 
0 
6 595 901 1574 1607 2411 2922 -10.314660 -54.519476 -87.750503 -81.997723 -34.296630 -39.080049 
3 1139 1483 1630 55.240500 -97.229722 74.003168 
6 764 950 1243 1274 1719 2721 26.953748 33.357105 57.124975 -65.452249 0.441725 -4.113568 
4 265 325 1684 2238 26.997091 43.583585 -33.658710 89.605039 
1 301 53.660967 
2 2806 2984 56.661974 20.954009 
3 481 1856 2660 44.805091 -71.066536 38.128599 
6 141 634 1009 2536 2702 2750 55.930573 95.587013 84.249244 8.304500 -40.613043 94.179098 
1 1105 -4.927616 
2 1125 2985 -87.938898 81.967224 
4 1182 1797 2663 2867 29.375948 44.188600 52.843453 -1.224793 
3 129 1340 2182 -52.479767 -16.023699 98.649827 
5 32 214 322 999 1507 -19.492704 -81.108772 -34.853973 25.073674 -66.311017 
3 604 842 2292 77.584242 -3.467027 15.686429 
1 2413 33.979151 
1 525 17.061009 
5 275 1801 2064 2487 2491 5.819477 94.539757 29.963376 -94.746953 -43.872505 
2 604 829 53.940862 -31.423502 
1 2347 79.639440 
3 519 1707 2784 61.175304 0.866698 71.867367 
0 
3 1199 1621 2887 -91.127886 74.955815 -32.442650 
1 2020 11.230406 
3 272 944 1190 29.489771 -63.659860 -69.862917 
0 
3 291 1352 1473 -24.716716 17.968167 -51.272513 
2 695 746 -29.907652 4.257702 
2 396 920 54.707663 94.342237 
4 489 1603 2093 2558 57.751266 40.368546 83.046978 38.701614 
3 601 1147 2913 0.543710 -64.434606 -33.176275 
2 185 2367 -92.931599 52.538066 
5 145 239 242 294 1990 -29.536581 16.193888 69.161516 66.620410 -42.717132 
0 
3 428 1916 2249 39.933756 73.991531 15.488448 
1 60 -14.859082 
4 4 792 872 1178 14.905942 -88.370895 69.164711 59.238371 
3 47 1378 2475 27.113351 68.738232 23.962924 
4 478 506 1601 2208 -83.183245 -48.394200 -92.736795 -61.721177 
4 76 103 2165 2724 86.634437 18.461522 69.316931 76.304191 
4 1032 1298 2034 2704 51.612894 -69.640284 65.940667 -96.938466 
6 122 435 810 1682 1904 2991 7.674037 -73.526709 -25.795452 -15.759560 -61.032566 -44.818770 
4 1039 2060 2063 2539 67.988308 -84.539756 -80.595729 7.602899 
6 248 569 943 2370 2530 2680 4.369672 37.388144 59.372287 93.092086 13.495754 -5.134666 
5 624 1295 1585 2002 2267 -81.465635 -79.445786 15.957509 87.181387 -88.829768 
4 2288 2569 2768 2963 -90.458484 78.796053 40.359235 -86.412806 
5 620 898 1961 2214 2268 22.147003 54.096078 -71.295591 51.492508 90.299884 
5 182 474 1212 2196 2948 -64.223464 29.002142 -73.436428 16.036942 7.116873 
4 490 1085 1130 2662 -73.723052 -4.963818 16.492450 -19.371569 
4 349 1863 2313 2627 -94.231561 86.564323 78.583336 71.990560 
2 335 846 54.422826 -65.133767 
6 271 802 1047 1362 1630 2663 55.221437 64.845562 -35.934584 93.675743 -0.625595 -72.784573 
3 405 1226 2306 -55.115101 -91.693433 -35.824234 
1 2583 26.153593 
1 2167 3.553116 
1 2751 -85.446985 
2 465 1797 32.925367 35.625997 
3 80 771 1843 91.568459 -44.899253 -68.471235 
2 2081 2355 -34.362920 -37.064716 
4 211 1111 1806 2072 -12.948652 -60.757266 6.276208 -40.242053 
3 521 990 2322 -92.099989 -91.787219 -95.878978 
2 66 2373 37.447149 -82.814263 
3 1253 1912 2253 71.398653 -23.573884 80.212813 
3 1181 2236 2255 -18.216510 48.610955 85.561903 
5 130 296 603 794 1652 -60.692742 -44.517804 57.386717 7.570039 27.981285 
4 129 2056 2299 2828 -27.629234 -47.579206 38.569893 24.388785 
3 798 868 1356 -19.245086 68.321522 1.241828 
3 230 986 2537 41.976457 6.471324 -27.004140 
5 645 1299 1748 2194 2775 60.774827 -33.293997 -31.230725 -33.835161 -93.507301 
3 224 682 2168 -98.076685 85.213944 3.365006 
0 
6 79 483 1641 2133 2381 2558 50.332472 44.124253 7.733913 -62.463574 -5.188907 15.068678 
4 896 1571 2667 2950 -23.459593 -48.092150 41.645540 74.072204 
3 151 1428 2986 -29.094107 81.060143 -66.179481 
3 885 1141 2172 -61.209755 8.948647 -0.315746 
3 263 546 741 -45.232977 32.062501 48.722994 
3 36 51 2078 90.781139 78.401214 -36.880233 
4 177 237 1741 1792 47.286836 60.991575 6.346987 -79.580262 
6 280 664 1069 2072 2617 2641 -68.346053 -73.463338 -39.410368 98.768718 -78.955389 73.966355 
2 1336 1438 -71.864431 -94.065245 
2 220 2154 -28.706954 9.859061 
2 1649 2531 37.243127 -54.910870 
7 275 690 803 1713 1734 2261 2352 56.317572 -11.494947 28.815225 -71.683292 -41.487276 -2.422350 -38.528865 
1 316 -39.119879 
4 289 2243 2721 2769 -20.332712 64.088919 99.858936 90.976499 
1 546 73.919134 
4 468 559 572 2034 -10.209239 84.520402 -78.461590 27.116469 
3 924 1093 2334 -55.049311 -4.882454 69.487545 
3 199 299 2365 26.967883 -85.728023 96.429335 
4 570 646 903 2533 -77.975229 85.189457 71.556079 -65.520789 
4 518 1895 2759 2910 -48.725154 -77.182214 76.574716 -7.057709 
3 196 330 603 -37.301358 -92.215732 9.330676 
4 452 1716 2377 2525 85.889555 -62.330588 -62.090484 60.664308 
5 1393 2306 2315 2527 2863 -40.623451 98.251286 -28.424946 50.100879 37.179711 
1 2704 29.714790 
4 654 1066 1078 1746 -65.564023 -64.296352 -61.463479 -5.769800 
1 791 3.418616 
1 392 -95.018296 
5 102 1253 1900 1942 2642 36.155173 -98.670964 -53.238668 -10.854223 -0.090865 
2 1366 2265 -83.214597 53.674400 
1 1942 31.576429 
0 
2 521 2069 81.584478 -38.630061 
2 1767 2925 51.828276 -68.757517 
4 634 1440 1716 2059 87.391410 -76.214271 -79.210796 -73.260260 
1 2707 31.639728 
2 1203 1762 -39.106867 -74.840373 
4 693 699 1496 1888 75.465203 -56.307603 -52.028801 -80.096970 
4 888 1923 1979 2613 51.096496 -9.750804 -45.916779 19.126412 
5 316 427 1205 1906 2175 93.188035 68.375862 -14.428726 -45.579231 89.154799 
4 299 657 1223 2705 19.995490 -7.525828 -96.383311 87.303622 
3 1613 1938 2591 -67.999505 27.779847 78.904839 
1 2161 58.470202 
5 287 1470 1841 2412 2881 12.560952 57.001818 75.155428 -21.911937 91.704842 
1 2225 50.799924 
4 799 1661 1690 1695 -31.959313 -82.717137 94.301535 -85.708700 
5 1370 2105 2275 2473 2721 -13.966538 77.122974 -45.602435 -93.432117 -48.983855 
5 271 307 486 1392 2529 -90.563882 78.046774 77.880396 -93.828881 -66.570704 
1 1635 72.091182 
2 1647 2845 -29.213443 83.927803 
3 282 964 1709 -32.040866 31.807237 -39.114214 
5 1934 2157 2169 2556 2982 -34.365011 -74.184150 55.636701 -38.144946 -27.574765 
1 1892 66.272341 
1 2221 -32.337291 
1 745 93.670938 
3 1691 1972 2445 -34.422521 -18.771739 -19.236421 
2 477 2571 75.781142 69.243486 
4 238 1184 1829 2636 -17.763666 -27.839864 -18.874460 79.509235 
2 2493 2720 -30.786252 -59.362426 
3 530 877 2016 -99.384766 -52.856043 -44.189980 
4 123 163 659 1745 -72.307506 96.010752 -98.788891 -9.812334 
5 44 989 1064 1673 2079 -91.180975 18.342094 -54.318549 69.949542 48.384471 
3 724 1664 2841 -88.094578 52.184039 -42.591097 
4 874 1694 1856 2101 -83.170902 -49.435807 32.114613 -81.657263 
3 2048 2170 2401 73.512798 3.573451 -28.634326 
9 227 240 274 1052 1296 1726 2624 2793 2918 85.541193 -73.626638 -78.051432 44.976206 -91.279806 38.012625 -58.678660 -20.284059 -50.463200 
1 2459 -7.694828 
2 124 2492 1.337421 -22.183778 
4 1352 1534 1710 1916 21.798513 -79.985637 7.004466 -62.331457 
4 178 787 1155 1732 -93.794474 -86.556842 -85.868219 -76.397777 
3 1362 1856 2169 -80.050211 -3.242876 34.555111 
2 51 435 -57.900544 35.728437 
2 1752 2728 -41.156988 11.768807 
1 1255 -74.792739 
3 1280 1395 2373 -36.368655 97.008500 -27.391431 
6 665 747 1130 1502 1922 2450 15.721876 8.815064 -61.056059 -48.116578 -97.868816 -17.191185 
4 150 881 1424 2521 -33.829075 -33.796492 59.718711 -16.210229 
3 717 1017 1323 -4.363536 -52.016039 30.467304 
2 437 1376 -58.584409 37.411130 
2 1950 2428 -68.823286 69.238803 
5 3 898 1478 1583 2854 72.378695 -19.194703 -70.241378 -27.142098 -27.449956 
1 546 78.950655 
6 254 526 757 1677 1793 2947 6.322811 -29.029615 -43.103805 -90.305361 -48.063089 82.642945 
2 1679 2389 -13.635136 65.822939 
2 525 1018 -90.150692 43.189390 
5 98 718 851 1073 2785 49.062423 25.827587 93.106969 -93.187673 -25.675833 
2 850 1194 38.017016 51.036265 
10 303 404 1063 1353 1468 1626 2038 2048 2049 2442 58.973990 39.416878 -8.143732 94.264665 48.318962 -18.618096 -46.322934 97.737604 -59.047590 -78.772439 
2 755 2037 -32.678449 10.579669 
2 2191 2616 -51.622626 -92.814029 
2 291 2724 -44.989966 24.256655 
1 2081 -63.920784 
1 1503 11.460547 
3 708 1037 1196 -0.334275 -64.848184 22.380144 
4 70 366 1715 2822 -13.795188 32.185300 91.798254 -7.995923 
4 1313 2438 2493 2553 31.365869 73.678014 84.631993 21.763646 
4 171 1525 1570 2037 81.085993 -17.842000 -65.334038 13.871480 
1 1242 -88.354854 
5 92 1025 1721 2636 2637 91.556306 -85.000916 31.112021 18.934693 -69.487213 
5 737 1575 1804 2724 2928 69.732054 -22.925656 78.877967 -4.875012 -47.357306 
3 250 748 2490 47.483643 -45.493698 47.031662 
4 511 1090 2790 2821 80.216647 -9.099709 -59.356273 28.839336 
0 
1 2725 68.871880 
2 1776 2467 -71.929150 42.466757 
3 527 1639 1658 69.238528 -13.753788 -76.772607 
2 1372 2470 37.758063 -47.362882 
2 766 2568 42.153133 -51.416436 
2 543 2744 -57.397682 74.674614 
4 2557 2584 2950 2967 -67.941951 -75.560933 23.678557 -59.066306 
1 1413 -28.326422 
5 1128 1196 1331 1507 1814 -56.186487 40.686527 94.676554 34.962008 77.182640 
4 1112 1425 2163 2353 -57.853946 -26.055670 -97.420479 57.320685 
5 519 879 1331 1433 2317 35.741741 91.474227 66.729373 32.755461 -43.953442 
3 1925 2196 2432 73.637042 -82.131218 -34.933975 
2 1321 1687 93.018748 80.583199 
2 452 682 -59.318466 61.981570 
6 201 264 325 375 2448 2725 3.273777 83.112871 -14.082951 22.032718 42.180587 59.647302 
4 59 582 1526 1758 80.711409 -40.484489 65.931102 -56.128086 
3 795 2532 2668 -41.803756 49.443740 79.072311 
5 326 699 1675 2620 2791 78.365256 -67.772328 72.971163 -98.998597 -93.987315 
4 568 745 778 2973 5.533001 -40.873489 -70.341150 96.927583 
5 606 618 1486 1530 2124 -79.459314 -76.900822 2.780102 34.423163 77.800636 
3 313 398 1360 -97.734431 98.345837 69.582804 
0 
1 1044 -23.593272 
3 1725 2006 2875 -60.656472 97.674496 98.150339 
1 2931 -32.134643 
3 1424 2227 2530 98.275398 69.730756 -57.083194 
3 108 1044 2425 -66.516353 88.139089 -10.580825 
4 65 937 1606 2905 25.363595 73.906795 -17.803878 10.018747 
6 599 706 1089 1873 2158 2333 47.806231 -22.644747 -58.363798 73.660149 95.750993 26.500483 
3 48 2462 2516 61.160363 11.816261 -84.846077 
2 2183 2795 68.176284 30.869580 
2 475 2992 -25.805268 79.692354 
0 
3 2113 2239 2977 32.405172 5.036701 -71.195316 
2 264 2019 2.628238 -64.873525 
3 535 2722 2972 74.390729 -5.799719 62.613143 
4 872 1466 1717 2639 71.216313 13.312402 -26.030671 73.201588 
5 13 324 414 1293 2975 -54.198228 -49.415903 -25.255803 18.264416 -49.429144 
2 2541 2792 -3.821695 -95.705066 
5 228 984 1113 2729 2803 -43.224935 -67.430192 88.397411 -53.295969 -62.519505 
5 1 1746 2268 2394 2482 15.385054 -39.016891 28.193908 -26.969073 39.396606 
0 
6 33 331 607 1367 1642 2102 -66.551948 36.896674 31.741373 -25.796140 64.830552 85.375835 
1 2234 -6.400687 
4 31 2471 2688 2892 72.272224 87.114351 93.598428 -10.934197 
8 757 773 952 1371 1480 1554 1907 2793 -32.514612 81.802722 -34.052568 -22.598972 -15.126603 58.137097 26.533371 1.772748 
4 146 807 2002 2111 -81.311581 -66.882041 14.979695 51.460771 
1 1163 77.895543 
3 1071 1553 2711 -53.043527 67.688436 67.825487 
0 
3 721 1873 2545 -30.505531 20.674972 78.441796 
2 1282 2769 -7.566960 61.603316 
3 1112 1223 1408 3.130909 -25.525480 -67.656803 
6 687 1197 1334 1505 1733 2653 -97.893081 24.736723 27.367012 82.488350 -50.121078 -13.143931 
5 332 700 809 894 2246 -23.566650 -56.389417 34.506869 -84.354443 -56.607964 
2 1073 1279 70.028974 61.100721 
1 1334 -63.807265 
2 1683 2611 73.893908 75.995601 
5 233 503 693 990 1564 -41.308756 -15.895199 -78.844278 -23.174727 57.964631 
3 262 957 2340 55.721029 9.586080 63.944299 
3 810 1445 2870 20.441914 -66.418594 -16.500157 
2 1910 2662 24.149091 -50.916384 
4 1489 1822 1830 2813 66.940226 -24.049292 18.562647 63.583034 
5 468 861 2214 2289 2652 -49.679048 76.962301 68.309687 8.553855 33.903601 
0 
4 225 1592 1815 2464 -54.409687 75.008465 61.383956 30.022500 
6 137 1574 1662 1825 2353 2868 54.479795 95.897153 53.922197 -58.671195 87.790467 97.633961 
6 700 806 1072 1106 2468 2965 -5.798768 6.948668 -17.639357 -22.739652 37.607477 7.831184 
1 1152 -49.258129 
3 622 1055 2995 69.613485 -81.275487 -29.362286 
3 1188 1543 2269 -77.464458 17.761114 -70.441557 
2 756 853 -37.972005 89.370533 
3 581 664 1231 -8.005131 53.385057 -11.208271 
5 289 679 1114 1382 1519 -23.825620 15.326736 58.140721 15.596295 -11.641952 
2 21 2446 46.558954 64.012995 
4 341 1637 1848 2964 -35.120285 86.200551 84.668629 64.081994 
5 95 1964 2081 2586 2904 -85.992105 -26.933602 -8.485517 -21.540467 -4.916296 
2 707 2894 -33.912945 85.850288 
3 783 1868 2618 -33.793780 13.514247 -66.859328 
3 977 1091 2319 -48.630395 96.833184 -53.063832 
5 416 1355 1772 2229 2322 -88.984694 83.320503 -15.902124 97.650290 91.128548 
4 527 711 2035 2887 13.027404 -55.111742 -71.820402 46.880499 
3 1812 2345 2461 -18.168645 48.741426 -10.822897 
6 586 1254 1879 2215 2395 2608 -40.895213 -39.981345 1.539937 -68.857357 14.187528 51.197073 
1 2118 42.159295 
0 
4 360 511 1163 1445 76.585382 75.623936 53.031330 22.307376 
2 521 2086 38.583307 22.551443 
5 308 625 2126 2198 2638 -4.104688 79.893541 -11.921097 -83.910295 -13.675186 
2 740 1544 -93.437654 11.321090 
7 486 512 692 1339 1495 2283 2330 32.206890 61.076262 -86.346546 86.820100 8.091770 -2.361037 67.312145 
4 2454 2721 2736 2942 -6.906219 95.324339 95.877762 -59.716623 
2 117 1516 11.145726 -79.922320 
2 2077 2470 -69.249222 -61.175541 
2 2657 2840 45.566301 47.284937 
7 89 233 684 890 1098 1946 2694 86.928861 -68.105028 -29.203633 -67.355603 -95.751448 60.651467 -75.390054 
1 2829 3.747763 
1 642 36.355032 
2 1443 2683 18.019837 30.415144 
6 246 542 889 2072 2788 2873 95.682523 -25.406014 -24.079974 30.523891 82.332032 63.506082 
7 18 832 1026 1054 1961 2852 2957 3.429877 27.397201 15.025273 92.014046 31.291586 -58.824542 19.756075 
1 2927 -39.753824 
3 22 2061 2934 49.667481 -11.503816 35.856517 
5 123 1416 2123 2547 2587 30.762050 35.037001 -62.588516 -7.031119 -5.071024 
4 1859 2083 2342 2350 -67.924196 -96.427158 73.691914 -27.302548 
3 21 729 2785 41.065088 33.585097 -90.866540 
8 98 489 689 1182 1453 2128 2528 2557 -72.962875 -51.178117 -77.534961 -54.603157 96.842630 43.245021 28.256705 28.890681 
3 752 817 1855 -28.427731 -23.642023 36.069531 
3 69 2450 2566 46.758800 -30.298890 17.258290 
0 
2 1776 2524 62.632013 -71.091278 
3 145 237 2663 -20.651086 -91.960260 82.352497 
4 76 1977 2036 2042 26.928185 19.660212 -63.334703 -96.863144 
5 405 1521 1529 1671 1714 57.947481 62.670851 -53.840448 96.879112 -81.139001 
1 1950 -98.278891 
4 151 1067 2774 2803 97.185757 22.180554 -74.148176 20.399795 
2 2038 2148 49.710754 -47.562029 
3 504 622 2364 -54.083925 -33.482355 2.065814 
1 857 66.584900 
3 814 1315 1909 -95.133453 43.824657 -85.783006 
5 650 1415 1417 2084 2555 79.506520 62.931258 55.094728 92.664720 40.288792 
2 532 2511 55.833550 -70.048427 
3 39 680 895 17.603798 61.899127 95.456887 
1 1647 -19.512159 
4 174 2042 2666 2792 96.511912 -15.515008 -96.076984 14.660853 
1 2388 -24.119857 
3 124 324 2625 79.751265 15.587520 -56.392250 
1 2230 85.111878 
2 468 1350 40.933181 5.781661 
2 506 2045 -60.257598 -98.445052 
3 651 1434 2652 64.980492 -41.671827 -96.674716 
5 283 1086 2380 2593 2899 -91.659558 -77.789327 23.851355 -97.204567 -64.867621 
3 862 1864 2817 -78.505846 -70.485431 23.838560 
2 1498 1743 -63.273333 49.891808 
5 408 1141 1389 2079 2963 -4.585699 -28.599041 -79.330043 -63.278124 -33.504630 
4 352 1541 2228 2821 -73.731963 14.813679 15.300017 55.376711 
2 2480 2518 94.207191 69.231590 
3 1599 2419 2635 -54.824944 -74.996529 -39.648388 
6 233 286 1449 1536 2151 2671 -76.061002 -45.722651 96.924372 96.660018 71.531994 50.971568 
3 1094 1511 1598 98.909964 13.853053 -8.268324 
1 1816 -46.172060 
3 57 665 2913 -76.907564 -35.802985 67.626598 
2 898 1378 10.536945 -36.248604 
5 102 1318 1523 1664 1956 20.336542 69.786513 -81.915200 10.354858 51.500310 
5 44 1464 2329 2608 2988 -1.187153 -77.907585 86.432608 29.139002 15.079029 
2 1528 1839 -7.701982 -98.523016 
5 147 377 1177 1497 2479 19.289343 -27.720398 -11.888051 -33.618289 37.050284 
3 203 372 2469 88.361825 72.899602 71.572138 
3 1699 2375 2974 62.017617 -48.627833 -45.972767 
2 167 1753 56.915553 26.447076 
8 181 822 1018 1148 1297 2343 2616 2827 -33.826113 57.401371 65.966562 -7.001999 -33.283155 -10.057055 24.333886 23.915779 
1 2769 64.552878 
1 657 47.305769 
1 636 -61.117265 
2 1166 2514 -96.591083 -32.582861 
3 393 440 2387 -72.240957 91.839552 88.533958 
2 1252 2398 24.390810 53.220627 
1 2206 -24.038835 
4 1054 2052 2445 2765 18.429602 89.815390 -90.468486 56.369003 
5 199 368 1035 1159 2136 -0.022986 -26.882339 -69.637370 43.046923 4.514930 
1 789 -58.459352 
2 958 2549 -2.074995 95.436508 
4 794 1079 1900 2498 -14.862991 -14.654856 -85.519187 -3.781442 
1 1709 -9.408464 
1 107 50.960470 
2 249 2324 6.228716 60.447955 
5 1404 1525 1724 2599 2952 86.022280 -88.151366 -84.352743 54.320318 95.415706 
7 290 1143 1481 1699 1893 2104 2786 35.616776 92.020577 61.757890 88.691878 16.185404 -79.982265 33.581605 
1 918 -70.951659 
7 373 616 1417 1574 1765 2526 2745 90.891256 27.526470 39.167728 -29.285896 3.419130 30.556522 -36.605311 
1 2118 -3.351289 
3 412 601 642 25.765991 -9.666681 87.839066 
2 665 1855 -81.937929 -26.637849 
4 401 1719 2173 2519 -34.849850 -29.696363 97.442985 -93.435712 
5 246 523 1566 2420 2886 67.775186 80.022063 -42.314480 72.339017 -96.347072 
1 2407 -79.455394 
2 723 1348 -44.741213 23.434353 
5 414 1315 1440 2601 2928 22.717933 29.461860 24.836294 1.089241 -59.251430 
3 782 2874 2992 96.588750 -96.691849 13.969257 
3 709 1476 2997 -13.045204 24.457186 -95.851131 
4 495 764 1202 1438 23.922689 95.567762 -11.520378 80.994824 
2 873 1663 7.873276 33.915385 
5 537 1268 1523 2342 2571 9.264453 69.580700 -11.431170 94.567325 30.530491 
4 1017 1769 1814 2419 62.694122 -69.174736 -82.299000 82.065203 
2 671 2047 77.441483 -83.338130 
4 935 1405 1920 2460 -84.182685 64.182932 -6.544359 62.257393 
2 2060 2917 68.992191 -81.578407 
4 298 1678 1798 2901 -36.783866 -0.027479 4.479018 10.637895 
6 416 671 1216 1358 2106 2622 67.881568 -87.456405 -0.947232 -90.680701 79.365195 4.689742 
0 
3 658 918 2726 -84.500533 -71.247792 -90.137182 
7 163 292 1263 1372 1650 2232 2608 -32.678129 -85.324525 -41.637478 -6.057167 -97.035103 33.127088 14.602363 
0 
3 1484 1981 2008 96.097536 26.414289 -54.334776 
3 1183 1857 2348 -39.824482 -44.185428 90.853750 
3 1009 1313 1374 -82.173491 35.064022 96.875436 
2 920 2982 -29.266320 6.741839 
5 488 1274 1302 2421 2566 21.694026 -8.055699 12.385643 98.057469 -40.301092 
6 342 1121 1818 2728 2729 2983 23.569500 57.531259 53.753472 -77.348641 -0.453525 71.613422 
2 401 2907 -26.159482 -86.638702 
2 668 2587 57.626505 -66.851888 
1 2848 84.674703 
3 27 404 999 5.841947 -84.570042 13.901931 
0 
4 565 1621 2657 2958 -68.407943 -7.370033 31.725941 -97.717074 
0 
3 805 1330 1631 4.487400 -41.206967 -0.343227 
4 841 1805 2075 2605 -15.705167 -20.001661 -96.075815 -15.894157 
3 1230 1455 2320 26.197484 -16.149838 14.188581 
4 40 1204 2087 2523 -84.629864 -61.563435 87.285384 97.292334 
6 712 1107 1359 2563 2827 2864 -74.862612 76.405924 -1.250560 87.552045 -97.882205 12.818087 
3 912 2901 2958 64.499514 -74.575329 -30.054806 
3 938 1208 1682 -75.089839 -98.862867 -89.634078 
1 2673 40.100008 
1 1256 -97.348827 
1 2209 73.001834 
6 1333 1367 2128 2276 2529 2977 6.341128 73.521372 -59.421679 40.637505 40.730495 80.850804 
3 1715 1951 2587 48.809897 -69.070841 -35.110941 
2 1881 2980 -99.233683 88.218631 
1 233 -89.420421 
2 502 655 52.952149 -56.488412 
5 159 809 1421 1835 2510 15.117688 -8.084173 -70.246406 86.203045 -12.336595 
4 1053 1351 1822 2521 4.310247 26.296210 -70.132326 29.132113 
3 196 702 1495 -20.466781 13.591769 36.489636 
3 462 955 2990 9.294876 67.685755 49.907186 
3 849 996 1376 8.379002 62.269600 79.873186 
5 317 1120 1422 1497 2268 65.176704 50.139283 80.377676 97.739177 -79.006703 
3 95 1613 2032 -71.548292 29.358830 -24.617060 
2 1179 2793 -5.809972 41.873091 
7 165 263 928 1453 1519 2091 2934 23.958204 -0.093186 94.616899 67.871940 40.707870 8.171662 -37.254735 
6 609 1183 1198 1876 1926 2508 -48.055691 -58.615371 33.060970 -93.681817 89.148640 -15.352788 
5 621 839 2058 2656 2758 70.525717 -66.884699 -11.127136 56.337716 -19.890677 
3 1434 1955 2902 18.810948 -38.639882 -41.272711 
2 540 1019 97.563689 19.044486 
1 1588 46.447393 
4 728 864 1723 2503 -69.554331 29.207928 93.609728 -19.147608 
4 1180 2124 2289 2467 -40.552558 41.113505 25.943851 -88.099058 
3 419 1075 2618 -61.990222 -52.374658 13.919719 
3 627 1774 2332 -23.354843 66.625192 -34.496024 
3 60 72 237 -43.034810 -77.496686 -4.901306 
2 1251 2507 -81.363454 -86.443484 
5 927 1592 2354 2554 2614 94.703308 -90.952919 46.651653 15.378994 54.121337 
2 2857 2929 -83.331734 44.229385 
1 2122 -61.861816 
2 1822 1905 -24.182315 46.982245 
3 1174 2867 2995 50.934405 68.271015 0.158599 
3 311 1094 2379 -68.102391 -17.228955 30.842146 
3 591 670 774 -41.329057 90.080890 -15.435905 
1 2646 83.178843 
2 1509 2051 -87.043790 -93.360253 
5 608 955 1545 1901 2726 15.003175 37.895328 -18.665114 -80.348577 13.304184 
5 176 893 1486 1672 2212 56.177389 71.073087 -15.352095 -71.531990 53.293036 
1 1646 74.271800 
2 363 888 -50.206899 -81.052812 
5 422 1387 1897 2298 2832 67.227518 -94.094261 -36.031256 85.695014 -65.366655 
5 138 308 1252 1976 1983 69.886371 64.714310 3.411448 -22.329690 -92.045379 
0 
4 745 1719 2708 2715 76.069087 37.546760 1.898449 -32.454866 
3 744 2056 2202 -85.084661 -95.163263 97.636679 
1 2796 -47.055015 
2 1903 2400 13.489797 64.903717 
2 729 1336 11.946239 82.359127 
2 896 996 -71.138894 40.228441 
1 400 -92.236674 
4 747 881 2041 2609 -60.769033 -40.650302 0.005963 -56.636251 
4 115 1469 2687 2838 78.229274 -66.908545 37.811006 -54.514410 
1 1555 68.047262 
1 2190 -82.475022 
5 697 2115 2546 2785 2996 75.709416 9.922134 88.458271 53.194195 76.162265 
4 702 899 1747 2338 61.340799 84.070944 33.313668 -10.827169 
2 514 1495 72.680347 32.225755 
3 566 960 1208 59.530385 76.558956 15.943515 
4 1061 1301 2418 2524 -47.419016 97.228422 -38.610201 21.041286 
6 1085 1225 1558 1771 2370 2965 -80.880078 -35.475430 -63.795194 4.776324 73.870701 -3.414788 
8 406 1408 1527 1796 2000 2315 2718 2823 86.708007 -88.444281 -67.475143 28.180744 -21.897002 16.025361 -31.302431 95.939818 
3 1491 1503 2686 -77.427561 76.158318 86.571606 
6 173 943 1192 1247 1927 2903 71.156116 90.209359 88.666368 66.659779 91.069625 67.062790 
0 
4 1233 1494 2133 2307 -82.117442 74.371020 -11.490907 99.750334 
2 478 740 52.032132 -31.170604 
1 2403 -71.621875 
2 1189 2874 2.365058 56.396382 
5 1004 1076 1878 2592 2906 -54.692767 -93.887888 -85.638443 16.267180 14.925050 
4 1252 2120 2423 2754 44.608982 87.435602 0.810090 -52.606866 
1 2002 -38.687291 
2 120 2731 -88.488477 -17.882866 
2 646 2024 -0.956847 -53.669783 
2 1010 1267 -83.157626 -67.344009 
4 171 565 2420 2430 -81.889506 -75.472859 -98.312566 72.622229 
2 288 2463 86.972692 45.977888 
3 1110 1756 2910 97.202847 -76.619691 88.467114 
2 807 1984 18.106055 -3.599756 
4 367 1320 2192 2395 -41.958713 -94.838826 -89.035530 47.334890 
1 2724 -60.904833 
6 740 1176 1700 1976 2252 2785 5.800856 -43.880007 -24.460130 -60.051433 -96.886312 46.397131 
3 1390 1804 2639 32.908294 -52.830922 -83.990992 
2 62 2255 -24.889323 58.943796 
3 486 589 741 -28.803971 15.740067 -38.637393 
2 115 1510 46.927515 -7.414678 
1 975 67.612343 
1 1829 1.312110 
1 2193 -56.468615 
4 1491 1518 2548 2945 -12.596137 -85.823092 -93.707423 -43.005477 
2 1323 2874 -94.065035 -84.699487 
7 116 207 963 1285 1498 2097 2210 24.526952 -31.741122 -1.169774 -7.528289 -52.065552 -30.240771 17.578091 
2 850 2869 -91.128248 70.572831 
7 419 455 558 637 1410 2821 2887 27.769390 -24.947124 25.243083 -48.799855 -97.861856 18.173610 63.372995 
2 1623 2819 49.859506 81.615754 
4 226 400 578 1130 32.499885 92.882666 -84.782884 54.414965 
3 398 1927 2415 38.088260 44.189572 55.830578 
3 1510 2621 2656 -3.204810 80.947751 -80.532178 
1 1115 21.651023 
1 2263 7.691440 
1 2736 -45.466795 
2 1151 1412 71.425358 -46.153891 
2 428 808 86.237208 69.462640 
2 2081 2854 -21.604775 -72.176188 
2 1581 1635 93.519858 58.282952 
2 1657 2294 -65.088021 0.234396 
4 1755 2257 2810 2969 85.435643 -75.544346 -22.956267 42.897892 
0 
6 241 437 885 1342 1586 1928 29.798186 -25.338623 68.549743 -9.340850 11.039735 50.425692 
3 77 2032 2149 -50.014460 94.562472 50.992481 
2 1360 2719 50.123332 -49.417627 
3 827 1970 2955 87.870932 -23.214224 52.063164 
3 93 522 2977 52.705768 1.157782 24.230121 
1 729 -88.581070 
3 2143 2439 2943 -32.833538 -19.213300 -11.327558 
2 117 1093 23.254793 65.672132 
1 898 -3.380839 
3 25 1194 2259 48.074190 -32.615211 24.951818 
3 1047 1722 2676 -60.332313 -1.133531 58.542507 
4 1364 2109 2766 2857 8.599441 98.136090 -20.851464 -0.493154 
3 477 819 2819 -69.290941 72.142486 -75.770142 
4 1341 1780 1839 1933 -36.034493 -3.252335 10.163476 -40.405386 
3 558 560 1090 38.106693 23.127469 95.970825 
3 1574 1883 2676 68.641175 96.463234 28.643549 
5 88 435 2427 2928 2993 3.951892 85.562839 35.648672 -7.782470 93.324220 
3 1245 1552 2907 -67.730446 55.514281 11.381958 
2 438 2115 -33.168092 -6.855037 
2 1340 2741 -53.864822 -29.212664 
2 358 2490 -19.536193 -32.248234 
2 2013 2098 -64.742941 -75.554119 
4 899 964 1281 1491 -9.379628 54.992148 -86.314740 57.593700 
3 1388 1953 2698 13.081991 84.056464 10.633844 
3 1059 1091 2980 -0.456569 -9.390745 41.740635 
6 351 531 785 808 1890 2009 -4.587937 91.292184 36.424503 29.039615 67.774979 71.142404 
2 1014 2028 -62.699803 93.047721 
2 160 1783 56.097361 7.209672 
3 1224 2384 2996 63.957955 -59.751775 34.423195 
4 1881 2284 2447 2752 -42.614559 -79.982813 38.636858 -1.111647 
6 404 925 1020 1058 1589 2527 -90.803084 84.344544 -33.214834 44.261050 33.578408 69.219606 
4 39 1196 1269 1405 -75.027922 60.447961 92.596454 -21.436337 
1 1872 -59.467720 
2 196 246 64.503111 30.187016 
1 2444 -66.368741 
3 31 1935 1996 59.347646 -87.370282 -36.740659 
3 405 1064 2556 -14.451458 -95.240027 85.174971 
2 2035 2825 -22.149642 -37.681231 
2 1813 2663 -31.709933 -78.620948 
2 1292 2186 15.783218 -58.611554 
2 1875 2765 -98.770253 -87.759848 
1 518 -90.871881 
3 1331 2549 2916 -27.319989 69.593780 89.502608 
4 671 1537 2308 2938 -40.490169 21.691382 59.537225 -86.276600 
7 150 174 212 1945 1994 2315 2393 18.421457 -97.797863 -52.840832 3.601244 -74.109923 12.446853 83.728805 
3 841 1521 2913 53.366223 -66.168083 36.129266 
1 2887 13.904957 
3 2052 2427 2661 74.604765 44.796926 2.960574 
1 2093 -95.998916 
4 356 466 747 1543 66.556194 28.724417 -65.180338 50.472629 
2 2 2327 -22.296667 -68.686497 
3 1728 2556 2829 -97.916527 -24.775261 -58.668969 
3 238 594 1440 93.226231 94.452498 -52.626512 
3 949 1268 2889 2.508033 -38.414238 -88.295728 
3 459 1027 1865 17.013571 30.961463 -84.575889 
3 528 1104 1256 -61.192321 -61.779005 88.990901 
4 1181 2234 2605 2749 90.138510 1.689104 -10.116838 1.668970 
3 80 974 2328 30.333897 56.363695 -61.520858 
1 2402 -28.293940 
3 901 2359 2927 -69.362202 46.115309 56.730021 
4 328 1519 2326 2396 53.386369 -77.937596 -46.391204 74.671521 
2 1306 2443 -10.872582 6.764706 
1 460 78.328660 
2 842 1425 -36.452013 -83.188411 
5 1507 1574 1992 2808 2966 -81.725644 -15.623560 8.283376 -96.453990 80.180600 
4 416 1102 1244 1359 54.727172 -23.660762 -92.892976 -42.990638 
5 32 801 2001 2021 2852 67.116291 -59.059823 -66.658243 -53.198911 50.194123 
3 1677 1729 2668 13.574990 -23.006292 56.252788 
1 2834 6.917539 
1 1108 -20.223389 
5 374 1003 1737 2710 2774 -12.316068 6.656468 29.492882 -51.566058 89.370439 
1 188 -39.966200 
2 2087 2529 -53.859460 -79.545521 
1 2476 5.813602 
3 143 2243 2447 -81.571218 23.575818 13.267192 
0 
2 1396 2660 -44.932216 -82.055562 
1 81 15.297096 
4 1148 1618 2009 2353 -18.623052 56.622542 17.086547 -96.552786 
5 1065 1154 1798 2071 2612 8.540997 -39.097752 -57.147259 -9.226639 -74.652375 
2 1861 2527 -87.115024 5.978315 
5 38 806 851 1162 1199 86.079024 -67.666972 88.166751 54.269900 -64.853105 
8 886 927 1489 1946 2039 2742 2830 2989 -68.955723 -68.234820 23.981997 83.243799 -27.110861 19.015197 -13.603229 -31.117997 
4 1121 1145 1203 1988 59.174768 -74.157440 15.318337 41.094043 
3 336 1555 2919 34.027909 -36.979810 -68.264291 
2 1098 1911 -19.525682 11.475535 
1 1107 -13.509241 
4 523 1770 2234 2354 -48.485748 66.928223 93.163696 92.623267 
7 105 163 401 416 730 1055 1973 56.582745 -5.773433 37.291921 65.410031 -15.280495 -81.984464 -26.368964 
3 1044 1896 2904 -30.953045 0.114842 44.428013 
4 800 855 1867 1991 20.313108 79.161205 -81.198488 -55.643898 
4 1522 2334 2576 2739 -95.166145 14.606580 66.435449 -36.984263 
4 564 1548 1919 2658 30.357238 21.867869 -37.838888 -91.693365 
6 11 61 997 1907 2005 2842 84.462553 69.330459 67.819723 60.186237 66.813115 89.722056 
5 60 216 511 1433 1988 37.394436 14.199384 -81.343970 41.237753 58.421249 
1 265 25.772954 
3 170 1080 2001 -22.089553 -99.106969 -35.264179 
5 80 1523 2475 2785 2894 50.596263 75.677344 -56.174756 -93.443177 66.237626 
3 1211 2037 2155 70.114434 73.019971 -45.404711 
4 442 777 2798 2895 5.082470 -3.709870 68.670316 -59.020073 
5 394 539 2093 2457 2840 -50.927064 3.148910 -47.826151 63.321959 68.514796 
5 743 818 1773 1795 2583 41.385258 68.326574 56.980932 11.293944 -30.473837 
0 
5 292 1172 1770 2102 2661 77.583413 -28.206578 28.615612 -71.619307 -83.811928 
4 1233 1616 2633 2976 30.363545 -86.792275 -58.784016 81.573796 
4 257 954 2190 2488 36.419878 24.354697 26.197109 79.721061 
7 77 793 909 1730 1960 2400 2429 38.970703 10.494607 -43.835281 76.532271 88.879631 76.536854 -70.040210 
3 352 972 2138 -31.082140 90.497815 16.582513 
2 2115 2707 -11.367233 -15.529155 
2 60 824 63.237000 -55.582758 
6 198 903 1672 1894 2482 2963 -54.791344 69.081829 -32.965951 -11.516349 44.605650 -20.105201 
4 1442 2335 2338 2663 -29.565666 -60.824501 -32.255222 -31.452437 
3 295 1465 2758 -95.363953 -59.602581 64.622830 
2 1241 1717 -61.179665 78.360977 
4 480 1601 2258 2977 -96.345464 -80.838869 -52.268155 -70.925527 
0 
1 368 -18.013734 
2 1117 1652 -30.152380 -59.238430 
6 1093 1712 2250 2723 2914 2921 62.244821 22.535959 -64.694391 62.928542 1.587858 17.240025 
2 803 1256 40.434024 -4.972945 
3 1938 2600 2628 92.155071 -97.165711 70.107185 
6 55 206 336 1503 2384 2954 -60.952689 58.432501 -77.174580 -93.622914 -35.688634 7.732319 
4 2257 2648 2698 2721 -52.037864 71.816590 -86.218022 35.565733 
2 1854 2035 -44.788765 -6.627040 
1 2627 5.132090 
3 952 1525 2397 46.091062 1.974817 19.493676 
2 2634 2881 92.544561 98.578026 
3 694 1692 2016 -80.292083 -70.370730 -98.275999 
3 1400 1448 2583 -46.689823 63.439265 68.687657 
1 387 75.786287 
5 390 799 2282 2954 2993 77.434869 17.131992 -77.238033 48.556215 -73.358882 
4 752 1431 1843 2663 31.686113 -27.472469 37.975704 35.410546 
8 6 442 780 1434 1668 2084 2142 2346 84.296180 -50.992585 47.981249 20.850960 26.876244 -70.170227 71.233644 30.561398 
2 298 1867 41.427284 -34.847202 
5 348 718 723 788 2448 -36.025983 7.608288 85.515366 -68.041908 -43.473979 
2 540 2853 -85.210034 2.081013 
1 2110 41.338183 
3 1725 2199 2588 -79.996873 71.723624 -57.040432 
8 100 252 295 839 1263 1298 2099 2677 -47.413354 71.988611 -58.849251 -90.586236 97.138418 -49.079868 -7.716552 63.884118 
3 5 332 1818 36.806292 32.694554 -90.946422 
1 643 97.665422 
4 342 366 2639 2878 -27.770097 15.950935 73.156024 62.021573 
3 395 624 1791 -18.744533 -56.662541 21.426692 
5 241 449 702 978 2569 -14.474051 -96.057353 10.286207 -82.760581 -81.432698 
2 1287 2754 -47.326494 41.630786 
3 88 944 1002 63.227304 81.685618 26.164929 
7 437 858 1135 1270 1948 2207 2355 -7.479969 71.475209 75.363883 83.532783 -74.801758 -2.448022 -64.203332 
3 373 2277 2389 -23.067906 -13.016587 -66.402435 
2 1034 2547 -37.835055 -98.114163 
1 1548 32.869261 
5 820 1288 1368 2032 2919 -54.687025 81.724213 66.232581 -54.157969 10.912018 
4 1523 1722 1799 1850 -90.148057 93.892703 53.492820 -29.308614 
5 417 1898 2114 2470 2508 78.176087 37.454136 -1.880913 -52.927222 90.557389 
0 
5 201 321 603 1785 2368 -83.636180 56.728146 43.635701 -65.914378 -4.338712 
4 932 997 1248 1576 -24.561458 90.182428 -49.128325 52.708987 
4 404 1374 1809 2018 21.008415 46.804122 -52.604742 69.104396 
2 472 2292 -64.420902 -73.543102 
2 113 2830 -74.867289 4.375298 
1 1554 -60.122168 
3 194 223 993 -12.078453 34.732220 -85.636882 
1 2362 -45.599136 
2 1411 2945 -60.535804 51.987680 
3 964 1153 2583 74.980983 69.688936 -24.010981 
2 602 826 66.664088 -71.800163 
5 65 341 1767 2022 2672 -79.943391 -14.033357 -60.470571 -71.739667 49.959335 
5 157 164 343 691 2908 78.667650 38.201107 -66.453070 33.768653 72.330343 
1 1641 28.032351 
2 1780 2911 30.294886 -87.808580 
6 24 373 467 625 1953 2262 -2.535472 -25.100467 -89.510636 18.391969 31.515434 66.325046 
2 841 1784 69.082115 60.272308 
3 364 1199 2109 49.894776 93.668203 47.778005 
0 
4 691 915 1287 1304 -53.863980 -52.671726 45.487074 32.862960 
5 73 205 280 1211 2914 -2.042935 -58.440690 -15.040368 36.894323 -56.565775 
1 556 25.758555 
0 
3 138 1753 2276 77.065755 5.683784 -40.484863 
1 1813 -38.410631 
4 2160 2401 2765 2849 46.794497 -59.609166 -92.477164 12.338163 
4 3 1627 1865 2519 59.717535 -41.079988 59.269117 31.155876 
1 2075 -74.383055 
3 1824 1888 2112 77.318307 34.299378 28.822380 
5 14 1134 1397 1663 2808 -5.541051 90.874717 79.157022 12.702702 -48.739087 
2 961 1784 -7.261341 -11.015259 
4 179 1423 2106 2249 -68.578153 -79.816291 -6.861230 64.672928 
3 949 1206 2659 -36.295467 -8.824165 -29.410179 
3 550 1647 2403 -99.615237 -79.101973 -2.096251 
4 1843 2365 2743 2811 4.632441 -84.729225 -70.758809 -8.398937 
3 818 1574 2429 -17.472466 58.961968 -5.631067 
6 386 697 947 988 1707 2876 -78.239516 -13.389057 -92.596623 83.484051 -99.408063 -46.445944 
2 12 2121 72.432431 28.845632 
2 610 2493 -75.811567 14.510352 
4 1745 1833 2409 2923 66.846308 -32.626891 -89.180771 -30.761855 
5 823 1601 2124 2143 2268 -92.571132 -86.281316 -86.821690 48.661448 98.900376 
3 586 596 2806 11.523319 71.781394 -3.158394 
3 355 940 2543 49.087691 72.845531 -89.387854 
3 259 342 1788 89.231285 14.724901 90.581414 
1 2235 31.342468 
0 
2 2315 2925 17.241560 61.106486 
6 537 735 1162 1195 1667 2916 -2.897961 -27.022161 -58.452922 -12.736900 85.593660 11.449131 
1 1794 65.522679 
0 
2 855 1234 93.732644 59.276377 
2 2263 2680 72.921236 48.600925 
2 643 1539 93.586387 54.537087 
3 371 2296 2903 9.828370 54.564145 12.294028 
2 567 2989 -16.749317 -20.613498 
1 2334 -95.804240 
2 35 1167 -25.996121 68.730878 
2 2304 2541 42.141020 -19.194365 
0 
3 1079 1666 2748 -83.814454 -90.154336 28.151804 
1 594 -58.899881 
1 2950 -18.284644 
3 516 2129 2708 -23.353174 92.553308 22.756221 
3 182 1540 2223 87.776321 -72.415648 41.383475 
7 701 1698 2240 2511 2752 2830 2860 22.631832 68.930655 9.092518 -5.451619 15.978596 -15.890682 39.767982 
1 930 -13.438786 
5 20 1859 2031 2447 2772 -33.037553 35.463546 2.830844 -17.173914 70.591913 
4 804 1740 1743 2413 87.888921 42.633887 -97.760426 -71.529657 
2 2457 2474 74.757482 -95.890330 
2 1306 2518 -57.821627 18.597059 
4 766 1660 1779 1963 42.994213 37.012359 -33.171059 -28.848105 
5 694 749 1667 1891 2878 26.893100 -27.794681 45.074695 64.130067 27.622895 
1 1098 14.859299 
5 358 1107 1237 2586 2947 95.713017 -14.206363 -33.837613 61.459787 71.313624 
3 295 448 2708 -0.966491 -25.485901 -35.429583 
7 98 623 774 857 1418 1895 2144 -57.767655 60.202024 -29.894239 35.433168 6.138125 20.603440 -73.898077 
5 489 742 1119 1392 2327 2.904650 -63.568932 71.771928 52.078598 -63.419938 
1 2112 31.058435 
4 278 470 1041 1114 17.285459 54.491549 54.357178 99.150141 
2 1205 1495 92.922539 44.800530 
3 425 1150 1304 14.680946 49.684227 52.403212 
3 1231 1846 2380 -29.338813 -6.108419 -74.663838 
6 4 9 1287 1490 1891 2529 -27.833980 -93.822527 -59.993063 -58.423252 -94.844135 -58.692899 
2 780 2610 -31.054320 52.617224 
7 237 244 1053 1340 1469 1475 2985 2.980881 86.306637 0.858050 56.716795 83.216316 -44.529909 -22.912325 
1 1781 86.943782 
3 718 988 2215 -84.869912 84.125458 -9.342516 
1 1873 -78.850583 
1 529 -81.473544 
3 642 1207 2582 -0.326780 -0.880165 -39.053885 
2 419 2205 -76.241082 98.332675 
4 623 1753 2731 2755 -29.456905 -23.062148 -1.436981 -56.111723 
2 2597 2966 71.231920 -33.208605 
4 165 360 1017 2480 -80.279484 -65.267371 87.593891 61.054936 
1 2520 6.459174 
2 343 1369 45.565072 15.915438 
1 102 80.178623 
6 537 599 745 1125 1342 2784 66.561168 -10.798394 -90.920644 0.859134 -92.106110 -15.899114 
5 27 429 664 1371 1453 14.282160 29.991455 24.512641 -11.336044 64.499543 
2 1750 1918 -89.325072 12.295217 
2 365 1562 67.215574 43.209553 
8 43 393 640 1823 1911 2662 2837 2921 -75.168290 -25.718092 68.236968 16.319093 13.783369 -94.050869 87.278566 74.800622 
1 517 2.257582 
3 275 984 2803 84.910020 88.316359 81.504259 
3 275 2528 2950 12.067820 -49.910266 -65.121252 
4 225 967 1633 2700 -40.362874 -45.632539 66.590614 -78.021347 
2 55 1682 23.948521 83.657751 
2 1644 2700 -84.976972 -44.107101 
3 1126 1617 1953 77.693917 -4.289977 51.558148 
3 65 353 973 3.104310 -69.324796 15.644388 
5 257 758 1619 2680 2789 30.351747 -60.830437 21.615767 90.655548 -25.189957 
1 1994 -44.465533 
2 1544 1690 46.361547 65.207470 
5 156 281 820 1209 2693 -37.970073 81.589634 -38.921770 45.132783 33.055867 
2 2124 2702 17.217596 58.968951 
6 21 201 644 2182 2252 2509 -31.681892 -36.634650 -42.262230 63.782418 86.519541 56.133048 
4 344 596 1122 1405 86.132744 66.854496 37.113791 -68.923931 
5 245 397 629 1175 2237 25.811586 -18.268810 -53.938228 43.287363 -41.772115 
5 1444 1889 1966 2134 2438 -91.496527 -58.352806 -91.883736 76.298677 40.156366 
2 1834 2802 8.140376 86.943188 
1 1359 -15.959294 
4 985 1001 1865 2237 -16.389724 -78.848185 -81.097990 94.240234 
2 439 1174 74.372307 -55.043326 
0 
2 319 580 67.572925 -34.418220 
1 2169 -11.449913 
1 1442 -46.784643 
3 562 1650 2514 19.636159 -7.784627 -78.788780 
2 70 2656 58.453505 -44.148440 
3 575 1621 2923 34.639257 -83.755616 -31.991411 
3 697 1124 1440 27.815667 64.102036 3.024509 
5 387 668 1099 1513 2164 9.779636 -1.189382 58.451754 59.263206 10.935761 
3 514 1946 2856 -72.765258 -49.891955 28.246792 
6 113 545 1648 1715 2574 2762 39.550527 95.751680 -6.545207 17.227406 9.308212 -77.224759 
1 1175 99.371108 
2 921 2534 -44.158871 43.541696 
1 1128 -1.450382 
6 101 976 2061 2519 2674 2763 -94.032302 18.506599 47.636933 20.995677 75.867255 66.085548 
2 2472 2750 74.456781 -51.766688 
3 710 1412 1964 -38.647519 45.388856 -24.891571 
4 73 115 802 2597 -3.654907 25.049547 77.064927 13.224331 
2 539 1176 54.563392 -48.210071 
4 844 1919 2580 2843 -79.028685 97.717011 18.461186 -13.354388 
3 1432 1830 2477 45.304756 57.331639 1.298012 
4 375 1310 2312 2674 77.473994 -64.832462 -33.513657 -27.485927 
2 1416 2303 -51.395346 -94.857259 
4 1454 2273 2449 2638 -5.673089 76.114830 20.785312 12.197554 
0 
3 1759 1811 2058 -30.059925 -66.170915 -28.309648 
4 2381 2524 2624 2859 49.979959 -31.271593 60.128607 84.384549 
3 464 1420 1879 -79.066317 30.405639 72.941780 
0 
3 1227 2483 2611 3.694475 -68.905287 8.879101 
5 508 647 696 946 2086 -90.439491 85.860251 -21.785080 -21.814604 -23.840645 
0 
2 62 2996 -72.082392 94.698172 
2 125 1351 -12.304064 76.835359 
3 448 2172 2677 -15.598121 -85.493137 -55.988824 
1 299 2.847905 
3 316 741 2201 -57.198085 -24.511213 2.500512 
1 210 -40.721899 
6 267 338 636 1143 1450 1611 -55.650216 -51.181442 30.156922 88.222414 66.131030 -99.579246 
2 20 2513 29.203766 66.725239 
4 254 698 1202 1710 84.349249 25.710337 13.477344 31.723071 
3 257 319 2914 47.615471 98.424163 41.644304 
5 125 127 897 1105 1875 -22.304002 -7.990809 25.006627 3.756388 -71.863750 
4 316 742 1415 1772 -73.505710 24.594167 96.810721 -19.692578 
3 368 552 1848 -53.236754 69.085209 -86.947962 
1 2202 -8.326967 
9 3 99 596 1460 1477 1612 1708 2579 2689 30.923112 80.765856 94.623815 -30.974765 -86.076550 -23.509694 -49.239537 85.167881 59.705299 
2 1048 2299 46.006089 7.210159 
0 
1 1710 -46.916020 
1 430 68.033341 
3 223 1813 2259 92.128845 -91.745066 -3.335142 
4 233 634 2036 2442 -93.133783 4.671316 43.090782 -84.912842 
6 49 301 304 1288 2609 2679 64.260520 -32.687050 5.882080 -26.025152 90.857528 -25.983704 
2 520 823 -60.577277 0.915768 
3 1445 1904 2567 99.811597 -13.882770 24.977957 
3 177 752 2050 -33.808724 -74.082425 17.485478 
5 287 619 749 2753 2944 84.294625 -68.827152 29.456857 86.438423 -24.302889 
3 997 1310 2737 74.151565 37.853920 -41.446100 
5 611 810 1357 2407 2652 -8.905647 55.002277 -61.494540 -49.982550 -76.841055 
2 544 1014 2.772539 62.935439 
1 962 -69.179652 
1 806 -72.308024 
2 1938 2756 11.141367 8.648785 
5 1342 1655 1903 1944 2848 -92.853090 70.665757 82.516721 71.467104 73.911489 
1 2738 2.832705 
3 841 1793 2806 -10.577004 -36.604438 72.490528 
2 810 2316 87.106175 -48.255595 
3 503 724 2098 30.865505 15.506906 -90.491759 
3 388 1437 2213 -68.965230 -38.173284 -21.349689 
3 382 940 2484 -88.765094 40.951086 11.580289 
3 353 1236 1650 33.415782 -18.351176 -49.093122 
1 1165 -99.048330 
1 392 -18.806898 
4 107 317 1896 2509 86.748836 44.463736 20.308747 -41.494667 
1 93 25.153510 
1 2587 -89.787333 
3 36 287 1959 -40.665941 75.297484 17.703733 
3 1524 1997 2528 81.707798 23.510371 -96.525095 
5 1666 2077 2514 2750 2772 34.323652 -58.176721 69.661397 -24.114973 89.452387 
5 1985 2334 2590 2601 2783 -43.589574 -41.186280 56.767401 -79.843283 -29.956921 
3 127 493 676 -77.579397 -10.556820 -43.896667 
2 563 2928 -39.149158 -24.175732 
2 771 2661 -93.670642 36.490953 
2 1190 2815 31.633977 56.946015 
2 2373 2419 -49.743366 -74.213217 
4 53 1713 2352 2504 -51.080355 -6.571342 21.604421 76.416531 
1 2566 -94.957357 
4 366 1917 2673 2976 56.168404 46.602981 51.312483 -86.590795 
3 632 699 1054 35.463414 -94.876142 -13.309600 
3 838 1327 1969 38.955081 -43.464620 66.725716 
2 332 1127 -46.476725 -59.682413 
2 862 1332 59.450451 29.614199 
4 49 812 1371 2230 6.391791 -21.189630 89.593742 91.500470 
1 88 62.845589 
5 428 573 904 1090 1959 -49.014711 -84.655536 91.537590 86.228688 64.254999 
4 569 1506 1636 2289 94.746587 -75.954659 -72.772292 26.951956 
1 2743 -12.167568 
2 429 2943 29.596965 64.188093 
6 124 574 1335 1478 1553 2816 -23.922113 54.945055 -26.500559 78.915123 65.193725 -78.462907 
5 756 1856 2428 2826 2981 15.738033 -82.813702 92.984883 99.686577 8.440888 
1 2216 -19.692525 
1 2872 28.944876 
1 638 -37.242004 
2 2510 2993 -55.576037 47.141907 
2 458 631 87.213314 4.123279 
5 283 337 517 1370 2628 89.367149 -44.047438 40.153230 38.308216 57.335104 
1 2407 -3.474950 
4 677 1077 1771 1886 15.222722 56.798154 45.373325 -18.867358 
3 34 1185 2705 -80.331140 51.530045 -36.353057 
4 1094 1111 1252 2101 12.209858 43.373126 98.733842 23.359556 
2 1530 1849 29.268654 72.031840 
4 355 779 1755 2007 -57.105211 -27.168118 -82.386770 -25.304617 
0 
2 589 2853 31.456565 -45.663915 
6 560 1170 1924 2735 2846 2885 3.291164 -77.905926 -28.843822 52.745301 64.393196 -23.873201 
2 1164 2594 35.996472 37.643291 
0 
0 
5 661 1175 1285 2115 2487 -74.680186 -16.414205 54.196271 -88.485706 -68.387969 
3 387 2609 2776 99.137386 57.605159 2.561010 
5 750 1557 1845 1945 2084 27.646319 -12.973050 65.396422 -94.909757 76.410676 
2 423 1866 30.719600 47.932299 
1 1666 54.637703 
4 1333 1821 2889 2931 -89.406914 -53.130698 48.937783 -93.895065 
2 1603 2125 -83.800031 42.620065 
6 357 498 1195 1280 2681 2876 33.237094 -30.517144 75.037644 45.370106 -40.336197 -13.217335 
5 928 970 1767 2157 2411 55.637991 -55.568064 -32.673986 96.686546 23.690724 
3 1709 1888 2064 -68.753740 -54.998309 -1.346760 
3 225 862 1268 58.088511 53.625271 -57.101539 
7 7 208 788 1185 2135 2713 2899 7.860446 -23.172342 1.640467 57.163828 -82.943121 -21.753459 -35.921746 
2 524 1254 -61.476622 -50.780399 
4 711 1274 1571 2910 -2.214547 -25.552382 -93.852068 -31.611706 
1 2964 11.425530 
4 674 756 914 2633 80.902193 85.367563 -56.572578 55.158691 
2 1090 2574 -97.131805 74.998705 
1 2201 30.306872 
6 19 215 360 905 1711 2390 65.659470 -60.552166 71.462750 95.618919 -23.385995 42.348777 
3 1 1432 2945 -45.661284 -9.995379 -32.040751 
5 719 739 1448 1504 2211 -35.472497 66.908363 -2.250489 -1.512952 78.019167 
2 2352 2680 64.992357 -74.578481 
3 95 869 938 12.300528 68.540404 63.214357 
3 1147 2189 2240 -70.139009 -8.938034 -61.684784 
4 147 208 763 1658 73.031521 -49.080301 54.687501 -85.960486 
2 1373 2400 23.887776 -70.221595 
3 983 2083 2425 -49.922952 79.023578 28.306434 
2 207 1400 -9.490576 -65.974102 
1 728 -27.135406 
4 906 1027 1889 2541 -57.857334 -19.956474 3.318115 4.466623 
4 95 1100 1504 2990 -91.965840 51.162239 39.034527 9.293696 
2 296 2008 13.699283 92.564876 
2 894 1379 16.846290 94.284829 
3 79 176 2097 50.438856 -2.487414 -91.235979 
0 
4 286 504 2176 2901 -45.414281 73.754941 16.869308 25.416410 
1 2851 -14.390952 
1 1639 42.792409 
2 20 1331 -81.473456 87.393237 
4 632 1375 1868 2625 -35.988861 -82.569386 1.492805 50.461638 
5 670 826 1537 2177 2499 21.947399 2.706608 50.344677 17.213160 -15.025787 
3 433 703 1110 -30.911502 -13.718783 19.577903 
2 1829 2870 -70.732778 54.467428 
1 818 -82.622187 
2 2694 2949 15.799524 -23.906438 
4 224 717 2072 2183 -44.842946 98.613073 7.998360 -15.184314 
1 114 20.984395 
1 957 95.174562 
5 216 581 763 894 1865 4.794991 -4.844868 -73.967043 -63.064907 44.502452 
3 50 547 890 57.900495 -7.939912 37.934339 
3 90 519 1881 -23.023199 -90.416209 21.131035 
0 
2 122 1654 -32.464714 11.334169 
4 517 830 2236 2260 57.765357 -19.694812 -24.307743 43.187065 
4 216 688 2444 2845 -96.668975 -26.042556 -36.503540 26.941718 
2 1736 2173 70.489893 -80.794448 
2 429 1776 -48.129682 90.412811 
3 184 788 816 7.225858 -33.142019 87.427238 
5 9 329 1119 2028 2589 41.243358 -36.215022 -31.901362 -81.881316 26.270983 
2 2474 2833 -96.525861 76.338964 
4 570 857 1239 1513 -42.463124 -89.980192 -11.646640 86.581383 
3 498 534 1888 -67.997661 37.047545 81.773115 
2 778 1483 91.009488 93.782751 
3 0 2631 2651 -50.069843 -31.511550 87.424276 
1 2849 -79.366329 
7 178 1158 1284 2085 2313 2589 2824 45.432559 43.029883 21.860130 -21.059361 -5.957959 -61.941495 37.992379 
3 1299 2022 2410 -90.648157 50.060277 -45.265268 
2 701 1479 -77.770124 -7.138453 
3 462 883 1853 -24.188949 -45.032997 -49.722024 
4 552 650 971 2026 -83.687099 64.336182 23.428838 -0.561806 
1 2531 -14.788137 
4 975 1164 2025 2669 -0.100477 36.978429 13.063804 69.881973 
7 693 1474 1601 1637 2525 2533 2603 41.232202 57.995240 49.036323 66.281574 56.770848 44.221290 12.723950 
5 663 1364 2153 2501 2846 95.483453 -87.385582 -88.859600 -66.957370 -34.702897 
2 451 1954 46.855906 -18.346847 
4 728 1026 1807 2939 18.542349 -49.358175 -77.472667 2.296588 
4 1344 1713 2022 2575 -66.030244 -68.559837 0.053156 -94.782735 
2 1193 1933 6.461740 3.367976 
4 605 859 1262 2324 2.337863 -93.621987 -38.177160 -95.370215 
2 1358 2503 69.447004 -13.272846 
3 300 863 2359 94.565227 -95.212674 38.548438 
3 409 510 2832 50.860983 -54.496687 64.761380 
5 561 705 1087 1346 2303 -29.707217 -2.943015 -61.667467 15.181106 11.377461 
3 49 785 2269 -41.008099 26.769373 -8.190803 
3 64 623 913 -74.470216 63.795515 -62.178745 
1 2694 -96.759487 
4 41 644 708 1297 -35.049157 35.213894 86.348878 60.217045 
6 78 717 1307 1465 1730 2239 -26.969580 -49.340400 97.163965 -28.870397 14.412461 8.230324 
3 2120 2232 2572 0.225981 -48.807892 54.247986 
2 513 2731 -63.848766 52.842517 
5 183 1586 1737 1928 2550 -35.849124 -33.109341 -33.661800 -19.396900 42.065557 
4 481 720 1223 2874 -85.570699 -90.781160 -83.058219 -16.200697 
2 1010 1415 -35.569559 -75.417539 
3 1170 1489 2918 43.518881 -67.445139 -55.932862 
8 486 496 1230 1798 2110 2225 2359 2629 -38.155801 90.642351 -62.373494 93.598670 -36.283546 -19.500530 50.159955 27.537285 
1 1717 -4.869276 
4 156 215 1248 1667 54.093850 77.407556 61.401892 94.125571 
7 336 718 873 1117 1579 2410 2604 92.353495 -38.457253 -80.538548 94.796571 -54.061445 -58.368260 33.737203 
0 
1 2533 -99.599349 
7 427 504 1165 1414 1616 2654 2781 -48.420675 20.570701 58.804004 -51.908926 78.901210 -45.511673 50.313001 
3 227 581 1802 14.421726 6.109091 13.834217 
4 255 259 1930 2215 8.331221 22.097064 3.460068 36.385524 
3 2388 2431 2562 -24.350810 8.799050 32.124206 
6 442 987 1101 1298 1606 1883 -26.133514 -56.662021 75.111258 -28.941855 -74.295949 99.120923 
5 451 646 1700 2229 2866 11.487330 66.582384 21.773720 -11.507972 28.284826 
1 560 60.435959 
1 609 -32.303804 
4 68 186 2098 2530 67.436627 45.401121 -49.796030 92.504136 
9 250 1192 1282 1390 1455 1546 1552 2479 2955 -56.329614 42.342761 5.066502 41.159878 93.152072 -43.872503 -83.916630 56.668253 -23.831083 
3 189 2013 2435 91.270771 -13.452414 11.187993 
2 1174 2146 -67.686802 -85.833879 
2 145 1906 -0.389536 -34.229607 
2 122 2303 22.817231 -66.440002 
5 1110 1199 1424 2372 2676 -72.775584 -54.735786 78.128504 36.893091 -42.236232 
2 246 1502 38.955604 6.473821 
1 2139 -88.068206 
2 1302 2802 4.385529 -54.899989 
2 490 1165 -34.937645 50.593786 
1 1822 -7.536854 
4 681 810 1192 1531 -90.085747 -27.225838 72.259042 -49.885704 
2 1954 2354 88.142573 53.824639 
4 407 1998 2159 2190 -86.008619 -87.948531 -35.786190 18.433340 
3 615 1663 2361 -58.206363 -65.411584 -93.341198 
3 1167 1512 1796 -95.385684 26.254165 56.040429 
2 802 2921 32.732304 -33.729778 
3 1193 1438 2430 2.120940 -92.690680 85.188920 
3 2184 2517 2632 81.273820 -74.237764 -66.216859 
5 736 1366 1757 2073 2489 81.844746 -13.639325 -72.775725 -51.564304 18.160000 
5 139 147 1476 2448 2561 -30.257841 -59.085053 49.135051 52.536288 -5.110658 
3 131 202 1816 3.100695 27.104192 -29.296508 
3 83 896 1374 54.656601 -88.335356 35.612486 
3 969 2137 2809 84.749116 -21.458995 -50.308816 
1 2338 -5.394629 
2 181 2543 72.878849 15.909025 
1 234 28.686495 
3 218 1669 2814 98.251838 -13.090141 -25.695796 
6 742 818 894 2096 2178 2464 -5.532805 -9.620820 75.471309 67.427071 -95.612688 -56.760000 
3 1445 1941 2293 1.311544 23.199851 -60.107468 
2 1672 1915 21.421466 -22.272554 
4 261 1954 2747 2816 39.840035 -28.242613 0.440473 -62.517768 
2 2437 2564 13.478966 -87.448292 
3 263 2252 2763 68.366588 19.578324 54.887481 
2 1543 1984 -92.448633 -43.212360 
2 567 2370 -78.778211 73.802279 
2 1388 2870 75.041409 -51.724685 
5 669 947 1346 1979 2315 -65.079007 -95.565420 -88.533758 39.015781 6.000930 
2 2249 2539 10.742159 -24.500000 
3 6 206 1236 -90.065909 -7.324406 -72.663694 
2 249 1160 -21.050172 73.374480 
2 1979 2932 87.267213 -43.738491 
2 697 1965 99.444432 64.232154 
2 685 720 56.827567 91.282750 
4 1894 2254 2470 2594 3.006520 -99.791604 52.827681 -7.327384 
3 349 924 2681 -17.968019 14.344722 61.555346 
3 173 908 1841 -2.824898 -32.672165 -15.981244 
5 421 604 1237 1352 2955 88.253081 -57.147667 -99.554200 -60.359640 14.125459 
1 1947 4.607114 
4 494 931 2169 2418 -87.611870 -27.494412 70.940075 -37.619639 
2 867 887 3.792268 2.392241 
3 657 2556 2709 -77.825603 46.722696 7.483798 
5 424 771 909 1109 1152 45.176292 -90.923195 -67.309919 0.128322 -85.432792 
6 154 701 849 1375 1769 2534 -85.057468 -89.151535 -89.218710 7.193994 56.557455 31.293641 
3 210 439 2756 -71.049287 -43.256811 73.765987 
2 733 2296 9.597122 -53.353671 
0 
2 1175 2780 65.153490 88.988876 
3 2186 2513 2758 -84.108736 51.517739 76.502995 
10 242 425 601 810 948 1364 2308 2412 2623 2894 -40.415138 4.451645 -26.244671 56.679746 -90.043950 -31.556050 59.743042 43.388553 -79.949926 -44.222511 
1 1996 -6.977252 
3 1098 2485 2928 3.398364 -12.933678 75.967327 
2 121 619 -20.362827 -28.286497 
4 418 1116 1400 1494 86.029182 60.476425 -6.606704 -49.542592 
3 53 423 1335 -90.701649 -15.939553 -99.446354 
3 1146 1993 2149 24.598471 40.581399 -96.226570 
3 45 1636 1759 97.360802 49.147816 30.263441 
1 277 20.740182 
2 137 1564 -76.340757 5.167352 
1 1807 -30.612349 
1 1266 -67.396712 
2 204 1654 -97.660881 -22.094800 
5 128 444 951 1608 2913 -54.354360 38.550777 -87.473654 62.117873 -26.567461 
3 124 1824 1936 -92.282248 -26.725181 11.571044 
5 460 736 1301 2184 2281 61.528824 45.611675 2.282082 -39.247172 -87.990746 
4 1059 1317 1563 2853 -96.343581 28.993368 -81.405922 86.998125 
3 1222 1577 1956 21.598845 -72.185291 94.806953 
2 1634 2032 -77.650172 -53.078981 
3 1680 1913 2720 -88.028111 -66.524437 -94.893867 
2 446 1692 76.257787 14.527526 
5 1469 1592 1892 1953 2555 -53.616411 46.904246 -45.596819 83.224274 -41.661996 
3 407 638 838 -93.214316 -34.321047 50.984615 
0 
0 
2 2521 2847 82.776248 -1.684273 
3 19 640 1426 84.716114 -82.798299 98.093720 
5 331 1223 1323 2072 2509 -10.976643 -59.024619 73.795516 21.288906 40.711490 
1 2526 -85.779419 
4 685 1411 1859 2069 95.683974 -12.340488 37.785285 67.280257 
4 173 863 1157 1459 -36.083117 -35.075321 55.604966 -61.063543 
3 1812 1928 2468 -34.631222 -48.438696 -78.334256 
4 856 1272 2109 2903 -85.407352 -7.792903 -99.334247 39.661412 
8 127 395 624 1480 1567 1965 2142 2504 56.105469 11.180491 50.493693 97.228867 -31.028982 99.052656 14.328377 -89.042446 
3 288 690 2056 -37.145936 -43.168172 7.976457 
2 517 2910 -45.967252 -95.211676 
4 265 691 2295 2836 66.089503 69.865527 56.671553 29.979099 
3 48 235 2470 -81.745449 -15.568745 -94.645618 
3 1891 2362 2901 56.140743 87.648468 86.259687 
3 831 2530 2688 69.231526 -27.199319 -26.731714 
2 1688 1805 73.259871 -92.415728 
2 706 1140 5.209710 -12.533224 
3 1750 2810 2894 56.007545 15.060454 64.436812 
5 614 958 2385 2491 2755 82.688209 98.437043 -56.860135 11.724244 67.254997 
2 984 1321 64.245938 60.633533 
2 979 1811 34.563101 0.736811 
7 426 453 721 1114 1489 2372 2569 -60.248792 93.216896 -3.526058 -16.236241 -85.186985 36.321672 98.143981 
2 501 1666 -58.987855 -6.605475 
3 511 561 2557 18.010330 -92.690878 93.486781 
6 214 1036 1702 1909 2725 2830 -86.573981 71.405776 -83.310533 -46.534744 -85.262627 2.554168 
6 293 663 832 1007 1695 2650 -87.625094 -21.009586 -74.905619 -69.666115 20.213929 -4.836103 
3 271 962 2179 -98.834030 17.052795 -87.529124 
4 176 1303 1574 1825 -60.728238 49.129839 -82.645764 54.891378 
5 250 655 1255 1666 2989 88.898053 44.133938 -63.698086 -26.092763 52.981997 
1 869 -3.594283 
5 299 1228 1280 1786 2575 -31.353177 18.008796 12.007931 45.300525 -29.792127 
1 1895 -42.603075 
2 1830 2824 73.919183 68.514329 
3 837 1495 1713 -8.527605 74.761350 -41.874227 
6 196 915 1450 1873 2547 2781 -63.668629 -91.527770 -11.728377 88.431013 -5.304915 71.896406 
6 712 1013 2142 2220 2710 2903 67.172665 48.211416 33.124921 -39.741366 79.239017 -67.934745 
4 613 2016 2703 2765 -91.793982 30.509930 16.593806 -94.186535 
1 844 -99.024335 
3 1154 2602 2849 43.932361 29.687004 14.545558 
0 
1 1965 46.811072 
3 926 2081 2270 53.774187 10.365449 -64.930763 
5 65 901 992 1693 2351 34.057909 94.210993 58.344800 -42.079431 34.151126 
1 1818 -18.945583 
2 1145 2478 93.958825 -54.408077 
3 1021 2775 2860 -43.515703 -89.094400 -3.278291 
3 41 826 1314 -67.962181 72.511234 53.024171 
2 154 2801 -87.119546 -48.637010 
4 536 842 1593 2226 -3.706307 37.220484 4.335947 22.777522 
3 359 768 1922 84.544680 -37.398941 -47.281222 
2 226 1600 -91.902777 5.764310 
0 
0 
5 780 996 2052 2236 2445 26.434742 -66.065082 86.581318 74.556830 -31.236212 
2 363 823 -76.884537 -21.086975 
4 550 939 1865 1964 -68.025330 -44.325234 67.105914 58.116311 
4 18 492 634 1599 -22.433113 89.462515 43.490909 -53.756727 
4 1108 1375 1837 2806 23.660429 -36.402539 50.647255 -54.341567 
2 590 1919 18.735754 -57.062122 
1 2624 -95.842443 
2 1796 2067 39.221253 6.685855 
4 185 268 296 2605 94.764808 -64.302697 81.272992 -36.097941 
0 
4 1772 2062 2509 2694 -41.152722 38.042298 77.567364 51.152588 
4 1 902 1361 1383 54.553362 -29.227395 -35.332239 32.912431 
5 66 103 193 1044 2315 67.601470 42.749483 5.081092 -21.633661 54.682189 
5 1216 1224 1317 2373 2693 52.104954 69.951356 92.327048 57.489476 43.976193 
5 289 772 1640 2448 2652 -60.711895 47.878500 -6.595935 63.463399 10.913087 
6 689 1471 1855 2184 2343 2615 -5.633898 -19.401242 -10.869145 99.269799 43.092995 92.490507 
1 377 3.552554 
6 119 309 828 1053 2061 2395 14.980249 -24.228103 -73.634383 33.098803 -61.705913 -2.561842 
2 1641 2289 92.904308 63.082695 
2 1124 2284 -78.971361 -27.441731 
3 925 1348 2665 22.939021 44.107404 70.227432 
3 1134 1497 2688 -82.122483 71.665189 16.717989 
2 82 408 79.876608 -61.455752 
3 632 772 1937 -55.292923 -84.063970 7.531683 
1 2232 31.811064 
2 465 1987 -17.489059 73.569435 
3 30 667 2715 -69.121486 34.409694 23.231208 
2 435 1325 92.864405 52.075079 
5 1005 1023 1413 1983 2197 74.530495 86.939566 -60.181910 11.793686 72.315198 
7 179 881 1291 2072 2181 2191 2747 63.265263 -62.953505 40.628925 34.900729 32.500063 -65.399679 -19.252668 
3 53 322 592 -85.996131 -35.287712 -94.842303 
5 346 1125 1807 2429 2489 -56.654584 30.930263 -96.485699 53.560574 19.318835 
3 1261 1286 2848 26.876706 -33.083564 63.761341 
4 791 2098 2431 2662 -78.777496 51.832188 -55.932480 18.154978 
4 684 1084 1348 1424 -95.169066 67.237327 91.421230 -50.332901 
2 2369 2995 32.061690 -54.033676 
4 586 645 1917 2663 -25.522308 -24.909972 -84.769137 -69.541842 
6 335 522 899 1153 1508 2096 -13.629848 -85.140824 39.783237 -80.637977 -21.929829 30.628035 
2 2187 2976 73.225969 43.104580 
1 549 -9.050682 
3 887 1363 1897 99.868863 -37.834070 99.906384 
4 393 1915 2537 2906 72.058562 91.060849 40.959156 65.471639 
7 71 795 1068 2080 2312 2496 2725 -18.458458 -44.728609 -91.720128 -92.826990 -1.313406 58.624283 -34.661206 
0 
3 287 615 1851 7.578686 48.638663 -19.617355 
1 2769 -57.000815 
4 295 542 1048 2503 56.579466 -9.427215 25.085699 35.222806 
2 1259 1810 28.746705 96.081441 
5 112 988 1134 1703 2171 -35.804766 -83.388932 -36.885212 64.610155 -67.843635 
4 57 1094 1473 1872 -12.224853 -51.851453 53.008163 47.269254 
1 1190 53.594912 
3 756 1572 2576 -31.335131 -54.516391 94.955682 
7 1505 2036 2180 2546 2569 2836 2844 -99.651815 -34.928493 85.755203 9.168805 -18.121056 29.073043 58.749641 
5 875 1260 1646 1749 2380 70.368550 -12.377150 95.513340 -29.486444 20.702830 
6 895 960 1662 2064 2075 2729 -40.460933 -40.474338 -90.605837 -39.034854 21.373870 -97.305588 
3 77 1164 2658 -50.286254 -79.147051 -80.834039 
1 2296 39.199548 
3 1829 2269 2626 76.268263 7.364758 33.884107 
2 1316 2445 26.585877 -61.234327 
3 1654 1746 2975 33.521517 -82.417524 42.442468 
2 729 1735 -86.395578 -37.692231 
5 70 97 124 666 2219 -4.769736 26.320065 -13.090768 52.121767 -3.060627 
1 183 -99.045778 
1 1372 -55.596837 
3 2250 2282 2488 61.885237 -31.470793 -68.870784 
3 871 2413 2545 44.492735 -50.112734 52.698047 
3 1069 1747 2658 -31.006539 -28.241719 -53.265573 
3 1131 1976 2849 -54.492176 89.796030 -57.178134 
3 293 2256 2750 -57.225491 6.810198 6.096811 
5 128 1301 1309 1342 1666 -83.444112 94.663322 -54.824781 -79.129858 55.439016 
2 750 2518 -34.010446 -44.061177 
5 187 2125 2261 2868 2904 25.788481 0.809099 -10.483130 23.672140 -86.776955 
3 537 553 2264 64.165859 -31.273327 -46.942801 
3 1115 2210 2674 -89.263515 53.868369 -14.192859 
6 403 1578 2218 2486 2575 2635 -35.281986 50.924023 77.901827 56.423749 56.096510 99.221701 
2 451 2127 5.268783 97.879789 
3 928 2018 2607 -97.616164 -47.459070 -20.577986 
4 896 1023 1566 2534 -82.569258 74.568493 59.103916 -4.554939 
3 132 2334 2420 -66.876050 -10.134057 38.964840 
2 741 1348 38.038367 68.702226 
2 1475 2024 -65.526482 -19.266560 
0 
3 58 682 2040 -93.608310 44.971694 32.794568 
1 1780 18.063027 
6 227 1226 1650 1891 2121 2872 -91.862112 -12.122834 -91.224201 -97.319811 27.615277 89.088613 
1 1892 17.264689 
3 97 904 1582 -77.816568 -43.486422 64.836082 
4 458 1337 2142 2807 39.644169 12.825683 -82.155027 -57.478074 
2 163 2454 -84.575176 -1.552026 
4 63 886 929 2328 -83.363622 24.888956 68.216390 -3.302445 
8 58 490 755 1067 1898 2106 2468 2528 -66.749946 -91.806556 -52.071006 9.983387 71.891392 57.491453 -47.201022 66.364425 
2 383 1551 -60.394523 35.467681 
5 316 819 1623 2788 2964 -43.190008 -53.305006 19.782289 -71.310205 58.150060 
1 1832 24.662715 
6 454 993 1995 2260 2437 2459 -6.566647 -93.181526 -14.012199 -79.649181 -40.300307 66.907701 
2 2431 2668 -97.378024 80.899932 
2 1761 2497 78.748320 -76.220488 
1 2227 49.190506 
1 590 -33.603443 
1 725 54.248735 
4 1067 1969 2291 2839 92.335040 -25.440271 43.901703 2.930975 
2 806 1247 -35.158836 -46.002459 
3 294 972 2973 -30.661536 -41.720597 45.944210 
5 119 297 1590 2742 2873 -28.386390 -47.054874 -99.195196 38.082460 15.759266 
4 95 274 318 2011 30.843618 99.836326 -81.385677 68.717539 
2 477 2448 93.027098 96.794708 
3 189 932 2706 65.493265 -16.935638 -21.935899 
4 132 1058 1801 2526 -88.221910 36.485868 85.719063 -78.034537 
4 686 1514 2473 2902 -39.003723 13.669609 90.727289 -87.606889 
5 1098 1226 2046 2049 2079 -6.841437 -42.823265 89.086928 46.445207 -62.437852 
5 282 715 897 1058 2124 48.196877 85.389293 98.991574 42.545244 -23.450826 
4 1042 1701 1877 2612 -2.490321 -85.239364 17.964416 34.109867 
2 927 2516 57.869815 -27.282068 
3 917 1716 2593 -99.536597 -75.517115 -45.865484 
2 1076 1665 84.310606 46.692482 
7 79 804 1313 2000 2664 2745 2973 -42.643480 -11.155041 -89.873629 96.675897 76.060013 59.413642 -69.539290 
1 114 69.280814 
0 
4 685 918 1623 2962 -37.469446 15.552360 47.499330 -28.891482 
3 1075 2413 2870 -84.114148 -64.163133 29.861065 
3 1137 1762 2009 -93.594768 -66.064890 -31.481280 
3 615 1919 2679 -78.463486 -87.276107 -70.404525 
4 217 2230 2537 2651 -35.081301 18.269904 23.755957 -35.700604 
4 435 934 2203 2449 69.007506 49.313666 83.492194 95.819494 
6 231 251 782 1287 1776 2166 86.475712 41.239495 -84.642788 -62.297526 50.236820 62.495879 
4 110 250 256 870 -44.492254 30.259614 -11.101428 -42.110832 
3 466 1076 2346 72.426157 6.084711 -48.065955 
4 2450 2772 2786 2804 55.171777 -83.528733 -72.630234 42.554657 
3 1190 1545 2633 -39.539577 -81.395254 -22.682811 
3 1197 1559 1974 -59.526004 -56.261955 -63.144761 
1 308 49.715502 
5 1426 1480 1773 2382 2538 -66.120889 -43.997255 -55.247300 -69.894901 -82.965293 
3 579 697 2030 -28.004546 44.083176 33.434343 
3 1793 2221 2927 -83.704222 -16.692110 -58.152579 
5 935 1652 1769 2073 2497 2.816681 10.508481 -75.192123 -69.476130 -65.858867 
2 728 2431 34.504339 23.391935 
2 772 2087 62.900663 -62.797588 
4 329 891 1765 2170 32.992825 -78.239865 -75.833236 37.602605 
5 286 305 614 704 2835 39.415602 -82.699090 25.474549 -87.188540 -91.073654 
8 270 911 1583 1741 1957 2042 2200 2715 50.329415 -27.442642 60.528153 55.522420 -67.989246 82.256273 -34.408954 -50.463596 
7 2 390 888 1506 2193 2859 2999 46.054417 -4.456934 74.436577 42.521737 -53.458660 2.464765 -99.193403 
4 244 819 1705 2924 -58.683657 -29.191090 -36.899917 35.073316 
1 2336 -89.825295 
1 1206 88.242726 
1 902 29.611669 
4 412 549 1502 2013 55.786713 72.795670 -47.767322 79.911180 
5 984 1365 1412 1483 1887 29.527962 -71.942955 -76.356600 -23.246230 32.575801 
2 141 1472 60.790779 77.143277 
2 489 1364 31.342764 -81.882471 
3 421 1543 2147 11.228151 99.351083 54.857217 
3 685 813 1745 60.131125 -86.097304 86.219101 
2 1250 2167 86.835996 54.581296 
1 2046 -97.145135 
2 432 2790 -97.237605 -91.469225 
8 377 540 1349 1997 2053 2200 2371 2546 -84.936243 -93.070638 -11.553427 2.700128 42.488276 -56.984676 -3.692384 37.334155 
1 2677 16.285725 
3 377 531 2759 -82.917951 -39.158718 19.144210 
1 789 87.642311 
0 
2 404 852 -55.152494 -35.831387 
3 84 691 2320 27.856472 -51.164512 -42.745328 
4 408 1766 2201 2878 -13.744388 81.793391 -55.720710 33.620947 
4 1582 1810 2391 2478 -47.537358 -60.559694 -98.037549 50.770316 
2 84 924 -28.890173 -70.520038 
6 655 1250 1372 1973 2010 2072 -78.980122 -49.888779 -53.282354 78.840960 -34.282137 48.158379 
3 1075 1291 1969 -20.927254 14.671023 59.358091 
3 1549 2607 2967 -92.557364 -44.297920 37.560028 
5 23 266 877 1633 1656 57.397791 -1.799328 55.765777 -17.046462 -60.505416 
2 919 1329 61.976940 61.631756 
4 194 852 1859 2735 59.003451 58.000240 -54.542212 44.953556 
3 67 1722 2294 -39.213700 -57.141765 99.501515 
4 45 477 797 2097 32.425954 83.503867 83.245500 64.668068 
5 1051 1209 1307 1757 2671 62.008352 62.525247 -28.692115 49.337331 -34.422034 
2 1813 2940 81.210132 -54.627675 
3 1359 1877 2411 -77.768705 4.049829 30.833625 
2 2608 2654 -36.582321 -58.943174 
1 2014 93.354756 
2 2227 2679 99.377903 -20.636681 
6 704 778 1135 1315 1588 2536 89.700819 -10.601243 55.185571 99.060070 64.931284 -2.079363 
2 1145 2569 9.223267 -18.568869 
1 342 24.983874 
2 871 2331 -9.956045 -93.441317 
0 
5 790 828 1058 2452 2952 -74.232860 56.495044 62.531418 27.194541 9.126081 
0 
1 2995 -88.494100 
1 2150 10.863529 
3 1056 1081 2762 59.782362 -48.303760 -99.808508 
5 176 294 612 656 1122 90.657501 -38.266208 -19.551249 52.182342 -19.805193 
1 2612 76.315223 
1 2270 64.467937 
1 1190 -93.680423 
0 
3 1985 2196 2654 -37.692894 -51.842694 71.807831 
4 336 1198 1879 2699 -79.656679 -14.154760 45.604804 -33.117360 
4 579 642 1691 2790 83.344728 -48.241093 6.045947 39.878031 
5 306 1900 1991 2070 2948 11.880396 69.014962 -41.759140 -80.118552 55.640938 
3 247 499 2948 24.753232 53.206797 -21.007445 
8 400 438 552 761 1046 1067 2183 2334 -21.701562 52.748969 52.759974 -31.224494 -25.103063 -15.087585 -9.997978 69.978167 
2 717 1633 41.337684 -84.324793 
4 787 1940 2323 2662 75.965023 -62.925846 82.561684 -41.540097 
1 1043 42.946515 
2 85 2041 -47.376103 21.331436 
2 493 811 74.419330 95.589357 
4 698 1651 2301 2628 77.147092 -74.037379 -18.716180 -12.746351 
1 1080 -60.472449 
2 564 1111 -1.935574 63.436801 
6 98 573 775 2611 2872 2888 47.862191 95.151776 -32.232662 -33.195436 97.895879 -7.332962 
3 48 584 2909 -53.945117 61.930561 -25.947817 
4 661 779 1646 2138 -43.198125 -26.505803 -49.708243 -11.234702 
4 362 1300 1835 2742 -44.429276 -22.115058 27.459451 88.240385 
2 1921 2589 -15.212937 -93.274840 
1 2577 -91.560603 
2 950 2950 -45.985602 -4.776285 
2 594 2762 -62.900834 87.757278 
6 491 826 1151 2407 2470 2561 59.181887 -69.841321 -60.745330 -22.472415 -31.941685 -14.840517 
5 762 988 1759 2591 2715 90.723180 18.909014 -33.200140 -96.335735 21.358945 
6 116 1228 1690 1918 2218 2739 -33.131039 -26.982576 -22.930126 -59.962969 -12.359386 29.309900 
1 1105 -29.738631 
2 997 2783 63.375986 -55.817016 
1 1125 75.939305 
2 166 1119 57.410602 17.058183 
3 1292 2404 2949 22.028366 58.089755 71.412654 
3 1243 2282 2815 4.719779 17.384705 81.497065 
3 2662 2708 2767 -8.602509 67.522100 -93.857773 
1 2708 27.832559 
3 2025 2089 2198 2.386682 -20.911563 -35.818369 
3 1041 1507 1771 -52.694071 56.825960 -43.029827 
1 1315 92.308278 
6 132 743 983 1450 1713 2273 82.746058 -28.754954 39.354778 -32.093643 12.652651 -35.099482 
2 132 472 -45.057949 -46.542512 
5 1026 1118 1940 2123 2594 -41.163892 -61.791727 -45.905253 -87.780590 2.138705 
3 1618 2691 2896 -54.552042 -22.072974 -21.037901 
2 1889 2038 49.128685 81.497593 
3 48 928 1626 1.795646 45.119467 -17.901804 
1 2461 12.563330 
3 424 983 1600 -92.435144 7.453564 8.721532 
4 927 1367 1500 2281 23.192693 -55.150014 -39.767572 -97.462605 
3 850 2428 2549 -61.246084 -38.877494 89.216241 
1 920 -51.109009 
0 
4 411 1064 1930 2413 -77.939792 25.050591 -5.046995 97.921966 
6 260 346 985 1523 1524 1804 -25.276872 37.837363 -31.926784 -54.481706 6.952696 -71.329560 
6 491 492 644 944 1714 2115 92.802161 24.653360 59.658386 -30.055644 76.096343 82.652337 
3 3 605 1380 79.183907 73.858112 18.825750 
1 1145 -76.695176 
6 1209 1321 1517 1727 2309 2934 64.233502 94.087971 8.883386 4.713137 43.146083 73.976543 
2 523 2364 57.627889 -61.729040 
5 601 682 1677 1904 2879 86.211508 64.372537 61.807634 -46.321081 49.907922 
4 1656 1987 2495 2898 -73.018208 -11.515197 35.147565 15.282560 
4 773 1434 1468 1582 60.520773 -72.992993 -92.783804 69.977104 
1 1737 -26.159075 
1 1242 14.070591 
3 1231 2451 2796 -12.902595 86.130189 -4.905143 
4 234 338 1070 2788 68.285440 -79.604830 -96.003493 -8.656336 
1 201 -86.892822 
3 420 1239 2782 84.996982 71.836997 68.782875 
1 2916 57.703371 
5 707 1139 1935 2703 2785 2.899738 27.913890 -67.116344 -92.370521 -44.189620 
3 458 2073 2462 8.359300 95.609652 -97.440137 
3 727 822 1644 0.491762 28.106260 99.328447 
3 336 1564 1615 -28.924538 11.392298 -42.176946 
2 726 1591 70.294551 -9.236829 
7 619 1088 1501 1625 1923 2203 2297 -43.718174 15.292502 -74.905770 44.887875 24.436793 -78.307502 -92.122378 
4 958 1087 1565 1800 18.648880 -58.423442 45.019904 -67.745045 
2 815 2970 78.975587 -0.603049 
6 156 336 964 2123 2349 2677 74.205963 -5.103964 91.294732 18.673481 -76.667360 -95.968041 
3 1253 1338 2898 61.791012 83.703713 -70.890408 
3 257 1968 2623 -35.593065 -19.902217 -91.905042 
7 615 624 1015 2072 2146 2360 2864 -51.939497 23.915309 -71.552181 -17.943355 43.706451 59.725041 -52.148354 
2 1474 1785 98.908960 17.134450 
4 1097 1122 2636 2719 -3.839813 -66.025320 -58.333394 -25.426163 
5 629 1386 1592 2747 2922 -50.118216 -23.005388 22.545830 63.545531 -39.132471 
3 404 1141 1509 -51.953165 53.989533 -16.174750 
1 851 -71.400409 
2 15 2066 14.765274 -50.905400 
1 2520 4.938947 
6 785 1313 1774 2213 2724 2760 -70.763803 -22.553569 -7.537245 -13.539863 6.949333 61.658668 
3 125 2119 2358 -42.745819 94.847432 -6.630343 
0 
5 488 577 1682 2039 2792 20.978894 -57.446311 -3.074959 29.869564 63.017241 
4 141 1556 2256 2697 -34.648488 -17.058694 56.656485 10.150686 
4 291 736 1245 2584 52.822582 82.036545 1.327988 -99.777327 
7 130 460 497 1146 2025 2084 2694 12.271475 50.191974 -54.361007 34.358655 -52.165507 -96.083800 -44.088445 
1 1854 42.294969 
4 74 1516 2613 2802 -20.742476 19.540012 39.158120 -40.432390 
5 662 1028 1111 2390 2902 -47.928698 70.485420 -69.597800 -31.808141 -94.673140 
2 2701 2849 74.147984 -7.841244 
1 2383 44.395753 
3 473 1118 2109 15.807840 -85.746331 95.773919 
0 
3 353 1187 1793 -75.453596 -56.629394 -66.859054 
2 1084 2619 -29.280877 1.236504 
1 2098 -62.737543 
2 1176 2673 23.893730 78.706795 
2 1698 2975 -61.521664 70.764606 
6 1379 1418 1518 1731 1963 2331 84.744132 -70.081473 -23.332107 24.888211 -43.250956 12.259976 
2 2268 2921 76.339393 -64.516626 
3 1593 1683 1825 -93.774767 25.223044 -76.760642 
1 716 38.786988 
4 770 1952 2485 2803 -8.747337 79.929132 -59.510844 29.907459 
4 42 758 985 2207 -97.625089 82.111118 87.576257 94.941576 
3 513 611 1755 47.288921 80.654603 -70.405867 
3 174 721 2425 -64.262097 57.137157 64.412367 
0 
2 332 2611 64.070414 85.093487 
9 646 735 1667 1949 2027 2635 2752 2846 2868 -36.519497 43.311603 -62.569762 -24.848736 -31.809691 -50.393184 73.562676 66.498136 56.533921 
5 280 580 1650 2299 2772 38.192199 58.822603 -61.991836 75.909303 -64.617520 
1 797 76.212316 
4 1516 1720 1843 2408 53.791046 58.493574 -77.887754 -24.790299 
6 204 1217 2115 2714 2955 2972 -57.835206 -30.615732 -60.098926 92.762386 -33.933185 -70.022658 
2 1144 1985 -0.751815 33.970469 
2 995 1682 31.299156 13.907245 
2 1310 2249 -0.854035 -71.226001 
3 1338 2169 2216 -75.640111 -48.836188 38.925561 
4 680 772 882 1241 -68.134118 -58.545305 -92.114948 -24.110209 
3 183 1140 2056 -45.822959 37.373245 76.513400 
3 408 1121 1650 95.903816 69.478791 -31.024498 
2 1903 2591 -73.127663 -52.561115 
3 1304 1309 2668 47.457847 -91.445236 -49.506261 
4 180 882 894 2603 -66.529819 1.446550 22.576971 -76.709949 
4 351 994 1299 1498 91.573690 1.075304 -92.517349 -65.775216 
6 846 1089 1770 1894 2836 2988 -24.574933 2.219582 -32.776034 -85.682473 94.028924 -99.229537 
1 1490 69.037154 
3 450 1902 2939 -31.514256 71.856132 -21.350520 
1 1260 -80.015801 
4 474 2182 2439 2586 -61.403363 -92.387255 -87.711683 -1.114211 
1 714 80.318524 
2 1801 2676 -38.526984 29.331697 
4 460 905 1521 2952 -64.767109 -21.460873 6.143913 -55.317958 
2 63 2415 -79.137117 32.597366 
2 246 1459 -99.666426 -98.177338 
4 145 737 1334 1913 31.997734 56.497297 -93.970288 -18.981079 
3 383 680 1564 -38.926895 -75.018800 -82.497516 
4 234 1121 1871 2253 -45.554711 -97.185480 68.844399 7.990578 
6 286 1267 2053 2281 2486 2701 -54.676932 42.012218 -62.037620 -22.286330 -21.561557 -3.338635 
1 722 84.418949 
1 1762 22.741683 
7 587 1830 2050 2076 2176 2635 2826 -65.800312 -44.414241 89.119385 -60.591316 93.315709 58.436573 -57.635823 
2 1454 1913 73.628978 -46.579764 
3 1008 1154 1525 -33.612290 53.524096 -50.747628 
4 182 330 1189 2296 -47.737403 -44.532390 -8.166335 -95.818706 
4 107 825 1148 1557 -14.691469 96.486959 35.604577 -75.830596 
4 989 1695 1703 2288 -32.293403 -15.592225 -6.697520 49.613258 
3 843 1591 2103 -4.581734 -90.317891 42.138875 
2 611 2653 53.089728 -19.087974 
3 2505 2586 2847 -36.517943 -29.599841 12.180784 
4 945 1041 2103 2679 -19.422237 76.952323 -5.203181 -19.739226 
3 533 1244 1783 12.560644 39.213951 -18.806382 
9 368 415 473 1263 2293 2433 2786 2849 2956 -45.823368 -16.340486 -96.795478 15.814744 45.425536 21.943294 74.472242 -7.924599 64.668084 
7 24 1172 1911 2006 2503 2775 2989 68.734477 60.994119 -63.405608 57.599182 92.852639 -73.710342 70.461559 
4 18 1453 2397 2606 33.911583 -71.628368 -43.553771 78.958215 
2 199 2532 64.052117 48.465685 
8 52 150 755 1344 1635 2593 2665 2965 -51.943025 23.971136 46.316651 -53.106812 -53.022243 -42.903021 75.055747 -68.699521 
4 400 1343 1540 2520 -98.512823 -32.359435 40.656738 85.344736 
2 469 1475 -14.427379 86.898832 
2 990 2669 -22.627572 5.602167 
8 282 291 776 957 1085 2364 2436 2516 -71.306322 -41.907123 18.937104 -93.590821 34.578062 -31.542518 -14.186992 -46.202733 
4 412 1577 2184 2833 24.006387 -23.870201 -72.584411 -60.921889 
6 340 789 1565 1761 2016 2570 -48.317595 2.011286 68.121274 -43.448659 -29.411549 -94.010822 
2 1219 1999 1.610713 21.759863 
3 886 1089 1712 -95.017058 -71.261416 76.453046 
2 2133 2355 -2.415245 60.936516 
5 1190 1236 1623 2325 2649 -96.669599 -11.965412 26.091449 19.962622 -96.216607 
2 468 995 80.843790 0.709767 
