3000 3000
3 1107 1189 1547 -47.832227 65.937233 60.547106 
1 1591 -37.570409 
2 600 2109 -61.429912 5.133599 
3 1338 1420 2174 73.608442 -69.261430 -60.023828 
4 331 447 553 746 -70.539137 26.150851 -59.911655 35.722789 
1 62 20.435066 
3 1394 1947 2919 -18.838251 -55.555725 -55.529798 
2 2582 2699 69.351538 23.275517 
2 693 868 -8.351522 -65.002394 
1 1633 -76.276954 
2 1925 2478 -17.927708 -71.777974 
2 351 2487 32.191622 -25.643647 
3 950 1069 2567 72.559054 -50.643464 76.050744 
4 323 560 676 1477 28.797687 -10.390353 53.468924 30.929590 
4 121 260 353 1404 -2.070851 69.783968 -2.830926 -79.359428 
1 1160 16.021994 
1 2639 -66.087582 
3 715 884 2633 -17.080329 -56.407436 -10.410365 
3 310 1103 1884 -60.350077 -95.636305 -32.190359 
2 865 1113 99.379445 -46.625052 
2 191 1611 9.227541 75.756055 
5 56 319 1127 1845 2439 -2.984161 27.469891 -83.403127 47.278379 -69.604028 
6 627 866 1026 1238 1717 1940 49.112252 -36.210511 29.283983 -57.488711 57.254377 26.707695 
4 164 591 1863 2740 9.221381 -72.591146 38.829502 86.028733 
1 940 -45.703307 
6 687 1752 1815 2105 2864 2907 -70.725819 15.441250 -78.739493 82.204073 -28.005221 -5.709110 
5 938 1115 1650 1892 2816 -45.416782 -94.543791 -40.597333 71.962064 29.995817 
4 1196 1402 2452 2578 -70.529258 13.298753 9.659000 43.171939 
0 
1 259 -7.839480 
3 438 739 2391 -53.696645 -74.552956 92.785557 
5 1176 1324 1641 2163 2313 44.848233 -13.187403 72.901799 -87.853282 27.544844 
3 7 2331 2917 -29.643345 81.445745 -98.370493 
1 1608 93.454424 
4 1015 1354 1493 2315 -61.677749 6.443565 59.671265 86.747396 
4 458 577 839 986 -53.246136 -24.897196 51.585914 70.370417 
6 339 619 983 1561 2258 2660 -56.914122 5.003684 -70.650515 28.842977 17.366229 -51.653496 
3 207 1551 1643 -65.773021 -86.402484 -12.209463 
1 1210 -87.003434 
9 127 134 967 1346 1435 1843 2227 2637 2963 -25.321169 -76.543966 -91.324750 -91.545303 -12.052751 16.864569 -63.402577 -69.382911 -43.637478 
6 220 1059 1070 2034 2192 2625 -39.936722 17.972551 46.153966 15.961000 -15.189743 -97.794950 
3 1314 2058 2419 33.863340 19.008534 -67.950510 
1 1172 62.523338 
1 2424 -85.585664 
1 1995 46.346888 
3 66 449 2370 -62.850687 -65.639374 -36.003623 
1 2120 48.370037 
2 391 1365 -51.344407 92.062440 
3 202 1626 2892 -21.868906 -83.647592 58.709607 
2 680 777 82.851281 -10.716676 
2 1693 2311 3.021157 -72.670329 
0 
5 184 1706 1793 1891 2239 60.363392 47.502659 48.548766 -37.993807 92.647645 
2 87 2479 -34.363897 -9.574383 
0 
2 1018 2419 -39.801137 -62.318704 
2 99 1780 -42.017869 40.261674 
4 551 980 1796 2949 54.896384 51.934334 -70.739652 66.521661 
2 1746 2175 -60.732879 -68.730837 
0 
4 129 447 1224 1905 54.811470 -22.754377 87.660900 39.733924 
2 402 459 -12.061611 66.875502 
5 51 270 1577 2191 2849 32.734256 -75.275771 14.316475 11.336557 -41.825570 
4 1848 2153 2851 2907 76.724187 -80.102701 -38.439158 -26.517703 
2 1975 2961 -43.069572 -11.949996 
2 1424 2495 56.483205 -71.726462 
1 2250 67.818476 
2 2553 2741 -17.821131 -82.152265 
0 
1 2799 92.087099 
6 1280 1383 1618 1773 2144 2439 46.299113 -12.266181 2.510923 -9.944678 -39.152602 -41.798922 
3 1772 1930 2907 -23.835489 5.059073 5.896393 
3 815 1194 1758 14.688862 45.061769 70.958308 
2 960 2961 -75.805039 -31.716193 
5 218 720 1861 1866 2117 97.050070 42.619302 1.477504 -96.254701 59.009695 
3 77 159 2416 69.005761 58.471785 -59.829466 
1 770 -40.375390 
1 533 -73.534840 
4 495 777 1004 2921 8.149740 -24.655645 74.676394 -6.614328 
2 2537 2597 -25.878051 90.187245 
7 57 1181 1316 1653 2155 2301 2692 31.156407 -8.298236 -42.587207 22.459528 -46.515910 31.747276 -64.880200 
3 43 654 2789 -18.643467 62.889294 5.803111 
1 1272 3.213453 
5 245 271 1638 2077 2524 21.374912 65.411798 -9.806799 37.191191 77.212653 
1 270 45.311644 
4 676 763 1701 1991 -59.411522 92.978097 -46.732213 75.405577 
5 170 171 1165 1321 1783 14.912831 -79.725842 -5.257167 -76.520268 99.583720 
2 2629 2879 83.443206 29.948961 
3 1677 1776 2678 25.512674 -48.631687 -32.474091 
4 488 1236 1558 2387 20.090156 -21.455475 23.836306 91.513664 
5 299 362 647 707 731 91.185291 -75.528735 -81.540577 81.064703 -46.131286 
3 1542 1544 2339 -92.800597 42.538411 -25.340205 
3 607 939 1828 -12.114885 66.907296 -94.450662 
4 354 867 1161 1829 17.392646 21.742308 -54.203909 -24.205105 
4 108 282 740 2116 -26.305917 14.315559 -35.875960 31.349453 
1 2276 56.389886 
0 
8 289 456 643 655 1767 2080 2240 2511 -57.615519 -34.023384 89.064785 -28.896128 32.513121 54.616780 -79.027347 66.219915 
2 65 2952 -35.657425 -2.695672 
4 334 442 1994 2193 -55.859876 73.132943 35.464395 67.996254 
3 349 1459 2405 -70.463072 22.157948 32.447120 
5 1879 1891 2661 2830 2993 -66.631197 -28.512973 -26.956058 47.866764 -38.827382 
8 514 1551 1627 1696 1805 1904 2487 2961 66.044799 -48.473841 84.060438 -79.773206 11.259055 9.520126 -7.091398 -65.487705 
3 153 644 2895 15.689221 -24.696062 -97.109551 
2 1818 2022 -27.250451 -24.570185 
5 227 423 980 1404 1683 -44.756612 -0.067793 60.366288 -50.450778 31.024373 
3 1016 1499 2498 -9.142673 0.704013 -63.403825 
1 2272 57.503298 
2 988 2641 -42.744993 -15.666964 
1 160 -53.101790 
5 897 1057 1250 1500 2980 12.340805 -17.133415 -36.633911 -73.818969 -63.974391 
3 572 1676 2327 43.593886 -78.431070 59.406081 
2 75 167 -36.289408 69.840666 
5 87 2070 2424 2769 2917 56.194179 -95.341888 -88.692393 95.781946 -30.186192 
3 272 545 2865 -75.243699 -28.768212 16.171088 
2 1490 2939 -14.592796 -4.081124 
4 1110 1151 1457 2137 -44.960021 71.701046 -49.448241 -1.151804 
2 149 921 -62.316472 -3.914111 
3 444 741 2287 29.982493 89.747429 85.228631 
2 503 1997 -45.735532 -25.152250 
3 185 680 1577 38.201525 -60.895132 46.502631 
4 855 1527 1546 2701 -65.253820 54.342107 39.211280 56.726303 
2 692 2856 -65.426086 -24.822307 
2 175 825 -66.023378 48.908124 
2 525 1043 -89.716108 -54.836053 
2 830 2297 -25.927022 24.843488 
3 30 708 2458 -4.162365 -0.390403 -55.171460 
3 1224 1426 2927 -28.101735 33.057334 96.479184 
4 703 1096 1706 2619 -48.310851 40.694532 9.411971 32.473007 
1 2078 -15.137426 
4 458 1044 1467 1852 34.503822 21.791409 48.234584 -88.534955 
1 574 17.980149 
4 772 930 1398 2744 39.526133 15.493889 61.914968 -2.869727 
1 2413 -22.403789 
5 321 573 2206 2244 2838 60.065413 -96.660041 93.843741 10.895719 -27.913637 
3 22 884 2034 -42.981382 71.528202 88.748544 
1 351 -62.651453 
4 516 1099 2697 2925 -41.460978 4.323309 -79.215235 -31.794430 
2 313 1061 -19.263968 81.284585 
1 1765 -51.033607 
4 161 1374 1959 2824 -46.663724 -69.276374 -71.318549 36.556676 
0 
4 225 1050 1080 1279 58.710437 31.614715 39.398771 -42.966283 
4 84 2672 2836 2886 -96.227524 22.716093 99.867511 46.582533 
4 1025 1039 1441 1693 38.906556 8.635505 1.386654 18.984251 
9 33 60 350 893 1224 1605 1761 2133 2760 -48.777546 -99.832999 -92.247983 46.436773 34.459095 26.802871 -76.880544 -69.609010 -37.772345 
2 811 1600 -41.439850 62.377446 
3 2235 2492 2875 87.736147 21.265056 55.679174 
2 59 162 69.784226 22.482562 
3 1715 2055 2489 96.343838 91.901285 32.799864 
5 1095 1097 1699 2362 2852 -69.143996 -80.969982 38.801183 -13.486340 94.645230 
0 
4 194 2197 2256 2946 1.043747 69.460548 62.184630 -40.168220 
6 843 1182 2304 2338 2719 2760 66.586942 5.240219 26.572088 0.436500 -96.783105 -79.796448 
1 2531 -65.938308 
2 227 2569 -96.138695 -60.787072 
2 864 904 -23.413445 37.524268 
4 191 846 2200 2361 8.191498 90.305994 43.979311 93.670233 
3 865 1130 2903 -30.228674 99.492493 39.566962 
4 556 2131 2175 2762 70.444747 -42.157784 -43.951557 48.792610 
1 2920 7.834059 
1 1315 76.243243 
4 1134 1268 1399 1401 98.771265 -99.817089 -40.286680 58.744618 
3 2585 2708 2785 -36.946025 25.228283 -45.999779 
7 73 262 731 970 1869 2396 2411 -22.080079 -20.198688 5.620995 -31.360480 1.088655 55.836508 -52.870183 
4 32 784 1858 2748 71.025640 57.038896 -62.401352 -0.354065 
3 1244 1594 2836 -86.409992 5.239187 -34.992587 
6 73 535 1412 1528 1743 1852 -58.144335 -8.726667 78.357058 70.062987 -60.883534 -38.210232 
3 30 206 2502 89.132665 -44.461846 -81.711065 
4 514 979 1871 2253 66.701090 29.261805 -98.160915 -6.637842 
3 1557 1573 1917 -80.693876 -0.626270 -17.018473 
6 958 1330 2128 2497 2565 2801 -40.694417 -4.029636 -30.836606 -88.272385 -71.140582 39.693532 
4 43 585 1328 1361 -69.001681 66.029235 -67.928802 -18.501774 
5 59 1702 2326 2495 2731 8.433356 -50.650174 49.880342 -6.311783 -13.300695 
7 1305 2125 2347 2460 2555 2590 2916 7.679284 -70.594547 21.160219 59.137586 83.193092 -5.766939 83.751547 
9 209 1008 1147 1220 1720 1749 2423 2453 2887 10.622622 -11.723672 73.315354 -38.086453 -33.250458 47.776441 30.657280 -75.031893 -75.177010 
6 496 772 1091 1246 1903 2816 -47.286961 25.009029 -31.806861 -43.682208 -74.765771 -32.009188 
6 20 691 1608 2209 2679 2997 -84.752850 85.294133 93.771458 -96.598088 5.097116 99.974492 
4 887 1045 1617 1760 1.706252 65.626884 22.743892 -82.423549 
0 
4 1498 1939 2384 2833 75.676310 -87.333440 73.418249 93.854225 
2 499 2032 -55.201889 94.477760 
6 1142 1373 1617 1825 2136 2550 57.728979 36.948146 -79.145798 66.864627 -46.592081 42.025774 
2 2636 2973 1.580600 43.526302 
5 285 1098 1292 2788 2901 9.765618 -87.177756 11.721927 -40.312004 28.160849 
4 815 1043 1544 2913 -80.097486 29.476992 76.390142 -44.394817 
1 2512 68.714904 
2 393 2074 -30.855620 3.892128 
4 1462 1575 1832 1966 -46.104762 19.637115 -51.981591 -85.064854 
1 430 22.380020 
3 288 304 456 -77.386815 65.196052 -53.616148 
3 269 1666 2940 -85.252773 -11.298037 24.255211 
4 1223 2259 2884 2988 82.857863 -20.472164 38.425325 61.353563 
4 499 984 1968 2030 6.471019 7.143173 -35.501078 -69.047121 
4 118 421 1663 2261 -67.052146 -53.686801 -39.497947 39.146120 
3 1295 2249 2275 -38.723277 59.420873 48.253877 
2 666 1597 -54.498962 -17.595961 
5 301 1293 2117 2258 2648 -61.923613 -52.956573 65.133792 -1.302082 17.928582 
2 536 1131 19.494070 86.843770 
4 1058 1580 2496 2668 50.912734 98.238460 -29.018737 42.994961 
2 2325 2765 57.197867 45.618861 
5 742 1020 1694 2044 2263 6.717014 73.291850 -53.158497 33.203715 -28.518511 
2 1694 2518 -56.731151 -54.236609 
2 1137 1752 89.276400 3.157126 
3 565 1527 2706 -97.161613 39.774641 99.335567 
6 9 198 697 1059 2128 2512 67.355381 35.924027 97.997659 98.731060 70.945200 -50.677397 
4 328 1429 2181 2851 -7.212386 80.172668 81.628671 -46.255043 
3 620 1140 2164 -56.148529 61.727869 21.752231 
2 1657 2201 -86.229290 97.283996 
3 158 1511 2367 -61.642127 -45.109422 3.325053 
2 915 2614 91.555591 -76.332589 
4 1663 1759 2409 2715 44.035933 88.963493 92.253931 -33.128095 
5 659 1114 1883 2660 2920 -9.026144 -45.357900 -45.243263 -74.136867 80.851975 
4 117 333 1253 1790 -2.168049 -41.042325 87.893789 -49.738758 
4 212 488 683 1794 -12.282308 -27.414155 6.442175 15.370720 
1 1087 -31.216844 
2 99 1600 -6.655489 71.208168 
4 462 642 1654 1995 -32.275390 74.475407 -1.935351 33.427557 
5 993 1299 1963 2408 2936 44.506682 -4.405777 -98.698619 75.756924 5.940007 
4 1303 1743 1861 2229 84.621824 -63.171977 -20.510543 -18.240219 
3 1582 1598 2241 -90.276480 -85.809622 50.602883 
2 1915 2033 -58.406847 76.138526 
8 332 395 786 1573 1850 2160 2181 2587 -15.131111 -39.678695 43.785291 -84.585840 36.929279 25.963283 -50.549887 3.844853 
2 1271 2058 -65.329930 14.040103 
4 1247 2226 2354 2356 -30.858370 6.998381 -3.864163 -11.268494 
4 15 1930 2185 2386 39.118686 55.974274 -63.549001 -7.141667 
7 1090 1519 1791 2604 2882 2909 2975 -90.021438 -53.219733 36.980837 43.458803 -9.855150 -42.146753 11.013284 
0 
3 527 704 956 -25.127363 -26.967881 -96.688541 
0 
2 1426 2744 -2.145313 -31.844078 
2 1638 1849 44.677906 70.213774 
1 1709 22.596429 
4 373 726 2142 2658 -23.815899 -2.560326 97.623889 53.212064 
2 1517 1823 80.409145 -59.656155 
0 
5 26 492 684 826 2009 -31.027637 -17.088753 34.536964 88.776373 -81.796900 
4 497 780 901 1888 8.350170 49.633984 1.718686 -23.098433 
2 974 2152 -2.094692 -2.421127 
3 1120 1330 2309 -50.362667 -33.705497 -74.700254 
3 854 1368 2979 -15.132146 91.392760 -64.547854 
1 2701 29.444917 
7 1156 1312 1690 1968 2037 2119 2836 -99.169565 -80.475757 -9.978840 -35.312363 -97.067438 -40.437868 79.773769 
6 417 2143 2225 2477 2680 2685 30.368310 39.249536 83.702034 30.756950 10.442693 59.730378 
2 327 1051 50.766701 -16.286708 
0 
5 725 1723 2366 2425 2907 18.268396 -47.877063 -12.108488 76.181775 -5.213366 
4 1163 1866 2336 2966 -10.556387 -68.939927 -79.909754 10.128832 
2 2036 2657 -63.798293 89.122293 
3 216 1148 1680 17.121517 2.789726 77.132465 
3 469 1208 1837 2.845812 63.877543 -82.600327 
1 2723 58.317378 
5 825 1015 1745 2518 2542 -28.661188 -53.436876 26.854304 70.091703 -67.893816 
0 
6 84 455 1153 1867 1935 2991 -95.208189 -96.384159 88.284694 30.589509 74.868872 63.755603 
4 196 1612 1764 2364 -55.138067 -86.040367 -13.915392 38.177409 
4 215 1115 1551 2301 62.411141 72.882958 40.387016 -7.328733 
2 244 2274 -81.522254 -57.514498 
3 55 115 2338 1.956196 -33.531371 -73.780279 
2 253 1672 -27.632253 44.632830 
4 798 822 1005 1055 -0.197965 92.234299 45.105851 94.885248 
4 235 1714 1942 2487 59.092186 50.909297 17.724947 99.318736 
5 31 783 1258 1669 2381 -93.418371 -81.560924 42.633850 23.712492 -29.166424 
2 1419 1494 -99.577221 -36.598673 
1 2606 17.037579 
2 38 1019 -47.469665 30.312928 
1 517 21.786960 
4 493 980 1804 1926 -63.520473 73.634231 -14.969394 -24.330875 
5 875 1199 1539 1760 2676 94.971272 91.933940 -15.020165 84.461713 -56.734362 
4 303 523 1485 2978 90.014888 -70.110481 -83.553332 40.268004 
4 425 690 1480 2074 -85.285300 84.800342 28.546665 -40.292340 
3 809 1051 2637 -34.058966 -49.589229 66.973871 
3 963 1374 1852 85.755538 72.254769 -34.623226 
6 265 548 1460 1803 2386 2928 -3.861448 -9.226255 -2.163419 -93.053296 77.604790 99.462626 
3 24 272 1209 94.667033 -82.128209 -17.180955 
3 136 146 2782 -76.326544 -11.660658 -90.212199 
4 322 464 801 2193 94.593037 50.096521 -83.005784 92.635017 
2 1222 1822 52.151166 -59.460535 
2 672 2213 -19.045228 79.123597 
3 713 1941 2216 -48.388359 -74.339614 76.255787 
4 530 1207 1263 2411 -10.105215 33.130877 -65.340424 -97.127424 
2 21 2374 -80.929057 98.997896 
3 654 765 2768 69.559166 -45.975605 -67.586098 
3 1499 1577 1642 91.156443 53.102390 -45.048273 
2 305 1300 -23.194510 -73.017426 
4 550 1014 2679 2883 86.364364 20.939600 -34.036474 51.844087 
3 408 1341 2071 -23.089804 -83.995365 -26.226708 
3 130 1229 1620 -38.640664 -37.263485 -47.914221 
2 1378 2868 -17.678752 -47.994945 
4 368 1264 1378 2705 0.181731 18.939342 67.479205 18.979797 
4 1517 1613 1769 1979 -69.295664 66.677162 -69.835579 -23.381986 
1 2555 -5.365788 
2 1253 1370 4.603155 87.599099 
4 977 2217 2785 2852 36.515398 -49.006184 86.518615 -28.459343 
3 2704 2782 2829 58.798367 -14.865814 -30.700517 
3 1637 1709 2366 -11.536366 -55.366691 50.998215 
4 1911 1925 2517 2754 -51.572136 -49.966270 -5.493306 -56.358355 
1 2316 55.962975 
4 613 1489 2255 2504 6.518849 -71.283891 26.089072 20.188097 
4 540 1940 2331 2971 -36.769916 47.692135 -30.547792 -46.343310 
1 72 -20.408388 
6 716 756 835 1299 1720 2598 52.554144 -25.193833 -78.885756 -45.163597 -86.508055 -15.459697 
4 1530 1657 2207 2568 21.389020 -54.426813 21.746914 -70.620343 
3 23 160 2087 -71.766505 38.628726 -79.800547 
0 
5 217 594 966 1232 1985 -16.575438 -19.545244 -40.923558 54.423966 28.831532 
4 854 861 1666 2726 -11.924638 -58.126875 85.469316 80.892821 
1 274 23.792068 
1 2188 -41.010412 
2 275 1227 18.864015 4.299695 
1 849 -11.652664 
5 687 716 1418 1929 2011 58.871212 47.691992 -85.539855 24.032603 75.322101 
3 1241 1898 2438 31.711482 -11.407145 19.644184 
3 250 2740 2844 36.978035 -57.023920 50.450456 
3 606 2134 2850 -98.611750 67.349592 41.948614 
2 1779 2041 2.238747 86.193482 
2 1054 1103 -0.441884 -94.026522 
4 374 2073 2080 2097 -53.382321 93.008536 81.292096 36.480421 
3 400 675 2250 84.685523 43.079227 -31.181689 
7 41 1027 1236 1675 1812 1849 2443 -25.519374 -19.911469 43.135098 -68.712468 79.232153 -72.242300 -65.156698 
3 1773 1918 2001 85.702932 -76.296411 33.623579 
2 1652 2755 28.668218 2.743860 
7 341 1191 1426 1810 1989 2555 2908 65.506397 -26.680208 94.534599 -68.101608 4.359248 42.708962 19.606314 
5 298 645 1581 1804 2099 -89.896139 -41.015372 -87.738348 -49.072634 28.336988 
4 827 1849 2315 2533 -15.885290 31.228684 -97.694014 -23.569845 
3 980 1890 2300 -14.111944 17.744083 -13.211013 
1 322 -71.838689 
3 1410 1912 2231 -4.611762 -42.393584 61.432731 
3 1495 2168 2241 -58.791933 -93.124996 -43.037732 
1 247 38.291466 
2 981 2404 32.811301 1.546205 
2 360 1013 33.457720 97.675784 
2 155 2181 31.574757 -13.238853 
5 934 1286 1801 1895 2529 29.633216 -42.831945 -64.667415 81.076309 -97.271415 
5 143 609 2595 2800 2962 -93.361627 -74.527649 -3.012020 72.608308 -45.400797 
2 1738 2746 -66.960931 -14.169507 
2 577 783 25.306291 -39.600453 
1 557 23.298026 
2 1717 2118 -4.545949 -19.064947 
3 483 1681 1905 -70.915552 93.193786 -98.905360 
0 
3 40 853 1806 39.263806 14.744152 -94.068410 
1 1611 49.634166 
3 22 724 1423 9.384784 -64.699569 -16.362543 
4 180 1567 1859 2583 74.006037 -88.079608 -44.218912 60.936841 
6 1450 2220 2273 2336 2337 2826 71.307016 30.869600 -38.984237 36.931761 -26.738927 -44.958882 
4 339 677 1024 2910 -75.610530 39.965512 -69.708972 -90.024551 
3 158 1549 2513 45.448341 -68.660017 93.359484 
3 1062 1114 2576 20.206562 48.254464 8.530959 
1 778 96.848700 
4 667 820 1527 2858 74.424379 52.448987 -61.956495 -60.682620 
1 1695 82.586315 
2 486 1069 47.438340 18.348761 
4 771 1029 1450 2833 81.114679 7.749915 66.245950 -7.604488 
2 694 1080 61.217966 75.224484 
5 71 654 1146 1710 2838 11.771258 11.992443 96.474277 -68.425596 17.207530 
5 16 479 630 2583 2646 80.959774 -58.283995 27.661328 22.799635 -4.558180 
4 660 2240 2260 2390 -75.728411 44.011669 72.730318 -49.774508 
5 561 1018 1196 2694 2922 -54.412700 89.154444 7.943033 90.676486 75.609753 
1 1161 -80.164554 
1 2547 -25.199386 
1 1612 38.380631 
3 929 1206 2181 -51.343648 88.985471 -47.126333 
3 1404 1726 2736 48.726780 85.353568 -27.507886 
4 1896 2410 2674 2746 -93.672948 -75.352239 86.892959 -41.180302 
5 376 884 912 1639 2741 49.936819 66.074421 36.922832 -46.225591 65.887535 
3 496 533 1175 64.593976 87.371725 -52.333719 
2 483 872 -0.353559 55.392164 
3 1181 1742 2929 -68.391897 88.193897 75.721311 
4 229 826 1288 1356 88.248683 -85.650415 91.474410 -57.876744 
4 1770 1938 2394 2831 -43.412820 -2.277948 -26.175557 77.269532 
4 188 398 495 1753 -83.953153 -73.527481 16.629717 -27.857897 
3 1961 2158 2775 -53.870647 -61.959825 -55.105694 
3 49 2970 2975 -24.093314 74.711793 -90.963304 
3 945 1306 2770 -25.595321 -37.787946 -74.593885 
2 1879 2888 -15.212350 -64.923008 
4 111 204 2853 2854 -48.306021 76.341141 -39.348672 -43.930982 
5 451 471 1181 1692 1716 -89.398202 -96.951439 -89.755704 -59.049980 -81.737662 
7 700 845 1249 1908 2109 2780 2784 3.624806 -84.644560 -10.528024 41.146956 76.479626 26.665284 21.055518 
1 2742 22.177812 
4 342 947 1995 2442 -48.634045 36.025407 37.769444 -26.747215 
2 1014 1215 78.795181 -84.396610 
5 504 1064 1192 1660 2594 67.876488 -78.913199 -80.929567 75.624556 60.399726 
2 2196 2264 -38.698425 -28.966703 
2 986 1243 78.338226 -33.264471 
8 58 589 660 1625 1760 1957 2494 2981 -27.466923 8.859620 14.123066 -0.666902 -68.176195 12.096581 -79.666344 -18.797388 
2 986 1729 -44.678456 -20.212005 
4 243 2037 2392 2640 -66.209204 76.859950 89.088758 24.029703 
3 635 1537 2575 -26.641385 -37.851765 -36.919554 
5 64 1860 2505 2594 2901 54.329301 61.759552 -14.782898 -65.015258 59.060896 
2 358 2841 73.732234 80.509007 
6 626 1598 1669 2068 2103 2876 11.726867 -46.834570 -90.943018 -33.121019 -77.513481 -7.334324 
3 857 1469 2924 47.807952 22.137674 14.267652 
2 353 2566 -76.827312 73.259674 
2 1664 1816 -21.547309 -44.269079 
2 638 2473 -65.170258 5.644651 
1 2923 15.304520 
3 969 1397 2164 4.280081 66.327535 5.589279 
5 1310 1811 2655 2746 2919 -31.915700 -43.422591 62.262571 76.743314 8.243659 
5 42 62 218 1111 1525 45.798249 -53.921337 95.036787 26.118761 58.511745 
1 1741 -24.231114 
1 200 -64.249924 
3 794 2515 2922 -93.401314 61.644278 -46.071765 
6 629 661 1186 1666 1701 2840 44.369178 -37.330505 49.491713 91.083987 -51.249104 55.661286 
6 1169 1574 1632 2082 2691 2927 91.179970 -29.299324 -71.819733 28.729998 60.548961 -59.821828 
3 428 624 2644 0.317045 84.935079 -91.134623 
4 219 1428 2198 2466 45.124138 78.965559 -43.118368 83.535466 
2 825 2265 25.729292 23.298255 
3 1801 1981 2099 -13.791416 -69.323588 48.063656 
3 365 1196 1461 -70.211844 33.206208 -16.437776 
2 1732 2820 39.977262 -7.555268 
5 522 1266 1811 2851 2914 29.494841 86.507524 29.456627 45.438803 63.288938 
2 575 893 72.234770 30.913491 
4 1785 2203 2637 2938 -50.012863 11.147554 -28.336640 47.606085 
6 528 996 1109 1184 2138 2935 -30.805456 -33.302199 60.915352 99.952769 68.426837 38.775417 
3 92 462 2622 -74.495334 -48.403185 13.162423 
3 462 1008 1889 94.507620 38.672077 51.493760 
4 1565 1888 2084 2823 -11.144680 1.678337 22.121068 81.009207 
2 2038 2411 85.850611 -25.562098 
1 1454 66.084593 
3 12 1055 1940 70.552717 -59.074585 -15.952161 
2 1314 1938 -73.300749 -8.473506 
4 1472 2080 2547 2658 32.225022 -78.567265 -32.045912 -26.811385 
3 1116 2066 2501 -29.195066 37.210989 -37.425149 
6 413 549 1192 1471 2171 2228 -30.483431 -35.713373 -39.573181 19.523611 37.571481 35.464368 
1 401 -70.883291 
2 707 2940 51.860236 -62.166698 
1 1674 73.073085 
0 
3 305 1613 2904 -83.613258 -45.906516 -56.290889 
6 243 894 1088 1102 1167 1713 -62.788232 37.714685 -83.106760 59.629033 2.197796 26.837583 
1 2139 -89.988760 
3 312 1915 2678 87.070952 -28.678834 -60.396028 
1 1519 -60.965920 
3 685 2564 2887 66.073210 21.049627 31.555966 
2 859 1192 64.498411 -67.302765 
5 446 2065 2439 2861 2920 -4.115976 85.242958 -4.055576 -34.882996 -13.864973 
2 118 2480 -1.047481 77.888723 
5 404 444 937 1038 1333 -0.672246 65.108056 -17.303517 -66.586093 50.019226 
2 263 2372 45.986830 1.122144 
3 1711 2262 2900 -63.723111 28.745631 48.743536 
4 113 904 1014 1061 -48.820115 2.483485 -84.384205 20.678045 
4 156 1100 1548 2246 -27.247286 64.262782 87.962228 -96.260364 
3 264 1762 2871 76.241526 7.900559 -5.541899 
4 281 1540 1931 2154 50.119592 64.364302 -29.018307 26.417732 
2 60 2631 49.028523 -65.753309 
2 2242 2802 48.384037 -95.629296 
4 403 1744 2367 2542 4.930190 -16.095265 -36.208568 22.320943 
1 2472 32.951469 
3 9 52 162 76.083026 -23.148199 -70.652453 
2 542 2922 -92.894561 39.927252 
4 99 481 1726 2163 -84.954978 85.857080 -38.658081 7.506620 
6 185 470 809 830 1058 2582 29.320972 -45.458184 -45.584224 65.806635 27.153825 37.081834 
2 187 355 -46.894244 97.698148 
2 151 823 -51.528655 98.648054 
3 196 359 1188 85.312310 60.950277 -34.574267 
1 102 -65.014131 
2 1236 1264 54.913372 -5.717118 
2 1700 2042 -10.484835 -99.307564 
4 1567 1836 2524 2704 -5.168336 49.883508 20.063276 47.376190 
2 1131 2809 -38.375180 29.211838 
5 148 610 1223 2217 2423 30.937047 63.877227 29.014858 -24.766828 9.698128 
5 176 677 752 1798 2216 28.660967 -94.881401 33.012296 87.897029 -31.218938 
5 1029 1855 2483 2889 2985 6.656562 92.700993 28.276249 -81.117445 57.615345 
2 2588 2814 -79.894175 -68.409709 
2 88 2799 -84.820257 30.937322 
2 352 2812 69.632298 67.962994 
4 725 1550 2069 2675 -52.320163 -12.848173 35.249252 -76.604190 
3 170 318 619 -27.271677 75.144790 -98.285790 
0 
1 2918 72.580903 
0 
3 1658 1750 1804 -47.640989 88.238531 -78.179733 
3 551 1469 1701 -28.458403 -0.288519 -93.849724 
2 1196 1901 72.536559 -79.582957 
5 70 452 1993 2390 2861 -89.201935 44.120643 -85.641418 15.998282 95.836117 
1 1375 91.115447 
3 928 1929 2090 -92.851977 -16.494014 -61.585546 
5 1172 1378 2116 2275 2763 23.059593 -86.370723 75.450478 -11.523677 -82.545930 
6 1592 1686 2129 2238 2271 2578 74.779545 -84.195246 -10.296787 88.409371 91.659285 -23.149198 
3 562 1580 2961 -23.257597 0.100948 -46.966986 
2 659 2246 -71.528979 -58.824807 
2 1434 1896 -62.143875 53.816746 
1 131 2.718146 
3 2360 2735 2789 -84.640923 45.749596 60.279050 
0 
3 748 832 1456 -45.966034 -0.305422 28.628049 
2 7 2530 45.847649 -28.269830 
6 1013 1166 2550 2609 2621 2905 40.250817 -2.230788 -16.239007 62.836506 -78.980937 21.298872 
5 1340 1964 2725 2794 2915 82.563660 -2.556071 78.508951 -71.546712 -17.980948 
1 796 -82.635123 
3 59 858 2487 -80.285803 -28.676230 -60.760690 
4 973 1129 1513 1635 63.333911 13.185406 -28.338265 42.669461 
3 1724 2133 2488 68.037362 -1.227773 -22.042425 
3 1112 1851 2081 -21.896589 -40.367363 -9.435647 
1 1386 56.615567 
1 2045 -36.202919 
2 1313 2160 83.611523 26.923099 
3 917 2722 2749 51.928852 -6.517944 98.438144 
4 859 1538 2304 2728 -19.866634 -39.639874 21.491911 -97.536686 
2 1089 1805 12.428882 38.062982 
2 2720 2866 53.587055 -39.857872 
2 403 862 -11.979000 56.375765 
6 665 910 965 1738 1918 2153 -79.966387 3.354798 -49.665060 -77.094608 -81.866701 -5.218430 
2 465 699 39.640600 -50.275527 
1 554 -94.350275 
5 15 331 1036 1369 2644 -60.592812 16.357027 16.161143 -49.434278 -11.065943 
3 296 655 2190 14.782041 -51.729808 45.130333 
3 1207 2472 2606 -21.659901 -7.111164 -10.233472 
2 769 2137 -96.205399 67.541024 
2 402 1737 -26.957106 -3.974016 
2 519 2876 35.161046 73.224903 
3 886 1152 2704 -56.817120 69.559302 44.461939 
1 917 -85.916550 
1 2985 85.296756 
1 2269 5.848679 
0 
1 456 24.854507 
3 41 1072 1211 -19.786882 47.607845 -18.786814 
2 609 2881 73.805785 -20.432481 
2 1602 1608 85.923314 29.651817 
2 37 1915 47.279028 74.624795 
3 251 1450 1763 68.924331 -54.509966 -63.025360 
3 449 573 1813 11.849113 -10.329223 85.177308 
3 1496 2421 2974 71.311570 98.154525 -69.712540 
3 165 201 2249 -76.071097 11.246279 76.630068 
3 518 848 2637 -20.986981 -98.791852 -36.354344 
4 779 1108 1841 2024 19.256780 91.826199 -93.075238 65.137637 
2 541 2777 -57.078332 -87.634932 
5 374 463 1290 2002 2777 56.511444 17.123767 89.984218 19.353951 -78.052646 
3 530 1616 1723 47.399943 32.575210 -20.799926 
1 466 84.564195 
1 212 83.629548 
3 0 2080 2643 23.658920 29.074952 -8.514220 
7 184 406 745 1195 1924 2053 2666 70.797093 -83.996085 -38.444897 7.374089 69.628565 -50.869166 28.955060 
1 877 -18.827911 
4 352 2064 2596 2874 -94.275166 0.711872 -86.853650 -36.538737 
3 379 1890 2488 -12.971965 44.541911 -49.369015 
5 761 1086 1963 2533 2637 -64.401785 -69.129364 -41.525731 15.424181 -93.322848 
3 1574 1952 2924 45.354182 55.098505 -79.171160 
4 17 218 559 1217 42.777696 37.811798 5.096341 67.037921 
1 1655 53.817327 
3 204 314 635 16.429156 -66.089320 -56.495681 
4 566 1018 1758 1807 -72.439194 -39.921296 75.017802 22.806411 
3 648 761 2091 49.376503 26.157960 -44.613827 
2 2117 2298 -9.960749 -27.855898 
0 
6 432 869 897 950 1036 1318 -49.980419 -9.451605 59.631059 16.527351 19.846719 78.442760 
2 483 549 66.694382 -45.904591 
5 719 930 975 1515 1791 36.854964 -2.902549 -84.625447 -16.577902 -52.510323 
4 526 1683 2680 2769 -55.449855 -4.153974 -52.568415 -17.320925 
1 2473 20.064964 
1 1501 -49.426658 
4 33 440 480 2467 -47.919561 80.686681 36.241422 1.916329 
1 926 -49.357944 
5 1438 1593 2042 2531 2654 -83.827691 45.640851 84.488754 -22.970883 70.116690 
3 461 815 958 -90.959193 -32.471341 -37.150913 
3 1538 1597 2500 -23.072122 77.072787 -23.837500 
0 
3 628 2061 2615 -5.540665 44.818115 -81.707814 
2 80 2071 -67.644281 -82.486680 
4 97 1653 1824 1908 -69.775685 67.712281 17.596910 -81.096398 
7 621 747 1008 1292 1546 1921 2605 11.596719 -92.063565 27.619628 -2.026690 -23.371150 -31.298489 -84.063094 
4 906 2352 2492 2867 -14.377617 -20.320019 21.000099 41.314739 
2 589 2435 -48.555316 42.740896 
3 355 364 1968 -46.113725 24.220627 -98.679437 
3 919 2079 2593 -70.879980 -54.867091 69.875805 
7 473 1206 1343 1444 1454 1988 2922 5.261478 20.982006 -97.593941 -62.711302 -85.659313 -34.456062 -4.232362 
2 990 2032 90.124376 76.554368 
0 
1 1267 91.849783 
3 1167 2313 2663 -2.545381 51.173500 63.655786 
2 464 1901 -71.297042 23.706919 
3 517 1126 1192 56.455105 -29.151349 73.809681 
6 58 671 1056 1318 1606 2542 -1.672706 -94.583497 28.976446 -78.936535 32.553630 9.909904 
3 46 783 2408 -39.009094 -12.297376 52.824538 
4 770 2057 2125 2882 -85.115669 -1.300907 -23.988222 -17.915444 
3 380 700 1719 88.544745 65.250719 -41.998325 
1 691 61.186160 
0 
4 7 512 2047 2475 -25.066077 39.284590 -19.396178 75.128327 
5 775 1078 1376 2388 2412 -69.791953 -85.473437 27.599431 -4.844541 -23.570657 
2 1275 2358 34.519334 63.480048 
2 93 1844 11.543942 74.949296 
4 35 234 282 897 -21.545765 -87.896937 56.106313 -32.679447 
2 503 2960 -32.958046 84.266938 
1 2236 -42.972819 
1 2706 12.294618 
1 2991 -39.049486 
3 995 1019 2906 -30.315097 99.888415 -52.013766 
3 28 2055 2448 53.733660 82.951458 13.774810 
2 150 2091 -81.999108 -12.410280 
4 492 505 1928 2092 56.536914 28.823514 23.313575 24.732083 
4 1236 1546 1592 2659 20.590847 -78.307159 84.238221 25.338900 
0 
2 1609 2590 2.842845 -36.095727 
4 214 1053 2775 2976 -11.960016 -97.268112 -22.618212 90.606928 
5 84 849 1124 2225 2420 -36.189479 -57.259108 56.462091 -13.137097 -97.342711 
0 
3 1438 2338 2698 86.840436 -73.529256 -44.499573 
0 
2 2287 2606 -29.052773 74.825517 
4 807 959 1258 2959 -54.314996 -78.403259 87.812013 -88.398181 
2 1509 2949 29.066038 -84.602679 
3 477 1586 1925 22.212911 -53.114223 88.483644 
2 263 2447 -67.006751 -36.693738 
6 591 736 1415 1759 2488 2514 61.858228 58.190142 62.073055 -37.944993 -24.957116 -42.712396 
2 63 1677 -79.080214 -28.674701 
2 710 2303 92.372345 65.906023 
4 375 1391 2713 2739 -47.206550 -83.476585 62.222068 -9.969922 
4 533 784 1921 2252 33.173429 -44.532520 85.082653 -8.142140 
5 113 1022 1103 1185 2889 -43.928077 54.136000 -60.543623 8.234982 -72.400537 
1 2021 36.617021 
3 949 1290 1877 93.014085 22.931799 -4.395267 
1 2395 55.465044 
2 2005 2119 6.984313 37.804545 
2 550 1806 -38.744116 -59.724189 
4 676 836 1755 2185 40.270602 -32.198012 90.724757 94.927734 
5 1038 2469 2748 2960 2963 -56.687927 -40.347053 -87.225084 92.944638 60.374486 
3 1351 1561 2604 -96.660121 -6.958227 65.686012 
2 56 1573 54.853079 22.050956 
4 570 936 2576 2980 -51.573504 88.985853 6.488753 46.130483 
6 1137 1592 2124 2232 2372 2524 48.846189 -56.921793 -94.280856 -90.943100 -49.374877 -97.886290 
2 21 1738 -20.907363 -0.398717 
4 32 1599 2033 2413 94.891151 88.650426 -5.658053 32.206178 
1 2389 36.253948 
4 279 526 1170 1744 93.549365 68.368594 60.522208 19.984200 
2 827 1729 -26.012083 -93.959136 
4 794 1450 2036 2626 -77.106337 -60.779084 -24.461695 68.395121 
3 832 1092 2953 28.775776 8.935466 10.366571 
4 670 1980 2090 2890 90.816155 -16.939942 73.414084 48.426343 
3 144 898 1435 -70.993313 -12.130580 59.232044 
4 72 1782 2384 2817 37.571212 22.692122 -74.016383 32.070986 
1 771 30.334478 
2 278 1242 -44.461093 -94.101453 
0 
3 195 1359 2294 -43.909652 -46.075186 -66.050559 
6 412 594 703 1757 2038 2041 52.817019 -3.185945 80.798320 98.962100 -83.695069 -52.595733 
5 250 1141 1360 1785 2369 -62.338980 36.196779 -47.077334 45.567584 80.007239 
4 1740 1924 2337 2540 78.123194 0.994303 -20.797667 89.014872 
3 54 2603 2753 -96.523687 -81.094800 -15.851999 
1 2931 -29.351638 
3 148 1561 1990 -93.921615 32.240563 -63.430935 
2 1106 2358 -5.441560 -77.322877 
3 629 2014 2687 7.998592 11.801377 -42.302780 
1 449 -68.236380 
2 216 1264 21.060606 82.973082 
3 464 2033 2133 -37.682454 99.278002 -63.948954 
0 
4 823 1234 1271 2367 53.489411 87.931721 76.690627 1.256786 
4 91 695 841 1122 -43.007983 15.898935 79.015452 -81.808440 
1 362 36.020339 
1 857 -32.453136 
3 1000 1500 2235 -7.779693 -7.963934 -8.815539 
3 997 1459 2971 93.884581 60.275387 -2.352892 
4 53 292 294 1803 -33.945749 62.151374 -46.499295 -34.876010 
6 1229 1251 1948 2483 2726 2787 31.340226 20.689769 94.585299 -33.696346 58.940766 67.598367 
1 841 -31.011970 
4 981 1431 2077 2995 -99.231528 6.470283 91.566403 58.016850 
2 1358 2820 53.010130 -42.353924 
4 712 1686 1748 2503 34.399661 56.506072 54.869685 32.490946 
2 97 1801 -60.813987 -53.726026 
1 1847 -30.986286 
3 1422 2085 2843 62.236323 72.407045 -72.782408 
3 296 1448 1875 63.976595 9.139847 91.727763 
2 1360 2569 -12.406169 -67.736478 
4 1367 2812 2846 2959 82.772841 78.710631 59.917360 -87.883868 
1 725 3.479666 
6 96 547 996 2422 2850 2970 76.170138 -78.877957 -99.343743 -47.445268 15.057700 42.973508 
6 219 1036 1543 1551 1987 2781 -40.764556 -74.089872 -48.494477 -98.346618 44.022288 53.930088 
2 2817 2971 46.689685 -63.323551 
2 864 1338 -96.504332 13.095853 
4 1723 1749 1966 2448 67.789421 94.910723 -67.361738 -16.789334 
2 206 354 -52.451360 45.577017 
5 280 564 1701 2218 2890 -78.290941 21.634147 18.847968 -45.344835 -94.779771 
2 33 594 0.765368 -90.518544 
7 133 646 1265 1324 1844 2255 2362 -46.681895 78.303013 0.889866 31.412880 25.641823 80.992415 -92.521059 
4 136 1574 2048 2910 3.993269 -55.720373 -27.364877 -51.213888 
3 263 1046 1220 -10.212504 26.410396 30.369985 
7 715 1152 1247 1306 1344 1429 1810 65.978704 -15.294181 -91.996266 72.066958 -90.918458 -34.146108 76.314455 
5 177 250 2336 2605 2809 -8.668038 34.819122 -41.752571 26.757758 51.373410 
2 987 2108 -74.285598 79.364173 
3 214 219 1670 54.097434 45.231805 -56.904590 
4 712 2236 2667 2879 38.422960 80.659301 -34.406394 -43.003273 
1 1110 -63.017789 
3 228 1258 2956 -53.629560 -47.184798 55.712248 
5 282 1403 1635 1831 2258 35.160995 1.854148 91.324621 73.164940 -31.379165 
2 1203 2329 29.925446 -66.459269 
3 557 863 1825 56.441717 1.853642 60.403498 
4 1364 2298 2444 2937 -77.494079 65.234734 63.134957 63.884818 
5 556 981 1333 2035 2556 3.885636 -45.146025 -5.885993 0.425968 90.001810 
2 980 1464 -84.624415 -42.481348 
5 510 1967 2176 2236 2670 25.508547 77.179380 19.821874 -12.728377 0.083397 
3 1240 2161 2620 93.961272 54.350465 -24.726457 
2 595 2675 -25.856185 -44.953419 
3 2021 2787 2997 -64.368167 -74.621131 18.623295 
5 225 255 811 1653 2282 -26.625099 -14.971251 78.020455 82.111617 47.701573 
3 1907 2678 2794 -89.431060 -96.320512 -72.963563 
3 945 1887 2747 2.612810 -82.667645 -78.828995 
1 2003 56.192503 
4 986 2386 2775 2973 78.299751 91.627380 44.686706 39.951469 
1 2017 21.854832 
2 946 1466 -30.576704 -64.373660 
0 
4 190 401 436 2466 63.859822 23.680719 -43.791324 81.200982 
5 97 940 1857 2804 2863 29.771221 11.239739 34.384478 60.085322 -62.641181 
4 332 888 1292 1725 -10.284775 85.687930 -77.291332 -73.322713 
2 516 1761 -12.329035 71.236466 
2 559 2523 -64.186438 9.165946 
5 1219 1501 1619 2377 2764 -45.992569 -60.907641 -68.594433 -80.421780 98.979647 
4 404 836 1584 2308 -62.747765 -82.334122 -62.796001 -34.962435 
3 25 1074 1992 -37.214443 -46.102620 38.610702 
2 1614 2885 -5.174937 72.890689 
2 704 2947 -61.827312 -76.919657 
4 612 1570 1802 2452 -46.305364 67.692837 74.814034 -77.482613 
5 268 500 1372 1669 2588 62.637052 -86.183492 -73.304928 69.943637 -76.477572 
4 66 1249 1595 2796 45.841184 -84.129699 -36.288697 -46.978657 
4 1829 1957 2438 2789 -63.380760 7.978541 3.125573 -22.639636 
4 833 1364 1593 1606 -4.955417 38.180721 -80.313900 86.330963 
4 143 361 1942 2646 30.199995 -7.387097 -3.079300 -76.203756 
5 87 1518 2029 2373 2868 -45.808562 28.479401 88.384995 -59.313688 64.711063 
4 641 2061 2411 2738 -12.396065 -61.429419 94.063918 -2.164632 
7 61 552 733 1312 2335 2839 2848 -46.790401 -58.618654 65.795940 85.113542 -2.599429 93.412365 76.320285 
4 144 525 1075 2140 -30.175108 34.360489 -84.546491 57.877162 
5 120 788 1503 2233 2635 23.156864 78.298319 5.748490 -66.531531 -92.307602 
4 1224 1445 1645 1667 -20.978392 79.052127 -11.189129 1.591117 
4 1352 1682 2076 2808 2.987650 7.639455 -85.914100 40.475903 
4 1420 1429 1531 1793 -45.184497 28.885897 -23.400914 -80.384975 
6 74 740 1048 1846 2399 2966 -54.305566 -28.175870 74.206032 -39.524626 33.385847 79.868243 
3 319 1859 2395 23.121532 16.112771 -24.531005 
7 1147 1220 1317 2201 2622 2681 2877 69.361396 49.662086 -11.605950 2.545460 19.020545 -51.269992 -62.351336 
3 2058 2275 2956 -62.643901 -81.560574 -5.821222 
2 601 2489 -93.285014 34.678604 
1 2836 -95.245095 
4 716 818 2685 2910 95.890300 24.695697 77.495706 -58.953086 
4 1060 1804 1879 2017 -73.274704 -72.944127 -23.784154 36.781301 
4 209 497 2043 2655 90.335083 13.819162 33.442186 -19.425600 
3 1371 2528 2825 -93.280459 -92.318346 -98.135684 
2 2327 2814 42.222878 65.200447 
0 
1 1621 40.880377 
4 738 975 1152 1224 77.084416 54.972951 75.706589 83.528687 
4 742 1058 2122 2381 93.307726 -60.766956 40.139312 57.798363 
0 
6 1233 1616 1843 2419 2565 2642 -85.925277 1.725965 94.965383 50.045927 96.583083 15.108521 
3 786 1026 1037 -87.967331 9.039553 -88.132840 
4 77 838 865 2879 59.350577 -74.581367 29.618231 68.046752 
4 1635 2338 2906 2946 35.181825 2.712441 19.454689 -16.211397 
3 104 435 2635 67.761919 32.020649 -11.546208 
8 268 542 1170 1518 2160 2202 2505 2747 66.668939 80.896514 55.153516 -27.500358 -97.929286 41.481919 35.722908 -95.003738 
5 634 1293 1824 2040 2048 -96.838877 22.852011 -73.320274 50.072635 19.069551 
2 229 1539 12.446013 11.805667 
3 897 2073 2347 41.108646 -88.701619 44.586920 
3 126 977 1888 -31.729098 -14.874346 -97.405233 
2 2321 2849 33.421396 -8.362733 
3 29 2714 2936 -11.104300 -42.583041 57.131160 
6 918 1089 2000 2370 2379 2512 72.088600 -5.288201 88.127035 3.976168 -88.129383 -57.870500 
3 1391 2036 2735 62.126398 -71.698488 -64.304690 
4 2497 2577 2727 2874 86.724952 59.787868 -7.420138 21.779208 
3 269 1534 2463 99.749050 -61.436088 94.924839 
2 5 1980 -27.257765 89.079506 
5 238 503 1000 1939 2484 -77.305697 86.692488 -35.432628 78.670308 -38.467987 
8 45 667 801 1769 2154 2247 2399 2932 46.685268 69.047623 -69.405131 -43.614789 -1.450247 -45.038920 -95.776401 -91.599642 
1 2562 -81.189180 
3 20 1508 2639 -58.562663 16.805592 1.101016 
1 682 -45.300746 
0 
6 273 499 1135 1846 1906 2698 -29.085540 -48.355730 64.302535 -45.719976 -21.452695 49.421838 
1 1014 21.329746 
4 195 250 576 2036 -12.400423 -99.248320 -4.070756 -21.469169 
4 818 1231 2424 2935 39.142530 11.832318 -40.726311 24.313482 
4 117 946 2456 2879 -21.023382 85.324912 51.596447 -32.025978 
3 846 1042 2971 -28.761337 -35.455810 -34.463483 
2 1856 2922 94.598839 67.061465 
4 1246 2037 2346 2697 48.204849 -97.553344 21.131501 -91.324181 
3 1309 1331 2639 33.418760 -66.448272 7.663849 
4 114 260 1594 2390 -35.279383 -23.622354 -41.342305 69.712338 
2 1216 1915 -76.601088 70.249802 
4 776 1287 1601 1616 -21.049845 60.453659 -83.130457 84.985563 
2 1380 2538 96.990976 65.560753 
6 384 1147 1775 2137 2223 2499 18.633581 -24.314235 -41.558666 26.170106 -9.931151 -17.165293 
0 
3 96 369 980 18.205934 90.615079 62.208427 
1 2068 11.746949 
7 16 507 1045 1681 1836 1947 2176 50.419715 -66.182231 10.098313 -26.715179 86.883890 -97.204683 99.017133 
4 570 898 1818 2865 4.626184 86.325337 -81.339705 -5.001347 
1 1191 57.044477 
0 
2 1035 2882 -25.560085 -8.909454 
5 257 550 1417 1966 2582 69.365222 59.307877 -7.221297 64.244485 -90.407774 
4 794 1077 2663 2759 -73.043118 5.108761 -72.931460 -70.629035 
1 1985 -57.022771 
5 15 1887 1907 2365 2971 95.419132 91.310077 54.980405 37.207909 -65.704573 
3 2242 2444 2765 -29.372381 35.942779 -58.172500 
2 411 492 -64.773854 -53.977681 
1 842 20.229435 
6 111 445 1031 1959 2522 2793 -54.473765 72.355600 -95.366158 -96.718242 42.209934 -19.830490 
4 130 1620 1926 2588 47.774914 67.371697 80.750739 -42.539991 
3 1363 2031 2886 66.188099 -31.764274 -98.534005 
1 60 67.489997 
2 89 1175 35.952223 -81.265944 
2 1513 2822 80.296598 48.886828 
4 153 161 738 1894 -31.288794 73.642357 83.470670 -63.368217 
2 453 1902 -29.975666 -92.154432 
1 1218 -26.852791 
2 494 1028 -5.149308 78.713730 
4 1237 2161 2280 2425 95.339169 66.562416 35.391609 61.900231 
1 2862 -24.138734 
2 606 2400 -81.758297 -39.732736 
4 1853 2390 2683 2707 -77.634609 -50.692938 47.003611 15.878247 
3 1429 1908 2462 -1.533270 97.345767 80.741542 
7 551 609 1237 1930 1975 2097 2556 71.511742 55.379727 -85.342754 -36.969110 73.033005 88.465163 -97.570773 
4 343 1144 2093 2853 53.672827 -69.363355 -29.228740 78.842227 
4 70 313 581 2990 -59.486910 -28.497034 75.330776 -5.955963 
4 296 809 1445 1950 18.580760 -57.724396 -60.656534 -4.321493 
3 429 1720 2908 -4.038491 -21.985478 5.524009 
1 2887 82.548845 
4 127 314 1725 2405 -3.125784 93.363580 28.131378 16.006303 
2 1408 2471 2.963549 -32.415020 
3 402 1327 1771 57.270859 -55.469059 98.841110 
3 153 2508 2865 -83.132281 -36.037839 -8.794111 
5 1814 1841 2845 2955 2964 25.504479 95.613430 -58.185584 37.093441 -14.779653 
5 351 1071 1340 1429 1563 -95.360790 21.580414 -75.046474 19.134135 -68.195518 
0 
3 44 2205 2529 -89.103076 91.926579 -95.169863 
4 674 711 1330 2687 -18.040817 72.563320 -97.177031 -41.865297 
7 65 851 917 1430 2059 2315 2592 0.923286 80.022172 44.705952 0.014661 93.268475 52.714283 -43.138919 
0 
2 1063 2454 -22.353414 90.541121 
6 46 497 503 974 1884 2302 57.174488 97.668443 -81.968715 29.351553 63.345872 -98.250060 
2 2021 2376 -30.109591 85.422970 
8 892 946 2068 2098 2277 2607 2841 2981 -84.367447 -44.217866 -43.361736 -27.806325 -35.553046 -39.974233 59.645957 -55.169996 
3 16 2241 2451 12.108104 -6.586801 -40.163398 
7 753 833 1300 1384 2498 2581 2956 93.680474 30.715029 13.822495 -3.967880 61.417298 92.483887 93.100334 
7 150 726 934 1549 2025 2316 2536 -29.180228 -38.278703 -73.194403 75.878423 26.484188 -32.859833 -1.332709 
5 203 204 375 1169 1435 -32.915577 64.526211 -79.633507 84.142673 19.164027 
2 1265 2156 69.717412 17.672997 
0 
1 1705 57.322236 
4 448 567 1195 1474 52.343203 97.444220 -9.202396 -29.991425 
1 2243 -23.445858 
7 350 437 918 1334 1968 1984 2626 -84.766119 81.593332 -47.675758 -49.130949 -97.679801 -7.784846 -9.522213 
2 850 2977 -48.374127 -73.796986 
6 350 751 1601 1654 1826 2223 -78.768503 11.456145 92.755317 91.970822 -23.054871 26.538839 
1 1488 -89.872915 
2 933 2875 -0.855151 25.184102 
3 232 426 2733 85.242071 75.959354 -60.580337 
0 
4 1084 1660 1898 2228 39.172404 73.264647 94.264407 -73.937930 
5 277 804 1072 1541 2922 71.294756 78.870993 -21.579946 89.901251 -76.808297 
3 606 1036 2493 23.662805 66.099083 40.620185 
1 330 15.841709 
3 137 1783 2374 44.722258 -69.792120 97.470567 
2 2356 2398 -93.532231 98.412907 
4 55 1663 2293 2417 -38.210136 -13.606433 84.184959 -24.147891 
1 2481 33.692613 
2 434 591 -70.710484 94.052448 
3 137 230 1061 48.562490 -67.054089 -43.097978 
5 231 725 2032 2472 2688 86.738439 20.608320 87.864823 -59.897060 -47.649646 
3 401 876 1599 -36.199666 91.594587 -1.134182 
3 1230 1300 2130 90.620878 23.726553 -21.341031 
1 2854 -56.160960 
0 
6 429 803 1125 1447 1612 2463 40.913451 -28.175616 99.198609 -54.314988 45.300040 -51.254305 
1 1391 -22.651052 
3 674 1716 2937 44.041233 70.394932 -35.128443 
1 815 55.552072 
5 486 686 804 2344 2596 52.124052 -27.893283 52.170237 -12.271894 -78.950714 
2 702 1573 -53.626642 -7.892509 
4 598 725 1666 1910 -18.865114 -70.355495 11.934005 -45.577919 
1 1330 62.199655 
2 461 2181 25.160750 67.297644 
1 512 46.269023 
4 638 2290 2484 2612 44.037767 -5.320709 89.397471 -4.123867 
1 973 -19.660811 
6 322 732 857 1207 2293 2315 25.388623 -21.912137 -38.076370 -57.008752 82.077714 28.538814 
4 158 1196 1336 2866 -63.457170 3.691891 41.359110 -93.430101 
1 2388 -6.698500 
4 795 1390 2420 2538 -32.216130 16.869705 -74.545655 37.837303 
6 214 771 1021 1582 2060 2314 -62.188841 -66.095528 40.586034 -46.627896 -0.181388 -54.572275 
3 289 433 2365 61.702743 6.129620 -10.898127 
2 196 574 43.237455 -70.095615 
2 83 2069 39.679427 89.403094 
1 999 -42.606885 
5 444 558 2103 2167 2197 -29.903675 -90.835872 -5.134271 -83.006975 27.845351 
4 329 1548 1980 2081 -86.324511 6.205276 73.092982 47.083264 
1 1099 7.919632 
5 658 743 1750 2338 2977 -17.139146 37.212989 8.524505 40.904045 -63.721271 
2 239 1927 -70.893408 87.244239 
4 232 839 1924 2385 15.417962 -4.719336 50.886585 34.900600 
3 377 1802 2528 -31.162015 52.343381 -48.085460 
3 934 1714 2737 20.146714 16.670204 -67.394816 
1 2790 43.695852 
1 1802 -6.541610 
3 855 2638 2662 -13.831335 82.876623 19.128244 
5 130 1102 1250 1922 2576 -85.094777 8.075608 -92.160943 -66.260086 -60.223853 
2 205 2089 -9.247049 42.856954 
9 20 453 1207 1318 1885 1976 2667 2832 2868 -75.988207 -14.999499 26.219956 -55.992784 58.502937 44.036115 -64.336913 -57.042713 -36.590742 
2 290 1585 1.044813 -27.224948 
3 1937 2370 2612 -2.913701 -29.612213 51.164746 
2 988 1829 55.766324 18.326171 
2 1275 2411 -82.661190 83.013770 
3 609 1686 2806 22.056694 -7.935114 89.129646 
3 455 953 1377 14.090623 4.209077 45.399200 
3 14 36 1566 -86.072488 -45.975691 49.095226 
2 575 2971 22.224545 -18.314555 
3 157 1756 2783 -16.813908 97.851592 -86.265388 
2 182 409 -46.182376 72.231569 
3 169 2119 2700 16.824384 -27.986592 5.546911 
3 412 1387 2552 63.167080 66.273619 -52.486679 
3 633 1075 2098 -63.738534 0.822218 -5.320541 
1 1111 72.981643 
4 1017 1204 1791 2896 -9.076288 -20.902459 -89.525809 52.208264 
5 330 540 876 1731 1770 -10.510536 -45.174985 90.722929 -5.252909 -5.468974 
3 1181 1490 1999 -77.143719 -13.852903 -19.000626 
3 877 1372 2856 81.081497 -16.706956 90.348671 
4 1563 2108 2447 2511 61.963835 -29.637903 -76.936677 -62.132672 
5 469 538 700 1142 2625 -28.274748 -18.639952 -37.580403 -18.407565 37.433011 
4 321 657 741 1429 -27.437842 50.008503 94.686728 -55.159795 
3 273 903 2500 17.344203 -82.540697 -21.173684 
1 2933 57.776909 
6 44 351 656 1530 1769 2716 -83.470106 -49.963815 -90.341686 92.034626 70.435581 -21.261231 
3 1512 1981 2229 -27.705271 39.816692 1.453447 
4 1226 1329 2040 2051 -95.326152 70.380589 71.535723 -53.549893 
4 553 1314 1569 2843 -15.291173 -25.037494 87.162435 -68.911520 
3 555 813 1689 -44.974557 2.801817 75.857075 
3 257 351 1237 -29.001636 56.029155 58.072800 
2 804 2102 95.745885 -7.488441 
5 221 760 1174 2517 2864 40.882453 -95.523739 95.291383 65.314190 13.870043 
5 1204 1532 1586 1618 2727 -23.862109 31.194382 8.182961 -50.276389 -66.032027 
5 177 474 1643 1838 2351 -56.065949 -61.269837 95.830175 14.074131 -18.680525 
3 2205 2214 2562 55.685599 -29.595525 -60.104425 
3 675 805 1648 70.785687 -18.208643 57.589809 
3 680 1009 1124 30.177909 -36.181824 -98.686485 
5 132 726 1044 1102 2444 80.723491 -41.588189 16.537624 45.214518 -47.900883 
0 
2 624 1257 -6.780199 83.684700 
4 1830 1879 2345 2741 23.916500 -85.867315 -58.710568 -68.173131 
1 697 11.849098 
3 536 1594 2400 4.567419 59.574362 -1.057582 
5 142 680 1363 1922 2976 -73.027395 -25.687828 28.721548 28.603607 98.759788 
3 1231 1632 2749 -45.743763 -8.169806 -39.551325 
6 595 1663 2703 2787 2803 2864 -96.618393 66.469307 70.282866 23.813768 93.342781 -33.249304 
2 108 671 3.664365 28.786043 
3 465 1403 2864 35.786442 42.081686 -13.790770 
2 560 991 87.619638 -15.323416 
4 512 1760 2349 2836 52.636573 -38.461059 -29.832989 14.632957 
3 1509 2654 2959 -7.285827 -85.802118 -30.306204 
5 987 2192 2335 2587 2766 -19.174332 -66.555292 76.284533 94.423079 93.428644 
2 1399 2694 -34.586324 -99.986080 
7 654 783 809 1395 2328 2351 2664 -31.795065 -39.023948 71.996123 -11.555822 -93.696848 50.364219 93.304452 
2 305 2284 -74.279093 -33.124290 
6 248 346 1381 1475 2751 2920 -57.058467 -38.605679 53.258467 -9.429337 -9.726802 -61.456386 
3 1205 1855 2091 -45.015854 -61.193822 33.404723 
4 782 1464 1509 1831 -10.738672 41.764323 -71.615772 -75.903543 
1 1862 91.643804 
5 128 687 1623 2779 2878 -62.502989 -83.938622 -70.214307 -50.722132 -69.226917 
1 2949 -9.298170 
1 1061 41.572140 
7 16 47 234 751 1814 1859 2887 -77.938962 -34.548291 97.447156 -58.354658 -30.370101 -8.990483 94.165091 
5 46 382 1382 2738 2852 35.927394 85.992084 -5.726905 -79.703771 -0.858782 
2 1508 2001 18.113059 -57.277520 
1 2650 -19.481685 
2 1507 2798 6.126140 72.132074 
2 413 2843 -17.556935 74.620678 
2 823 1504 62.348231 -77.555855 
2 396 1144 -20.697879 -4.435275 
2 794 2253 -91.400209 -70.893124 
6 52 1009 1789 1830 1886 2302 67.347381 92.481259 -76.556504 -13.685090 2.678412 74.828085 
4 452 1825 2057 2994 56.584606 92.801658 12.797416 55.792531 
5 727 1503 2102 2128 2560 -53.965582 -66.727552 -32.071651 -80.625673 93.072078 
1 1465 5.012908 
5 157 163 277 429 943 -68.080288 45.886315 15.324904 61.357409 -20.530172 
2 2206 2807 35.549766 -67.904783 
4 1687 1978 2059 2417 -51.522099 -39.521274 50.361552 95.612573 
4 395 482 647 1578 91.851879 -48.427458 -5.159456 12.816508 
2 963 1136 77.219033 83.833616 
7 472 974 1896 2007 2035 2150 2362 -33.162405 27.168085 -13.462227 37.812562 88.512211 -31.301699 76.528779 
6 26 345 448 522 1446 2896 -62.031601 -46.215155 -44.140989 34.828550 -25.397832 41.548813 
5 96 538 556 725 1023 -53.979409 38.579383 -93.223377 -91.850712 -29.711767 
1 80 -15.731996 
5 511 1582 1752 1987 2788 -78.965136 -3.353975 -72.555236 -29.303253 -14.214306 
2 375 1762 98.201702 -13.491636 
2 2134 2832 -15.927790 -16.920806 
3 639 1178 2646 -47.409451 -22.266141 16.773065 
4 198 875 1231 1362 -17.284896 -84.368182 -13.572960 -92.678559 
1 926 -7.671623 
3 475 2442 2638 27.045042 -5.657771 34.833025 
2 116 2166 -0.162108 46.211926 
4 1151 2316 2405 2724 85.076177 74.035201 -47.375778 -29.758314 
2 870 1773 -62.951000 1.216761 
3 1883 2484 2795 55.480890 44.769119 -52.898124 
7 103 493 1682 1971 2052 2318 2618 -12.627761 -82.085376 36.330580 48.382272 -13.540671 52.467710 -53.352610 
2 1263 1574 -42.803227 -93.129350 
4 240 1255 1713 2865 62.586925 63.618001 -76.255240 -3.201368 
4 1508 2511 2599 2923 -24.220408 99.461301 -75.210555 43.443025 
1 1380 -68.746327 
2 70 380 31.366778 38.709006 
2 15 2318 -83.768862 -24.575444 
2 1872 2619 -4.468864 46.367732 
4 1036 1353 1884 2030 -96.373179 -94.690070 -61.114061 -72.712196 
1 1639 53.681935 
3 1900 1986 2063 -39.858111 -9.064569 60.433192 
1 174 -9.869302 
4 220 1469 1756 2786 -16.379591 -90.260678 67.163255 47.585979 
4 661 846 912 2416 30.665299 -51.852850 -45.059583 4.640270 
5 351 946 949 1451 2502 93.712756 18.980244 -57.580521 10.187401 -41.702260 
3 482 609 2313 -93.831638 -9.050716 20.412095 
2 45 450 -73.419374 -27.619640 
0 
6 1601 1649 2287 2581 2896 2911 74.557536 -82.972411 22.159401 -9.002520 -99.951574 -74.397437 
4 577 1993 2423 2892 58.490409 63.869873 89.967004 -59.809633 
0 
1 418 -52.345721 
2 1525 2192 87.372166 -0.857054 
3 310 804 2792 73.241430 83.422473 75.931547 
7 259 821 1057 1518 1791 2042 2286 19.355576 -35.732562 -12.691125 30.766926 36.178931 39.939913 89.339900 
5 138 1067 1252 1491 2679 -80.149349 12.806039 -28.841137 60.495192 -18.667776 
0 
5 166 621 1353 2718 2723 85.827501 68.213698 -92.450308 -77.890606 90.609574 
4 1303 1717 2641 2920 -83.630608 8.659559 49.500764 78.752073 
0 
0 
4 839 1053 1539 1834 14.378675 -27.242530 20.820235 -33.065597 
1 581 51.299834 
1 1748 44.109611 
5 389 1013 1310 1441 2544 4.415763 -43.820876 -50.775100 -64.377906 -25.870125 
3 804 1637 1819 -43.390248 -49.901558 -26.474200 
3 157 1064 1094 85.907163 67.862584 -46.066766 
4 203 604 1180 2124 -96.546924 59.443542 -39.512649 73.568003 
3 997 1237 1526 -58.292336 -73.043577 -97.201674 
3 1100 1497 1826 -83.053205 2.218046 -79.010895 
4 353 764 1599 2491 19.774445 24.707287 -68.226582 48.120354 
2 646 2149 -74.242517 -36.595622 
6 330 343 1151 1392 1608 2538 -43.356577 -31.831127 -2.729937 -69.654596 21.802180 14.635546 
3 513 2443 2920 54.773298 -60.167838 50.698323 
0 
1 2856 15.878227 
7 1107 1419 1584 1618 1835 2728 2753 -57.469225 -35.710312 -11.609861 -29.756265 -89.427278 25.081350 84.353275 
3 326 2438 2983 61.060290 -4.351411 -23.477671 
5 205 985 1597 2404 2441 77.927175 -79.262354 -9.157353 34.367594 52.445780 
6 1147 1444 1582 1617 2357 2585 -80.681562 -20.050449 -19.710284 -18.556651 -25.369971 -77.444543 
2 1989 2454 62.920332 -89.319478 
3 956 1821 2751 -71.107211 64.637100 50.032116 
0 
3 357 1289 2423 56.848201 42.448591 -3.763653 
1 116 2.452082 
1 1991 94.673895 
3 2408 2671 2932 -7.428757 -56.252700 26.603908 
0 
1 912 -31.808073 
1 493 -64.737647 
1 2997 7.793831 
2 2208 2597 -83.467454 -27.360424 
2 640 770 63.199935 7.076105 
5 1582 1725 1764 2086 2737 10.113839 81.986449 72.297586 16.962186 -94.562614 
5 1193 1239 1915 1987 2771 92.951698 -55.372491 18.696391 61.561270 79.262470 
1 1496 74.294986 
1 1818 -89.389048 
2 2212 2979 32.216764 -57.027910 
5 656 710 959 2001 2450 -79.721620 17.753609 18.140261 89.521718 13.527570 
4 168 573 591 2156 -39.424883 -32.726062 52.564161 -12.867317 
7 1582 1594 1639 1993 2615 2810 2917 -67.828416 -73.882944 -59.767349 -67.290739 7.119721 -67.838883 -92.560968 
4 181 453 2444 2971 -85.856503 -52.879718 28.405815 -82.604573 
2 756 2438 -74.006124 -53.489584 
5 267 936 1281 2165 2825 81.860660 -60.780670 80.502983 92.077252 -46.058687 
4 673 954 1660 2190 -52.329926 -77.838226 -91.375760 40.119039 
1 846 64.926571 
2 734 838 75.170023 -18.222798 
3 1870 2316 2940 90.846586 -40.254379 40.789757 
2 1951 2022 14.481917 54.587515 
1 2556 -87.180542 
3 38 618 1269 -91.689892 -71.664656 -56.981097 
2 1121 2679 75.716513 18.292329 
0 
3 636 1039 1102 40.686442 52.455927 -64.013160 
2 599 1753 43.673804 11.096216 
4 428 806 1994 2328 -50.958869 -65.458109 -41.572806 -86.163007 
1 646 -41.019090 
4 430 472 539 1312 51.798016 -59.767368 72.415618 58.341509 
6 765 1129 1214 1383 1908 2700 -21.851711 25.882814 1.960210 -70.128468 -75.643143 -2.924122 
3 453 456 850 -49.549124 -11.574953 73.484373 
4 529 1993 2400 2610 -6.712425 -81.682858 54.247293 81.336817 
3 1358 1850 2252 63.292996 85.980258 92.444667 
1 734 37.354757 
3 581 2718 2832 18.760734 -38.946139 -45.682636 
2 130 660 96.709552 -98.304601 
4 579 786 1554 1834 -50.801504 27.978107 92.630550 -82.568353 
2 433 1762 -13.838147 24.934891 
3 761 949 1778 -73.873183 -72.505127 -36.658056 
6 5 1042 1554 1737 2132 2216 26.572674 73.226805 -89.044005 28.306332 99.859158 48.536137 
4 1321 2279 2526 2536 -44.836209 51.101151 -9.791083 -27.044322 
4 256 1118 1640 1942 -65.515504 69.624626 -37.674515 -35.933571 
2 65 1260 36.205416 -19.559573 
2 1183 2446 5.700362 81.032817 
1 41 -3.589143 
1 1741 -67.448807 
2 378 850 57.225299 -62.826177 
4 1227 1627 2033 2400 -9.374900 68.829452 -32.404551 89.559613 
4 494 827 1312 1449 83.857579 39.930117 -18.728243 14.422445 
4 889 1652 1919 2908 40.606517 55.870349 -52.101051 56.937058 
4 311 1414 1619 2308 -53.397489 79.826201 -33.296931 64.658678 
1 1559 68.109565 
3 1530 1576 2290 2.534537 -34.133703 25.957013 
2 1328 2981 -31.918695 -94.325667 
1 1452 36.748558 
3 264 578 2375 -73.416525 64.105632 54.954804 
3 263 2057 2395 -32.597397 55.516270 -7.575402 
2 46 875 12.218352 -51.774548 
1 211 77.459206 
3 1142 1511 1747 9.678751 -3.368592 83.775741 
3 1126 2011 2377 55.144585 -90.868890 -26.256406 
2 1404 1894 -16.694795 97.307952 
2 2002 2139 -8.330918 51.729877 
1 1000 30.047776 
2 1201 2110 29.600609 76.008312 
2 542 2340 63.853668 22.918240 
4 252 612 2076 2141 45.935292 82.649125 -36.643380 63.472039 
2 874 903 34.125551 84.044385 
3 219 259 815 -80.147421 53.497901 83.968463 
0 
8 163 204 659 816 1347 1892 2277 2692 4.749601 -10.610505 41.596975 -33.036138 75.283349 35.933366 -38.906138 50.923980 
0 
6 383 544 1900 2224 2702 2741 83.465369 -37.992147 85.873072 -1.989296 -47.919130 -65.799278 
2 286 2993 -77.666302 -60.921633 
1 1772 -99.985910 
4 489 949 1289 2119 -43.066480 -87.696279 46.113512 -95.129390 
5 998 1698 2181 2488 2827 -50.029912 -25.375047 8.003859 -20.607135 14.134944 
5 11 200 260 888 1274 26.505155 -66.308354 59.315066 78.525433 -26.596903 
4 735 1518 2058 2861 -96.190327 31.775122 -49.187791 -96.300828 
0 
2 1231 1265 -40.895548 96.222493 
2 522 1387 -52.785195 10.021572 
4 82 1425 1839 2021 65.455552 57.602549 -70.391267 64.022235 
4 2 21 1416 1926 27.873994 -11.639070 -69.339540 -0.709886 
5 262 541 1207 1375 2030 -54.451920 -85.562125 95.752110 1.272683 7.815597 
2 2140 2615 -11.880352 -75.097621 
2 1844 2182 -10.386747 70.519744 
5 192 2247 2394 2635 2813 46.645741 96.984899 20.028509 -82.612465 -72.887886 
4 367 671 1031 1303 -28.342293 42.947419 -10.359887 -11.577094 
0 
4 345 1071 2307 2509 55.744996 45.725976 -54.132708 -96.708736 
1 2900 13.095655 
5 691 716 1588 2644 2870 -59.881340 73.938457 -45.394810 46.838463 9.316530 
2 2370 2503 5.033938 -18.845850 
3 685 1439 2030 -73.748920 79.383838 -98.850094 
4 986 1165 2228 2477 57.586945 23.921878 -65.311705 -45.004845 
3 166 242 2378 52.132617 -91.645042 19.177378 
6 482 885 1387 1471 1497 2103 -70.677020 -25.004877 -52.289670 -23.160656 94.285970 29.440024 
2 1378 1459 -19.811432 75.700001 
3 274 1129 1991 -83.008107 8.781339 45.223469 
1 1403 -81.394151 
6 79 295 400 723 1397 2182 -12.974897 -75.079424 -67.232072 61.034113 -18.722286 59.329066 
3 267 1640 2273 23.670713 0.396691 -89.815532 
2 416 1907 83.834165 -95.226524 
4 442 917 1500 1863 65.754101 36.018202 -42.688154 -53.076851 
2 853 1698 56.194190 -47.579681 
4 40 836 1532 2205 -69.937171 -86.940940 30.868907 22.487776 
3 1583 1930 2157 35.396967 26.471805 -5.367481 
4 973 1217 2859 2942 -99.592835 -56.538506 -11.856013 47.132688 
2 810 1999 -51.597680 24.225514 
3 1744 2356 2617 79.539692 67.412953 -52.986168 
4 1728 2210 2892 2893 -14.867562 -8.179491 34.245313 27.563867 
0 
4 357 1587 1896 2120 -61.404808 -12.027723 -29.472521 64.071281 
3 91 587 1944 -59.176007 89.863770 -4.411028 
4 82 453 1358 1890 25.316863 20.260574 -2.464184 6.046546 
2 1534 1677 24.038815 60.760366 
4 370 1652 1992 2921 49.608411 -57.743116 47.682998 -10.293571 
4 768 1221 2115 2462 -72.632101 75.427297 10.547204 -86.667329 
6 380 552 1505 2013 2494 2893 -8.852362 -77.577186 83.003100 3.677538 -31.945513 -95.645388 
3 536 1179 2178 83.535476 -8.817185 -80.846928 
1 1443 92.130447 
3 1335 2070 2670 -9.913813 -80.716947 20.350641 
3 1011 1401 2924 -0.491222 -0.914262 31.718032 
2 188 347 -71.182737 -72.058660 
4 44 401 2375 2975 -66.543511 34.264888 -34.957679 71.616289 
5 729 1164 1370 1508 2420 -56.836360 59.476074 -66.545315 59.831694 -29.181580 
2 918 2537 -27.110364 -81.819311 
4 260 1561 1567 1808 -32.058246 0.612095 36.827587 72.100552 
0 
3 284 1102 1826 -0.376421 5.238502 -29.904570 
3 1770 2177 2844 43.102277 82.936929 4.819020 
4 518 2161 2341 2368 85.857376 67.178823 -56.227422 0.874305 
5 140 624 1921 2045 2710 -54.840816 64.570687 87.318494 -54.798458 -23.576905 
4 113 380 1671 2043 -59.160436 -26.981826 32.140890 25.039687 
1 1971 -91.448067 
5 85 536 2524 2668 2979 -24.054970 -75.055641 -81.530227 78.531661 97.367941 
4 234 379 550 2511 38.701521 34.895354 -4.045779 -73.392538 
4 1305 1782 2034 2888 13.665450 -11.931430 -12.516353 85.289773 
4 917 1103 1348 2477 58.052740 73.615668 -36.216071 74.789803 
5 1054 1629 1840 2290 2816 26.805328 64.097453 -49.969952 -65.113821 -50.264366 
5 1276 2242 2455 2512 2618 79.347139 -78.123668 -53.008090 34.002951 19.227856 
5 1045 1273 1304 1926 2674 -4.116525 13.732008 -48.497408 16.917900 -41.013352 
4 44 1181 1347 1439 -77.698522 -86.917803 -11.960884 -42.118653 
5 210 948 1231 1338 1518 87.895668 -46.984682 -92.111023 25.016297 29.208780 
3 157 1160 1425 54.522390 23.838662 53.304762 
2 2340 2467 88.263713 -81.038533 
2 524 784 25.103077 -89.662426 
4 302 347 1378 2196 -20.388583 48.822122 -60.626545 33.325660 
5 530 942 1228 1570 2455 67.818825 80.917184 -29.691552 -58.248757 -25.448561 
3 274 1576 1627 -26.300801 -13.899325 -62.247050 
2 1475 2431 14.582406 39.301567 
2 405 2391 37.219153 97.284037 
8 46 78 467 1020 1158 1254 1722 2620 -48.010783 14.578517 67.543900 -30.485139 39.871674 76.283160 -80.326271 -8.805197 
5 1243 1952 1953 1990 2806 83.850955 16.980566 39.331023 79.978687 10.518182 
1 393 -15.069093 
4 195 439 1524 1803 54.760036 71.339677 12.038309 79.295586 
3 567 1348 2669 -56.000497 62.758881 90.650917 
4 892 1340 1352 1658 -64.656523 16.882765 49.914553 63.278339 
2 417 590 32.085879 4.517753 
0 
2 654 1575 -73.082858 9.279889 
2 1088 1665 22.734503 40.045239 
3 566 1182 1839 -77.874615 -96.221037 -15.212246 
3 301 397 2066 -76.696474 33.057912 21.829025 
3 166 460 2759 -17.377356 51.195912 67.614235 
3 1845 2178 2255 30.080804 36.940011 -89.632778 
1 876 47.035881 
2 2127 2196 -81.719039 82.251477 
5 546 801 2127 2586 2615 -44.895255 0.506659 24.468010 0.855275 87.014703 
8 168 410 957 1108 1232 1610 2223 2906 74.728968 -37.917589 -50.206021 69.399031 -19.704272 -8.768198 1.335801 63.379734 
3 647 867 1984 -81.608355 -52.563749 42.772337 
1 2566 34.675374 
3 782 1682 2977 15.462876 -73.973782 -81.351018 
1 2343 23.063017 
3 1382 2610 2859 -92.256675 60.626384 31.129057 
7 352 457 508 1089 1809 2224 2415 -11.316403 -37.385075 -8.946556 71.073347 -46.000814 -34.165886 30.403417 
0 
2 1168 2426 -26.437851 16.524598 
3 347 493 517 1.662728 -79.154730 24.115715 
0 
4 473 528 1667 1824 -95.801075 93.442332 62.450037 56.672284 
7 511 740 1840 2294 2456 2603 2881 -96.607618 24.439639 80.820723 -65.702986 32.157889 64.653443 34.134586 
2 1652 2157 5.554852 96.745784 
3 980 1148 1778 20.415893 57.322312 -97.477281 
2 971 2810 56.895603 -8.885782 
3 745 2267 2934 -46.705998 -5.050250 -14.430767 
7 140 329 1154 1791 1984 2065 2157 -2.796456 42.516888 91.669214 -21.998950 -7.151778 -1.284803 92.126421 
3 837 1693 1810 -49.233271 48.575849 78.360307 
7 578 592 1108 1478 2151 2619 2885 -96.962650 72.341806 -44.015782 71.282455 82.454344 5.048123 -21.215032 
6 1269 1639 2021 2200 2255 2347 -96.466730 -95.865993 -45.173829 -30.775926 -84.337701 28.894443 
8 474 1296 1454 1560 1741 2244 2514 2832 -2.251241 -8.770618 28.868603 -11.012561 9.420192 -79.687972 -58.286467 72.254792 
5 376 542 1376 2242 2485 -8.702123 75.481192 -27.319143 -96.478863 -43.436764 
12 82 393 435 1029 1353 1455 1570 1593 1670 2219 2249 2605 61.820607 -55.932853 23.010583 -82.253809 10.782201 15.817626 37.211753 11.419742 62.710618 37.621266 -14.168498 13.546258 
4 729 849 2073 2255 9.683843 66.693653 85.628460 65.439994 
5 64 1419 1439 1667 2401 31.178056 -61.435219 91.513840 29.985192 24.473457 
3 1172 1400 2931 -75.880918 19.190134 -80.401124 
1 1485 85.675263 
2 1330 2342 -13.124413 26.683230 
4 282 2089 2157 2508 45.438880 -14.971216 96.026396 -75.007713 
6 556 1278 1471 2094 2364 2707 45.052328 -17.220360 -32.043002 -45.957770 -59.801628 25.037151 
5 130 161 681 2275 2845 7.683150 -42.383129 31.804873 -94.092139 4.297683 
3 414 2690 2790 -34.606803 34.958274 -22.287942 
2 1537 1638 -13.859585 29.501582 
3 122 248 2544 -41.355408 13.930852 99.463908 
4 325 376 1065 1582 -51.321530 -42.188713 65.287023 -44.990483 
3 1524 2295 2951 17.401959 53.359370 -66.890232 
1 2831 29.921544 
4 452 523 1844 2553 -65.099265 14.909296 -18.593625 -16.897715 
6 1469 1475 2077 2149 2596 2879 92.508329 -11.719227 6.297283 -31.699498 72.591374 86.490860 
2 184 2771 -33.883555 70.288931 
2 66 1462 -10.469882 -35.564263 
3 1772 1832 2491 -41.520466 10.802577 -94.329768 
3 253 256 2079 -41.681455 -92.930560 68.911103 
7 169 642 877 1204 2266 2954 2983 -89.913597 -67.072424 -18.152527 -57.742732 -0.962163 50.030950 73.984441 
3 258 648 2432 86.351817 -77.603580 -29.484829 
4 86 595 2063 2861 88.041727 74.362394 86.289231 -13.276107 
5 673 1747 2321 2779 2907 -3.280962 11.154091 -84.175803 -17.238359 -79.679263 
3 2482 2496 2785 4.637790 80.461231 19.627558 
1 1050 -40.780238 
4 1320 1824 1834 2407 -61.062012 69.839625 46.603067 -82.190636 
5 1109 1380 1542 2101 2872 -31.066799 21.473438 -95.365468 38.234842 47.958829 
3 964 1615 2819 -92.636812 -29.535113 41.289129 
8 81 163 669 722 1721 1784 2163 2507 -83.689454 43.931284 6.661575 53.043606 -22.304652 -69.690925 -88.317590 83.234398 
0 
2 1359 1883 -3.771010 21.899374 
2 1383 2530 -27.537888 -38.379248 
5 336 829 1361 1725 1842 73.059967 -49.858107 -47.953060 34.035148 67.620904 
2 758 1137 31.655868 62.423738 
2 954 1711 -38.690082 9.193894 
4 242 849 1686 2173 72.136367 82.864825 -44.171721 98.420491 
3 162 471 1189 -39.281463 99.426542 -67.063019 
4 426 2197 2661 2805 -31.262452 -10.250971 8.291772 62.385556 
3 576 1472 1959 29.958413 -34.728460 1.434716 
1 2139 62.913715 
4 562 830 2202 2803 -42.011107 -24.840543 -35.808274 33.564824 
0 
4 479 1855 2196 2487 -80.011221 -91.023100 -39.913587 19.768830 
2 2732 2981 19.502208 59.632887 
2 981 2611 -48.936415 13.942064 
6 637 948 1355 1544 2106 2949 12.354752 -34.673561 -15.980707 94.236246 -88.389094 -15.620649 
2 1200 1623 -10.349835 -85.177937 
2 2454 2865 -26.541982 -59.180650 
4 906 1158 2192 2702 -99.598629 72.393513 -41.634269 6.825511 
2 977 1965 -58.495379 -86.193330 
3 452 1105 1946 87.251965 -94.006092 -44.520565 
4 850 1434 2672 2986 18.707137 -78.607013 -9.937969 -93.961075 
1 1030 87.499311 
2 1837 2388 7.865103 60.013911 
1 878 32.367117 
5 1150 1283 1656 1944 2008 -51.876914 90.774703 -70.041415 -79.338234 -79.774010 
4 393 1645 2264 2581 77.145816 30.995560 -63.400320 -44.560450 
4 656 892 1083 2592 78.391424 73.894501 -3.300443 40.143875 
0 
6 989 1282 1488 1777 1954 2643 79.997699 21.035705 -35.904379 -51.496831 -66.203100 -1.270145 
8 247 509 524 631 1796 1968 1985 2052 -46.767192 -82.452142 -77.456496 22.953355 -57.498366 -24.223759 -35.443709 -70.806576 
3 1064 1500 2550 -93.074422 -28.221326 38.703390 
4 728 1174 1841 2593 -82.901882 45.522830 18.718249 60.128113 
6 213 1110 1234 1300 1690 2448 -53.253676 -36.544147 8.073075 -25.227298 15.555222 -37.441563 
5 71 278 342 999 2577 33.471195 61.075248 21.548411 68.843299 -98.503344 
3 1790 1963 2735 -88.851076 -17.858058 -11.186232 
3 2229 2250 2893 39.347249 60.383342 -27.683461 
1 2919 -94.455815 
4 7 58 472 2287 -50.812168 -46.321745 -27.482658 -85.884110 
5 127 995 1239 1488 2896 98.352625 99.883031 -61.921267 -65.521234 65.401333 
3 574 1883 2392 3.264284 5.617364 -10.556738 
3 255 691 812 -80.674897 41.489228 85.767477 
1 1115 80.951774 
1 1217 5.744335 
3 604 1660 2670 -89.982554 -63.767244 -37.809222 
3 177 268 982 90.118838 4.034171 -38.579513 
0 
2 536 1943 -30.076680 60.285772 
5 673 1024 1168 1806 1945 65.805637 -72.149618 -85.941955 -10.121865 -4.553584 
1 2170 -84.017223 
2 212 2960 14.717420 -96.232745 
4 1748 2044 2146 2515 79.622836 -15.887046 54.441241 -48.418238 
3 266 772 1252 83.695944 -9.947042 -5.872790 
2 2055 2399 -60.976347 90.158046 
6 1364 1603 1632 1688 1851 2381 -40.097467 41.361907 -48.022619 -65.398216 50.695314 -88.720952 
4 153 439 589 1084 -3.857631 -64.824863 20.907665 -36.449443 
1 1193 -61.260210 
3 540 632 730 -50.079963 -54.085194 5.569273 
2 2599 2771 72.500432 71.608199 
4 70 71 1055 1980 -40.434723 15.848964 38.611004 22.627702 
5 1037 1314 2407 2889 2997 42.598658 41.137202 45.684091 -85.034011 -97.883538 
2 261 2680 55.590154 35.431733 
4 1614 1878 2158 2440 26.257126 -95.020859 -20.051451 0.981601 
5 410 559 992 1264 2529 -14.542737 95.335346 27.519045 21.683869 20.011252 
3 1266 1817 1981 -26.159594 -73.045064 0.367504 
6 888 1182 1578 2076 2113 2315 -57.817654 64.745180 -41.943169 -67.688462 -22.589351 -7.824208 
2 566 942 84.174156 -49.787698 
5 166 195 2553 2717 2914 -32.603800 0.080664 68.967436 -57.971756 73.660924 
3 1766 1874 2115 -40.538577 30.163526 -24.496809 
3 417 459 2764 -10.326591 -64.662663 -65.901640 
4 308 576 2568 2983 28.256686 -13.592042 39.561828 10.367263 
4 919 1026 2532 2933 79.098218 -44.143768 -21.090113 99.916474 
2 559 1346 21.168299 -68.038399 
3 632 1643 2692 82.560415 -64.198598 72.797387 
2 757 2081 -12.621625 72.983043 
3 1639 2182 2455 -44.809927 55.693252 -82.434659 
1 767 -18.478017 
1 74 59.705664 
4 1178 2167 2488 2593 1.611106 5.650673 -37.314518 -89.307801 
5 233 287 792 1735 2127 83.497829 50.909619 34.191796 -50.400118 89.205792 
5 1139 1219 1707 2256 2776 94.065879 -3.170707 -92.056449 -16.828806 -70.543419 
6 1032 1250 2368 2534 2600 2681 -83.365721 -92.566975 73.753673 38.641901 -49.940156 92.219824 
6 21 463 2290 2320 2822 2922 11.555730 3.956589 -11.177670 -20.728135 -56.249613 48.381017 
6 86 490 1259 2119 2144 2986 11.302744 -96.696794 13.451760 -26.698848 46.508634 14.223341 
0 
2 233 1855 -57.262979 80.387963 
5 27 756 932 1620 2410 86.640579 86.710949 -16.136296 -87.156314 60.193263 
0 
4 223 1042 1173 1842 -40.028281 73.085159 81.419431 5.113718 
5 864 1191 1924 2161 2175 -89.071034 -42.202096 -51.171457 -56.105486 87.388887 
3 698 804 2246 -3.794608 -11.642069 -48.196182 
3 632 2156 2438 8.999519 46.862939 -94.573112 
1 897 -68.690416 
3 2371 2439 2685 21.681887 -58.344481 -24.140776 
1 430 35.674297 
5 45 1227 1694 2355 2602 -66.183673 -59.484493 5.195529 -74.787103 99.650825 
5 793 1559 1647 1908 2081 22.129168 97.706645 -79.468396 66.391029 -66.629868 
0 
2 681 2402 2.015405 92.415495 
1 1530 97.605046 
1 301 48.817052 
5 413 1544 1753 1784 2621 9.769355 -14.364054 54.239932 -35.123107 -91.157081 
2 1502 1929 -34.088266 65.191721 
4 2367 2400 2749 2886 88.214198 -12.817050 -31.820749 73.356228 
3 1168 1323 2201 33.169243 58.628093 -1.778540 
1 2438 48.016688 
4 772 1388 2178 2486 37.626793 -91.505590 47.397635 61.067907 
3 79 388 1801 -67.295727 28.628161 -10.057642 
5 727 853 2081 2590 2896 -97.153404 -58.273502 -16.161789 98.289088 4.634171 
5 132 733 1443 1908 2193 -62.148335 91.741891 -39.669390 35.128796 97.362747 
0 
5 557 587 1577 1819 2064 -71.380937 -12.363371 -64.089222 56.668642 30.163784 
3 874 1967 2278 -95.023116 68.113278 -19.079236 
3 1060 1132 2956 -10.697517 -76.448207 -5.874815 
6 287 489 1703 1782 1970 2784 -54.933348 -37.116962 53.982167 69.015114 16.924919 -87.840437 
3 985 1694 2363 39.552306 -74.176975 89.600103 
5 65 444 992 996 1612 -59.295965 55.710123 -17.008474 -4.863083 -62.947441 
3 964 1360 1652 38.737871 -8.229307 69.498547 
2 962 2093 10.462287 -7.181494 
2 2364 2553 -0.829320 29.135889 
4 352 392 1082 1551 -96.166723 55.074705 40.462546 -74.578015 
2 172 222 -21.972283 -72.753324 
2 595 2563 49.629481 4.011728 
3 1975 1992 2508 -38.369884 34.224919 -19.865847 
2 293 360 29.375890 -32.891487 
5 148 265 532 2162 2872 74.297046 -36.496664 -58.650916 33.726882 -28.184716 
5 42 896 1291 1610 2983 -65.290694 -50.789889 -72.433305 -89.824349 -16.936328 
4 722 1788 2704 2778 26.852534 87.202927 5.797494 34.937689 
1 84 -19.652332 
7 260 1060 1185 1583 1632 2779 2949 -31.389323 -91.262487 91.539976 46.878573 -9.897138 -11.875718 57.783091 
3 251 679 1385 17.443842 -19.258662 -87.699734 
3 58 379 2126 -7.369077 5.276316 -72.568609 
5 113 376 911 2612 2859 -64.279427 73.371658 5.993461 -55.813849 21.721395 
3 424 1427 1658 -49.251353 -73.157576 98.300106 
1 2772 -97.561347 
3 1781 1840 2145 41.895365 51.941342 83.755766 
3 1346 1820 2539 -56.872030 -57.166289 70.717557 
2 1656 2651 77.626318 61.413031 
2 1087 1402 -27.418781 11.148758 
4 74 79 1122 1698 22.884030 7.466509 73.768565 -36.698663 
4 1428 1930 2017 2097 51.601139 87.720773 -76.190205 -87.063883 
1 2919 -61.628921 
5 64 132 271 680 1501 19.476142 -24.330946 17.475714 1.891652 -49.163883 
4 354 374 2097 2154 -30.892100 -87.270786 33.108949 -34.084710 
7 706 1541 2380 2491 2611 2678 2865 9.882242 -56.900212 -53.896894 2.056008 -52.594173 -48.802577 -56.148707 
3 1290 1793 2551 82.039013 -24.639622 77.753878 
2 62 305 -93.598695 37.723274 
2 1680 1806 -51.734306 71.466672 
2 201 1469 68.682420 74.321916 
1 2682 19.703523 
2 282 2670 31.565772 -39.237281 
4 1884 2029 2313 2785 44.341602 -7.810213 77.440376 -91.655954 
3 87 2068 2995 53.089988 -60.287760 97.454111 
3 634 2009 2031 -19.610500 51.287894 -12.123462 
1 875 -48.525799 
2 250 1354 -60.008078 -67.537864 
2 106 2432 70.986001 -10.040157 
4 341 431 1223 1756 67.950300 8.292589 45.264746 -26.827973 
3 249 1470 1536 -64.177762 57.489192 4.861557 
3 999 1111 2722 -96.577495 37.355605 96.536143 
4 853 1913 2167 2765 -8.426161 -66.151465 -26.425218 -74.403107 
4 277 780 2810 2970 17.763516 -9.755249 -70.294305 38.383131 
0 
1 2911 71.201927 
3 592 1892 2476 -4.344790 22.240288 -25.495697 
2 202 2522 4.966253 7.471333 
3 857 2624 2825 35.260385 -49.368862 92.306216 
2 1715 2273 -2.575445 -84.783326 
2 1810 2009 71.436467 -95.952674 
3 1633 2194 2899 67.464841 -57.129801 92.730790 
1 236 3.266379 
4 627 856 1084 2064 -28.920622 73.549193 32.199170 -49.519255 
4 260 504 1409 1817 -12.176989 -51.885090 57.273627 -46.385571 
3 216 1248 1775 0.988010 -25.879758 -82.242142 
2 856 2710 55.066620 -79.274085 
2 970 2401 -29.738804 -73.416103 
5 257 1361 1606 1790 2768 71.547715 51.856043 -27.322193 -97.582794 -49.971114 
3 1822 2533 2699 -45.009130 28.708942 54.503222 
4 1631 1747 2045 2162 -63.922234 89.572434 -68.535065 -41.838312 
0 
3 502 1209 1288 73.402959 -1.309823 62.161067 
2 86 756 -30.723250 60.618551 
6 735 967 1177 1448 1795 2289 -75.673449 -99.097689 66.123852 -49.716115 -17.712382 -49.064592 
1 762 42.112726 
3 951 1492 1843 4.950173 -51.685150 -30.719201 
2 273 1555 -32.799950 50.180706 
3 861 1999 2766 -94.415208 60.037955 67.039369 
1 2626 8.148426 
0 
2 476 1246 16.172986 73.344276 
4 5 264 1233 1791 -38.956957 -85.228681 19.107513 84.779179 
4 550 774 1584 2130 -71.649114 74.675044 5.343022 33.796525 
3 469 2026 2265 4.026389 -4.202468 -65.431681 
3 179 2374 2733 62.318492 -73.369097 9.587467 
2 1109 1316 -37.989219 92.130409 
1 847 67.179000 
3 511 1626 2648 -8.419136 94.685465 -34.210954 
1 1180 -85.094633 
0 
0 
2 497 2979 87.694271 31.337848 
5 233 422 1128 1694 2535 24.660391 -96.437807 -38.951523 -91.061379 -34.594607 
2 456 777 36.132423 -95.326606 
4 65 560 611 649 59.502512 -1.024549 4.519494 -22.212975 
1 504 26.824862 
5 362 2091 2529 2919 2977 54.604496 -3.846596 -12.542725 42.084212 29.647622 
2 2601 2810 -5.187928 -40.499318 
5 135 145 1627 1787 1880 23.599554 -89.792416 -48.251358 92.700782 -26.991666 
3 252 1355 1734 90.902915 95.312474 32.781040 
6 199 923 1266 1615 1914 2202 -12.695444 31.593311 51.303765 -72.457280 -57.996915 -30.361983 
2 1635 2395 -85.198247 -34.038850 
1 702 -98.463071 
1 591 -60.459866 
6 467 496 725 1428 2460 2729 73.560423 -64.719322 33.478603 62.416482 -61.674557 29.101919 
4 144 309 797 911 -44.970717 -83.273379 -60.980285 -83.654892 
2 767 1275 -51.822147 -27.014879 
4 609 850 924 2454 -40.646035 21.151897 93.155273 -38.305400 
1 612 22.771025 
0 
3 647 1436 2011 45.621363 -53.435695 38.687668 
3 221 1341 2271 -45.128965 -47.568629 -92.588609 
3 687 2263 2808 -18.541615 -55.984846 -25.235379 
4 409 535 890 1114 -63.680476 62.373960 -57.608428 52.225966 
4 330 493 1029 1401 -5.173899 -78.818930 71.516869 58.892814 
5 67 865 1052 2024 2624 51.778230 59.435481 -29.535982 -19.190777 36.924599 
2 273 2203 -29.346035 86.890164 
4 1576 2186 2385 2980 -91.477457 22.279709 89.794889 -51.383723 
5 261 454 532 2472 2598 56.620476 -56.575446 -53.233507 -93.737969 -72.813472 
2 1965 2310 75.678648 -42.069256 
3 881 1153 1389 -94.764441 28.171555 -71.755043 
10 940 997 1469 1554 1610 1760 1841 2329 2716 2885 22.497980 -4.490236 2.638722 -24.403182 -35.648477 30.723493 5.480407 8.322491 -68.431753 30.860429 
1 1511 18.170877 
3 347 651 1243 39.920536 -70.199009 36.779595 
1 737 -5.851889 
4 253 1527 2226 2643 1.748142 31.274687 -24.384667 24.718674 
3 1227 1790 1894 35.284312 -22.679269 50.408020 
3 89 1418 1937 51.709508 -92.522323 31.106932 
2 164 500 14.638117 -98.641016 
1 663 39.526704 
0 
1 630 21.398963 
5 76 114 723 1857 2263 -53.181836 78.285900 35.668015 4.896048 -40.068134 
1 630 65.728883 
4 364 1063 2742 2992 94.703649 11.929641 33.288587 -92.485420 
5 50 347 848 1111 1114 27.979768 -96.784949 18.344634 -86.194856 -7.951210 
1 1527 17.857217 
3 88 837 1803 -65.884448 74.126658 94.276578 
5 394 1087 1691 1793 2229 89.622329 62.832990 -47.728516 -15.347764 -6.381742 
3 98 722 2683 -46.570666 -8.352150 -22.195158 
3 584 1546 2056 75.537740 -67.627376 17.615829 
3 285 1343 2726 41.475084 -75.706728 -72.474045 
7 225 1312 1946 2178 2345 2736 2802 -46.993392 -78.330539 69.871891 -84.189582 47.592023 -40.358774 -79.922663 
4 815 957 1018 1868 -1.508088 18.958000 -26.739148 76.004678 
6 419 456 926 1374 1570 1655 32.084401 18.295742 46.505849 -16.407177 73.819792 -26.379750 
3 781 1369 2670 79.042414 -48.300836 60.115145 
3 490 1365 2463 94.695596 56.221871 55.570005 
1 2280 -12.389636 
1 2012 -4.408738 
2 2133 2157 -1.140800 -32.163193 
3 258 801 2469 20.053337 12.787516 -17.635286 
4 817 1892 2350 2484 40.406968 -35.393416 63.035368 -86.641477 
5 275 559 871 1964 2948 -21.966743 9.037481 13.390549 -14.438159 54.112792 
2 1558 2764 -82.270993 89.724686 
2 834 1942 85.826604 42.676231 
3 205 589 1081 -54.535534 -76.354050 59.806654 
2 67 2646 11.275877 -82.934621 
2 622 2544 81.932830 -98.201169 
2 510 2938 69.223238 -15.699664 
3 1020 2151 2946 -82.010448 45.216376 98.893981 
2 1126 2624 -42.660579 8.332120 
3 107 893 2416 98.650171 -36.135861 -22.336562 
1 2019 53.462889 
2 1552 1942 -62.074178 -38.104686 
5 39 581 675 1792 2818 63.241463 -32.981577 15.154533 -41.673203 15.906602 
1 2643 71.987333 
3 719 1990 2335 27.372155 64.887245 -77.909188 
2 448 601 -7.657204 -5.657882 
2 268 2545 73.444553 77.806579 
1 2781 48.733455 
3 650 1266 1752 -83.430875 -88.807142 60.048023 
3 1143 2447 2970 -86.104982 -18.151601 91.444702 
4 77 177 1803 2361 50.343351 25.658048 81.754781 56.213362 
5 165 1666 2330 2483 2975 -81.883486 -13.807669 -92.660487 -15.839749 -16.835908 
0 
4 1638 1740 2119 2133 -52.092889 -20.258158 22.748968 50.781849 
1 1788 -79.868613 
1 2205 -37.925229 
3 205 1048 2160 97.449256 -64.870580 79.877786 
0 
4 1157 1551 1997 2585 29.565022 26.916001 84.833925 30.062430 
4 182 759 1156 2738 9.315996 -13.757886 68.960316 50.025908 
0 
2 1174 1972 21.715077 46.903624 
3 866 1343 2944 97.431469 -50.118092 97.822157 
2 897 2544 70.226353 75.033087 
2 4 548 19.963541 -15.014960 
2 1777 2180 26.379693 38.921864 
3 1487 1741 2844 -85.058136 -96.889044 -31.770835 
2 143 2017 -2.256913 -28.787640 
5 448 1216 1415 2003 2250 -52.521713 59.585671 -37.821886 -69.466972 50.413729 
8 119 832 1331 1367 1779 1930 2144 2383 -86.017473 82.795885 -77.811522 -42.366909 -4.588642 -13.009620 68.246736 67.437738 
0 
3 395 538 2558 76.157619 40.221487 56.657682 
1 2543 -22.253484 
3 759 2561 2933 -55.732002 -60.695570 74.241012 
2 796 2918 5.551124 85.229880 
3 836 1960 2133 85.646665 14.642802 9.564249 
1 1934 -38.190270 
5 513 684 1080 1157 2217 42.145797 76.617508 16.417764 -66.314285 -8.822860 
7 707 742 1136 1220 1622 2078 2101 -54.880107 -19.869168 -65.645737 -66.547594 83.214102 -56.903167 92.874847 
8 970 1296 1311 1343 1624 1972 2327 2598 -79.498308 -15.409527 -49.062699 -39.862617 85.919575 -43.542907 -96.601521 -46.056888 
3 1276 1588 1722 87.231791 62.450374 -26.405434 
1 743 -16.516664 
4 93 373 1149 1349 49.322850 -90.452297 50.212755 -61.537404 
3 1513 1673 2610 -50.602990 6.321190 98.821587 
2 1408 1552 -61.477349 -3.847930 
3 957 1547 2101 -43.492543 66.305150 -90.162765 
2 195 1226 -19.269956 -19.350219 
4 1721 2303 2452 2527 34.833680 -37.641515 66.156332 1.859877 
4 800 1776 2261 2809 -19.392235 -38.965947 44.451581 26.833783 
4 1407 2661 2667 2881 -60.768070 85.240164 26.418108 80.368055 
3 364 373 1478 -40.517394 26.681434 -85.622385 
3 149 1653 2052 -13.441078 73.107710 -95.248499 
9 198 234 303 676 722 1012 1640 1909 2741 -78.544062 55.371736 20.705276 -42.110051 83.643874 -14.932246 75.172146 -46.841776 3.810548 
4 1487 2609 2658 2953 -74.990689 -67.650437 -65.975002 90.774550 
1 2978 92.298274 
1 2096 -54.466247 
0 
1 2360 -8.658024 
2 539 2010 89.828599 74.231616 
3 190 242 2831 57.076710 91.337746 -4.675121 
1 1755 67.606471 
2 438 2417 -60.430651 -60.537453 
1 2970 -58.023597 
3 444 1770 2470 37.126822 -51.374575 12.965583 
3 1090 2102 2699 -14.829355 15.335389 99.459843 
1 304 -35.946017 
3 264 1047 1525 -27.717494 -66.846632 51.265353 
1 2388 -70.101047 
3 446 853 1207 -64.703204 77.438176 92.297923 
4 98 113 965 1198 45.470160 73.143870 -29.990729 37.693988 
2 1410 2376 90.477192 0.165662 
3 216 1010 2818 35.816887 -52.743864 -51.050377 
5 649 898 1504 1591 1829 27.727711 -55.586471 -16.102621 -93.926634 -87.577890 
1 1981 -7.502272 
1 773 41.147656 
5 109 690 1109 1497 1970 -32.251778 0.201442 -71.471489 73.751474 -41.172516 
6 15 379 631 1001 2467 2519 -87.537065 -3.921798 -19.704879 -95.844276 19.597791 -76.269417 
2 1998 2838 56.424270 -90.988038 
1 914 75.068924 
2 321 1162 98.822382 -67.857210 
1 2752 8.741631 
6 21 131 640 1485 1583 2347 14.589478 -7.144612 79.884967 -55.563573 18.157457 -29.034810 
6 871 1527 1979 2682 2931 2995 82.914746 -99.660760 -40.641965 4.969798 -6.567086 -2.630803 
2 1083 1106 -89.558918 -9.848479 
1 568 -42.468196 
3 832 833 2043 40.814296 31.586249 61.160368 
4 529 1475 2081 2353 -29.718545 -89.829400 60.709753 -85.443786 
6 870 1407 1518 2441 2510 2894 29.580859 -85.681638 -48.464905 -59.259162 -27.182562 -60.824654 
5 147 174 974 1653 2548 -92.754598 17.905238 31.855411 -4.552250 -52.436641 
1 137 86.080105 
6 473 734 951 1397 1819 2010 -64.723962 -49.773743 -3.554090 -70.987271 -41.180659 20.115694 
3 202 1242 1400 -97.320409 20.006759 -2.894216 
4 1419 1672 2919 2940 29.736811 92.563764 -17.986810 85.773907 
6 196 506 1150 2178 2316 2501 -67.429373 -4.544096 98.109650 -16.723553 -29.753308 47.641241 
4 32 416 2595 2938 3.034235 93.362008 60.385803 14.505637 
2 189 1530 12.392989 60.130357 
3 475 1638 2213 -56.564136 24.566614 65.172238 
2 73 95 -54.048720 80.634010 
3 517 2475 2753 -7.415266 12.281033 -15.401083 
4 142 577 1209 2910 99.063798 65.312639 36.817962 40.359289 
7 9 389 503 656 1118 1734 2639 70.380256 -43.972777 -12.964502 -70.557002 42.861188 12.945435 81.169956 
2 116 1282 30.979726 -93.082605 
4 517 625 1580 2052 19.452646 -31.828274 98.521574 -20.435234 
2 171 1679 63.802845 -53.003336 
3 347 704 2409 -99.830428 97.272030 36.093722 
1 1488 93.149604 
2 1035 1168 59.857962 -1.970673 
3 1682 1701 2341 41.419994 -56.377258 88.884203 
2 241 2889 59.617750 71.243117 
9 45 157 587 674 1399 1412 1698 1976 2652 -9.769697 -81.084233 -72.440247 12.894829 -23.567355 -23.420231 89.275600 29.435788 -71.749874 
6 538 784 907 1032 1491 1686 -4.429853 60.418954 23.577090 51.349749 56.275532 50.135610 
2 1798 2343 -33.681063 60.715143 
2 1053 1710 10.448711 16.727201 
2 1879 2716 -57.705991 72.069475 
4 78 326 2611 2719 44.095625 -82.419809 -33.321958 74.549584 
5 1045 1217 1329 1520 2503 49.794209 -0.687014 29.005561 93.086856 60.521051 
2 919 1894 -1.020829 94.985017 
2 1546 2516 -6.995601 -3.270683 
3 397 1148 2028 31.103827 -59.614348 69.968608 
5 149 903 1368 1870 2195 74.244944 42.401749 -56.322728 -36.638848 46.342531 
1 966 30.991782 
4 1169 1346 1651 2405 72.972774 82.841630 72.897616 16.896742 
4 1243 1528 1630 2352 82.535666 -97.278028 -18.504907 -85.178898 
3 123 1100 2323 -36.268313 -31.943334 -54.164338 
1 2842 97.910459 
6 519 976 1575 1775 2154 2868 -74.379143 -91.251430 48.256327 -94.649191 -9.208442 3.555661 
2 1129 1328 -55.531795 75.934976 
1 1279 2.449813 
1 2364 17.403993 
6 17 105 1684 1802 2579 2814 -80.104484 9.735313 -32.884673 30.336718 -2.368616 -50.920023 
5 1322 1472 1663 2617 2973 80.527952 22.341444 -51.318686 43.380559 -42.141537 
1 2330 64.518924 
2 1727 2226 68.789206 49.295670 
2 1855 2682 -42.121286 87.797155 
5 120 188 268 1444 2063 63.847213 73.468237 27.864811 -36.449636 39.459253 
4 35 40 1454 2511 -64.497411 62.319698 97.870234 77.423313 
4 269 455 949 1921 -3.459910 -40.806043 -52.815552 -89.054672 
2 112 593 -27.784018 -49.656685 
4 789 1929 1973 2177 -54.378980 57.729137 86.884058 71.589505 
9 614 742 757 827 1312 1410 1695 1787 2590 -76.470871 -72.054520 82.571711 -58.489058 74.575805 -77.203244 -10.172280 23.801311 -68.334309 
3 197 1483 1671 57.314827 13.926299 -68.826955 
5 27 892 969 2422 2771 69.277187 73.866678 68.945260 -94.644747 -71.854137 
3 1182 1531 2390 -61.129134 -59.011608 -54.004641 
4 489 510 2404 2880 -9.952579 54.291784 27.582092 58.850683 
3 332 1090 1265 49.316290 -70.628534 -5.336373 
5 649 1024 1431 2512 2848 28.191447 -29.199545 -12.216138 -7.865831 -13.755497 
4 838 927 1301 2916 -95.909485 -66.332433 56.098565 90.979415 
4 172 362 1508 2493 19.954666 29.210689 91.852802 24.928425 
1 2001 62.503709 
2 1234 1362 58.898852 -69.030131 
4 1879 1985 2314 2709 14.019485 -86.805924 -22.489418 -59.126062 
4 297 497 2271 2558 70.894403 34.091503 -3.406973 -26.452251 
6 133 584 590 1773 2436 2779 -51.262042 94.847637 6.722071 -83.163414 15.317213 -63.014971 
3 892 1634 2248 -58.308997 49.158569 -94.744401 
4 17 1047 2394 2423 52.066798 -94.801685 88.837254 28.205173 
0 
4 342 1178 1783 1978 -61.925999 -77.720119 53.476438 -7.016510 
9 2 355 417 672 948 1130 1234 1498 1592 -67.844987 15.026425 51.915772 22.727230 74.053605 60.417808 -32.114437 -54.775668 -44.469156 
0 
4 68 96 375 713 -29.700175 -13.895124 77.737991 -12.647395 
3 725 1966 2344 16.957476 -1.595766 94.241160 
4 991 1891 2291 2989 88.910317 -11.754391 36.235740 42.959951 
3 1261 1292 1931 -21.034485 -89.513569 -91.892958 
4 281 1318 1779 2825 84.611297 7.993224 -64.934407 25.784919 
2 407 609 32.847370 27.082350 
0 
4 1448 1569 1807 2791 28.398329 -99.667236 99.176618 30.834754 
5 1393 1420 1900 2126 2256 59.212924 -13.829187 27.704656 -11.193723 -25.414643 
3 315 1340 1946 -36.165335 -40.664104 -24.074347 
3 881 1136 1422 -56.449326 -24.095016 -36.470104 
3 81 1053 1300 -28.734587 42.214381 -80.250442 
2 1951 2965 4.261481 7.002055 
6 344 761 2246 2444 2632 2993 -9.402538 36.437915 -92.757184 -77.366272 85.438752 -35.637509 
0 
3 523 853 2757 38.873713 2.459731 26.549377 
8 322 349 1062 1262 1315 1583 2197 2289 57.819413 21.133784 34.935240 -10.434385 4.411788 -15.829853 -90.202717 -54.874060 
3 823 881 1049 -29.382211 -24.225706 -50.889480 
1 2233 -48.361447 
2 1632 2114 -66.467338 -76.543785 
2 1256 2174 80.624849 -89.575111 
3 1251 2406 2604 -64.278023 -49.129430 -75.291322 
1 115 93.733555 
2 1094 2139 99.251941 -16.215809 
4 689 1093 1746 2483 -25.334899 76.899849 8.567973 44.710105 
3 534 1168 2672 15.443065 -37.886966 43.822070 
3 1529 1588 2635 83.044718 54.295293 22.855251 
1 572 72.897352 
4 914 2422 2664 2925 -53.828627 -57.139214 -5.480039 85.954330 
5 2006 2032 2074 2087 2818 72.553307 -40.454260 22.940724 16.700446 70.901918 
2 26 2724 -67.392999 1.239132 
1 906 76.024189 
5 631 1074 1080 2486 2943 -80.384969 67.446257 -66.715186 82.457904 -52.618644 
6 699 936 1173 1552 2131 2637 37.102138 82.628935 73.348903 84.841443 -26.762398 -12.208357 
3 912 1374 1917 7.532904 -37.876420 74.762976 
6 557 1031 1920 2210 2234 2938 -87.894113 -93.580488 24.762577 35.713596 -87.851849 -12.652121 
2 480 568 42.480612 58.816399 
3 265 617 2454 72.741132 -87.440765 84.964911 
4 36 2234 2249 2262 93.972835 55.858526 74.401409 68.759513 
1 119 58.129346 
4 3 33 89 1102 91.294754 -65.569952 87.496742 -12.503079 
2 1300 1807 -10.482238 -9.459432 
2 1217 1770 -38.601516 -30.326179 
2 589 1183 67.214414 62.953835 
3 1720 1883 2868 37.413207 -94.160286 98.491942 
2 468 747 76.209495 -17.475568 
4 1246 1414 1535 2011 -86.815792 22.506203 -82.740147 13.333421 
4 472 1040 1178 2600 -42.157825 58.485853 82.973171 17.978205 
4 353 1078 1380 2248 -91.540757 97.770919 64.116113 34.372632 
4 802 1297 1512 2309 -9.600017 -85.268981 -44.324421 72.538723 
4 705 714 1385 2536 -1.420034 13.423444 20.758386 -60.284143 
1 1817 37.481101 
1 2565 5.271958 
2 1398 1595 59.981614 25.750343 
1 2477 -51.869430 
1 2066 -49.036589 
6 985 1323 1795 2197 2299 2817 -50.551717 65.260406 57.969107 -6.073121 -95.970079 2.142424 
6 337 401 1100 1317 1737 2948 -97.038880 50.944796 74.737893 21.807172 -93.399807 -77.667681 
0 
3 11 851 1094 -20.290117 85.450756 32.524009 
4 488 529 995 1389 -6.281790 97.890831 13.689976 -50.118805 
4 748 1975 2090 2810 20.656402 34.661607 -39.262521 -25.486856 
5 1511 1647 2242 2352 2816 -35.237036 -14.853723 -52.054595 -56.210227 -23.141556 
3 125 1233 2524 -13.141425 -97.669953 34.258070 
5 627 1909 1934 2425 2548 31.863175 24.827148 37.571146 33.065277 4.761848 
3 1092 1505 2141 21.233487 -73.048317 21.093953 
3 1752 1833 2197 75.803738 -37.002170 -31.546925 
4 81 441 740 2949 -32.687814 19.396314 -63.661041 -79.605484 
1 384 51.464178 
2 1849 2851 -96.772975 -93.682445 
4 525 999 1235 2806 95.286552 35.081189 18.280094 -53.985608 
1 289 -74.080629 
2 532 988 -32.346694 25.742626 
5 371 787 1636 1682 2105 -86.625138 82.516298 -64.309972 18.281395 88.610467 
0 
3 872 1796 1805 -2.719894 17.832934 5.434337 
5 177 651 2121 2571 2762 80.537755 -48.667339 -92.048151 32.856905 11.096703 
3 2838 2865 2938 -58.371824 33.555609 -1.351947 
6 9 359 710 960 1651 2019 -16.014146 -56.868593 -72.923999 -66.682112 -27.683768 92.410880 
5 276 1652 1767 2138 2439 -34.707067 20.021681 58.193250 33.566623 -2.350074 
5 232 848 1144 2306 2448 -24.267519 -27.166847 40.920601 -65.028614 -37.039344 
5 507 970 1106 2635 2934 63.817157 89.660068 69.161086 82.965912 50.229908 
3 826 1463 1594 -72.684014 81.544173 63.694442 
0 
3 72 205 561 50.039437 13.363709 -30.505400 
2 267 1509 -93.313602 -15.888365 
3 1261 2169 2927 90.099511 58.512370 -39.018520 
2 461 1365 -43.418750 37.661191 
2 197 2665 -17.364456 -34.077426 
6 91 1963 2070 2311 2357 2492 -75.126256 -54.608429 21.289306 73.577294 -52.592460 -2.116278 
1 435 -51.654228 
2 1698 2462 -91.099884 21.909452 
3 1540 2039 2856 -10.103260 71.466714 91.860815 
3 292 1115 1907 64.906623 34.899063 -35.721729 
1 277 -40.457359 
2 78 444 69.679576 -51.581912 
3 1204 2112 2763 11.342413 2.888611 84.014710 
3 303 705 1596 -51.438122 -12.208759 -80.534621 
2 71 2239 -90.588030 -52.892303 
2 669 1390 -78.893098 -41.482962 
2 1239 2932 -27.704037 -87.806463 
5 343 1006 2088 2691 2902 -99.828778 67.270299 54.933344 -41.205741 -44.808282 
0 
4 227 1003 1114 1616 -40.539870 53.027196 41.395287 80.224115 
2 1288 1438 -21.677218 -99.172364 
6 30 405 883 1895 2894 2916 35.686652 -61.542613 -15.111465 -80.732908 -60.164148 34.835708 
7 615 927 2296 2304 2335 2463 2710 64.409651 1.561453 -39.984335 48.273207 46.704048 69.821403 -10.354130 
2 1518 2954 89.735164 -76.324025 
2 564 2338 -38.636347 -75.072313 
3 342 1682 2537 47.891771 -25.034675 -76.407477 
1 699 -55.825903 
2 682 1352 -76.983029 44.473416 
6 57 236 1986 2222 2528 2598 79.691869 -58.685360 41.810016 29.525295 92.493035 -13.196444 
2 1523 1950 -53.976224 53.714549 
3 400 1247 1402 77.298123 -50.099996 94.153257 
5 811 835 1384 1676 1876 -62.154303 -25.852420 -21.800031 -89.379768 -56.561282 
6 32 640 1461 1843 2290 2320 16.907241 -27.646474 1.374762 -52.141501 -76.453234 -36.317777 
3 1113 2568 2717 -82.349781 16.951168 -5.085779 
1 447 97.223811 
4 321 1011 1180 2864 31.628273 -53.343480 75.946765 -19.323621 
1 2255 32.427896 
1 362 10.251306 
4 1604 1877 2194 2687 30.673510 14.579532 12.520918 20.166509 
1 75 8.829500 
3 1900 2256 2454 -35.885048 -60.269686 38.492883 
1 690 11.772547 
3 268 1024 1244 5.789542 34.347107 3.980862 
2 956 2573 -96.637733 25.589690 
5 633 1336 1904 2441 2536 -3.164379 -17.692652 -99.605079 -57.343011 -18.205007 
4 671 1128 2161 2367 38.470802 34.323527 -19.378098 45.929096 
6 1210 1233 1469 2025 2341 2469 91.181241 -52.925759 18.700627 15.200915 -39.271623 98.088894 
0 
4 87 1358 2210 2621 -64.789764 97.048415 -33.797792 6.504989 
3 1263 1769 2324 -27.771903 29.820526 56.835852 
0 
4 294 734 1529 2085 -1.951907 82.415809 -43.319570 44.811430 
1 1416 37.963207 
1 1771 68.877934 
2 596 2190 -88.096212 90.520140 
7 700 910 1417 1858 2056 2399 2562 -24.290573 -14.817285 -26.351362 49.934436 -85.232217 58.012990 -59.382511 
3 1684 2757 2852 12.458911 -95.866798 53.515910 
4 955 1043 1162 1602 55.833508 -93.319550 47.122816 -90.397933 
1 1649 -67.379398 
2 1301 2277 61.449648 64.444500 
3 1063 2177 2861 14.428247 -42.209301 73.287280 
3 8 1453 1603 38.348381 -93.086248 37.365491 
1 296 -12.463627 
0 
3 1409 2342 2982 -25.738925 88.970568 55.905737 
2 1971 2548 34.226609 -81.053604 
3 1013 1105 2720 34.742204 -64.041461 -32.627405 
1 2061 2.432248 
2 286 2960 65.066695 5.624988 
2 1588 2766 36.203409 -70.693432 
4 455 1671 2307 2739 -99.809888 -97.398885 -89.086368 61.708796 
4 802 1687 2868 2999 -56.446893 35.477053 89.222225 45.000100 
5 141 993 1981 2700 2753 8.603449 47.040635 81.065941 21.935854 8.999527 
2 610 2494 19.844633 46.023298 
5 273 860 1252 2344 2656 75.774531 19.431928 81.180377 41.024162 57.398765 
2 2074 2680 48.525158 -93.304545 
1 2466 58.763914 
0 
2 41 1803 30.630380 -99.016499 
5 295 419 1464 1819 2061 20.623652 -94.378582 21.578369 59.736385 -98.929499 
2 240 1333 -0.748709 64.283579 
6 107 463 1231 1959 2696 2814 34.256465 -28.267062 -66.172886 12.948345 47.848579 39.499763 
6 94 562 995 999 1637 2548 -29.317501 -87.949906 90.357268 -11.129242 65.894366 37.638169 
4 1257 2320 2545 2864 -88.642251 -16.287726 21.262563 -51.036168 
8 100 183 1048 1289 1737 1912 2184 2908 39.094952 -67.822258 30.066102 13.068359 79.320383 -36.876859 50.205841 -98.465150 
2 1629 2589 -80.556554 -45.857214 
3 493 1121 1301 52.314975 41.353665 -22.157732 
5 41 2384 2386 2414 2713 -47.460625 56.418289 -35.925267 -8.080019 87.106026 
1 2599 -66.623291 
2 1040 2372 -34.839087 29.182380 
2 481 1699 53.663134 -60.812557 
4 646 654 818 2078 62.194711 34.972948 68.131846 63.989335 
4 283 1286 2262 2859 -81.732729 -28.398363 -64.654795 86.310558 
0 
6 184 540 1456 1522 1584 2979 -75.407730 5.540804 22.407662 -26.082333 84.625312 -55.425401 
1 224 4.521590 
4 379 1814 2889 2967 -12.621514 -68.779353 -36.426503 53.331592 
5 600 619 840 1012 1423 44.704091 8.768822 79.101829 78.877362 -67.714492 
6 45 238 356 402 1796 2170 -49.041740 -18.001013 -13.550724 -97.913672 -63.255969 -88.889349 
1 2707 -16.544375 
3 112 1028 1170 49.752556 49.488810 87.848069 
2 692 950 70.924376 -2.310022 
1 110 -40.058826 
1 1533 -45.540050 
3 584 1230 2897 -44.597402 3.280680 -73.180193 
2 1051 2431 89.467540 73.017022 
2 1319 1590 -82.631927 83.723375 
3 117 596 1217 4.168011 10.091696 22.829911 
1 420 -90.626407 
1 2408 -0.077597 
6 68 232 526 999 1257 1386 21.348624 62.745023 61.510423 -29.190327 -30.270116 8.423316 
6 507 748 1104 1219 1240 1475 88.878264 -57.971547 21.333429 51.102925 -97.151198 26.049302 
4 539 902 2011 2094 -95.885358 -47.472070 63.129607 96.311855 
1 792 -90.462635 
5 104 675 1626 1764 2682 -17.267549 -66.403670 -29.679675 -53.926911 9.960756 
5 188 271 855 1822 1980 -81.790596 82.380786 -53.756215 14.919161 9.671397 
4 289 1131 1272 1381 87.263626 -60.976432 -72.767546 -32.540963 
4 134 1247 1432 1843 35.862124 66.513628 -26.004715 32.780862 
1 2211 66.129629 
1 131 89.894100 
3 1569 2273 2640 -90.976664 -27.471525 -94.100771 
0 
6 877 898 1452 1592 1701 2696 39.847826 64.942030 96.081204 -47.297025 -5.719910 -21.879527 
2 1640 2482 -75.991707 96.253712 
1 1020 -73.487620 
2 430 2399 41.971972 53.133906 
2 1875 2310 -76.465349 17.527025 
6 705 1406 1572 2228 2588 2840 96.124833 -11.306999 -42.361899 14.599217 -66.801069 69.064637 
2 247 1847 42.743482 6.220737 
4 101 276 641 1296 -34.195674 -61.926391 -97.066310 -52.028605 
7 303 739 1401 1972 2025 2293 2582 -5.295160 73.141852 -10.712966 36.157785 12.967413 13.734881 -45.140999 
2 16 484 -17.238435 -86.138086 
2 295 2790 -7.082886 94.059623 
4 727 833 1355 1790 -71.850936 8.955645 -32.114165 66.790608 
1 2423 17.612020 
1 1513 39.442292 
2 1560 2284 -77.032866 -35.099626 
3 284 555 1029 -66.881817 -93.439722 -96.781522 
3 1727 1866 2769 -68.516243 -46.264213 -17.352281 
1 2505 15.547114 
2 1004 1507 74.438616 80.795278 
3 16 183 876 -61.348966 -47.921455 50.452301 
3 1389 1895 2923 85.731463 -76.998534 -21.428135 
2 2525 2927 54.101996 27.399900 
3 572 1539 1971 39.016107 62.211122 41.014196 
3 760 2056 2128 52.996313 56.207788 29.079172 
2 459 1811 20.651254 38.327338 
6 262 1214 1475 1832 2002 2277 77.605214 41.555545 42.760143 -75.807334 -45.185234 -5.705888 
4 891 1228 2090 2332 13.599924 45.460876 45.345716 49.091993 
2 29 2967 25.014720 -94.381576 
6 1140 1161 1848 2307 2580 2719 -24.108555 -29.545687 -52.066682 43.778569 -47.021285 78.817767 
2 680 1748 -26.683638 -15.452950 
3 110 2346 2368 1.145223 81.980083 24.077623 
6 31 861 1198 1283 1943 2551 95.237041 61.986755 -71.979418 32.463913 -25.172002 47.581931 
2 1159 1545 -95.593053 -67.108886 
6 138 593 600 725 1089 2729 56.430800 73.498715 30.405681 -35.909481 84.882735 -75.471073 
2 887 2972 -98.270629 -69.174201 
4 958 1141 1171 2154 -4.830222 -6.362481 69.782726 4.705123 
4 108 909 1056 2030 -7.844698 -63.007509 -86.453265 42.577168 
3 22 1712 2240 -89.292271 -34.284720 -23.586656 
7 346 415 1231 1306 1592 1678 1805 -35.271851 77.696610 -42.193788 -67.305803 -28.803795 99.499955 -89.821442 
2 167 2882 89.576450 -67.295102 
3 196 1267 2481 94.967643 -41.458236 72.822504 
2 218 1172 29.178027 -37.854131 
1 709 -70.994693 
3 495 2105 2167 -31.408622 81.917780 -68.149987 
3 25 1846 1902 29.280267 -97.205579 41.240516 
5 47 1470 1535 2421 2704 -19.024529 -67.440919 22.549529 -29.794773 -27.869201 
1 564 42.967969 
3 13 1089 2976 -23.703809 55.599038 -78.113858 
3 148 954 2462 -47.417453 99.895134 -36.118827 
1 188 57.349141 
4 359 1152 1217 2083 59.438460 57.490698 -67.548806 -94.220625 
6 130 137 1040 1515 1723 2913 0.985483 -17.412585 -7.460262 85.688079 7.826711 41.485689 
7 502 1373 1853 2057 2245 2319 2868 -48.220200 48.212671 -87.378988 15.261160 14.515948 -34.961263 83.872346 
9 12 453 897 1119 1351 1801 1902 1940 2517 -35.604175 58.844428 -4.015931 49.009958 3.434147 86.681318 -38.055915 36.866624 -88.554390 
1 1382 -85.244139 
0 
2 654 727 -93.005558 -43.471089 
2 255 803 60.919723 -46.713154 
3 1553 1846 2461 77.537526 73.246527 -79.704028 
2 282 2247 -34.844225 -54.597462 
3 94 1420 2063 -60.334632 -60.327180 83.981263 
3 426 670 2650 -63.887496 4.190142 93.171548 
10 153 692 1247 1540 1622 1752 1900 2446 2448 2797 -46.976819 -76.220627 7.838530 -25.920040 37.323887 2.272154 13.624987 59.260409 6.877897 87.916806 
3 1584 2093 2231 99.798647 75.003473 -90.231800 
2 1172 1890 44.841306 -80.506984 
3 9 1427 1676 99.906901 29.632910 63.502872 
3 310 606 2668 -55.082712 -7.231390 -39.573339 
3 257 820 2825 -52.854283 -97.267800 -56.814234 
3 1259 1973 2341 -94.711077 40.662218 52.303213 
1 2965 -96.298133 
1 671 50.739259 
1 1826 2.033431 
2 94 2489 45.967332 64.841225 
4 199 582 701 2623 -36.981703 88.183884 63.204181 -96.006544 
0 
4 188 272 1137 2083 -53.803709 88.544624 70.824834 39.094580 
4 938 1048 2547 2653 -58.335740 -24.105621 -61.766579 -17.872463 
6 403 487 848 1699 2309 2978 64.754783 -75.276859 -4.072266 -15.176575 -2.638174 76.915517 
4 1168 1212 1612 2854 -64.393145 -8.758995 21.931402 50.087738 
0 
4 1420 2042 2624 2750 -45.573938 33.033966 28.587726 82.734359 
2 2240 2869 -53.288910 44.212035 
2 1075 2644 92.040363 -42.362753 
3 415 549 1462 35.172067 11.604300 89.460448 
2 216 1021 44.893958 34.412612 
5 237 875 2003 2205 2428 91.153060 -89.275111 61.232431 33.726476 -71.059772 
1 1952 -8.802866 
4 339 489 2125 2709 -10.883187 -89.909372 -35.466120 -25.177338 
1 1198 -69.509116 
2 334 2158 -97.157214 -30.436642 
3 789 1605 2811 38.362839 59.878881 -52.710805 
3 212 1789 2803 -46.060768 45.033480 -88.598073 
1 334 -81.242890 
3 1057 2185 2366 -72.119465 95.487901 -22.544235 
2 504 1700 75.293968 -10.213542 
6 141 849 1401 1577 2573 2913 41.927308 41.033581 43.007432 64.271870 44.851977 32.050664 
3 161 777 2836 -39.304663 31.319721 56.501721 
6 731 767 777 1015 1099 2041 -4.564518 78.914732 64.662393 -33.728830 -99.468807 -84.596213 
0 
3 2111 2205 2732 -14.920389 -80.290652 -22.319491 
0 
0 
4 197 348 1101 1324 -57.410448 -56.459297 -85.662382 -76.026420 
4 893 1247 1293 2291 -17.314287 61.069852 -24.051027 16.648636 
4 134 1186 1911 2940 -77.510807 -79.454213 -42.942411 64.237766 
2 2262 2649 -15.804366 -80.781195 
6 510 1459 1508 1569 2407 2595 41.506219 -10.061185 -85.519620 -75.671895 2.723691 9.798788 
2 489 1218 -54.602974 10.875783 
2 2046 2327 92.236256 78.924140 
4 338 508 2714 2946 73.801410 82.267617 20.167942 -88.490872 
3 249 1466 1630 -5.572119 41.393116 43.396417 
4 415 1586 2116 2532 92.058806 50.370701 -11.199494 -45.369243 
7 128 534 832 2146 2152 2285 2628 61.260132 25.809374 -28.709344 3.140791 85.843852 79.606830 -33.299634 
0 
2 745 1938 -10.106898 71.440737 
5 244 1213 1667 1893 2631 -47.857220 -19.201536 66.991527 -39.834788 -44.864225 
1 471 -22.398950 
2 938 2506 -23.815973 -26.408152 
4 500 1663 1868 2958 82.475768 -34.022973 27.545425 -2.534026 
5 585 1767 2011 2288 2515 -66.634007 39.997872 61.279927 -51.428957 3.899160 
2 242 2638 -78.983219 87.105597 
1 1645 69.746055 
1 139 4.920757 
2 2142 2761 93.633807 -7.912410 
2 107 845 56.780835 48.725962 
12 371 656 1095 1336 1494 1497 1638 1640 1680 1879 1935 2318 -4.753500 -90.695488 81.212282 45.778219 -34.002149 -95.341473 -62.367463 -65.316161 -52.749829 -53.391179 2.944730 -64.568301 
4 731 918 1075 2427 37.451990 68.606126 -60.380402 -67.242095 
2 360 1411 -37.554943 31.017865 
2 355 1025 59.591418 -17.997838 
1 1122 65.875609 
2 1633 2608 -59.009852 96.254833 
1 1424 8.179576 
1 1918 26.157468 
1 869 -47.940342 
5 1668 1732 1796 2455 2847 -7.532011 -51.945307 2.087596 1.363450 -23.294171 
4 352 693 1087 2947 -40.351172 -40.330796 -21.556907 55.365672 
4 367 937 1011 2780 54.220364 20.247151 1.906015 84.828717 
5 852 1470 1898 2314 2871 49.907775 -46.607960 -51.693493 -87.100056 -60.377891 
1 1581 77.548928 
2 705 1329 -36.180906 -48.030049 
3 228 1605 1935 -71.374064 -62.895064 40.562275 
5 398 927 1537 1680 2262 -33.467141 -8.145397 -93.094449 -2.084220 -75.219710 
6 7 822 1797 2241 2264 2482 -38.589916 -36.865416 97.632847 27.184652 41.595630 10.703517 
5 381 2063 2247 2295 2584 -51.617387 -63.378221 -23.222828 3.228245 25.874400 
3 362 2271 2604 -23.497251 8.426664 -73.646850 
1 2154 48.069336 
1 1321 71.235576 
4 1103 1690 2252 2555 -75.387161 -40.814887 -51.626638 -45.693380 
7 362 614 640 744 1328 1461 2522 43.066037 -62.776644 20.492271 -42.760990 96.600217 -33.738966 -58.299560 
5 250 1179 1379 1601 2719 -32.998982 -4.546602 -58.789361 -8.577152 -16.992952 
3 1470 1823 2638 -83.620501 59.407124 -76.100648 
4 283 1807 2474 2737 33.988831 -97.595602 82.244753 83.235176 
3 439 653 2918 -49.463743 70.030257 97.933953 
7 362 429 1000 1238 2016 2082 2633 31.211989 86.189926 -97.366534 90.326622 -34.588852 -19.069727 1.397423 
2 2921 2942 -43.025270 75.174238 
5 260 529 1545 2376 2386 99.635931 -24.082560 -90.309826 53.361614 32.553222 
1 2357 -10.622513 
1 1619 70.311025 
6 201 224 923 2105 2340 2680 -18.199086 14.025981 -38.011692 24.548534 77.832008 -76.945695 
4 501 2525 2694 2949 25.441324 -6.639007 -88.043167 -97.620512 
3 1345 1744 2147 -9.568197 -73.471830 20.798537 
2 1836 2997 63.257003 -70.823285 
3 18 2012 2571 -44.751141 -17.746395 0.705534 
0 
2 883 1818 58.160666 88.566009 
5 308 1118 1748 2793 2931 -94.208229 -12.717214 -55.650109 -59.098513 25.594126 
1 473 73.635779 
0 
3 1463 1623 1812 44.381995 90.378329 -1.532609 
4 328 518 651 2429 -55.537592 87.212707 70.069179 40.927005 
4 712 1593 2295 2547 84.380501 78.515270 93.888095 22.697840 
5 703 1229 1788 2539 2790 -52.979040 44.391850 -10.906990 97.314640 32.167289 
1 2416 0.714621 
4 1065 1096 2319 2703 89.998305 -90.472436 -0.848963 82.835375 
0 
1 164 92.101339 
3 1579 1665 2031 -65.165548 19.517618 -72.415353 
6 776 1924 1994 2046 2311 2992 40.581807 -70.461682 90.490326 -53.938282 54.351695 -18.516940 
2 1347 1383 -99.977219 87.075836 
1 1874 -72.232362 
4 1537 1617 1747 2225 -65.306572 75.826595 -33.301476 -15.048413 
5 1072 1361 1722 1951 2826 -64.185736 -55.976528 -80.787230 -67.264385 6.735292 
4 75 1624 2508 2619 -24.224865 66.646723 32.936067 -33.891234 
0 
6 23 332 763 1039 1144 2580 12.789190 -59.565306 -69.226106 -61.123595 -37.814918 -64.532592 
4 300 733 1008 2774 -34.050188 52.243535 -55.398937 -99.850023 
2 366 2467 68.824259 -0.226082 
2 391 551 24.149875 -86.815770 
5 565 712 799 816 1677 16.022736 48.917866 -23.900737 45.905827 66.741912 
4 534 1713 1893 2669 -8.123440 -90.257291 39.834195 -32.050821 
8 16 131 804 1021 1453 1987 2629 2740 72.706073 -17.071136 -27.935172 15.154556 50.746494 81.617585 -40.570600 52.156484 
3 1814 1947 2487 -94.561499 -43.356818 -12.611783 
7 191 567 605 970 1879 1992 2581 3.665889 -81.285131 70.487680 -71.406634 75.396804 -21.845831 -26.467337 
5 224 590 1959 2491 2738 -14.336928 53.478854 -55.144889 24.475474 -0.500800 
5 166 534 1643 1976 2102 7.183464 -43.386885 -57.783191 84.379482 57.630977 
3 1657 1904 2849 -45.300125 52.071568 33.342490 
2 1532 2116 32.033518 17.884160 
3 584 611 2769 7.090012 -7.872616 34.379748 
2 1926 2482 47.192903 30.079525 
1 2939 94.041836 
3 840 2169 2515 27.658349 -87.463009 -18.945412 
0 
2 1977 2755 -86.830033 77.263129 
1 1200 -57.237666 
3 146 324 1157 62.228692 43.474471 62.704684 
4 1777 1817 2307 2314 -95.060677 21.226549 -35.241671 -49.044307 
3 515 1172 1801 -82.513597 -70.837044 74.887567 
3 752 1281 2753 32.474711 18.269436 -15.814109 
4 1022 1780 1913 2347 -24.651064 -77.171228 30.945175 19.081370 
2 1305 2284 65.522753 94.949285 
3 368 2078 2203 70.615908 89.488066 -48.934550 
3 1442 2183 2516 -72.030297 -71.108736 -48.942929 
3 690 1246 2310 49.550970 61.319301 70.026296 
4 1264 1417 2173 2210 70.254909 29.886211 -55.158331 -37.093102 
5 255 519 1452 2298 2347 -16.748332 -53.731461 -44.809370 20.058987 -29.834633 
5 300 1251 1824 2440 2930 73.214819 -49.528498 49.101288 -35.019859 44.336873 
2 93 1053 -37.539799 40.612052 
2 1710 2005 65.097797 96.905054 
3 150 2524 2581 -69.890218 -63.134036 -54.071376 
1 259 99.433136 
4 712 1341 1642 1895 -53.182855 -75.993846 54.100548 16.759909 
4 87 499 2186 2717 -34.188932 56.768629 21.816417 24.284576 
4 789 1003 2112 2527 -1.455604 0.402840 82.550531 -96.664416 
1 690 48.894061 
7 194 295 673 1118 1221 1332 1605 -84.276111 16.944588 28.036132 -3.207179 43.805385 23.503806 -36.530121 
3 573 2464 2890 -98.726801 -5.854907 13.455861 
0 
2 733 2235 -41.134790 92.797895 
6 81 592 1567 1617 2139 2788 25.272343 -92.011602 4.312871 49.289237 -70.641585 -28.809114 
3 1525 2135 2566 0.549384 -69.633008 84.557659 
3 124 338 2745 -17.038728 -55.865329 72.015564 
3 697 2059 2869 -62.126241 69.004618 -91.629524 
6 322 354 2110 2753 2828 2974 -89.793863 31.755175 -49.399462 -78.682946 82.914706 68.518387 
6 96 290 412 844 1363 1716 92.685818 45.455098 -19.673231 -10.062051 -68.872948 16.876180 
3 915 2556 2796 55.590692 -48.417725 6.175995 
2 531 2039 36.108012 -78.878243 
1 1593 5.785391 
6 724 822 924 2678 2712 2756 31.575243 -8.693537 -72.178667 -48.546097 -7.669971 -54.804817 
1 2567 -89.450215 
2 1054 1962 99.710314 -60.462102 
2 651 2621 7.808233 87.416648 
5 868 1178 1713 2555 2892 -3.226180 85.579659 79.160091 67.807435 -21.479035 
3 1726 1996 2418 6.437030 86.002961 3.267186 
4 108 249 1240 1315 -71.465326 18.657681 57.243808 -62.598604 
1 1060 -77.387490 
3 2268 2269 2335 40.536740 41.196688 -79.691016 
2 789 2139 15.432273 85.111943 
3 367 1865 2622 -75.875174 44.825111 -19.889712 
2 302 807 0.912697 -76.037280 
6 65 333 527 1661 2198 2346 -76.277768 -11.548238 83.640020 10.122153 -71.077407 -49.785984 
3 510 577 1442 -35.220466 24.709446 -28.562770 
4 1500 1668 2401 2667 -20.420672 -55.909243 -58.103861 49.306288 
0 
0 
5 310 421 875 1232 2284 19.911672 83.894972 75.907414 -67.614881 -5.077890 
5 785 934 1302 1466 2505 79.097728 66.512368 58.507872 -41.288598 60.823684 
5 584 590 934 1528 1835 26.852795 -24.369801 93.985823 33.532181 -86.880618 
3 907 2295 2300 -36.877190 -49.689900 -49.145928 
0 
1 1126 -13.129138 
2 884 1420 57.079137 4.859892 
5 26 102 1672 1717 2556 82.890560 47.677296 90.619833 -96.293881 10.566355 
5 951 1784 2670 2729 2761 -26.880391 -17.340250 76.890032 -74.526657 90.570078 
3 380 457 491 -49.097566 -18.876446 80.125206 
4 342 844 1994 2838 -81.338612 72.400002 -77.987639 -32.605536 
2 1992 2551 42.571242 19.709210 
1 2303 86.278529 
2 151 1549 -34.953846 -79.919360 
1 300 62.030180 
4 397 1237 1266 2957 40.101058 78.334165 18.418029 35.579218 
4 745 943 1711 2765 -45.750396 85.501853 -80.211870 -99.935475 
6 555 1178 1401 1530 2180 2910 60.951087 41.270873 85.767613 -57.615137 -35.564553 20.226924 
7 269 401 1340 1419 1912 2073 2468 11.856592 40.681168 -39.545691 65.145271 -78.734167 -93.720263 3.618341 
4 15 194 1708 2717 -33.537629 -79.358652 75.550523 -30.565103 
3 1172 1395 1614 -71.848533 -1.808466 12.043233 
4 1166 1336 1463 1829 -47.775756 29.718917 -24.522719 9.435939 
3 573 700 1497 -85.695955 14.242088 -27.962942 
3 174 239 1323 19.090999 -86.472720 -16.749448 
3 328 874 2016 5.741764 -25.301275 13.945171 
1 1674 38.416810 
2 871 1581 3.853580 -63.693875 
1 975 -15.849788 
3 1058 1582 2328 -49.766408 -84.181560 -93.936965 
1 1284 73.195367 
3 1454 2482 2557 94.514384 -14.288057 96.569523 
3 1860 1874 2438 80.407641 73.242021 -55.912162 
6 191 346 1150 1493 2542 2807 56.469716 51.699948 -30.984818 -25.829732 30.932323 -88.511185 
1 2156 28.536376 
1 1286 32.686386 
5 1548 1811 1937 1948 2698 99.920273 60.719528 52.060542 34.672825 -47.284178 
3 1120 1172 1855 4.590975 -99.015106 -94.174677 
3 43 435 2416 -16.503360 -67.954897 20.915166 
3 1138 1637 2216 22.121505 69.305870 -77.949311 
2 904 2974 25.241000 19.230782 
2 1702 2656 -22.913206 -90.545380 
1 1009 -72.853036 
3 396 1204 1245 -31.984814 80.257912 -95.492953 
2 1419 2125 64.290009 44.163285 
2 181 2848 64.090595 -6.381082 
3 530 1565 2555 56.829070 -76.690238 -12.357342 
4 174 1175 1776 2585 -3.878993 -42.365862 24.257450 -83.471338 
5 1209 1388 1598 2144 2965 -47.855665 8.574270 -23.579282 62.612262 -68.504292 
2 4 187 24.725382 31.199252 
1 2024 -3.613824 
4 1298 1867 2338 2849 -13.332074 37.523243 -87.331214 85.650427 
2 983 2147 -58.732751 95.266237 
2 941 1300 34.506391 -5.954541 
2 2418 2826 -43.871155 -59.284454 
4 762 911 2000 2918 28.008986 -80.644630 66.126764 -62.888133 
1 2283 -26.971161 
5 710 1531 1635 2519 2649 12.145748 -5.664560 78.911576 5.035945 12.686975 
6 54 798 1124 1506 1836 1953 -87.451241 -71.000425 78.954443 79.197442 -35.524924 -14.548839 
3 1035 1188 2577 -37.319816 -47.890030 55.467358 
4 214 771 1302 1677 52.964147 -12.119057 20.749050 37.717253 
3 81 122 2215 60.366127 6.314744 97.457462 
3 469 1769 1816 -93.611909 -33.113139 62.507484 
2 515 1221 -61.917544 29.642019 
6 351 1130 1369 1580 1772 2858 18.007771 -42.531318 15.163282 64.095560 24.737913 1.411090 
4 596 685 1121 1182 20.932970 -91.317875 50.888052 -56.858413 
3 1626 2214 2339 77.850034 91.045465 -27.957121 
3 84 534 1188 -95.115855 18.999822 62.579887 
0 
2 379 1314 -19.161100 18.931641 
1 2472 -46.343344 
3 664 894 1205 -71.752744 -24.409561 -15.949500 
2 288 1875 -93.073499 -64.506307 
3 2618 2726 2961 -13.744670 62.287158 -69.879553 
4 1069 1737 2095 2450 -44.935160 55.957645 24.880616 -57.096063 
2 119 2340 -66.481944 -59.639644 
3 529 1413 1696 27.542168 33.354108 -74.740389 
3 249 1032 2770 -5.395075 -53.919244 -2.375242 
1 360 -81.924789 
2 823 2461 54.241956 91.038306 
1 215 -18.699212 
3 520 1281 2091 -99.731347 60.206870 53.544456 
3 1351 1372 1668 88.021765 39.576702 53.848119 
3 383 2767 2839 49.934991 -96.620218 -41.205587 
1 1201 -39.970798 
3 415 2352 2462 28.632864 -50.261674 -68.263262 
5 71 405 1903 2735 2800 39.020601 -29.416573 68.960768 29.181113 -20.106291 
5 210 578 1052 1123 1353 11.011476 27.412309 -35.099245 -26.906430 -86.579446 
1 2231 80.511782 
4 382 1395 1484 2323 75.877317 58.831243 22.533164 98.413622 
1 1888 -16.097076 
3 34 879 2231 58.273833 56.383787 31.753432 
1 11 13.471950 
1 2354 25.935967 
1 1985 -18.276150 
0 
5 476 566 1698 1744 2423 42.394821 -17.893886 -7.795254 51.473178 -53.838342 
4 1215 1705 2081 2744 37.800492 79.038567 -39.565684 -90.431258 
3 1422 1451 1766 3.784054 -45.833912 20.723469 
2 499 1690 41.957039 70.784309 
4 128 786 1283 2047 42.805215 -28.852798 -69.252646 -23.350787 
4 1682 2158 2887 2888 50.099286 -24.828597 12.734738 -85.992042 
1 2464 42.108163 
3 1089 2449 2778 -5.256971 -62.196246 7.124437 
1 2701 -43.356967 
2 100 1183 -77.870881 22.052430 
5 1018 1040 1454 1830 2161 -87.975877 -62.832593 -18.926042 11.031087 9.531480 
4 216 562 1670 2841 -78.366536 -83.748075 37.085410 -4.112524 
2 874 1280 -35.348211 -1.077290 
4 997 1503 2352 2575 87.292976 1.238357 -86.767397 -23.956000 
2 40 2266 -86.024350 -46.866877 
4 397 689 752 859 27.165753 -93.896837 78.811048 47.834539 
4 766 1097 1498 2927 -13.700438 -9.616314 49.696985 -87.317585 
2 867 920 48.217145 40.750674 
3 212 452 2773 31.601215 -76.289528 91.036455 
2 2124 2554 8.664868 28.998673 
3 264 2694 2780 -33.415461 76.949209 76.199079 
6 1042 2074 2318 2558 2806 2912 -83.329289 -92.321125 -55.166966 96.486246 98.640933 -99.459006 
5 1625 1903 2469 2599 2756 -45.325303 -3.144684 72.044849 -81.042331 -83.651352 
2 1296 2221 -33.179947 73.829820 
3 1476 2641 2694 -32.672966 70.476774 66.683144 
3 1525 2667 2774 81.287070 15.654913 37.206741 
3 1311 1766 2276 67.108741 -16.780781 49.832156 
4 39 565 692 1420 -36.889203 74.094722 -64.071444 1.925085 
2 499 1492 27.371538 17.589821 
1 600 -49.560534 
2 775 968 -84.373845 93.280841 
1 2926 -61.099447 
3 202 1863 2603 34.990893 26.498645 -98.438668 
1 2439 -75.165015 
3 65 1166 1916 91.556210 -45.531778 -32.322439 
6 556 1064 1331 1583 1977 2452 22.322482 -22.899835 42.990294 -98.101313 -35.366931 72.101167 
1 1625 4.309493 
3 533 1862 2500 -31.325259 -33.439343 79.297787 
5 335 1713 2180 2851 2933 57.481387 13.869856 -88.307066 -86.213715 -45.608674 
2 781 2251 10.407357 73.164685 
4 632 1644 1990 2997 53.114613 8.710246 -51.904127 53.186447 
2 767 2937 -29.203937 62.135148 
3 125 1024 1355 -37.577966 -84.214204 99.261592 
0 
2 249 2176 34.173995 -65.150985 
4 293 797 1813 2344 20.483918 37.306636 -10.472651 54.648001 
5 343 364 2130 2336 2501 43.958379 -45.948821 -59.582257 -3.253568 -47.317621 
2 981 1849 53.145311 -89.049837 
2 1074 1565 25.967491 25.100516 
0 
2 353 1110 40.008578 24.264690 
1 1527 -4.228809 
4 528 812 1753 2749 21.152009 -95.288615 42.457739 -91.889520 
0 
3 732 1135 1347 -27.860419 -43.373331 82.318410 
5 159 475 598 1045 1449 8.132503 53.909466 45.108520 -50.083616 97.046228 
2 777 1396 -97.503292 -5.276779 
1 1318 76.871817 
2 688 2724 61.950728 -31.877743 
4 939 1582 1668 1901 -94.590196 96.323401 -68.451763 26.599198 
2 154 2210 -94.675840 54.469994 
1 1437 20.631376 
3 310 839 1365 41.857581 27.143502 -30.011390 
2 1769 2921 -28.621089 -76.448927 
3 493 1002 1868 -17.937603 -29.066043 12.964041 
5 348 987 2367 2542 2600 -40.842263 -4.755605 89.007212 -42.834719 6.746990 
1 1840 -57.717711 
2 870 2550 -35.974964 -57.501574 
3 67 1441 2972 16.355303 -57.798531 69.267411 
3 112 1177 1182 -70.522751 0.839732 95.569943 
4 493 549 2112 2544 42.449504 35.836805 -61.474791 -73.084058 
3 317 1320 2473 94.082483 7.750551 39.792402 
4 517 757 1688 1692 94.703121 -18.812761 -56.065810 -52.692606 
5 168 531 2333 2387 2919 -96.742688 -93.876156 -58.471321 30.832035 82.255503 
0 
5 165 258 886 1006 1327 37.964622 0.786042 54.469597 -47.901653 61.157044 
4 2071 2382 2396 2780 83.879505 -60.968541 48.827572 -32.052073 
3 1870 1990 2633 -74.917561 -52.496277 -66.075060 
3 278 1400 2509 89.363935 -4.802998 75.368984 
0 
2 1666 1676 89.334131 72.402918 
0 
2 1765 2524 19.790414 -23.315297 
2 2723 2853 44.757885 27.900386 
2 336 1489 10.560349 -13.168885 
4 567 1764 1930 2078 27.339389 40.199511 -2.333088 84.868275 
0 
3 1278 2350 2691 -84.218753 -83.031006 95.179147 
1 1709 66.453070 
0 
2 495 2288 94.178750 7.278728 
5 1100 1192 1268 1771 2050 -90.586172 -24.560541 17.590186 33.739534 1.261830 
1 2587 77.849965 
4 2047 2497 2564 2913 -77.293387 -53.745780 -81.381930 -50.728783 
5 171 339 355 493 807 55.717461 55.119353 -29.064650 -87.737188 51.204529 
2 102 362 -72.717843 -19.422882 
1 537 -28.273218 
2 1191 2596 71.521726 -16.661006 
1 1128 -10.892476 
1 314 -51.523842 
2 612 2553 62.639874 -35.290958 
2 1975 2246 -35.452577 85.951361 
1 687 -18.809979 
2 2810 2989 37.128541 -47.915874 
5 169 804 1342 1695 2500 -8.830897 -61.875915 -84.300349 98.371374 -34.541363 
5 438 1017 1179 1525 1639 -36.372114 -60.112379 52.063888 59.596278 15.986094 
4 805 2194 2587 2990 17.693974 32.743863 68.688110 -32.225107 
1 1889 -83.763450 
3 1519 1951 2414 29.123844 -80.548599 -42.715557 
3 1228 1330 2105 -22.923769 -21.051755 98.891701 
1 2378 42.130010 
2 1253 2856 -20.750151 1.396969 
2 78 491 98.191597 66.387606 
1 2681 -53.705753 
5 1668 1766 1846 2031 2524 30.964974 -2.503321 -70.674459 -91.877163 93.398551 
3 1312 1465 2024 21.218222 14.116017 -69.412898 
1 934 76.747833 
2 1600 2932 -11.878106 -50.872460 
4 209 700 2033 2967 14.731523 -5.187464 -58.341559 20.311529 
3 705 1318 1662 93.702169 -36.066884 0.208303 
2 1005 1821 -81.768150 -72.232354 
5 261 1647 1782 2162 2561 -70.603312 27.976983 -33.666151 -49.089322 86.033110 
1 1448 77.783916 
2 93 101 20.177604 -35.421654 
3 537 614 2581 -46.936206 31.919303 46.767482 
1 15 -43.505768 
4 471 1115 2306 2773 -83.287440 50.546274 -60.046908 53.537838 
4 46 1280 1459 2983 -0.426602 -29.154171 -58.647046 -43.261402 
0 
1 189 -45.165691 
3 1421 1921 2147 -25.253322 -70.875589 -36.407577 
4 55 58 593 1197 -69.242698 -93.582483 -9.682090 58.137485 
1 2661 -7.960861 
2 1250 2972 86.442315 31.811056 
0 
4 33 738 792 2213 -80.851958 -87.813864 67.937212 -9.363649 
6 643 711 1540 1745 2594 2702 17.896681 37.158360 80.849149 -11.879194 60.150525 77.397114 
2 2073 2097 -89.367594 -20.161927 
3 33 186 2275 65.535535 -20.060973 -21.022996 
5 925 1586 1646 1816 2545 -72.034626 15.128576 24.445402 -36.957272 86.301189 
2 989 1020 -41.071672 -91.966284 
0 
2 847 2334 -27.475544 74.906872 
4 715 781 2521 2669 -41.842355 -66.232613 50.290132 -66.873291 
0 
2 1187 1324 -55.323087 39.508515 
4 1563 1979 2594 2802 1.304497 -64.808768 98.102056 -61.294159 
1 198 63.701684 
3 1758 2108 2692 25.038983 45.047304 1.492810 
1 1525 21.893527 
1 2105 -60.399001 
1 110 -63.117320 
2 738 1976 -43.500090 -43.311147 
4 782 1888 2196 2572 41.498494 71.469444 15.531800 -23.535613 
3 215 244 2276 84.713511 30.788174 15.653433 
2 1672 2757 18.426326 14.075025 
2 1136 2900 61.862215 -36.054959 
3 855 1167 2668 37.634486 53.101045 3.874218 
4 1371 1703 1854 2981 4.952134 98.977387 0.385005 80.334213 
6 281 959 1235 1310 2001 2161 -12.325863 -34.187130 -37.464352 60.632353 47.448171 -12.967718 
0 
1 1123 -20.342351 
3 462 729 1527 -79.930990 -68.598254 -34.618997 
4 925 1803 2373 2587 -46.799698 -86.709250 95.412224 -96.870281 
7 74 693 865 1021 2465 2549 2786 -15.066622 23.858823 -63.009818 -30.411873 93.816937 56.407888 -12.759440 
1 1223 -7.506514 
4 1861 2207 2240 2242 -51.993732 -11.556636 -49.359970 -81.990239 
5 1003 1335 2287 2531 2892 -44.530090 53.421901 -53.079019 -60.589732 44.193404 
0 
2 451 1957 -1.165634 -46.156219 
2 1933 2034 3.929996 -67.537612 
3 349 1342 2912 84.639224 -44.656004 -12.413423 
2 1112 2492 65.772239 -91.879424 
2 402 2907 -25.805881 -15.928078 
4 376 1105 1996 2596 18.040389 -81.932448 87.191146 13.449204 
1 1069 -8.145229 
3 706 1843 2166 -83.397306 -9.681860 -65.962474 
2 1676 2314 -53.182498 7.823292 
1 1974 88.353058 
3 561 738 892 -58.082962 33.990438 29.156737 
2 327 2610 24.446574 17.602563 
1 928 93.394794 
1 2236 -74.652024 
1 2305 -42.787345 
7 1777 1909 1983 2328 2539 2622 2954 32.888294 1.014309 37.790534 10.244891 0.644781 56.716265 -42.624789 
3 1398 1626 1971 -17.332805 -90.850456 11.085131 
1 1433 -76.572704 
1 774 61.164901 
6 521 1162 1376 1936 1947 2825 -6.899303 91.751772 -18.866508 -65.476089 -16.478453 -22.015930 
1 2810 38.129912 
6 276 494 708 725 1023 2971 -12.289460 -20.813798 -12.507510 86.300816 -60.491508 -18.132840 
3 324 823 964 -23.592044 6.574336 24.180582 
3 1596 2625 2981 -90.478105 -86.489341 -41.203516 
3 1928 2690 2953 87.894727 -54.949698 87.706097 
4 1040 1904 2540 2785 61.818966 -16.723948 46.473627 97.851122 
4 1805 1978 2492 2741 67.259379 32.704745 18.577290 83.343098 
3 2220 2426 2976 58.355965 -56.817797 -70.680649 
2 707 883 12.642003 -30.648189 
2 888 1771 -56.940143 27.840812 
3 1205 1368 2239 38.554148 64.277648 6.214216 
4 26 1115 1140 1894 6.247326 -53.315085 -97.718222 39.321030 
5 1090 1347 1577 2175 2432 -36.922151 18.342049 44.378668 -26.685565 49.986498 
2 594 2292 -78.526829 56.217725 
4 530 1169 1783 2831 41.625181 -9.479943 1.163005 99.039970 
1 1978 -68.169793 
3 669 2157 2688 6.769451 -25.316712 85.608116 
3 1741 1771 1953 -53.358758 -69.757301 68.212261 
4 604 1338 1540 2961 23.167440 -57.752923 3.336129 -90.126052 
5 513 1335 1380 2159 2226 4.271235 77.522800 58.229166 -88.526931 99.281445 
4 1325 1341 2302 2968 30.809313 16.474059 -86.189652 74.411391 
3 498 1611 2963 58.884257 -36.730398 74.645002 
2 186 1715 -82.902188 -0.299579 
2 430 2503 -46.841238 -34.002880 
2 2327 2553 13.435701 66.514108 
2 1133 1757 61.603935 99.986145 
3 2003 2136 2490 -84.567359 -87.088039 51.144860 
6 490 1527 1674 2424 2839 2958 31.820797 -61.961044 40.041775 -2.793958 58.456176 15.635598 
3 347 940 1696 58.083369 89.583912 -95.873429 
2 1120 1419 -52.852049 -42.514702 
1 1637 11.593776 
2 2765 2803 -84.815322 20.383365 
2 974 1372 -39.139501 89.874996 
4 1857 1907 2186 2195 62.002581 -43.817182 40.403916 98.400652 
4 4 472 2530 2862 40.779909 -12.399305 -68.297451 18.336662 
2 1848 2521 -95.336337 35.227015 
2 568 827 17.419532 46.926735 
2 2252 2321 -91.549683 -60.983376 
3 261 1581 2090 -61.215571 -41.346539 65.638767 
4 477 2454 2684 2824 -85.938340 84.046967 64.629911 15.217135 
4 163 1062 1156 2890 83.423628 56.776388 67.697933 -62.372357 
4 515 829 1767 2754 -67.281240 -11.702651 -67.631087 -51.893371 
3 1367 2101 2486 -23.416783 -25.609137 -36.365355 
2 619 1016 -13.057034 -85.247742 
3 193 1245 1906 29.064226 -60.565425 47.926262 
3 842 1578 1851 -57.480544 92.333857 66.291485 
4 137 705 2455 2986 -75.739872 -53.035994 88.719804 -46.073722 
4 105 750 1769 2984 32.205436 -31.531051 85.765877 42.841178 
5 1679 1787 1791 1794 2083 23.497851 -68.857697 34.794340 43.204726 32.475090 
2 525 868 92.145875 95.860163 
7 82 262 601 751 1063 1088 1527 -71.325197 -48.707578 22.989445 75.806349 -11.495213 87.832631 -13.164596 
1 1903 -77.518412 
2 701 2758 -25.177571 -71.813063 
1 1281 -78.658353 
4 1458 1751 2247 2676 74.400810 18.244014 44.573497 7.427797 
3 59 1901 2876 -78.865637 -32.919795 24.387739 
1 1351 15.982949 
2 2244 2471 15.866804 -61.767563 
5 263 2037 2079 2179 2716 -56.587903 12.994982 -27.156300 -2.846226 0.943549 
4 1225 1337 1390 2703 -53.528003 -24.340966 -40.323549 -17.524124 
0 
4 204 1228 1403 1443 60.397476 18.300940 -47.019266 85.896901 
1 2908 -30.056424 
3 167 622 826 71.346485 -50.960617 -44.641879 
2 2166 2398 -68.472366 -76.344856 
8 390 1067 1558 1852 2070 2290 2329 2419 35.981666 78.698974 58.151793 -93.259110 36.938698 13.049180 -63.080504 86.523662 
7 489 1103 1578 2063 2602 2740 2855 83.432797 -88.805488 80.853441 10.778398 -28.488755 -24.701474 49.254216 
4 133 1164 2066 2943 -65.909587 -28.276798 6.851904 -20.864432 
2 1845 2941 55.203706 -39.033303 
3 539 649 1110 47.409978 -90.779189 16.311805 
1 2495 48.274594 
2 826 2469 -96.534276 63.885966 
2 2320 2722 -93.600672 15.133358 
4 1110 2039 2743 2758 28.542526 -81.690723 44.311196 7.913081 
2 490 1176 71.524310 43.828079 
5 1012 1714 2070 2170 2581 -93.386288 79.446419 13.246124 -11.243492 -55.324796 
4 1738 1908 2657 2888 25.634195 47.371248 70.234547 -64.864705 
1 373 -52.977150 
2 558 2165 0.864107 -33.974323 
2 1665 1852 91.391574 -22.866575 
4 575 1629 2578 2925 -29.400497 -54.513583 -78.247592 -54.706545 
4 53 318 1812 2395 65.498915 61.340498 14.520818 -72.685758 
0 
2 1242 1680 54.178738 48.561166 
2 2219 2685 -86.441675 19.170503 
0 
4 1108 1706 1993 2511 -0.729268 -50.276075 -97.694627 -14.598207 
5 832 894 1486 1564 2368 -6.114970 -94.531908 -6.834081 -66.745265 86.640620 
4 359 1623 2025 2507 42.749041 -54.843506 -56.443462 22.674212 
2 980 1621 -83.214153 -29.261457 
1 1728 13.847845 
1 2422 26.860870 
2 183 604 77.334250 83.055447 
1 2262 -18.429655 
3 1983 2125 2251 -79.978812 -5.281753 36.087094 
1 1017 -80.480627 
3 295 1799 1822 -21.437190 43.379062 -86.043667 
1 1848 -4.440386 
3 955 1880 2101 72.600467 -62.728673 -96.383351 
5 77 562 2489 2763 2860 24.151377 31.799140 61.434915 -21.520808 8.348961 
1 2890 -61.872357 
4 1108 2434 2548 2601 7.202452 88.508489 -6.549901 -30.966228 
2 35 412 92.013764 12.978792 
1 1923 88.280578 
7 150 652 891 1480 1660 1870 2304 -46.330302 13.713480 -94.002844 -98.020459 12.105279 75.331466 47.452085 
2 107 265 -27.309996 -51.377120 
4 345 527 2234 2390 91.384893 -1.743510 -18.631162 63.507077 
7 632 762 959 1035 1483 1557 1913 99.910029 14.264529 26.864123 41.369797 12.257612 19.088520 -58.156485 
3 772 1557 2360 -11.037570 76.542113 32.244288 
4 162 648 731 1643 21.272111 -92.540027 -19.044037 -56.852429 
3 872 1732 2104 -37.835499 -8.831899 9.239928 
4 339 455 1632 2416 -11.841327 -50.906014 77.726064 7.706903 
2 1005 1420 -89.463079 -81.201717 
2 1416 1591 -7.849846 9.652454 
5 27 185 1253 1503 2493 36.515320 81.563944 -47.994480 93.769774 -65.404811 
3 1305 1390 2001 61.562006 31.142158 -64.429406 
2 1251 2927 -5.533357 27.227911 
3 26 1187 2595 -99.790244 96.633491 -68.022679 
4 542 1290 2087 2254 22.080811 -56.920786 -62.927645 5.674996 
2 2762 2802 -47.928045 -20.735394 
2 56 667 75.857393 -41.260220 
3 586 2157 2552 87.459344 46.412267 98.578329 
2 579 2068 91.746998 -5.935539 
5 1627 2448 2742 2938 2999 12.908791 5.996330 -29.020990 -72.208165 -52.911302 
0 
4 325 723 1632 2666 -98.026134 -40.745394 -0.965303 43.291960 
3 642 1743 2621 65.914573 94.234767 -3.679890 
1 612 -23.911473 
0 
3 115 1468 1735 5.641754 -29.487456 -12.602277 
4 292 671 969 2196 -71.767916 -20.086635 -24.120258 60.098903 
2 851 1662 34.789248 61.344487 
6 18 99 789 1359 1372 1556 35.602418 -59.430883 71.796508 55.853087 84.136443 71.324494 
3 1418 1781 2131 80.354429 -20.958153 -84.166219 
3 149 1790 2139 -64.386882 60.388033 -78.985237 
0 
3 28 1484 1640 63.370518 -58.128931 -57.886702 
2 268 1104 93.629636 -43.152848 
2 159 1875 -16.574989 -85.555961 
2 933 2885 97.870754 -41.952618 
2 1647 1677 29.765437 59.769100 
4 330 792 2622 2715 -72.129133 -49.583600 26.103337 -13.261222 
4 168 731 1138 2412 33.193696 -41.011777 53.319276 85.929088 
3 676 916 2475 -77.621280 55.343871 -52.894664 
3 1786 2456 2879 -80.960542 40.684791 -51.200745 
3 339 695 2312 62.958043 61.159028 -55.755397 
4 1530 1638 2717 2764 61.982370 67.903709 -63.110919 -49.532035 
1 1023 -74.625330 
3 721 1325 2529 52.203353 55.389185 -43.716962 
1 2385 54.620652 
2 352 496 57.223313 -95.975823 
3 17 1715 2226 46.410895 -54.849780 -32.023087 
3 1565 1753 2796 55.388070 -63.647532 8.908611 
4 126 2145 2362 2631 58.959363 3.926578 19.588747 97.874054 
1 391 43.830304 
3 1022 1385 1721 -55.592437 11.523139 -86.602193 
2 495 2651 -70.883226 -44.088059 
1 1842 37.752003 
1 726 15.576114 
6 290 918 2340 2405 2506 2816 12.353236 40.661024 89.472789 -59.112518 -80.685022 -74.884811 
2 545 1901 -88.025028 -23.275868 
2 952 1095 54.445156 89.875460 
2 318 1820 47.180136 -43.242584 
4 330 331 2953 2979 37.222952 20.116458 -3.984792 65.020864 
2 393 1596 -35.950064 -28.161609 
6 880 1002 1151 1201 2320 2905 79.459926 95.107993 87.915941 -86.000546 -93.790851 -81.246316 
2 835 2454 -21.871055 -18.591538 
3 967 1599 2134 -15.950174 8.790415 13.622638 
2 2733 2766 9.877328 26.585479 
5 15 251 1428 2723 2999 59.026145 81.218138 -89.720357 12.357528 95.970585 
5 170 605 707 2223 2955 46.641144 38.468663 -98.629063 -13.596128 -59.940965 
6 1 518 1095 1628 1673 1752 -5.406549 -85.190825 17.156796 30.254273 -0.047520 8.355035 
2 1442 2725 23.044285 25.990371 
4 953 1303 2502 2846 -27.833682 -73.444117 6.074937 77.111206 
2 899 2087 23.059073 21.243303 
2 869 1071 -80.826800 -77.274775 
2 378 1433 30.766220 -37.546249 
4 1132 1206 1813 2278 -79.112380 13.936896 -32.527708 94.871146 
5 393 1306 2164 2582 2608 -4.977772 -78.871051 3.177970 -73.187113 -60.010550 
5 713 914 1316 2017 2558 -68.508798 -2.634765 68.113413 -7.156775 -87.351809 
4 233 330 2499 2929 -8.289711 62.137480 -85.741270 -25.488655 
3 1044 2459 2815 10.186654 -60.653354 11.018241 
6 58 996 1013 1417 1570 2129 4.134175 -61.825767 27.857731 -35.376901 -44.214872 91.240368 
5 637 1563 1814 2469 2569 67.772039 58.993220 -33.041352 70.008231 -34.267082 
3 1256 2360 2515 62.326841 89.988812 28.902510 
2 408 2446 -97.572126 76.863692 
3 2456 2566 2769 -29.067662 54.914406 -48.790615 
2 2145 2146 -10.837990 53.056637 
3 30 618 2266 -49.688269 10.693822 -91.683589 
4 100 1329 1451 1469 8.424814 -39.150358 22.223668 -74.328780 
5 47 145 1019 1033 2975 -53.197750 -94.276548 -54.093848 -55.424870 24.342601 
12 304 764 1119 1229 1655 1740 1959 2042 2206 2246 2549 2915 17.995260 -88.897330 -37.513958 81.154015 -11.839396 -84.416355 84.574478 19.998535 -98.373722 -9.168385 -92.455844 23.132618 
5 453 1184 1319 1735 1900 -7.119039 -90.197385 29.991545 -62.325983 15.881056 
2 2191 2954 55.196651 84.631491 
4 750 1519 2475 2548 57.650422 -41.629303 -44.735378 85.254490 
1 1775 17.625624 
3 41 686 2135 -59.276932 21.631000 -26.501465 
1 817 -85.122298 
4 169 328 641 2754 89.018877 -2.988836 -61.441961 -93.492612 
6 426 1131 1495 1569 2565 2948 78.872065 30.637087 -95.338533 -4.572018 -23.998916 -36.278490 
2 481 890 98.975914 34.442828 
3 105 361 2901 38.638613 -68.113733 36.792539 
5 180 1678 2043 2285 2294 3.144886 99.136225 17.486645 -50.324413 -15.550186 
0 
1 752 -74.110846 
2 1194 1227 -40.403234 59.602769 
3 484 1124 2949 41.962287 59.464787 -18.184663 
4 397 999 1949 2227 -70.105161 -71.476360 23.324789 43.296658 
4 552 1203 1909 2543 91.075410 -15.945667 -77.561892 -83.702570 
7 336 731 769 1213 1542 1567 1852 -98.081912 77.469938 -66.053791 53.568246 96.865243 -4.893803 -74.416490 
1 1938 -94.050068 
2 1968 2957 -50.648612 -34.797375 
3 1037 1420 2056 81.109131 -58.711587 69.658502 
0 
3 10 293 319 24.156090 51.932810 -82.262086 
1 1735 -48.604149 
2 665 1377 -19.153975 -76.227216 
1 2473 79.140022 
4 1114 1454 1632 2166 -41.403016 99.620549 95.529777 -26.496756 
0 
3 261 450 962 -51.734873 2.200828 54.775969 
2 1670 2415 51.742904 -85.172032 
2 571 1616 -81.561840 -51.208908 
3 176 2274 2854 76.333434 -94.673166 -11.447181 
1 1634 -3.479155 
2 850 2970 -66.914088 -52.323550 
2 471 2736 47.317157 30.371414 
5 80 1350 1775 1962 1975 5.236959 13.749334 92.080458 -21.752983 -48.185129 
1 1862 35.408322 
1 2875 77.989315 
2 711 1120 -1.879344 5.034753 
0 
2 1403 2947 -59.747532 79.179031 
2 1843 2314 29.408230 20.550839 
4 761 1260 1580 2807 57.795096 -67.333215 52.444044 18.027914 
1 2301 -12.790843 
2 1933 2300 21.257921 2.889179 
3 1584 2048 2243 77.744629 65.879441 62.437685 
0 
3 112 821 1380 14.327247 -74.463444 -85.394535 
4 1341 1531 1548 1791 67.411026 -83.936347 -27.014266 29.146699 
5 272 612 1524 1552 2748 66.313129 17.611113 -80.308111 -28.840489 -46.991691 
6 736 1602 2141 2431 2837 2843 -35.125653 -7.448464 -8.390465 61.780906 9.940260 -51.352632 
5 563 588 1950 2241 2694 16.469702 -89.416414 -56.051823 -94.821408 -35.953815 
6 161 703 869 1388 1609 2831 -27.498803 -26.133865 38.886296 -15.544966 -44.871146 -61.164253 
1 387 -61.113414 
6 163 1209 1437 1661 2091 2553 93.488654 -9.585897 -23.697269 8.454168 40.019000 -61.135800 
1 2825 26.138048 
1 2622 69.746042 
3 33 914 1040 -59.603263 -2.159215 -58.545654 
1 139 -22.466032 
1 2226 -65.275493 
1 456 -56.628049 
4 365 432 1343 1544 78.796567 95.807821 -68.691552 45.010231 
6 215 988 1204 1719 2003 2813 71.218775 8.941609 -51.251982 -77.720219 -20.739694 -32.403717 
6 196 977 1377 2079 2231 2947 -0.124770 0.822702 -71.120359 47.357789 -85.900463 -75.814335 
3 668 714 1377 48.224748 66.060928 61.963086 
6 1179 1271 1589 1855 1999 2023 28.594625 87.426484 -97.082282 -31.582803 -69.937095 16.088173 
2 396 482 5.279648 -15.499059 
1 365 -82.895457 
2 58 1998 -55.270230 86.833170 
1 2059 67.206994 
1 2367 -32.885016 
1 2581 -28.829798 
1 1957 -29.625032 
1 213 0.254218 
3 26 221 2894 -60.839080 22.737531 -58.079993 
5 366 1454 1526 2275 2441 -9.437305 20.949059 -62.128210 -58.964814 -17.914057 
2 1553 2859 82.055522 56.401733 
3 659 1697 2483 -6.500626 0.094936 73.312099 
3 459 652 2527 42.966041 6.620510 3.636512 
2 1347 2002 -80.420834 32.446505 
2 816 1409 98.218343 -20.127007 
0 
2 2383 2388 -72.251403 -44.561035 
5 1671 1754 1902 2029 2654 -27.139972 94.483138 -43.792566 -13.170086 -93.241240 
3 378 1211 1894 -9.095565 -36.158143 -28.813148 
1 1151 9.547287 
5 904 2356 2556 2759 2790 87.652806 -74.339297 -62.812389 19.525427 -2.881551 
4 315 1067 1554 2912 17.960276 33.762809 -29.415609 10.885970 
4 1030 1180 1737 2873 -47.990645 17.914442 73.303174 -65.820249 
2 318 2389 -33.945477 -41.477393 
2 193 1377 31.113514 -50.222936 
4 854 1311 1999 2814 -15.896408 -53.969354 -56.546535 83.324329 
3 277 501 2942 -72.306634 80.666318 -67.316493 
0 
0 
2 2061 2078 20.138706 -67.814924 
0 
4 1322 1820 2078 2810 -2.292446 87.330916 -23.827524 29.564554 
1 2761 21.779264 
4 1014 1646 2833 2938 96.356147 -41.232314 51.985256 22.309641 
2 34 2872 44.153442 9.000717 
1 1393 12.308836 
5 197 1646 1728 2590 2917 -47.112285 71.360141 86.096569 81.335762 2.417899 
6 394 812 1988 2131 2385 2656 -16.860864 -60.421274 89.328851 -36.460931 -19.790627 40.627588 
2 243 2239 -73.551949 -90.900403 
5 547 626 2071 2335 2371 39.751020 26.592613 20.202259 -8.617403 -93.240187 
2 65 2046 -71.518011 32.850878 
6 503 591 1780 1896 2315 2703 -78.665766 -19.150201 33.631725 -75.284701 -11.124159 -35.977329 
5 313 367 1428 2486 2574 -80.234234 15.259072 -35.493161 -34.096465 -33.315135 
6 52 273 364 793 2701 2802 -82.315377 -89.683213 -76.915135 -30.282704 75.301506 -87.174574 
0 
4 1035 1207 1462 2671 -8.739729 -79.611218 -54.853964 70.028963 
1 365 -9.632355 
1 227 84.892556 
2 1244 2288 -68.341480 -96.839301 
5 477 865 910 1273 2829 -78.168146 -77.203637 -84.659779 -95.799946 -12.237654 
2 496 944 99.734346 19.805261 
3 495 2278 2562 23.426319 -95.844345 -48.288932 
2 608 1479 25.642378 -37.338294 
3 60 404 1090 39.834066 7.568613 -89.229213 
1 2006 -99.141436 
1 2991 85.187822 
7 84 164 565 2253 2542 2805 2984 59.221287 -77.174906 -89.684363 13.659245 89.161827 5.958717 20.484256 
2 1191 1873 85.247112 57.026647 
1 2103 39.424453 
4 1638 1948 2025 2343 -24.453972 73.977932 62.686525 -22.284135 
2 325 1568 47.139089 -9.502891 
4 27 500 1617 1694 89.646382 -58.542156 76.989348 -59.984463 
2 825 2937 92.336113 8.112810 
6 1157 1494 1750 2511 2909 2972 -46.883207 -37.864660 -76.298300 67.048300 -42.070868 -26.476018 
5 138 1280 1590 1691 1718 -89.465294 92.321688 40.885470 -0.646434 -45.195831 
1 349 50.961586 
5 828 1549 1646 1775 2394 4.402643 91.949496 -2.353216 24.191943 32.087275 
2 456 1247 26.396061 -67.674060 
2 138 2543 -84.086851 32.325707 
1 2881 -84.410024 
4 3 897 1717 2848 48.059304 -59.435920 9.044547 -33.790210 
3 23 1061 2263 40.465839 36.224809 35.853018 
6 825 1393 2121 2195 2264 2560 -7.062799 85.600688 -87.959827 -83.610717 47.124575 3.583120 
7 170 631 649 1054 2009 2439 2550 95.321952 -92.687032 -42.162135 -34.535508 -95.685590 -34.090044 -10.477300 
3 1236 1612 2590 72.645779 93.468040 93.594451 
4 360 1609 2222 2278 -24.899040 -25.478112 46.079918 -14.259856 
5 1225 1464 2350 2476 2813 -79.830814 56.788851 -8.704590 5.550425 -76.301440 
4 1975 2020 2768 2854 57.154422 15.061759 82.059687 -21.537882 
4 1243 1887 2022 2474 -46.124422 27.871199 15.970290 14.399313 
3 465 2107 2467 -14.010361 -64.753371 67.930959 
1 502 -34.481029 
2 2138 2501 70.384611 -90.246668 
6 268 332 723 1516 1737 2771 -15.501799 26.265307 -27.310683 65.878711 95.811741 -78.026430 
6 22 642 1923 2357 2437 2447 -7.236725 53.730218 22.634934 -98.407890 83.330477 -62.137054 
1 1985 18.084039 
2 1852 2687 -79.232395 -37.239195 
1 1159 -53.129376 
2 437 2249 35.228250 12.741905 
0 
3 616 2274 2956 -30.535007 91.567108 -7.415364 
2 1441 1596 5.671523 80.198585 
4 91 1247 2065 2519 -67.030155 -78.755447 94.639150 92.581671 
1 630 18.552156 
5 753 1513 1538 2098 2718 60.323501 40.533305 -34.009286 -54.268113 -57.223550 
1 843 -19.216668 
4 1570 1790 1933 2809 54.136670 -39.102575 86.028995 -11.610774 
4 665 1381 1655 1789 -97.775189 -77.082512 15.017552 -93.975405 
4 328 367 565 1053 -16.450605 -4.972526 19.314043 -75.606819 
2 1512 2233 31.804302 -51.340025 
4 404 485 1753 2245 84.293210 64.162877 47.774191 87.349743 
1 1625 67.151975 
4 124 1896 1940 2847 -44.319883 -40.902036 92.422255 19.747196 
3 850 1494 1588 78.046739 -34.878009 -78.809245 
4 90 344 1461 2757 -12.947939 -86.903176 -35.981470 -92.888083 
2 1107 2112 -99.678423 18.949469 
3 794 1547 2999 -98.534514 -64.994512 19.984668 
4 422 2185 2345 2925 -68.860214 85.824381 -82.692311 60.120801 
3 829 1148 1427 60.513484 -82.886264 -31.164587 
4 720 1273 1659 2513 64.873301 -17.431728 55.070243 72.512124 
3 773 1947 2633 -74.344121 96.224042 70.507663 
5 1373 2318 2691 2693 2780 -97.606770 56.948839 80.563427 45.703810 93.576132 
7 414 957 1273 1521 2005 2815 2912 21.301964 -7.940721 13.527108 -8.739220 19.859137 -44.915294 52.620134 
3 508 2289 2306 -60.738098 58.637811 -99.659814 
1 1373 -67.317421 
4 234 1121 1373 1902 31.949373 -96.072267 96.741544 79.362839 
5 170 763 1841 2194 2896 30.072941 -0.040010 -70.348186 60.681949 47.319899 
0 
3 714 2174 2758 81.625308 -0.144727 -62.766664 
3 1403 1670 2664 43.404829 -44.651625 27.871450 
5 255 671 2660 2773 2987 -7.710466 67.028753 -32.913649 15.500076 -92.351467 
5 0 1982 2466 2525 2921 -82.490800 -98.280135 31.939009 15.360595 -90.620251 
2 1390 2063 98.939084 68.901115 
3 1257 1516 1682 -63.964843 -72.598133 -9.575039 
5 102 997 1272 1895 2467 38.947054 4.050834 79.974113 -46.461442 59.077406 
2 2008 2750 4.745018 -17.650740 
6 1183 1293 1343 1518 1713 2769 21.831776 -3.340884 -3.440731 29.723013 14.776596 -96.756939 
7 149 244 1180 1246 1618 2528 2762 75.411586 98.681638 32.647561 -63.849738 -63.193554 81.946363 11.287862 
5 999 1139 1373 1843 2670 48.606159 -31.173181 -78.782531 -81.226047 -20.826113 
4 1095 1233 1244 1326 -61.979761 34.707177 9.542076 -99.640088 
5 422 1195 1303 1512 2908 -74.506351 -85.246562 55.169783 12.456518 88.801327 
2 2840 2876 -9.673297 -29.689915 
5 1310 1438 1451 1781 2456 37.210414 -6.815497 5.079513 65.977040 17.902764 
2 1384 2984 -40.223627 27.300762 
1 1908 -35.851269 
5 591 1047 1210 2237 2359 7.148193 -28.309442 -18.647368 31.068180 -94.041932 
0 
6 904 1645 1811 2241 2415 2858 39.391509 -87.715810 -7.023782 -9.147482 21.525247 -25.781921 
6 121 625 964 1868 1891 2153 0.359409 46.473225 50.482828 51.813332 -96.067377 5.907788 
4 133 893 1926 2498 7.657585 -17.199621 81.142220 69.303805 
3 456 1492 1547 -54.179416 63.837367 -51.175079 
3 1079 2188 2865 34.158109 -96.893113 60.965695 
3 229 394 2723 36.992761 0.324632 -94.417369 
4 750 906 1450 2841 84.894042 48.033252 42.306927 -38.885692 
3 878 2315 2832 11.381293 75.718020 -52.510808 
3 199 483 1118 -17.159996 -96.814298 -10.678891 
4 334 573 905 1578 -30.423190 -21.084617 58.955199 81.330107 
8 134 478 627 1221 1299 1819 2805 2918 -45.866491 62.906730 -83.798478 14.034923 -59.068624 -94.186154 96.463691 43.183903 
1 1694 -20.705298 
1 1724 -78.334875 
4 1460 1606 1879 2839 39.023338 95.344134 11.216328 32.170771 
3 2087 2528 2596 -2.640098 29.619605 34.098551 
2 2319 2979 -44.166920 1.970612 
5 969 1233 2417 2433 2444 77.804948 5.213197 -32.471433 98.263834 -81.373249 
5 1427 1891 2011 2197 2730 86.060418 -11.286307 -71.683672 -69.608077 -81.647150 
2 2320 2914 21.002524 -35.297619 
4 558 911 925 2215 13.236358 28.356216 -35.417573 -65.920424 
2 1195 2682 -77.746690 56.029759 
3 1600 2098 2274 -36.451380 -25.672770 -98.846685 
1 714 7.515874 
0 
5 218 613 1208 1311 1870 -87.577411 67.867548 63.161861 34.681189 45.017316 
4 263 1416 1832 2723 0.599488 -18.890079 51.551855 93.389380 
3 973 1631 2517 57.470554 -30.031610 64.485570 
2 414 1925 74.053423 88.380020 
1 472 14.231331 
1 1387 -41.237888 
2 56 1147 34.907366 62.154737 
3 2339 2743 2980 -98.135143 38.522139 30.772189 
4 399 881 1322 2600 -82.115698 0.054346 -99.688000 78.474341 
2 57 713 -33.015358 -83.542363 
3 109 1328 1689 -84.818616 -7.475820 -34.668590 
5 62 523 1216 2494 2830 7.571756 54.558306 95.736638 -27.932434 90.044281 
1 2144 -84.433131 
4 328 1381 1838 2229 42.666878 83.132479 86.322884 -49.061518 
3 24 726 829 -72.383714 -17.601290 69.275191 
2 331 1893 46.187167 -33.126262 
2 1396 2999 45.962979 -29.174637 
3 291 1039 1256 -25.049802 18.120809 17.534768 
3 720 819 1566 14.415789 41.213132 44.381856 
4 976 1553 1835 2984 75.825135 -83.367503 77.175057 62.103987 
3 823 973 1893 -32.587865 81.660661 -84.511841 
2 1713 2936 -66.692180 -88.546323 
3 782 808 2902 -6.339371 -11.958393 -60.884259 
4 502 1184 1946 2687 72.152825 -42.762565 38.566496 2.921998 
3 988 1211 1894 48.122322 52.700089 -39.083079 
1 834 33.374956 
3 954 1886 2769 -43.897488 19.139034 -21.329257 
2 2686 2865 19.187873 -57.007191 
2 1082 2654 82.364251 74.734827 
2 983 2320 59.542645 -30.661678 
2 564 2384 13.449829 -39.852900 
2 1303 2364 1.716171 46.196634 
2 2645 2740 -33.597702 78.200603 
4 251 710 1555 2845 7.544879 -29.139233 83.224333 95.900965 
3 608 1207 1334 -80.403158 21.259201 34.847685 
8 603 1010 1104 1487 1699 1766 2208 2592 -84.774297 7.121954 29.850163 -68.833028 -99.724911 24.981581 89.902734 -81.139828 
4 1219 1301 2127 2983 -48.858359 21.377636 0.541310 -13.138841 
2 1183 1900 27.241292 -32.126077 
5 847 1137 2071 2124 2225 -14.471818 43.695619 -72.887113 -66.267268 23.555665 
2 2114 2928 80.039035 -57.606152 
4 209 359 1695 2072 -72.131760 -48.234686 -18.819357 83.781153 
4 2237 2363 2566 2619 49.049282 -75.418162 -85.049187 9.897390 
1 1513 95.711086 
7 427 437 1093 1783 1796 2171 2674 74.582497 72.144297 -20.599162 46.177845 -41.801262 17.252414 -98.610766 
4 110 895 1896 2905 86.073312 -77.401301 -18.237741 -52.873795 
2 1212 2476 96.103517 -43.794952 
4 180 284 956 1161 33.696828 -6.210369 6.823119 43.910783 
2 585 883 -20.458950 39.366048 
6 14 51 255 724 2107 2594 6.828265 -1.521548 83.588067 37.689466 -98.226893 -8.137693 
1 597 53.773508 
1 1643 -32.999569 
3 46 207 1236 -48.912153 -77.842371 -37.886482 
3 1030 1846 2101 -3.166606 71.387281 3.040210 
3 493 1342 2851 78.389539 67.127520 95.078330 
2 1249 1697 -28.969572 68.377597 
0 
3 396 1322 2317 21.035137 77.341984 -9.602011 
2 1389 1529 -76.200566 -99.647520 
1 366 69.437840 
3 1415 2296 2334 -25.417772 75.394509 -27.691348 
3 700 2222 2447 -11.884789 -3.095941 -68.001061 
2 2584 2619 -52.851288 -46.251416 
3 1260 1561 2667 -79.713660 27.625007 57.956279 
2 561 741 -58.714829 30.135539 
1 1281 -18.774226 
0 
1 49 -33.145996 
1 1044 -45.232622 
2 1140 2684 -47.807472 26.696686 
1 1426 -48.756582 
1 641 73.455489 
1 502 21.619646 
2 1654 1836 -36.000407 -89.640942 
5 1134 1959 2104 2414 2521 -23.869707 7.807858 -28.912825 58.961442 -69.740223 
3 196 736 963 -3.289833 96.091770 -55.812874 
0 
0 
3 307 1011 1618 -17.257674 56.760366 57.697677 
4 240 1576 2246 2391 43.048847 -92.659404 -81.905781 81.193052 
0 
4 832 1029 2513 2548 -98.881936 -73.782819 89.388535 -34.004173 
2 612 2325 -41.180957 -98.511764 
2 174 916 52.091288 78.667484 
2 1205 1889 90.954923 36.224530 
1 1910 -88.744673 
5 773 1634 2330 2367 2722 63.036781 89.316269 -93.604424 76.063231 55.198372 
4 1581 1996 2170 2645 -8.544688 -43.937264 24.392203 31.205862 
4 51 425 915 2532 47.924848 -56.789957 -90.662224 -49.148773 
4 258 2158 2209 2422 6.176892 -99.566477 17.472607 5.770271 
3 1273 1770 2851 61.464325 8.481855 79.446831 
3 1728 1897 2765 -43.164194 17.120919 -22.084328 
3 86 1389 2820 61.134081 41.105510 -66.895076 
7 214 1056 1719 2468 2679 2706 2822 -38.820879 -31.179233 14.319680 -75.434090 48.603999 -18.703967 29.438021 
3 324 593 2529 13.722656 -25.588999 83.266430 
2 1720 2946 99.243714 -60.736673 
2 403 1736 -25.914866 16.254639 
2 491 1036 -41.247658 66.326001 
2 767 2711 59.896640 -93.884084 
2 957 1746 -65.529383 55.316252 
3 1335 1990 2819 -57.547413 59.020386 -81.937301 
3 118 607 2222 99.853926 19.058248 13.162633 
5 160 520 647 739 2064 10.255379 -52.854116 -73.088327 -52.528086 -61.579409 
3 373 1979 2699 94.393010 59.944772 -14.792477 
3 841 2372 2520 -8.008636 43.506436 -86.993781 
4 1079 2392 2596 2659 69.405381 71.912048 -48.906132 -66.127675 
2 1262 2297 10.535013 -58.753497 
3 675 2587 2770 -85.772252 22.496416 47.473601 
4 918 1296 1437 2059 27.520909 -87.575343 -52.403457 -60.068823 
7 226 240 516 922 1040 1103 2778 96.905411 35.993888 -92.366369 -97.167271 -23.306480 83.805616 84.079415 
3 133 1008 1607 58.086733 -83.047560 74.215521 
3 1543 2311 2785 -0.262030 34.605693 -5.387618 
3 2198 2594 2671 40.570552 -31.532003 -19.817078 
0 
1 1572 -14.204984 
2 257 1891 96.604222 -63.320765 
1 99 -12.950519 
4 35 1466 1749 2503 -79.189048 4.459240 49.646904 -81.087164 
3 714 1007 2213 6.069400 72.470321 85.392258 
1 1886 62.051416 
2 779 1350 -17.368667 83.249994 
3 1341 1779 2516 96.955108 -30.292777 80.629446 
6 196 303 506 2080 2177 2217 -32.423570 80.259667 -19.929538 -97.572858 98.831296 93.099798 
2 1174 1789 40.149815 -83.084663 
1 1857 81.303050 
2 2240 2494 28.869431 78.407025 
3 478 1132 2825 -41.245115 -1.900298 -70.252707 
4 417 1664 2149 2185 -31.020157 48.156727 81.108798 -38.950195 
1 2652 39.846652 
4 309 1142 1626 2460 -23.045272 -49.715475 50.430346 -31.146452 
1 1478 -14.780333 
2 541 1332 77.651364 22.229647 
2 1312 1497 48.786215 -28.168009 
