4000 4000
4 100 1337 2106 2879 -45.548673 87.346985 -11.345012 -97.808666 
2 2870 3919 55.753780 20.449926 
2 1550 3038 89.739536 91.931710 
5 521 886 1799 2246 3989 -29.336429 12.665262 -74.901139 63.134713 28.185451 
6 437 715 1806 1896 3606 3831 38.312884 -86.259656 -86.763249 3.981827 98.931829 69.948466 
7 254 321 455 489 1051 2385 3408 -14.818260 24.420113 32.085190 11.956820 95.167536 -40.198918 -95.296123 
2 1900 2046 59.477922 10.638779 
5 2069 2708 2940 3631 3665 -84.998793 74.938192 56.017620 37.771715 31.125465 
6 533 596 1036 1086 3575 3793 -50.012965 -98.144993 -37.256760 -37.632296 -21.700016 3.447659 
2 281 358 94.012699 37.357201 
4 916 1212 1313 2866 -8.304833 -93.361084 11.310602 88.441729 
4 535 2167 2477 3864 35.461471 32.393027 98.785992 -79.244223 
5 880 2065 2545 2926 3822 5.633617 -54.486695 37.297396 -85.722429 -17.727162 
5 677 1552 2135 3498 3751 -73.497744 22.373644 -42.945666 -77.720079 75.695776 
3 735 3114 3792 -25.839462 93.765553 -56.778307 
4 626 805 1417 2156 -35.607307 -17.304803 68.143369 8.747612 
3 28 1896 3772 52.482854 -35.934629 -83.667593 
2 961 1201 68.801639 -18.412659 
8 137 153 221 434 498 662 2339 3917 25.976542 55.884710 -98.979565 68.540697 -11.659704 8.365436 84.747430 -5.548748 
7 424 1699 1885 2229 2552 3578 3619 -85.963411 79.898281 72.788101 59.587921 -83.715439 -21.712381 35.909651 
3 2100 3465 3566 -35.035609 82.531151 -52.746037 
5 191 641 1162 2186 3101 25.959172 75.294829 -42.850302 20.916653 -71.525542 
3 307 573 1292 -95.561953 -61.856160 -8.143633 
2 871 1337 -75.718015 -93.542238 
0 
5 123 225 803 1235 3060 39.539048 12.473553 91.835221 81.511038 92.015665 
4 1107 2139 2874 2920 49.034828 -47.948114 34.823192 11.531996 
5 644 790 1020 1173 3134 -3.725965 94.808167 -73.678090 56.825252 40.979230 
4 335 2055 3331 3506 42.533004 -11.241095 -77.459355 -87.968871 
8 82 341 1019 1337 1722 2894 3326 3356 95.983622 -82.338505 98.547455 -11.470287 -63.279488 -91.264233 12.995631 -77.240102 
3 96 1193 2479 -85.204313 45.555746 42.526690 
6 699 1588 2789 3262 3425 3551 90.045564 77.168411 75.011669 -80.374001 -47.140498 85.048715 
5 237 1748 2766 2808 3405 -30.489521 -17.749805 -77.602943 -13.497934 -64.633385 
3 1706 2061 2372 24.378445 -72.068476 28.094868 
3 2601 3040 3767 69.930813 62.806273 59.546383 
4 36 837 2388 3741 -50.993112 -42.160344 25.074594 29.078769 
3 122 1567 2009 25.666606 -30.752950 -64.748087 
1 3360 -76.660899 
3 26 2073 3150 -91.868574 -48.267414 4.967627 
6 986 1072 1745 1884 3702 3931 92.700513 56.275491 94.028469 -36.806287 -32.914877 18.863012 
5 577 642 1417 1471 3776 -79.548887 -13.225888 35.391117 37.888886 24.925187 
8 856 1605 2060 2131 2484 3151 3165 3726 44.495668 -33.990470 -15.778145 6.850465 -44.232826 77.493927 40.181909 -59.960736 
3 1489 2069 2683 15.287930 -7.205680 37.037847 
2 1127 3992 63.502330 86.228143 
4 1335 2362 3147 3389 20.694130 86.800448 -40.654354 -40.175544 
4 281 331 1706 3974 31.224740 -46.566404 -55.218946 -89.129987 
1 2042 3.838763 
5 374 1204 1253 3818 3943 -29.768008 -23.288233 36.805970 12.803139 -31.284456 
2 44 3121 9.493913 -66.504947 
0 
5 955 2256 2288 2638 3222 26.147829 -53.223117 -7.325751 -96.299823 64.609343 
2 2754 3082 28.251836 -15.364630 
1 1745 80.891554 
4 2062 2558 3042 3106 -61.892886 -96.914623 14.041979 37.747500 
3 296 1388 2329 10.709635 -65.609450 -23.278865 
5 900 1282 1336 1714 3902 -97.368487 -42.184780 88.233514 46.509529 -11.958951 
2 748 1322 42.356516 -55.470389 
4 931 1508 2196 2940 23.116746 -51.650088 39.499339 -5.568357 
3 1104 1264 3156 55.059399 43.108714 26.053434 
5 819 1868 2416 2769 3190 81.701430 -42.635067 -68.533993 -99.426365 -6.906254 
4 192 1309 2015 3884 63.002416 79.357071 -75.060820 -38.943685 
4 38 690 1249 2006 -79.087963 48.540682 -36.596985 9.422654 
8 826 939 1235 1596 2503 3200 3298 3953 22.873090 -17.165516 17.239361 -78.050657 18.626227 -18.823750 62.905157 -57.709980 
3 1041 1604 2139 89.663339 -31.735442 68.399624 
3 652 2929 3613 53.517845 -27.211470 -42.777506 
5 942 1351 2498 2904 3955 68.447509 38.958741 -69.193503 -93.660259 39.497046 
5 87 359 365 1753 2557 98.942284 -13.996704 57.280976 75.663365 -48.101747 
2 613 898 15.940881 14.166907 
3 85 1297 3015 79.277557 50.643758 -61.743101 
5 78 661 920 1652 2325 -21.869888 36.916905 -66.689893 83.420753 -90.593814 
11 812 1001 1710 1847 2513 2822 2948 3054 3166 3350 3508 -19.736124 -43.179612 54.331539 34.759994 12.414260 46.148693 -87.526164 -79.331586 37.648321 20.129646 14.892602 
4 33 2423 2482 3697 43.893694 -57.663219 -42.624874 63.146179 
2 909 3349 -3.700016 -97.362759 
4 82 2302 2937 2950 -45.288082 67.719410 -4.508905 -62.448931 
5 433 1568 3561 3628 3993 44.411911 75.577997 25.063613 27.163695 85.585909 
8 612 1296 1748 2406 2732 2865 3252 3300 -50.537855 22.875574 -87.178800 -14.428182 -14.868024 19.301025 88.135096 95.250150 
5 130 145 234 454 2493 -20.995361 98.157858 -62.185242 32.932259 -76.258860 
3 1367 3796 3925 83.622217 -84.965894 -66.967590 
5 1871 2642 2867 3553 3775 -25.354930 -40.812156 -57.543215 -57.311755 -87.284270 
1 2798 -79.935832 
5 72 1462 2324 2489 3531 -65.493286 -29.268688 46.700249 10.627172 -3.386936 
7 508 535 818 971 1463 1784 2320 -49.033303 97.364225 -67.631884 2.647578 14.807551 -66.561809 -28.569597 
4 1490 1882 2203 2663 54.135691 52.775783 94.759374 76.010166 
4 360 563 1976 3544 -25.238152 -41.151990 86.452659 -32.424767 
7 410 702 1331 1570 2898 3437 3795 89.309705 -49.082981 61.375336 -80.142330 74.412625 -71.515616 -33.084026 
7 760 1186 1424 1916 2208 2821 3734 -89.577049 -89.166169 -52.549871 -99.864187 6.821834 93.194403 6.333656 
5 791 1870 2167 3536 3871 -11.169865 71.695784 -66.390008 -60.759244 -70.906388 
2 1501 1844 -46.097478 -49.874738 
4 94 1796 2302 2957 60.251833 65.852237 -85.632298 -55.175892 
4 465 1908 2031 2504 36.633395 -25.464885 -77.349972 -59.973750 
4 1652 2065 3162 3944 85.174167 73.757149 -9.868025 -8.050225 
2 2057 2436 97.492850 -49.818291 
2 1811 2373 -74.087903 -67.504818 
3 2812 3109 3413 49.964771 -78.578035 55.727128 
5 186 871 1709 1886 2791 -41.752778 -56.551396 56.461833 -51.439110 71.944103 
3 200 3012 3251 64.093688 -59.353301 67.107981 
5 851 1636 2052 3227 3762 64.642818 90.162157 -60.904863 -67.948697 46.258799 
5 1406 3249 3300 3705 3800 -79.016942 1.156559 -88.412877 25.055489 -12.402831 
9 56 1952 1982 2005 2071 2567 3029 3807 3870 -42.400069 -72.904409 46.916464 14.396653 -69.018621 -25.145429 37.068814 28.697973 -38.508854 
3 616 2496 2836 -83.444029 -64.051944 69.920619 
1 77 0.778655 
7 67 242 1390 1664 2234 3363 3935 69.784954 80.330894 -33.139582 64.092568 63.960370 73.548959 -1.618829 
2 211 3021 4.486769 -70.088458 
6 394 558 2115 2216 2297 3023 95.049226 -0.702368 -67.069041 -74.742549 30.250280 -53.509207 
5 366 984 2331 3641 3646 -75.532365 92.686116 -3.162658 71.708957 -15.777426 
2 2874 3545 -76.238060 73.744238 
6 513 535 2289 2440 2532 3524 38.964759 -10.488860 69.917013 11.769097 -21.425233 0.611837 
3 803 1037 3975 7.963761 -76.433111 -41.609588 
5 404 2123 2907 3075 3404 36.966421 76.155000 25.910311 46.869015 -16.753941 
3 601 1086 2109 55.020335 -15.661464 47.163834 
3 3087 3584 3882 -12.997622 81.293278 -32.564449 
6 664 1124 1175 2015 2604 3399 -7.183499 -65.873197 21.090036 -1.866576 -16.316507 -27.889687 
1 622 59.282410 
5 139 465 2256 2509 3040 -89.640007 12.018827 -71.003003 62.559441 -55.606507 
3 591 2790 3629 36.385729 -60.997138 0.619418 
3 1734 3078 3361 -90.354296 -32.740096 -59.110476 
7 44 1228 1685 1930 1972 2587 3120 -36.372171 12.903065 -32.019309 -20.703766 45.403621 19.641999 -12.317511 
4 152 1116 2724 3450 -20.676329 -47.486804 -14.256549 50.560095 
3 1008 1353 1592 95.826889 -24.696677 -43.002466 
0 
5 112 888 917 1466 3580 53.301229 -14.314283 -50.176236 -17.843207 48.035602 
1 3767 -60.933012 
5 961 1269 1347 2733 3471 -27.288216 -97.265265 -1.203593 -47.646141 -17.441086 
4 1019 2025 2699 3652 -85.497657 3.470639 90.590962 -80.722272 
4 220 1080 1154 3639 -89.300320 95.062746 81.357236 -2.504089 
5 99 1695 1850 2020 3541 -72.436991 5.405017 -10.190808 -15.510593 -41.507454 
2 406 2752 79.960417 -23.872373 
5 225 405 1167 1198 1515 84.884297 -86.117315 50.492029 33.414515 -76.146698 
5 28 451 1489 1973 2011 42.453774 -17.581696 27.789249 -45.825388 59.454300 
3 1905 3057 3319 -29.230850 78.364610 39.324864 
2 1659 3915 15.389347 -78.178998 
3 562 1304 1599 -1.793138 -96.112182 53.938674 
3 713 1999 2430 95.475471 -23.935398 -21.046058 
3 1355 2327 3448 28.282204 94.951050 22.025860 
4 1746 1979 2021 3854 -27.251322 21.491895 -13.413193 14.874317 
3 2671 2814 3699 -33.256388 73.465791 35.680652 
2 141 3997 -91.600603 94.771326 
7 675 1400 2317 2347 2381 2929 3320 15.497059 61.897879 -37.671043 20.285686 -10.281683 88.452098 36.846561 
5 184 1495 1717 2055 2220 37.294936 -29.381446 74.130554 95.988621 -88.011795 
1 303 -16.525936 
3 886 1420 2995 -73.051309 -18.791123 55.201911 
6 409 812 1191 2010 2876 3373 -27.697813 -17.330314 -57.104796 -99.317575 59.902554 -44.268271 
4 512 1334 3499 3739 37.705032 -73.532959 -75.790164 -88.600645 
5 1229 1645 2972 3502 3844 23.575743 -24.186084 56.257637 35.112981 -27.001940 
4 1760 1857 2183 3351 -42.230367 -47.382860 -11.739666 -17.628100 
6 1327 1661 2032 2240 3448 3464 -27.143879 42.519466 -21.206699 -54.975683 -10.310132 9.207510 
6 152 210 354 1774 2154 3539 -48.708695 -78.740234 -91.122804 17.260918 33.589906 76.522967 
4 985 1689 3070 3644 -57.449232 30.903083 -3.327213 -21.303651 
4 866 1685 2380 2622 -69.236563 61.645768 -99.197488 62.067972 
8 514 1101 1340 2566 2635 2654 3239 3637 -32.832737 -72.051429 83.708480 87.308795 -92.968424 -3.454601 55.500662 67.202882 
4 100 1223 1224 3531 -54.637544 4.474618 10.270855 15.790014 
5 390 655 2594 2799 3198 36.185014 86.787595 11.335378 -97.642112 12.408509 
5 587 1912 2147 2481 2574 86.517694 -84.684503 -21.983568 -60.371343 -29.110736 
3 1688 3670 3971 -49.693105 -61.637420 34.684098 
7 578 1233 1649 1803 1813 2694 3161 -25.536536 2.177177 75.468481 -80.924887 -99.427299 51.925122 -49.097540 
2 366 1658 46.564056 -1.982343 
5 405 1393 1568 1787 3661 -48.984042 -6.716888 -73.958573 -10.824526 -57.134142 
6 133 323 1156 1524 1744 2543 -83.087079 -56.726347 8.356350 -18.292526 -71.185488 -50.026295 
5 730 1421 1685 3227 3341 -72.621697 -45.649689 -59.959675 -99.882573 -7.602977 
3 1717 3848 3867 95.601567 84.920436 -36.048351 
4 958 1542 1727 2090 -75.931741 79.634986 -21.208304 12.873843 
5 157 215 347 2399 3734 23.783382 83.148918 60.295613 -38.033707 -99.694479 
3 210 2976 3485 -32.422577 75.795623 73.090731 
4 504 777 1226 3097 -0.105529 -53.933693 -2.269638 -32.777025 
2 386 998 -13.827298 89.452453 
2 273 1601 83.340085 -9.358604 
3 946 3052 3816 7.332342 -5.474845 -96.025787 
4 549 2037 2853 2874 -39.382217 77.584126 14.356194 83.261234 
3 814 1178 1401 73.548341 4.761293 9.209135 
2 173 2161 2.028725 57.623869 
4 594 2464 2558 3642 -35.834104 80.426635 -10.746256 -98.737762 
6 463 1548 2380 2887 3505 3674 -75.452543 32.618072 -21.870150 6.756646 63.903155 -76.375921 
6 1361 1493 2367 2385 2558 3901 42.696934 6.849572 87.470039 12.559283 -9.678713 49.878118 
3 274 1161 1696 -21.684251 85.231392 -2.377309 
4 857 1691 2007 3125 -48.246371 13.224754 -89.574748 -13.556119 
2 2927 3774 -84.532536 -39.074411 
5 1648 1685 2656 2689 3857 -42.982546 90.760804 -53.359566 38.321662 90.245434 
8 262 1637 1827 2334 2338 2560 2688 3591 11.946069 63.077459 -85.207475 96.879410 56.747258 -35.041633 32.448591 40.118340 
3 2790 3419 3578 72.979426 -37.189848 98.446759 
3 3233 3513 3783 -9.781251 -14.290490 -14.381445 
5 517 677 1438 1885 2669 93.015365 -7.815123 64.348107 69.156551 92.533140 
6 1039 1357 2758 2915 3007 3231 -14.084515 -66.749508 -23.687124 19.097565 94.727166 45.066802 
4 557 2561 2958 3326 5.187487 -7.456417 95.308133 -34.764269 
4 995 1297 1912 1979 37.566047 -43.366738 -62.082408 63.866266 
5 277 326 582 1100 3772 -77.243160 -0.005145 28.505366 -67.776631 13.027234 
5 327 1135 1356 2121 3098 23.176792 50.130087 44.935507 79.836272 -37.348023 
6 272 581 916 2012 3710 3960 15.072924 -19.274744 34.979592 33.314225 93.661864 -33.035886 
6 634 1297 1865 2210 2248 3024 47.417048 59.501046 25.800216 -9.190671 -22.814790 -42.244502 
3 520 2309 2640 92.755098 9.803776 -2.625469 
4 886 1287 1302 1636 80.627739 68.923263 95.134592 -13.307894 
4 1113 2266 2648 3283 -27.987572 31.426900 -9.241823 61.202251 
5 1436 1577 1635 2633 3326 -10.454121 -37.593937 27.353905 47.733654 73.986910 
6 939 1104 1658 3366 3980 3985 93.510500 58.073196 -55.141805 85.820155 29.863840 -33.610309 
6 396 413 1222 2879 2897 3681 37.060480 1.682700 -75.191908 93.425367 -59.320745 32.768173 
4 1372 3309 3519 3924 88.450956 88.945926 51.409045 -84.543474 
7 232 530 655 1468 2441 2608 2707 -36.664809 63.801546 39.576731 40.143196 40.993798 87.489502 50.076484 
2 2656 3459 -82.799329 -82.749282 
2 2922 3199 76.878749 14.579941 
3 289 1019 3738 44.208583 -79.233396 86.067829 
2 302 2093 -36.169863 74.238226 
5 197 290 1369 2034 3038 -77.879151 -30.836505 93.276355 -41.839870 6.085973 
3 879 3285 3351 60.771947 8.146995 -39.972940 
4 103 412 447 2066 -24.911007 -16.156697 34.538742 52.097700 
3 53 1427 2300 -73.787422 89.810390 92.396248 
7 60 226 838 1270 1741 1967 3585 69.374191 24.794044 -79.532263 35.580677 55.039034 30.704706 -13.065406 
2 606 3001 -26.052911 87.705116 
6 489 901 1476 1772 1940 3904 -86.179517 -85.658148 95.394161 11.219567 69.491750 -58.780919 
1 3575 -51.350346 
4 218 1848 3579 3635 -75.546608 -80.233477 -19.855644 93.258824 
5 276 480 610 1357 2433 10.934547 22.099554 62.535407 -68.069896 45.912900 
2 2114 2670 -8.126080 91.747243 
1 1821 -47.122770 
3 704 715 3707 44.610244 -93.690951 22.974956 
3 1654 2864 3516 -81.614971 29.997881 28.856536 
2 2334 3310 -34.918045 56.801823 
5 473 716 1779 2756 2984 -23.497325 -14.640194 20.966645 -98.739451 -11.009092 
3 1560 2013 2770 43.599066 31.113964 42.270519 
2 1697 2685 -27.783665 43.326064 
3 121 584 932 -22.934073 78.852594 -53.689662 
1 538 -31.843200 
1 239 83.616428 
3 1873 3335 3524 -55.882033 73.094516 -93.392364 
4 162 2117 2492 2572 -74.527458 72.236670 -4.841243 -83.324654 
6 798 1232 1537 1743 3141 3926 -29.129095 -84.873166 63.767969 8.729526 -72.413177 -74.791172 
7 166 1090 3080 3283 3471 3499 3575 -80.765053 -14.442599 -0.059771 14.255207 25.768546 13.903673 -86.538498 
5 1486 1912 2317 2348 2815 74.802041 -57.072193 -10.865766 -56.689564 46.940029 
3 960 1847 2061 -75.937118 57.730572 -67.117715 
6 284 1230 1423 2177 3487 3968 35.193967 -13.564011 -17.529420 -35.265215 12.521726 -88.941381 
4 720 1442 3043 3228 -38.186777 -13.628792 -95.244856 -45.639132 
7 605 1358 2056 2565 2919 3562 3960 68.402042 72.310932 44.832962 -71.219637 -77.214138 -35.279997 71.203855 
5 53 196 583 865 1291 65.501891 95.298915 -37.754094 -64.947687 13.149588 
2 2259 2283 -57.272736 -55.902218 
2 822 2481 91.117125 34.988412 
5 1220 1356 1506 2505 2683 76.839067 66.804787 -94.426223 -17.061220 -84.756137 
5 358 1622 1988 2694 3188 -72.237853 14.173711 11.066136 48.836713 -92.321321 
3 1515 2237 3346 53.749679 -85.820621 12.263951 
5 139 900 3002 3305 3823 -20.905247 6.656417 73.307126 52.804220 -65.386094 
2 1352 3024 -69.652885 51.999801 
3 1149 2983 3213 -47.511912 -29.446344 -34.850886 
3 453 2072 2235 -78.562905 -63.580867 -21.195150 
1 385 83.943350 
4 784 891 1212 3322 18.894419 -75.299379 -73.529868 -4.792394 
6 1131 1246 1278 1392 2696 2708 63.171927 59.196322 38.578089 -68.151815 -35.101924 91.545883 
1 797 67.888548 
3 1000 2163 3762 82.289759 28.682935 -95.379213 
2 258 1284 -78.977057 -58.885070 
3 2358 2434 3759 48.739579 81.027696 -68.235691 
3 1768 3755 3939 -80.966179 94.134199 27.451901 
3 884 2445 3950 -16.480036 78.836411 42.335661 
2 3459 3629 52.884093 -69.192428 
2 90 2505 54.605135 -82.498711 
5 147 722 1765 2518 3337 -61.949420 -81.851570 -40.436617 -60.504378 -64.901758 
3 801 2079 2791 95.943281 -20.594152 53.398404 
2 718 3156 -31.514444 -48.592240 
5 662 1040 2148 2706 3202 -46.917643 -87.405226 -49.124999 -18.135107 -27.515545 
9 65 923 985 1452 1749 2421 2737 3691 3778 -7.937653 -42.317449 -60.993568 -61.913172 93.981387 99.119203 80.313220 52.067230 25.109847 
3 2531 2647 3677 5.969013 45.652938 56.256246 
2 1076 2302 -89.511209 1.382770 
4 307 847 1513 2545 -95.079325 6.898715 86.399099 81.287431 
5 308 1529 2540 2767 3683 22.521788 -7.266299 40.873353 44.765443 81.817275 
7 426 1547 1857 1861 2080 2892 3070 98.630132 87.082054 45.644871 -8.592674 4.727077 50.230530 -74.626893 
5 1538 1775 2750 3025 3384 1.213289 -98.521917 -65.223930 89.461061 46.474576 
2 230 3316 -67.500746 -67.769139 
2 824 2608 60.067044 49.036248 
1 3401 -35.981832 
7 786 895 1095 1265 2019 2530 3583 -97.600994 25.022975 7.129164 -31.684452 69.445327 50.523461 78.299344 
6 51 382 408 1509 2060 3016 78.619008 5.864103 -28.913943 -3.583256 50.506050 -22.845930 
0 
3 1998 2173 2447 63.771990 -31.855742 22.821852 
4 383 2074 3258 3330 -17.664216 -52.186087 29.694570 52.015552 
5 1487 1870 2500 3088 3204 -2.336019 -35.372403 -65.398139 -15.322957 23.319301 
1 3150 78.012579 
4 371 2929 2987 3709 -17.593076 -77.311473 -58.710650 76.563638 
7 143 211 519 566 1807 2150 2435 -78.967217 -49.483863 -47.913609 -87.026902 -89.458247 17.327546 59.285632 
6 1362 2670 2914 3148 3896 3972 37.335707 -63.739766 -4.943016 -88.247454 -53.430427 -62.085586 
1 1862 -76.615598 
5 135 1372 1699 3835 3918 73.926618 61.500190 -6.774658 -57.750449 -87.441900 
1 3595 -27.909073 
4 68 2301 2665 3423 60.455582 -41.083246 -28.623104 -98.121429 
2 1606 2499 -8.828032 81.261038 
4 264 1951 2063 3857 46.289627 49.340022 11.624991 -73.829579 
6 159 621 1119 1301 2014 3736 -31.817872 -13.124108 80.339914 43.863389 -48.026994 35.246383 
3 2564 2619 2967 93.325094 85.229896 -39.031639 
5 358 1448 1549 2854 3033 -67.325020 -52.917600 82.867418 -35.394609 36.540103 
2 1968 2719 -79.189116 32.828383 
4 273 994 2113 2234 -2.165211 -33.805326 -71.270705 31.538197 
4 739 1174 2005 2350 84.612995 -57.331671 -86.207789 61.046572 
4 386 413 1102 2134 74.287462 85.627799 2.004940 -43.729996 
3 1857 2761 3756 -74.317567 2.430754 -30.645985 
4 2394 2576 2628 2943 -97.795020 -13.387847 -30.708273 -51.088493 
5 262 466 1906 2076 2802 73.083108 -61.527460 -31.894636 86.299617 59.695994 
4 2036 2476 3024 3167 33.764353 86.099199 8.652809 46.554865 
2 1443 3516 14.377943 40.226081 
2 2027 2391 83.530966 -69.867745 
2 586 815 -39.257496 89.624281 
2 2324 2903 39.650141 -2.603456 
3 427 1488 3020 -28.676223 -52.411671 -67.409766 
3 1148 2333 3933 -46.528792 -29.292216 1.115969 
5 1907 2400 2506 3206 3768 69.279392 -96.763305 50.876153 -65.027070 -81.372367 
1 690 -25.963065 
3 259 841 1539 -5.953295 -91.831516 76.153093 
4 53 1043 2830 3874 -41.617250 -44.657931 7.115391 65.996007 
3 147 2035 3751 -44.793508 38.069383 -95.219929 
7 82 457 696 897 1918 3304 3520 35.309941 26.765602 29.893754 93.202053 33.765024 22.904680 83.004074 
4 898 1507 2382 3428 -26.751234 -65.644509 53.258317 18.398946 
5 481 1085 1467 2972 3224 18.877256 20.815625 -77.538640 87.623605 -38.459828 
5 946 1469 1651 2425 3558 81.553486 -94.625651 26.168227 34.766533 46.845270 
1 725 -83.278157 
6 610 688 1039 1914 3004 3444 64.768992 28.334212 -6.548663 54.463744 -11.323274 28.489609 
5 452 1977 2022 2104 2373 43.853015 82.340200 -22.221911 36.392079 -86.653625 
4 531 655 1401 3519 -82.306961 63.686715 -21.142556 52.359494 
4 667 1330 1500 3259 15.726554 -3.774618 51.108287 -66.739051 
6 614 1752 2162 2891 3104 3263 -56.693315 53.109540 -74.484349 3.087281 83.099585 -99.526350 
5 451 743 931 1630 3332 -75.284835 -24.435907 -61.363322 -72.178506 -5.896455 
3 1890 3370 3426 -80.397613 -14.331427 43.023330 
5 785 2349 3175 3591 3775 -27.158607 75.764217 68.724218 -96.892460 46.255255 
5 845 1287 1939 2827 3454 -49.816786 4.544063 -93.468410 91.740348 -69.086463 
4 639 909 1044 3801 38.540334 -16.720069 68.007058 -63.501828 
5 104 766 1464 2268 2566 66.221305 -4.518641 79.310296 -70.274645 20.095341 
6 787 1098 1542 1575 2327 3717 35.407525 -37.140210 1.534483 -22.605452 91.450456 1.114162 
6 68 1217 1909 2616 3261 3634 -71.077599 23.575182 77.426334 -70.563435 95.494607 -60.947069 
1 936 -81.841315 
1 305 90.223536 
4 179 541 2851 3705 -9.666363 -63.479459 32.093351 3.020326 
7 952 1342 1489 2070 2718 3166 3923 55.275686 -24.508973 -17.341955 25.894915 95.996666 28.453359 -1.315890 
2 1029 2221 -20.837125 24.781931 
4 877 1296 3426 3867 4.891235 -14.565737 11.559211 57.741451 
3 643 3412 3652 77.905978 50.694910 33.393665 
0 
7 1462 1760 1930 2472 2785 2966 3884 -95.858117 -48.536907 -56.085227 3.121345 -64.282319 -21.070371 -24.619709 
0 
5 879 1468 2000 2234 2528 40.619551 52.808779 2.837079 -60.945935 -55.159197 
4 544 1234 1732 3056 -5.877822 46.524940 -24.937615 -8.577938 
1 2073 44.875584 
3 1815 2152 3156 22.121678 -0.733655 60.178139 
9 1057 1347 1582 2322 2469 2725 3456 3843 3897 -28.895137 56.472339 65.102111 -75.769625 63.823389 76.301981 55.912982 24.996272 91.123610 
3 781 2880 3553 16.054081 85.505825 31.456964 
2 2131 3814 95.053288 42.043050 
6 809 1279 1534 1899 2466 3340 12.712576 -81.599731 -90.569368 18.631622 -65.151349 -39.221205 
1 3667 -53.607921 
3 2743 3267 3570 82.155123 -13.809775 42.437563 
2 1488 3615 -62.491590 -22.644638 
10 1110 1343 1417 1682 2282 2407 2779 2916 3494 3887 -99.231751 83.533329 -21.711201 -45.967134 70.214860 80.251640 -56.383431 -21.139418 -82.302405 56.481000 
6 411 1349 1639 1930 2793 3380 -7.932965 -1.228927 -44.685067 -47.249159 31.106074 -84.210362 
6 253 1125 1414 1747 2943 3842 -8.175724 -38.455376 28.521583 20.703500 70.337474 -15.967605 
3 135 390 3774 -69.281446 2.548636 -47.983086 
5 290 1266 1676 2208 2984 0.859076 -72.269230 -83.286154 -70.362934 97.831971 
2 630 719 -19.284178 49.052928 
2 855 2394 37.226683 -53.562559 
0 
4 818 2057 2665 3439 -21.939848 91.184835 42.181166 -79.593024 
4 1051 1873 2347 3068 -11.565644 -18.248566 68.102483 -92.237046 
4 244 443 603 2987 -67.716169 88.880174 -8.777949 -53.794692 
11 159 478 710 1246 1316 1659 2418 2459 2547 3435 3780 18.026248 53.619816 -34.957930 -6.613593 -37.136442 -75.104699 29.979551 84.266659 -19.448254 -26.470531 -51.882851 
3 1787 2738 3959 66.347050 54.890954 -41.513664 
3 1454 3051 3654 22.846461 67.462533 72.406994 
4 955 1325 3039 3253 -19.627025 -65.467015 -55.853570 65.642211 
4 1559 2461 3370 3417 93.400800 62.528932 -39.995327 32.807001 
2 1230 1611 21.988189 -17.785701 
2 2569 3934 89.976710 -72.410744 
1 653 12.544475 
2 910 1248 -6.319797 -6.402263 
8 709 937 1648 1937 1968 2112 2244 3122 68.955516 95.113182 -48.750120 -32.714198 -29.063486 -10.843024 -60.439281 -10.556055 
4 1797 2422 2798 2971 -1.575426 28.710878 90.252282 -92.979052 
4 1502 1932 2823 3503 -89.367245 5.760707 -54.596125 7.305520 
5 25 339 2810 3691 3944 27.925428 65.585449 62.968134 -95.553398 33.451444 
3 596 1402 2725 -79.437460 47.149322 73.088966 
5 1315 1898 2035 2421 3309 90.243710 -97.447482 64.411169 22.439935 -2.712311 
5 332 463 1177 1981 3780 72.153265 46.563295 45.504867 84.882695 -25.661278 
3 1119 2655 3827 86.634266 3.655470 9.003512 
8 1275 1686 1709 1952 2352 2595 3249 3295 86.736903 -2.315546 22.747403 30.712684 23.276190 70.252469 -15.832806 -42.640494 
3 98 1723 3253 3.809234 92.449257 -11.549464 
3 370 2546 3679 -65.445897 -68.939364 -13.116062 
8 308 729 1251 1434 1743 2750 3166 3534 45.528808 23.261068 69.493098 25.602754 19.748070 -59.708274 34.804256 -22.156032 
4 466 966 3029 3528 57.266034 -87.076650 -79.014635 -18.975379 
6 1302 1961 2143 2457 2787 2867 75.908584 -17.124435 -11.141968 -44.220901 -28.727165 -78.289516 
5 448 851 988 3773 3834 -89.475599 -40.566291 -25.562785 -89.852068 -79.757812 
9 492 989 1278 1472 2092 2110 2320 2617 3534 9.969623 28.113880 -56.528399 -57.575441 89.062880 -85.824102 20.695081 53.271871 -28.949548 
4 159 608 2269 2770 -40.560550 70.431553 -95.512624 72.671953 
4 1094 2752 2943 3306 96.529638 -89.551731 -58.779985 78.690477 
3 2986 2990 3332 -13.970161 -58.851733 89.230964 
1 354 -92.606859 
4 1223 1721 3048 3812 79.754387 -35.984142 -74.053819 28.672957 
8 183 308 2926 3223 3278 3298 3302 3569 56.895553 20.022803 3.778623 -20.381991 82.627568 44.602846 19.931445 -5.804289 
1 1006 50.229428 
7 1321 1525 1750 2415 2522 2609 3332 39.552452 20.601525 -59.396061 -37.333972 39.020374 -37.313493 6.453165 
2 1043 3952 47.558014 -82.220071 
2 1379 2850 -94.705082 65.091503 
4 593 1771 1974 2645 -98.108154 98.871108 -26.720766 59.922744 
11 595 790 844 1035 1467 2304 2557 3248 3567 3749 3774 -95.023431 -82.299943 -32.256654 -75.413820 -53.866365 14.762635 -32.974148 0.800099 51.079392 -94.032949 -11.906420 
2 3185 3952 -6.981969 -73.664946 
4 1108 1331 1853 2738 14.202111 16.619090 69.380114 29.195385 
4 1445 1778 2255 2589 -76.002833 1.334587 -80.548417 -44.137641 
5 136 815 911 1568 3038 81.076427 87.949079 6.870500 50.179560 -58.196458 
3 1409 2729 3898 -32.357369 0.764220 11.657057 
5 54 911 1087 1089 2463 26.146607 -10.859709 -21.039416 52.504818 21.729917 
4 1318 1606 1710 3282 55.442089 3.151607 -31.915146 -75.093686 
3 321 1370 1409 90.318975 68.215567 1.775896 
4 3020 3021 3207 3638 -68.757946 32.954314 53.578270 92.107845 
5 259 516 2827 3181 3956 -81.528681 -53.585831 -3.498674 30.554891 24.413135 
4 279 521 1281 1643 -55.975537 -14.462491 -11.083376 77.346441 
3 1817 3458 3497 -45.229232 -35.706535 85.760860 
6 267 616 1368 1701 3211 3918 95.941232 -4.724493 -39.950926 -87.664876 -84.320826 -45.951714 
2 2478 3420 25.475204 25.005997 
4 71 990 1500 1941 52.874141 -18.015907 -20.918008 -97.439247 
2 96 465 -46.915252 -19.563183 
5 903 2139 2506 2536 3917 69.218177 58.138039 92.497463 -95.630041 -83.740655 
3 1034 1554 2904 -19.940429 72.044837 -72.439113 
0 
9 36 174 315 1675 2150 2263 2761 3147 3521 81.051520 -74.395359 19.041413 77.546695 81.212511 96.814367 25.483519 27.126235 -80.991583 
3 1188 3604 3959 -19.141112 23.994366 -91.400576 
3 30 496 671 31.596702 99.274506 24.686494 
5 333 850 2400 2619 3735 52.232766 -49.983536 60.362946 -39.854383 -64.950200 
1 1747 -30.046282 
3 444 614 3214 85.486415 -74.493292 -39.695068 
10 424 918 956 1566 1864 2226 2343 2783 3648 3739 -32.116522 39.566687 85.649365 -28.577779 -10.702980 -51.210957 88.763851 64.379083 -92.708619 64.230618 
2 392 1252 -91.791840 -45.470211 
2 1353 2618 89.985241 26.122992 
2 1288 1533 -14.474448 95.108438 
3 1840 3020 3269 -55.896705 -14.147426 38.699356 
2 784 999 -0.476717 67.295312 
4 70 1170 3335 3374 -76.585258 -12.513934 68.252114 4.042621 
2 135 1038 17.098099 -25.373440 
3 1737 1782 3788 -36.596458 94.668257 62.603128 
3 399 898 2200 6.412165 41.004717 -68.093798 
1 449 -81.097739 
1 410 -27.079663 
4 789 1624 3318 3712 -12.442621 -79.314664 -84.221080 -46.736746 
2 833 2499 -14.260518 -25.410282 
3 1313 2256 2512 -60.999347 19.475203 56.628255 
6 412 961 1213 1639 2220 3105 95.437909 -93.074996 74.569014 34.828323 13.695675 39.088903 
2 87 517 -75.164969 15.783790 
5 1281 1796 2067 3245 3865 39.130555 -72.607028 -5.253374 -49.812402 -18.913699 
5 359 1668 2462 3692 3999 54.137162 6.139798 -40.320831 -77.465773 58.705591 
5 453 721 1487 2799 3152 -48.046265 51.137552 -47.679100 57.473587 -44.616047 
4 352 1257 3143 3665 39.279322 -99.202429 76.952855 58.803120 
3 2780 3180 3928 -35.581626 84.653055 -87.535420 
4 1318 2008 2617 3622 23.117638 -72.840568 -29.885649 -62.253950 
7 994 1323 2181 2526 2837 2856 3584 45.577466 52.839145 -58.586064 -4.577387 20.702705 -54.874642 -27.566452 
5 371 1111 2027 2049 2749 -17.106212 -2.851403 -98.268935 -64.092640 -28.894337 
3 112 2587 3347 54.859408 32.814206 -0.969133 
3 265 1249 1784 90.255905 85.173559 -48.436416 
4 455 712 3040 3383 75.457260 26.893095 -70.656886 -66.136000 
3 1060 3015 3973 -91.082554 33.420116 -90.418718 
5 457 2255 2973 3286 3872 -41.122496 85.119054 4.201785 -81.265708 -31.580364 
2 1324 2736 96.121633 20.439275 
5 752 1065 1586 2339 2854 1.639628 -53.186879 -48.430592 -57.425238 13.603991 
6 1058 1279 1642 2707 2800 3829 -69.117684 -69.132530 -36.696707 -88.102113 -21.276412 9.969374 
2 3687 3810 67.161329 16.069940 
4 180 509 2186 2408 29.077158 54.361118 -48.933059 -41.739167 
4 187 223 1532 3058 49.074426 24.908850 -58.384388 -17.887875 
1 3240 -99.275636 
4 278 502 576 3412 47.604186 -61.075790 44.347804 -7.982548 
10 216 545 2156 2291 3343 3385 3453 3456 3606 3895 -80.352200 58.858261 -53.894903 -17.453912 49.307022 -7.800471 77.316411 61.151397 31.623420 28.572169 
3 731 1955 2134 -99.488640 27.964876 86.359034 
7 1306 1411 1889 2665 2866 3076 3340 47.103115 -35.366221 69.970303 -19.954836 -57.223654 26.323806 -58.163259 
0 
3 1280 2851 3179 -21.790544 91.707246 71.723182 
2 1127 3042 -91.556493 25.303534 
3 1521 2215 3429 66.280776 -60.231104 12.281164 
1 498 -94.571754 
3 454 2012 2257 27.524413 -26.616522 -10.112832 
4 1338 2584 2704 3271 59.263426 -27.483807 -53.392757 44.237292 
7 311 337 1434 1506 3231 3287 3727 -26.203913 81.886541 42.878946 30.591125 81.413450 18.785093 8.559241 
2 3070 3661 -55.747867 52.364948 
5 679 1416 1475 2288 2362 -73.978866 -42.367990 99.915081 36.066762 70.793097 
0 
4 442 471 2308 3441 -37.213574 -67.349678 39.536442 -89.601869 
7 157 977 1595 1945 3276 3506 3599 5.236694 89.409395 91.347767 40.450939 -18.033747 -36.319498 -13.680148 
6 1760 1966 2354 2776 2834 3169 -14.421157 24.499471 68.856461 -19.908824 10.900323 -19.188284 
6 945 1534 2587 2902 3137 3332 -68.802042 78.113629 -64.767321 55.852181 -72.556062 29.189601 
1 3964 -40.950882 
4 349 383 689 3282 -55.411644 47.016111 -60.278578 36.164121 
5 2204 2743 2752 3152 3596 35.255212 62.413251 23.823231 -79.917039 -20.004288 
3 1318 2024 2877 59.197774 -16.556665 -91.374095 
5 577 1000 1167 2457 3723 -12.099752 -78.199750 92.855509 88.766285 -55.140599 
7 378 435 802 1843 2977 3058 3375 93.793351 23.688056 -66.660316 -45.113369 -55.622065 31.948438 48.491018 
4 1098 1324 1838 2729 14.569401 98.138584 -90.626109 80.069669 
4 1387 3006 3405 3967 40.958027 -27.946486 -16.031534 -96.408340 
3 838 2524 2732 39.793705 63.525309 -92.444805 
6 228 1029 1407 1482 2869 3921 97.104417 16.813483 4.674476 32.309038 43.470319 -42.184588 
3 619 1401 3134 79.360677 78.632724 -93.557047 
3 1422 1786 2873 9.104132 -39.734954 66.225273 
8 119 273 894 1274 1995 2274 2347 2386 -30.102548 -88.665308 -28.067087 56.601229 15.466776 34.289585 24.435098 -26.442068 
3 70 1469 1673 57.646772 -14.604178 -91.362060 
5 195 1496 1586 1589 3468 5.938825 -24.792969 7.673378 55.422806 -47.969440 
4 542 814 1405 3641 -71.243783 -70.685960 1.957458 56.451775 
3 438 691 1302 -78.849315 83.585603 54.038571 
6 1305 1567 2378 2783 2923 3590 -44.043631 70.215013 -3.065780 55.055782 -69.265395 -98.867520 
4 127 449 1050 1084 -5.743070 -35.618006 -90.280536 -28.000113 
5 1065 1814 2214 2740 3736 -40.294386 -32.399394 -44.082362 -6.687407 96.897550 
3 820 2624 3836 33.052433 3.881931 -67.115545 
1 684 37.828069 
3 910 2363 3362 -45.699142 5.143128 57.663745 
2 2202 3058 13.700136 -39.885668 
3 236 853 2886 -33.696584 74.718823 -61.431108 
3 1226 2185 2217 -61.959397 -68.803855 -74.744069 
7 303 1142 1166 1470 2403 3377 3425 -58.746632 -88.593315 7.575366 -14.760563 -13.007748 -8.326924 -69.587218 
4 245 807 3385 3832 24.956462 -10.002795 16.406311 80.215702 
1 2241 71.348457 
6 195 225 1029 1820 2437 2963 58.784578 -46.036801 38.882885 41.903397 -58.795664 -64.304651 
7 48 201 2114 3206 3386 3642 3984 72.514228 -89.133892 -19.417953 58.924766 -6.359655 2.312990 22.878651 
2 110 3548 -45.078611 -18.757764 
4 317 881 3371 3904 -3.341401 99.098937 -65.190729 86.411444 
5 188 1188 1201 2916 3578 90.677655 45.088576 -32.667053 -71.144271 51.933562 
2 470 758 -10.221206 57.458177 
3 1349 3491 3823 -40.380623 -14.729872 -9.347745 
1 488 80.372006 
4 1474 1960 2481 3866 -39.464828 21.144252 34.210552 -39.660812 
8 881 1837 2703 2950 3188 3868 3887 3966 -78.997016 -54.705843 57.463891 42.451604 -90.615893 4.950203 71.176525 27.777487 
3 130 591 3155 -35.284720 -77.995132 12.300374 
10 1466 1497 2096 2188 2587 2618 2875 3045 3235 3601 23.171469 59.517906 44.659747 86.812129 90.587117 53.533422 -75.083998 -55.024503 70.872407 -0.727883 
2 1721 2812 -33.618552 -78.386094 
3 1377 2396 3354 -54.822274 21.765422 43.662580 
7 1718 2193 2542 3035 3117 3412 3418 -91.533733 -31.849652 -21.859633 30.634361 -1.442276 54.937526 46.381966 
1 3625 -45.765360 
0 
4 103 1586 1879 2736 -75.323329 -39.780178 31.371329 79.056380 
4 215 1458 1693 2571 77.002661 -95.506836 82.346017 -18.248659 
2 310 1911 38.876907 -38.060613 
6 792 2060 2163 2282 2664 3748 -5.835909 -54.326971 -84.081061 -14.489017 -29.885688 32.539569 
3 314 1546 3018 31.991076 -4.763075 -69.807021 
3 2666 2813 3322 51.378165 97.042204 41.365721 
3 1282 1901 3299 25.772522 88.110929 50.436710 
4 259 1767 2554 2558 -3.151110 7.541021 15.084775 43.922468 
4 487 775 2990 3462 7.704674 70.107925 48.277352 58.502273 
5 1123 2687 2762 3069 3273 81.648257 -45.971622 -73.805996 -35.267135 -78.864904 
4 995 1453 3091 3828 28.693605 -33.073414 -49.600262 -10.318275 
4 176 1869 2140 3186 -5.012962 -91.450297 -65.137936 45.195914 
4 317 2018 2056 2565 -51.001702 -67.040485 5.741499 -0.634229 
5 428 995 1582 1971 3115 -23.635970 -73.847054 12.442202 -57.437776 -3.236300 
2 260 1838 -23.433167 -63.625852 
1 1446 82.827905 
4 80 529 816 3832 4.078111 -49.691861 9.795530 74.056818 
4 406 650 852 2661 27.033718 82.230895 7.705150 19.541135 
5 1061 1439 1485 2340 3151 96.287707 21.282767 -35.431396 70.287052 -28.939293 
5 1532 2060 2466 2838 3092 -91.384390 21.979416 -9.025119 -62.671673 -56.274513 
4 407 1873 1993 2489 -49.553590 25.124995 -84.509867 -62.682418 
7 399 651 741 2549 2863 2882 3167 53.816795 63.308042 59.576697 53.056371 -76.295247 -74.742321 -31.257445 
0 
2 27 1836 93.790661 88.345058 
6 454 1433 1559 2493 2603 2967 47.226605 25.456311 44.434432 -64.169172 -51.789481 -72.736604 
3 1435 2987 3918 45.551058 -26.535691 74.667847 
5 414 895 1316 2421 3582 57.928258 -98.645165 -22.954692 -44.824052 77.554530 
4 281 2211 2535 2674 24.887957 13.870366 -41.655898 -22.409231 
3 766 1300 1383 97.427608 46.021082 -29.778384 
4 1036 1318 2215 3771 7.905479 2.800416 -51.140600 96.748255 
7 140 588 965 984 1902 3636 3644 91.476383 -10.699329 -90.021583 73.971666 33.232073 50.234363 -97.775132 
3 110 860 2856 -65.517521 57.382388 -86.910858 
3 2945 3056 3725 85.742426 -5.939972 51.566107 
5 259 1425 2657 2854 3503 49.198139 71.752222 9.093983 -31.195006 88.477550 
4 550 1810 2381 3156 -81.922040 -56.406374 -50.125510 -65.958490 
3 84 93 1693 55.934612 77.437250 -71.216695 
2 1310 2535 86.259843 66.119145 
6 185 486 721 1108 1198 2340 12.755562 -75.345199 96.339871 -39.055046 97.674589 72.850265 
4 762 995 2053 2814 52.948653 22.454828 11.527152 -87.888829 
5 901 3089 3153 3287 3680 -42.395708 -12.119899 -6.658635 -13.287885 65.760479 
4 1032 1167 3086 3578 -99.962429 79.595533 9.743610 -23.099830 
4 1452 1746 1763 2404 -15.534108 -19.910185 -14.184202 59.472880 
3 1004 1331 2848 77.538454 -70.359895 45.269949 
3 541 1998 3041 -14.977168 -84.553364 -41.664032 
6 3 1028 1683 3026 3570 3658 89.992757 79.658993 -57.371007 -78.591985 -73.701728 -66.521799 
4 545 1694 1832 3819 18.017990 -44.307934 -20.767002 -59.342081 
6 1645 1650 2078 2124 3423 3883 78.705420 -57.803477 95.983355 20.167177 40.064616 -91.069841 
5 1524 1769 1815 3236 3478 -33.679499 16.739421 -82.503676 -10.455349 -54.336496 
3 832 1569 3257 -6.509158 6.166637 16.658336 
3 388 2790 3538 87.909065 20.325124 72.117444 
4 578 1576 3535 3986 -41.241308 22.770934 -26.345044 78.077919 
5 211 296 1519 2166 3232 -97.933968 65.733972 97.429403 46.114073 -87.686956 
1 3668 80.944314 
4 579 599 2885 3743 -31.629346 3.553713 42.284244 45.975877 
5 874 1591 2205 3144 3570 -29.102898 -87.489039 70.783280 -69.184774 -92.248298 
6 301 1630 2161 2411 2898 3243 -9.669029 14.776013 79.233141 -0.542172 -12.306439 -4.153966 
10 35 185 286 792 2069 2557 3148 3307 3494 3943 -32.131201 89.730813 6.763612 93.131399 99.345853 -45.810324 -11.827823 57.360697 59.516028 -24.801533 
8 1489 1592 1750 2217 2812 2932 3599 3780 -62.907193 88.427629 -13.206878 77.781423 -27.198534 -81.103772 -59.385635 17.611365 
6 61 751 835 1471 2844 3014 22.661880 -43.430746 82.472768 65.986210 7.604789 67.054025 
10 160 729 1515 1780 2025 2202 2247 2444 3054 3072 -53.269212 -32.801516 -15.312936 81.265228 -98.795928 -87.166223 30.941214 92.524684 38.528386 -86.415071 
3 1488 3083 3831 -97.937978 79.101403 -1.640002 
2 1029 2691 -7.710880 5.601574 
4 204 718 2865 3995 6.485691 29.506109 -66.346983 7.323865 
1 3312 -94.489514 
7 371 741 1370 1634 1786 2642 2816 -11.777869 -39.495894 -84.686079 11.360796 -20.433141 -61.054873 -73.130289 
4 1937 2193 2347 2733 -91.585219 45.243587 76.809023 2.973622 
1 3076 95.819071 
3 115 596 3717 -59.866471 29.904763 56.909325 
6 604 914 1950 2671 3365 3436 -94.743160 -72.976682 90.892212 -90.611276 -14.313867 -59.946608 
5 157 837 1237 3359 3980 -18.029443 73.622121 38.744019 16.017864 77.334962 
4 1710 1867 2992 3797 64.196770 -70.612819 -5.823086 -9.568508 
6 1352 1426 2012 2187 2894 3392 -17.355835 -39.317525 75.738870 -1.835131 -72.680107 55.654614 
4 1684 1935 3254 3458 -70.148066 -53.675959 -41.447746 21.269961 
4 264 860 997 1012 31.678932 8.188689 -1.120604 37.390553 
5 337 587 2222 3073 3350 -7.562862 28.195921 47.409022 35.073506 -95.802915 
6 350 909 2063 3199 3641 3847 66.116056 20.523242 -75.029124 43.159921 80.225598 -60.429277 
7 387 1490 1560 2683 2690 3366 3843 -27.302656 -49.966874 39.621120 -69.533538 70.580257 68.428559 -5.220776 
4 1169 1666 2759 3269 -16.846471 16.765507 -48.693553 -16.418298 
7 704 1349 1522 1993 2475 2758 3477 66.520660 -13.547667 -18.701781 98.177505 80.135598 68.879194 -15.828500 
7 415 518 650 1122 2349 2518 3146 -47.107791 48.337503 -72.633676 -23.242850 2.450317 -81.455027 59.253361 
4 318 723 1458 2594 -0.950520 78.929034 -9.895224 95.921999 
2 2231 3150 -43.667626 -71.553634 
3 708 818 1028 -74.545372 -68.166558 65.399867 
6 760 836 2777 2843 2960 3733 64.332901 -94.574047 -50.429015 -79.221020 49.402933 61.903055 
7 127 342 480 1269 2404 3240 3569 44.479320 99.718720 -83.691858 76.488985 30.945995 -71.593186 12.380887 
3 487 1372 2144 61.598186 41.704304 -71.090446 
3 687 3025 3770 3.445512 31.002045 -41.093590 
3 1237 2463 2824 51.436835 2.217369 -20.185655 
4 151 162 833 1603 98.907647 -60.457474 -48.064257 37.814954 
5 78 740 934 2082 2104 53.742679 27.558739 98.194850 -53.355180 87.212043 
5 61 116 1267 2858 3520 -86.390780 91.276637 -11.801947 -32.258416 88.401382 
6 139 378 2018 2598 2653 2963 75.419264 21.863624 -32.132431 -46.916422 -65.526646 -16.167358 
4 419 1791 3670 3754 84.992176 -16.934863 42.077384 -86.857509 
4 553 1676 3628 3787 -25.780702 -51.967510 -68.530239 -48.909883 
5 516 2400 2435 2801 3330 10.942942 -37.912855 -34.462148 -2.009917 -10.843828 
5 744 2514 2582 2794 3619 -1.705110 81.591520 -13.356651 -58.811616 43.785843 
5 911 1082 2330 3187 3347 -3.862208 -37.711616 14.654714 66.552856 -17.392554 
5 342 1869 2636 3226 3499 64.104841 54.731598 -79.804329 -96.530380 69.998520 
2 3494 3855 -91.008080 -24.437314 
3 639 1093 1238 -50.321951 33.312100 -78.952278 
6 805 845 1684 2352 2697 3524 71.349260 81.261451 67.467544 -41.286455 -58.272031 75.489081 
4 693 1251 1941 3711 -17.431953 -78.203185 -77.920034 -25.055039 
6 1666 1784 1892 2530 3227 3504 -10.629101 -72.496647 -3.088012 53.610768 -90.298085 -86.511887 
3 597 2268 2577 68.086072 26.150516 -33.651303 
5 95 583 1606 2057 2220 53.605229 79.037354 -43.885110 -94.855186 -38.275333 
7 174 245 674 1384 2703 2716 3042 28.572445 83.491788 37.559189 88.207890 32.553951 80.799244 -44.133059 
2 2055 3415 -6.078566 80.111866 
6 280 482 541 1577 2049 2276 23.164330 -5.967477 -90.078431 40.447762 -54.785221 -89.188989 
11 200 329 683 1115 1495 2293 2384 2800 3376 3724 3976 -75.056894 27.453347 -2.722963 -36.581568 85.243278 -33.959774 -72.607098 4.261385 -5.081178 55.665967 38.026906 
3 1292 2204 3904 3.905003 27.492631 35.396716 
4 38 1794 1911 3619 -46.828199 -40.051825 -11.609114 79.024970 
3 2694 3493 3838 69.400471 -13.708892 12.449234 
6 136 170 812 2035 2800 3177 -50.978927 96.652762 83.994342 81.979988 -31.510038 -67.510206 
7 538 890 1542 1746 1899 1951 3283 57.401224 99.238524 31.609344 -76.470882 -72.534465 -64.597639 -83.461565 
4 2252 2266 3502 3676 44.933364 55.980586 -9.563153 27.316980 
4 493 1709 1733 3212 46.024198 45.930672 33.054947 -14.859241 
6 1042 1500 2027 2172 2678 2800 76.336077 -27.985310 -72.713410 -0.320152 -49.873204 -20.515660 
4 207 3039 3041 3159 80.608774 38.981702 -11.746388 97.722868 
9 456 486 538 736 1138 1548 1657 2476 3368 -17.920951 74.259909 48.691405 50.096472 75.300432 67.014218 56.469222 73.376709 -19.384445 
0 
2 2179 3172 84.305929 3.413045 
7 227 275 600 672 874 3360 3870 45.223392 -90.556438 69.082505 -5.074041 -91.247672 -46.882542 36.881958 
6 172 1095 2172 2807 3037 3610 -7.169552 -35.006182 25.752039 15.191925 -30.172238 -77.689826 
4 355 928 3517 3990 65.942755 -9.031578 20.306522 68.022476 
3 1368 1879 2617 47.751477 -85.808331 -38.024426 
3 297 2457 2973 -48.996261 66.870286 88.023584 
6 556 1551 1793 1835 2587 3103 -49.542360 77.989315 75.059982 92.492120 -47.045534 94.303406 
5 394 408 837 1178 2895 49.804114 78.046508 76.200373 11.634969 9.999724 
5 34 598 1563 2382 2753 -79.364276 35.113547 82.097361 -69.111519 -18.851027 
6 1831 2088 2544 3431 3700 3885 76.572992 68.120798 -71.219974 31.682352 20.142538 -28.943988 
4 41 2784 3037 3494 27.021103 -61.350270 -34.391613 83.025584 
6 104 1402 1719 1891 2792 3272 87.812508 -55.285063 70.826006 -72.951949 3.579754 78.301524 
7 207 304 877 1044 1314 1477 2520 -34.724629 22.981058 44.302286 70.797691 20.709580 -95.107649 61.593293 
7 1507 2231 2582 3262 3480 3593 3647 -92.220375 -24.210120 50.808280 19.243640 7.062110 93.748868 -56.311426 
4 929 2166 3775 3985 -86.795220 43.441150 10.885917 83.077415 
6 399 1497 1968 3200 3215 3895 -20.498552 45.532131 -33.813094 56.634149 -24.998188 -26.300462 
0 
4 1098 1607 2382 2905 -39.387961 -83.157821 31.859930 45.584238 
3 2771 3053 3651 -14.695435 16.445637 31.000048 
4 1951 1973 2919 3654 -20.451477 8.756307 -35.313277 -92.679137 
4 246 781 3578 3849 -36.585905 55.394201 -36.034767 -18.251038 
6 169 548 1703 1924 1997 2866 0.201533 -42.546322 65.681507 60.915238 37.932093 -15.146409 
6 1335 1429 1938 2144 2750 3147 66.468029 33.303012 16.186894 -98.214366 52.789849 -76.142376 
3 1747 2658 2948 -53.499975 -86.415646 17.385821 
5 72 756 3051 3380 3605 16.784103 -70.513376 26.716726 40.187024 86.396615 
3 996 1652 2530 19.276099 -29.093433 95.397746 
6 326 592 1119 2340 3655 3886 46.136317 97.574595 73.899891 4.239751 97.693004 -76.495750 
4 608 1357 1370 1613 -75.666521 97.734328 -4.078191 -15.872962 
1 3577 -26.569618 
3 527 2467 2599 -70.085009 -29.545870 36.093404 
5 43 506 939 1394 2870 66.663512 46.915976 89.603352 73.512348 34.398477 
3 1304 1525 1569 26.058377 -38.487544 -71.112504 
5 318 463 1138 1711 1843 -14.842915 -43.141181 -40.929968 40.712774 29.700901 
2 13 185 -9.097197 -72.282938 
6 125 308 1906 2294 3087 3931 -36.035174 -53.297160 -22.779931 94.375509 -36.162963 85.161854 
4 287 2646 2672 3118 32.771041 -27.267803 -86.328471 72.704155 
4 651 733 1602 3705 -94.673850 48.040947 -40.683074 34.448697 
5 261 863 2528 3394 3720 95.989952 -20.647749 32.786649 -31.975884 21.173657 
4 646 758 2200 2413 98.802168 9.201659 60.582739 -76.669213 
8 279 853 2503 2882 3207 3268 3796 3941 11.166554 -44.234571 86.143230 -47.331013 72.669257 -19.263205 87.049335 -96.190963 
5 1668 1711 2469 2670 2739 -11.952365 -22.985329 -7.284720 55.892157 46.933866 
3 197 926 1026 -25.318357 8.037653 13.313101 
4 194 289 946 2782 -65.471062 51.143479 79.027897 32.899039 
3 931 3243 3313 73.816263 -98.197361 77.087700 
3 1861 3021 3457 41.884842 -13.845065 -99.855802 
1 3686 -31.969793 
6 479 585 1581 1870 2194 3581 -11.636553 -57.008802 68.032199 -1.498394 -31.723087 -93.541468 
4 229 513 2060 3511 -23.338919 85.477915 -91.649230 5.849908 
4 505 957 2128 3515 -69.573683 -33.633887 95.632835 48.554724 
5 2860 2894 3241 3603 3863 -43.842112 12.356051 -4.233880 -98.415158 93.762898 
3 2351 3631 3951 -95.055795 87.125095 49.101440 
3 2837 3112 3442 30.234667 99.988139 11.318254 
4 359 2135 2376 2923 7.667151 -21.586759 21.641305 54.486958 
5 8 475 980 1555 2141 18.404735 -50.015036 14.210245 43.981239 -73.375351 
3 564 3312 3726 -37.815238 -57.942787 -64.581296 
1 1740 -11.271833 
5 611 1135 3342 3615 3758 -54.422810 75.135094 -19.455520 -44.349319 -62.661110 
2 607 1951 46.955215 -9.760826 
3 1366 2686 3928 78.420002 91.510995 -8.896146 
6 908 1994 2137 2279 2717 2859 3.322608 12.944038 73.588594 85.732809 63.031311 25.711148 
7 249 740 1068 1522 1744 3036 3335 -32.353311 -22.616849 -17.139237 73.311938 -68.019507 25.109418 -79.242769 
5 40 731 773 1023 3265 -99.815633 47.167591 -86.099215 -7.172035 -85.846521 
3 2566 3000 3830 19.228828 -56.124596 -14.448908 
4 335 514 3128 3733 -61.635325 45.346230 -69.246834 87.293540 
4 1360 1690 2674 3830 36.871329 -64.116348 -1.551465 7.578604 
2 887 3744 -2.968657 -1.386260 
5 1031 2718 3044 3654 3797 72.637045 -67.292709 -29.716387 67.060480 -62.785359 
7 170 744 868 1578 2501 3339 3467 -17.649761 -41.463436 -64.912755 -9.718263 -14.229866 -24.853282 13.469403 
3 799 1683 2107 61.564882 50.107569 -1.292687 
3 263 313 2313 47.158054 -55.823670 -18.108772 
5 1540 2094 2654 2693 3818 -51.517520 78.116011 -61.712328 -67.080097 -56.208430 
4 136 1319 3878 3981 78.240340 -12.297000 -50.820578 -67.218557 
6 1635 1729 1910 2057 3060 3316 94.656492 -60.171917 -1.637356 55.669622 22.530995 15.658451 
7 432 1184 1985 2727 3180 3361 3445 21.895091 -17.899886 -22.193777 -7.428857 -66.859268 -54.338644 -33.084006 
4 618 991 1639 3680 -55.607810 -44.733557 -83.694152 -55.461131 
1 897 5.960641 
4 698 1658 1896 3373 -26.490211 -13.814616 63.939531 55.018727 
7 3 534 1559 2993 3023 3292 3342 -19.537862 40.654101 56.413485 90.978574 -37.918477 -39.066561 -30.848365 
5 560 1503 1913 2082 3969 -42.214056 -22.104553 88.830027 12.534998 -18.619328 
4 772 996 1599 3113 11.411165 -8.114462 89.430626 64.682875 
3 1055 1915 2088 98.176875 38.878251 -3.703714 
4 632 1307 2501 3041 -94.805103 96.723180 -91.617591 97.049833 
4 2631 2720 3605 3909 -68.971764 95.075632 75.829024 -63.368901 
7 41 314 461 638 2013 2864 3889 -67.787308 -82.718183 34.311341 -49.725125 -6.319073 -97.882500 -29.693551 
3 202 2412 3082 -64.716379 -52.133084 -95.930283 
8 845 898 1066 1261 1372 1917 2879 3232 72.988515 28.466663 -43.558256 92.948976 59.367097 -19.935228 54.498296 37.218875 
2 1773 2743 -53.948637 -73.789619 
6 489 2801 2837 3343 3493 3990 -22.544676 -32.764501 -76.205030 4.618010 35.293272 -95.508255 
2 856 1823 34.372704 94.403696 
2 2180 2685 -77.446982 47.449402 
4 923 1767 2210 2233 20.353479 -49.814781 38.575563 -31.456629 
5 474 1224 1871 1900 3131 -53.731513 -98.164058 -85.737076 -41.465202 85.305198 
3 411 2767 3205 -11.064272 -42.562011 61.979119 
7 321 523 1565 2774 2846 3160 3737 -15.673655 94.092428 2.029747 -23.640444 79.017793 -11.203878 -86.966942 
2 1601 3204 -16.379693 -23.693456 
3 1612 1912 2665 83.387152 4.806124 95.503628 
4 727 961 1704 2539 74.112468 56.079965 92.641936 -59.335990 
2 383 3144 13.091522 -36.108025 
1 163 -46.494331 
3 1935 2317 2423 -57.088017 5.237551 -52.338120 
4 424 500 1220 1446 -10.792460 79.465943 -77.373520 -71.207981 
5 803 1125 2370 2794 3120 -75.659850 -13.470231 -50.416060 87.185581 -55.112830 
5 1115 1909 2071 2073 2772 37.699504 -6.267151 -50.419655 73.015744 -44.176947 
1 509 -53.357709 
2 2655 3209 -18.481102 53.826367 
4 1161 1701 2686 2946 39.947820 93.192115 -95.271537 6.118383 
7 1239 1258 1607 1799 2091 2199 2987 -13.351374 -10.344443 -73.788496 19.527567 49.925373 98.015364 89.189950 
6 695 809 1403 1612 1850 3036 48.118108 -11.525523 55.685206 -61.139105 55.638654 -89.572382 
4 659 2313 2478 2812 87.914999 28.934427 -31.105317 -89.186802 
5 531 1972 2437 3302 3738 -44.193421 -9.119029 -75.210828 46.820984 31.785470 
3 380 1197 3699 72.982276 -35.863820 -59.581323 
4 1643 2319 3471 3898 -28.359247 -65.608426 -47.803801 3.423985 
2 633 665 -66.274641 92.110330 
2 317 3135 -37.286450 -79.333241 
6 1177 1256 1768 2321 3634 3995 22.034378 -1.492575 -25.824418 -19.299841 54.435152 72.987794 
3 2500 2826 3469 48.017180 39.846666 63.928341 
5 241 1940 3114 3271 3537 70.570397 74.845500 -15.371643 -29.770220 -9.183164 
4 1523 2143 2349 3871 -69.678708 -33.054034 69.057798 -62.742500 
9 762 1109 2110 2433 2587 2643 2794 3756 3897 -41.062340 -69.643558 5.536640 -37.445723 -83.736077 83.197434 21.348676 3.117288 28.770164 
5 1778 2380 2603 2788 3947 97.261522 -50.295326 -73.187576 -66.178025 47.534565 
3 142 3065 3719 6.130878 27.232714 -73.104100 
3 1971 2347 2861 -27.343413 19.209361 58.746624 
3 164 371 2485 32.255368 34.231135 -65.510429 
2 12 949 80.610202 -97.899411 
4 3 286 2504 2872 -89.430605 45.319460 90.199662 19.454531 
2 820 1300 13.204788 -31.291885 
4 686 1596 2572 3722 38.237770 -97.663629 47.278472 39.268597 
2 598 1312 -36.157256 8.878011 
3 620 1965 2048 81.083927 66.589048 -32.676207 
3 18 802 957 62.746332 -1.365405 10.234733 
4 961 1137 2780 3562 76.502751 -13.914885 3.542721 95.774589 
4 418 675 1519 2876 -87.506442 -56.803096 0.627081 -94.924806 
4 77 2374 3253 3565 51.833851 -43.486141 -55.176560 2.017941 
5 231 2242 2310 3750 3770 -38.273223 88.790075 27.442651 -65.779763 -59.739897 
8 267 381 2340 2492 3151 3218 3351 3556 48.009617 69.250035 -18.239304 -93.657196 -47.710374 23.058801 -41.651635 99.609775 
6 976 1369 1388 2044 2654 3682 43.687393 87.921228 -30.383706 89.555802 -84.684703 -31.260430 
8 211 417 703 1781 3383 3778 3825 3989 16.743049 -14.357174 -39.528541 76.502890 23.629666 -56.914383 71.530973 37.320436 
4 1088 1917 2899 3029 7.370699 -19.270746 -10.400075 -70.801006 
5 333 861 911 2960 3273 -28.840367 -33.191982 -18.344837 -93.135928 56.287393 
4 1473 1933 2429 3654 -37.793174 -86.659846 -78.184175 -10.164267 
9 252 575 682 752 861 1037 1153 3635 3894 47.169319 31.431215 34.942566 -64.763813 17.485245 -43.549639 76.264773 -74.938053 29.597115 
6 89 1162 1958 1977 2013 3267 -5.266238 34.341234 50.958456 -91.160185 64.325400 -8.519075 
5 882 1297 1513 2600 3909 23.942925 57.837855 -55.421058 2.753778 -92.939392 
3 342 2645 3616 84.878334 44.444853 -4.148629 
2 835 2608 -63.406728 -5.135292 
0 
6 162 1272 1968 2864 2912 3191 0.947966 18.564590 71.659938 -33.681136 -49.572128 -71.333810 
6 131 419 604 608 736 3214 20.100818 -15.345775 12.148031 64.733857 -39.376000 -61.270077 
6 470 1521 1559 3036 3226 3552 17.158361 -89.995906 12.330287 -75.163969 7.036863 25.956670 
10 699 925 1278 1429 1432 1456 2778 2831 3459 3777 -73.557409 42.617209 -55.990775 -46.391971 99.098173 -86.090483 -83.325321 19.095125 84.540287 -61.717276 
6 515 1158 1325 3514 3782 3810 16.829364 99.859401 45.041210 22.592205 72.451439 -87.809920 
1 2044 -63.285779 
2 1108 1645 32.823904 62.780817 
6 404 608 2489 3105 3619 3788 -30.259126 95.855769 -52.589973 44.326637 -48.082071 -94.275356 
3 383 3163 3910 -37.257321 53.689248 72.809101 
1 2669 -14.580035 
4 439 2297 2408 3713 -72.320949 -23.523828 33.386607 0.236046 
2 2208 2241 36.519727 -14.564516 
5 338 705 1231 1664 2925 89.125683 -35.945679 -29.617887 -44.017263 -70.883596 
2 1831 2455 -59.229013 89.002338 
2 1432 2262 -86.648341 -99.982954 
3 1524 2245 3312 9.704727 26.937365 11.085359 
5 327 2316 2350 3283 3504 64.917845 47.359602 -84.515127 -41.564184 -84.806360 
8 20 259 1144 2215 2734 2742 3337 3713 78.632199 -99.656732 75.809744 -53.725284 43.845041 85.652229 -63.261473 -13.530073 
3 2264 2908 3305 31.479958 0.347573 18.172109 
5 1140 2080 2205 3268 3387 60.516916 77.028520 -29.178102 -18.020062 44.876083 
1 3147 -54.326061 
4 1125 1176 3094 3110 -15.257620 -79.736357 96.217470 17.291497 
5 99 1205 1646 2565 3149 94.294523 39.382911 -93.794433 28.927651 -20.925062 
4 1546 3691 3737 3978 73.885604 -96.811286 79.876162 -20.743820 
4 1786 2375 3457 3605 70.990369 -61.663403 90.985593 -30.737282 
0 
3 573 2554 3308 -70.457102 80.130612 31.679716 
3 247 1819 3899 -97.962718 86.881367 -94.562292 
5 717 1704 2285 3521 3884 42.971913 -64.854599 49.858320 63.883045 -87.782612 
5 1496 1697 2452 2694 2718 -56.526588 56.144441 69.054308 48.246413 44.322349 
4 985 2357 3058 3848 64.033281 -28.029674 29.854279 68.129939 
1 338 -83.946351 
1 1668 -98.665593 
6 8 143 216 268 2080 3576 63.260441 33.063453 95.050863 81.229574 -31.731522 -61.369212 
3 1969 2801 2952 -16.981597 97.474417 85.933598 
4 376 721 1094 1624 55.095345 44.619200 34.917804 19.465885 
5 460 1011 1394 1985 2404 -5.953029 -94.180932 -63.024628 -19.286090 49.677296 
4 111 153 216 3443 94.572982 89.879787 67.905503 47.759172 
9 59 532 1122 1230 1840 1854 1911 2351 2758 -72.658122 8.241623 95.678077 60.424921 -39.380998 4.712879 64.388006 67.081324 -28.782078 
2 708 2875 -5.086833 -92.815113 
3 2044 2749 3166 32.963165 -8.515482 -8.407083 
3 556 1122 1686 8.969485 81.477752 12.275600 
3 525 546 2752 -43.570777 17.784887 -43.255607 
5 121 196 2014 2333 2731 -77.689742 57.146442 80.617083 59.293559 44.129886 
5 1565 1608 1838 2498 2794 -64.075815 -42.438487 -25.795698 49.170870 -20.635489 
7 849 1245 1611 3245 3328 3375 3790 60.121369 7.431074 79.539959 34.999848 75.194935 -30.568544 54.720676 
5 90 1612 1749 3231 3631 -72.876259 23.929529 97.282855 54.478476 -53.670598 
1 3997 -81.198398 
5 159 1838 1960 2021 3079 21.866678 -78.103923 -76.254345 72.550854 69.429930 
3 139 2343 3892 -11.702474 61.876396 -58.118371 
5 146 228 1499 3405 3680 14.788161 -62.404939 -69.466481 -81.380434 36.784809 
2 1399 1405 -3.565149 -53.981009 
1 1836 -64.998258 
3 916 941 994 -36.314952 91.652818 28.827840 
2 551 3624 28.805750 -71.473597 
6 238 338 1177 1570 1637 2125 -40.792388 97.048089 28.894243 -80.552129 55.170073 -51.923758 
1 3199 16.216249 
4 768 1888 3270 3719 85.968215 51.515289 17.022165 -4.250298 
3 490 2390 3230 35.047841 16.340229 74.613955 
1 3876 -56.459398 
4 304 1403 2392 2750 -69.626306 55.665532 -51.080918 94.400255 
3 2160 2427 2523 88.762331 46.093244 60.209958 
4 397 1640 2158 3367 15.994210 -57.692581 -50.814034 89.946001 
3 1006 1124 3141 95.255642 70.475622 -6.429896 
1 634 58.393792 
4 2128 3075 3206 3864 -5.504629 83.585056 -56.891431 -93.917113 
1 2239 -41.006609 
2 559 3535 -98.174069 -68.468352 
7 1366 2226 2355 2429 3136 3395 3942 -14.339777 37.356471 74.863118 -28.939759 74.136091 58.987065 82.725137 
5 67 1556 1606 3145 3614 -73.931729 5.458990 80.633511 65.770651 13.712796 
7 61 525 586 1673 2688 3513 3703 10.382682 30.170796 10.716425 82.354577 51.583851 -46.231915 92.417515 
1 1542 91.243028 
4 1005 2394 2414 3452 -37.058579 41.202554 -21.685533 76.384699 
6 499 1138 2875 3343 3589 3615 -98.236433 -71.843975 22.494736 -83.483680 44.617776 -90.207863 
6 1729 1781 2275 3192 3353 3596 -59.896210 89.289035 47.240705 71.713207 98.024640 43.157253 
4 2195 2455 2500 2550 48.627154 17.690457 79.513458 -2.179295 
3 158 566 611 -12.006544 -36.739377 -18.322785 
5 456 544 2524 2527 3816 61.794906 -29.771129 -94.344148 -99.677044 45.446644 
4 1538 2774 3522 3858 80.751169 8.162754 94.280319 -96.734701 
3 1883 1907 3473 59.018720 -12.435494 -63.751215 
3 368 2123 3589 52.193317 0.412296 5.935131 
3 240 1165 3388 -63.638008 -12.699571 6.457514 
3 798 1456 2132 -50.223780 -47.245162 46.107578 
3 2653 3184 3761 -26.232203 64.084179 -16.396426 
4 29 818 2948 3901 49.829753 43.044908 42.722408 71.369205 
7 418 723 1055 1110 1639 2328 2429 -45.706365 -23.383126 -54.420818 10.474544 89.680938 94.246452 -62.567685 
4 927 2291 2717 3088 24.351079 -52.564020 -89.612611 -34.760069 
2 368 1401 72.290742 13.654427 
4 263 2262 2874 3373 -39.783007 -73.137525 -73.269119 -88.532148 
6 12 368 710 2835 3029 3139 -79.801604 61.904907 -56.063531 -95.396912 -24.415192 13.163892 
3 1604 2597 3382 -67.607521 55.719154 -55.830462 
5 558 864 1332 1959 3929 54.731644 31.893826 1.770032 -76.878222 82.367422 
2 1580 3264 -12.897098 -90.109972 
3 609 3212 3435 40.985365 63.534274 73.120429 
5 1213 1391 1678 2621 3516 73.327863 -16.501823 -19.724649 -30.273489 -35.724949 
4 388 1001 3296 3362 7.507540 -70.905747 93.870988 -74.379542 
4 97 245 1384 3139 89.412764 57.066836 -35.083837 -76.967595 
4 2969 3055 3465 3751 91.374976 -63.619422 14.386966 86.179946 
2 3548 3994 98.067723 42.560490 
5 123 882 2162 2430 3684 68.166336 32.214030 -4.285971 94.127090 -50.514123 
3 1978 2654 3220 -24.662237 -97.626620 -53.169456 
3 746 1422 1922 45.725469 34.105707 93.532386 
4 636 1905 2198 2469 -70.992561 -28.436410 49.588752 70.226769 
2 1480 2313 81.899375 14.954893 
4 166 258 1468 3943 74.421700 64.039466 -14.572958 83.988357 
3 2421 3287 3695 42.285144 -8.442671 -9.527838 
6 26 385 1544 1726 2434 2808 97.671571 84.641413 -88.309383 96.897013 6.347222 -28.612142 
4 606 861 1432 3301 -58.479992 70.345737 -79.260680 -65.857756 
5 249 1068 1141 1709 3283 -9.088122 -88.860581 38.219154 62.073750 58.988899 
4 369 907 2009 3571 39.421319 88.827485 78.362434 76.936095 
5 1570 1675 1694 2202 2934 55.957240 -72.934923 63.410437 56.965892 96.226619 
4 1217 2299 2649 2998 -45.856453 -29.654393 2.945997 -43.257715 
5 432 481 2506 3180 3965 -53.946933 -21.141255 -78.862095 -11.452764 69.089350 
3 834 1380 3808 -74.082296 12.379720 -75.227956 
4 485 1653 1659 3251 -96.610631 -64.057815 72.552368 29.754808 
2 250 3317 -22.627126 -95.374111 
0 
3 556 1516 3505 -76.801600 23.218224 70.347822 
6 377 725 845 1706 2290 2703 -57.927465 77.810129 80.948900 -93.881014 -0.481445 53.803517 
5 679 888 1722 2410 3833 -99.983594 -17.852374 -27.530884 14.315689 99.379627 
4 197 1055 2777 3061 19.289388 93.017146 -67.744966 -7.966371 
5 905 1245 1865 2669 2714 79.679596 91.096694 9.129401 22.014100 -70.829763 
4 740 2305 3120 3831 21.315475 -26.359596 -34.448882 44.363313 
1 314 28.696511 
2 2022 2187 -13.785337 -3.195452 
4 1535 2627 3278 3594 55.253720 96.455048 -16.107522 74.717342 
3 510 956 1911 -25.817685 -70.920548 -25.577636 
3 1508 2978 3723 74.526759 -65.528833 25.043504 
5 722 1179 1532 2592 3454 31.172154 20.765512 9.366216 3.213778 -16.487223 
2 2256 2375 7.064921 51.629069 
4 439 2875 3454 3657 -0.252856 -3.563752 -97.229676 45.313945 
2 1218 3616 27.772977 -77.459932 
4 1352 2798 3881 3899 -63.566063 -48.614773 -77.345868 -7.624145 
4 498 918 1293 2463 -47.610318 -45.917258 61.529500 97.367823 
3 66 2087 2370 -62.302945 -44.591846 66.559630 
2 1460 2998 -0.205004 -20.618802 
4 31 2506 2588 2666 -75.778529 24.167418 -33.682677 -18.337285 
4 1658 2875 2981 3676 -28.961056 -16.774651 76.053120 2.550936 
6 1178 1415 2935 3188 3500 3804 26.767792 99.300972 16.248609 48.821669 -71.095553 23.396598 
4 465 677 2147 2370 -95.051594 16.768746 -56.023352 21.456267 
6 288 2432 2536 2735 2881 3390 40.095976 -57.417394 97.745050 -88.599297 -20.913251 -64.402280 
3 2293 3447 3923 -73.846862 -65.517954 -14.986446 
2 299 1901 -51.600728 -89.030890 
2 2488 3339 -91.607589 -14.115338 
4 240 2304 3348 3605 26.428641 53.870622 97.025577 23.511699 
4 310 400 2393 2774 50.645212 31.382382 -26.831817 93.321993 
4 46 1565 1798 2878 2.348286 18.708174 42.193206 -20.070667 
4 638 1055 2184 3305 3.772752 29.986128 -18.637544 -61.861733 
5 491 1905 2503 3573 3905 -8.040241 79.651571 -67.745432 0.825632 -67.360205 
0 
5 180 3361 3368 3479 3502 11.978025 -18.411695 91.621182 0.535111 98.701966 
0 
4 254 666 823 1546 -10.546265 57.026979 78.328456 -77.516507 
6 125 127 1249 2202 3132 3653 -43.672236 62.951605 84.649964 -21.658756 2.299316 -9.929174 
4 272 3160 3179 3951 -85.901774 67.042406 37.978288 -11.588379 
2 1031 1914 44.825140 -70.568069 
7 72 1306 1465 1473 2108 2155 3476 36.646616 -3.021689 -43.224616 93.701626 -72.220636 -75.503378 -22.902496 
7 46 233 549 693 1274 1315 1606 38.958092 -91.354721 -80.661638 68.877293 75.879766 99.229897 59.733428 
5 727 1674 3021 3736 3964 -31.714637 -58.378909 -32.326493 43.485713 7.047042 
5 1035 2733 3369 3634 3969 -68.723397 -21.370671 -83.425427 86.223257 -65.908179 
1 300 69.016442 
6 223 2075 2145 2882 2886 3092 -3.409335 -25.477340 23.092420 97.069833 46.033099 -88.915395 
7 604 1159 1961 2080 2478 2614 3302 10.515805 -93.332795 -12.395957 30.245131 34.089110 25.718579 -90.226050 
3 1630 1736 1960 32.819922 -23.332368 -34.206027 
5 176 300 964 985 3688 90.912922 -67.903763 9.024205 -99.565486 -98.525501 
2 792 2290 -84.599567 87.745918 
4 2147 2758 3367 3595 10.326920 35.671104 18.425971 -13.174209 
5 1030 1400 1600 1686 3900 41.415389 -17.925029 36.719289 -7.997125 -46.350777 
3 273 1880 3536 -76.446605 -41.465813 47.526759 
4 1189 2782 3214 3777 -98.415209 -1.113508 53.714812 55.299613 
6 1490 2648 3480 3609 3614 3968 61.956596 79.383337 71.798339 3.152081 -92.456681 82.113252 
2 1824 2756 -88.586939 21.809227 
3 1488 2003 2222 -55.519319 -83.211050 48.236008 
2 2087 2492 83.574898 -75.501075 
3 489 2162 3608 -67.468467 -86.979333 -91.176259 
2 79 676 11.448956 -62.713304 
5 386 526 731 1330 3406 82.258788 -29.802372 -65.778545 -92.074623 50.235060 
2 237 1760 -27.882341 -1.888042 
5 626 1295 2145 3146 3913 43.503595 -1.727729 -4.656778 18.851072 0.119586 
3 1295 2111 2504 71.692609 -53.037758 99.069644 
3 850 2255 3939 27.808451 -10.525935 87.709888 
3 1315 1690 1703 -79.096550 -90.211939 32.072754 
8 541 1113 1249 2228 3193 3684 3693 3851 -51.667786 4.951279 11.723087 10.966389 -61.334070 47.209914 -55.631031 18.643850 
4 133 2548 3749 3796 80.284556 -43.418403 -65.863233 48.153940 
8 107 1155 1528 2639 3213 3379 3824 3987 3.077434 -36.402818 -26.446586 -81.222446 -64.209654 -51.897691 49.966049 -66.216013 
2 471 3183 -39.054162 -81.730574 
4 770 2729 3027 3226 63.899093 73.953136 -76.324197 -40.712368 
4 223 451 642 2618 -20.660619 -22.118098 -73.998420 9.741208 
6 16 530 2342 3246 3362 3889 59.499236 70.982857 97.976908 82.463769 -43.868381 6.338417 
3 91 3319 3421 79.009268 -29.571845 49.026213 
5 648 695 1785 1986 3980 89.288551 14.964023 -49.656618 -6.916176 -24.793477 
5 453 776 955 2700 3475 -55.229022 79.591287 -36.237736 56.840029 30.909939 
2 656 1938 91.283726 -53.560324 
3 1954 2044 3500 42.276978 68.416803 75.564046 
3 1862 2363 2427 41.086310 79.177093 -6.803855 
5 2250 2623 2683 2951 3998 67.171568 88.158224 68.271263 79.164593 -67.579176 
4 355 978 2993 3669 49.620338 -17.686678 -67.621564 -53.261943 
5 670 681 1401 2535 3704 -95.094898 60.286895 -46.954007 -74.070105 77.340098 
5 139 843 863 3556 3577 77.380776 12.018731 -62.079386 82.348829 73.185291 
7 361 696 2030 2397 2900 3384 3861 -51.064127 -19.283227 -24.292018 -29.622084 -56.125871 -66.362931 -26.187821 
2 241 3354 -71.788228 -3.853821 
4 72 1102 3041 3073 -38.476968 87.145307 -91.114082 -74.840847 
3 523 1625 3346 -51.729441 14.878381 0.920220 
2 2131 3288 -60.626411 12.802028 
3 1461 2498 3296 92.889069 34.971199 -25.569773 
1 1093 -95.971852 
4 434 742 2767 3281 3.980445 72.074359 -61.847573 61.551351 
7 27 1570 1608 1716 2587 3125 3201 -64.243370 92.676126 -10.549889 -47.175990 84.579008 27.110028 12.436465 
3 782 3430 3632 69.580571 22.089561 -68.439848 
5 1877 2014 2523 3260 3304 -56.820346 -60.893177 47.580471 14.666379 57.733731 
4 1332 2027 2645 3538 40.777342 -65.252903 78.252786 -93.480233 
7 983 1373 1661 1887 2927 3444 3557 0.712840 -38.650161 95.621435 23.380298 -61.843607 -63.752734 -63.548203 
10 555 844 871 1000 2431 2602 2965 3196 3264 3437 98.088367 47.250804 37.806790 47.815255 -84.198076 -72.836537 -35.534298 -93.833731 28.125298 88.688860 
4 1196 1456 2238 3690 -1.830481 25.674397 85.439349 -73.710364 
6 796 1412 2158 3209 3908 3930 13.668390 -7.415044 -42.008938 36.743496 -66.404119 -54.398461 
4 1008 1816 2289 3619 -93.637969 -81.575774 22.884975 -63.405100 
4 651 2337 2689 3498 47.745579 -64.013871 49.209534 4.551524 
2 2007 2736 21.632105 3.435852 
8 3 190 301 636 1455 2282 2955 3409 -60.450983 21.286375 88.340383 3.676080 -20.988358 41.035144 -1.731424 -35.891434 
1 1960 7.040397 
5 195 480 1152 3327 3749 32.763983 38.273216 -73.366911 47.093215 -85.535457 
3 705 1552 2984 36.393922 66.514508 21.682571 
8 133 471 475 975 1434 2654 3409 3439 54.621916 40.683746 -76.551457 90.388851 88.205199 -40.078453 86.825196 78.007867 
4 1846 1992 3132 3547 26.927324 -64.198623 -1.165961 9.196367 
4 374 583 1193 3918 34.075387 -83.924636 -70.231723 -51.336225 
2 1294 3286 45.379632 -79.776850 
4 1168 2327 2745 3904 -85.264636 -68.821145 96.740088 43.206934 
6 242 429 495 584 634 2235 80.696754 -82.092419 88.186461 -65.634564 -35.778301 -41.085348 
4 1870 2204 2549 2700 -96.193206 -22.118359 38.982284 -57.939958 
3 628 2588 2920 -88.228667 31.435832 61.368844 
2 703 3613 71.642600 -55.632046 
2 925 1626 -42.745952 -86.940150 
5 508 871 1222 3103 3671 91.757276 -98.238309 -51.227492 -6.526009 -2.647805 
3 1162 3552 3728 2.063932 95.776882 -81.326035 
5 1094 1271 1305 1787 3343 -64.835132 -70.251114 37.051517 -17.777045 77.124254 
2 2669 3420 33.959661 15.704188 
3 360 537 2260 -59.765197 -17.536177 -52.974343 
2 3472 3984 45.379272 5.051810 
3 650 1696 2508 87.026045 -73.105144 -50.687705 
1 2907 -91.320974 
5 1551 1591 1631 2125 3524 85.315185 -76.112514 63.048868 -4.606978 69.450441 
2 220 3403 -54.296170 -12.113027 
5 489 747 2527 2581 3946 77.037871 79.527370 -79.759477 -84.654263 -96.380488 
5 142 440 2287 3465 3868 85.720993 -37.724293 -90.637597 88.256815 66.756020 
6 740 756 1138 1269 1767 3977 -94.708538 38.859233 -85.250254 19.308927 -13.844070 -54.481569 
2 937 2354 74.305988 62.509270 
5 341 447 740 894 2387 7.709283 69.289657 -0.658818 71.098573 11.359031 
8 78 1017 1576 2009 2417 3276 3914 3928 41.804880 -97.514862 -72.550765 -98.997502 -62.517268 -20.446007 84.451495 18.369498 
2 1866 1896 -60.262262 22.750757 
3 2798 3239 3949 -97.412537 11.519054 -26.106796 
8 499 1393 2202 2724 2781 2857 3707 3851 40.569605 -95.822923 -66.728175 35.805121 51.235672 93.922355 44.775321 43.312601 
5 232 1586 2188 2262 3378 -13.918137 -42.330505 -45.310382 30.614981 50.475580 
3 1215 1393 3794 48.639362 93.066168 58.248814 
1 2328 46.518215 
6 1355 1540 1761 3620 3855 3955 67.614337 -61.692524 4.548573 85.110478 59.432167 51.105009 
4 488 1273 2934 3192 66.162554 -26.633161 39.687713 31.649855 
4 1463 1832 2658 3586 54.476829 24.756613 97.660445 38.596078 
4 787 1191 3021 3540 73.480492 -26.671691 -5.472950 -5.554970 
7 664 1313 1391 1656 3344 3697 3832 93.346165 11.442232 33.160760 61.286882 29.379420 -91.896615 59.709819 
1 2441 97.862549 
7 342 619 1905 2411 2516 3310 3654 -67.522773 73.301729 -26.778110 -85.359087 -83.929679 -38.235339 -25.279815 
5 243 622 1115 1379 3779 40.612891 70.101713 -79.673432 -2.312536 24.462561 
2 1335 2394 63.462006 -75.889606 
5 1026 1410 2203 3183 3329 25.650456 45.896019 50.290063 -56.258200 44.343923 
4 394 1004 1910 3654 23.100438 -69.251433 18.210992 99.770932 
2 570 1961 0.504054 78.631905 
1 1435 -55.763540 
7 366 612 660 931 1467 1523 2653 -47.350180 -37.624065 4.423418 -44.793351 -27.490594 71.442993 71.617923 
3 588 890 2176 44.527164 -31.357731 38.982365 
3 1950 2097 2512 -20.824591 -73.535265 -28.098641 
0 
5 569 2049 2742 3119 3380 78.044342 83.989441 17.998235 -33.189807 -24.935194 
2 1877 2489 -13.131245 -82.471025 
4 1 1263 3016 3122 22.231204 -56.521668 -25.577763 -87.130732 
3 671 1728 2555 43.753545 -51.643111 66.040283 
6 1407 2318 2665 2801 3472 3849 -30.437017 -8.696357 13.073524 -18.167256 -20.854944 11.155355 
5 346 558 2223 3467 3616 5.818786 93.221781 67.499895 -28.761489 98.076501 
4 556 981 2885 2908 -25.281570 -96.563906 -82.348914 -13.646709 
4 957 2197 3049 3175 69.147373 -82.443891 -3.185124 66.796898 
4 92 378 2200 2785 -21.394802 62.727813 34.818060 77.431179 
5 383 502 1095 1360 3806 -3.436977 9.901366 -14.318447 -26.318555 37.728728 
6 1168 1538 1539 2913 2920 3844 75.111109 -29.593617 25.896216 -88.131369 93.945071 48.519849 
1 2165 47.868451 
2 3102 3962 -13.387411 -42.871463 
2 1081 3487 8.019227 91.932897 
4 378 614 2434 3561 -27.145379 80.819979 50.650613 -66.647024 
2 793 2252 35.625279 51.572072 
3 214 1678 3354 -80.101722 67.526946 9.278642 
3 1057 1795 2217 -94.124367 -67.792636 47.686866 
1 2014 -24.293448 
8 587 717 1004 1287 2079 2148 3078 3181 -1.409224 54.477112 81.949506 -99.760223 -32.483073 40.190490 2.328442 -80.143368 
3 1454 1629 2033 66.982876 36.139937 -0.574040 
3 31 936 3021 72.247505 -86.686674 71.340763 
8 705 1319 1369 1484 1902 2595 3214 3868 -53.242749 -22.457732 -2.783091 28.399498 -94.062065 -15.705274 94.441562 90.124544 
7 2926 3194 3228 3402 3637 3716 3985 -11.500882 -81.342949 20.284141 42.830750 33.304450 -88.886412 -47.908910 
3 245 923 2183 -7.762385 16.160208 33.568412 
6 195 1044 2433 2647 2948 3420 37.794435 77.946831 -69.319754 11.333187 -2.436624 55.488335 
9 206 214 750 789 842 881 1556 1994 2204 16.949901 -89.266440 -26.783496 -78.299771 -27.707214 57.420683 29.960561 -84.658399 -23.097896 
4 4 438 1808 2308 -58.912024 46.828727 -84.115659 -43.301938 
5 93 776 959 1509 2972 83.642097 98.265730 -30.701288 23.727768 -27.557212 
5 373 2817 3053 3633 3664 -95.411314 30.680752 14.575671 24.890343 35.846735 
4 6 251 2562 3445 91.943834 -81.467742 -30.636430 1.578466 
4 658 1422 2578 3970 -76.488018 24.019012 65.545826 -76.015973 
6 566 1364 1377 1855 2835 3493 -17.168070 33.711881 20.832688 -69.751549 62.501575 14.052672 
5 29 2309 2993 3340 3536 -48.435586 54.829834 -24.986701 -0.356419 -43.055016 
4 1088 1119 1986 2240 -48.372396 19.578476 77.476482 12.108301 
4 75 2682 3595 3857 44.190360 95.486492 78.408902 53.720363 
3 296 2085 3009 32.083538 81.303876 82.645716 
6 731 1888 1941 2032 2352 3613 -34.343798 11.699859 -47.844210 -30.690758 -61.960257 45.958417 
6 110 238 856 2329 2389 3268 78.145711 -31.521992 30.865967 -7.136925 64.081675 27.579328 
3 832 1001 3205 71.870867 -40.352140 83.232939 
5 644 786 1111 3031 3560 51.148190 -34.883246 83.397909 26.927510 56.747126 
5 1810 2386 2722 3072 3382 17.157729 39.709788 -46.078412 -70.041828 -99.695040 
3 738 2019 2729 97.486792 -25.331068 -93.920572 
6 374 1359 1551 1718 2016 3151 -45.845522 -32.139924 -30.211539 21.645504 1.122019 6.209205 
5 1437 1602 2816 2991 3951 -96.852157 -99.072666 78.443900 -7.811458 -59.994807 
6 1506 1779 2390 2625 3161 3564 4.034089 39.315726 62.402426 -25.713697 -14.583593 -87.375558 
4 147 385 1009 1696 -84.775920 -19.441531 -44.850316 66.105579 
6 1068 1616 2745 2749 3288 3675 92.001777 -2.328929 -75.425002 -41.641846 46.152745 -83.924872 
2 1020 2971 35.685793 35.535285 
4 67 1065 1535 3210 65.989319 18.363850 -87.706081 -82.852410 
7 162 268 287 337 1722 1741 3399 13.361788 -94.612155 16.573892 -78.007258 -0.064540 83.256173 -86.261983 
5 528 1252 1645 2577 3859 31.424409 9.118835 94.104171 -9.245604 -44.297146 
8 625 631 1773 1837 2267 2371 2645 3905 33.362963 -78.671088 36.704789 -78.961818 -44.505222 -86.334364 -93.230126 -26.515599 
5 794 2030 2206 2864 3229 -16.825605 -46.612431 -47.409482 -93.840992 -81.276672 
7 135 610 851 1192 1380 2412 3043 17.329002 4.736344 5.130184 -28.206099 -69.125439 85.338163 -55.939195 
8 42 961 1373 2380 2398 2698 2760 3572 -53.681006 -11.754069 -60.280863 -49.821742 3.811176 6.808777 26.469457 -99.567889 
3 1462 2339 2844 -84.379376 -65.584202 -61.178865 
4 696 1297 1412 2142 81.466985 -39.991796 80.956950 -72.376114 
1 2694 3.316000 
1 778 -15.050775 
7 1742 2706 2728 2994 3084 3249 3446 53.770997 27.010186 -27.676421 39.802110 -49.240994 -5.941875 -8.641639 
4 2 328 1610 3151 -53.886862 52.141845 -16.126929 -77.800367 
6 299 1005 1307 1364 1399 2684 49.177385 0.485064 -84.616327 -5.418925 31.933525 46.441315 
5 1348 1876 2292 2553 3918 -22.791645 24.537689 50.362081 -15.349260 5.226515 
3 1927 3262 3450 -47.648398 -31.259083 94.389179 
3 358 1336 3622 64.625603 38.594269 -81.007134 
5 311 1339 2188 2996 3782 -80.371885 76.226475 -53.491571 -77.104986 -38.728918 
6 472 1066 1299 1317 2065 3493 -3.383070 -76.338154 -9.365105 -43.399154 -71.833586 -95.710669 
1 1134 -0.008780 
4 747 1347 2825 3061 96.987919 -86.415229 -89.020978 -56.368711 
5 689 2046 2774 3771 3868 -93.117435 -90.023858 25.060350 76.794572 81.532021 
5 82 277 1027 1997 3394 -60.664554 -5.209717 79.918948 -91.809272 82.247203 
3 1023 2766 3715 -63.588150 69.638714 -13.184310 
3 1200 2971 3297 70.558183 68.678124 -30.288983 
6 757 1536 2410 2716 3524 3667 73.444641 -53.936148 -81.062973 24.364192 -63.872803 -57.296029 
3 1821 2656 3256 83.620098 73.656533 77.154000 
4 908 2065 3125 3466 73.314524 -44.259476 47.475873 -58.305586 
4 1258 1376 1457 1540 -77.010479 -17.405653 2.573064 -92.904700 
2 679 2098 17.752565 -82.361812 
3 105 281 3999 33.615625 98.023614 -25.678211 
6 187 357 860 1410 2327 3768 97.879195 -55.757791 -80.749556 52.734803 13.170573 -77.603889 
3 175 2787 3807 36.383472 55.001660 91.908730 
5 186 2314 2482 3466 3773 76.416522 -83.125974 -57.017584 29.297425 -48.480401 
3 400 1906 2095 70.385741 49.988680 31.060236 
4 753 890 1439 2176 -38.238818 25.944636 -76.946888 -27.480599 
1 1874 58.248130 
7 101 127 478 972 1048 1851 3374 89.628114 -28.120889 -12.093327 84.616040 -40.912911 -21.736168 -96.703879 
3 513 1429 3069 -84.847032 -1.855021 -88.620483 
4 0 1465 1866 2506 -61.112351 85.172819 -99.429384 -43.431565 
5 63 1746 2232 3062 3563 -65.390533 22.913575 65.067468 -98.875168 11.295771 
5 299 569 798 2850 3955 -46.938867 73.651271 -4.215525 -1.164940 -28.768083 
2 2210 2435 -69.385076 -81.682683 
2 1512 2689 26.262418 -57.715303 
4 1129 2166 2329 3051 -88.527575 -73.531794 48.030902 80.264708 
7 25 752 1139 1656 1682 1951 3212 -80.405894 5.842128 45.816507 -53.887334 -3.329569 45.572352 50.516237 
1 944 3.790799 
3 3449 3646 3727 -92.164460 81.254047 -31.847897 
4 1597 1844 1985 3820 -39.271379 49.809932 -20.623017 65.010469 
5 1360 2934 2955 3013 3471 -27.681489 -64.514466 39.696575 36.023397 -92.018676 
2 488 3685 22.164965 28.471742 
4 314 453 2292 2747 -7.315170 -68.315476 75.723436 9.692389 
3 475 757 1193 -49.410233 55.247984 3.232211 
6 1409 1631 2193 2784 3488 3534 23.277733 18.488850 -69.841735 -79.996999 -76.128643 18.292136 
6 1713 1880 2422 2536 2661 3167 -30.038339 68.107189 18.473600 22.199754 73.725054 84.456911 
4 551 2428 2476 3131 69.846888 79.241310 98.091678 19.253633 
2 390 1767 72.868905 75.347008 
4 1341 2796 2972 3610 -2.577262 34.024936 74.240492 81.797009 
4 761 1851 2059 2274 23.377317 9.392933 20.795583 58.669469 
6 84 87 857 1021 2013 3202 -14.054633 -39.410032 -48.905439 98.988300 -61.011525 66.212729 
3 288 1697 2289 -96.171309 60.989500 81.653606 
5 529 1255 1704 3701 3895 -86.186537 -79.877702 65.280316 99.587547 -82.604165 
12 883 1162 1244 1893 2039 2526 2660 2817 2892 3436 3454 3628 -43.410095 50.139443 24.750237 68.695655 27.044410 70.676852 -1.969428 17.206079 53.161553 8.804302 36.849988 6.755357 
6 129 665 1462 3094 3467 3692 -49.068594 70.371044 94.558470 79.189286 -1.527941 93.766652 
6 720 966 1229 2537 2670 3228 -93.778197 -21.022542 -7.621181 24.483991 58.883188 -45.204986 
4 2766 3237 3897 3978 2.570570 79.189381 -17.106709 51.338500 
4 30 216 1087 1855 67.748390 -15.399663 94.411233 -8.314396 
2 2669 3522 53.484806 -62.448287 
3 1501 2002 2670 63.899544 -90.603176 -66.096604 
3 874 2253 2941 -35.638346 -94.258171 -60.324516 
4 1271 1541 2359 2490 71.414096 51.560092 86.995786 -84.452633 
1 3859 -28.279720 
4 43 1486 1534 3290 48.868679 -74.633944 86.265998 3.307897 
5 375 561 1038 2711 3494 -47.981380 56.489788 -63.731865 46.074380 0.546994 
4 1087 2986 3013 3101 -90.963336 -47.929506 -24.581519 -32.970820 
3 129 278 2790 65.210179 3.643848 -9.479589 
3 1272 3028 3583 -95.393235 41.765704 -16.055226 
1 533 -84.859960 
3 639 675 795 19.713033 -90.209347 -45.570572 
4 1018 2053 2993 3267 35.364928 -12.486292 -76.095212 40.385816 
3 127 2479 2978 17.422766 -96.251231 84.897089 
4 1696 2251 2784 2882 99.980169 -7.171621 -41.036834 -63.030016 
7 356 531 799 2499 2946 3964 3981 70.014899 90.104817 1.146453 -51.895658 2.406566 68.119056 -67.013597 
3 1766 2110 3844 63.777561 61.240190 -20.417638 
5 233 571 2761 3618 3661 24.488053 6.073737 -8.629794 -70.190281 7.186292 
3 1841 2815 3311 -78.020030 25.778796 40.393007 
4 1371 2102 3029 3866 12.395079 -74.859370 78.992104 -51.800693 
1 125 55.485234 
2 2953 3517 -13.205442 81.783320 
7 366 906 2043 2394 2491 2617 3999 66.771980 -69.785983 -83.318427 7.782476 -18.873189 -30.721793 -26.144819 
5 1680 1689 2245 2254 2400 46.942944 -3.112816 71.559582 -6.120726 -73.853686 
2 2113 2776 10.354394 79.647647 
3 301 626 3883 -38.476753 -37.173886 77.423862 
4 216 374 1190 1446 -93.088595 -52.703594 -4.621116 58.188510 
4 1176 1388 3189 3615 -30.739079 6.923790 57.763299 -98.776608 
3 1158 1208 3237 -69.322166 28.850684 -42.698616 
3 1275 2131 3679 -42.082910 -6.725627 -47.237906 
5 586 974 1109 1116 3768 -95.767582 11.003627 -52.407649 51.272037 -78.593024 
4 309 338 1360 2675 -9.881496 60.380560 5.788423 27.201269 
4 317 1476 2419 3862 48.008057 -25.542179 77.212191 29.069500 
1 1806 -58.311448 
2 1914 3810 -94.892569 -34.882914 
1 1043 83.655279 
4 26 539 3138 3513 -49.062262 27.154277 68.963678 -6.445483 
6 1513 1738 2439 2866 3604 3611 -9.719932 -90.806115 -38.661364 -31.456096 25.901844 -4.020506 
4 67 2370 2999 3829 -78.326868 62.404301 6.090728 -73.120547 
3 83 723 3104 73.959791 -78.818800 -70.591706 
6 599 1265 2642 3288 3293 3586 50.741899 23.076301 -2.472258 91.876348 99.164652 -49.643754 
3 1247 1686 2978 -35.917740 -34.050859 -71.852357 
5 1946 2472 2572 3403 3473 5.685505 -38.957979 9.997458 -2.070635 72.053764 
3 513 1319 1554 94.083851 9.980222 -13.857923 
5 232 1703 2928 3462 3516 -31.585232 -95.576896 -4.437801 81.399333 -55.097083 
4 1028 2488 2774 3398 -55.657665 -11.774864 -32.505989 8.271168 
4 706 2423 2639 3725 55.180129 -99.528839 6.219306 -32.471041 
6 123 666 1502 1925 2263 2568 -41.094070 -10.253022 61.919881 28.745860 -34.665277 38.079093 
6 1118 1673 1762 2116 2752 3508 -34.451528 29.590906 98.686863 61.495851 -70.139461 64.157094 
6 104 742 826 1322 2627 3865 11.586919 99.220858 -70.111207 50.421207 57.549226 -15.900899 
1 2231 -45.042988 
3 2423 2532 2981 -23.456337 46.606207 27.312018 
4 596 655 1960 2383 56.110707 -42.827669 35.586772 33.445696 
3 3534 3703 3969 -48.860737 -73.648198 45.331385 
3 1019 1218 2222 86.757808 36.605768 2.789434 
4 2462 2473 3076 3257 27.134737 68.126248 75.408436 -69.415255 
5 1274 1802 2068 2659 3593 88.048739 -96.662041 98.380906 20.808484 94.399461 
3 604 2801 3741 -61.718932 -23.320294 73.770334 
5 430 1215 2092 3640 3758 40.438833 -2.586039 -37.578877 48.905264 84.743648 
4 1280 1771 3245 3398 29.082742 40.919889 45.917598 77.511915 
10 154 636 987 1797 1916 2464 2619 3116 3616 3777 -17.392573 99.331154 -84.271081 31.654874 73.975344 -77.723785 10.079341 -35.136035 73.731459 -23.723045 
2 1829 3449 55.894285 -42.584687 
7 260 663 1010 1198 1808 2023 2133 23.345457 55.754645 20.667732 -12.884684 6.528607 37.497920 -20.437992 
3 151 717 3852 95.536049 -68.388468 94.029787 
3 552 687 2446 -98.060671 0.837430 -97.143723 
6 690 976 1035 2541 2632 3218 71.229527 13.165421 -55.383914 99.861240 -20.062658 -0.173507 
5 893 1114 2510 3212 3993 1.086284 6.481610 -44.574729 -89.153794 24.978990 
2 1501 2489 24.326209 39.783231 
4 1345 3180 3569 3614 35.672121 52.894101 85.412222 61.802799 
2 1434 2938 -62.397643 -88.098346 
5 207 1408 1695 2750 3517 -98.452183 -92.123215 -39.725088 4.795131 -69.337699 
5 1168 1245 1773 2621 3131 3.306415 -41.297420 60.755997 58.139534 -21.505922 
3 1177 1245 3431 -43.083815 -24.916549 0.154621 
3 249 1518 1713 -34.981021 -32.182719 39.240679 
0 
5 119 2398 2523 3447 3782 63.892496 -25.431243 -69.519381 23.709333 -68.348320 
3 1519 1659 3022 40.682216 -22.226554 0.321696 
7 857 1003 1178 1352 2113 3452 3923 -1.122727 31.571129 -26.738442 -18.525901 40.034597 -45.185348 61.562528 
4 1529 2696 2883 3354 57.056928 -56.259460 24.002483 -80.757800 
5 655 1308 2186 3192 3582 -91.172136 86.571598 6.348928 -79.138673 -78.299492 
0 
9 364 378 725 1010 1603 1622 2328 3744 3775 61.362302 97.702020 31.605777 -95.867223 66.332945 35.883642 49.871408 -46.702560 13.057279 
2 1279 3651 -86.159049 61.857324 
2 571 2996 65.155732 -52.602313 
4 585 650 1168 2202 42.960315 3.828360 79.889053 -86.923220 
4 2038 2654 3219 3911 -60.441167 -49.635435 34.295014 10.446019 
2 84 873 -48.590297 14.344969 
2 876 2843 -24.443484 60.856496 
5 211 863 2388 2493 2730 91.899357 53.281922 -23.668157 -63.966221 -58.498913 
3 486 1298 3813 97.302790 -44.771925 24.931232 
4 379 1477 3825 3944 -85.479068 98.246844 -77.962229 -46.865290 
4 853 1418 2471 3342 -15.607944 15.863166 -5.566267 -81.833444 
3 1973 3035 3507 -26.923641 -40.762604 49.263543 
2 1847 3729 -20.506761 -39.414585 
5 1434 1990 2946 3455 3703 36.758038 19.254495 -82.986975 -73.181024 -40.830492 
0 
5 498 2347 2521 2697 3052 -7.059789 -95.419564 -42.361252 -49.441917 31.661930 
2 1703 1814 44.152017 -87.014440 
3 1704 2042 2227 21.642277 -70.042590 6.557094 
6 362 1754 2555 2812 2903 3136 4.270206 -70.361031 51.083109 -83.497486 -60.854336 20.571613 
7 347 614 1830 2096 2549 3182 3249 90.861940 -6.957394 20.041962 -1.244832 -29.397616 10.966424 -38.825456 
2 1013 1256 -3.543783 55.246411 
5 342 693 909 1601 2541 40.069576 98.276713 -9.361649 98.438623 -21.138896 
4 792 1805 2507 2943 16.666944 13.171075 -21.473622 -91.402455 
3 1096 1119 3568 22.305654 -39.428644 -97.148659 
2 335 1933 -31.405445 26.843434 
3 748 2309 3447 -38.092297 5.468456 -11.141638 
2 1137 2326 28.608531 -9.596001 
5 1528 1803 2315 3749 3963 43.925585 82.398514 -8.720637 -72.662425 30.160684 
7 657 1364 1818 2482 2829 3208 3647 12.191558 33.077559 8.964240 79.341067 30.276920 -34.113982 25.701569 
4 465 642 1077 1168 59.056419 15.050108 -98.844815 26.168366 
7 429 584 1155 1619 1691 2717 3146 -39.728818 25.746031 32.545774 21.905991 65.277365 15.922352 -16.095879 
0 
7 2136 2268 2624 2825 3117 3330 3920 42.426818 30.694014 8.912778 -61.446039 49.106547 -23.428703 52.894786 
2 1206 3332 -45.512240 -19.170778 
3 202 551 2391 47.903934 -67.066350 59.348347 
4 87 594 2377 3885 19.365962 47.147162 -20.560880 37.636451 
5 666 1126 1244 1441 3933 -77.846563 6.039029 96.424264 46.178601 32.249807 
2 432 573 85.177018 85.765188 
1 331 -98.505480 
4 302 1246 2265 3962 98.134783 -20.087160 63.751244 62.441379 
3 788 1990 3932 -92.616941 48.611323 51.622721 
5 358 405 443 1533 3601 -74.517248 47.279669 -46.890061 -1.035533 66.684262 
4 185 2410 2608 3986 33.256073 -54.350660 -62.459794 -48.600333 
3 3057 3271 3707 29.176097 75.764870 47.037445 
2 2905 3996 -94.369762 81.960468 
3 467 1920 2877 18.147213 -40.903843 0.095175 
4 2025 2118 2614 3588 -16.798419 -57.848005 -31.117404 -67.561985 
4 1254 1281 2927 3598 75.518693 -93.874759 -22.174658 -77.474701 
1 3687 10.681721 
6 1062 1392 1484 1504 1699 2946 -36.349791 -85.637464 -32.100815 -35.866769 60.311415 -79.354553 
2 1436 2755 25.372143 93.339502 
0 
2 785 2844 47.533341 26.975790 
2 1384 2353 96.102408 21.909737 
3 805 2820 2912 -56.769833 -42.466129 53.328146 
1 19 -82.235129 
4 173 1292 2741 3841 -88.498062 -82.861329 -21.166281 -24.043312 
6 878 1094 2308 2570 3180 3958 72.006554 -61.203592 82.453107 84.869251 71.534931 54.135057 
4 841 2889 3188 3268 -28.801872 -59.439294 -29.243734 5.564412 
3 1426 2317 3777 64.221567 -63.573556 -57.483495 
3 661 2305 2585 -30.781653 50.091321 -55.548615 
3 1168 2884 3273 57.579086 -81.944352 -78.832224 
2 307 2443 -60.528485 -85.477818 
5 164 336 2713 2750 3771 -66.380020 -8.067050 88.585046 65.020666 50.869372 
6 638 963 1170 2428 2689 3838 -0.641715 -63.496649 -30.175403 -73.826576 -24.240742 -99.891246 
4 984 1008 2503 3910 -57.853459 78.087545 -74.521654 59.847197 
6 115 134 2633 3043 3612 3705 27.920195 -3.657969 -22.224932 -94.794949 -74.577805 -15.336217 
3 656 940 1465 20.346036 -74.325520 -34.422523 
4 1537 2164 2581 3045 96.856887 73.743415 -94.016361 -54.193619 
4 1902 2584 2747 3786 -86.775347 -45.246256 -22.696950 -77.399625 
7 784 1550 2004 2320 3497 3680 3729 64.483102 1.378975 -37.640800 20.706064 87.874651 -22.477424 96.492430 
5 401 475 1031 2869 2983 -70.691576 35.867382 21.592215 37.486075 66.289271 
3 1721 1750 2572 -65.718405 -20.334155 -54.592482 
2 1463 2753 -71.799797 39.727426 
4 22 588 2380 3711 -96.414103 97.713406 0.953022 96.113086 
6 455 710 2307 2763 2861 3756 46.430456 64.284458 -70.857468 -74.071375 23.332040 16.997434 
3 422 505 3042 33.265844 43.625612 -16.611029 
6 260 342 822 1958 3195 3211 92.781123 -78.950086 -94.952732 97.921629 -89.435569 0.444989 
4 837 914 1725 2158 73.073308 50.533449 -30.258096 -13.106976 
2 1286 1498 -43.310960 99.544301 
5 109 1060 2336 2649 3044 -53.773041 28.996394 50.508804 -99.113878 -10.303280 
2 2709 3027 -72.462143 98.706435 
1 959 19.078530 
2 452 1326 -38.808073 -94.908138 
4 194 515 1922 1938 -7.674670 7.490219 -1.718628 -63.448532 
3 3269 3406 3994 -77.863390 -94.422518 -38.241079 
2 937 1301 -70.994933 -88.447890 
5 265 451 869 2990 3219 -90.792064 -33.033239 -89.613443 15.151419 -44.174397 
2 605 3965 96.158468 -59.323820 
5 685 1897 2912 3212 3412 46.566013 30.467406 -71.601643 15.131691 -82.119949 
3 773 881 1971 -93.719607 45.324791 -55.423147 
3 1532 1572 2705 76.782212 -71.379631 -45.666947 
2 70 3302 30.071777 -71.756372 
3 1204 1567 2244 76.042951 -3.352681 99.065037 
5 351 587 911 1351 3552 -14.970780 -69.813712 -35.644353 61.595778 -98.323525 
2 1238 1292 72.668180 -34.722435 
1 2406 97.947765 
5 572 1693 1860 3171 3747 24.030532 -33.945836 0.461736 -19.580258 46.125891 
1 3917 -23.515615 
5 616 2011 2303 2495 3600 -57.460264 51.718588 -6.129274 -65.443992 -13.290051 
3 167 704 2892 38.658784 75.784293 -45.735106 
5 687 1848 1987 2266 3086 -77.161104 -12.333774 85.523428 -28.836409 -93.212954 
3 1704 1992 3981 -66.130177 16.167725 -39.038895 
5 189 1136 1280 1731 2715 88.780256 -5.142029 86.793053 -90.706934 -80.136932 
2 614 2355 -97.375734 -1.896445 
1 3413 39.115931 
5 1313 1559 1569 1943 3199 8.412532 4.379972 13.895257 -33.937119 -37.236378 
5 505 974 1176 1727 2216 70.407305 -30.647876 -65.251415 -71.798076 -67.721793 
1 1407 23.480640 
9 219 380 574 870 2897 3194 3580 3588 3736 -47.971835 25.126112 -46.722001 -62.203488 15.119620 -48.744211 42.863426 -96.052863 -92.536449 
7 239 902 1182 2930 3334 3547 3618 98.935333 -47.407403 -93.567672 -53.369194 84.684635 -80.220368 -18.904290 
4 443 732 2594 3206 79.521930 -95.304535 -35.797041 86.590345 
4 142 941 1522 2379 -35.386785 23.960393 23.465495 24.342903 
5 698 1526 1599 2379 2459 27.600726 9.672159 -93.182057 -62.948466 52.929195 
8 175 231 1104 2111 2626 2762 3266 3964 -31.953209 54.638133 -73.316198 48.623807 15.435097 -70.611830 3.231431 -71.731122 
5 3 248 2658 2962 3620 -1.098776 -65.870524 9.681353 -77.150504 -89.524179 
9 159 288 448 1082 1224 1319 2051 2121 2251 -20.793627 -90.200097 19.432631 86.994050 -53.067417 -64.783570 -0.116728 68.165088 -23.466006 
2 594 817 -35.263761 97.822077 
2 243 3571 -47.686941 -30.131914 
9 335 1117 1595 2206 2519 2961 3115 3317 3348 -57.208479 -35.259557 83.527927 68.964213 -43.550022 -65.897003 -44.698225 -0.948277 34.394661 
5 1025 1890 2328 2561 2981 -3.704840 -38.608501 -57.676224 -15.463323 -22.215698 
3 1969 2128 3266 42.009679 -88.828504 99.824959 
5 85 883 937 2769 3612 -16.022115 92.896249 61.977016 -3.747927 74.182215 
3 1091 1823 2202 -71.319609 4.690643 4.503528 
3 2654 3356 3791 97.753253 -62.513899 -82.279318 
2 395 3500 -37.438149 -97.095135 
2 1487 2908 71.781639 -72.048049 
8 715 1118 2315 2700 2781 3535 3537 3961 -72.752323 50.819431 79.043883 24.479408 99.435910 90.191812 -65.119859 48.853174 
2 47 1786 -52.487084 -82.229210 
1 953 -43.061775 
3 1049 2108 3032 -22.077667 -60.081029 6.434092 
1 1603 22.868679 
5 1138 2211 3490 3627 3703 -55.196298 32.749446 -20.136549 -82.901808 60.859613 
3 2387 2672 3286 -76.578686 4.907973 69.994160 
10 1043 1225 1478 1524 1591 1830 1907 2067 3038 3959 49.771927 66.339816 -40.110165 -82.725145 -31.078451 -81.187557 67.158243 -62.814043 43.651448 -69.364096 
8 110 491 852 979 1002 1314 2842 3545 19.705741 -67.197490 -4.768241 97.144696 25.216747 45.529785 -15.284077 65.426366 
4 901 1072 2691 3227 -81.418274 15.391640 -75.376513 -95.879036 
8 31 469 618 1287 1355 1368 2082 2760 60.906145 -61.749965 79.176896 -73.329378 71.402772 -53.419626 -37.593385 78.108807 
5 855 2563 3009 3470 3701 -43.349143 20.760630 -44.823444 -7.648659 -52.693378 
5 128 945 1537 1857 3229 14.928465 25.235237 58.529213 -89.434385 56.069822 
3 1875 2420 2538 -27.129834 93.070739 -71.068147 
4 135 673 2372 3095 -27.480715 -21.530850 37.343911 13.641201 
3 34 1495 1940 3.210119 59.937791 74.553289 
9 50 60 384 831 1021 1776 2713 3630 3798 -31.367068 -43.006685 -62.409259 58.223782 15.394892 -40.339561 37.330854 -38.609408 47.299700 
2 2168 2227 -85.947671 -58.052828 
5 143 363 2174 3881 3955 16.560216 -32.037554 76.872096 70.715327 21.299545 
4 230 679 882 3040 34.745067 56.397811 -66.044652 59.459171 
5 1501 1735 1763 3551 3712 -26.277519 -48.107731 -47.382413 -27.602301 -21.110322 
2 1811 2630 -12.102930 23.966847 
3 358 3262 3654 -86.206201 59.768858 84.248570 
4 1335 1464 1733 3959 9.436895 -81.415775 7.625961 -76.199465 
5 147 1450 1744 2102 2468 -41.130472 41.378725 22.086491 79.954048 99.104940 
3 605 2087 2449 -76.472129 -55.573413 39.662598 
2 630 2442 -23.199840 2.618553 
2 1068 1618 -93.021327 -49.144823 
4 1153 2787 3604 3849 -35.400798 -61.154070 -52.975184 47.288399 
8 2128 2142 2383 2610 2698 2772 2961 3745 96.794791 -3.247084 37.575376 -74.049662 44.611785 -75.191974 -70.702589 42.804370 
7 137 588 874 1098 1741 2451 3690 -81.869717 -36.095311 -76.157403 -9.069204 -74.799677 -81.186112 -90.536437 
2 112 2488 6.081408 56.021999 
8 49 944 1220 1375 1623 2965 3156 3235 -99.244182 -95.665552 75.145366 1.451652 22.612202 -20.835015 -72.425787 97.750582 
4 48 1038 1197 3996 -89.745486 -57.886183 40.924138 -13.543924 
6 111 1015 1348 1796 3208 3826 -74.722680 62.273184 -35.748301 61.466519 -97.854753 63.014488 
5 1110 1607 1940 2241 3520 -66.413074 74.674788 60.872123 82.757849 25.603372 
7 800 1286 1591 2091 2250 3223 3419 80.409543 -7.250646 -55.861246 -17.143111 20.464954 -45.910269 -16.725402 
3 3056 3388 3700 -14.927086 -94.434593 -49.793630 
3 1211 3521 3620 -65.590080 -83.102109 -8.068496 
5 850 1746 2168 2322 3306 -0.236849 -55.403757 -39.056023 -88.208424 -89.404353 
3 1315 1831 2639 36.545132 -69.735803 32.794036 
4 757 1040 1295 1669 33.557179 -55.169926 -23.999489 -24.129262 
7 110 201 596 1400 2179 2870 3816 -82.766817 57.892180 -36.605395 35.917304 11.600985 66.581451 -25.533759 
5 1110 2235 2712 3077 3600 68.981509 75.459079 -13.677716 -73.853732 86.444776 
3 80 1747 3125 -79.239920 -60.340048 -57.622987 
4 103 1017 1435 3353 35.855604 21.721244 15.333698 -97.789776 
4 968 1269 2559 3511 -22.178447 48.041141 -53.436459 -29.009316 
4 45 1242 1546 2413 -33.243616 -8.033635 -95.627021 66.304686 
8 1645 1661 1673 1694 1816 2976 3259 3682 66.976590 9.571336 83.423456 48.373155 -61.781296 81.228323 -87.838397 46.844659 
3 109 1261 1889 -41.368899 57.337063 -87.598541 
3 536 888 3177 -25.022994 -55.446119 -5.266896 
1 2657 -46.421122 
4 1919 2835 3401 3853 8.611908 5.463953 -6.838364 55.340063 
3 720 2610 3772 -31.194537 -14.081184 11.491984 
0 
4 350 1544 2809 3119 24.477523 -62.898355 -34.297751 -86.575564 
5 1304 1908 2271 2371 3328 7.837304 -70.225648 -3.602379 -74.598355 32.069247 
5 428 1056 2308 3247 3772 69.716760 81.686381 80.997127 65.958929 -85.825040 
6 890 1449 1764 2618 2919 3177 54.107620 93.423181 25.702819 6.652126 -27.936504 88.062534 
3 1005 1169 1182 -2.958248 -74.302673 -29.704871 
4 515 1456 2152 2468 21.700666 -20.556577 -34.272385 79.807745 
5 1279 1441 2089 2142 3818 31.439017 85.733736 69.279896 85.667211 95.107529 
5 2120 2361 2684 3253 3768 99.605051 -27.708643 66.959112 34.482260 -58.242852 
4 809 813 1368 1700 87.804556 -34.725777 -89.969414 -98.506732 
2 2898 3790 -42.829039 -75.499776 
3 1454 2478 2740 -9.218422 -79.470450 69.242654 
5 844 1940 2401 2775 3797 39.437875 -20.115710 48.305704 -81.103840 -88.108350 
3 280 1250 2659 24.235207 5.871361 48.018413 
5 1146 1801 1924 2851 3735 -0.503488 -16.460948 -65.444554 48.600120 -72.228551 
2 892 2420 -53.347466 -67.935612 
2 2943 3346 54.114715 -47.954151 
3 1837 3277 3772 -42.711451 40.027961 -50.961887 
4 13 2448 2449 3082 45.325741 77.757130 65.981408 -96.361176 
8 173 577 1717 2043 2567 2642 2731 3835 48.430419 -37.542592 26.369215 15.036635 -65.898889 85.053539 -89.151343 39.391374 
1 3808 -67.813991 
6 954 1343 1348 1432 3049 3890 33.230850 -81.826260 89.283536 77.745893 -64.352065 -65.312794 
3 881 1415 2506 82.869040 50.898023 48.026835 
3 37 228 1049 -59.196598 10.578286 34.655580 
5 1025 1044 1306 2829 3177 23.339365 93.437632 -76.330557 -30.634185 -4.638456 
6 440 721 958 968 1793 2750 21.703148 -64.564469 -4.343839 2.701969 98.522467 -63.524487 
2 821 3826 24.157156 27.795605 
3 253 1596 3228 -38.037961 11.428074 -67.492050 
4 1495 2402 3460 3927 -35.851727 26.947918 58.620575 -43.586292 
5 935 1526 1637 2913 3280 -11.473851 98.674506 82.011727 -92.446666 -40.280490 
8 186 552 611 861 1120 2294 2334 3919 63.608303 -30.070736 -17.761275 51.436828 -61.416751 87.106179 -47.017427 3.391786 
3 96 1784 3995 -13.341755 84.091739 41.345530 
3 675 1473 3217 42.578762 26.918082 -0.383763 
2 3084 3527 -5.449799 -9.974006 
4 406 1735 2649 3754 40.056887 -45.927482 6.956796 28.083399 
5 21 972 1098 2252 3020 -40.922592 5.413204 -4.503185 58.198007 28.924333 
4 893 1451 2655 3719 93.883506 -23.789379 -99.496983 -71.753543 
3 2214 2973 3915 -57.162608 -60.304209 -19.849056 
1 3623 63.268433 
4 11 478 3635 3654 84.284146 57.367892 -91.577045 -32.095315 
2 171 1450 1.359749 -29.346851 
3 2489 3280 3432 34.584139 83.903317 36.197365 
4 26 603 718 782 1.112877 -13.014613 82.859607 27.113946 
4 1166 1890 2134 2800 23.198711 76.504868 -15.295981 93.684637 
3 633 1587 1965 -50.665357 -17.720304 83.527353 
2 805 3413 -49.291006 36.212632 
5 748 916 2963 3114 3862 -83.043619 -32.242147 -54.184958 -36.681847 -12.265674 
3 517 2812 3365 -42.293464 60.689165 1.004294 
2 1371 3802 70.549358 92.129693 
2 1154 1211 -34.720926 31.958072 
2 2302 3088 -23.272528 -94.554489 
3 989 1375 2854 11.769317 13.438050 45.192836 
0 
1 3306 28.038186 
3 954 966 2357 67.621843 -29.288198 -74.225660 
5 806 1434 2859 3082 3725 37.828499 -90.507660 -27.967117 75.274679 39.368241 
4 177 609 2325 3935 -86.521440 35.451369 -55.865985 64.581759 
5 993 1704 2076 2886 3910 -81.886244 59.057219 -9.865919 -10.532943 6.320006 
5 86 141 387 1505 3547 51.749065 -73.966490 -18.325901 18.653079 -98.666138 
4 1052 1924 2545 2761 -62.679700 -69.045239 -36.861342 10.651468 
6 834 1559 1764 1909 2216 3470 45.582701 50.738096 54.563170 -26.918875 26.227115 56.596815 
5 1908 1962 2051 2906 3201 80.423608 73.253645 31.764356 95.840625 -3.530796 
5 228 926 1188 1326 2457 -20.859397 -47.137249 -66.667119 -64.887965 83.353160 
4 1369 1495 2111 3087 38.748727 27.951175 -5.813842 93.659489 
1 1146 73.083570 
4 49 68 263 2889 24.713042 64.596388 15.517090 -46.579290 
5 423 1141 1167 3693 3824 -15.776665 11.424416 28.635669 -90.961651 -62.330237 
4 219 232 1353 1756 -53.656307 61.191261 -93.239504 79.158439 
4 582 1076 2745 3660 40.114367 93.692282 -24.568446 -55.917423 
8 730 1363 1485 2693 2830 3039 3402 3753 75.561132 -31.107280 -24.666678 67.973280 -67.731769 34.685648 13.621441 -59.976300 
4 1828 2897 3121 3163 95.533013 8.080900 31.865055 30.324383 
5 307 1448 1730 2469 2708 85.872374 85.222884 -43.044731 -40.570268 67.148026 
3 285 3174 3397 76.982774 62.430762 -48.731164 
2 1166 2113 34.142055 -16.892940 
4 171 1043 2880 3034 -9.213500 30.790496 -34.883085 -97.943461 
3 1870 3131 3482 -27.771421 58.085146 -79.406934 
4 3238 3335 3470 3750 -45.861681 54.627149 -48.884506 4.955379 
3 53 2168 3513 -99.716339 -41.093260 -89.136321 
4 821 1760 3354 3988 8.095630 -94.200569 74.814097 24.795967 
4 984 1021 1723 3617 -24.833696 -28.861875 -24.911036 -82.399692 
2 2331 3562 -75.175272 58.892900 
8 151 336 524 1947 2391 2877 2905 3054 8.773580 37.153527 -31.346414 -51.668071 -17.750194 53.785244 28.774487 81.203041 
3 1740 2590 3419 -45.885706 -35.868624 76.597740 
6 1117 1818 2623 3133 3200 3472 30.528066 -13.463321 70.786758 -79.059805 -43.572977 -98.265973 
7 281 483 562 696 1033 2578 2793 -84.676486 -87.516293 73.317016 -85.589426 -32.165919 -73.963222 50.344925 
2 1801 2310 -51.315960 -86.957411 
4 477 1562 3036 3411 66.411634 -66.061186 -81.078209 -54.780443 
6 1331 2469 2568 3273 3282 3782 61.601695 27.783646 -93.414702 -50.105607 83.266831 -24.521598 
5 153 441 555 2430 3733 -44.518145 50.605180 39.965436 99.576579 -80.963730 
1 3875 -45.959892 
7 1951 1991 3133 3618 3758 3789 3839 76.409584 19.453733 75.401596 75.651192 33.406916 -66.888405 -77.436112 
5 1380 1826 3727 3795 3967 14.232143 67.799832 -76.092660 -97.567009 -31.316206 
4 364 907 2248 2897 91.910706 -44.622240 -97.823915 -78.728174 
7 297 328 1171 1496 3196 3555 3834 -76.650207 40.915194 -78.702414 25.261231 12.354088 -67.924188 -14.036597 
2 1669 2228 93.215910 77.371674 
6 1213 1669 1888 2858 3382 3683 6.705638 6.777794 -28.205910 -60.460628 -80.977395 37.731063 
5 331 585 2648 2983 3356 -25.929038 -97.930977 -76.981819 81.601313 -62.073775 
5 75 1679 1977 2007 3556 45.939897 21.690517 -8.423866 -37.082235 -95.397983 
7 1655 1912 2459 3410 3716 3822 3846 -64.894820 93.390779 -37.697556 34.587610 -87.423139 67.081952 -86.119106 
6 947 1272 1855 1881 2487 3331 21.603666 91.386941 -60.197766 -31.475597 25.957035 -65.531547 
5 1834 2093 2469 2716 3141 -9.138463 -7.622157 -48.095360 -13.152040 2.137223 
7 370 652 1036 1216 1983 2835 3576 -35.839673 -93.799048 -64.805914 -49.837207 42.596173 -44.279692 -69.960429 
4 847 1092 2666 3660 86.762877 -56.084963 22.974044 32.402779 
4 483 671 3072 3750 -37.895922 -49.994555 22.248014 84.306789 
9 56 335 1007 1473 1948 2084 2830 3193 3416 31.249730 61.508386 3.356407 23.900356 47.206214 92.763583 -18.254926 11.867026 97.124943 
5 1706 2058 2942 3153 3879 38.029619 -96.994157 25.530586 -24.888215 -59.833408 
6 672 739 1063 1196 3148 3619 39.682261 -18.107203 56.016391 19.991568 96.611997 -54.092471 
3 73 3593 3965 51.403733 62.683482 61.225932 
4 197 1236 1916 2980 16.440848 13.921493 36.633059 17.465700 
3 331 1793 2025 -61.240652 53.406996 -72.385946 
4 101 179 587 2035 78.911956 49.696807 43.576696 85.757727 
4 1930 2350 3503 3870 9.846543 -76.814193 37.202980 38.356682 
0 
2 646 2578 60.173479 -29.090375 
4 33 627 1858 3423 33.908965 75.336503 69.137442 -83.553646 
1 3120 96.424466 
2 1709 2864 36.274181 -40.696335 
6 65 1128 1763 1885 2843 3826 16.529306 64.590128 -66.938284 61.521507 19.623369 26.691012 
2 588 720 -66.045784 -43.335392 
4 1274 1570 3349 3593 80.240418 56.380987 24.918994 42.509672 
10 38 809 1322 1662 1714 1830 2267 2374 2594 3323 -54.636523 89.167479 51.299531 -64.133891 -73.820641 -68.187084 -13.671989 24.156808 -50.821164 -96.284551 
2 1108 1117 41.585047 15.896433 
1 2512 -44.777270 
2 226 3357 -51.000735 -82.976198 
4 364 599 849 1533 -56.083804 65.867271 -76.828192 56.306166 
5 752 1596 2138 3101 3729 9.833444 -29.308358 26.592886 -54.551499 -17.219217 
4 281 2740 3362 3465 61.223779 84.245481 89.146736 50.183609 
5 101 1272 2151 2315 3742 -6.265014 42.896487 18.028314 -20.612560 -90.650377 
5 923 2688 2714 3591 3730 82.445683 -34.715068 -97.967695 -99.861260 57.514103 
5 906 1737 2664 3677 3994 -37.320684 -6.379109 1.211174 33.669947 -9.218137 
5 117 728 865 1280 3467 -79.855425 80.653837 -68.154767 24.973347 -47.047508 
7 832 1298 1443 1518 2600 2786 3656 0.146410 -94.534188 9.810891 2.250934 -97.530380 7.371108 7.516737 
3 399 808 1493 -92.119142 -93.026594 -89.162391 
3 1331 1531 1860 -80.447820 72.873226 70.216503 
2 67 1534 10.278619 -98.634879 
6 845 1077 1738 2184 3549 3664 79.434473 61.747516 89.180891 -98.446958 58.999868 26.652888 
1 155 -29.654637 
1 2157 9.263694 
3 2495 3073 3918 -82.203860 9.756876 37.667370 
3 298 493 2401 55.283697 -67.176782 -90.341792 
4 2626 3287 3304 3893 52.085624 -93.642053 -2.023423 39.599528 
2 405 1472 -37.452981 -58.323485 
3 379 842 2816 45.544516 86.241780 38.506365 
5 808 1197 2005 2048 3981 6.598292 -79.619129 -40.471464 35.441432 52.635070 
7 50 660 1798 2259 2317 2485 3621 95.266520 3.370558 44.291125 20.550666 -51.381115 -41.666311 63.320364 
6 1039 2247 3004 3171 3365 3614 13.001351 -85.456815 -16.469275 54.092344 24.083974 -79.202342 
5 293 1884 2400 2519 3487 78.776293 -30.382305 -43.517169 17.068805 -87.686612 
2 3271 3454 8.760674 -37.715052 
6 1216 2564 3044 3083 3392 3873 -42.728893 -12.477193 -6.722478 90.420931 -82.589064 56.156271 
4 1867 2747 2800 2994 95.899339 34.101923 30.455090 99.092608 
3 2029 2496 3028 -38.274742 76.807937 31.068499 
6 1 177 927 1655 1920 3483 48.317245 -30.485647 -19.080446 43.061226 -76.718743 89.552277 
7 333 413 717 1047 1475 2594 2786 -85.260281 -10.115854 -94.722494 29.482742 11.772839 2.252755 13.572907 
3 2855 3084 3299 27.545320 -20.514187 57.923842 
3 1174 3315 3485 -9.548755 -43.946171 -31.022914 
3 407 1840 3672 36.931088 89.643087 79.625727 
7 739 1071 1599 2388 3181 3655 3853 25.063363 -97.318572 -19.950739 96.046514 86.227547 -23.014510 -89.764923 
3 1461 1780 3678 -40.429413 -65.038864 78.146094 
2 1259 2723 -31.560989 79.109420 
3 869 2224 2950 -92.073456 29.183316 14.794121 
1 2819 78.728175 
2 737 3956 -68.426163 -38.016537 
6 41 526 1314 1830 3037 3608 -88.111286 87.862338 -5.997402 76.501623 -4.716191 38.584181 
5 677 1469 1730 2410 3700 5.766636 -55.375105 7.335083 51.201719 -60.069223 
6 33 424 807 1547 2791 3803 91.549179 87.918784 81.833353 44.674504 6.284444 77.318353 
4 391 2145 2521 2626 17.701856 -15.306948 -41.066848 55.157991 
4 2288 2682 3236 3294 75.351336 -70.722580 23.723549 45.275506 
4 16 189 1989 2774 99.433246 69.706694 -38.162129 -94.853031 
2 507 1715 -10.961757 -97.724100 
5 505 794 874 2142 3963 -55.563234 60.820942 74.553763 15.062283 19.524094 
5 123 493 701 1456 3021 -9.193678 -47.381882 49.350330 -46.014157 -98.355758 
5 595 1545 1671 2888 3075 -23.369832 98.401149 -26.256701 -94.266620 21.239094 
4 1313 1740 2788 2908 25.671584 -47.212151 -83.580606 -68.551003 
3 1438 2876 2964 65.467877 12.394271 -56.239527 
3 1177 2549 2817 58.553840 81.017816 40.839897 
2 1767 1993 -54.890105 -84.871175 
2 2300 2740 23.975348 -41.174854 
5 2058 2355 2476 2561 2887 -2.746994 12.460089 77.798504 66.820830 -19.174952 
4 249 1286 2440 2905 -71.113824 35.251547 -24.626766 -4.697417 
5 507 1090 2101 2794 3824 28.523509 72.014263 -60.946874 -4.194485 55.547141 
2 1213 2686 -52.180987 -65.682769 
2 229 2421 -35.855011 -9.138197 
5 201 1099 1649 2815 3167 -73.977957 43.845333 48.259923 42.282579 48.836201 
3 1016 2123 2833 -15.651334 -5.900047 -19.851153 
5 390 1570 2244 3496 3577 97.189830 5.114230 -15.187288 32.913629 -39.139502 
4 953 2608 3118 3623 -12.396919 -50.430711 -16.915874 65.444993 
2 2095 3286 57.668433 -39.544660 
4 1563 2480 2550 3830 56.873427 1.624713 56.106442 -25.911845 
6 21 806 2904 2950 3155 3512 -77.247288 -75.796457 -47.974054 -98.302500 -28.825875 29.422226 
5 802 814 2133 2900 3256 -83.096357 43.647438 -68.180075 99.688078 -12.882246 
0 
4 66 1213 1538 3755 13.459744 0.959121 -61.018603 -58.868578 
4 272 2285 2427 3045 -32.440458 50.892858 40.628668 -75.011784 
2 541 2359 -13.672337 13.618343 
1 1746 52.695800 
5 539 1998 2051 2543 3159 -77.665150 70.474808 18.745732 -90.757428 -97.934271 
3 203 2716 3161 14.901797 -42.683954 46.865785 
8 177 219 1212 1640 2384 2387 2777 3837 -52.390918 98.802455 87.335432 -80.222025 89.764457 -86.796634 -71.267261 12.906672 
1 621 17.285197 
7 327 1233 1646 2836 3429 3458 3798 4.702036 4.772760 -79.089216 -51.671849 -37.461793 -17.570714 92.202703 
1 2586 -53.389738 
6 1093 1200 1974 2445 2714 2917 85.063121 84.466252 -89.471781 91.811390 -26.197270 -3.602866 
4 1447 1958 2982 3858 -84.599181 -79.712486 83.253656 -20.938834 
6 316 2488 3000 3016 3761 3805 56.669260 -30.160624 45.264517 69.168521 20.666741 -80.069862 
4 682 806 868 2356 20.092460 7.049422 -83.520690 -71.321809 
8 453 1306 2194 2465 2777 2920 3579 3737 -64.572769 72.518427 -99.951769 -44.362671 -19.739091 -98.817737 -45.898611 -0.186502 
3 2594 3213 3995 81.753239 75.065540 65.161398 
4 167 332 1361 1448 -71.750818 -80.843404 21.961299 -73.660786 
7 194 436 525 571 1385 1412 2489 -40.285282 -5.298887 -57.332443 -65.663992 -60.355963 -8.200288 -48.048098 
0 
2 935 3419 -41.634742 -12.553097 
5 875 2167 2873 3343 3726 98.139338 -41.048609 67.554025 20.138901 18.051327 
3 362 2320 3457 -82.111226 9.389689 56.172045 
2 1771 1802 42.523991 27.848515 
5 697 1661 1989 2130 2664 61.578678 -11.827557 93.204368 -79.610661 90.390796 
5 346 1019 1776 2399 3658 -25.822942 67.378701 -27.028717 58.858537 -20.963235 
5 86 2794 3119 3576 3810 -2.421580 -72.106346 -5.573618 -66.782450 70.540449 
3 0 45 1313 -35.041551 51.957079 -22.992013 
3 599 3001 3403 -84.532123 55.218013 9.593421 
2 1851 2574 -75.502307 34.134905 
2 870 3173 71.180243 -87.957736 
4 56 917 2859 3239 -54.899431 0.609156 13.087088 72.516103 
3 618 3237 3542 -51.533942 -84.902595 0.989029 
3 2449 3258 3620 10.880050 79.073467 -96.320481 
5 1197 1553 2223 3100 3537 -63.199744 10.019503 -45.261074 -52.436847 89.949801 
3 223 1247 3737 29.417459 -96.605667 -33.089561 
7 13 910 916 995 1177 1263 2277 -47.624843 28.107047 -36.091121 14.615298 8.191908 -90.430003 -7.182563 
4 69 201 1443 2127 86.612345 -12.005551 25.446846 40.509606 
4 1245 2555 2819 2896 15.083534 -49.405451 33.767073 8.155634 
2 1199 2990 -18.917353 -69.939055 
3 165 1101 3454 -88.670314 -0.571078 5.769906 
5 1286 1540 1589 2043 3838 -20.553974 79.886480 -10.391434 -5.137302 9.586314 
5 1567 1751 2094 2804 3447 -41.061414 -43.263303 -12.298091 52.203179 -72.677812 
4 650 2674 3242 3813 -26.278047 -77.576612 56.107989 4.388708 
2 547 1313 -55.831416 3.160180 
7 208 1788 1966 2976 3747 3957 3999 96.524819 11.856392 58.158929 -78.330658 38.437362 -66.374576 50.043414 
3 1241 2256 2503 94.217410 -40.984181 17.710852 
4 208 741 866 1259 -89.296681 -10.920254 28.181609 75.581489 
1 1876 61.806984 
8 411 585 1406 1788 3013 3488 3789 3803 53.155373 30.409540 25.538387 28.230700 -67.648118 66.224962 -32.102181 4.422243 
2 175 598 -11.167794 -80.464960 
5 516 709 1125 2670 2921 61.001541 -99.672266 -62.155632 -97.151328 37.046998 
3 415 662 2531 -2.898477 66.022753 6.006400 
5 231 745 2976 3057 3431 93.471973 -58.194453 -50.257367 -80.686541 32.280525 
5 976 1091 1109 2176 2505 17.653825 -83.683671 -12.389746 -38.326371 92.112894 
6 641 791 838 1874 2226 2840 26.875482 -0.607922 15.022267 88.485289 13.641067 29.337368 
6 90 312 834 1091 1364 3163 -37.350564 -0.469826 45.987767 48.984120 -26.353954 -69.839070 
7 1170 1356 1376 1744 1777 3070 3076 87.377499 -71.249677 -50.375921 -1.049015 21.101544 -31.776126 -21.846775 
4 2380 2773 2920 3232 43.567993 26.536529 -37.215336 -83.434976 
4 1138 1623 2619 2620 58.000015 10.632109 61.498908 3.967392 
2 2961 3258 5.214477 81.398352 
7 398 457 1530 1665 1940 2878 3593 51.311522 -50.299145 77.294135 -73.024906 -51.585453 25.101199 14.292119 
0 
2 488 3573 -71.846051 16.963094 
5 562 575 1747 2407 2811 97.135126 -25.411507 14.616127 71.373459 64.202888 
5 272 1254 2186 2589 2689 -39.553693 -27.017948 -80.938025 -45.346654 -80.572648 
5 24 1288 1617 2082 2420 23.924736 -52.027084 -34.303337 -75.237738 -33.963143 
3 739 1133 2827 71.061568 -5.744440 -18.717285 
1 3710 -11.359900 
3 1863 2773 3138 -33.858758 76.685865 18.684832 
6 983 1721 1943 2431 2442 2657 19.604725 -0.468955 -75.591529 52.539643 -30.588425 22.518335 
2 1968 2087 -46.131850 87.332228 
3 763 2524 3308 34.639828 -42.451518 -39.397711 
3 1300 2847 3570 34.818798 -56.997224 15.511125 
8 556 1047 1643 2299 2568 3311 3674 3957 23.075699 14.572518 47.988636 -65.793450 78.267530 -39.108230 -22.396926 -92.969578 
3 556 2663 2799 2.044716 28.857156 24.708920 
4 853 1720 3373 3729 35.567025 -86.327121 56.243455 -23.787738 
3 866 1945 2274 21.029488 -43.162133 -57.864189 
4 169 639 3524 3872 34.874400 27.480512 26.764015 -67.917603 
1 3337 -51.491871 
4 406 2223 3647 3890 75.308314 -88.724462 86.840781 48.803352 
5 124 529 2544 2991 3993 43.664116 -76.967004 -21.778879 -43.181137 97.301878 
3 956 3543 3617 -21.009479 -46.371064 -11.710204 
5 183 1755 1759 1951 3035 32.420037 -3.050450 -99.407554 -10.166348 -84.247408 
5 1414 2062 2758 3782 3869 48.448157 99.539050 5.874003 -39.987971 -63.684157 
1 3954 56.238012 
3 526 2009 2846 87.698044 -87.236270 -45.827334 
3 1540 1827 3699 67.619075 69.426449 -10.178709 
7 52 474 606 1076 1810 2311 3905 -81.227376 81.797175 -89.421292 -6.465519 -44.492810 -31.039137 8.865554 
7 787 861 1024 1507 1927 2509 2952 -97.575305 -91.620016 -51.302125 -44.922645 -52.334750 8.133709 -38.579397 
9 148 403 606 1225 1842 2043 3426 3546 3981 -70.278249 -93.201817 -96.504352 -83.406563 -85.200021 -0.384524 -18.499133 -64.342533 87.889570 
4 2035 2194 2552 3090 94.216681 -90.352428 -33.017008 -40.962101 
2 2823 3345 42.552978 35.663033 
0 
2 1806 2904 99.678411 25.040565 
4 266 863 2067 2201 -95.970877 -48.971449 -38.105934 -51.068731 
3 655 1817 2211 3.679150 62.278796 40.986668 
3 386 1158 2071 -96.401086 -79.697795 -67.873993 
3 710 2381 3088 52.522145 -49.006704 -71.080973 
3 2463 2575 3880 -1.015525 68.881462 10.320743 
2 546 2629 34.050554 -47.236456 
4 801 2064 2500 3293 -73.329673 17.934785 -37.562650 38.958763 
5 1154 2005 2014 2852 3191 -20.405333 -7.263019 14.534532 39.159844 85.973143 
1 3029 49.727240 
4 619 685 1326 2811 -31.049926 81.742782 18.374394 52.683086 
2 598 3288 -26.976494 28.710849 
3 1537 3308 3411 60.937551 54.481575 -58.819738 
4 2253 2612 3464 3797 -5.758166 52.381482 76.791599 89.188597 
5 1176 1842 2114 2705 3410 38.978131 -80.732002 39.652956 -26.340993 -99.129739 
3 1675 2608 3584 -33.780315 -91.676141 31.559850 
5 1455 3002 3030 3169 3219 -66.837030 92.698476 15.027565 -90.399839 45.861205 
4 436 1609 1625 2481 73.816677 79.177169 -30.549254 -91.354535 
2 486 846 41.531252 -90.429063 
3 262 460 1363 5.600323 -22.281077 28.492796 
5 254 941 1248 2428 3875 -39.256221 -68.611784 -9.944317 -31.010106 22.281263 
4 1126 1243 1698 2531 58.965571 80.527477 66.833706 43.990040 
2 187 543 56.925214 -54.881330 
4 1523 2231 2876 3602 -83.875582 71.619910 23.065198 -82.407662 
5 124 1566 1939 2714 3512 -38.056161 -25.548464 -91.576641 -20.122550 69.930349 
0 
6 343 684 2719 2881 3190 3276 2.675685 -0.752137 22.937532 -38.216240 64.226370 -17.288562 
4 767 2175 2751 3597 -5.419475 -37.722203 12.443131 93.407243 
5 1404 1477 3167 3405 3783 41.419274 -9.179197 -30.470991 62.444902 -30.627302 
3 2775 2932 3642 92.407458 9.527027 -3.790811 
6 519 800 1469 1915 2417 2455 -81.914391 42.098751 84.003912 -24.997213 -56.372742 -76.630107 
5 248 1140 1534 2011 3916 -17.570823 27.021004 -95.477902 -70.977536 -41.858898 
3 2277 2647 3898 79.585487 -85.141303 -88.992149 
8 151 255 863 1864 2091 2213 2831 3824 -22.667462 63.254007 -68.705039 35.848454 -64.525672 57.258014 86.142607 -77.861758 
5 918 1049 3812 3851 3958 52.349961 -61.406978 -68.579949 -39.911583 1.137620 
2 3394 3838 -19.735150 32.897206 
5 681 1836 1991 2009 3381 73.898583 47.693451 -27.119072 -3.690644 13.436559 
6 95 132 424 1542 2181 2788 35.608718 -62.602587 87.820569 66.212128 -51.165839 56.225641 
6 886 927 1966 2266 2704 3286 5.305764 -17.303362 -63.643704 -12.320947 35.345030 3.285399 
4 611 1985 2782 3166 54.631987 72.829610 29.156146 -75.996317 
5 375 859 2004 2555 3478 -40.799834 -61.887381 50.813580 39.829315 70.107645 
1 3862 2.559126 
10 190 309 1033 1586 1696 2301 2489 3330 3571 3579 64.440233 17.410901 -32.488002 -87.327677 -10.103796 -85.372566 -56.669923 -10.949087 4.132872 -8.982181 
5 133 1860 1914 2588 3189 8.800137 -11.350222 -40.070584 -60.438416 -59.647918 
3 1932 2247 2703 93.220257 21.125317 88.550499 
7 133 862 1930 2070 3225 3424 3661 87.909816 15.741455 49.355893 36.677852 70.155187 26.493772 77.773686 
3 1181 2440 3029 -22.522260 63.483290 -83.173316 
5 2127 2327 2396 3395 3563 63.258217 -14.198451 34.369527 61.758963 -41.210487 
6 1253 1325 2313 2565 2611 3306 64.055184 49.339622 -3.469972 3.517972 20.247737 86.646759 
5 444 1303 1495 2109 3774 -52.579907 5.809844 -37.784090 -45.741767 -51.788802 
2 566 2721 28.965657 89.974363 
5 659 1844 1934 2014 3736 84.845100 -90.136069 54.698151 -30.035624 25.698917 
5 1393 2272 3141 3532 3736 -16.026114 -89.542377 -74.721146 -43.789454 27.835089 
5 317 420 422 1130 3339 55.005017 83.024592 -84.708159 -2.954766 -51.721570 
5 540 1940 2161 2921 3150 70.572872 9.369089 -65.231444 29.731140 61.205131 
3 429 3641 3765 29.383700 32.991562 93.876848 
0 
4 1652 2072 2097 2590 -76.023268 4.504402 36.992397 74.166306 
4 870 1723 3118 3201 13.617911 -57.752126 -31.478789 -43.455210 
3 2455 2860 3653 61.547006 -11.731750 -73.311595 
2 413 2492 61.640400 92.222917 
5 734 1035 1161 2877 3178 -73.686197 68.523869 -11.226282 -63.069265 23.892605 
5 587 2281 2418 3142 3783 -18.142079 32.341897 -82.456967 6.889673 -11.749703 
6 136 836 1223 1436 2889 3604 -64.877780 -44.754544 20.611243 61.228211 -87.366376 28.910918 
6 15 954 1895 2244 2708 3900 21.204682 12.043267 -43.907665 -88.877379 23.709695 55.443234 
3 1021 1098 2555 76.946628 43.326547 -78.280590 
7 401 1205 2072 2613 2818 3710 3769 -61.205960 -66.657429 -99.931387 -69.831608 -37.697888 98.922904 -44.757075 
3 4 430 1671 82.303968 -98.372213 -53.841745 
2 317 578 -78.074357 -98.884165 
0 
4 1224 2223 2756 3063 -19.433940 73.603672 -6.586666 -42.178514 
4 2893 3012 3361 3534 -13.697424 50.032126 -32.311018 -65.923879 
1 2052 90.080710 
6 256 1806 2346 2388 3617 3655 19.085564 -64.898062 54.110454 -98.170260 -69.925276 -2.965911 
2 2330 3621 75.806711 15.240164 
2 155 3537 9.786698 86.650843 
7 1434 1949 2265 3346 3500 3765 3971 -24.754719 98.147026 -1.073864 -66.838252 -77.807678 95.633244 76.297907 
5 1511 1887 1979 2200 3340 73.688812 81.881453 81.328849 -11.486789 41.022322 
5 2448 2564 2565 3212 3232 -19.945037 -66.398447 -67.908825 -71.928593 -79.784618 
6 354 1630 1648 2650 3475 3590 57.797098 -78.949997 88.698901 61.019638 11.990457 -14.920232 
4 2136 2797 3586 3874 26.519024 10.888164 77.461612 54.334343 
6 608 1118 1582 1835 2748 3878 49.134370 -23.399788 93.331819 -45.910917 9.631138 -44.695587 
3 1465 3857 3926 26.586494 -46.144238 7.886362 
2 1242 3924 -29.533332 -43.737966 
5 104 556 978 1082 2752 40.036519 69.052029 85.858688 86.496977 30.771167 
6 8 439 1638 2903 3053 3437 39.572198 -78.791871 65.655739 53.538874 -87.381829 -72.856480 
3 1417 1565 2503 0.018094 68.487260 78.841200 
2 2766 2870 99.628389 -54.524183 
2 574 1640 -49.573864 -57.825370 
3 2176 2845 3120 10.532113 88.473874 -50.162253 
7 16 419 450 957 1581 2730 3945 40.682645 -3.190237 -7.556645 -96.337759 -20.460715 84.553671 97.722741 
5 673 1624 3168 3171 3180 -67.156625 -80.163039 -64.574885 -41.439438 16.592575 
8 1428 1719 1938 2361 3020 3822 3827 3955 -92.054559 44.620459 -42.735076 11.812052 7.515490 53.989932 73.673362 -54.609347 
1 2759 1.041205 
1 3986 -79.630263 
4 137 668 1085 2350 -49.844899 41.734395 59.266312 18.348601 
4 1159 1814 2051 2693 -91.033699 31.061782 -7.779522 -42.848738 
6 55 521 1682 2132 2600 3819 62.165083 -74.816326 -48.926425 -34.704907 -17.474885 -5.547959 
7 66 577 708 2341 3196 3233 3420 -46.515871 -88.807438 15.026569 -62.337844 -11.247233 -7.621037 85.044386 
1 2338 -9.914039 
2 3068 3737 -64.204391 -70.238320 
3 40 1021 2864 71.896268 22.464925 12.089298 
5 225 502 2860 2936 3686 45.693460 71.498753 4.574701 -40.327509 26.079657 
1 1309 -78.979103 
2 2910 3268 -91.692225 27.064752 
4 535 1864 2910 3373 18.362520 -73.424507 24.000731 44.778985 
6 182 528 1125 1863 2878 3475 -10.331287 17.972866 49.936996 45.203129 -19.467843 72.337921 
4 168 2665 3055 3894 -95.061835 -84.194792 -17.569922 -10.408297 
3 2441 3205 3920 -24.360699 -62.836667 -87.970552 
5 416 1561 1582 2359 3028 60.409571 10.725111 -53.435719 25.717495 12.799271 
1 1371 69.413627 
5 314 1812 2751 3282 3515 -23.368809 57.575344 87.548916 86.788846 76.515577 
7 879 980 1115 1997 3547 3898 3947 7.419208 21.220242 14.194845 -8.060831 38.647934 -96.148740 91.532831 
3 688 2066 3617 35.019444 -31.514455 38.931738 
6 266 2149 2502 2637 3194 3843 -2.901105 25.791712 91.433318 69.422645 -56.659609 82.904961 
3 1157 2362 3526 -82.583285 -40.762261 -38.754713 
7 315 1121 1180 2071 2136 3228 3307 39.783913 -15.101434 -63.877304 76.518863 59.635669 72.763167 -33.474344 
5 149 995 1276 2282 2973 -72.916056 -66.064490 73.113364 7.308745 -61.297075 
6 518 2604 3277 3553 3621 3653 -42.920562 88.170887 -35.811373 7.913837 -14.240011 -68.709523 
4 1037 3188 3589 3807 99.683278 -72.726959 -41.481770 99.273031 
3 774 3482 3580 55.413295 -28.843174 -44.400671 
3 642 1019 1036 29.214771 -57.230227 -42.603522 
6 95 1698 1882 1889 3714 3903 54.801382 -91.672681 33.407208 56.090167 41.327379 -20.204189 
4 766 873 1609 2101 -6.367164 2.011097 -76.418646 3.712791 
6 1269 1333 1548 1842 1871 1952 -87.484816 -47.391430 -49.523109 -70.770106 -77.626719 9.877510 
3 319 1731 2859 -63.559363 -0.635306 87.915260 
4 611 709 1074 2883 -22.729130 35.770540 20.919383 8.088250 
5 1115 1258 2047 2643 3664 34.950696 -43.461326 54.613204 53.998143 -16.646075 
1 2828 22.090428 
3 126 1737 3179 1.294969 48.349669 -87.919576 
2 2942 3790 -0.058729 77.290198 
4 626 1308 2559 3620 -59.063226 -51.469842 87.581294 48.121325 
7 381 535 1745 2178 2512 3324 3514 4.549655 -15.936603 -80.853565 -46.866258 -95.150284 -41.432481 8.982753 
0 
6 671 709 1521 2356 2605 2816 45.320957 28.160411 22.146013 29.679640 -93.867345 26.216139 
4 152 2800 3080 3476 69.858469 51.959396 89.412351 48.933003 
2 2160 2612 -91.935885 -91.168227 
7 42 1079 1535 1857 1966 2749 2889 29.464472 8.598180 36.422323 90.475891 59.406281 -44.360403 -40.486684 
5 3004 3080 3114 3604 3697 -27.676737 94.114315 -57.861575 12.387724 5.380170 
7 340 1102 1345 2494 3708 3821 3987 -86.641725 15.670044 28.324185 -24.381053 94.816414 -44.052218 1.723669 
5 132 153 729 2899 3193 -21.840195 -60.918218 93.164318 17.752081 -93.081674 
3 287 1030 1610 72.543736 13.198264 16.663990 
3 1381 1483 2474 -70.828348 93.158045 -16.256266 
1 127 57.578199 
9 318 1590 1610 1785 1864 2061 2380 3414 3483 42.500291 87.886281 54.178203 -38.961539 -35.948099 -22.419174 7.848261 -55.315922 81.857466 
5 212 368 1406 2076 3205 68.161999 -31.622782 95.436282 -11.584744 -36.650519 
5 589 729 1376 2108 3706 -55.742503 -28.680202 -18.533850 7.884628 64.157119 
5 481 870 926 2488 2565 82.235969 6.510237 20.821960 53.484495 -91.955645 
7 10 177 1603 2629 2654 3077 3953 -46.773793 44.767150 -52.334633 31.520503 80.468285 12.177333 2.662932 
5 214 1410 1941 2867 3268 -31.984544 -46.668565 -79.514793 69.396247 -23.174399 
6 872 1481 1717 1964 2484 3692 -92.285000 27.300352 -7.752213 41.309474 -67.027558 -71.703318 
1 31 44.826627 
3 336 1990 3333 97.931711 62.957113 53.887264 
2 470 1449 -32.061199 -79.529289 
8 383 949 1056 1931 1944 2645 2985 3025 -69.500143 43.291985 -68.967431 29.509665 72.041495 77.344392 -97.529418 29.773022 
6 928 1328 1903 2078 2862 3180 -0.811629 -30.773384 34.938769 68.871076 0.777059 89.279629 
4 1234 2121 2150 3951 -84.008907 -3.251086 -10.826508 51.943243 
3 1986 3498 3701 -74.555561 -57.954163 38.661269 
1 3962 -42.013237 
3 148 1007 2023 -7.968139 95.633151 -44.804440 
6 1085 2066 2354 2977 3243 3436 -56.985691 -36.250636 -59.984847 84.408853 -1.708547 -42.932913 
2 1264 1291 -79.067714 -55.308620 
2 797 1895 -96.498243 89.960839 
5 361 889 2082 2787 3789 69.628679 -62.710297 -74.172483 81.570622 -81.505103 
2 287 1959 -7.223025 -50.814933 
2 699 2887 39.099194 59.880259 
2 332 2209 -53.336026 -47.014080 
3 406 834 1173 58.058438 -41.596732 37.065953 
4 415 774 1960 3121 75.051825 -20.182721 -29.889924 39.811799 
3 1650 1945 3951 -78.929318 16.314925 56.661255 
2 2070 3500 48.999406 55.605180 
4 1311 1503 2938 3677 -77.771893 -45.528708 -99.009877 48.853437 
5 763 1207 2547 3182 3378 -62.647325 54.279225 -8.421838 -7.134207 22.845889 
8 616 1278 1853 1926 2262 2822 3244 3766 19.632408 2.746936 97.827488 -5.228894 97.026048 -84.985058 -63.131167 59.009699 
7 434 1464 2678 2985 3038 3242 3632 79.290115 -16.999382 -92.643843 -11.375654 -0.739243 92.911008 80.195978 
1 2255 78.453512 
3 630 2268 3151 8.099859 -92.308017 -74.899937 
5 89 831 2193 2414 3950 -60.094271 -47.783276 4.032606 11.738856 -47.913083 
3 1817 3026 3964 -70.570250 47.711205 88.006659 
2 565 2621 -17.889175 -31.606394 
4 375 993 2011 2324 -54.713900 -22.464674 -0.059900 -47.552990 
2 1442 2271 -79.267921 -32.947384 
6 1172 1516 2126 2237 3208 3251 -13.383701 -18.661913 -88.651173 -5.467108 -19.150864 37.191374 
4 232 2219 3101 3894 -0.362011 -72.445229 22.090025 39.479804 
6 830 1107 1178 1338 2531 2624 -88.499851 -74.866509 -11.026430 54.822082 -30.222043 -0.281979 
5 181 2456 2991 3764 3900 51.569883 63.845395 69.780540 10.780477 57.111434 
3 955 2954 3361 26.263619 -49.549670 6.242772 
3 2263 2766 3348 16.681175 53.256278 48.697596 
4 243 437 1858 2779 11.848263 80.801445 -93.317175 -96.567766 
6 482 1901 1989 2131 2527 2885 -11.266127 -37.516972 -1.350884 -88.598950 48.879897 11.217002 
3 1060 3729 3941 -88.050087 92.781482 -75.745767 
2 2959 3277 -83.450614 77.689307 
4 2143 2744 3315 3504 7.085641 35.401953 -32.108630 -90.236089 
7 1096 1182 1320 1853 2032 2749 3936 -31.729628 98.306743 -24.186821 92.226936 -89.905091 38.816489 78.038600 
7 1573 1679 1719 1807 2837 3593 3794 57.923239 91.982936 -1.985774 -50.708002 54.749888 2.119917 -46.283206 
7 40 1090 1578 2179 2451 2474 3247 -61.189965 -30.653406 36.370576 -86.909653 -15.199836 8.127974 -77.439627 
4 762 1773 2531 3284 -22.915515 -62.596218 17.593178 -20.538132 
7 170 671 1129 1583 1699 2592 3291 -43.430022 47.693761 29.286353 45.991608 -42.568048 71.833699 33.561967 
5 582 728 2892 3160 3481 -78.446795 -13.161935 70.650916 -2.553156 -32.088296 
5 277 1238 1986 2613 3099 60.429304 81.198705 49.710106 -50.112236 -47.405563 
5 1472 1711 2057 2301 2384 -52.081540 77.073930 60.728402 59.318300 -84.451806 
4 1117 1878 2133 3688 9.009497 -24.374619 80.006292 9.620864 
2 1022 1615 -25.658727 5.261878 
6 1492 1617 1771 2425 2615 3257 90.783841 -37.196573 45.152104 45.578892 41.122314 94.696523 
3 739 1819 3782 22.836963 -43.989809 11.087880 
5 455 831 1278 2127 2952 76.055553 -76.186603 -50.377564 82.858824 -25.954043 
6 1927 1989 2009 2105 2245 3397 -47.203259 17.331945 41.301323 7.540207 78.202173 -32.262270 
5 136 317 2306 2565 2567 87.230443 26.723835 -11.019576 75.581149 96.167698 
3 152 724 768 -66.202185 -34.520636 -40.196184 
3 1644 1704 2644 -46.055540 -17.478471 0.937422 
0 
5 811 1194 1557 3147 3467 47.560857 -83.408901 -51.783104 -60.489635 5.571917 
3 1536 2469 3645 -69.025125 17.227390 -0.326228 
6 765 1635 2196 3353 3511 3885 52.861914 98.519161 68.566269 -2.790408 84.087228 64.633192 
4 1471 1537 2993 3893 27.629175 43.746687 -28.558036 -22.889848 
4 402 2379 2697 3230 48.666684 -44.106997 -97.719824 -45.559059 
7 91 559 989 1158 1194 1636 3237 71.503466 -99.822914 -92.567638 54.201246 69.650868 -67.866507 -57.029010 
3 2192 2757 3812 45.365037 -99.192091 22.160042 
5 967 1122 1428 1627 2245 -50.508736 68.807874 -33.183747 -46.026178 -60.461149 
5 125 1732 1799 3558 3756 59.709962 -11.970898 -20.794369 -80.211836 12.154938 
6 707 909 3427 3599 3729 3823 -19.820514 -50.600514 -70.187232 47.326225 44.549648 -28.539219 
5 432 2165 2506 2683 3111 -91.415000 -69.474947 56.533786 -19.498477 -56.556787 
3 1515 1777 2605 -39.661242 -96.318562 58.184300 
3 561 2345 2784 32.713815 -22.033779 22.378713 
6 931 1453 2310 2817 3413 3965 -20.323297 64.534253 -81.361080 -57.936685 -22.431314 76.948477 
3 2869 3084 3155 66.558034 60.105009 86.643217 
3 742 2483 2962 33.673741 -68.618701 -64.498008 
3 1455 2859 3659 83.290736 -20.745159 32.347087 
2 2964 3889 28.542399 -35.709308 
6 10 776 948 1062 3653 3998 -21.324969 23.897108 1.980752 73.794030 -45.385958 -18.739643 
4 1528 2641 3211 3459 -84.951841 -17.144387 -14.744360 -77.631061 
1 1787 48.232642 
6 180 697 777 1657 3648 3995 -58.788998 -6.017995 30.900417 73.589564 8.143698 -16.009843 
5 184 322 1343 2597 3751 87.295049 -93.016868 -12.754509 68.403197 -82.008638 
6 300 1507 1993 2475 3241 3372 72.406295 -45.730102 -76.785238 70.931506 57.664577 2.253528 
4 221 529 1362 1894 90.915728 -38.013932 54.048877 -1.487143 
2 1288 2897 7.697380 -58.874394 
5 906 1285 2871 3840 3912 -31.644860 96.373486 44.525996 -28.030522 -12.501307 
2 2104 2294 -61.443271 -2.656716 
2 2777 3874 -39.861333 -88.273300 
6 2352 2669 2767 2926 3135 3665 -72.891318 21.034484 58.995186 -20.251328 -6.638538 82.433468 
3 266 2602 3562 -30.808211 14.981803 11.613516 
3 23 200 1214 -71.331239 69.273711 -14.080972 
5 836 1581 1929 2694 3643 75.320249 -41.487625 94.167130 -20.003585 -69.827173 
3 263 2103 3338 95.638441 -28.280218 -2.907713 
6 58 340 752 2914 2973 3022 -89.453281 -41.995735 13.165274 31.793859 67.861115 32.175460 
5 740 1564 2254 2885 3542 -15.082610 27.845910 25.320729 -42.332800 41.129406 
3 377 1848 2544 76.646777 28.422731 -12.720308 
6 863 1658 1761 3083 3108 3897 -58.629661 75.331505 78.604935 -11.913556 -32.671167 73.026255 
2 80 2461 -86.986211 -2.050651 
5 106 458 1232 1447 2171 -41.977442 -0.044290 -74.596403 -55.300552 -33.316008 
5 788 1003 1377 2912 3276 87.274564 -75.571856 12.362588 41.352562 -58.046084 
3 1841 2372 3219 -36.647464 96.446383 80.393725 
3 615 1974 3257 47.959453 6.170038 91.780410 
7 1858 1870 1946 2062 3197 3346 3710 -11.610101 -79.439517 -23.834148 -24.942356 73.043533 -31.458639 48.683536 
3 52 231 2260 -23.359393 -7.736277 -3.235823 
5 466 561 3708 3856 3877 87.173335 58.711869 82.356401 -31.692674 24.143700 
0 
2 94 2482 -52.565772 -56.599653 
7 13 1615 1716 2216 2444 2924 3858 -79.714283 65.120593 28.888234 95.128279 -21.907213 -60.942011 -30.829711 
6 682 1141 1294 1359 3278 3920 -56.168776 25.352871 25.371178 -1.121560 20.304497 -58.376772 
3 76 1448 3502 -52.067302 -33.277690 19.558991 
4 687 1031 2149 2912 33.630565 -75.149817 -32.324203 87.187728 
0 
3 3190 3455 3766 -44.276332 -7.554687 39.964685 
2 1592 3755 40.760718 -4.131521 
2 1716 2965 85.265292 -96.911695 
5 232 434 1325 1597 3120 36.474850 -94.258281 15.687820 35.866268 21.440893 
2 1811 3804 -26.969975 24.274089 
9 998 1082 1277 1524 1634 2125 2516 3105 3410 62.516110 65.283018 14.740053 90.107384 97.974745 3.630686 54.837030 -1.939869 91.867957 
3 702 1412 2183 -49.639563 -75.305445 -96.909873 
8 592 1221 1231 1579 1644 2714 2935 3809 92.664649 -34.326568 46.493989 -43.668056 63.068454 43.867225 -96.741946 20.351082 
1 3079 45.952427 
3 229 1356 1393 -59.016124 89.160280 19.174004 
9 254 1087 1157 1311 2012 2092 2118 2205 3229 50.537698 77.848740 -47.727070 -65.436463 -96.414858 -4.783786 -59.262543 31.681417 95.229295 
3 1051 2726 3091 64.360215 -22.892264 66.747240 
3 670 1219 1406 -19.643479 -66.660622 -67.145252 
7 342 807 1545 1700 3052 3160 3605 4.088913 -38.341442 80.406871 78.631482 -83.430611 81.769510 27.904452 
0 
5 83 1045 2417 3324 3572 32.648582 17.651436 17.079299 -14.709544 98.008545 
3 479 1923 2550 39.808467 29.037372 -87.117940 
5 572 801 1962 2403 2594 41.201233 80.117297 68.343196 -80.472042 -65.306983 
4 69 248 697 741 75.962538 95.422698 59.045684 -6.317872 
1 501 -28.323950 
4 1913 2317 2645 3938 40.730144 18.429381 -63.195267 72.532306 
4 766 1211 1459 3989 21.809937 30.225521 71.722390 -48.770773 
7 298 1873 1917 2393 2801 3150 3813 -75.716057 -47.373072 23.791448 80.389845 -24.860314 -99.615256 29.954999 
4 617 1179 2513 3797 -7.908717 45.765875 74.985372 99.038728 
1 1299 83.847861 
1 2881 -50.973018 
2 28 1362 -10.096820 -94.265404 
3 359 1174 3587 -71.401051 56.098556 -57.318116 
3 1129 1328 1948 53.615952 20.933615 5.565636 
3 181 842 1297 -24.244282 11.879829 -86.557563 
7 648 1265 1436 1663 1925 2557 3207 81.720869 -36.135585 93.787585 -43.365959 97.600345 52.540215 -45.678311 
1 1623 -85.586459 
2 2652 3637 -97.922614 -8.581701 
8 914 1211 1361 2004 2081 2129 2180 2483 97.532223 40.909340 -10.166456 2.974415 -77.673549 6.847363 -10.459289 -54.203252 
4 1729 2051 3735 3862 -87.495495 7.673198 -44.326396 -65.178432 
7 1252 1662 2034 2461 2937 3272 3787 -18.376932 30.115148 62.181350 -52.102090 72.799560 -72.495111 -42.069294 
4 1161 2215 2467 2872 -15.054739 -29.281809 -43.732327 -81.056458 
3 3447 3556 3809 38.890251 38.554788 25.471039 
1 3610 76.016769 
8 225 671 1645 2107 3097 3351 3469 3591 79.208193 15.996512 16.343965 1.345896 -48.007618 24.238711 -96.639337 -29.165420 
2 2519 2931 -49.276683 -86.807961 
3 231 617 1834 -84.495559 -91.034230 -8.261730 
5 24 930 949 1807 2230 -98.535574 31.680048 -98.833878 23.082391 -11.949254 
2 2362 2407 -85.602330 58.640378 
5 225 3055 3206 3632 3743 -29.261386 -39.885680 -58.058059 17.719254 -16.011228 
1 1841 -12.176904 
3 2607 3120 3796 -80.633032 56.203904 35.058927 
4 319 1398 2525 3519 7.021433 -14.367864 -78.577561 -68.408927 
3 310 780 2762 38.321156 -23.063397 33.795922 
1 1253 42.496751 
5 434 706 953 1363 2907 92.990943 45.298543 -43.909569 -95.794079 58.682342 
4 1181 1337 2375 2413 60.115757 37.569143 -48.400207 -64.291559 
5 692 2977 3493 3747 3906 90.239941 -7.841243 64.174784 82.212933 27.432086 
6 132 590 1358 1760 3466 3469 30.826138 -97.687545 46.042907 51.734541 -70.357085 -16.394570 
3 679 3442 3507 67.754817 -79.159701 -17.328538 
4 297 1727 1796 2158 62.149235 46.766222 79.726829 -85.689177 
6 1340 1376 1464 3644 3823 3894 26.474421 -62.350980 -56.769222 -1.147040 49.263459 -12.278954 
5 768 2248 2454 3230 3710 -5.688603 77.106018 42.242493 75.009181 -79.855338 
4 155 1098 1584 2862 44.952347 -85.751146 16.893498 -61.343100 
3 1479 1738 3105 48.312274 51.921670 95.951016 
1 1720 62.809410 
5 812 2489 3328 3647 3702 -36.164798 46.999999 17.504402 26.472322 -62.178413 
3 513 1815 2467 -7.978945 16.875003 98.855804 
3 1884 2060 3229 -27.205879 76.921933 61.937269 
8 1083 1427 1773 1939 2053 2189 2712 3759 -44.538896 -16.947184 36.159691 90.881285 -34.102227 26.697330 -54.627231 -60.647815 
6 562 1077 2344 2797 2894 3200 45.552647 -21.610410 -59.898532 67.710452 95.234564 -44.181650 
6 1540 2083 2796 3130 3209 3644 -82.367042 47.390294 -31.646919 -89.799498 -87.073568 73.827506 
6 455 2028 2210 3079 3111 3279 -20.217375 -67.381365 49.653701 9.369157 8.766658 -70.479521 
4 728 1115 2050 2511 22.520323 65.010912 -19.843264 26.349380 
3 1455 1521 2700 80.398973 -70.502261 16.451177 
2 135 792 -92.171505 -99.617641 
1 1742 76.988460 
2 832 2567 19.094978 92.244318 
8 497 1228 1556 2462 2820 3103 3378 3846 40.525149 -82.494814 -37.473644 62.487200 -45.752068 -29.056874 -87.550237 64.746091 
3 209 279 1976 5.655231 44.655134 -28.414996 
5 375 2316 3434 3679 3849 62.059451 -72.766838 65.869943 -18.185105 -10.936873 
2 1261 1625 7.487457 98.096699 
3 1809 3297 3767 49.664776 93.799975 -29.247767 
4 1341 2187 2487 3708 -69.776372 -50.926848 -55.708411 76.060279 
4 146 716 1374 3173 -73.892288 60.066564 22.249557 -31.018109 
7 359 439 1177 1450 1482 2962 3419 25.408438 -68.692494 -48.017120 44.339608 24.465905 -3.018055 80.807362 
3 744 1105 1961 -90.310169 69.874683 -28.276058 
5 208 374 1464 1670 3832 77.382605 2.906681 -14.740109 7.453902 23.305288 
1 2538 -45.932586 
1 2135 47.090840 
2 36 3395 -73.829018 69.752296 
3 2483 2735 3122 -14.386584 -88.342576 22.328586 
5 1244 1401 1543 2547 3529 -52.399393 66.628955 -91.593802 45.437552 21.199178 
3 766 780 3276 -39.310653 -74.337326 -42.406963 
3 3250 3679 3775 72.707068 75.594213 -46.423325 
5 1440 1705 1930 2773 3145 59.388949 -78.008728 -81.914963 78.948403 13.360997 
7 61 1383 1739 1846 2281 3704 3936 -21.471091 32.640032 90.632200 -84.683776 -97.646946 18.480605 98.036190 
4 245 1005 1209 3616 47.293616 15.684038 -77.502921 -94.000824 
3 275 568 1731 -62.128958 91.856975 -27.504991 
3 2738 3213 3462 -97.233767 34.075358 16.875264 
6 1351 1835 2330 2574 3570 3910 5.957085 91.300541 -4.578002 52.357480 -43.443056 -17.064427 
3 257 1725 3622 55.722683 -72.362831 -83.224003 
3 192 272 299 79.875652 -87.454311 -58.213720 
5 974 2054 2577 2989 3881 -8.213328 -59.404443 -39.771444 -95.728056 47.225863 
3 361 630 1210 -14.897426 -37.628916 -71.601925 
3 1367 3453 3925 -55.748679 -4.000265 13.070843 
2 2278 2775 -77.541536 -74.375635 
3 1698 3179 3485 -17.708832 -47.313601 -80.454792 
3 339 1678 2513 46.881924 57.038535 -0.018303 
6 1442 1650 2403 2966 3492 3957 -27.987844 8.327971 -30.603551 -36.055346 77.065822 -60.087349 
5 1184 1268 1778 3136 3468 -2.567256 -17.262454 -39.536856 59.700513 -24.632189 
4 1049 1204 2242 2259 -51.021990 22.726839 21.640367 -45.893399 
2 1877 3665 -16.892258 99.160600 
4 383 873 1181 2228 30.491656 -90.409285 -25.947377 -74.707478 
3 2323 3574 3621 28.115164 98.087125 -94.300964 
5 418 576 2251 2506 3954 -11.111767 26.757859 98.180121 -0.026843 -17.091587 
7 1237 1778 1961 2624 2818 3255 3813 94.183076 17.141369 4.758924 88.130929 54.480189 -0.577700 -80.934921 
4 90 415 562 1785 73.837688 61.837708 82.656219 76.300298 
8 1282 2126 2235 2301 2357 2385 2648 2960 -18.343768 -18.218192 -0.676367 67.275470 89.764468 -93.721158 49.444176 -99.641983 
3 9 1622 1848 59.661121 -0.036936 44.382539 
0 
4 1861 3176 3510 3855 -65.133556 -63.080922 -22.454293 83.788451 
3 1582 2047 2074 28.473788 -33.541750 85.412806 
3 2496 2968 3711 63.899851 96.149933 -50.157622 
4 1522 1633 2534 2940 -49.508904 28.328166 -96.968774 -91.823553 
3 131 1155 2551 35.168797 67.090484 -85.925562 
5 961 976 1322 2750 3416 -44.296979 -9.483776 -33.956204 -87.704525 -47.846788 
2 120 3949 42.589324 90.823845 
3 1871 2254 3561 10.447783 -90.452020 77.656293 
4 642 951 1834 2461 18.177810 -64.324178 95.767447 88.876262 
1 2964 -72.980039 
2 2147 3716 -22.909371 -62.656253 
3 456 1497 1730 37.526959 27.901047 56.591527 
4 306 2464 2546 3378 81.886774 -71.416037 -71.625113 -76.811577 
5 29 157 1023 2327 3321 -33.758123 -81.501051 -26.324657 -64.728067 80.761482 
2 1738 2138 -10.843284 -16.965159 
7 215 688 700 1142 2161 2242 3129 -30.390311 58.130352 6.717267 -37.980722 83.392855 5.139149 -68.488883 
4 877 1056 2206 2844 -95.966749 68.476723 -76.446709 -87.040609 
3 476 1297 3510 20.847436 54.752742 -88.408946 
3 1671 1795 2036 -81.283714 75.039841 20.723406 
4 488 764 1576 3360 -48.047198 85.751343 -90.391394 84.074002 
10 1013 1177 1460 1556 2323 2357 2675 2721 3537 3984 6.525058 -2.822445 73.146953 -19.935668 -89.557795 -67.745349 58.001558 82.135267 6.345386 -53.935646 
3 172 2770 3396 -32.299552 62.446043 -29.547754 
7 400 1174 1590 3204 3229 3694 3961 -53.760253 -93.549877 -59.831858 -81.185088 71.139630 -90.574512 -47.664077 
6 1078 1079 1717 1990 2341 2509 99.060518 -95.821004 -58.766191 9.444559 -31.539175 87.644261 
8 393 437 515 1426 3211 3368 3735 3775 66.708953 41.450947 12.630407 91.858319 57.110768 -59.079680 -50.917363 -4.687183 
3 635 2885 3162 39.482078 84.599256 88.543426 
4 648 1689 1990 2123 40.146846 30.608440 44.501393 30.169789 
3 1142 2307 2695 20.351676 19.038160 -18.452992 
4 379 948 2232 2430 56.727107 -98.027156 14.526334 7.783155 
4 2307 3243 3949 3964 79.095391 62.124208 -13.002778 -71.311010 
3 245 247 2090 -47.782948 -66.012017 -75.782778 
5 130 1946 2864 3605 3618 67.025203 64.064276 30.701696 10.352631 72.939985 
5 1544 2837 3012 3723 3839 6.648883 -33.882262 51.063137 47.643138 3.726853 
1 1735 -24.055021 
5 1500 2462 2942 3519 3956 1.695560 19.847689 17.366268 48.273769 -70.213623 
2 32 1352 -33.155126 57.381966 
5 59 3085 3103 3459 3999 -14.941849 -54.456717 -13.246858 -26.845914 -0.951982 
4 287 2486 3755 3987 -70.575447 17.974710 42.752333 10.418953 
3 1421 1692 3305 -30.428354 -32.353927 -49.172698 
2 2099 2602 -58.174977 56.144169 
5 538 950 1171 2707 3872 -56.526434 -2.884814 -33.122226 -13.004710 63.835363 
3 565 606 1295 -4.322552 -88.046756 -63.600029 
4 196 527 2332 3764 58.729196 -30.158041 23.243914 93.657326 
3 90 2903 3009 -34.000810 65.018664 -90.932722 
10 898 1110 1714 1809 1922 2345 2712 2767 3472 3574 -55.213304 86.200781 2.850608 80.417885 23.976764 64.456214 4.239531 64.360183 -21.915193 15.497054 
3 1455 2940 3043 74.837582 -42.383387 -95.810907 
2 398 947 85.390393 -77.456203 
3 2897 3162 3970 -37.746798 44.481160 -59.112779 
2 1623 2394 -21.744420 87.324631 
2 904 1716 -70.847822 9.205367 
3 106 2133 3354 87.591001 -91.092250 -80.361903 
4 599 701 2469 3480 -97.450988 -18.254366 50.748375 -13.561833 
3 1770 2751 3659 -60.898623 -65.430069 29.946316 
4 1039 1348 2354 3045 -16.379604 32.349679 90.000956 -28.022179 
2 725 3955 40.658074 94.147472 
4 366 1921 2277 2513 -38.720799 63.331330 60.417138 66.246931 
2 1173 1410 41.219242 87.786835 
7 254 349 1123 2348 2421 2556 3508 -28.380907 79.867736 -25.899004 34.846266 -27.621772 94.523406 -18.417781 
2 932 1039 4.154725 53.842086 
8 364 671 734 955 1133 1656 2237 3612 -13.425241 -61.151115 -91.434056 19.819631 19.901309 24.954493 -5.440309 52.694151 
3 2095 3051 3473 -34.514671 24.168619 25.512968 
2 1218 1451 -76.114185 -21.681061 
4 805 978 3547 3609 44.973934 66.797552 19.905030 16.821410 
3 733 1001 1124 -90.842946 -74.045553 40.892087 
9 164 453 468 690 1477 1630 1932 2935 3830 -24.238817 -53.544682 45.013944 -47.529410 -32.959439 -63.565331 7.369098 -98.136223 33.215814 
3 1364 3363 3562 22.184871 28.321904 -26.434572 
3 520 628 2404 -16.147525 78.777258 -57.695870 
5 75 1056 1983 2323 3976 82.140677 -50.273232 94.726585 -61.852206 58.969131 
9 168 561 901 1285 2524 2529 2950 2991 3474 -24.347469 60.209682 21.141661 -70.005444 -93.530123 -58.423033 -14.901379 -5.792489 95.645159 
2 936 977 -25.678299 17.918125 
3 2209 2683 3657 -5.996409 -20.670210 -78.489873 
3 653 1366 2965 53.040655 56.944501 -82.585345 
6 121 589 831 2744 2999 3550 -69.354837 -57.899123 -38.635868 -63.352043 -89.921535 -53.781083 
5 242 444 1744 2073 2615 -61.350316 92.762018 87.362593 -8.911806 18.139804 
4 1002 2299 2818 3064 57.695618 93.698223 -67.499424 -31.902250 
5 1268 2862 3046 3099 3462 -35.173332 -22.531175 99.030984 28.592036 13.211609 
3 346 2101 3922 -54.392415 7.363224 -49.015631 
7 483 761 1457 2307 2308 2685 2898 79.390494 -53.580288 23.438708 10.489817 -34.708407 -14.739599 -26.953176 
2 2985 3366 -98.281869 15.003745 
2 451 2513 -61.511009 -94.252862 
3 6 1439 3618 22.648230 98.169181 99.203213 
3 337 1815 2501 49.760811 -92.559145 50.810585 
5 123 511 640 1126 1824 -49.697020 -22.003442 61.819188 36.360812 -70.856436 
3 1167 1517 3889 -22.843984 -75.402306 -6.101117 
2 1348 3114 -40.831208 -30.647964 
4 433 846 3149 3225 -89.147533 -55.531787 88.354774 -45.894036 
4 51 1102 2076 2330 -41.822276 -23.540116 91.733776 -29.028814 
5 443 1130 1915 2699 3177 -17.313101 -98.045976 93.811283 8.101059 -88.359648 
3 1638 1846 3834 74.513400 45.163534 -26.954269 
0 
5 677 1077 2005 2735 3630 -65.750150 -84.287902 21.432259 -41.000216 -90.135918 
6 167 1415 2085 3479 3694 3747 50.756413 -75.227573 -23.801000 -84.666412 -34.556574 -27.363242 
3 641 1885 2313 52.694314 -76.792818 12.574173 
7 530 1042 1510 2026 2538 3505 3828 40.188527 50.506155 75.673490 69.504247 -65.114961 46.095331 13.763842 
7 559 1143 3011 3185 3507 3596 3619 12.041907 90.971879 -83.602578 51.854675 60.027004 55.644223 -86.932696 
4 763 974 2472 2779 -89.535103 21.435401 81.875965 -67.412398 
5 0 1793 2236 2870 3754 -44.138320 -61.115181 -51.153496 -10.445896 76.253139 
4 882 1156 2646 3507 -80.616962 -23.795105 -39.950278 52.370309 
3 163 2587 3731 84.258600 -63.219859 66.796545 
5 839 2165 2726 3370 3761 48.244404 83.396118 30.184383 52.340721 -7.432082 
2 865 1057 -21.306651 -82.332630 
1 1844 -35.827852 
6 163 300 367 1354 1740 2914 -41.964306 -58.387918 90.182903 -20.637458 57.908259 68.787881 
3 128 231 1789 -28.865839 -11.334967 53.956103 
6 1283 1830 2176 2403 2891 3429 29.156782 -34.558260 75.583258 17.192168 -22.843583 -9.557359 
2 2538 3900 71.351183 -56.946111 
5 1503 2032 2268 2324 3168 6.130665 -91.209649 -71.653899 22.302931 -46.822367 
3 1791 2621 3335 -92.551074 -24.177592 21.952618 
5 121 586 745 767 2636 -52.151116 -54.802462 72.412347 43.522511 99.121224 
5 685 1145 2682 3625 3866 93.086217 -68.293555 82.746386 49.413859 -39.822234 
4 1243 1648 2452 3935 -10.764517 -92.596592 10.371853 56.715205 
4 755 2581 3061 3519 10.597608 93.171728 -3.635403 88.133211 
2 494 3057 86.598778 18.281847 
4 95 156 527 2085 14.201138 82.141098 10.387147 21.379336 
4 716 908 2179 3976 68.699868 -39.580082 92.486107 33.179541 
3 217 223 2055 -59.883912 -18.987429 -62.278558 
3 39 1821 2291 -38.056968 -66.806369 45.134695 
4 9 202 522 747 28.865787 46.125070 -15.993978 -97.688181 
0 
5 178 974 1883 3348 3594 43.730650 95.150177 36.449795 26.651357 24.323476 
2 1803 2244 97.750824 25.836418 
7 83 330 1653 1880 2049 2078 2528 38.695539 -74.304951 88.859117 73.834940 -45.422278 31.767641 -44.800513 
3 3496 3587 3846 -61.937933 -34.555179 -22.130919 
6 28 290 2508 3021 3214 3724 13.127430 -12.133313 7.493388 14.486878 51.695419 20.094117 
7 275 1178 1187 1615 2124 2547 3406 24.304703 49.181178 47.616100 -86.408950 -65.694016 -75.655417 -31.161456 
9 20 263 1712 1743 2621 2654 2677 3753 3845 -67.744361 3.930361 16.443566 -7.911561 -73.197009 93.068621 91.621635 -33.012557 85.609215 
4 1004 1873 3266 3530 40.911718 -31.562989 -70.027640 92.366723 
4 48 296 1757 3762 -41.877978 62.683664 5.501457 7.676219 
5 1268 2119 2356 2903 3377 -32.865744 48.210450 -77.042814 -45.597320 48.737920 
3 13 1373 3454 84.181819 -10.671344 -42.471522 
2 3074 3863 52.123829 -40.016632 
3 1581 2116 2607 65.822610 65.934990 -91.113066 
2 136 3539 -21.569327 31.711868 
5 1425 2133 2577 3226 3563 -14.107059 29.985989 -46.635251 91.989772 -36.749287 
4 342 1770 2830 3117 98.776936 15.227403 -80.406090 73.154805 
4 1621 2083 3147 3741 -9.971970 -86.924806 1.939836 53.605972 
5 408 1080 2009 2825 3823 -53.758049 15.719470 44.301852 -45.545686 -34.582484 
2 256 1505 67.387554 -90.161466 
4 428 674 1631 3351 -8.722656 4.310017 16.900813 -75.273429 
2 266 834 -69.676320 68.309117 
3 1651 2873 2998 78.964749 34.234325 -65.819168 
5 331 1367 1547 1864 3751 -89.249781 -40.375666 -52.563270 -54.121985 98.715933 
4 338 2860 3034 3295 41.235872 4.132699 89.299843 -28.687055 
3 568 1932 2099 31.817141 0.190816 -30.666533 
4 365 722 1497 1675 -23.144941 33.557337 -63.174375 35.345321 
6 341 728 786 1009 1969 2208 -79.515341 -73.760417 49.351079 -96.049923 -31.869827 -32.707171 
3 877 2354 3573 -99.803316 73.599773 -7.862954 
6 145 213 2174 2862 3122 3944 73.286108 -27.995971 24.981643 39.051649 78.154610 56.475820 
3 388 1517 3607 -4.254219 -23.286413 -26.650411 
6 28 415 892 1075 1404 3471 -21.793388 -15.868888 89.139625 -5.057827 91.853996 -13.342575 
2 2320 3879 33.229462 -90.144814 
3 1488 1974 2227 -15.781056 77.655256 31.208441 
5 1292 2247 2291 2809 2964 -44.500984 -77.195205 85.623788 -4.959452 -59.551322 
5 2960 3424 3621 3787 3984 18.676628 58.699025 19.439236 -51.737515 61.459859 
6 429 1086 1260 2101 2505 3275 50.507413 -17.528952 -4.983120 -12.812218 48.584638 -88.033847 
3 1999 2984 3005 98.668937 -52.487713 -41.143957 
5 2838 3155 3329 3711 3890 -21.785250 -60.403857 -87.240610 -87.506024 2.613904 
7 1265 2194 3203 3290 3470 3649 3949 38.436324 8.859292 -80.813249 -77.551327 73.893116 87.616024 6.199703 
4 281 1745 2008 3241 90.719519 21.019154 5.703051 65.553207 
2 2566 3247 -90.197866 -85.810790 
5 1087 1287 2681 3519 3697 88.795444 -51.783078 -90.506808 -86.121560 45.255744 
5 1230 1378 2161 2629 3783 39.658694 64.013925 82.850564 62.368998 -63.350971 
6 611 821 1297 1805 1985 3018 -4.819686 86.384356 9.008890 -17.569743 -84.918933 45.100611 
5 692 979 1618 2115 2127 -56.737855 -85.594597 -21.591545 22.090037 -51.202198 
6 610 633 1815 1896 2936 3467 4.587557 11.753056 -18.574711 -35.215387 66.519195 91.427061 
1 217 -44.848432 
8 539 585 1130 1678 2432 3140 3358 3399 -94.290278 -35.782102 -47.621758 -17.853563 -11.469606 -89.512116 -11.205226 49.022577 
6 141 1393 2242 2377 3775 3815 -6.436775 16.657690 -2.416554 6.152253 21.182257 -64.986455 
6 172 406 914 934 2098 3201 -16.398949 5.599863 -45.128583 19.463098 -67.013937 -69.109309 
3 2808 2961 3914 18.582152 -51.674810 -15.643700 
7 57 1133 1964 2274 2829 2900 3008 64.975976 11.686202 53.492673 21.238477 70.142392 97.368561 50.183493 
5 208 541 967 990 2939 78.507161 96.944344 9.485586 -44.203706 -18.787216 
8 586 711 983 1291 1744 3038 3554 3714 53.378282 90.882719 -60.030280 -98.110237 66.647969 45.455716 -0.569581 -98.334903 
5 667 1173 1922 2256 3970 -65.375818 -44.733448 -71.217448 -49.483157 63.490247 
7 1473 1725 1842 1933 2747 3472 3679 4.853966 -89.952770 11.110811 96.769006 99.356400 -82.460686 9.273903 
3 449 1705 3900 -19.753009 -21.674276 87.449132 
4 600 622 3553 3738 37.160758 98.790095 -91.411514 -8.293746 
4 1468 1769 1939 2946 -59.043856 -59.204144 -85.247136 81.506345 
6 1071 1400 1808 3168 3836 3967 -83.977890 -66.922957 -78.261789 -0.723130 -5.518142 -30.414443 
3 827 1453 3674 -73.885043 44.826232 -32.451855 
4 740 765 3024 3044 -86.186149 -19.139447 53.848301 -77.001499 
3 457 629 2210 -58.157210 -37.930307 53.670507 
4 88 902 2103 2835 -57.589448 98.924703 -67.649411 -45.143892 
3 1137 1788 2182 28.678956 -99.777620 4.552550 
4 66 859 1714 1934 18.306952 6.477128 53.278443 70.697551 
2 234 1307 -75.694526 72.397316 
7 376 495 949 962 1160 3865 3943 34.786469 69.927126 -30.085089 -80.260672 -26.782197 -14.033459 -18.978809 
3 821 2487 2989 -66.740798 -54.229214 77.744360 
5 238 806 1668 2146 2231 -90.354240 -79.521191 69.444067 89.450121 34.224834 
3 289 622 707 75.836968 45.670447 20.528730 
4 2171 2275 3533 3678 -1.844068 18.392923 61.278197 -14.878829 
4 246 628 999 1819 -7.327716 30.959675 61.482061 -40.599717 
3 2475 2666 3065 -92.986750 14.188986 -61.168867 
5 1715 2180 2900 2942 3409 -83.195338 7.693844 5.369749 -90.854930 -90.153041 
4 1821 1869 1903 2710 51.652357 11.709096 -11.491296 67.806314 
3 2186 2202 3102 74.026323 27.908722 -48.945506 
3 809 3492 3785 22.282885 24.778809 73.326910 
4 348 825 1887 3141 -93.864631 -55.606561 36.951019 92.516871 
3 528 2010 2648 -82.536449 -67.198029 8.723191 
2 416 1022 12.112469 27.179278 
2 472 3271 25.996276 20.338261 
4 305 1411 1680 2939 37.842095 62.609270 -83.007183 -18.403556 
2 2151 2444 1.141609 -31.041826 
5 213 1121 3109 3370 3647 84.380652 -63.664155 57.806437 -80.120719 -36.347728 
4 698 993 3533 3711 2.358860 -59.304595 -2.204152 74.063282 
4 1067 1579 2871 3465 56.572675 -19.152283 -51.432094 -74.634791 
2 3386 3683 57.920964 1.799487 
8 532 1478 1489 1506 2030 2061 2228 2541 -97.612522 99.393538 90.111790 15.131270 -6.287610 8.456437 -9.887312 -19.598106 
4 137 2124 3287 3754 85.722554 50.663480 -83.122187 35.912239 
4 2581 3593 3780 3851 77.149320 -96.448609 97.931719 40.773583 
6 1159 1618 2174 2402 2940 3913 -66.381160 -28.487743 -92.334777 42.919536 -81.104309 -92.613420 
11 426 515 576 706 878 1297 1431 2121 2156 2566 3633 -61.274269 -44.596531 -90.448362 -81.398450 43.301481 -74.083042 63.277059 -91.056132 -16.378338 -8.990100 77.551395 
6 114 1166 1500 2911 3730 3890 -8.288779 -39.506652 -6.977455 47.548062 6.390298 -45.332203 
3 23 1659 2416 64.993819 -1.830544 -22.516198 
5 883 1635 3568 3876 3926 -2.379271 52.201032 76.113985 95.273098 60.906235 
3 2208 2436 2512 -28.323155 -87.131465 -11.301464 
3 1498 2784 3386 -36.548588 53.067821 97.011578 
4 3289 3544 3677 3801 -86.895281 -32.117461 95.149781 7.031040 
4 93 1053 1355 3338 26.977760 -24.840854 10.680174 60.647599 
8 220 1052 1361 1412 1603 2685 3629 3700 -32.625343 -92.074317 2.070061 -19.735127 -42.836432 -41.939792 81.436642 -58.634290 
7 348 1890 2162 2292 3429 3500 3988 86.236808 -66.234120 10.944239 78.007660 26.501530 20.765720 82.380937 
4 1169 1346 1551 3127 44.042905 68.975486 40.207499 -10.062459 
3 2667 3060 3578 -91.763849 74.568612 -29.692243 
4 1605 2866 2936 3973 -25.668406 56.153008 -91.148991 5.773916 
2 750 2563 -35.382117 29.759735 
6 601 826 1111 2908 3342 3436 31.822923 25.169895 -8.511628 -63.648703 96.323395 -83.294965 
6 189 1851 3022 3127 3179 3388 -57.154877 -91.853158 92.047640 -45.975209 69.089622 29.710422 
2 1860 2757 -30.446179 -36.983889 
3 580 2305 3870 39.131379 72.353028 42.643245 
5 183 411 854 1244 1382 77.692197 68.344254 3.658161 -51.966788 -30.753025 
5 463 549 2300 2764 2943 3.300632 92.978158 -83.063274 -15.433257 74.726927 
6 216 404 2417 2608 2958 3815 97.371185 56.070556 95.871303 63.288162 -12.529191 -88.552757 
5 519 649 1216 2050 3924 -65.774597 -64.567029 54.629482 59.780717 -88.075103 
1 1095 40.721335 
4 1966 2157 2270 3480 68.820862 -19.137113 -65.832185 86.722934 
5 1698 2430 2565 3559 3883 17.852803 -65.341644 27.156693 -14.012526 -89.111638 
6 523 1567 1688 2240 2464 3669 -90.544210 -98.471051 91.382825 -16.561391 44.352487 68.384855 
2 2817 2958 -52.564130 91.466964 
2 1049 2088 -35.965714 -54.987229 
6 111 273 789 2686 3498 3558 -43.645221 -91.661690 46.539798 -27.505220 -12.154560 -82.431654 
3 1247 2602 3183 51.898953 -40.804195 -21.875935 
5 1050 1271 1489 2964 3047 -6.756954 -51.573750 -72.390039 76.928545 -37.336228 
4 146 422 2532 2790 -93.257074 -22.483756 40.812950 82.080347 
4 178 2744 3384 3975 72.488373 -26.725026 -5.543047 -18.420900 
6 70 220 1117 1308 1712 2120 62.246036 -44.597516 -43.735626 1.383758 77.796493 -84.244409 
6 1020 1319 2148 2218 2369 2391 -27.743189 19.322644 -92.541024 -95.984388 72.760309 47.575164 
5 60 811 1790 2129 3897 -97.520040 54.749681 -28.816703 -44.584621 55.294112 
6 80 447 1157 1185 1629 1968 32.315841 12.224307 80.456845 -4.679344 -15.965792 -15.951236 
6 509 593 1569 1981 3789 3841 73.545478 43.719655 90.586367 71.099821 -84.779265 -28.806231 
4 480 2182 2912 3305 66.887581 14.887780 -10.977506 72.578596 
5 755 2291 3217 3384 3824 -2.396154 -54.351463 57.078019 39.165217 -82.969243 
3 188 2436 3139 33.566574 74.621407 -95.057610 
11 63 784 799 965 1189 1230 1422 1511 1861 3520 3922 -15.190659 -38.047197 -29.046717 -36.094826 -64.408172 -23.449841 -84.082159 40.957442 -25.333804 49.747160 -89.385147 
1 3801 21.085065 
7 520 1103 1532 2432 2803 2938 3982 -0.762349 -27.899858 90.777365 94.079974 85.820028 9.651116 -78.258684 
3 454 2175 3134 -62.443379 -2.013480 -77.154949 
6 1312 2162 2525 2739 3617 3869 56.923162 -46.371443 58.313701 -70.991968 -48.089730 84.866677 
2 2263 3609 42.718355 37.275807 
1 1525 -57.101499 
6 1574 1650 2389 2911 3312 3414 42.528507 33.776409 10.693520 -10.159686 -14.978856 -55.786833 
9 35 749 1046 1359 1836 2567 2634 2949 3207 3.895518 -86.448906 57.084422 9.495610 -11.565842 -80.980512 -93.783153 52.631731 -42.744964 
2 1859 3949 47.373484 33.311634 
3 1315 1665 2238 -79.786042 19.653231 -5.003107 
3 806 2272 3421 47.574050 2.425619 35.698971 
5 724 1892 3392 3426 3971 51.357373 -3.281498 56.985661 -80.723138 -83.828315 
4 401 1497 1660 2355 8.542108 97.847704 -76.951702 -81.501851 
4 919 1801 3446 3647 -88.281098 -35.982784 -57.160367 18.915786 
7 1257 1372 1647 1796 2505 2600 3660 -65.357753 69.449534 97.553934 29.264773 58.659093 98.693536 53.106680 
3 1365 2965 3917 14.317325 -66.230305 -25.918782 
3 2141 3556 3616 29.296037 -75.070257 22.358936 
1 3385 -71.574857 
6 681 991 2788 3053 3140 3157 10.938829 6.641553 -61.642055 16.780313 7.508988 -10.327950 
2 2303 3702 9.599490 -8.837172 
5 137 2427 3217 3519 3957 58.154504 53.060299 -43.999513 21.803906 1.747179 
1 3134 -57.406621 
6 817 1512 1887 2315 2341 3740 87.513950 -72.498548 2.815171 43.479003 -73.121877 54.197979 
4 2147 3059 3797 3825 -15.137339 30.729627 12.744193 4.287543 
4 493 752 1069 3054 69.918264 -48.840613 -11.731240 68.040410 
6 981 1042 1554 2134 2246 2387 17.177841 -90.632884 27.986797 -25.893606 -86.090825 14.332102 
2 1624 3447 -12.520984 5.804982 
5 366 861 993 1149 3952 -44.994949 -3.721043 25.529926 -70.502266 7.604022 
0 
0 
4 287 297 1523 1673 30.526388 85.943432 50.025364 -22.150803 
4 639 1478 1703 2170 -66.501310 -71.167941 -43.174884 -92.937621 
3 31 398 2054 -47.558924 81.974700 55.365825 
3 2645 3692 3820 89.576570 50.569636 -81.250002 
4 388 641 2776 3341 86.887951 0.688027 56.992020 -25.506846 
7 1317 1457 2663 2798 2936 3053 3195 95.943674 -57.998175 -68.689811 55.576457 69.520286 82.418033 40.849620 
4 316 435 817 2457 -70.036458 21.829178 -87.125669 1.048227 
3 1958 2510 3705 41.427940 -28.422764 9.175758 
4 610 2317 3011 3487 -87.076699 -28.980042 -81.323422 91.494755 
3 277 1983 2980 -88.035935 20.843379 -14.782979 
4 76 2245 2682 2921 80.397234 77.961178 52.310986 66.402254 
2 1340 1890 49.717525 -68.766506 
1 1903 -58.339844 
1 3412 -36.665561 
1 2288 36.163367 
5 1417 2311 2816 3466 3589 -55.959609 9.408339 60.262710 28.003825 64.298035 
7 114 135 1315 1752 2803 3265 3870 62.949415 -99.197039 94.571047 29.068372 18.019046 7.387322 -37.050347 
4 1096 1920 2333 3011 -57.381808 -65.746119 30.394501 -48.987022 
3 331 1500 3049 -43.830249 -10.678966 8.201968 
7 36 1168 2155 2353 2357 2544 3382 -68.336269 70.756078 -47.070381 6.872087 56.050301 -9.675830 -67.671949 
4 1324 1672 2536 3601 -47.125782 -38.739005 -84.655358 -27.147130 
4 358 635 3561 3755 70.414488 32.705747 -86.628124 -7.927048 
2 1244 3344 83.183621 -6.637296 
2 3196 3573 -43.666145 -91.039120 
4 1481 1756 2166 3213 20.578862 19.184788 34.728169 77.609939 
4 584 688 1597 1606 -18.832320 -53.330348 -31.805572 40.966536 
3 68 946 1263 70.238875 -8.404917 96.047103 
4 1700 2345 2954 3134 25.689945 64.578041 -31.980830 47.686355 
3 1936 3316 3959 -55.368232 76.211312 22.027484 
4 706 763 1016 2374 73.145540 58.973464 92.350982 87.462579 
3 633 2498 3955 -72.775108 -19.015114 -91.781267 
7 567 970 1550 1570 2077 2443 3037 61.361475 -83.363717 -60.487323 41.663087 67.736422 99.344019 -15.121443 
4 1285 2686 2746 2807 25.360855 -28.288739 80.671576 22.813844 
2 2014 2752 -90.062221 -24.026713 
6 872 1669 2452 2488 3078 3786 -18.557387 92.493008 -9.903627 2.691629 -8.514739 28.466148 
4 164 257 1276 2777 -70.396953 28.981641 -92.383935 -54.704703 
6 172 749 1420 1487 3572 3815 32.040939 91.189193 79.891025 -67.455909 -47.097295 98.252074 
5 307 855 1712 2187 3191 77.733056 54.140299 -42.953986 93.238387 -56.822093 
6 1190 1749 2471 2688 3179 3495 27.935549 87.193897 46.675877 38.617872 20.504794 15.036973 
2 2160 3778 60.915079 32.531597 
2 2575 2926 68.013080 52.148620 
7 355 365 1207 1250 1310 2421 2874 56.297888 8.742152 35.577423 1.843563 -30.699362 98.097018 -35.823338 
4 198 611 2552 3788 -17.498618 66.877811 38.180900 44.105929 
3 280 998 1397 -11.750899 84.870399 97.886191 
9 279 557 1460 1729 1957 2471 3337 3658 3795 73.006895 -83.265797 65.306253 48.986825 67.459516 73.601716 42.233698 76.800429 88.475005 
4 43 143 1482 1590 9.999806 44.265321 35.867437 -33.975402 
4 177 697 921 1239 75.528696 -47.532217 59.408506 42.118251 
2 2401 2548 -58.655149 -33.056369 
4 289 635 1417 3299 -32.813053 35.705712 11.004507 10.815486 
5 1158 1448 2168 2212 2665 54.298176 48.583215 -75.115232 -71.662307 -38.568999 
3 902 1072 1998 -95.269459 91.016342 -30.203291 
5 577 759 2534 2750 3242 -33.456893 28.349254 -93.213097 -92.314658 23.827455 
4 907 1807 2959 3509 -3.842126 88.327848 -19.738435 -17.375352 
2 989 2925 53.165097 58.146231 
5 988 1020 1148 2984 3993 -42.893123 -41.912418 -30.997077 -23.972478 94.414291 
2 321 2212 -24.259306 54.671555 
4 671 1032 2477 3309 15.373243 -2.931402 55.376141 82.848179 
6 89 742 1790 1877 3123 3761 46.534644 -97.611659 18.797286 -49.898563 -80.492645 85.247513 
4 1035 1735 2265 2922 -35.421314 -60.821657 -52.546188 81.975052 
7 887 1095 1254 2074 2100 2589 3856 27.707670 9.948210 -77.323614 41.967046 36.937676 -99.108207 -0.767521 
2 2098 3049 80.044191 -85.006395 
10 68 1358 1428 2020 2565 2951 3136 3348 3540 3798 68.838719 -22.687087 24.582289 17.225487 -92.349356 30.878766 46.249758 -27.405912 -27.163256 16.924320 
5 802 1145 1304 3125 3233 2.968583 54.561719 -27.859275 37.566172 -1.477301 
8 305 636 758 1658 2162 3110 3376 3778 -2.981139 -2.472317 -78.748731 78.245938 46.361492 -9.931507 69.199604 45.840293 
6 1306 2324 2552 3101 3271 3960 42.352572 61.782833 -87.959786 -58.637693 54.730975 50.229267 
2 1258 2358 66.698981 -49.129420 
3 399 681 2921 38.829535 67.845945 22.431253 
4 364 790 1670 2298 89.541046 92.489527 95.855716 -94.892390 
3 2061 2105 3641 39.785977 56.296176 -52.118958 
3 59 3035 3674 54.049551 85.982673 16.181759 
8 182 1551 1600 2601 2744 2800 2896 3565 53.124341 -12.470576 24.075316 63.467829 6.534547 -2.910819 53.280471 52.109546 
3 1647 2522 3559 2.311771 54.640119 70.753394 
6 122 741 838 1298 2631 3317 84.841021 91.717443 -90.527188 83.521898 3.933364 -38.872254 
8 500 724 2234 2254 2473 2763 3129 3836 88.373850 25.388553 89.486298 68.155844 56.708049 -2.385307 -26.166735 -59.769218 
2 155 1925 -69.720765 75.240660 
5 132 261 725 2815 3793 -31.408231 -39.707394 13.764266 -0.230390 -72.597262 
4 1326 1375 3349 3647 -4.041379 -73.201846 -39.489668 -16.136291 
7 83 719 1018 2756 2778 2860 3085 -22.146091 88.166072 -95.781284 55.370993 -61.289093 57.632609 94.003238 
3 231 1790 3678 -48.793365 39.285864 -79.788564 
0 
3 991 1312 3380 -0.803015 87.855596 91.571963 
1 1594 27.695806 
4 1 1309 1791 3300 52.730783 -66.101740 37.094867 0.742991 
1 2083 -70.700312 
3 1599 1768 2792 31.716314 -28.329800 -12.065545 
3 1745 1748 3023 22.668004 77.712526 -36.480269 
2 1533 3649 -44.570633 26.559403 
3 504 1101 3132 55.045127 -74.074085 15.787844 
5 567 1063 1579 2431 3815 -43.112133 -1.509124 -72.806485 0.546135 69.145645 
4 746 1223 1747 2765 -35.714662 35.170366 -33.516350 42.477401 
7 8 486 496 1064 1156 3412 3763 36.497963 41.505384 83.451753 80.586071 -26.688975 73.571612 61.533186 
5 827 1783 1980 2321 3886 51.048129 -77.807633 83.559841 -67.580720 63.629720 
3 2274 2770 3246 28.866534 48.236879 88.650578 
1 3111 11.971968 
3 1940 2206 2684 -33.999034 -46.218346 56.698034 
5 294 472 1347 1639 2229 -93.507755 72.118558 10.083403 -58.458718 45.933086 
6 139 627 2826 2837 2934 3557 -73.809871 -42.828132 95.715084 -8.820794 -78.995072 93.174957 
4 16 82 600 3852 4.337975 -2.443517 -66.339197 -33.650014 
3 30 459 2118 3.699607 75.103001 -99.971089 
7 383 1530 1770 1789 1829 2279 3365 -94.053948 -79.802692 -77.440029 -43.412318 31.144313 94.287086 -32.127366 
5 725 951 1350 2078 3725 -96.347608 26.841270 70.446954 79.084090 98.490795 
2 192 1654 -19.089844 13.576926 
4 327 1020 1320 2542 -40.600568 53.671324 -59.815076 -29.183717 
5 1661 2147 3370 3415 3789 44.142952 87.164952 -7.424076 13.143136 -55.798207 
5 686 926 1234 1818 2859 6.702480 32.345328 -93.306817 -87.723121 84.053281 
4 1394 1463 2569 3495 -26.563910 61.174341 -8.916325 -69.572393 
3 890 1803 2417 -6.432496 30.473373 -90.085779 
5 1170 1715 2145 2478 3108 -30.690922 69.839021 -31.118359 -82.524435 -86.636529 
6 221 696 896 2102 2173 2372 61.763359 -88.595470 61.049179 -65.133218 -26.516397 51.375248 
3 25 1911 2451 71.647269 68.232009 38.237696 
4 379 691 3184 3484 -23.076629 2.226399 -54.191413 39.792109 
2 794 1507 -6.797137 23.167708 
1 3514 -96.236352 
2 3088 3923 23.601473 83.970243 
3 2909 3014 3919 24.986181 -61.898900 68.846145 
5 1333 2177 2312 2639 3374 -95.900077 -76.105337 15.034313 -58.532591 -43.747077 
0 
4 1284 1747 3127 3762 36.946969 -98.683031 -41.910769 -26.648534 
6 269 579 836 1090 2180 3664 -71.723575 6.319651 53.265384 -51.996372 85.516037 29.262294 
4 89 598 1957 2010 26.838859 36.656110 15.077261 47.750504 
3 254 2535 3596 79.246196 -61.463429 -80.478254 
6 278 1466 2012 2541 2982 3272 2.739120 10.022505 80.063825 -99.487761 -62.696898 -99.680242 
6 206 588 726 1371 2401 2643 -74.483147 -7.624623 40.350019 -37.913219 -20.323465 -88.745644 
4 91 1764 2603 2698 -86.793708 -50.092472 61.340551 90.052841 
9 90 641 916 1117 1268 1660 1811 1883 3549 -49.059384 -13.011860 -0.485092 3.431607 -40.606160 -81.426170 54.436655 -0.742853 -72.472538 
3 136 1020 3683 -57.228461 80.477100 -4.091832 
4 2079 2138 3052 3515 7.931642 -82.238669 -81.338486 90.902442 
6 584 1803 1959 2510 2547 3622 -48.719316 71.027541 46.094771 33.657816 43.705484 -54.047410 
4 238 1417 1752 1989 -25.276295 -4.100210 -31.522694 -25.557820 
4 424 476 644 3896 -65.870924 31.327432 85.191757 -53.619462 
3 168 1745 2006 65.011064 92.462732 45.293450 
6 665 1081 1932 2390 2406 3027 14.523962 -86.401053 -71.934724 -95.126680 99.942852 -15.298256 
4 354 558 956 1681 -44.451827 84.505066 -67.407694 68.311529 
4 1002 2012 2412 3198 -8.923649 30.868539 20.812745 44.657797 
5 1466 2019 2465 3738 3984 -50.795808 80.530520 -71.005574 -43.236455 -75.585686 
3 318 1944 2876 -46.904600 -26.988956 12.911546 
3 2212 3363 3503 -12.406980 34.623374 97.557673 
3 620 709 1664 -81.480705 -50.661596 -24.024223 
5 241 1351 2693 2699 3024 -89.627755 -59.055755 70.745983 43.103157 84.170367 
5 746 2638 3054 3116 3813 19.622411 -49.591704 -71.139629 -52.844155 55.794186 
7 396 938 2055 2184 2211 2899 3639 -0.223786 -96.102305 -64.089347 -59.103560 6.969952 -31.551774 -13.589458 
6 903 2735 3211 3355 3466 3984 -4.325791 -89.139599 -8.327264 10.125099 78.009797 -7.790656 
6 371 2836 2920 3428 3466 3924 -14.566667 90.548579 71.272988 73.874153 -56.034275 -65.507269 
2 1099 1779 -39.403781 -73.812886 
6 1219 1930 2800 3303 3502 3849 58.251917 -70.596711 29.084466 -57.155657 -28.985800 71.108023 
5 839 1397 1414 2609 2997 21.868427 42.094687 20.405759 -28.150106 -63.715083 
5 135 496 556 3352 3861 -85.526218 64.330850 42.617871 65.799429 -5.775751 
2 312 1979 -2.497734 36.662416 
2 2840 2937 82.402134 13.454667 
3 543 2761 2825 -93.524311 -46.822580 5.109903 
4 262 1829 2013 3770 55.907200 -0.606788 -15.855840 -55.960589 
4 1663 1857 2864 3214 -41.219741 15.342420 50.635164 -29.038942 
1 1405 -80.040679 
6 939 1250 1542 2561 2664 3816 -98.303349 76.377335 -53.529827 32.941797 54.715893 -0.939520 
6 43 578 1686 1734 2596 3781 -58.595176 60.361792 67.240449 82.615567 0.828329 4.859243 
3 2057 2924 3118 -95.326393 47.456687 -82.214674 
8 574 1000 1693 2102 2291 2888 2961 3453 -1.449486 -71.320452 43.159861 8.611197 -94.465242 7.504171 16.997144 -50.848970 
5 77 741 942 2676 3989 -2.948313 -47.023199 32.337195 -54.047709 88.317463 
3 780 2483 2739 -15.320175 -52.014955 59.174482 
4 665 868 1680 3719 86.141714 -17.249915 -83.177003 56.464060 
6 564 874 1832 2319 2764 3749 -1.307961 5.684842 50.673218 -36.294491 68.611769 -25.118220 
3 1151 2155 2418 72.634899 -26.880340 -15.668850 
1 841 79.487236 
3 740 960 3983 -19.679058 -2.137961 16.287479 
3 2272 2821 3971 -97.660087 66.390374 -83.934087 
6 312 633 1684 1733 1918 3511 12.650969 -1.661672 20.424641 -95.703863 -46.013217 -8.097134 
3 756 2812 3384 -12.243395 -41.723660 -6.553769 
1 2515 -30.929264 
2 1745 2307 -16.967959 -94.914336 
7 204 551 1120 1336 2100 2413 2503 -8.195999 -88.667044 43.424452 -99.663954 22.473178 73.273184 22.752516 
3 923 1498 3924 -46.526134 34.396034 -18.746303 
3 1204 1486 3227 -12.892960 37.644884 10.271775 
6 1142 2610 2704 2756 2760 2985 97.953900 90.118927 -90.994899 46.929016 80.861874 -82.689644 
4 1068 1931 2541 3043 -96.250769 69.190691 -49.426160 -70.945473 
5 265 949 1473 2399 2598 -46.167846 -47.930186 -54.392031 54.293425 29.658792 
3 157 1777 2164 8.119421 32.405038 64.854515 
6 269 319 1701 1826 1960 3291 13.926935 26.225922 -28.461158 -82.767457 -57.823173 11.568286 
3 1138 1434 1560 -66.761314 2.049520 -51.105663 
4 1776 2108 2605 3060 80.940039 57.544901 -45.872505 -12.886236 
7 1829 2343 3052 3058 3211 3475 3515 -84.079553 -51.428964 -24.969682 47.665514 -49.487299 40.976758 23.938367 
8 63 122 140 736 1139 1887 3284 3940 -77.470925 -46.866558 -65.312033 58.343780 -22.916699 99.338149 38.539459 -23.619012 
2 360 1434 58.650883 -38.378150 
5 27 883 1508 2355 2461 -77.131997 86.895940 55.024732 68.510347 -13.054105 
1 2482 18.023492 
2 995 1793 22.436855 12.558240 
6 1978 2091 2182 3368 3672 3838 82.350689 56.972446 -94.505184 -59.543742 -39.499342 -9.701815 
3 296 1239 3948 86.739988 6.949789 31.012268 
1 1384 -56.864289 
5 44 434 792 3690 3765 96.744392 75.328179 12.309056 -52.235880 69.966758 
2 1287 3345 19.124773 35.727905 
1 3204 19.721180 
6 58 2063 2125 2167 2313 3499 99.201189 -69.871201 75.748390 73.416755 -69.007191 -89.112788 
4 2044 2265 2728 2910 -5.864523 95.593001 73.787361 62.970950 
1 924 -96.327603 
3 2875 3462 3847 12.524984 2.571994 56.327424 
6 808 1045 1696 2511 3431 3732 15.765502 -65.831553 -83.133722 -78.212328 -9.730305 62.564923 
1 1260 54.974919 
5 1738 2355 3230 3332 3527 -76.011337 -56.904264 97.386805 -94.667667 27.322427 
8 948 1970 2600 2905 2964 3141 3361 3889 96.787115 -14.299782 -34.437407 33.888011 68.313551 -84.718770 15.663591 54.566522 
3 429 586 1275 -12.346257 37.779129 47.474450 
4 196 3003 3173 3981 36.732311 -46.525639 -17.350256 -7.105572 
3 282 1690 2416 -48.263598 -92.381676 22.103002 
5 988 2801 3250 3524 3834 -44.838524 0.053264 -86.824206 95.091039 -46.461666 
2 2494 3638 -35.978391 62.511141 
5 457 642 2840 3388 3960 84.160025 -64.219815 -18.026073 -4.636126 -19.392351 
7 96 150 1371 1699 2484 3236 3367 73.094304 61.996604 -35.398932 -84.508252 -89.095543 -69.426698 58.007243 
3 1025 2139 3670 21.052669 32.775130 81.797761 
4 722 838 2276 3368 7.999579 -19.798646 -23.801251 -12.173551 
1 1714 -15.275298 
3 740 954 1972 -55.314577 44.021000 -80.751943 
2 1452 3381 -96.177269 82.381036 
4 1503 2850 3412 3764 38.157444 -21.760500 -34.103004 5.919207 
5 876 994 1091 1110 1394 19.252044 73.708705 -65.549541 86.626064 70.852704 
5 58 340 432 2110 3337 11.971548 -99.438604 74.912098 27.538310 -38.328600 
1 248 93.658370 
6 1160 3022 3171 3197 3312 3538 64.324507 -47.830744 6.713473 -37.313588 -63.469792 76.012893 
4 366 981 1111 3094 -88.669400 79.458728 -44.821307 -64.430440 
8 735 846 2052 2654 2708 3416 3877 3907 35.341879 -15.334849 -22.410108 5.232027 15.127658 -51.302566 -55.233935 -97.784436 
9 99 200 578 748 2457 3329 3392 3441 3754 -9.938971 -25.116154 30.358514 -17.514902 -90.567898 24.506300 -56.996300 -29.768365 36.646211 
1 3957 -5.945737 
1 2281 38.275510 
5 511 632 1953 3449 3926 -75.245531 -85.532809 42.175370 -50.387918 -12.746454 
5 783 1924 2193 2652 2918 74.838389 -75.630559 25.027819 -95.958864 42.628514 
3 1083 1209 2121 95.839111 -96.818470 20.795773 
5 110 634 903 1830 3636 -83.644260 29.361256 93.815513 13.639025 -87.386881 
4 818 1222 3036 3046 47.550648 73.624119 -18.571317 -45.242698 
4 813 2985 3401 3939 -71.162894 -39.809023 87.484306 70.416751 
6 241 888 896 1951 2900 3036 -70.435745 -53.957693 93.906960 52.390096 -70.057222 65.169131 
6 140 788 2009 2106 2133 2925 13.645231 56.266270 91.491018 -5.215011 -4.166463 -55.637424 
5 1156 2706 2907 3779 3896 32.402203 25.447778 -35.712349 -24.988937 8.523304 
4 487 1995 2342 3448 -29.673290 13.455830 40.875632 98.839766 
3 1595 1757 2241 92.793158 26.076160 -51.195258 
3 81 371 3102 94.327428 -13.786283 67.231088 
4 217 768 2443 3806 24.909136 15.537139 13.106636 22.983123 
4 92 290 1837 3872 -3.423623 98.669761 51.388201 43.656281 
6 344 556 716 2068 2143 2370 -26.951067 -79.232455 24.570964 -88.271269 17.627584 9.345391 
8 78 1316 1470 1541 2110 2205 2431 3758 87.667213 39.722608 55.794817 37.719124 83.953001 10.809091 -62.505019 -96.905160 
0 
8 54 360 423 1019 1533 3220 3792 3982 40.078115 86.337133 -82.031216 -0.266704 8.234249 -14.598031 73.240990 34.959258 
6 261 890 1124 1169 2664 3190 -76.610640 -74.791127 71.773131 -49.025059 55.871948 -98.214668 
7 501 818 1213 1623 1631 2096 3232 51.385495 86.659207 -7.463667 15.701950 -2.028530 0.535046 86.920728 
5 1601 2763 2770 3574 3749 -47.565592 -73.590552 37.046032 -91.770993 -34.128199 
7 725 1281 1503 1521 3029 3133 3959 -26.486732 38.412950 -90.856201 -52.697136 -38.705267 -84.018998 -29.235721 
4 1262 2022 2397 2694 59.510533 -88.024637 -35.564923 41.330132 
1 1197 -22.025218 
3 948 1486 2047 -53.257330 -38.160480 66.403668 
7 117 759 1366 1663 2262 2294 3278 68.370960 18.473859 -48.278168 -25.756488 -78.864238 43.222457 92.137324 
5 798 2771 3394 3643 3984 -66.505364 -39.447576 -55.219491 -14.564518 -25.245882 
5 172 724 1614 3521 3620 -84.661801 -50.806827 27.995930 81.411635 -55.294667 
3 656 1092 2044 -79.710472 -56.883719 -6.737897 
2 1881 2410 95.417140 -92.583680 
4 425 1758 2248 3672 -6.436392 -60.847410 58.330269 -0.438944 
3 238 1373 3188 96.509677 43.178007 -96.245917 
3 2897 2985 2988 -12.076974 50.103656 31.964671 
3 1939 2742 3070 19.006451 -85.482819 -22.992439 
5 1171 1779 2393 2605 3330 -47.042104 44.680340 -86.484559 -43.407087 15.934599 
3 304 995 3793 -10.955432 28.915933 68.819983 
3 1360 1785 2747 -86.062216 26.952704 -70.253706 
4 730 1821 3470 3787 -44.890964 69.990925 -63.050987 60.583117 
5 1675 2017 2117 2415 2938 -29.536557 -74.083724 72.635855 -20.551017 98.209799 
1 3274 22.912559 
6 72 210 815 1632 2366 3533 -8.278035 31.141262 12.689748 -73.404090 11.082235 -98.338684 
1 3999 -9.983209 
10 277 485 791 1484 2370 2512 3043 3317 3585 3796 86.665635 -3.227342 -40.244527 -71.664004 39.868264 -30.535614 75.926074 -49.529778 -58.705803 -17.786243 
4 2144 3094 3305 3858 83.868801 -37.936220 -63.620517 67.623488 
0 
7 330 444 1388 1703 2059 2430 2950 16.883360 -96.433387 -52.040011 80.046033 82.024630 -37.769469 -72.796740 
4 84 434 3046 3161 -7.068448 11.750779 -86.557660 81.072461 
5 834 951 1669 1813 2085 -35.337212 -93.031882 61.200906 42.909169 31.254717 
2 2034 3793 -0.093495 -28.658826 
2 589 3574 -36.381347 -65.175167 
6 222 459 625 711 2891 3317 12.872252 90.727731 -48.170041 -52.661703 95.402685 -46.773557 
4 995 1033 1840 1873 -85.097095 14.554884 -73.867086 49.311320 
3 1833 3279 3393 -63.844944 15.101126 -70.493760 
3 299 1692 3864 40.319661 85.464044 -68.533169 
1 330 41.129466 
5 75 84 1674 2057 2855 67.142601 25.671616 -65.236751 -38.536431 95.413049 
4 1431 2274 3644 3674 -25.067303 -43.501384 87.323411 -5.796050 
4 1063 1206 1945 3775 -42.098359 62.905819 -72.818641 -42.956773 
4 411 934 973 1396 -95.752196 95.027922 3.803752 -55.527751 
2 363 3679 52.914164 -32.598741 
5 716 808 1313 3166 3306 94.196447 -62.920619 33.825833 43.218399 26.407206 
6 388 573 799 876 1170 3981 -12.262693 85.598790 40.179620 -86.132732 63.219561 9.337317 
2 538 2665 -69.765154 -87.041424 
1 3283 44.593743 
2 3016 3549 64.782162 -93.923698 
2 2158 3484 9.155592 42.677453 
4 312 1160 1479 1783 22.861808 -28.064151 63.754595 24.729593 
3 1711 1930 2717 61.734494 30.545449 -54.341314 
3 487 2261 2451 67.484738 10.107755 -74.853165 
8 527 1320 1407 1654 1743 1763 2855 3725 81.882932 -73.137768 95.728656 -4.201571 -64.912950 -99.805246 -85.476300 -64.057637 
3 1432 1468 1915 -95.309744 -27.616469 -16.893946 
4 55 920 3592 3837 30.996389 -82.758145 83.730337 -18.439089 
1 2876 36.831821 
6 844 1124 1283 2083 2169 3950 -40.352335 25.772248 -37.620751 -76.106713 94.318453 6.000560 
4 124 603 3801 3988 -83.549366 18.397937 97.820663 32.398743 
4 1027 1893 2186 2861 -1.328006 -46.852821 75.257943 -46.466636 
3 1069 1567 3113 -75.297804 22.738685 -9.533943 
8 199 419 748 915 978 1101 1304 2785 50.392143 -6.966022 -80.905845 -47.492940 -54.667361 84.293425 25.967737 72.090127 
6 284 506 1223 1378 1619 2776 84.418181 -34.377443 60.774158 -14.149642 28.263987 25.914554 
1 3806 -87.949514 
7 364 1893 2403 2521 2545 2744 3171 -77.810627 -56.685616 -9.395156 -51.688436 -61.655822 35.187082 10.821850 
5 925 1779 2237 2329 3677 -63.239085 -1.298737 -43.026606 24.993042 -62.575023 
4 700 1365 1770 3972 -1.813566 11.129183 92.176695 -63.358950 
9 183 423 494 874 2095 2160 2926 3737 3830 -53.399160 -98.926989 24.925046 71.153416 38.253559 -72.087410 60.450508 3.821333 74.902443 
3 706 717 833 -56.278463 44.764473 -49.304518 
2 3195 3485 21.340839 12.844249 
4 1115 2545 3304 3608 45.426281 -7.575078 31.658159 62.563182 
7 280 604 692 2029 2102 2924 3428 -92.750555 -45.218837 46.026731 -32.282211 -70.209159 -41.751773 75.439555 
7 236 1762 1905 2208 2719 3879 3927 -67.249315 73.300492 22.762319 -65.420884 -27.162612 86.253224 -72.538092 
4 819 825 1423 3446 -41.478857 -13.545502 -61.594322 -20.027207 
5 350 688 1813 2722 2999 -75.527443 25.474145 -47.476131 40.868567 54.086690 
1 1275 55.620953 
7 1400 1447 2569 2733 3278 3642 3780 82.932191 -65.427784 -51.432777 48.321184 53.293936 87.698606 79.932951 
5 405 793 1395 1794 3826 50.934248 87.636129 15.392828 27.218968 14.315973 
3 1167 1463 3617 1.959307 0.361420 98.590539 
2 573 1409 27.273516 34.881070 
5 400 890 1080 1139 2082 -78.520383 -13.110300 17.022457 23.738166 8.672455 
6 1321 2353 2382 3435 3564 3835 -73.635604 17.239089 67.507198 47.237940 56.689709 -4.053717 
8 268 678 936 1317 1825 2591 2873 3322 -46.265853 77.093608 41.728530 -20.460948 -67.972967 9.086257 84.145311 -48.767965 
8 268 875 970 1328 2282 3508 3510 3706 83.835472 -94.736196 97.177356 -95.604109 67.682027 18.455857 -51.121959 59.319163 
5 203 1276 2191 2328 3220 64.530756 63.203113 72.898010 8.073540 20.320930 
4 191 220 849 1056 88.568432 62.945941 10.875420 42.886416 
4 12 296 760 2299 38.147168 31.089470 -17.645895 -90.306459 
4 730 1516 2120 3843 -37.240264 64.626087 15.887935 -73.228994 
4 37 231 551 1938 32.625321 17.285341 75.852091 -32.649883 
5 1180 2288 3032 3297 3376 33.851805 8.338946 -49.973335 -8.617736 -83.317042 
3 1089 1311 2485 -64.362025 -5.011226 -60.175064 
5 1078 1099 3059 3093 3282 67.621674 94.775645 -73.079040 51.969138 76.543681 
7 102 1158 1290 2568 2635 2829 2879 47.691006 -38.000583 -56.227657 -37.469493 -2.264442 -77.041095 -66.022357 
4 1532 1752 1933 2561 -49.573298 45.745388 -63.449824 -68.000324 
4 1834 2425 3189 3872 40.592845 -66.075110 -40.326069 72.106711 
1 2764 53.443466 
2 1745 3740 -3.330926 -47.428276 
2 503 537 31.320295 22.872939 
5 240 1207 2403 2424 2503 7.904898 79.842804 16.944909 -52.719031 -43.858654 
4 303 829 3095 3977 -77.460119 -41.817577 88.839842 -31.082907 
3 1229 2160 3227 5.954864 -28.087667 36.643737 
7 265 274 1035 3022 3044 3351 3525 -16.535505 65.691592 -31.972864 53.060575 -93.676810 5.548293 24.740052 
7 1029 1564 2393 2718 3166 3216 3577 24.475371 97.098267 -29.068158 -94.266255 70.791602 -15.287936 46.477383 
4 261 960 1296 3465 -88.682761 5.180415 -71.715622 83.779019 
4 960 1022 1113 3089 69.474900 98.118322 -72.318074 -60.026500 
6 8 404 1002 1109 1877 3119 -49.136477 18.021180 61.442856 -16.832815 30.722743 -38.822701 
3 100 1092 3426 -98.706906 96.203066 -72.036669 
6 538 700 3066 3628 3710 3889 59.512922 -24.492890 -51.934227 -24.368470 -89.707089 39.743633 
4 549 980 1890 3942 -60.145701 70.756396 56.926274 24.572815 
3 1297 2076 2257 13.560752 -32.163661 -60.014701 
4 593 2304 3561 3989 -39.044501 34.672424 55.724496 32.178739 
3 1085 1220 2549 14.475808 -49.381618 60.842528 
9 568 985 1863 2540 2596 2682 3241 3568 3806 -99.732275 4.909833 -39.097416 93.962696 62.835471 3.981034 -6.190201 75.938285 -58.193856 
6 420 898 975 1082 1906 2254 -20.826570 3.138952 -28.249227 -71.292576 67.507196 -72.846646 
8 490 583 922 2182 2950 3472 3641 3655 -24.851664 -36.764061 53.068899 -62.178663 -99.666236 -86.666984 3.918701 -44.193734 
3 882 2367 3317 61.097712 -81.787549 -94.123713 
3 2347 2764 3163 28.054596 79.115196 4.841049 
9 461 677 1053 1075 1508 1515 1905 3883 3888 70.005858 -75.297758 52.766812 -69.785612 -45.070068 -36.527912 59.759356 -96.898505 -73.661730 
4 303 2054 3267 3907 -75.612340 88.697281 -23.582897 -78.615280 
1 3076 -40.238032 
8 577 743 1047 1145 1173 1242 2291 3645 3.125810 67.346830 -65.341726 45.507532 -91.548358 92.885083 -16.658881 31.225570 
3 300 348 782 23.966776 69.810402 -14.438399 
4 1274 2959 3673 3946 -59.454783 -52.283182 40.819081 83.927517 
2 1732 2194 96.509893 -89.092628 
2 3616 3812 -49.585318 56.502788 
2 1263 3093 -25.834940 -20.949521 
2 353 2128 -66.092629 78.109163 
3 2174 2271 3097 79.972091 55.224469 -17.461839 
2 1513 2624 -62.281052 -82.299701 
0 
6 999 1962 1967 2211 2868 2938 -36.728179 92.721673 47.339363 43.565378 99.040182 -79.927665 
7 391 877 914 1698 2004 2037 2555 -49.550833 -67.763336 52.085630 8.057913 -97.815673 51.376185 15.426519 
0 
4 333 448 3069 3293 -81.811885 71.024722 -6.191104 -2.854791 
4 1720 2811 2847 3662 80.346067 -43.569772 -8.487711 9.256979 
6 782 1873 2536 3646 3743 3932 -85.447723 -3.542837 9.903559 52.360708 8.461581 81.484486 
6 1473 1883 2331 2392 3702 3869 7.786865 58.430426 55.760713 43.310266 -32.528062 -80.094286 
5 997 1263 2504 3613 3939 13.494597 -98.774228 -51.457018 63.271862 49.232793 
2 222 2711 45.782001 25.396976 
5 1035 1591 2960 3071 3232 86.140765 -1.762498 74.701382 52.059889 -22.633881 
4 511 1634 1969 2680 -15.760207 -70.976520 -88.449891 -67.883564 
3 268 2625 2699 7.185261 -26.326562 -13.291971 
10 332 593 600 708 2127 2151 2354 2615 2684 3592 20.740410 -60.463225 48.859404 98.404192 41.015143 -83.408406 -3.652829 -94.208179 -18.422948 -42.644502 
5 369 1400 1460 1630 3328 -47.955082 23.909883 -20.898340 90.386794 7.097032 
5 1050 2339 2732 3622 3939 44.131534 85.457210 -84.163751 90.188141 48.642965 
6 258 625 1273 1900 3236 3573 38.232533 96.286389 -49.642385 -60.804063 -25.170563 84.267660 
2 1148 3452 -88.505761 94.277257 
6 286 1314 1362 1924 2549 2761 -99.084130 95.734557 -45.433697 7.351632 -46.992531 -75.111250 
6 58 187 343 373 1165 1914 -94.055977 49.458246 -19.422042 -11.906353 37.243080 38.014886 
5 334 879 1608 1935 2244 -10.443959 -70.628525 76.390533 -96.859365 24.760232 
3 1793 2574 3580 37.178679 -63.419561 40.712610 
1 2908 81.979689 
6 761 2421 2733 2781 3172 3524 3.212031 -73.051647 62.860393 -7.527869 -50.995498 -66.698691 
5 215 473 505 1608 2915 15.829837 43.285064 -69.766173 -40.576075 55.834648 
7 435 985 1253 1289 2283 2593 2760 -80.045853 38.004037 90.189844 87.204371 44.893742 -56.165864 87.287404 
2 354 554 54.590863 16.323883 
2 1730 3029 -91.283238 -56.766944 
3 1038 1906 2865 -37.369738 -30.873020 78.362110 
2 2968 3762 -14.727934 -23.584052 
5 271 1494 2162 3476 3723 -95.042998 45.496654 2.440208 -51.468739 84.263768 
3 1565 2739 2909 48.028689 -35.421166 52.599829 
2 1326 2137 52.946128 59.578923 
2 1652 2567 69.251959 -21.611484 
1 1448 -12.423598 
3 1146 1745 3405 -51.308745 3.816659 53.820577 
3 683 879 3440 -42.308031 -29.941952 -65.567165 
3 3010 3372 3637 85.042227 -70.375330 -73.595999 
3 986 1286 3446 49.534405 -89.485312 53.778005 
2 31 1249 55.899875 -32.817390 
2 2397 2892 20.859800 -99.285257 
5 277 553 1861 2944 3248 69.916256 82.796086 4.601138 20.871374 47.653309 
3 1125 3120 3383 24.118595 -49.487511 -2.172921 
7 358 415 429 715 2535 3764 3796 43.064161 -17.196261 19.661884 -97.937778 85.718954 79.817414 -17.376220 
2 584 1171 -14.210131 -83.750003 
4 177 615 3021 3339 84.729909 74.348430 -65.363325 9.295508 
6 190 946 1349 1940 3620 3727 20.903679 31.522033 69.841496 -21.027109 16.041772 14.533430 
5 362 957 2604 2690 3630 75.635613 -70.532522 -74.007424 60.777793 -44.752848 
5 162 1819 2241 2578 3702 -25.562976 -58.745146 69.942245 -14.986957 -15.678975 
4 704 907 993 1886 -55.677363 -26.783786 -89.757609 -21.181031 
8 56 280 1426 1779 2081 2536 3115 3678 -16.053458 45.700527 -8.118342 -74.630376 23.227570 4.830824 -4.951924 -9.239273 
5 267 908 1657 1713 2262 13.060715 99.168294 -39.366091 -55.780443 -32.793331 
2 960 1752 -94.361431 60.779963 
3 1839 2080 3145 72.677367 89.820505 12.750888 
2 2445 3903 28.156526 67.126515 
6 327 1045 1703 2262 2289 3065 17.795494 11.892050 -49.331571 -36.654257 -1.536696 35.150067 
6 41 328 785 1467 1959 3718 41.782601 97.311089 60.316335 -80.748183 42.305294 36.535362 
4 407 1656 1905 2839 -2.490431 -37.581507 -87.845158 -31.292650 
2 1275 3101 -36.005148 98.454495 
2 2105 2445 83.738147 37.308428 
3 816 1626 1821 -95.086770 99.599764 -6.155627 
5 376 543 946 1704 1984 -97.686146 60.909398 85.168850 76.733137 11.528436 
4 2175 2461 3263 3557 -86.172064 88.508036 -47.017957 -73.174799 
8 358 523 993 2438 3008 3228 3443 3691 92.478846 0.986480 13.067083 8.248770 -27.976446 40.498755 -67.976829 6.013541 
1 3926 -65.460849 
6 190 941 1053 2150 3435 3738 -39.854068 -60.001682 52.238128 43.960449 14.245392 -89.471851 
2 1458 1845 -2.055559 -83.809987 
6 102 779 899 2039 2736 3226 -31.402509 48.038347 77.582921 -96.639130 93.863259 -45.780023 
4 212 1132 2907 3514 50.198643 -2.908425 82.560993 -6.829117 
5 485 753 1384 2838 3116 -87.277405 35.425531 48.248483 -66.810182 -57.638593 
7 5 183 893 1113 3025 3445 3787 -53.867663 -91.147966 -54.316887 22.499887 -63.532092 41.973853 -44.812546 
3 2731 3142 3305 3.525882 -97.163772 -59.831660 
1 3139 81.596561 
5 985 1235 2667 3166 3682 -90.968084 54.547108 -45.545243 -23.442808 -79.297954 
1 2154 -97.009263 
4 252 530 983 1262 -87.727210 -0.832883 -25.632373 -52.610389 
3 900 1367 3848 -86.712057 -31.122849 47.791407 
3 1388 3390 3507 82.920550 -43.014475 30.168282 
7 408 609 886 1008 1374 1463 1766 -36.781611 -75.251337 59.928891 -64.995127 -17.243714 6.833234 79.141748 
3 351 1757 2515 -55.097623 -60.477419 18.744927 
2 713 1102 12.507487 73.104366 
5 998 1236 1354 3030 3406 88.174336 -8.312621 -52.023629 43.391157 -40.639871 
1 969 7.464544 
5 461 643 1102 1335 2542 -83.517271 0.601061 51.906575 -42.564708 -17.652477 
5 76 2161 2318 2786 3263 -92.833034 27.498118 -96.148632 25.293607 61.046203 
3 249 749 3258 -15.964692 50.138661 21.798622 
3 633 1819 3887 -84.431039 -38.429536 -12.344046 
2 451 2483 34.507512 -9.776200 
4 1931 2533 3208 3573 41.826381 -3.054135 8.592625 96.650893 
5 333 974 1017 1119 3615 44.570858 -1.678681 37.807066 68.462595 40.701167 
7 678 764 974 1153 1661 2413 3153 -6.712229 33.744215 75.343405 -86.181863 -45.346418 11.072040 71.445591 
4 773 837 1200 2039 68.029972 32.447521 -67.980060 90.617248 
2 1628 3910 63.379649 46.032714 
4 1137 1428 2126 3353 17.522537 42.892852 -32.252461 90.776546 
5 1998 2063 2177 3041 3417 -35.157534 -19.733345 -59.107737 -57.116122 84.785589 
7 455 578 1667 1778 2922 3375 3957 7.827398 95.244590 50.736208 47.030748 87.583895 -2.995448 -31.440950 
4 213 1036 1542 1837 43.401729 -37.400200 58.297093 75.700607 
2 1733 2140 -51.837193 69.263525 
2 1750 1864 -7.351567 -37.138754 
6 326 519 1075 2129 2529 3479 -93.868415 -22.250792 -42.512556 -29.716965 -46.289600 71.622810 
4 395 1622 2206 3411 28.246780 25.849104 -62.483697 98.735919 
5 735 1041 1512 2041 2655 -39.740960 4.958722 -52.739702 1.878004 -35.182946 
4 796 1768 2130 3931 98.515446 -18.822355 90.872101 26.019912 
4 1454 1997 3413 3944 2.683932 -60.627742 14.969827 -87.575391 
5 181 958 1278 2574 2953 19.391106 85.474719 -2.599227 92.870946 -78.490398 
3 55 503 1217 52.325261 99.024523 -63.297686 
4 1280 2491 2758 3341 47.309431 63.466753 84.047431 -90.656944 
2 2435 3029 5.171804 -89.467584 
5 238 1146 1339 2502 2785 14.276973 28.316234 39.531049 -33.164320 -23.778626 
6 354 1277 1456 2436 2648 3337 -62.794043 99.321516 -4.743099 -14.203114 -80.891243 -30.572612 
6 528 1112 1159 1561 2053 2407 74.127658 -84.511642 40.425244 -95.653635 -65.846868 49.662150 
3 273 1922 1983 54.955515 72.799753 -66.844912 
2 2420 3456 -60.097835 -95.920762 
5 364 720 739 788 1431 -70.981668 -57.389156 62.947642 -67.221474 46.853450 
5 839 1857 2354 2914 3147 24.893006 -15.586654 84.334070 -3.057756 17.345687 
2 34 1255 61.930598 17.850695 
4 134 252 1473 1588 -33.545737 50.130208 47.697468 95.735536 
2 886 2586 89.584164 41.392964 
2 3141 3988 61.421418 -98.520385 
2 1222 1523 -56.463813 -75.908703 
3 880 2344 2890 96.950316 -21.996668 -3.428875 
5 62 1847 3633 3827 3862 -33.281525 -85.691023 -77.761671 -70.242159 51.131925 
4 896 1739 2464 3789 31.256759 -96.641441 -16.371312 -17.134553 
6 1981 2004 2072 2598 2911 3920 23.476342 -15.409909 -20.084374 22.291539 90.396265 92.395237 
3 1213 1958 2373 16.194448 92.142578 -18.256296 
7 1049 1332 2549 2572 2707 3239 3929 98.976457 -61.787256 95.278583 42.919874 36.588705 75.140528 87.173152 
4 1084 1660 2230 3305 49.302386 66.756010 11.261533 -91.842355 
4 58 164 674 869 31.268864 -90.003343 84.724095 9.355614 
4 1865 1884 2254 2448 92.705044 80.285974 -59.855539 -13.320413 
3 2704 3571 3904 32.013277 -66.749423 -33.102518 
1 1735 33.118040 
3 407 1109 1910 -85.278941 91.616966 -3.138082 
4 848 1108 1398 1552 -21.365847 -96.072722 49.873903 34.274193 
4 881 1623 1896 3920 -22.622835 15.938858 -31.045793 -7.272849 
7 376 1084 1186 1193 1197 1387 1446 64.181902 18.333819 83.280597 50.519319 68.691593 -16.090574 55.077909 
4 71 1755 2832 3866 -90.504059 51.701146 -51.013435 -91.603915 
1 2247 -23.461741 
3 164 619 930 13.885182 -58.236043 7.992225 
3 1975 3388 3644 -16.495548 90.432542 87.176965 
1 3396 -3.193687 
3 1882 1969 3551 -54.072650 -71.584240 52.605961 
1 2172 -57.221211 
3 2001 3306 3924 -17.767486 95.126123 61.186353 
0 
6 65 1309 1536 1675 1894 2548 -59.324772 93.364266 87.995569 14.105266 -69.346787 48.467574 
6 498 1177 1522 1817 2624 3635 -43.209396 52.137679 19.442597 -93.147889 61.417635 -94.071932 
3 999 1542 3481 -59.018858 -33.741461 15.927990 
4 1234 1935 2104 2441 10.100325 -30.050553 27.425232 -63.345090 
5 465 781 1830 2609 3486 76.995755 -11.622266 -81.618310 -72.394056 49.071042 
4 260 409 2012 2998 -43.356528 -62.584987 -99.912478 -59.430953 
2 1088 1754 5.631238 2.109936 
3 1175 1369 3835 37.973422 51.537712 -63.578485 
4 263 496 788 3549 -74.664526 96.103416 37.748058 54.112289 
2 272 3260 -98.081087 -4.741422 
5 337 1132 1912 2609 2884 93.307810 23.703946 -63.265488 55.939898 40.193423 
8 179 1643 2146 2261 2269 2665 3561 3789 11.994170 9.439306 14.963667 1.912459 -23.381018 -14.857257 66.498362 -75.143995 
3 1967 3634 3908 8.340674 96.150680 -90.611274 
4 516 805 1555 3168 25.506690 38.116910 19.533882 -54.058841 
2 305 2043 -92.474515 19.733690 
4 800 1418 1459 3740 48.409641 38.654543 43.598694 -76.621722 
2 469 3801 58.006889 9.611818 
3 219 487 2134 -33.165271 85.917524 -84.551819 
1 3322 -20.563363 
1 3231 65.871810 
4 378 780 2959 3918 -97.398002 13.385807 -48.474847 51.770615 
0 
4 221 626 2750 3787 42.052284 -31.108240 -36.568779 -95.087756 
6 223 1002 1040 1381 1680 1980 55.778890 -76.815338 98.158475 -83.845991 17.488087 -27.369191 
3 645 1994 2405 16.798134 48.824828 -73.862878 
1 515 29.564038 
3 1099 2695 3823 42.336028 -99.909471 70.986138 
3 77 677 1197 22.014096 66.378499 60.638553 
2 1292 1759 78.980118 43.103708 
5 339 469 1652 1995 2330 18.371449 28.812579 -30.224523 1.619014 50.903248 
6 894 1295 1750 1758 2239 2956 78.366723 -38.527146 97.853231 -86.208467 21.826582 65.168118 
3 836 1178 1261 -24.179746 -48.018222 -4.425743 
5 1542 2323 2324 2612 2963 -93.564526 23.638062 48.321740 47.967484 -90.197523 
5 290 1215 1889 2390 2817 99.882091 -87.313718 -88.366644 -94.737438 44.399153 
4 1161 1455 2045 2840 -23.458291 43.004803 94.162956 -97.843254 
2 1082 1179 -3.874034 40.951196 
2 494 955 -27.310291 70.935433 
5 1210 1748 2397 2481 3678 13.253979 71.585924 32.198449 -33.197085 -92.973551 
7 504 1357 2153 2469 2733 3142 3145 -55.945106 -16.768229 -97.344200 85.955600 -68.891235 59.785636 -81.176257 
4 1037 1062 2819 3814 -29.054749 7.258866 -2.312131 -65.640040 
4 210 230 371 3508 -51.990754 -54.198386 -89.586132 -62.340161 
4 28 2301 2908 3526 14.478654 -89.140561 24.606552 -94.156653 
3 334 2116 3398 -46.488390 -49.577200 94.650983 
1 3599 -87.293463 
5 1120 1334 1804 2601 2907 -36.628168 -67.258192 64.985442 17.076495 -59.380083 
6 159 906 1619 2604 2771 2850 17.127164 63.467302 -48.577867 -37.601366 -65.678221 -65.670725 
7 53 268 515 1603 2429 3533 3541 -19.707793 86.888761 -95.793776 -86.121193 -22.445781 92.172392 -89.373026 
5 1507 1918 2365 2930 3804 36.839135 67.795181 7.402278 84.370361 -69.664199 
4 328 1911 2056 2535 -51.568881 -82.695713 64.965421 50.200713 
5 502 844 1949 2182 2423 -89.808912 -9.814946 81.792856 -13.574016 35.705260 
3 694 3168 3716 54.159173 86.267983 -21.829963 
1 3695 -77.799959 
1 763 5.012384 
4 1275 1768 2551 3563 -73.196651 95.574101 19.239116 -60.695320 
5 357 542 2350 3343 3944 71.495997 -69.837979 14.642643 43.641040 -92.659116 
10 293 524 610 871 1070 1166 1805 2309 2527 2786 -14.993424 96.829594 -63.296648 75.772349 -40.051315 -96.464133 -93.661040 16.727400 39.481624 70.795906 
4 746 1588 2344 3358 -71.039914 -71.654894 96.875182 -74.047507 
3 2861 3285 3431 -67.164288 66.743244 60.445099 
4 449 837 1710 1987 -82.816555 -42.492871 73.540682 62.865094 
5 1467 1590 2676 2989 3065 29.056037 -76.446292 -54.045244 -31.794476 -83.432481 
3 1735 2472 3211 -60.261900 -3.371224 -52.030379 
2 775 1750 -55.165370 83.926796 
3 139 1731 3582 46.697496 12.231244 -2.956128 
2 1189 2172 -21.983774 -3.913826 
5 563 1108 2518 2736 3315 89.070789 86.170128 44.191326 73.121978 -16.712088 
3 720 907 2025 31.400672 70.968131 -35.036530 
3 795 1009 1288 -51.977381 -26.245431 -94.647770 
6 914 1725 1824 2645 2971 3017 -1.460656 -32.706824 -59.865740 -2.571409 62.412453 22.320701 
3 74 637 3297 34.166095 -22.137257 4.867992 
4 799 2246 2799 2947 -65.676021 -82.351511 -99.940804 14.305891 
3 1002 1022 3097 -11.503528 -98.669311 -60.597262 
6 599 848 1420 2676 3243 3844 50.671186 17.329466 -39.744324 4.669618 -45.968762 52.715639 
4 802 1013 1849 3231 -97.568248 -92.327952 43.106159 -42.622339 
3 433 847 2466 -9.744750 86.672798 -11.422640 
6 351 368 1388 1777 3303 3803 -20.078042 -21.957206 -6.290661 99.759562 51.106208 80.972902 
6 99 2092 2334 3772 3884 3995 -1.340506 -0.394750 -27.737644 63.213649 81.946262 33.811551 
2 2715 3825 63.470817 82.028320 
3 635 885 3211 17.670229 3.584941 34.983560 
1 3660 -21.628073 
4 283 1552 2726 3857 -39.494069 17.505311 -58.661169 83.630994 
5 360 521 1626 2177 3093 10.470215 -78.930588 72.621684 0.750743 29.208658 
5 583 1407 1457 2897 2922 89.472509 -85.275352 86.667662 -8.974839 -12.956466 
3 1258 3121 3838 -7.951419 88.935319 -90.675531 
4 429 2027 2322 2585 -6.073336 31.875187 34.772533 -2.629125 
5 14 739 1190 2069 3417 -18.382595 -67.536002 59.280043 -30.127137 -11.021531 
3 1935 2225 3915 -65.967647 -63.101242 47.534111 
6 538 583 1237 2011 2169 2908 59.281122 94.307737 87.444082 -49.793406 -67.506555 50.244867 
4 1255 1815 2820 3640 -72.780096 2.090459 -40.513338 83.130346 
5 1639 2101 2451 2777 3060 15.092205 67.639588 -95.260427 -63.886583 20.543913 
4 468 576 3328 3689 -30.679045 86.802399 22.654171 63.669644 
2 3305 3777 -79.780159 -70.646661 
5 5 459 782 2359 2805 34.805835 -50.955787 -70.163465 72.755099 16.856122 
3 2939 3058 3187 15.145308 -90.943487 -80.971118 
5 699 1814 2712 2857 3837 -91.499676 -75.416866 14.781257 94.348198 -31.103219 
1 254 -36.449845 
3 438 914 1333 -78.045611 -84.885878 -77.596115 
6 358 1720 2454 3336 3605 3683 -80.155446 -40.430552 -59.366266 68.350061 -96.598047 92.285581 
7 338 1000 2136 2647 3319 3678 3762 -26.648848 65.281590 -22.388000 -42.087385 50.075214 43.088115 -96.113736 
4 323 603 2754 3149 -16.317881 -62.106827 -86.219516 -64.456663 
4 645 1330 1831 2949 52.050815 28.006492 9.795286 12.932255 
1 3191 -82.524198 
8 119 2044 2092 2147 2733 3058 3232 3622 47.591075 65.411277 23.806256 -75.100321 59.133550 66.155164 -55.828185 14.687376 
3 243 615 1653 74.626758 -53.958086 -92.756766 
4 1872 2520 2778 2799 -82.577297 33.846892 49.734694 -93.922529 
6 1210 1681 2115 2280 2405 2951 -9.665600 76.628077 58.022657 98.579357 -3.145451 18.797680 
1 3485 63.508674 
7 463 472 2645 2660 3047 3068 3531 -54.599042 -63.523724 -40.288414 23.958348 83.286153 -77.264110 -37.266902 
5 765 2082 2834 3962 3996 -72.107663 -19.774729 -37.868532 -82.568251 93.909724 
4 923 1925 3569 3609 -60.383299 39.351358 -91.190364 -77.265552 
0 
5 38 282 1634 2545 3966 28.594882 4.270436 77.093359 57.977727 -55.314368 
5 97 1125 1371 2555 2796 59.773676 -55.065072 13.036498 -91.842777 -7.719202 
3 390 2330 2495 -89.386587 76.887923 77.513263 
4 729 891 1658 3518 43.473696 -10.393137 -56.490023 34.275035 
6 229 2346 2446 3024 3292 3401 32.712850 -6.604796 52.369846 -87.994832 88.939435 -29.237847 
6 898 912 1335 3061 3555 3956 65.144248 87.508684 55.184569 66.056081 68.039652 88.679830 
1 1290 82.015443 
2 1311 2841 1.804025 -2.632231 
4 686 1431 1434 2863 -26.858965 -66.388460 -3.996435 22.274092 
1 3230 -57.846320 
5 421 693 863 2969 3003 -56.759829 -20.196095 -55.902120 -97.495849 -51.071293 
3 1791 2281 3486 -16.949704 -44.984231 -84.037692 
2 1039 1441 -97.691107 8.736967 
9 335 426 913 916 1445 2306 2675 3353 3421 -59.801235 47.747995 -50.101255 -45.105129 -65.934199 -56.747867 95.007158 -87.788641 29.798053 
6 228 280 943 1708 2034 3337 99.535787 -71.769129 -36.475527 -12.946108 47.632033 71.652378 
2 1655 2631 19.228022 -22.147146 
1 2359 41.596524 
3 1252 2194 3360 -39.575998 73.258751 5.141246 
6 776 875 1094 1522 3788 3856 -58.856354 90.143827 -74.581057 -33.569176 -63.253108 -94.092739 
1 3122 -56.444445 
5 978 1658 1992 2259 3940 72.029407 -20.393665 -18.615490 -62.029285 14.134373 
2 2524 2964 25.797089 -9.609095 
3 1106 1367 3560 -1.492292 61.314665 -54.320747 
8 490 1147 1192 1443 2682 3519 3828 3997 -36.252107 -12.104228 12.644012 78.014127 86.385830 8.375702 -57.424884 64.207610 
4 941 2004 2389 2885 -7.505802 88.966140 50.647418 -24.363427 
6 2644 2662 2898 3189 3217 3417 71.487419 -99.890191 89.567873 -70.549001 49.229374 97.344588 
2 2378 3032 23.119517 37.219682 
5 435 941 1304 1511 2587 93.252647 97.491004 4.382746 -95.621120 -70.760511 
2 2360 3275 -83.954318 -25.874034 
4 963 1982 2111 2929 -16.280002 -70.862249 22.808818 12.127774 
3 2560 2663 3378 -60.330959 -28.521449 4.975073 
6 120 274 300 1505 3038 3726 -80.471086 56.353115 9.386861 0.671708 -21.605354 54.698321 
2 471 2082 60.734140 54.997321 
6 46 661 1008 1124 1186 3838 77.711241 -56.421644 72.429235 32.776764 -47.838793 79.371848 
3 1914 3157 3682 -86.770242 55.036302 88.833389 
10 762 842 2008 2141 2231 2276 2727 3078 3311 3511 -45.591171 -77.481168 -49.671553 -46.011841 65.966940 11.381428 79.936182 -62.568997 -73.597639 49.152894 
2 1238 3709 7.483341 33.136696 
2 180 2959 28.780265 90.416318 
3 3 2007 2785 -50.210511 -28.798238 -67.311277 
4 143 1760 1866 2038 -43.280506 -17.708620 57.171057 75.869214 
5 139 2118 2561 2767 3045 -98.727764 64.985713 -70.449075 80.049374 7.917070 
5 167 270 308 471 597 94.138301 2.480219 -22.740610 17.017906 -44.065259 
8 835 1208 1807 1824 2179 2645 2949 3823 87.145968 -24.445364 58.459318 -82.627909 -52.054376 -22.823131 -63.866616 -21.530407 
4 1325 1387 1750 2655 42.673522 34.100382 96.366817 -34.821590 
2 469 1286 -75.694465 92.727008 
5 101 869 2626 3035 3135 -90.060126 -81.546885 22.958238 -62.448486 67.327399 
4 786 1403 3340 3890 80.062776 74.783221 64.005391 40.287555 
2 1029 2567 -29.623072 39.173481 
1 185 82.979405 
2 797 2810 22.213289 89.624765 
4 633 1034 1367 3686 55.438112 -70.414862 -73.799780 44.820971 
2 775 2541 95.201240 82.643453 
4 1145 1193 2521 3611 -81.679322 61.370500 -75.330696 -62.357416 
8 462 1914 1961 2768 2824 3358 3585 3758 -45.006427 6.843190 -10.372687 -73.599125 43.429080 -39.887930 21.452804 -45.204986 
6 850 1652 1809 1994 3039 3256 91.093332 16.714527 -60.781753 -55.334013 64.244014 19.415206 
1 3232 50.243810 
4 669 2078 3677 3939 30.268989 65.684117 64.558165 54.163330 
3 3857 3876 3882 3.785068 27.557607 -79.260560 
6 1321 2010 2175 2932 3545 3569 -52.123240 -38.296160 -72.268905 -71.948706 73.405042 -97.012737 
8 80 370 511 632 1307 2727 2833 2846 -6.984712 -31.629769 -56.307608 21.422364 33.870554 -44.151350 -48.200979 13.785574 
1 1395 17.650371 
1 2561 -8.827023 
4 1269 2783 3056 3998 25.695097 -68.769585 -40.484060 -92.481145 
4 1514 2071 2776 3835 55.074558 51.129801 37.326764 -76.068018 
2 2857 3886 -68.242388 -22.707989 
4 560 658 812 1825 51.846417 -88.764822 -16.891729 59.008746 
7 1117 1164 1615 2035 2193 2261 2472 -35.423125 11.567705 9.883580 22.905910 -36.868031 -84.759394 -74.748131 
2 2513 2550 -53.294604 10.068334 
4 1269 2152 2517 3481 -11.663632 7.948135 -64.528702 -27.529487 
5 294 1978 2800 3772 3793 67.605043 -37.010769 68.669414 -13.902066 -80.576127 
7 2060 2596 3310 3740 3830 3888 3929 -86.212975 74.581693 -60.397984 90.605756 38.872501 -11.068947 -77.480234 
2 1010 2270 -74.669003 -12.455372 
5 710 851 2497 3095 3560 -35.955675 -13.850050 -91.761677 42.955997 95.057019 
4 1082 1892 3390 3630 -49.003432 -25.770768 -54.725056 -26.846128 
4 38 1839 2204 3184 -15.306645 -94.838025 73.292499 -28.693907 
4 373 1275 1921 2440 -59.267009 45.960572 -53.251475 -47.150539 
4 1802 2637 2752 3687 68.938332 24.704977 -20.907972 39.791856 
3 369 1384 3479 -19.374462 -3.575661 -59.928055 
7 42 335 714 976 1157 1303 2841 -44.847541 32.453000 -22.469760 -57.880417 84.922305 -69.097034 -95.638083 
3 885 1105 1142 78.502186 -8.766974 15.871646 
1 3855 24.826883 
2 1417 2259 97.341282 -18.963554 
2 1527 2863 95.751964 -64.168785 
4 173 1364 1952 2738 41.709921 -6.749382 -51.361458 -0.915418 
5 132 1570 2610 2773 3073 87.413103 -85.627121 96.675171 -60.249642 -88.113269 
3 1186 3048 3049 -20.360353 80.024467 -39.762082 
6 639 1266 2073 2263 2319 3868 9.373925 31.875437 76.038671 53.946561 -31.749057 -25.366534 
4 771 846 2435 3626 86.514117 6.221355 85.450104 65.601629 
4 353 392 2790 3209 70.368336 -83.548407 -87.004121 -96.697984 
4 1610 1653 3499 3889 62.827285 -68.164416 -94.716938 73.133433 
3 504 2248 2603 85.233715 6.934324 -32.916214 
3 1446 1849 2538 -17.852177 11.741859 15.819686 
7 889 1719 2141 2210 3329 3614 3751 -82.795748 39.370622 -50.040289 57.729597 -62.185754 40.809172 -29.942855 
4 322 1140 2453 3428 -29.219241 79.268663 -3.171619 15.552955 
1 872 -9.336120 
1 1392 -86.046835 
1 3693 -44.309662 
5 166 289 1561 1702 2835 -76.067699 -1.697429 -44.829008 3.359618 -52.372009 
6 176 2558 2811 3194 3835 3840 27.692442 52.249220 44.027369 -33.402067 -69.483945 2.971723 
5 175 1178 2740 3072 3312 -79.644536 -98.190103 50.912661 25.822607 -25.771613 
9 27 1494 1704 1966 2868 2874 3229 3260 3676 36.754324 -63.601283 -54.916403 6.022398 86.518222 -66.798060 79.456278 64.665714 -58.522800 
5 544 900 1361 1830 3934 -76.034326 14.736786 80.509299 9.980763 87.347580 
3 1409 1710 3300 -23.278947 -10.176161 96.844874 
3 998 1396 2129 90.273335 12.614196 64.532695 
4 1131 2209 2420 3948 -75.132994 91.479720 11.374718 34.002944 
2 1904 1995 -10.769983 -91.729930 
6 1568 1841 2037 2249 3251 3848 -1.665680 -93.791148 -97.537781 -42.533542 -80.327555 -7.738931 
1 295 -45.654838 
2 1074 3618 0.823459 -3.066760 
4 97 1042 1818 3067 74.768317 -97.325984 74.346611 -17.800554 
5 241 1564 1920 2783 3376 62.832975 77.127540 34.350200 -41.013414 53.569014 
7 23 461 625 730 1417 2194 2770 3.139886 -82.191241 97.250877 15.886086 -67.233626 26.984241 -67.913692 
3 1000 2305 3207 9.458103 25.809223 -98.616422 
2 543 893 97.147964 59.933942 
3 138 1090 2942 84.271735 50.348508 85.039777 
3 600 1600 3804 -31.335559 4.445832 32.371051 
6 819 2505 2557 2599 3013 3739 -75.100709 -28.578771 32.498014 37.314489 23.251394 -66.940039 
5 335 1787 1863 2135 3980 -9.179075 4.664233 61.120588 -53.920677 46.112149 
8 216 284 369 452 485 1205 3828 3879 30.224208 14.462392 6.631558 -38.568558 -12.150678 5.557574 85.292895 -20.687105 
9 454 585 621 1230 1644 2152 2186 3026 3790 -76.114517 -5.582031 -70.845302 -16.634426 -32.576289 95.549738 -5.624849 -9.695136 79.297389 
2 2578 2844 13.461511 -87.697530 
5 817 951 1113 2828 3463 -65.354834 -68.793085 -4.793525 95.433594 -41.836979 
4 247 1894 2617 3963 -69.356856 21.559258 95.665594 -24.887595 
5 696 1053 2195 2372 3246 65.548636 80.218256 71.995738 81.896342 -50.663363 
5 433 544 843 1854 3395 -34.055245 -17.730599 -24.730422 53.237038 91.315421 
7 491 1255 1306 2112 3089 3210 3295 57.443941 52.577275 45.636041 -11.773149 50.404434 48.116868 81.724019 
2 76 3130 -71.643921 -66.516674 
4 281 3129 3186 3534 -23.261719 -52.746255 -56.439014 -42.754369 
6 74 649 1270 1364 2268 2875 85.947436 33.364533 -40.265890 -96.305488 91.071500 -79.253287 
3 290 691 3170 56.921383 46.357418 -48.930185 
7 816 1001 1395 2179 2189 2420 2799 -99.099121 -32.715718 71.595034 24.065328 3.171442 72.126942 38.013809 
2 1753 2245 32.580203 -49.886873 
5 523 920 1442 3147 3936 46.489745 22.480822 -21.597532 -85.974428 -50.179583 
6 326 1847 1939 2187 2766 3764 -47.041631 13.684825 -95.048524 82.742918 -18.189018 68.761754 
4 869 1911 3040 3679 68.567627 -72.493979 10.856803 -9.638144 
6 411 999 3332 3350 3398 3525 98.021857 37.904011 86.219228 -9.662406 12.430142 -59.297683 
2 2589 2988 -65.698033 -57.997783 
5 446 605 2170 2250 2822 -86.497690 22.612360 18.856425 58.365720 -79.339976 
4 990 1256 1457 1507 68.168215 -54.501556 -94.533165 -73.395010 
4 923 935 1786 3937 -1.358539 31.659863 86.393539 -3.383712 
3 272 692 1598 -48.410074 -30.113484 9.756467 
3 1143 1580 2765 -59.573375 -58.580261 -27.604309 
4 426 545 1837 3513 90.201742 74.156047 4.153104 79.511613 
5 1595 2185 3094 3733 3748 -51.155804 -23.467533 -48.690773 -91.890464 -69.500409 
6 540 1200 1914 3555 3711 3882 -77.988512 83.891751 -17.354463 37.851636 54.715330 38.468938 
6 678 741 2247 2508 2612 3322 -74.960121 -95.737258 49.596284 -75.497204 -72.397049 -17.075703 
4 716 2726 2842 3970 52.992278 86.522264 41.192220 13.127295 
2 2928 3546 -59.253202 14.152093 
1 2423 -10.799845 
4 1333 1593 3118 3911 -80.770409 5.067649 39.553466 -68.853385 
2 445 3038 -62.913683 35.796578 
4 305 1107 1377 2150 7.712234 -25.954647 -11.048623 -77.973684 
3 2431 2657 3807 -40.715492 12.696467 -21.600980 
0 
7 228 1491 1909 2597 2625 3497 3923 -41.447886 69.518305 97.975003 -76.466038 87.949713 94.307063 -97.284207 
3 2394 2459 3604 45.862778 85.623854 -31.236836 
3 762 1177 1663 20.568298 -63.267202 88.530127 
3 120 771 983 -95.058944 81.423089 75.070816 
2 2101 3117 -46.962029 -18.615582 
1 2569 -33.521138 
8 234 664 744 1157 1418 2586 3729 3831 51.716142 22.988069 -19.369093 70.060802 39.191916 68.133230 -45.087589 59.701955 
5 239 619 2548 2730 3883 -21.348017 -60.092264 -61.801171 -88.166252 29.733542 
1 734 -95.440276 
0 
4 465 473 1629 1844 -79.928780 78.518002 -8.113167 57.686339 
4 448 484 1691 3807 60.304282 -75.542209 59.010151 -44.597730 
4 2 817 821 1336 55.270425 5.053591 5.298867 18.631474 
5 787 1972 2185 2952 3510 84.827698 -10.448874 -29.447465 -6.662960 64.826296 
3 156 982 2584 -88.899878 87.634378 14.223110 
3 1431 2801 3827 -32.427559 -53.316877 -55.203504 
2 2598 2961 -36.928373 25.962877 
6 175 708 2475 2955 2957 3225 36.509861 -92.367176 -30.630329 19.602724 -81.895482 6.030308 
5 56 1983 2711 2775 3868 21.854773 78.052717 11.269482 -24.974090 41.189904 
2 253 815 -42.603044 54.050645 
6 1351 1910 2221 2260 2374 2403 -74.436782 74.956825 99.579887 -14.400848 82.472259 0.828106 
6 233 710 1780 1850 2596 3295 -96.953666 62.892416 -1.625413 -71.907884 37.479006 -26.337105 
4 655 1060 2855 3381 -50.765766 34.817386 76.830838 4.388962 
8 225 1272 1937 2714 2921 3042 3082 3483 84.372721 27.322412 -42.193810 -99.142496 -11.932815 25.780984 -91.743981 -2.770510 
3 1963 3157 3562 73.960407 -78.733357 -78.245660 
9 165 567 1578 2012 2207 2252 3206 3383 3649 -55.796194 -66.806242 94.291162 85.663577 18.586236 53.090781 19.375540 -16.015932 42.297682 
3 816 2541 3260 56.756938 -69.047329 11.953264 
2 1226 1333 41.219044 -44.679836 
5 788 1573 1641 2107 3511 -37.611749 -56.305315 3.198975 80.519699 38.456006 
2 97 946 -21.144316 -60.628757 
6 108 522 1248 1586 2664 3885 -68.602278 69.177443 -56.624450 93.388563 44.716805 7.477321 
5 220 1382 1392 3830 3917 77.063751 38.856415 -66.873746 -90.691128 -30.766918 
3 551 2567 2656 -4.341319 -51.203581 -57.089707 
3 171 267 1176 -5.871107 3.837967 -39.828253 
1 2129 -41.752201 
6 301 427 987 2360 3707 3950 40.217351 -99.670239 65.709900 46.682532 -85.236384 -68.952694 
3 191 2051 3195 -57.912878 40.796367 52.581570 
6 545 1307 1372 2444 3176 3630 -95.165788 0.915638 14.558477 51.088905 -55.914197 84.176976 
6 876 1167 1947 2019 2100 3705 -96.359836 -71.419338 -90.387276 -88.671443 47.389713 -95.830204 
3 130 1085 3042 -53.096799 -15.684744 -96.809706 
5 1167 1233 1468 2056 2358 62.393130 35.690091 92.000416 61.062264 60.107384 
5 180 522 3372 3711 3714 -94.060473 -46.748505 -47.660845 67.521998 -79.138035 
1 1998 -1.938587 
2 711 1849 55.795204 -1.851491 
3 1095 3564 3583 -77.151651 -67.258597 10.136198 
1 1794 7.765361 
3 1078 2633 2884 -22.529052 -24.864301 -22.398133 
3 529 768 1960 -78.261487 -0.255618 -18.587407 
5 24 115 2892 3172 3204 82.893157 18.752410 27.852580 39.188427 -30.895525 
3 1523 3097 3998 -83.772436 -41.142488 23.693378 
5 296 777 2401 2444 3876 98.860103 -35.064591 -91.272761 -74.609883 -50.386427 
3 769 1906 3722 84.502614 -43.260050 30.768798 
3 673 2045 2850 68.424910 -78.349258 -76.620146 
4 1582 2052 2244 2975 91.753459 -19.959588 -18.364658 96.812836 
4 352 622 2044 3507 -91.670772 -18.165854 -56.037143 2.223490 
2 2075 2986 47.016324 49.316689 
4 173 338 2153 3620 21.491148 -43.238388 -32.896344 -34.868643 
2 768 2542 -32.841109 70.250436 
1 3225 -95.151826 
4 2758 3388 3599 3804 33.525678 -6.860173 87.120263 29.618538 
5 593 1693 2318 3082 3234 -62.336641 51.200655 -40.840768 -31.678757 -0.313215 
6 1467 1607 2345 3272 3829 3874 57.228255 -82.594669 33.650332 51.890488 2.420440 -88.182208 
6 251 456 2043 3116 3519 3716 -98.924607 94.295574 -23.241216 -87.052043 39.041705 56.848314 
6 136 853 1176 2080 3565 3953 49.178348 -43.270051 39.534717 35.112412 -79.416487 90.726304 
2 2047 3638 -97.204732 96.200174 
2 2983 3564 -91.333846 84.243386 
4 785 1622 2586 3783 14.763620 68.310322 86.781001 -66.018064 
5 1134 1851 1940 2940 3182 -69.940839 -66.327498 44.406035 0.446633 54.212577 
0 
6 1210 1211 1362 1849 2550 3561 -86.661835 54.767816 -5.528172 -8.989506 -95.510401 -11.586975 
2 109 324 -79.695599 -73.448238 
2 557 1098 2.402244 -28.440132 
6 1307 1788 2895 3283 3746 3968 61.308405 -15.000760 48.301581 52.152130 8.509115 1.981413 
6 562 2670 2878 2964 3011 3012 73.922234 -10.478098 63.018745 53.975339 56.682755 10.935121 
4 2525 2580 3288 3495 -93.395391 -91.390862 -17.718771 -0.449190 
5 371 919 1336 2077 3650 11.301220 4.876491 -24.312436 28.151845 44.413623 
7 342 358 1069 1742 2131 2940 3530 -96.818094 -33.769197 -99.124956 46.347810 -27.932056 2.046442 22.364741 
3 876 1641 2403 43.472388 -11.886416 98.984857 
4 21 522 2120 2578 84.456784 54.151194 44.010704 95.109539 
4 856 1184 1400 2261 12.720167 71.957217 -47.993748 -95.174048 
3 1364 1435 3944 29.140315 69.746432 73.255448 
0 
4 2819 3235 3414 3831 -69.714747 -7.324467 70.971442 -75.705451 
4 230 2705 2838 3332 -78.352870 -60.619017 85.114498 65.175229 
4 89 649 2665 2776 6.712843 -38.632853 29.119774 -80.873230 
5 278 1967 2546 2550 3377 -30.710094 73.671902 25.921452 -0.948083 -2.742439 
3 392 732 3227 38.249764 -15.539329 37.954048 
2 1075 3454 -72.605358 40.382035 
4 921 1306 3209 3310 -42.295594 65.388056 67.157499 -4.519056 
1 3256 25.777080 
7 1005 1477 1988 2107 2500 3904 3992 39.399416 38.850348 -39.247738 -58.050962 81.504493 -23.474377 35.530168 
3 12 1770 2953 43.994946 75.418949 -36.547955 
3 204 772 1477 -66.144799 -65.584061 26.299260 
5 21 510 654 2292 3487 9.195941 67.388825 -48.930662 82.419886 -56.502582 
1 591 26.660418 
7 487 683 2640 3116 3697 3864 3992 -17.011626 -43.457014 -40.970638 -40.540848 -66.102250 -37.290963 90.970409 
6 236 748 1063 3103 3330 3387 -72.098136 -10.759028 -25.086134 -41.269739 35.122125 -27.007364 
6 831 2115 2131 2452 2689 3085 -6.007864 78.749905 -33.179936 73.611691 -32.943575 17.157822 
5 871 2270 2387 2922 3024 53.481824 -43.546065 69.008139 -45.216954 -77.866591 
5 778 1478 1585 3406 3860 -58.362682 -78.603892 -61.995897 70.689048 -25.522288 
0 
2 886 1842 -42.765180 22.439109 
5 617 769 3642 3797 3952 76.812894 -94.177809 -42.126422 -50.952756 -87.103191 
6 1235 1338 1478 1801 1823 2553 -46.011511 93.159474 30.549245 56.034835 15.240067 67.846684 
2 649 2629 -79.927016 -74.736502 
4 565 933 1646 2893 -13.726616 72.135905 78.550892 -9.064705 
6 357 364 732 1049 1531 1882 29.750458 43.417419 -22.574123 80.392210 -42.074160 -46.938954 
3 465 1769 2012 -4.661464 84.997985 -6.834871 
4 928 2493 2557 3983 13.107340 -74.352691 -45.955309 -71.517655 
2 466 1988 43.078782 56.696507 
10 270 409 488 704 1660 1967 3002 3599 3961 3965 80.216522 -71.185733 44.814517 95.542518 -1.496543 -77.202802 -35.259139 29.301011 -95.171128 -70.515465 
4 226 1946 2271 3694 -69.574717 14.061628 22.321629 -41.208731 
1 2342 57.759056 
4 2068 2414 2469 3185 -24.549203 -20.619950 -26.557234 -12.596406 
9 180 772 1760 2000 2449 2832 2859 2921 3413 99.344519 72.082387 14.022172 94.380905 -9.531796 69.776699 -22.158864 -22.925182 9.081972 
2 1299 1938 48.366704 -29.629559 
6 357 1484 1957 2107 3133 3458 11.925821 -17.220151 18.289271 -53.941791 -31.822694 31.789270 
6 1 37 48 694 833 1013 -18.863014 -59.053580 -16.141483 -29.163181 34.709587 -25.680832 
5 672 1527 1870 2380 2797 -82.346847 -1.725474 -75.731231 72.981367 34.532890 
5 698 1512 2972 2975 3059 -13.992022 -10.920850 60.797090 3.757623 1.375358 
4 226 328 1664 3399 73.047661 -5.639224 -20.385267 -22.301958 
5 838 1185 1826 2141 2913 31.522777 -21.513198 41.035492 38.167928 -46.420383 
2 695 2974 92.647231 37.196327 
4 569 1497 1972 3839 -2.470580 -39.600200 35.042385 -75.964098 
9 89 375 719 1785 1910 2690 3024 3705 3771 -92.655192 56.842544 2.057012 6.760702 -10.319526 -99.053496 28.430598 -95.554433 -55.092106 
1 3122 -79.261791 
3 3429 3534 3694 52.303167 -77.193349 -91.350377 
4 1399 2011 2642 3672 -90.569474 36.914569 -61.223182 -59.111176 
3 927 1848 2030 -69.700953 -36.391551 10.322256 
3 995 2179 2310 80.202888 -67.840205 -23.229684 
4 87 1141 2346 3077 4.747614 -78.645881 -70.456460 85.971155 
1 375 -59.287488 
2 2015 3840 27.700549 63.278885 
6 410 1308 1353 1610 2024 2454 32.214238 -86.102993 9.954765 73.360930 -28.911322 -63.363084 
3 456 555 2925 52.261698 -11.029240 -49.030451 
5 12 1371 1405 1940 3887 62.886704 55.424656 -31.688822 58.838507 -41.076549 
4 1164 2683 3230 3423 -47.478325 8.734882 20.825379 -3.442019 
3 1383 1704 3295 -47.072431 -92.772040 -9.860312 
3 3364 3569 3578 86.282964 93.198091 -11.124207 
3 64 746 2115 -37.939048 -81.328393 91.876768 
3 718 1269 2012 -42.274775 39.276130 -66.814109 
5 1424 2806 2875 2931 3648 -42.133351 -19.022550 56.999542 93.030212 81.756278 
1 2011 -73.734553 
7 194 466 715 927 1530 2903 3410 22.787471 54.960106 85.325448 -19.669101 -58.256856 -1.676548 -34.235649 
2 150 2944 -17.832175 -86.480113 
3 2026 2848 3678 -7.547097 57.401588 -6.071067 
5 624 1447 2241 2572 3888 -66.796134 -76.230470 18.723701 54.865432 -59.265272 
3 276 545 2166 -6.357164 89.655045 95.335013 
3 213 395 2547 -94.601065 -83.700279 90.834149 
7 1057 1367 1923 2398 3177 3768 3974 79.630472 58.539433 1.606692 -46.251450 -51.108768 -21.748115 -73.682655 
4 353 1466 1610 1765 27.759014 91.968613 87.131031 -34.639432 
6 138 995 2185 3185 3493 3576 -43.492525 12.203351 -62.821290 17.575897 74.911895 -79.226498 
2 1336 3457 -59.748787 40.439720 
1 717 -0.475608 
5 696 1658 2235 2279 2478 81.866317 15.586728 -33.673599 32.650584 -98.748382 
10 19 691 970 1155 1213 1763 2382 2405 2459 3959 -56.332760 -28.277808 35.474262 4.673432 60.381072 -15.448260 51.729356 -18.885347 32.628548 47.520960 
6 283 346 568 1113 1485 3288 -3.047131 20.057523 -57.120336 8.460300 43.929216 -81.861099 
5 403 490 1237 1615 2471 -27.898632 -73.358960 -81.831375 -89.821930 42.888268 
1 2514 -62.059426 
5 1254 1586 2847 2933 3643 -56.610585 -25.343539 70.815636 -13.914625 82.198381 
5 590 1666 1876 2731 3838 52.374852 29.535259 -12.748583 48.619181 99.257037 
1 2166 88.032344 
4 519 594 1578 1676 95.021332 -52.891911 -40.056162 0.404423 
4 127 452 1221 1435 86.489820 -59.490718 70.125963 40.340959 
4 174 564 2180 2255 43.461050 51.714062 -17.572524 -66.848580 
8 223 553 1958 1979 2396 2895 3368 3505 39.229386 -6.818474 -71.026211 -21.116709 21.493828 12.926123 -50.655560 75.974679 
4 1771 1802 3851 3857 70.175486 -14.203602 73.884771 45.981170 
5 64 244 2083 2752 3126 -8.078215 -98.617591 -58.396652 62.251539 10.139049 
3 366 2152 3997 24.499182 61.799321 90.243921 
5 133 822 1747 1919 2629 43.231690 -97.997830 -49.698549 -64.138380 24.402738 
2 607 759 -46.564564 49.254271 
0 
5 219 1332 1588 2316 3123 -48.787697 87.896516 85.851646 -70.867933 -30.799919 
0 
2 1664 3894 15.343293 48.983123 
8 287 357 1013 1143 2456 3631 3703 3932 22.774160 99.250881 -11.819173 -27.088713 79.777725 -13.379278 -86.010482 -9.133941 
3 910 985 1558 37.607260 -18.591163 37.927187 
0 
2 995 3800 34.882807 47.947482 
6 808 1010 1188 2680 3116 3845 -26.256606 -79.156563 -50.059509 71.942622 -92.128827 -20.119904 
5 847 1805 3124 3601 3686 62.826798 1.517369 62.650186 37.202804 -95.465445 
3 211 1230 3568 41.718680 -99.524042 -23.635797 
6 200 642 829 858 2054 2892 92.758629 -22.273633 -47.486562 45.944946 75.241771 67.868394 
2 2612 3956 -59.157483 3.151466 
1 968 -59.058656 
5 112 2355 2764 2912 3442 -34.837601 63.377589 7.099910 76.910795 86.587236 
5 1445 1722 3072 3195 3423 -38.477876 -7.606510 77.418652 -88.444573 -26.298021 
1 1575 78.698120 
1 1713 22.291013 
4 1181 1450 2046 3481 20.753704 -82.496784 34.091252 75.552188 
4 274 513 3350 3836 75.854093 -95.532202 -21.687466 5.897000 
3 218 1431 2321 2.594072 83.145464 8.875437 
2 2287 3040 66.766965 9.730598 
3 2591 3180 3865 64.016787 38.482630 -64.434553 
5 429 798 1007 1438 1579 -93.372389 93.710350 49.135268 -40.446110 98.358425 
3 1733 3370 3518 -70.991403 34.728807 77.467321 
5 308 666 1513 2487 3050 94.414361 -48.426734 -71.804259 95.099811 99.634720 
3 1816 2365 3647 24.243828 -25.772668 -18.878247 
3 1696 2237 3787 -0.732448 -27.398642 -23.880606 
3 953 1604 2910 48.647690 27.565906 11.556113 
3 1237 3290 3756 61.856271 8.753715 -8.328813 
4 374 3407 3710 3969 -84.203481 -5.480856 -25.737735 89.480707 
3 1241 2197 2763 -41.550286 25.766362 78.959801 
4 541 2045 2186 2770 58.441513 -64.796761 -26.329050 -38.443708 
3 1464 2950 3145 6.036656 -6.559449 -1.585202 
3 2117 2954 3688 -46.352116 53.748871 35.046788 
2 1282 2054 -25.972552 85.822515 
5 1379 1422 2318 3580 3640 48.500373 13.827607 -46.669814 -9.127489 41.045321 
2 518 548 -89.370484 71.528624 
4 149 248 896 2550 -33.391919 85.888826 -89.328324 1.909770 
8 195 386 528 1432 2476 2544 2766 3797 -59.940948 -31.879274 47.297780 43.235933 -51.628049 -37.332564 37.902945 65.607625 
6 287 1722 1907 1998 3456 3757 1.652075 -14.705530 -72.023135 6.036580 -94.265466 -10.995548 
6 185 789 1081 1954 3193 3385 37.854303 9.874508 -87.248901 -58.927349 -57.595060 40.174941 
0 
3 490 825 1495 -27.358260 -77.181324 -8.836165 
4 105 420 1330 1460 -90.139277 -73.647883 -0.721154 -84.214150 
2 862 903 -89.300088 -77.502874 
5 675 1804 1881 2533 3055 96.570118 78.887195 -22.553314 -48.465422 -83.732200 
4 1970 2065 3794 3919 33.158377 99.061616 73.394538 -55.286627 
4 57 926 2322 3810 -37.238938 -63.931623 58.397324 -83.290306 
3 42 3402 3575 -45.429009 -26.922892 52.498220 
2 419 2279 -17.524839 54.026479 
3 142 792 988 -75.132348 88.874270 0.686557 
3 75 366 3483 -48.192018 49.082034 4.052361 
10 74 258 744 779 1190 1227 1284 2476 3066 3504 -45.362329 66.997022 -97.015009 -73.525546 -14.746684 82.246448 6.841592 -23.280503 48.074009 -48.001428 
3 425 1780 2212 -41.049310 22.922738 92.618487 
3 700 1572 3754 5.144661 -36.436130 19.348148 
8 320 980 1159 1178 2193 2356 2433 2495 -48.302512 -2.854012 76.635692 59.214666 -15.078175 -34.452003 -18.694842 96.359003 
4 337 1311 1989 2901 29.575167 -52.933877 -37.725044 1.910185 
5 825 1158 1458 2692 3534 -96.191806 20.987133 -23.370765 49.506742 7.008582 
6 530 1189 2475 2728 3397 3778 -37.157748 -49.762727 -97.013853 93.005034 19.812569 -17.796782 
1 1090 -14.930105 
4 232 1032 1520 2978 -85.743884 18.141763 -90.070442 -96.578823 
5 649 1070 1114 1474 3860 26.292025 -52.173979 47.113652 64.808337 44.015237 
5 448 582 1147 2817 3964 85.491609 20.474454 8.351252 -44.012215 77.957902 
1 585 -39.225832 
1 3917 -65.975274 
4 318 1919 2397 3828 -42.834703 -60.309420 -63.542530 -78.736353 
7 1170 1318 2262 2340 2435 3334 3544 17.729245 -73.201316 -10.082240 -41.961288 57.370119 -73.258215 75.694078 
3 836 1942 3542 -64.079138 0.456911 -74.756350 
3 727 833 2735 34.124672 -64.749140 18.342662 
1 396 45.563333 
4 1506 2015 3246 3534 51.946413 -73.948109 80.488375 -43.961327 
1 3287 -38.707368 
2 554 3698 -38.539600 -1.228980 
9 698 971 1184 1879 2260 2674 2930 3109 3691 -3.454262 25.308300 33.541593 82.813344 50.541531 4.259265 -12.999817 -87.677038 70.974868 
8 1144 1818 2143 2546 2648 2829 3033 3733 91.137321 -27.549401 78.186737 -92.570509 -49.968164 -93.972269 68.907236 -80.684644 
1 909 -45.382133 
2 509 2893 -92.940901 -93.975161 
3 2677 3367 3994 -15.382938 90.347742 61.576740 
2 2849 3094 91.078508 -78.465702 
2 1966 1968 -68.360296 4.927071 
7 131 291 1312 3007 3278 3601 3613 12.156834 -57.539619 5.931148 -60.167263 42.351706 64.930602 56.559650 
6 535 1880 1883 1898 2216 3773 -33.010729 26.784317 -4.104745 -38.163137 81.851248 86.106988 
5 4 604 2352 2742 3898 -83.256137 -52.856912 -40.683210 61.366090 24.641023 
6 343 2989 3139 3498 3753 3867 12.744314 71.409884 -49.232245 2.366595 -61.679355 -97.388226 
5 328 568 1273 2762 3563 10.213265 89.890713 57.743434 26.740142 74.742857 
6 457 1886 2561 3351 3533 3760 -48.622271 31.032049 27.358558 -57.543891 80.863279 -80.857830 
5 448 807 1213 2251 2796 41.430254 7.274056 50.757460 -65.444345 65.854386 
4 293 767 2088 2863 -24.184136 62.219627 -24.179075 66.863277 
1 3601 44.381955 
5 304 333 1356 1768 1893 45.316902 -96.780315 84.206465 -29.275478 47.242587 
4 2557 2680 3366 3764 -28.369761 70.506671 -32.364553 32.099387 
3 179 584 3397 -3.939612 -4.630167 -15.336422 
4 398 1143 3155 3807 -46.682185 70.777548 -8.052536 -76.209986 
3 1316 1859 2501 -46.442975 29.800833 40.521903 
5 868 2205 3025 3719 3942 -86.376467 -50.287478 50.898609 -76.172835 -14.033443 
7 229 238 676 755 1047 1800 3757 -23.553149 -23.822448 15.928656 -79.994473 -94.187305 26.278852 -47.114881 
5 878 2793 3110 3212 3744 -23.648046 -87.697484 72.275361 -59.483553 -57.942231 
2 3329 3419 -73.173960 83.476109 
3 62 870 972 -32.218537 28.103197 -2.633889 
4 51 801 3553 3859 93.427315 -35.428871 43.531566 -10.710266 
4 967 1031 1102 3045 76.089127 15.458146 -94.180278 -23.145997 
3 686 2990 3806 20.575783 -96.946810 86.219452 
5 486 937 2025 3135 3555 -53.507607 -51.976976 -88.937565 -68.022601 5.446561 
3 1240 2757 3499 97.533777 49.905790 -96.281143 
3 953 1292 2143 -90.048637 70.271950 -96.341650 
4 884 942 1806 3855 -60.944978 20.317945 -16.616010 -37.052681 
3 477 1914 3550 -46.253574 -34.463019 -69.638402 
2 1791 3731 63.202348 15.724505 
3 1569 3669 3821 -0.600972 -87.032176 -55.084417 
7 191 942 1458 2126 2378 2532 3417 25.190731 -15.631302 73.789879 87.649181 -23.353393 64.792695 69.904953 
4 550 1320 1619 3698 -54.119924 47.885792 -4.151847 11.406479 
2 3078 3462 -8.838815 6.525140 
6 3 297 916 1869 3274 3590 -89.001215 19.196214 -36.477321 47.973176 -27.018761 -31.171366 
5 838 1778 2599 3591 3844 -30.955179 -8.343857 7.506058 92.801763 16.686692 
5 971 1017 1080 1497 3180 88.877287 -41.270703 -27.838155 26.028540 -58.863047 
2 825 1022 -42.575809 -65.966521 
3 1444 1614 2312 66.933084 -7.340487 32.235909 
2 1356 2624 -56.309477 71.395314 
2 1314 3989 25.560919 -35.160572 
7 244 657 1697 1803 2303 2406 3720 72.730788 -84.375479 -75.815002 -14.702878 -43.404740 -70.422471 7.383939 
2 2355 3793 -97.863627 -42.696524 
5 714 1631 2898 3450 3745 82.247357 74.582652 71.830462 24.587698 -46.138176 
3 125 2437 3288 11.274058 -37.411429 -70.471698 
5 1884 1912 2879 2905 3673 84.719982 53.179802 94.109573 -37.875406 -88.029901 
5 46 2774 3217 3218 3735 -67.237913 60.100531 -99.479342 -14.686952 -54.109069 
4 624 935 1246 2885 82.121437 79.370583 -76.272823 -68.322878 
2 1085 3149 25.321226 5.403628 
7 400 717 1343 1630 2126 2385 2414 -87.512582 -64.712944 -33.984118 41.720495 63.281824 98.387304 -79.753850 
4 1367 1780 2229 3752 38.376970 -72.412557 47.947463 -18.406043 
2 733 2570 -84.382046 -19.324193 
2 581 1523 55.350548 57.077762 
1 3601 -64.370103 
4 324 2201 2329 2850 81.099857 -11.858312 -83.304425 -38.712092 
6 522 1110 2437 3410 3551 3967 20.076494 -4.198240 62.847452 23.380397 16.270625 96.172360 
4 1012 1320 2057 2071 -66.829978 73.856842 33.946428 -51.595782 
2 1913 2414 -53.544449 82.450333 
2 576 2801 16.055052 -0.176161 
3 1875 2582 3190 42.369150 67.209235 58.204090 
2 692 1525 37.701683 64.685941 
12 9 295 447 516 1409 1457 1937 2258 2359 3013 3881 3982 40.395426 88.611575 71.620242 -59.961040 46.375814 -0.664211 -39.617582 -0.238221 50.055086 12.003272 43.155625 93.304316 
5 2053 2402 2699 3542 3663 -96.843197 60.818927 23.203011 -31.166410 -59.261032 
6 218 408 1136 2563 3057 3226 70.922522 -22.295288 -91.778480 -82.935702 -17.846694 -75.175491 
4 525 1414 2148 3545 -19.230461 -89.238185 -52.979635 -99.548018 
2 1103 1376 -63.358256 89.928164 
2 965 2959 -30.261359 -69.225930 
6 396 1071 1112 1415 3013 3288 -84.309719 -85.676920 -99.389166 43.324355 0.824236 84.725349 
1 238 7.358484 
4 357 455 2967 3215 -31.858955 65.875143 -33.869749 -57.634674 
5 1261 1343 1459 2089 3193 99.445692 -76.435318 -12.094582 -21.116764 -36.446077 
3 128 625 3754 1.577139 -90.360902 -71.221345 
7 658 784 1651 2678 2951 3097 3454 -88.418365 -77.327182 56.771916 2.225582 -10.931953 -97.261486 -64.335502 
6 514 1034 1301 2596 2704 2895 -32.692438 84.804169 -49.689089 79.438631 -0.109035 -80.288546 
1 2867 65.543381 
5 276 1854 2142 2324 2467 37.641810 71.081136 48.078448 -21.829689 -59.971391 
4 204 314 2357 3924 40.779933 -76.817090 -73.352690 -56.267837 
5 386 1062 2742 3442 3859 -13.593927 -24.386691 -16.645278 -57.001831 51.359340 
2 751 1339 74.014022 34.444785 
5 932 1182 2394 3762 3828 93.318037 29.223593 25.688000 53.105336 -10.173854 
5 2988 3084 3123 3523 3754 67.999244 -24.536855 -22.311069 -32.882333 -49.534812 
4 1442 2241 2892 3151 66.159932 -12.739822 -32.478269 -30.299556 
4 1187 2640 2989 3668 43.320839 -91.433695 -81.801330 -50.107522 
2 465 3040 8.877106 -23.504258 
4 348 1054 2056 3945 2.158832 -1.178945 -97.540644 -63.899672 
6 636 657 746 3773 3799 3949 17.332878 -17.101515 17.195984 -81.786832 22.019832 -95.769711 
3 1633 3293 3453 -18.681583 -21.589192 25.450256 
5 1507 1732 2284 3242 3640 60.070124 80.683012 38.678367 -88.440095 29.230688 
6 367 1781 2699 3594 3796 3958 -29.138584 -58.192681 -30.066485 30.904522 -60.600728 -61.706815 
9 61 322 920 1840 1908 2620 3236 3623 3651 -50.783313 68.864516 -98.916547 4.674415 -31.573663 -97.516077 -27.170599 -54.880138 -58.219262 
5 47 869 881 2359 3187 -24.443529 50.840812 94.076384 -47.725171 -79.197316 
5 385 878 959 3670 3952 32.214043 89.803117 -11.180793 3.488788 -27.044993 
1 2102 -97.241379 
3 1167 1312 3197 61.045596 -45.270668 24.648553 
3 1520 2813 3445 11.721959 -71.991716 -1.259904 
5 480 1358 1840 2538 3819 2.383795 32.571918 80.630019 64.073138 -41.236889 
0 
4 1370 1908 3136 3659 -40.901949 81.486691 74.070837 84.206361 
4 936 1214 1375 2501 20.992449 -9.557158 -54.324271 0.120329 
4 27 743 1294 2550 0.681862 61.818282 -41.246260 77.516909 
5 622 989 1036 1321 1795 -55.054982 -80.544896 -75.040190 76.725256 88.668410 
1 3976 -38.313497 
5 825 1454 1610 3373 3971 12.598029 59.686789 61.693177 -30.885471 87.420418 
9 158 665 853 988 1528 2339 3444 3682 3994 -56.106573 91.742195 -28.143100 -56.013324 -95.177061 89.129968 91.630862 84.560449 -11.663798 
6 1045 1217 1451 1963 2384 2623 25.709162 -39.435107 -62.966653 -78.541368 -1.086509 -46.865314 
3 444 2733 3126 38.137259 -50.396772 81.661394 
4 482 1388 1471 2835 -1.445905 59.559372 -83.059412 -20.921244 
9 690 870 903 1129 1532 1830 1904 1992 2125 68.914453 15.356537 77.793097 -42.174925 19.280786 -32.209991 -9.345283 -78.215350 -13.430831 
3 1574 1817 3379 -7.194173 -15.938657 38.563638 
3 342 824 2052 -14.226575 -65.971120 -16.184248 
1 3939 -12.927067 
3 248 315 2886 -5.048093 31.160467 -56.193309 
8 871 986 1734 2962 3131 3667 3742 3762 -97.339630 -63.413608 72.702167 51.159413 64.533823 -91.899250 61.855566 -51.432949 
4 278 1103 1893 2325 -22.634862 -65.531326 70.817239 80.713126 
1 1238 28.969700 
9 155 160 1049 1156 1969 2746 3214 3339 3846 35.850328 41.529930 68.431474 10.076972 94.460803 -36.485820 6.742800 12.349725 -3.540590 
3 2743 3008 3408 -87.018316 21.985629 -96.577136 
5 763 815 1109 2419 3627 -2.459129 -41.570171 -86.241245 31.663318 -75.300591 
3 783 1355 2912 -8.602442 26.241116 -34.981602 
8 338 679 1424 2135 2362 2896 3185 3478 17.988981 -28.618964 -46.794065 -84.801047 48.822025 77.698206 -53.263242 32.593564 
2 1789 2780 73.584954 92.077656 
1 621 -89.463922 
3 113 2249 3183 40.222174 -15.308097 31.891338 
5 191 1018 1653 1868 2412 -87.751329 14.432516 -0.453995 78.880933 34.905336 
5 181 763 988 3609 3923 -60.814921 -43.609561 1.913804 5.192009 -82.132419 
5 198 787 1585 1720 2647 -89.025028 -31.000619 84.278791 -56.427470 -28.364360 
6 652 1244 2001 2887 3264 3853 -16.078562 75.517548 70.723860 -2.291547 -40.720394 8.001254 
4 878 1693 1780 2865 -80.585915 4.722253 -16.567071 -4.049318 
2 1078 3421 -25.346005 -13.100878 
2 554 3875 -7.439241 -36.230813 
4 186 1222 3359 3410 -6.971354 -37.399167 -36.544333 59.127351 
2 1872 2770 48.043008 -36.494569 
1 36 19.898728 
5 69 362 432 2416 3449 -76.563433 88.023495 -70.699616 -11.125668 -35.670555 
2 355 3023 -89.758300 67.024902 
3 48 173 308 88.833944 -5.310966 -69.518857 
3 3240 3437 3971 -89.133433 -80.767035 11.312823 
1 2399 -86.285814 
2 1500 2198 -65.743142 -4.838464 
4 138 212 222 2470 96.607922 -5.677524 53.696607 43.644785 
3 1710 1825 3230 -50.629237 35.491502 -77.862423 
3 1681 2618 2995 -48.785835 -57.710460 16.860821 
5 76 583 652 1419 2098 18.363407 13.387068 -82.984820 37.041411 97.261602 
4 1577 2342 2885 3784 -22.422714 20.376484 19.058978 28.121176 
4 1459 2095 3564 3745 17.067338 13.065050 -72.367523 49.280547 
4 1 2295 2759 3119 62.461736 -75.484824 -90.906691 35.360506 
1 1051 43.594898 
2 1527 1920 -60.648435 -29.229938 
8 290 982 1057 1442 1454 1852 2168 3131 87.476429 -63.693263 -40.993247 -53.667906 43.966019 4.368125 -35.070106 -4.113979 
5 790 2898 3120 3215 3934 22.154222 42.946023 -20.297026 -3.398506 -29.248444 
4 814 1349 2009 3260 -4.795619 -34.189964 56.987432 26.942925 
8 144 146 452 781 787 1527 2265 3189 -58.449387 -48.407139 -49.527685 -36.481246 62.647387 -71.301734 37.194778 -48.874425 
6 229 963 1086 1185 1308 1777 14.052418 -66.621872 -38.844212 57.778282 2.129007 -90.312230 
4 636 650 2307 3176 -27.913983 -0.642170 -31.152427 -88.043330 
9 21 121 1428 1530 1561 1592 2865 3440 3670 59.652945 -4.485778 -36.425521 -51.964545 -49.051839 58.709331 30.967829 -25.964166 -42.167475 
1 2777 20.288970 
5 2906 2927 3268 3289 3763 50.522505 -19.319679 -66.057539 24.599651 93.152396 
3 38 736 1804 57.332846 37.341776 44.120725 
7 252 356 1185 2256 2444 3168 3190 77.664889 -38.089006 -95.377096 -55.948070 84.887248 -61.698209 6.285799 
1 2537 28.757314 
2 3082 3815 -77.887832 6.887435 
8 25 389 1180 1332 1636 3311 3480 3794 7.526419 22.877045 -83.918872 -0.840917 -35.209309 -45.782691 54.426144 -25.797445 
5 681 2617 2788 3325 3566 -53.212917 -92.241539 -97.407681 68.885081 -70.432547 
2 1031 3005 -3.916933 0.058721 
0 
4 109 2731 3685 3751 -39.015540 -5.250451 45.419942 68.503010 
2 3680 3827 27.356263 -16.847953 
2 61 207 49.301527 92.695450 
6 85 129 1055 1486 1669 2576 69.123431 -78.848887 -43.477886 -62.267208 86.560388 -95.939128 
8 318 860 1736 2125 2411 2495 2673 2791 -93.974922 82.438856 55.586237 16.886190 90.771349 9.812744 -69.181669 -42.202585 
7 778 1173 1491 1622 2098 2153 3055 82.324388 32.737483 -87.962996 -67.554933 74.971098 48.443758 70.302843 
6 1061 1791 1974 2474 2901 3178 -1.734832 68.739412 37.998320 72.928014 99.601344 84.021669 
3 1957 3301 3781 62.794629 -44.379640 34.050160 
2 3491 3584 -64.076352 -93.556463 
5 42 48 2919 3280 3646 22.991850 -24.473408 -3.522710 -5.646560 -10.655530 
6 567 1200 2863 2892 3255 3930 98.000438 38.139456 5.618358 23.909098 -8.508931 -12.849574 
9 417 711 1635 2066 2313 2440 2901 3411 3817 55.001023 -86.234287 -87.299845 -99.250950 -36.550925 -50.276425 -76.151614 94.123081 -11.735268 
3 945 2296 2443 -8.252973 76.213419 78.661889 
3 519 1803 2849 -92.067723 25.421650 -82.422713 
3 444 1552 2893 31.232276 -59.199970 -27.852590 
2 10 3537 67.423854 84.269326 
5 662 1501 3614 3696 3884 23.110623 -34.776270 85.289668 36.358074 17.809324 
6 271 365 1320 1594 3401 3783 77.394703 -97.515086 47.027500 -2.495296 92.792888 97.522745 
1 1077 15.049064 
1 3467 88.253192 
6 812 941 1354 2769 3187 3721 7.905735 29.896306 22.653085 58.393260 -67.727329 -99.349149 
4 513 668 1879 3712 -9.112565 77.915663 97.551730 29.436959 
1 1392 -95.586335 
3 1534 1769 2981 -19.952377 -50.181378 91.373074 
5 1584 1942 2597 2606 2969 61.670790 40.220690 89.711626 23.882174 3.373388 
1 3642 -43.679877 
6 36 918 1071 2722 2850 3109 56.066182 46.486340 -95.691272 64.879139 91.704217 88.681593 
3 396 1327 2680 -81.707676 -74.693192 -20.458817 
7 1485 1678 1929 2188 2784 2911 3427 94.387223 51.926018 87.896508 63.265654 13.189024 30.477532 39.625671 
5 225 453 1307 3689 3906 -70.620639 82.716141 -24.883163 -60.973667 76.509497 
3 215 1459 2376 29.808791 62.685512 -51.917028 
4 397 447 1401 3234 31.886197 81.482363 88.019327 -82.721897 
1 2657 -38.565252 
2 562 2087 -20.166596 -51.258552 
5 148 418 1332 1767 3935 26.981453 -84.197601 -27.456093 -66.772987 10.837242 
4 278 2390 2940 3276 85.875850 91.280560 -4.542552 -5.740679 
3 2090 2760 3209 -82.307915 37.116553 30.844839 
4 529 1361 1935 2334 -12.042533 79.192347 87.890768 -49.822445 
7 173 1156 1404 2192 2389 2835 3950 -37.370893 28.568057 81.079469 -32.513885 -80.176480 19.912119 -16.662265 
7 520 588 752 1044 1693 1749 2356 -57.708543 69.149342 -62.908761 -98.054107 34.205152 -7.873356 -92.082612 
6 78 555 2907 3089 3491 3889 -14.577412 21.750980 3.744094 -8.581462 -25.532235 -29.730881 
3 646 1151 1156 25.501051 -31.228865 -93.884430 
13 503 699 900 943 1142 1464 2398 2727 2923 3094 3461 3543 3778 -36.135379 18.535294 13.647336 -26.606367 61.099780 -51.981872 47.464632 -39.507282 -2.090275 6.355540 68.085653 -55.511112 -64.775820 
7 39 1022 2035 2481 2726 2999 3628 91.294626 -71.696065 75.990357 -25.830516 54.383358 -36.959942 -71.441383 
3 138 1932 2555 -52.562711 -94.900906 -56.247267 
3 658 1813 2707 -30.366630 -38.891502 30.866071 
3 1332 1359 2610 -43.672071 -38.498620 -40.150382 
3 1105 3132 3896 -19.044433 79.822262 -93.602492 
2 1387 3467 -35.142299 -39.622393 
6 588 1767 1851 2003 3204 3781 85.689667 -0.027640 -59.469662 -58.520637 65.646431 -34.592236 
2 2479 2490 -68.499335 71.562769 
4 59 1363 1380 1544 -98.133990 -73.485683 93.733437 -18.977679 
1 2694 64.152166 
4 1018 2467 2614 3305 -23.286551 0.313219 -87.711290 -51.941568 
7 162 1733 2632 3126 3197 3334 3340 -7.292792 -20.968862 -5.756894 -87.141462 51.877853 5.216822 85.380311 
4 345 924 1731 2692 -14.808239 67.229241 71.947186 1.495064 
5 563 1261 1494 1567 3878 -6.178389 -91.393560 1.554671 83.442459 21.395267 
2 1222 3863 14.249808 -86.340428 
6 361 829 2457 2729 2911 3285 6.848163 52.096178 -74.430734 25.934387 -8.740404 -42.027861 
6 1867 2425 2821 3133 3160 3392 -0.442668 44.306320 -92.270729 35.423761 63.978049 96.583873 
4 2441 3216 3421 3701 84.154139 97.990205 -83.215599 -38.699355 
5 1102 1107 1468 1549 2614 -85.020404 -83.234576 -19.571443 -57.316747 53.892227 
5 306 963 2349 2390 3843 -91.992871 -61.626233 0.689821 84.552481 -51.526572 
2 1926 2867 -49.122700 -29.226121 
4 138 355 1695 3633 79.468800 53.043186 -85.935984 91.268408 
4 374 786 1123 2312 -13.678230 86.117055 -96.549891 -36.685291 
3 34 799 2128 97.329616 -17.733090 -6.839726 
1 2528 9.605359 
7 354 438 525 1920 2248 2892 3122 -80.231809 60.355406 -23.350087 50.615675 -95.318069 -32.590560 -11.872561 
2 1740 2516 -39.676212 10.815222 
0 
5 1757 2211 2304 2413 2798 -65.183588 -99.126462 -31.206239 86.993795 93.845822 
2 1277 3610 -27.203202 -94.682579 
5 2320 2413 2415 3714 3906 4.123666 59.243771 39.261365 92.914290 69.430430 
6 804 1687 2264 2606 2719 3660 1.924867 -45.596255 -22.514570 -82.287108 80.947454 -21.997322 
3 94 101 944 -41.457627 56.668377 -49.312887 
1 524 41.389649 
5 553 788 2065 3304 3397 8.408097 26.377735 71.963864 -34.972679 -35.614688 
7 54 354 1821 2390 2926 3361 3724 88.509815 -2.916028 95.060236 35.753906 98.048669 -55.929365 -16.594944 
0 
4 229 2766 3531 3573 -66.783330 -76.104980 -34.464841 -30.354038 
0 
3 975 2001 3792 -26.496257 -43.133746 68.793344 
3 769 1285 3113 83.014790 19.416591 -80.812639 
3 857 2995 3452 -64.630342 -3.914171 -50.606116 
3 1480 2222 2891 19.259746 61.130158 58.238016 
4 426 1652 2129 2505 23.532227 -43.278075 58.056474 41.688991 
5 1822 2141 3760 3787 3888 89.449775 -51.099828 -95.378418 -10.959027 -22.276850 
2 694 894 -69.984243 -58.660583 
5 591 614 2938 2940 3162 22.216387 87.886669 -76.049833 39.217361 -11.252147 
3 230 544 3419 23.704130 90.268877 19.289741 
1 1299 -81.175310 
7 286 807 920 991 1127 1737 2597 70.580633 -79.354484 89.400869 61.807276 -86.645186 -7.433918 55.050833 
2 3022 3502 0.130425 -23.554663 
3 61 1053 2095 -51.551531 64.934472 96.342506 
5 8 478 2486 3012 3474 6.682662 -81.068584 58.628099 -87.549338 91.503207 
1 2651 41.993523 
5 362 789 1109 1110 2669 45.957963 59.832446 16.042812 -61.204926 22.965627 
1 3532 -94.164084 
7 1015 1166 1289 2257 2284 2361 3135 -47.581692 -34.695339 31.916239 -10.286841 -25.054946 -35.844509 90.471801 
4 436 687 1227 2832 17.539913 -49.785029 17.666053 -63.763872 
3 2752 2999 3525 -22.087094 -88.646873 26.384363 
2 2639 2817 2.281439 -90.148376 
5 398 662 1620 2552 3327 -46.124270 -77.233414 -50.894178 -35.234834 89.620455 
7 147 248 1633 2942 3034 3232 3767 -49.073571 -8.136729 -8.742604 1.943808 -58.618484 -25.540539 77.494525 
7 286 397 829 1034 1823 2074 2867 66.424079 -23.772333 -20.350932 53.691020 32.613026 39.026563 -24.315099 
6 153 568 764 1424 2318 2931 -80.537699 -62.225123 -47.544574 32.462395 23.636881 -12.258135 
4 124 1363 1722 2915 4.619955 -47.819207 41.298194 66.655369 
7 630 2215 2877 3304 3598 3646 3825 99.857181 35.426199 2.841095 -28.715900 17.837269 -35.176462 -69.139074 
3 916 2346 2516 65.028440 -25.175694 88.456839 
3 162 661 3492 23.858045 35.566510 -41.699235 
3 370 488 2494 -16.620898 51.200700 -87.625206 
2 16 2037 42.350311 -6.121183 
4 228 253 767 3088 -66.996120 20.866103 -10.632119 94.035115 
1 2647 -19.459568 
6 1263 1307 2122 2361 2994 3337 3.987242 -80.879307 89.247503 -29.362816 37.124839 47.769316 
2 2782 2828 31.664971 43.945965 
2 481 886 44.888537 25.660169 
5 1341 2193 2592 2707 2874 45.607390 97.770397 41.103111 -59.788012 -15.586537 
2 707 1750 -85.744620 -96.226606 
7 138 660 1051 2347 2793 3191 3440 47.049044 -46.567564 45.491064 78.766860 81.536481 45.832954 -17.061344 
4 716 1075 2291 3393 48.848649 -20.578671 -95.911659 6.475408 
3 606 3228 3809 -30.763159 -79.917773 27.909953 
3 152 648 3010 -86.447562 51.063840 22.000986 
2 787 1310 -1.611837 95.483885 
2 534 2164 -61.684981 39.854540 
5 745 985 1006 2756 2889 -81.942032 -34.945240 -57.165216 82.263970 77.294643 
4 957 1240 2441 3570 79.400177 -36.651076 -69.498111 42.943942 
4 989 2073 3032 3302 60.703319 -85.164168 70.995728 -18.379324 
3 365 1402 3680 -49.974681 -0.706955 -95.225967 
4 935 952 1361 1660 25.038566 3.962354 32.276335 15.373055 
7 194 422 967 1498 2336 3527 3722 -19.581426 86.387597 17.962170 94.533841 3.199099 -46.018163 44.946873 
2 1202 3572 88.816672 -23.022316 
3 527 3815 3903 -41.695652 17.308724 -96.499748 
3 331 1179 2463 -41.504939 86.052767 59.974027 
4 834 2441 3304 3717 2.546552 36.114561 16.197164 21.445002 
4 790 1683 1811 3737 2.498211 -62.594392 33.385554 -56.145187 
3 98 195 304 56.407041 60.276375 -5.271876 
3 2116 2117 3869 45.150326 -10.634007 64.465565 
4 1339 2830 3360 3685 35.827522 40.624281 41.999118 50.097790 
0 
3 670 1908 2899 -16.117988 88.175393 29.352864 
6 195 1624 1899 2789 2835 3415 27.108249 93.007223 4.484936 -7.179304 92.230782 74.743877 
1 2415 -35.021875 
6 145 449 614 724 863 2696 3.582750 15.601951 -69.714205 -78.747312 -48.098483 -70.599949 
5 1514 2201 3048 3663 3985 -79.892617 -8.043893 -55.381185 -42.863960 15.054882 
2 2644 3451 -59.166168 -45.437690 
4 152 892 1682 2743 -87.757941 -95.609345 57.555478 23.618286 
3 1922 2084 3636 62.360703 18.961208 -83.737610 
6 472 1697 2958 3310 3534 3574 -77.748154 4.498760 -54.151890 -36.803577 88.938202 -91.463167 
7 140 155 500 546 2977 3378 3860 62.497650 78.758202 -51.233702 61.748822 -49.133638 0.610441 -16.292597 
2 1410 2130 64.526407 -55.254260 
2 735 1438 21.481390 44.704605 
2 2675 2959 14.257952 -4.604677 
4 1107 1121 2518 3990 -63.545315 -58.873464 79.755225 24.466105 
6 757 804 1327 1615 2135 2752 -59.044333 -14.833387 -16.003198 54.374956 -2.858133 55.334105 
2 2185 2916 46.040164 -29.822480 
3 389 2855 3355 -6.121559 -95.721339 -17.000507 
8 33 207 324 645 899 1053 3725 3942 -51.411302 36.326652 -14.918364 43.727485 -43.118443 -71.274994 -64.919714 33.401623 
7 1703 2274 3655 3705 3736 3867 3949 -11.540874 17.178599 -45.711878 -79.606068 71.403789 -42.371991 -55.518266 
6 2216 2277 2419 2577 2937 3383 -36.579640 -97.616780 34.779495 33.717370 -9.812671 -77.316127 
3 475 3725 3989 -37.720552 -14.451066 10.350748 
2 2072 3694 10.390080 75.583358 
7 421 648 665 1136 1637 3225 3733 -61.046495 -33.423745 -99.442741 69.116104 -59.961748 68.795418 86.434042 
6 732 2073 2269 2347 2992 3094 -90.658943 11.143419 26.666081 13.094270 -29.088641 40.182942 
1 391 -17.383335 
4 1620 1807 2432 2655 -7.061235 51.256993 -27.136007 -27.721588 
4 741 1022 1089 3795 19.120025 47.766194 -81.534674 19.602270 
2 2886 2888 -7.611441 63.776673 
1 1616 8.674029 
5 562 1096 2440 2952 3283 -64.521404 78.611807 68.563659 74.748088 75.355632 
4 553 2991 3300 3781 23.607721 -48.822559 -8.722904 -83.258290 
2 1664 1695 -49.317709 -28.228703 
3 1978 2676 2863 -77.378128 -82.452337 -26.556240 
7 101 546 1834 2120 3009 3383 3521 -53.818670 80.487519 -4.338471 9.129096 -18.935285 -16.795934 -40.881108 
4 0 294 1169 2700 -97.997706 -27.690407 55.888196 72.018516 
5 90 286 970 1358 2762 92.178031 83.352102 -26.555678 99.501303 50.122612 
5 423 468 706 3153 3488 -41.187652 -23.050316 27.632033 -79.433511 26.011433 
4 16 297 1100 2837 54.932260 31.540404 -92.836060 -72.647952 
4 2191 2299 3636 3971 90.548002 -23.147317 5.990433 -92.830453 
2 1373 1640 2.640402 90.997660 
7 66 1325 1360 1412 2135 2765 3138 -42.145313 75.256174 -54.775980 28.439065 -45.710387 -77.316444 29.390195 
1 1855 -77.577676 
6 676 1297 1441 2018 2529 2604 63.214231 -86.469126 -3.580846 86.160765 -12.688860 16.492949 
4 186 1366 3092 3399 45.574304 -70.558485 -64.715440 -8.478234 
1 345 52.773296 
4 842 1300 1931 2240 5.928953 19.413212 17.830383 -17.776454 
3 1160 2486 2671 76.427307 -30.180792 12.496465 
2 2004 3715 -27.158497 95.710082 
2 2555 3892 30.861493 43.322376 
4 1275 2400 3099 3189 66.172491 36.313547 75.461996 9.422645 
8 129 565 663 858 2859 3239 3393 3866 14.785408 88.516072 24.259651 -24.033563 -69.016344 7.434501 -41.178704 -23.971347 
7 85 775 1261 1704 1732 1892 2604 -19.729154 36.397893 -14.431579 41.954342 43.988377 -13.228791 78.870774 
3 364 792 1594 27.323779 32.418845 -64.032199 
5 207 904 2120 2783 3807 48.988153 1.886949 -24.723294 -87.608241 -63.790779 
5 197 2680 3497 3670 3812 6.915176 -56.524530 -20.130596 91.494334 -2.246004 
6 378 959 1256 1488 2446 3454 -34.874261 -42.227229 75.432163 44.812660 -99.693096 -25.827502 
2 1927 2014 -16.321689 88.652727 
4 324 1044 2674 3926 -11.786908 92.938260 -17.139753 -54.218708 
4 729 1244 1592 2167 47.721016 -41.759921 -81.048559 90.199703 
3 262 1469 3776 34.448285 -90.209170 -99.611599 
7 762 970 2131 2576 2946 3008 3239 -48.437657 84.127107 -26.704013 -35.865749 58.188763 43.483187 93.829787 
2 955 1693 76.381520 94.498431 
4 63 1926 2788 3871 -41.733355 -58.059390 -95.728249 22.965447 
3 90 150 1825 -60.088867 53.340047 -71.493322 
3 861 921 1051 -84.466036 -69.155915 30.503322 
0 
8 193 977 1035 1066 1096 3389 3562 3602 13.280248 -42.797143 -94.242866 91.126796 12.734788 -88.221792 -11.561420 -92.483191 
2 2930 3072 44.982659 1.795488 
4 232 466 996 2415 27.924140 -60.155407 -51.468900 -3.260656 
1 686 -12.252320 
5 51 541 1074 1651 3706 -89.978477 -49.320497 -87.978880 14.729732 -66.522961 
5 2755 2951 3383 3483 3885 -19.762002 -20.849578 20.536849 68.288293 74.466910 
2 2201 2846 60.515458 37.696832 
6 2 782 1322 1862 3519 3612 74.286518 83.653886 -2.237742 67.436801 21.254470 6.167011 
3 1608 2870 2883 -39.781395 -21.902984 42.342568 
10 92 495 556 1203 2462 2516 3532 3550 3658 3791 -15.577713 -75.666729 -62.631781 -7.727711 -99.484337 -6.314950 -34.593378 -3.584227 -26.109780 -74.139983 
6 665 734 1210 1816 2699 3258 -62.159631 -42.457655 -11.476103 -6.084007 -54.171585 59.282074 
7 927 1876 2134 3375 3378 3588 3946 23.152441 67.722006 -48.751805 62.630519 14.181663 27.698876 49.448253 
2 489 1861 -92.931973 -27.825541 
2 55 3743 70.195279 -26.375401 
3 896 1495 2788 32.763626 -2.129399 57.939341 
4 1793 2515 3084 3129 27.884271 -61.898678 5.852431 -98.812464 
5 94 473 875 1796 3214 -78.078061 -22.863121 9.565264 65.526980 -17.530758 
3 901 1415 1791 37.529857 68.848255 17.092340 
2 68 420 -35.120318 -64.386999 
1 1444 -3.664052 
8 247 450 1041 1429 1497 2050 2454 3479 9.957454 7.012223 7.275336 61.148019 -9.023649 -70.098453 -68.926328 52.010117 
2 2775 3621 97.206867 84.229082 
3 2073 2559 2877 74.215003 59.598911 -49.461589 
6 764 1046 1141 1172 1613 2300 86.073877 -9.008459 -48.340915 -55.801885 98.814245 19.208532 
2 1928 2988 -7.881754 77.231939 
6 971 1265 2109 2209 2705 3721 -41.168978 -21.803374 -46.818235 -94.185669 18.234268 97.154127 
4 237 1413 1475 3221 37.361750 -41.242520 -47.016454 95.046745 
3 1875 3274 3670 23.334254 -67.837099 83.793677 
2 1443 2786 35.846564 -3.670694 
2 1545 2302 -81.089049 60.823991 
5 619 803 1177 2079 3512 -20.855590 -34.358612 7.674249 92.581237 18.199333 
6 323 933 995 2038 3646 3971 -72.231430 36.559432 6.059468 -6.939156 -52.381454 -39.668422 
2 783 1252 -76.837377 -18.640985 
4 1373 2351 3235 3632 -79.224660 -32.485088 -77.992606 13.902731 
6 1069 1080 1110 1616 2173 3579 -81.622739 -78.015352 -39.472292 62.695528 47.371808 21.917858 
8 335 353 646 706 1659 2077 3531 3602 -11.582815 -66.187444 30.478109 27.711040 16.181974 -31.337059 -46.125400 12.347101 
4 2167 2412 3166 3509 75.436589 -75.604228 -82.657104 -10.165815 
7 245 249 1113 1961 2378 2965 3595 16.842285 -99.415523 77.035070 -13.762219 59.029802 3.767660 -78.163833 
8 142 844 1242 1291 1466 3375 3533 3807 -13.796013 -79.474247 -74.159425 -55.909856 71.249838 39.919899 -17.032381 4.764298 
9 342 419 841 924 1983 2280 2398 2489 3321 -42.583267 53.629465 10.430057 -51.147192 -51.850858 -14.127792 22.595306 -35.899016 -30.375813 
8 1271 1671 2417 2666 2703 2954 3589 3990 69.367362 -12.886054 77.605071 47.421570 23.045575 12.206310 -33.059830 27.800351 
8 643 1775 2838 2884 3541 3590 3597 3627 33.880868 -84.890484 49.593577 -20.354670 -5.970681 -68.877348 -12.822452 -48.576530 
2 882 3238 -5.585296 -49.359986 
7 0 750 1086 1401 1495 1766 3324 -4.256919 -65.808642 8.604870 28.270477 99.672955 -26.881424 -25.986022 
3 1343 2115 3504 -3.586824 94.694412 91.264882 
3 251 1308 2294 -62.317646 71.200791 -44.919456 
5 2353 2653 3278 3383 3811 -33.651824 -48.518190 -15.128580 -87.556840 93.992773 
3 1092 1367 3896 -76.477214 49.770537 -74.986776 
4 361 3025 3270 3587 75.853406 72.100644 -20.186793 -27.506747 
5 1338 1975 2903 3329 3390 -68.720293 -53.933015 9.215979 -1.241163 96.936371 
4 790 1169 3119 3525 44.220811 -57.316644 94.968717 -93.304142 
6 97 134 215 258 2759 3820 91.342752 -34.363682 32.593767 -70.326724 -13.412252 59.216614 
2 1199 1642 79.820206 12.311076 
4 758 1923 2814 3182 -10.157818 -6.948330 10.558431 -95.612570 
2 1974 2216 -75.576438 46.726202 
3 2006 2034 3494 58.819357 -53.167677 76.017639 
6 734 1220 1542 1644 2464 3653 42.662868 -93.599619 54.323890 -18.729210 -5.954149 65.038489 
3 852 1364 2054 45.764321 25.782876 31.666328 
12 284 449 654 908 982 1326 1947 2568 2959 3534 3571 3802 -99.320249 -30.161646 83.669194 -93.881400 77.742579 0.740274 -51.401567 80.012253 91.637310 41.979132 -62.501029 8.418663 
4 654 1217 1822 3745 -10.510914 0.054680 -28.709396 -5.291583 
3 607 1236 2126 42.180645 84.006979 -12.930028 
3 202 891 3838 71.586191 -11.944722 -12.407528 
3 568 2585 3742 -66.446696 61.349893 -62.412709 
4 367 542 1261 3944 70.421277 92.257746 -91.791054 96.358289 
1 313 40.411099 
4 182 499 935 1477 -74.358955 61.311057 48.278742 -8.884990 
5 83 334 618 662 1648 -8.689810 -41.949066 10.485679 6.882282 -98.361282 
5 414 752 1113 2540 3282 -94.884142 31.377011 55.937502 -28.586528 96.344222 
5 150 1033 2307 2711 3838 -19.672935 -70.886241 27.967455 -96.619165 30.893242 
2 1861 2328 53.049457 39.868587 
5 762 1920 3458 3764 3913 -17.653158 98.134021 38.666262 34.489870 -17.748613 
5 603 609 1237 1848 1914 -64.752767 -43.090469 51.461318 -36.413345 -60.070975 
5 100 571 2304 2888 2918 -94.268679 79.892797 -62.225041 -78.411697 -44.263465 
6 161 665 852 1025 1489 3807 -59.703092 59.972350 95.122346 35.999178 -36.261785 36.277576 
5 605 757 2869 3229 3918 -73.845970 -56.015965 -49.239575 12.689893 -29.804490 
5 716 938 1537 3834 3873 -67.355787 66.197377 -75.028396 59.530680 50.548214 
6 1305 1393 2413 2657 2918 3851 -7.284243 27.543598 37.805167 -36.807618 -61.152336 10.692064 
4 1408 2427 2771 3919 -86.260515 95.066593 -39.809961 80.930866 
4 1734 3307 3461 3671 5.739260 -52.128154 39.243580 -98.480075 
6 436 1004 1085 1240 2156 3813 -71.104884 -45.691540 46.028601 41.712272 8.533012 -97.656584 
5 232 330 681 2290 2359 -9.197175 -58.237059 -10.307965 -95.346428 -3.637639 
3 950 1097 1318 -29.858744 -91.408361 58.621659 
4 854 1866 2642 3179 -78.310111 -65.155605 6.337517 60.022206 
6 44 1055 1766 2397 2842 3061 -4.845546 -70.096484 85.681661 0.344029 -9.415883 76.003719 
4 1132 1329 1739 2456 -46.955426 -26.612458 -34.250464 -16.644298 
3 234 1040 1424 88.609977 91.155527 21.264656 
4 385 775 1865 3317 -26.340106 2.749716 97.338286 36.106720 
4 391 1242 2294 3475 -58.378435 -81.074840 69.081745 -42.256425 
3 1489 2350 3872 -14.341429 28.435521 -94.743612 
1 1559 85.737981 
4 685 1155 2644 2729 -10.902259 31.474433 -52.203088 33.359091 
6 1068 2199 2300 2490 3865 3920 -98.832149 -52.188440 77.971616 -81.617112 -9.705997 -36.485358 
5 1094 1174 1340 1920 3305 -14.903207 -19.399603 60.229897 -3.854046 35.015495 
2 208 2760 -35.421425 -25.940870 
3 566 692 3129 86.122134 13.349798 -24.918759 
2 240 1872 76.016544 36.143328 
3 597 2120 3009 -84.862015 -29.530670 -59.859354 
4 243 1900 2377 3694 -20.843113 -55.966146 -56.664016 17.546393 
6 436 653 736 1061 1628 2028 32.114123 82.638754 19.795752 -58.116645 -61.729793 78.783347 
2 2059 3098 54.467055 -25.573760 
4 108 1404 2079 3604 -23.749462 38.647438 28.376678 -64.728166 
2 299 1949 45.439362 -60.080238 
1 2743 93.583599 
4 1211 1652 3513 3598 41.164797 -58.782750 74.375134 -83.030108 
0 
4 588 3070 3096 3909 -82.182607 -71.301254 -51.866469 -34.374857 
2 218 227 -13.241433 -39.850667 
3 1310 1745 3111 -20.636705 70.736957 -98.501987 
2 2532 3646 97.230186 13.278571 
9 777 1333 2753 2764 2771 3001 3292 3361 3379 27.809384 80.833281 48.071555 40.359994 -86.639459 -18.192412 -60.675256 92.116062 -21.653477 
2 264 1770 -13.041295 2.335573 
5 31 742 1128 2313 2763 19.280598 54.212981 69.016992 -85.033523 24.367015 
4 1319 2356 3023 3082 -49.385895 93.097879 -81.298010 31.230955 
8 173 1470 1867 2625 2994 3158 3668 3885 77.484402 -80.947516 59.725715 -68.782143 68.489571 82.754980 94.289009 84.598886 
3 138 1571 3302 -59.700510 -38.874325 28.492948 
1 348 -68.870763 
3 388 659 3107 -7.865981 12.881659 -90.092912 
4 1565 2652 3047 3219 24.350380 -12.134929 -93.702705 -46.060197 
5 38 998 1535 1856 2003 -78.320603 -93.985460 -8.330733 -63.791002 46.150726 
6 1097 1105 1257 2118 2254 3316 69.639411 -81.552254 98.114885 -24.290586 30.107515 -93.598267 
5 304 720 1003 2960 3899 64.991384 -56.578130 -99.817352 95.810424 -98.027744 
4 239 784 1733 2394 51.195157 -82.319223 -70.409813 39.497231 
2 699 2926 99.535400 -98.769391 
3 2085 3184 3352 -65.116390 53.702697 -64.085848 
7 594 1009 1125 1824 2362 2903 3258 12.151522 -41.683406 -49.903570 0.866009 -91.232592 37.014786 -83.109483 
4 2437 3270 3352 3716 -45.808681 -1.428181 -10.348433 -2.028338 
3 35 553 811 61.991447 -8.968984 50.313914 
3 946 2592 3939 52.288679 20.337583 62.847241 
6 121 135 769 1355 1845 2738 -7.203278 -35.645025 75.808597 -41.947724 -15.548662 54.476061 
2 646 2031 -71.167762 -15.639588 
2 2830 3941 -57.262593 -69.131167 
7 102 1080 1094 1624 1971 2305 3942 49.694713 -34.642728 -2.710073 14.008536 -22.719344 28.394692 55.809871 
7 533 584 1170 1229 1600 2977 3522 -38.556825 -83.662165 96.024061 -49.430250 5.935777 -59.517339 -17.613300 
7 659 1720 3453 3463 3654 3672 3963 -44.511056 -41.134696 93.555004 -37.993312 -96.807470 -0.575968 58.362984 
1 2045 -79.605756 
5 1460 1974 2035 3110 3348 11.117012 49.478372 -66.941614 -10.743926 -44.761027 
3 499 3457 3979 14.521786 -61.043798 41.624147 
3 379 2015 3226 56.624838 -8.532854 47.249957 
2 1176 1438 -94.860218 -3.458979 
6 986 2191 2338 2849 2859 3729 -38.804930 60.875981 30.247548 76.849088 -50.098073 10.824363 
4 1382 1681 2589 3351 -95.068467 -89.115529 -59.947589 -32.891551 
7 1869 2292 2638 2747 3258 3642 3708 49.173549 -37.115280 96.616144 27.332298 20.104143 -33.005236 23.322486 
3 1625 2131 2462 -92.964373 -27.528430 -40.859701 
0 
6 269 717 1375 1387 3278 3843 -74.072557 -48.090838 13.260622 -71.445388 -88.452433 -76.482100 
6 754 964 1092 1256 2738 3759 -91.468337 42.352558 -20.385359 37.924614 86.816250 34.666420 
8 169 700 1391 1698 2845 3360 3632 3687 22.684701 73.131083 57.218612 17.455459 -70.536950 37.791166 79.408496 84.322268 
3 685 1547 2207 33.923298 60.688397 -61.268923 
5 576 1736 1914 2651 3004 -32.930209 -42.631009 -60.053353 -46.893558 -88.791282 
6 485 805 862 947 1117 3568 -68.424489 91.271179 28.194585 -44.429840 77.886927 62.059662 
6 251 403 1799 2158 2384 3882 91.013592 16.040270 -87.792711 -15.865537 -97.423617 -92.207256 
3 1245 1724 3819 -69.230546 20.809969 -89.637523 
3 554 810 1239 71.657143 58.374196 33.792937 
4 566 614 1630 3785 31.431079 66.571760 -16.747017 14.440303 
9 497 589 1314 2245 2349 2885 2911 3002 3525 19.097389 21.998658 -99.262317 28.134559 -5.732075 -55.862213 -95.511645 32.032166 78.777441 
4 356 2314 2545 3867 84.479130 -96.743673 -66.509148 16.181350 
3 1530 1714 2758 -35.627428 16.089311 1.217892 
5 637 1541 2109 2232 3833 0.286891 97.705486 -62.196697 -17.942503 9.179000 
1 3021 -27.714666 
3 183 2228 2708 35.375546 66.228772 7.258785 
5 945 1385 2275 2347 2780 28.586669 56.392478 -26.919348 -93.827288 39.800683 
3 1418 1958 2752 52.466180 -58.385632 -36.889620 
5 306 1080 1651 2849 2882 54.738128 6.806286 -70.732294 -12.519502 7.118128 
5 671 1583 2549 3332 3677 -97.956985 73.690028 -3.226020 1.252582 -36.546858 
2 1433 2781 -97.739348 83.399692 
2 3712 3772 77.445010 60.615454 
4 176 1417 2066 3218 38.399955 -12.058374 -1.830418 -36.519219 
1 1514 8.539299 
6 973 1127 1428 1863 3771 3937 -39.156651 -43.457492 31.144675 -66.600994 29.992571 -99.215124 
1 3313 -48.186452 
7 560 1115 1654 3082 3088 3096 3180 -66.858211 37.453234 72.960846 -63.930495 -16.758195 43.646450 8.761326 
6 606 1894 1956 2807 3043 3529 -20.452456 -32.283062 -4.881415 29.471011 -84.437350 -16.606093 
6 2456 2964 2995 3258 3485 3768 -55.410078 83.087969 73.828618 50.123779 -44.101853 -43.169869 
3 2286 3318 3939 -23.683395 -32.701107 69.307665 
5 740 2165 3048 3227 3692 -28.384586 4.547261 79.444625 -45.277918 -21.139075 
4 415 1876 2796 2997 23.261542 95.080017 -58.882494 -95.651688 
5 657 940 1971 2199 3176 -25.211416 -76.271219 37.768995 96.798178 -52.597591 
5 363 530 904 3453 3647 -26.124414 -21.098496 -4.422000 48.814295 -29.859293 
3 3122 3152 3559 57.581418 22.252740 -67.499846 
6 572 1615 2096 2266 2566 2688 -54.559957 48.371695 -44.399777 53.866143 -28.620967 80.792898 
6 707 747 961 1451 2915 3906 8.884774 -18.862270 90.376583 -86.949585 34.364063 -11.692318 
5 821 851 2648 2996 3942 -74.147070 -75.048670 0.780048 8.179035 -28.869830 
5 1414 1602 2184 2952 3844 -14.682860 63.222396 -40.144837 60.371258 -51.660873 
0 
2 3427 3738 18.684957 41.582226 
6 173 300 1227 2862 3467 3967 -30.676003 98.209881 11.127632 -59.864894 -63.407267 -15.591655 
2 2140 3190 -53.158599 -29.628513 
3 1013 1058 3382 -9.591131 18.060835 36.207315 
4 644 922 2603 3510 77.149576 2.845928 -52.240932 89.443413 
6 450 1589 1713 1840 3398 3407 37.295383 60.571753 -38.315066 41.724655 -82.035149 30.739796 
5 161 316 1950 2764 2827 -33.728364 -91.791877 -24.186814 65.418582 16.807106 
2 227 2805 -77.470556 57.855875 
1 553 -98.415151 
6 388 947 1876 2091 2114 2514 38.680373 -48.354403 -59.836706 -12.168278 5.786082 -5.400527 
6 106 916 1342 3154 3312 3791 23.463312 44.621697 58.548480 35.542246 -97.356802 43.440636 
8 1126 1428 1526 1792 2360 2441 2451 3674 -69.968489 -0.342684 -69.577192 90.678375 48.379892 -3.438013 -9.964719 73.401420 
3 278 1027 1219 58.681551 62.552542 -78.745292 
6 1085 1393 1427 2541 3039 3182 -57.468208 44.400964 -92.065073 -18.373170 -93.315608 -4.683833 
4 1059 1589 2986 3754 -57.001686 72.354159 36.446705 5.103505 
3 454 1432 1490 -9.064442 -41.326678 16.048671 
5 58 799 3223 3977 3993 -12.414385 19.330989 31.811859 55.818330 40.616181 
3 2028 3236 3649 63.367963 32.271634 12.067289 
4 1156 1465 2423 3488 -40.000577 14.387819 -43.618541 -2.641341 
3 1688 2122 3313 -55.103813 -74.440302 -60.347597 
9 128 252 637 876 911 1128 1666 3843 3986 -49.646146 93.087310 -55.548644 74.009634 -5.653364 -11.521065 -83.166590 20.516868 -53.987676 
4 421 2078 2368 3195 77.979557 -50.510523 36.953625 -35.573450 
3 1312 1403 1724 -47.129170 30.183684 34.041286 
4 1440 1840 2800 3973 -81.541819 -94.322171 -40.439012 85.355886 
6 2412 3073 3094 3180 3290 3447 -80.242516 -31.862800 -0.634630 -91.770303 -41.317900 57.000045 
4 1012 1739 1882 2352 73.637232 71.187469 -51.016009 82.921988 
5 1149 1161 1815 1873 3271 90.082164 10.018624 -97.098943 51.952506 13.332284 
2 183 613 1.223206 68.563126 
3 350 1402 2927 33.201560 8.769030 56.014485 
4 995 2320 2456 3733 6.224913 -94.375506 21.086405 44.181324 
5 342 666 2344 3495 3588 32.303828 0.901679 60.373442 -7.419008 -24.842446 
4 635 1284 1381 2707 -90.368804 88.040403 18.341409 49.854845 
2 1652 1681 90.796405 24.812269 
3 1378 1948 3311 99.822253 4.572397 81.326392 
8 166 806 931 949 991 3221 3433 3587 -43.521719 25.931294 81.968804 45.666174 -74.009734 45.000146 82.876864 88.687219 
3 921 2541 3986 22.082912 67.927933 60.446093 
6 509 2655 2947 2964 3123 3614 -77.512294 -84.143391 -76.841749 -55.235799 -87.532698 78.473700 
0 
9 239 299 925 1704 1733 2071 2851 3865 3984 57.648053 43.966325 34.960126 -76.609706 -77.790784 -75.590807 -93.939434 -11.667114 -20.003999 
4 597 1025 1177 1496 -55.137450 6.365574 20.653410 -52.354943 
3 1945 1949 3890 -19.161126 -16.995364 -14.649151 
