3500 3500
3 1385 1737 3339 -66.908769 56.901714 -4.569482 
4 221 2195 2942 3404 -67.371559 -73.861621 -5.797934 -79.894141 
3 1277 1512 1870 18.121420 -75.849392 -16.317526 
6 1063 1472 1519 1582 1831 2651 -13.206002 89.780030 -71.534844 -76.731325 -82.925342 -11.240242 
6 232 357 2553 2724 2927 2995 -50.248887 12.946695 -8.017838 91.618834 5.784638 79.505517 
6 202 213 983 1824 1954 3149 -76.342445 46.538729 79.721678 -90.603496 -83.981911 -81.763384 
3 614 1225 2389 62.514807 -29.517408 66.039819 
3 2558 2761 3009 96.691194 45.030107 99.644919 
7 160 471 862 1779 1782 2281 2992 -54.149242 91.353108 44.380026 -65.194937 28.133917 -6.851903 47.463152 
3 95 184 490 -32.803558 48.776998 6.298057 
2 1077 3382 68.135972 -21.141811 
5 316 895 1073 2431 2820 48.429491 -8.384042 9.551273 -35.738000 50.970116 
0 
1 629 66.754019 
0 
2 470 1613 -64.168349 39.629602 
4 427 918 1489 2412 70.056847 -46.349519 59.743081 33.626736 
5 377 737 898 2077 2820 5.312744 70.706290 35.798612 67.413123 0.513363 
4 1079 2482 2569 2923 -61.854582 -82.739726 -22.316452 -62.403639 
6 241 670 992 1497 2397 3226 46.754418 -76.230863 14.828653 88.996894 -34.596338 32.245313 
2 1414 2875 -51.930309 43.009433 
6 56 494 1533 2711 3104 3392 -81.175130 86.228546 61.969655 98.029935 -71.222120 30.997089 
5 713 2226 2242 2883 3265 -87.564386 -81.932317 -41.242054 5.795250 -84.555109 
5 1034 1695 1732 1986 2002 -11.029898 -4.645245 -83.797583 -27.021304 -80.335100 
2 1086 2170 -89.008837 -61.683306 
4 533 2145 2187 2755 79.087389 -41.752069 27.676146 4.798683 
4 1366 1515 1718 3193 16.660856 68.211998 -1.871212 -10.655494 
3 40 263 1939 -4.680197 93.089181 -85.966087 
5 116 946 2222 2894 3433 -87.889766 -99.681753 15.572332 -80.868519 39.295907 
5 507 918 948 2294 2404 3.785935 -47.823798 69.900505 -35.069142 50.212685 
3 662 2718 3240 -35.625361 59.190046 -1.451533 
5 509 1013 1594 3325 3477 75.171105 71.307790 -2.109889 62.483812 49.603060 
5 705 1301 1624 1863 2916 -89.392085 -33.732687 88.788723 -20.405211 -41.508121 
1 2836 -40.462428 
8 391 425 726 1045 1086 1779 1870 2467 -31.818376 60.387028 -63.154075 -11.431795 -0.065269 80.106543 60.581506 -19.423875 
2 1310 2812 -11.624357 88.236633 
7 3 1140 1192 1414 1753 2747 2924 36.944145 -46.525294 -5.254991 -4.786897 61.343283 16.494798 -18.314847 
6 115 610 2099 2700 3026 3033 40.303336 -53.187141 -7.530862 19.017729 -57.242732 94.799008 
2 1318 1624 -55.603639 -60.669899 
5 239 2498 2530 3303 3444 84.441003 -84.236136 87.898421 10.443415 -54.570904 
5 270 1353 2276 2290 2668 -19.174591 31.034513 -87.285699 -43.549431 85.645792 
4 318 1422 1857 3275 35.102495 -20.526128 -22.107447 73.678252 
4 336 1194 1733 3408 -22.657735 -11.178039 -28.014617 -81.131502 
3 461 1235 2695 -3.745498 -67.443117 71.395953 
2 1232 1875 -26.610900 -18.286172 
5 97 162 1885 3103 3179 -65.706347 -62.815152 84.953242 -40.565789 86.150635 
3 20 2736 2963 -89.270850 -61.140529 -4.569097 
5 1339 1930 2341 2395 3012 8.510206 69.331366 47.526278 7.320167 9.119401 
5 61 101 425 2117 2217 -22.561152 97.382238 -92.519096 10.580130 -71.081677 
1 1626 40.993308 
9 356 377 383 1160 1252 1651 1817 2076 2758 42.007735 83.759605 -95.960761 -99.411900 5.806085 -20.435986 12.967382 93.265481 13.560108 
3 990 2584 2687 90.113026 -30.448367 -4.139390 
1 706 -68.092039 
6 1276 1957 2296 2643 3420 3447 20.701309 51.354865 51.759759 76.577370 69.579421 28.978629 
2 754 3413 67.051944 51.245270 
4 457 1120 2832 3448 -31.552351 -49.388520 -85.222712 47.144289 
2 404 2150 19.118285 38.845254 
3 782 2884 3231 66.613601 -58.980577 30.301941 
1 186 -23.625853 
2 856 1647 83.040794 -37.679847 
3 155 1918 2757 -13.437709 -75.974639 -73.788735 
3 2033 2110 2322 53.422855 -91.303602 59.468582 
2 533 1675 -3.473665 41.856993 
5 15 964 1571 2391 2705 7.392756 -65.140447 93.518831 -74.029992 57.822419 
4 186 2073 2932 2938 -21.319944 -40.771611 27.728644 -46.739123 
4 32 991 2193 2880 -21.097478 36.546048 -40.369227 19.791546 
5 1175 1286 1422 2427 2864 -92.220524 -43.931397 -83.002140 -14.597199 12.909279 
4 255 902 1153 1402 49.032742 78.341845 -43.368058 55.223276 
4 130 2051 2526 3148 -83.928736 88.500376 81.128453 -4.988920 
2 1497 3128 15.791559 -14.798889 
4 434 1643 2797 3319 -56.994961 -52.887488 -49.206600 -65.191306 
2 23 1373 -67.564941 -9.544436 
4 1010 2168 2850 3237 95.533297 -58.492681 97.051171 7.063503 
2 979 1198 20.443831 58.910785 
3 148 745 1726 -90.504613 94.602548 90.803836 
3 2451 3057 3138 -80.891477 -35.623071 -40.835595 
3 2811 2925 2960 74.974642 -0.917314 -61.721884 
5 61 1553 1616 3293 3326 -37.703657 -56.559304 10.750681 73.380819 9.003926 
6 76 112 912 1015 1520 1934 90.682120 26.442086 2.622786 66.340966 -13.133590 -49.642828 
4 570 2296 2844 2946 -35.320827 41.967572 34.491860 84.907942 
5 385 793 2074 2521 3306 57.858645 -59.610817 -43.374482 90.133755 37.294570 
1 175 -91.985929 
3 2146 2588 3418 53.101768 -42.095173 67.492968 
3 1724 2346 3321 69.607949 -33.654910 14.454872 
2 2518 3370 -39.387155 -96.837664 
2 316 2114 30.335520 -22.535639 
4 1358 2278 2529 2647 -55.836309 -58.657639 68.180951 75.410993 
3 388 701 3201 97.892271 -58.188964 -82.419344 
1 3342 6.214435 
5 900 957 1814 2332 3055 -96.775199 81.784699 5.914040 -25.807706 46.480695 
1 1503 -14.106597 
6 470 1453 1574 2343 2582 2846 -78.615123 -41.306529 -8.548053 67.548866 -81.148698 91.960028 
1 2709 -68.188825 
5 174 296 1074 1390 2734 8.504115 57.657883 27.230516 42.336792 -48.304433 
2 1344 2804 37.488552 -26.150503 
3 215 1730 3414 -26.014166 36.339626 -2.080151 
5 30 831 943 1923 3295 42.586662 67.253186 15.134332 88.107913 7.789351 
4 2300 2311 2384 3329 14.304776 -55.049824 -66.078275 -98.699303 
1 2760 -88.928719 
1 265 14.236196 
6 27 644 685 1685 2509 3020 78.202919 57.441973 26.583240 -30.712105 23.041594 99.016136 
8 390 435 516 1987 2056 2102 2209 3434 -9.725021 70.361866 19.041919 -46.571400 -56.158973 -48.945472 -98.463057 -6.540079 
4 235 453 1293 1619 -33.819969 -7.633505 84.023350 -21.988644 
4 148 310 915 1273 -93.820336 31.143762 -35.222818 61.186916 
3 582 1594 1835 35.325963 53.697637 -32.342723 
2 2229 2521 93.063645 -30.988875 
0 
7 172 545 642 1471 1541 2307 3148 -13.932074 55.620974 76.633619 97.901857 -61.563755 52.676986 -9.616888 
3 1749 2569 3139 73.444805 -25.463440 70.164109 
3 28 820 2503 -87.681281 29.773198 62.359043 
3 131 298 2891 -51.286642 -7.084671 -47.167027 
5 1034 1075 1722 1808 2194 33.678972 93.559269 20.446100 29.399620 89.944763 
4 445 1789 2959 3045 -78.780141 96.124534 29.333018 72.239960 
4 775 1774 1961 2695 -76.474310 41.812517 -83.298717 -2.841715 
2 155 3336 -71.253833 -4.718586 
3 1458 2552 2748 22.379376 16.390557 -59.892966 
5 490 2056 2355 2497 3265 98.171029 67.751459 -64.679790 -75.862491 67.501148 
4 50 616 1190 3058 29.023793 -36.701467 -37.709973 -82.675369 
5 169 547 775 1686 2376 -3.390531 -15.702914 68.823441 -81.867584 -18.119750 
2 462 2552 -17.951507 -90.979779 
3 711 947 3393 -60.886596 -75.628562 -70.222245 
2 652 2680 85.387750 -57.445953 
7 35 851 1081 2306 2348 2445 3277 79.525853 1.157850 -27.905681 8.891567 -9.457729 43.495415 -18.833834 
3 1627 2552 2600 37.341844 60.271799 -79.886761 
1 490 -15.222716 
3 864 1406 1847 -89.294172 31.079059 -67.602492 
3 178 1347 3456 -88.542121 78.812917 62.076030 
2 178 2299 33.568135 59.657085 
5 1024 1894 2434 2802 2813 92.454912 -57.424082 10.694010 -13.770258 50.010311 
6 291 475 1665 2047 2178 2539 -21.717554 -86.997547 -90.671010 12.968867 -42.391321 6.550249 
2 1260 3382 -64.965702 36.572632 
2 659 3388 9.727604 56.572924 
5 730 1263 1777 2109 2424 -57.982359 13.249173 -54.626438 70.331047 33.875971 
4 111 1318 2442 2695 -37.915389 -50.864679 -55.613209 -3.338515 
2 2214 3070 52.971173 -90.558758 
1 3012 -39.112761 
1 3107 -51.565945 
2 1272 2934 -9.175253 54.580257 
4 1658 2514 3017 3183 50.829869 -88.720223 -64.944085 63.292587 
2 1264 3056 -31.777198 39.602561 
4 768 2054 2063 2604 -65.552429 -50.980042 3.213045 72.723865 
5 270 967 1127 1413 3098 -15.218008 -27.859804 -97.189875 -57.054632 73.633967 
10 782 1116 1684 2161 2397 2767 2791 2974 3352 3410 -64.572040 59.656365 85.001301 16.820048 52.126417 -27.079696 -2.976351 -62.278329 -32.623227 33.694820 
2 604 1030 39.845614 -36.574086 
3 439 1787 2258 75.543995 8.644929 -71.645618 
9 632 770 1068 1563 2218 2225 2571 2903 3180 -56.269304 -14.158356 30.587800 -57.488386 33.623027 -55.981395 -72.838438 65.636452 60.228187 
2 903 1734 -45.705348 -10.903212 
4 670 1767 3296 3310 -71.919290 -72.004312 22.018135 -11.267656 
6 17 294 569 2171 3029 3352 -90.087703 29.751978 12.255908 77.743679 81.567421 -44.257497 
4 50 2194 2633 2864 -84.334484 -76.412615 -12.731603 -57.777348 
0 
2 1180 3394 -49.536616 25.976486 
4 596 1214 2501 3489 -43.142860 -60.397550 -55.303338 -35.236420 
3 456 818 3028 -38.507023 -17.882791 -4.035326 
2 497 3155 33.097688 24.544128 
4 357 1185 1213 1744 -49.194461 4.812638 -82.159410 73.201765 
1 1795 16.900005 
7 403 667 1355 2400 2883 3039 3349 -23.822105 -25.529465 -4.508374 0.972338 -75.396296 45.023651 -70.549634 
3 59 2331 3096 96.319455 48.155140 87.310529 
4 1642 2298 2382 2544 2.253473 45.902166 76.774008 30.050866 
4 93 130 1788 3306 70.400717 52.709398 -19.688209 -36.216342 
5 798 1269 1424 1821 2359 71.799810 -8.752646 87.525916 -46.300075 68.029109 
2 1668 2397 17.220690 -81.464420 
3 504 1812 1830 -8.325141 11.824706 -43.111438 
4 12 306 1161 1391 -60.660262 96.800227 -87.069139 27.677622 
3 749 2713 3356 32.245861 86.400637 -27.288786 
4 745 1814 2301 2877 16.943965 67.087484 -83.406865 -4.658587 
1 1228 50.755266 
0 
3 132 413 1506 -60.282540 -69.062773 -36.115023 
1 3044 81.850792 
1 804 7.329166 
4 647 1641 1925 1978 77.137737 -11.415533 19.005094 -80.449522 
6 268 535 1306 1706 3140 3432 -66.803775 -73.386224 -33.504725 -58.456120 93.870150 -57.168557 
4 698 1158 1850 2540 -13.208474 73.178057 -46.926513 -64.437233 
2 1071 1792 19.108082 -74.397668 
6 1497 1583 2343 2353 3027 3360 -69.002810 5.489380 20.157446 -55.807167 -51.754941 76.115068 
10 225 481 673 927 958 1055 1196 1500 2329 3417 -61.882162 -19.038542 -13.900356 39.940178 -16.159097 11.032650 -45.898813 43.502303 -58.234412 -49.946673 
3 2056 2699 2880 72.404353 -48.685912 94.559245 
6 700 1459 1637 1735 2108 2473 64.021948 -88.212513 29.963395 -98.914219 -13.309394 98.926189 
2 961 1814 -93.004993 -52.698500 
6 494 1049 1375 2807 3060 3248 -15.581740 53.006560 8.810799 -27.175853 -17.035709 -31.476855 
1 530 -1.049520 
2 2839 2966 2.019680 -15.678650 
5 336 340 671 2614 3203 -35.892658 71.392890 -62.681561 -31.039703 -47.705094 
3 994 1511 3299 24.075921 -90.593471 50.857579 
6 218 1349 1510 1763 2075 2996 -14.246545 28.444980 49.276416 86.884172 58.289124 -4.715656 
4 1073 1888 1939 2850 -32.570842 -21.801366 52.432325 -40.601659 
3 1017 2974 2981 -4.533148 7.948649 10.795203 
2 333 3264 -61.807852 -51.509176 
2 1394 3024 69.054320 -68.508365 
4 128 222 453 1687 -85.248579 -55.198726 -17.925468 -82.880456 
2 633 896 21.567233 18.164780 
3 1415 1866 3451 79.429477 90.133940 48.110757 
2 2120 3211 34.645798 -41.485948 
6 348 507 2102 2345 3341 3420 80.514228 -26.962875 21.191985 -10.656126 -70.516469 -67.749698 
4 98 999 2205 3449 66.397422 -42.745676 96.331657 9.025636 
3 1365 1435 3279 -39.593899 10.863363 -48.546651 
3 587 1729 2251 -35.699115 36.412575 -47.152912 
1 2220 -45.886918 
2 523 1771 -52.204745 -8.518968 
4 892 1115 2131 2808 -44.538286 -88.487182 -86.211156 89.009423 
5 571 1030 1963 2035 2458 19.921112 -91.333634 -97.084200 9.346841 81.487815 
0 
1 553 76.079307 
4 1157 2098 2406 3182 -60.899353 -76.444578 22.476315 28.802041 
6 1347 2564 2995 3086 3385 3388 -67.347566 -53.167914 -89.966972 -80.399305 -34.425378 -33.271256 
3 1479 2488 2719 77.936991 12.715216 7.020925 
3 1022 2806 3418 79.508323 94.189004 98.671413 
4 495 690 2576 2981 -54.533267 -94.122890 14.899085 -26.236306 
2 1138 2625 -92.780379 77.427114 
3 576 1243 2509 -18.094340 2.391336 12.160723 
3 2662 3270 3322 36.868094 -93.780203 87.382079 
4 117 2387 2688 3274 59.149352 13.306168 -96.739345 -7.255858 
4 1649 2948 3113 3128 65.442026 83.733456 25.384764 95.407265 
2 459 2175 -10.241755 -63.929746 
4 265 577 1988 3427 59.834901 -25.421063 49.461248 -35.437583 
2 625 878 -83.147349 -73.631593 
8 88 498 832 843 1277 1757 2255 2851 44.081055 7.916729 73.675645 40.493136 -88.320324 86.047554 49.798218 37.955339 
2 513 1867 7.575826 -0.699074 
2 119 849 43.025793 -24.202653 
4 261 1319 2841 3191 -69.473587 69.329299 -54.113847 32.457254 
3 1005 1424 2597 -74.992908 79.522042 -95.617160 
2 299 1388 7.031706 20.247791 
3 592 1717 3248 92.179440 17.840675 -8.624889 
2 328 2516 -63.534513 25.412679 
3 621 1130 1665 -39.067559 -61.521788 45.987942 
3 216 677 1367 13.892948 -31.651661 63.535106 
2 624 2597 6.368394 99.334045 
6 868 983 1225 1743 1973 2166 62.526165 -61.779476 15.625367 -28.775685 67.403007 25.418067 
3 1494 2298 3039 12.376819 -77.387097 50.700685 
1 278 28.391971 
7 109 474 591 2349 2808 2901 3308 -95.858740 -79.294013 -25.977152 11.197583 -90.535494 55.386001 -46.462433 
4 583 1722 2132 2723 29.886372 -77.629028 92.788345 62.878703 
5 837 1688 1886 1988 2594 -81.409937 -55.734541 -61.933230 -36.930875 72.696874 
3 774 1098 1193 -76.601449 22.657892 -23.567407 
2 776 1934 6.876663 55.020629 
2 2824 3153 -85.862890 -98.767510 
1 1284 68.079276 
4 490 2587 2851 3377 -39.526773 26.521981 -38.948445 -62.261531 
3 306 1133 2848 -90.228400 -5.085926 68.008814 
4 928 1318 1756 2147 -38.237433 68.094463 38.178477 -96.601872 
0 
7 214 551 1758 1995 2313 2670 2940 -70.690691 -67.998442 7.298481 10.705884 41.234066 -72.194690 73.528529 
4 362 1761 1848 2392 66.181210 -77.013858 -48.265655 -19.437219 
2 3137 3398 -15.406451 54.924695 
2 1643 1675 -83.767744 -84.521236 
1 435 67.139053 
5 439 1857 1922 2444 2521 -35.957766 28.394954 -81.756694 -65.544013 61.629541 
6 618 1233 1988 2374 2680 3212 -83.942402 24.946832 74.405784 96.508800 -42.113607 -37.584260 
4 508 918 2472 3477 -4.106482 93.185570 27.371496 -18.365780 
0 
5 403 616 1110 1443 2660 -90.125080 40.306089 -67.456723 42.725415 21.243800 
9 701 811 897 1107 1626 1795 2158 2913 3141 -78.036801 -41.671611 33.216518 53.039847 -24.469613 15.550195 -59.485196 29.176441 2.952193 
3 1332 2969 3127 68.425422 -8.091379 11.331272 
6 31 269 665 962 2167 2954 -7.691601 -23.994820 -51.713459 18.364638 93.837217 -20.256816 
4 438 1020 1710 3430 -91.775158 25.118772 -44.798818 -42.436829 
4 1766 1978 2362 2951 18.026064 90.687774 32.627365 -44.073005 
4 758 1806 2039 2939 -42.067220 85.521037 -71.236927 -89.110904 
7 324 741 884 1211 1981 2728 3020 0.489897 13.153124 76.971342 63.224549 -32.329099 63.933551 10.708953 
2 329 3444 -67.037674 23.951543 
5 342 492 550 808 3284 24.411541 26.040162 -19.025350 -50.189653 -60.531890 
3 1535 2345 3277 -36.481777 -38.495991 96.899684 
3 1188 2618 3073 81.080202 -11.430694 -98.400556 
3 1183 1449 1551 -95.922186 71.474912 -94.514423 
7 290 1013 1104 2653 3090 3355 3448 -68.305748 47.729008 -44.665545 -59.882138 86.776735 -60.281958 -12.679327 
1 57 -36.297148 
1 1529 -5.097205 
4 1032 2006 2183 2438 -21.050697 71.535899 87.680284 -90.040270 
3 2166 2344 2778 60.011569 -38.923537 95.251363 
1 394 -70.251624 
5 911 1652 2351 2654 3423 89.992343 -25.538518 5.270802 85.648208 -23.062473 
3 2 58 2616 -48.672161 53.822449 -86.854374 
5 978 1201 2558 3242 3285 -43.433209 74.016353 -97.092095 -61.553737 -71.703057 
1 1025 39.397627 
4 1224 1870 2313 2698 -18.053166 30.162449 31.698495 -43.493344 
1 2708 35.400654 
6 341 455 511 531 2402 3343 -92.785295 -21.924628 92.942361 88.312890 -37.939003 8.794860 
5 52 915 920 2977 3484 -66.849302 63.072445 33.186308 -33.218697 21.048194 
6 958 1436 1534 1717 2588 2964 99.115987 21.713828 68.088851 -50.000891 12.827262 -62.139030 
4 394 554 1161 1556 26.379743 65.084141 -44.316449 -54.449040 
2 167 1478 -20.423414 80.459843 
6 943 1151 2737 2828 3080 3140 81.788818 86.043716 -40.334981 -87.736844 -93.421433 50.759243 
0 
3 2580 2600 3108 31.186186 0.664957 98.573394 
2 960 1406 -27.731157 4.749908 
2 382 923 -63.155969 3.770784 
7 746 791 1375 1838 2175 2450 2535 81.927900 -56.391271 91.234467 40.622814 43.425421 -90.919396 95.775826 
3 1780 2530 2650 -78.556017 -51.974096 -21.528427 
3 469 1663 2567 89.270530 30.721167 94.732756 
3 386 1355 2740 -80.164561 25.925000 15.631045 
4 158 1500 2202 3265 28.252859 -61.681760 5.912935 17.587374 
1 528 -41.412764 
4 855 1169 3078 3471 -91.871495 -43.205398 -17.688846 76.439490 
3 1317 2550 2592 -31.272565 36.553249 51.532559 
3 260 844 858 -92.882002 19.696742 17.858105 
4 218 523 1425 1765 50.408964 -39.508568 -78.090139 85.435259 
1 1695 34.912479 
5 1153 1751 1800 1807 2242 50.213351 -18.939951 -48.771164 51.096332 57.952151 
0 
2 158 487 -12.128699 79.558190 
4 692 757 1053 1336 90.456132 -29.736559 -51.101118 -67.922420 
4 196 582 1052 1723 -74.029656 83.329902 -82.618342 -52.188830 
7 744 831 1183 1677 1968 2082 2269 -84.599225 -80.633023 14.861635 -95.183189 76.364012 -4.149893 -51.679817 
5 739 1836 2276 3027 3385 -78.459959 -13.117765 -57.456112 22.368195 92.535556 
2 1068 1243 -70.054318 39.693399 
3 1792 2353 3366 52.192933 -89.999084 30.580278 
1 973 -86.258183 
4 1578 2250 3176 3477 91.919309 6.113951 -42.416405 -45.071265 
2 2915 2926 56.048329 -23.597796 
7 127 542 884 923 2466 2714 3100 50.312809 77.605664 -37.127748 -26.608122 -20.685322 53.169362 87.299044 
2 356 1906 59.322256 -49.031786 
3 811 3076 3424 77.384595 57.575875 18.696556 
4 873 884 1670 3090 73.882322 26.522547 -70.736613 70.996314 
3 580 1412 2403 -46.839831 -7.735609 -3.587128 
6 242 768 790 919 1403 1955 -47.165687 -46.810272 -85.969594 60.236267 -12.935788 77.550076 
5 190 958 1386 1812 1937 35.633738 46.928549 -74.039939 -25.962098 26.912944 
5 850 1911 2097 2296 2570 -49.687383 33.624454 -37.773603 -68.386737 63.928333 
3 886 1854 3178 35.835010 -35.966604 0.828633 
1 2892 -71.958935 
5 442 853 1126 1472 2884 -97.921003 -30.368716 -41.928171 6.895501 -73.952320 
6 127 1052 1400 2034 3332 3379 -58.987100 -18.077548 -50.179410 -21.739084 73.017302 -55.370059 
3 1144 1203 2041 -18.387088 -7.820304 -89.564848 
4 1360 1409 2207 3050 90.361928 20.110580 56.596106 32.802630 
1 1625 -89.640811 
5 25 982 1495 1855 3485 56.014763 84.899056 49.812486 47.798920 20.859171 
7 34 246 1155 1289 2846 3264 3404 97.432994 51.956316 -2.209261 96.674490 -36.701674 86.636848 17.145394 
3 1619 1893 2957 -52.462990 8.828399 8.089096 
2 687 2892 -19.418989 -76.553085 
4 70 363 1885 2792 54.880065 24.508493 -38.008969 -84.222470 
5 749 901 1091 1468 2114 12.541446 77.437961 -69.532680 68.707899 8.279026 
2 1335 3020 -85.663032 15.376419 
1 2977 85.504794 
6 33 1088 1239 1339 1403 2128 -75.869007 38.317584 47.016198 56.783911 30.480696 31.506498 
3 2613 3032 3138 -32.908453 86.336037 32.375340 
4 193 1723 2512 2873 -51.657566 20.661006 51.593031 8.964997 
2 3015 3454 -63.901889 97.060620 
2 929 3360 75.030422 63.461636 
2 39 1376 -21.770865 -27.732868 
4 611 1417 1744 3235 -43.882288 39.230388 1.509565 -39.534762 
3 148 758 3033 24.067085 -57.280944 -53.890398 
6 941 1811 2489 2878 3069 3085 22.540942 30.247799 98.436473 61.878925 -13.043774 67.464719 
4 2275 2351 2771 2820 96.255834 -30.036954 59.904802 60.624548 
6 1330 1661 1966 2656 2969 3463 99.337396 -90.524075 -29.664337 -63.395896 -17.815673 24.544409 
7 181 295 608 1039 1736 1995 2032 91.106564 45.730254 -98.728860 37.984921 -86.348970 -88.860679 73.683425 
1 2551 -21.724060 
6 219 300 1329 1427 1973 2077 -82.584780 18.656764 -55.169584 -75.371613 -43.296753 93.626565 
5 194 741 1458 2086 3136 54.362282 -52.948579 -32.533857 -26.898800 -26.305957 
3 2272 2360 3496 -20.635992 5.994498 13.191102 
3 422 1012 3480 88.555093 4.781579 -51.808284 
3 1634 1854 2658 -24.612278 64.686064 19.572923 
3 442 1077 2934 64.940206 43.081129 78.812324 
2 802 3015 -14.605369 59.447339 
8 190 610 698 1530 1830 2434 2917 3468 -3.614408 98.607701 32.635607 -84.383962 68.390272 -4.406419 -17.718002 84.338866 
4 913 1091 1286 1819 -11.523975 44.558725 55.153199 71.434933 
7 412 491 816 1891 2966 3111 3436 -41.208625 -49.968999 -95.401014 91.282382 0.558422 -59.058197 -64.457219 
3 2001 2024 3248 -96.533992 22.424844 15.034184 
1 2977 37.294370 
4 383 794 2235 2689 -26.803441 -18.537898 -78.936954 -53.471236 
6 139 169 843 1310 2963 3285 13.832017 44.271336 6.137972 90.965774 -93.702125 -28.295416 
7 119 394 1895 1979 2483 2543 2618 -34.412020 -14.002420 -9.193694 -72.531824 -26.595805 -77.298857 -48.579502 
5 1302 1403 2008 2840 3142 -0.830215 -59.325577 75.575377 95.618600 65.483916 
1 613 78.589975 
5 689 908 1167 1197 2448 -88.912944 23.422025 -29.067997 -36.838269 -11.863946 
8 616 935 1102 2247 2827 3149 3151 3255 -6.304585 -60.302232 -10.101872 -23.552820 13.098902 51.748628 -26.593454 39.737121 
3 555 1346 3013 -23.237106 -4.125533 -33.868566 
4 23 239 2156 3194 -56.042325 55.836197 -12.661733 -74.432680 
2 1888 3402 -87.259225 -28.514412 
3 190 941 1164 -52.005510 -40.034414 -77.579740 
2 751 921 10.685684 -0.912052 
4 1715 3013 3021 3081 54.998925 -9.586771 9.445002 -75.379756 
2 2923 3038 87.324756 12.449627 
1 2051 24.235537 
3 672 1211 1696 75.267974 -38.393570 56.862616 
4 524 821 1202 1775 -76.185961 17.700618 31.650959 -35.735774 
4 179 964 1407 3400 -17.538251 -56.406976 75.322389 -71.849027 
2 1059 2602 44.492093 -39.602014 
3 510 1581 1648 -23.453714 52.145672 -85.516883 
4 24 937 2206 2614 -86.256488 -63.107777 -5.864031 -72.709721 
3 883 1775 3411 68.660469 52.607660 -91.989741 
0 
8 1065 1652 1819 1921 2041 2208 2765 2876 -87.374699 91.141034 -19.791886 -41.881584 49.842433 66.538712 -98.773373 14.479414 
7 641 2165 2796 3054 3161 3270 3367 90.835916 -86.538439 -83.622474 -75.256410 43.518777 -96.345591 -89.356289 
10 519 575 588 686 703 747 921 1940 2038 2655 29.883647 25.450313 -55.517982 -68.307179 -60.300585 75.335358 32.347143 45.950806 -58.110268 -1.771254 
2 2047 2936 10.291753 39.388510 
1 2326 90.041468 
1 3382 -15.502008 
5 702 863 1214 1821 3348 -43.098003 -30.761249 -21.466676 -47.594440 84.450364 
5 214 1359 1698 1974 2147 -21.408421 90.417037 -57.152330 11.739910 74.812900 
1 1425 -84.302375 
7 1115 1313 1820 1917 2954 3256 3386 6.670105 -12.279802 -60.931914 1.937483 78.594598 -53.828625 -46.440445 
3 649 2136 2592 38.888909 34.427478 55.049747 
2 613 627 61.918150 49.285743 
5 239 562 2529 3146 3283 30.465830 -61.532909 1.741458 -80.950243 -13.649901 
1 3367 23.054601 
3 1168 1642 2990 13.821530 -10.584238 -25.327510 
3 1408 1753 2746 58.501939 25.957096 -99.794610 
1 963 94.703661 
3 1081 1290 1514 17.832701 44.769253 55.683469 
2 642 3411 79.228458 -45.372617 
3 556 1476 3087 66.497565 71.455572 -69.152037 
6 212 261 1618 1695 2054 2969 -74.042364 7.830129 -57.400920 -12.415481 68.102780 -38.253371 
3 152 1792 1879 -50.394650 25.545809 -7.647703 
3 212 3037 3060 -61.258175 28.731605 -58.850764 
6 554 1455 1898 2394 2717 2970 -20.313677 90.807787 63.582289 -61.711621 -95.849956 44.499678 
1 3240 41.806461 
4 704 1244 1740 2357 -92.808132 -64.286940 -53.216971 93.142780 
3 226 719 1761 72.434776 -86.891565 -78.355637 
4 1464 2506 2610 3258 -74.818853 65.892128 -79.184885 -45.372776 
7 230 537 1188 1300 3049 3075 3225 -42.048881 -69.022737 -82.322606 15.611124 -46.397790 -59.612896 33.639014 
3 126 430 2642 -78.287901 -25.411556 73.949031 
5 325 954 1530 2056 3051 -6.008366 28.378228 -57.331061 87.387163 -27.978577 
3 78 1501 3179 44.478670 -30.091977 76.713101 
1 1548 86.885591 
2 882 1110 15.388114 -27.817405 
3 1285 1361 2116 17.041192 -58.973159 92.683631 
5 2063 2289 2508 2890 3292 -65.926265 -5.529807 -8.274882 -4.763667 7.134658 
1 1897 27.582134 
2 219 2445 -97.724362 65.065541 
3 480 1111 1405 -15.431848 22.185616 -87.692168 
5 999 1851 1967 2138 2233 7.078857 -26.039029 -96.648880 -80.613212 -51.818203 
3 1537 3048 3148 -4.386367 -68.451266 -30.518403 
7 397 860 1369 1526 1699 2170 2567 86.132063 71.419061 49.390119 83.331710 55.469148 -43.983344 86.913633 
2 1971 2356 -51.915923 -94.331371 
2 755 1672 93.753493 -40.649284 
7 120 790 1610 1696 1882 2458 3427 38.649183 73.483854 47.628201 17.330913 -77.437545 41.276515 59.448399 
5 1020 1205 1366 2046 3176 -4.779904 97.853255 -24.534073 50.780704 62.019238 
1 154 -52.862567 
2 798 2102 -48.858834 49.620872 
5 512 1763 2628 3058 3258 -86.834158 98.327626 85.395915 -46.261335 -0.512491 
3 277 590 3240 -63.935352 -17.674994 87.109346 
8 447 1556 1672 1905 2559 2626 2951 3037 53.960194 -45.917758 24.941141 77.569349 -82.516419 93.365440 -66.536500 -5.673718 
3 1557 2623 2962 98.474488 -2.997335 61.206019 
4 1720 2146 2765 2825 -11.616312 76.201926 60.596450 79.117585 
4 396 1867 2136 2576 7.294611 -64.461105 89.305230 -63.271432 
4 578 1273 1445 3388 -20.937778 -45.582354 -65.365441 -5.529505 
2 187 704 -90.483387 47.120064 
1 2582 14.536261 
5 328 889 1545 3185 3395 40.213114 -46.319403 -97.271262 67.857574 89.438682 
4 470 1056 2813 3070 -49.857738 -40.010337 90.688865 89.728943 
4 207 1147 3110 3337 86.905000 32.671277 33.545024 75.637028 
3 90 270 3120 11.786018 -70.727163 59.878830 
4 1193 2088 2845 3376 -83.370283 18.429547 -17.727998 -31.944317 
6 112 219 1241 1256 3256 3482 -39.388257 85.018000 -93.147013 65.009799 65.338340 -58.769391 
5 995 1883 1895 2806 2819 96.814725 47.904958 18.714844 -20.540087 -71.187631 
6 83 846 867 2270 2700 3354 -95.419312 -65.520488 71.812288 63.352255 -90.407372 -37.452786 
3 809 2406 3319 -8.763091 -39.639615 -33.074755 
3 101 1688 2672 -3.921557 -3.025024 56.111312 
4 832 988 2706 3092 -12.077249 83.905413 -87.366976 -41.944788 
5 531 1035 2063 2466 2915 -36.127657 70.377392 35.637319 54.419618 37.164779 
3 1269 1295 1986 -52.663657 -94.684427 88.999782 
3 1858 2452 3222 96.508451 -9.691406 81.580960 
1 2196 -85.416823 
1 1538 44.078604 
1 1715 -86.567017 
2 706 2197 35.586620 -2.675623 
2 1160 3332 -81.204039 -1.943395 
3 1421 2592 2805 22.813460 -93.848400 -85.901285 
4 420 1550 2123 2244 -1.442880 -90.251377 98.333717 -64.179611 
7 18 258 331 381 2469 3121 3161 -45.148465 71.907157 34.947742 -63.735143 -74.668159 -15.130222 -61.966923 
2 620 1975 -19.624489 -85.554111 
5 98 1214 1611 2557 2672 -10.001437 -38.477746 48.140642 81.547474 -37.388604 
2 2600 3080 -96.437620 -52.871282 
3 949 3146 3248 78.387144 69.020845 -38.515084 
7 241 515 1534 1658 2351 2673 3379 -10.651133 86.634306 19.869568 44.153722 -21.281738 -67.809152 92.999707 
2 289 2037 27.401930 96.489390 
4 1871 2739 3027 3187 64.717906 -93.510533 -17.038067 21.697285 
3 75 1495 2631 -52.284853 -45.229319 -70.896300 
6 559 1855 2199 2352 2846 3471 -9.237416 -88.863560 -30.749353 -91.740997 -79.410677 -60.052040 
5 695 988 2798 2918 3428 -61.668276 94.865409 85.409519 44.238494 -11.907361 
4 700 2529 2858 3253 -57.017299 -45.847526 -43.240968 -91.563833 
4 106 216 2693 2962 -7.874892 -40.024200 -92.809236 -89.081511 
3 1746 2174 3015 10.095902 67.454536 69.439502 
0 
4 94 202 2441 3051 91.026636 94.711991 -19.127776 29.393489 
2 614 2810 86.739367 47.308811 
5 627 1075 1504 2878 3130 -41.314354 -55.124216 -75.444735 65.368104 77.260953 
4 1330 2207 2796 3311 -61.368627 82.601169 81.099434 47.094373 
1 3079 -48.682620 
2 571 2397 -86.561801 26.262189 
2 3090 3246 -11.167374 69.523045 
7 465 480 1480 1829 2148 2965 3289 -35.559636 68.096445 34.276080 -57.098731 -60.376296 -66.159340 -89.311662 
1 548 25.676491 
2 2127 3071 -76.253388 -54.806167 
2 2474 2587 18.201619 80.339127 
2 1545 1969 -24.645486 -68.958673 
5 643 2011 2195 2751 3261 50.651907 29.241996 -88.066899 64.291405 20.214900 
3 925 2496 3093 50.727591 -43.533020 -73.027781 
2 2526 2618 -93.980874 82.975440 
3 239 667 2123 37.434130 11.752701 24.133018 
2 2081 3061 -34.597754 71.869695 
3 1343 2228 3115 -93.411193 35.292270 33.983110 
0 
2 290 1571 45.847122 -80.785366 
2 509 1839 -27.776206 -95.860159 
5 329 662 2478 3089 3313 -61.065901 -76.659917 -43.970093 79.130439 -97.515923 
5 792 1557 1973 2207 3488 7.836975 -20.476998 51.475662 44.105773 -83.731485 
4 0 1407 2897 3366 85.325743 81.359499 -54.050978 66.377299 
5 1596 2003 2090 3029 3424 -84.360915 19.236972 -34.833705 -64.496863 -43.156635 
10 415 792 1137 1235 1407 1815 1940 2994 3035 3455 76.724649 5.774105 45.670334 85.680204 -43.505924 60.904495 -8.287656 -19.084413 -29.599666 9.667227 
4 582 937 3155 3498 85.656789 73.056353 5.534121 -48.672706 
4 1330 2666 3378 3466 -40.479650 -27.484029 -86.113219 -37.959467 
3 539 975 2711 -35.277931 62.684983 -70.263836 
2 2089 3092 -64.389402 -65.155965 
3 1669 1772 1899 -18.411125 -50.279324 -17.872810 
5 367 963 964 3151 3172 73.205844 38.572121 -60.808894 -33.190103 24.228145 
2 472 1350 -33.494010 -76.371864 
3 737 1761 2899 -88.955941 -41.404222 -6.117403 
5 103 853 964 2689 3103 -25.625076 -61.547619 -1.295629 28.053650 78.511694 
7 454 526 668 1347 2559 2721 3257 17.504736 -67.316696 -55.461697 -68.523571 -41.356972 -60.230297 -3.161428 
3 469 2460 2914 -41.662455 -68.209868 96.608283 
3 2156 2420 2803 33.092480 78.924103 84.701700 
4 193 1306 3136 3468 61.713026 32.539663 -45.231537 23.463511 
2 932 2997 29.775617 -56.783863 
5 48 763 1043 1099 1472 98.952028 -58.645411 -15.248274 9.169476 3.914365 
3 2080 2169 2921 -86.929887 -18.279529 -75.283672 
3 2275 3231 3424 11.198391 30.878929 63.914464 
2 554 3160 65.795606 -44.460108 
3 388 1397 2782 63.291079 84.539787 9.463329 
5 46 1461 1492 2380 2649 -60.471571 75.518327 -61.667434 63.513696 -55.338747 
4 143 480 1231 2135 57.078987 -1.156511 -17.344804 -34.925212 
8 22 256 459 823 1050 1748 2773 3316 -70.665039 -12.312425 59.884482 73.905144 1.670098 -94.649960 67.296485 22.476356 
4 918 1048 2096 2426 -26.045879 -37.587705 -28.971473 40.889528 
3 327 2232 2751 -7.306761 38.278165 13.458070 
4 331 1287 2419 2836 13.148560 58.017465 -7.573614 -31.162636 
3 1198 1261 2250 73.935176 -19.962978 -81.244796 
4 866 1819 2093 2981 36.340126 -36.771762 59.201015 -19.858389 
2 275 2502 -4.402969 -35.012840 
4 319 744 1802 2592 -73.306122 85.532033 73.566628 27.242884 
3 1267 2423 2646 -78.412753 -20.551387 96.200336 
4 68 541 1859 2876 86.903505 -80.419012 7.977724 33.103470 
4 246 1170 1445 3166 -92.127906 16.314286 -82.390664 22.364612 
3 537 898 3237 90.767637 -46.935193 -83.284767 
5 651 720 1378 3216 3267 25.455543 30.466439 62.372001 3.968898 -42.807371 
2 1681 1896 -35.173124 86.663593 
3 1139 1361 1855 21.758864 2.637275 73.914234 
4 290 864 2291 2966 -0.953845 -67.088342 2.767717 -21.434942 
2 68 3480 -80.915658 -1.786471 
0 
2 1004 1325 75.813323 -21.629135 
3 69 111 611 -32.427523 76.855564 -23.269379 
2 516 1828 -67.443892 45.881063 
4 2263 2442 2510 2737 -71.413828 -34.547827 71.021013 74.406670 
3 704 1007 2238 8.728167 60.666290 80.165803 
2 1567 3438 81.878017 48.260207 
2 161 610 63.894151 96.489968 
1 862 97.816919 
5 934 1991 2838 3104 3138 76.115179 -93.209638 -50.816122 -13.742207 -91.628879 
4 577 765 2443 2831 -51.905266 -71.478301 18.491991 23.775834 
3 198 1406 1643 98.968187 66.736103 -89.985722 
4 655 2238 2484 3217 -74.212267 60.628036 -83.149720 -99.881445 
3 286 1446 2189 -88.904951 54.710068 46.864703 
2 1654 3047 -92.498133 26.407752 
4 2510 3166 3373 3397 39.855226 29.654792 28.407257 -23.787319 
3 820 965 1631 -74.724569 71.678407 -63.629874 
6 376 820 1678 2329 2490 3294 21.476015 -86.050284 -45.014195 -42.646099 -76.288164 -53.180406 
3 1678 1982 2719 -93.462490 58.025507 52.303502 
3 1299 1467 3016 58.523113 -67.622554 3.393832 
3 687 1588 3126 -23.259242 68.240752 27.726143 
4 1562 2039 2464 2586 -12.940658 12.660058 -89.454883 -80.929711 
6 291 1298 2057 2745 2814 3054 54.356908 73.245603 64.180026 -54.319786 32.448377 -77.665079 
4 399 1182 1649 1985 -6.356257 -63.234192 -40.474831 -22.050343 
3 745 1552 2415 -27.774347 4.049882 -72.627730 
11 280 479 630 736 1425 1519 1718 2678 3252 3405 3439 -32.560732 97.784200 92.499158 -77.127394 -91.191365 2.624618 67.559346 -41.518350 66.542254 22.974811 -74.238275 
2 209 1296 -92.226645 -9.988587 
4 663 949 2224 3033 -12.096419 -80.357555 76.858543 38.666069 
1 590 94.714792 
5 123 910 1217 2249 2490 -53.007245 68.357796 25.801011 -48.942540 -1.656148 
3 244 452 1226 -38.482107 -4.762977 6.713570 
3 2817 3355 3393 -74.793071 31.205528 -62.575407 
4 512 1070 1122 2941 -60.986336 13.897375 -64.982104 34.870244 
2 2771 3381 -51.947772 70.611951 
5 737 1823 2765 3166 3446 -88.234592 -81.763490 -83.808270 96.440200 42.368581 
5 1146 1609 2510 2895 3347 -0.404464 7.022227 8.056776 22.071870 34.119621 
3 738 2518 3135 -18.553624 -36.679428 -95.496978 
3 736 1319 2028 73.039676 -38.958179 -38.547661 
2 485 1936 -62.622759 -72.437801 
2 415 1514 63.010991 -7.050940 
4 365 1671 2993 3397 -71.093821 37.478805 -19.162647 29.720273 
1 2787 77.411722 
3 1504 2303 2319 -47.506468 61.229070 -27.809517 
4 94 227 2667 2903 -37.271818 -55.501707 60.095548 89.896948 
2 183 3121 6.353358 -46.337576 
6 328 731 1208 1351 1512 3478 87.098204 44.311158 57.250998 -40.357439 -23.992275 24.568759 
6 310 1152 1328 1940 2567 3136 -73.323684 -98.763831 21.839684 12.155679 14.828103 91.211092 
2 1060 3164 24.187749 61.837381 
5 539 1185 1209 1272 2763 68.680464 13.273138 -5.475776 13.558425 73.562665 
5 750 1530 1916 2290 3307 54.638567 -15.353853 69.278917 -61.698444 -40.400957 
4 1035 1581 2594 3222 -71.928726 39.877822 36.633384 -91.726115 
3 1093 3147 3256 78.468625 -23.173182 -2.865407 
1 1155 29.560980 
7 671 1493 1946 2110 2217 2333 2897 89.734921 -35.441361 -96.268240 -20.040958 95.268276 62.121251 36.983226 
6 143 769 1030 1817 2805 2983 -7.947492 70.291921 54.688048 -13.537292 23.010321 3.912566 
5 1334 1863 1951 2525 2666 -46.599475 64.213089 -42.519264 45.445586 -5.723535 
5 858 1744 1892 2471 3275 -97.976777 59.042242 -43.734203 80.471678 82.868118 
5 346 1488 2008 2623 2862 -5.054084 15.673655 -67.366769 47.431494 -38.640555 
3 1372 1483 2857 -70.446708 -21.735671 13.308725 
3 1294 2224 2539 -43.779211 -36.781322 -26.017148 
3 306 857 3019 60.843402 55.259830 -81.008832 
3 30 2876 3085 -99.668920 85.391183 -75.049856 
1 3126 32.106574 
4 324 2552 2929 3271 -45.323066 -32.980641 -71.062721 66.132632 
4 586 1774 2584 3380 -66.618587 -44.725758 31.652989 38.685032 
7 496 840 912 1191 1832 2333 2609 29.945911 -54.066051 9.749840 70.534624 -2.835971 -67.417022 80.385915 
3 628 2000 3492 78.778253 -66.597301 15.128758 
0 
3 404 743 2553 21.150241 69.188223 88.506974 
0 
3 1583 1765 2663 61.670785 -6.906180 -9.549951 
4 615 2716 3047 3226 34.787069 -73.407363 -41.170101 -98.978250 
3 2423 2914 3199 90.998888 -93.948583 34.781306 
2 3066 3403 -3.029441 -73.817195 
1 150 -84.984902 
3 470 477 1029 69.403700 -57.700684 -93.111416 
8 8 128 372 422 1442 2303 2858 3402 43.186103 -85.120298 -0.021590 -73.330413 -69.999969 85.084041 36.793310 -11.247583 
5 269 1066 1940 3180 3355 73.548489 70.248384 -9.710106 82.552757 -25.622874 
6 319 1382 1854 2223 3310 3441 51.314673 -55.383451 -2.856664 -87.357204 33.356276 -53.408252 
6 840 849 1471 1483 1921 2557 -56.273250 -87.836537 92.367577 -22.147899 -1.618480 -33.604721 
1 1978 -69.281675 
3 58 1180 1321 76.723955 86.743244 -55.068208 
4 488 1533 1557 1669 77.182852 55.302611 -25.885500 94.699444 
2 3240 3292 67.261641 -91.145055 
4 1487 2632 2654 3220 69.877964 1.175881 22.649325 -47.859604 
3 1729 1867 2678 -78.325638 37.443887 -91.602813 
7 250 1131 1896 2220 2370 2382 3346 -91.887020 -14.752092 -58.632277 79.901557 72.054217 -46.404192 70.260659 
3 424 427 1129 -15.509330 -60.732393 91.327117 
2 145 2851 25.327956 -11.244560 
5 331 1256 1283 2465 3211 80.521833 -49.401591 26.212074 24.952074 -21.111553 
3 574 1885 3353 76.481715 -59.748255 -92.417945 
0 
4 1800 1907 2679 3337 57.546482 -73.984857 14.900006 93.773839 
6 443 507 930 1069 2425 3194 -31.903916 59.020315 -65.693521 45.208921 -30.418191 -44.663102 
3 31 355 1778 -85.941931 87.195726 20.608322 
3 1362 2381 2729 -28.105912 -25.568629 7.425253 
6 198 434 443 1436 2044 2166 24.015382 47.954143 88.256068 -63.159775 -78.086391 -60.587942 
4 689 1132 2065 2296 83.533689 48.892440 40.600604 -36.087644 
3 910 1767 2118 44.844992 73.593070 -2.536814 
3 2213 2563 3111 -61.455532 -97.927919 88.371682 
2 856 2315 -89.079001 -6.085007 
4 802 1879 2187 2759 78.229364 41.113452 86.372070 -19.329392 
3 274 523 2248 -14.819796 -81.579823 28.443480 
5 910 1733 1863 3061 3165 -64.656018 -58.279100 70.140655 14.563642 10.714431 
3 29 2390 3333 -98.499617 -89.214991 33.359602 
1 1615 19.176845 
0 
2 1397 2134 2.089919 4.316632 
1 2178 -52.456174 
7 218 899 1158 1663 2398 3093 3291 65.669291 -56.955544 -36.159132 -47.613260 38.499745 -52.137088 -58.435203 
3 1735 3150 3306 73.676543 -59.675507 0.634005 
3 97 162 1946 34.076374 -84.742470 -49.216284 
5 422 775 1456 2057 3064 -56.173629 -2.863742 8.208892 -56.578493 -42.733152 
6 117 1797 1806 1887 2209 3098 8.820951 38.111514 -42.780259 45.305131 44.900262 82.890095 
3 2491 3008 3038 -22.707571 -44.890166 60.930734 
5 585 1148 1857 2771 2985 7.990773 -76.068884 3.898227 31.269965 6.777001 
5 174 1472 2070 3147 3449 12.971417 63.255025 -18.301985 -28.559825 27.726793 
2 589 2675 11.352664 77.770076 
4 494 2487 2957 3030 16.457993 -55.138534 -15.696341 52.357274 
4 178 1460 2500 2904 -15.247427 87.653977 -11.902263 74.333136 
5 1158 1695 2653 2736 3373 94.106022 -70.871475 -14.531473 73.899654 82.710642 
2 1549 1851 48.500750 -21.190880 
4 41 487 1900 3138 81.642151 52.119596 -98.492960 77.912153 
3 980 2891 3173 27.950420 -91.299541 48.788856 
2 1802 2914 40.523467 -40.011503 
2 101 1000 80.640633 11.367700 
3 196 286 3328 34.561080 23.680829 -28.307506 
2 724 2354 44.186583 22.995386 
2 178 1688 73.485308 50.639255 
8 268 398 1164 1319 1636 1741 2726 3107 -97.521656 -2.110965 -73.217435 43.531539 14.363647 -78.632584 62.488996 90.076280 
4 472 779 2055 3499 8.587047 -12.374991 35.547483 -65.656755 
4 176 1133 1450 2718 94.781012 -75.616048 98.909684 4.118375 
5 89 198 350 821 1203 -33.322882 41.716280 -20.555744 -15.371964 11.651079 
8 215 312 841 1072 1681 2379 2975 3421 28.512155 -89.421186 98.674455 41.022833 -74.566199 99.617848 52.522016 44.597546 
3 1049 1579 3271 -57.221307 35.523962 64.808727 
5 547 677 1536 2196 2310 -55.377794 84.347349 -82.153521 21.325783 81.380109 
3 983 3074 3118 63.861002 -96.856023 -80.025491 
2 149 2573 26.084282 43.917473 
4 832 1282 1306 2466 -89.035487 26.613621 -81.648980 -40.768410 
2 307 2967 -99.289121 -81.955034 
3 2408 2757 3052 39.152468 -48.298389 0.459090 
9 848 1281 1984 2189 2331 2521 2633 3180 3442 19.490150 8.266966 62.971304 45.542892 57.723747 68.841702 16.434762 -68.568060 -73.568911 
2 1754 2287 -55.352417 58.820889 
3 657 3250 3423 -84.356931 84.601064 -17.035949 
3 1075 1939 2304 -45.801144 -69.883062 -34.120366 
3 704 1057 1342 93.297901 33.138049 -13.804933 
3 1245 1958 2803 -32.966527 85.739803 15.957955 
3 553 1155 1876 3.155104 -99.740529 -68.607131 
4 79 1997 2379 3224 75.517381 -18.343766 -12.666317 9.959204 
3 1198 2839 3105 49.284739 -43.309368 -25.319055 
4 920 1269 1349 2049 18.177284 37.578012 -23.537340 -71.619741 
4 1028 1596 1797 2924 -37.603495 -30.544725 14.672583 -20.784012 
2 2429 2940 77.224527 -63.260649 
2 1023 3167 56.832612 -11.481008 
2 2594 3336 77.246617 -89.830872 
1 2032 55.129622 
8 341 1018 1092 1667 2193 2446 2666 3356 70.722806 28.308359 64.609461 -82.339371 57.721931 12.457794 -4.527216 17.760983 
5 2126 2446 2475 2540 3371 58.394452 -78.500190 17.727030 35.160087 -34.377685 
3 132 134 1034 -31.530773 57.406707 -43.881925 
3 369 987 1335 -84.956892 -90.073335 -60.614327 
2 1377 2386 99.985347 -18.587557 
7 98 870 1684 2009 2122 2408 3363 98.002032 -8.647361 18.062507 -67.209762 8.992019 48.540234 29.902580 
0 
4 859 1080 2375 2878 21.266957 61.152002 62.584515 24.162116 
2 1515 2204 56.364493 -22.463758 
5 1388 2059 2504 2521 2854 -0.087639 -83.491474 73.606773 -33.925023 -5.910806 
4 671 733 1379 1832 6.394393 -69.061475 38.933214 44.034086 
2 618 2754 3.770710 -0.987574 
5 386 922 2147 2502 2654 -44.124590 -95.181008 10.327208 23.941615 68.775550 
2 40 481 -33.224700 -98.870831 
6 600 967 1133 2342 2983 3367 75.200293 -41.301782 84.517854 43.953353 35.718936 47.629837 
2 695 3310 -84.497747 -86.458122 
1 401 89.335241 
5 941 2051 2242 2318 2495 -75.521591 -40.950571 -89.733949 22.491429 16.730165 
5 340 2299 2894 3212 3329 60.198011 -92.226891 -99.555443 48.783935 2.075312 
4 399 524 1607 2705 -98.136180 89.516035 -21.166104 85.876571 
6 1109 1124 1490 2481 2844 3158 18.548160 -60.291861 53.229705 -33.086337 -97.217169 -99.187994 
3 229 1171 2366 -96.195958 81.325895 1.121772 
0 
3 1802 2569 2750 -90.361467 -92.279378 -36.522032 
1 2695 62.408388 
5 438 1296 1705 2708 2826 64.349385 -68.698292 4.387357 4.845501 84.937197 
5 651 665 793 1354 2689 -26.522297 -73.271758 -12.365321 -70.720667 -9.234161 
7 1034 2048 2052 2365 2570 2633 2954 43.719716 81.055137 -47.528375 0.637802 -46.820112 5.619384 -55.494164 
2 122 1492 41.720644 -70.034574 
5 1124 1361 1917 1944 3279 68.365522 -72.095766 -63.420772 -8.652812 -5.867250 
4 628 1151 1499 1560 59.887249 -64.734508 -43.066672 -74.878741 
5 43 1102 1672 2378 2570 61.972255 -23.561339 -14.771746 13.983686 -57.135549 
4 370 2661 2766 3335 -19.741889 -93.028139 36.512459 89.467892 
3 1716 1981 2087 91.388521 47.702856 -42.282778 
2 1365 3333 -49.351217 -36.745884 
3 644 2925 3120 85.365046 22.966536 -94.596183 
1 2960 -25.605841 
1 1404 42.080724 
4 346 1736 2285 2906 72.635116 14.152981 -77.734478 -86.129060 
3 1164 1167 2048 98.998585 17.155880 -63.461328 
2 1235 3179 -94.116053 82.933895 
4 733 1405 1562 3010 60.148517 22.893514 24.585296 49.686714 
5 311 342 944 2672 3160 38.709175 -83.008142 14.002221 -11.779695 49.674682 
2 1991 3496 -53.464665 24.060078 
2 2255 2916 76.501406 72.626194 
3 271 1259 2167 -56.632968 -19.586833 83.731268 
4 106 918 1349 2160 -85.170695 55.411960 5.036375 7.082422 
0 
1 3451 -4.697684 
2 218 1446 -26.675029 19.110807 
2 699 1842 20.354575 69.819383 
6 47 160 772 1535 1730 2799 29.049820 -81.832252 -59.331217 16.945532 79.545711 -11.162463 
1 3358 10.328720 
0 
5 142 713 1103 1630 3313 33.292199 37.657340 3.563889 -61.427504 -23.890837 
3 1135 2042 2990 -6.095754 56.922516 -26.190528 
3 312 2677 3449 16.170814 -81.386995 -83.299348 
1 797 -42.850916 
5 1157 1250 2036 2199 2616 -61.218143 -57.763932 37.303724 61.999196 -47.049706 
9 38 203 1588 1860 2087 2091 2268 3376 3499 -3.567578 85.584239 52.983267 96.097287 17.338778 66.419380 98.255027 -90.985120 -38.270087 
3 163 2386 2504 -71.114354 5.304271 -81.497797 
2 751 3290 -83.639852 -99.736579 
0 
5 989 1714 2502 2510 3391 46.830228 -3.291782 -23.786959 -3.513655 -71.519659 
4 231 2164 2614 2668 -17.449041 -32.023661 85.133373 7.350907 
2 2250 3186 41.473167 40.821405 
6 579 616 1186 1306 1503 2434 76.807754 89.182476 -55.669620 -32.082068 70.539076 39.638023 
2 1206 2022 63.278148 47.504954 
2 341 405 75.588961 -26.477271 
1 213 -95.833298 
4 405 2228 2359 3146 74.090724 53.084978 -36.377213 -79.442018 
3 1851 2704 3200 59.562336 54.391876 61.606108 
3 434 1250 2647 -88.232726 10.569590 -10.880792 
3 389 2396 2874 33.661586 -96.947748 93.591851 
0 
8 302 1485 1530 1805 2182 2737 3013 3032 85.953181 -70.458719 -19.762141 -7.233634 -46.599485 85.385907 -17.958318 -19.825462 
3 2131 2761 3348 -8.485269 -73.974559 -13.800891 
5 820 1441 2177 2507 2586 14.093895 32.652752 43.460831 83.425733 -86.873741 
1 2670 80.900943 
4 2010 2051 3338 3420 -1.394268 58.009766 -96.059839 -9.602431 
2 298 2438 -54.257229 -77.745728 
2 2028 2941 31.031211 -90.513665 
3 771 1772 3087 -51.106788 -24.132695 -17.429701 
3 566 1717 3343 34.185875 -5.535040 33.316428 
4 781 2783 3002 3351 13.171429 -84.591742 -14.925138 -48.170383 
7 1067 1356 2470 2627 2676 2887 3455 -15.427168 -82.219031 74.566873 -10.423147 -47.928634 68.510681 74.198343 
2 1277 3115 -57.602857 77.646992 
3 828 928 992 93.108224 48.699681 80.389141 
3 379 1943 3169 -78.117874 -21.170505 -0.488959 
5 1700 1904 2270 2495 2974 4.203947 -43.863496 53.391758 57.178944 -8.407425 
4 980 1332 1562 2746 19.534156 46.594150 -74.101159 57.953588 
3 347 1227 1788 64.061837 2.229178 79.884014 
5 29 696 1002 1494 2238 8.571965 -8.814568 -17.736615 -31.779815 41.356470 
3 87 326 413 4.668380 -3.737859 42.493048 
4 752 1226 2658 3289 -44.119757 43.267373 -63.336496 3.578493 
1 2809 91.868302 
3 430 1637 2244 -93.620733 42.229566 6.347219 
0 
2 2425 2834 -57.674349 -79.317798 
6 57 1048 1303 1607 2248 3191 -7.447317 -91.915343 -3.638150 -70.413075 89.407502 3.015116 
2 971 1413 58.427807 -18.298462 
3 1002 2556 3112 -11.957025 -78.249099 4.817363 
3 329 659 2858 -19.479863 -1.980840 -41.523626 
3 1283 1755 2216 -39.056121 53.037925 16.561213 
5 419 1555 2430 3095 3291 10.571127 32.403481 -44.549074 73.759444 74.824979 
1 2731 -98.544552 
4 77 374 2075 3094 5.213451 30.973298 51.448314 77.869292 
3 107 125 2332 74.930063 -80.813273 -97.330352 
3 91 1474 1834 -49.750134 -86.281501 -20.089097 
1 3244 -25.014287 
7 992 1134 1381 1653 1784 2174 2250 -98.067209 52.058007 -55.048108 -4.477709 15.200273 23.211768 45.822756 
5 53 281 468 2462 2798 78.048473 -20.802933 89.516937 -15.243243 -4.248276 
5 74 149 224 503 1667 67.671123 -43.161447 -91.206732 -5.401996 62.757048 
3 1244 3018 3057 -56.747494 31.580624 -8.621262 
5 1177 1325 1665 1744 2841 29.764838 4.971939 24.300185 -59.825387 -4.264929 
8 66 159 629 1563 2158 2557 2558 3372 80.327797 -87.493626 -14.594962 -82.834705 -74.105148 77.614117 55.449790 71.758058 
3 1023 1497 3471 -72.888769 56.275563 98.542764 
4 1361 2803 3334 3338 96.106922 -48.042415 -21.358197 -61.835555 
3 348 1028 1535 85.571840 64.285960 -1.819743 
4 959 1766 2546 3149 -94.946039 8.791191 -14.745999 68.686480 
1 2506 -43.444028 
4 254 896 1074 2452 32.424458 56.796027 89.000683 94.359491 
4 1338 2106 3155 3172 43.038494 22.184150 48.889621 -14.183828 
5 1084 1645 1884 2505 3067 3.769467 84.922379 -46.922768 6.685984 68.587459 
2 1648 2158 70.433020 96.782000 
3 442 907 2873 -75.061656 -20.850052 70.333590 
3 472 2111 3450 73.598891 -79.874223 29.032783 
5 1096 2734 3027 3282 3472 -34.023142 -40.403949 25.349248 9.952308 -45.770907 
4 1210 1840 2567 3290 10.978683 -33.027062 -26.988733 -70.652780 
2 1499 2847 -45.055464 44.027629 
7 262 440 891 1415 1787 2189 2985 40.979435 -26.545372 27.391388 11.445180 19.312139 51.721601 -63.622528 
2 435 1009 -90.309079 8.153620 
3 46 781 3452 34.974640 -17.227899 -62.665149 
3 498 737 2023 62.045592 67.635498 -56.270365 
6 453 1191 1263 1334 2831 3007 -44.744995 24.666624 -84.638310 -7.268882 10.849907 54.824966 
0 
5 8 227 1167 1862 3155 0.623805 -6.057238 3.680430 -60.494702 -71.565654 
1 1345 4.140970 
0 
5 92 273 1939 2064 3089 44.483748 -39.806025 46.543943 96.302055 22.331816 
8 1041 1892 1986 2341 2402 2544 2686 3496 60.355307 55.147385 -43.343236 43.309787 -32.367297 45.777140 -64.714279 18.110283 
5 5 175 374 1938 2008 -36.738760 23.392858 -0.095451 60.366885 42.610176 
2 145 417 74.699682 91.838421 
5 222 676 2268 2752 2871 -18.750015 68.718751 -29.296403 26.324493 61.734597 
3 388 907 2168 78.888417 43.602755 -13.309804 
7 936 1033 1344 1827 2005 3132 3239 -69.784632 -71.539084 78.122406 20.246226 99.363566 -27.157095 -94.071885 
1 528 8.715523 
5 409 487 982 1376 2907 -95.003196 -27.000310 -58.215736 -16.116326 -21.657345 
3 193 2382 3395 -41.064974 -80.328999 8.100865 
5 328 1848 1869 2860 2986 -31.569860 -45.920678 72.853986 -71.988888 -6.060244 
2 588 3241 36.146160 45.690479 
2 1140 1706 59.607159 -67.599571 
4 929 939 1879 3040 -81.721892 -53.850447 -57.916955 94.844278 
1 1741 64.092521 
6 284 2622 2669 3283 3456 3462 -16.832245 91.668717 77.455219 79.307001 2.450315 -69.229662 
2 907 2439 -7.644916 80.541621 
6 217 306 980 2231 2982 3256 -4.802029 -68.672961 -45.913832 -89.531599 94.440591 6.885502 
4 332 870 1424 2777 17.791134 -42.688022 86.261903 77.519341 
1 787 -23.460999 
3 608 1765 2500 66.262051 -6.461125 11.826868 
4 544 981 1218 1904 -67.239723 -7.771202 52.472967 -35.421984 
5 208 1161 1460 2354 2935 -78.762812 69.960359 -77.155833 13.681147 0.565449 
4 481 1102 2601 2826 -25.042933 -70.722647 62.709310 -88.379276 
2 293 1674 -10.969635 -30.525402 
3 260 2290 3238 -1.830054 62.640238 68.620159 
3 1698 2254 2323 -69.631759 60.914321 3.121780 
1 10 5.350484 
1 589 77.767145 
3 606 2144 2960 -81.435539 52.169514 -71.329602 
3 283 506 646 79.209500 76.311121 94.908859 
0 
3 1042 1294 2474 76.603568 -89.264035 63.273321 
5 543 1113 1752 2358 3048 99.048601 -78.518283 11.164078 38.901273 64.344649 
2 944 2312 77.236001 91.402598 
4 132 466 2037 2887 -68.661137 76.737598 84.009541 -22.148226 
4 212 381 743 3466 -61.285669 86.558094 -66.152861 29.405826 
4 328 1403 1854 3115 -73.572064 -49.583571 30.326580 60.277317 
6 123 560 810 1389 1485 2248 -30.519656 -21.853676 -23.941646 -13.943871 1.800470 73.159550 
3 1180 1334 3223 6.036939 -61.686148 -11.510879 
4 386 715 3125 3343 48.962640 97.008620 25.534417 -52.308127 
4 1460 2390 2827 2973 41.442861 -48.450870 -22.538503 54.134689 
4 912 1938 2078 2101 -61.192408 -61.973472 -30.142462 59.916187 
3 772 2180 2938 30.029262 -60.359060 -40.602944 
1 1621 20.434424 
5 403 457 2133 3250 3337 -20.083972 -57.503119 51.762380 74.383843 -99.251489 
10 438 885 1432 1474 2000 2314 2678 2697 3104 3379 -82.684994 -40.942275 -67.288940 -62.141803 -73.689634 -96.492009 17.709298 -57.890209 -38.979657 73.037819 
4 1211 1760 2358 3284 -59.875119 15.754280 46.166298 95.028219 
5 272 428 599 1695 3286 29.472621 -8.723513 -66.853427 46.594299 -67.809457 
2 1844 2630 93.136002 7.619413 
7 136 493 1037 1370 2952 3065 3103 -22.317337 -54.562516 -51.201233 -17.967025 30.018912 -40.676115 -59.579649 
5 268 655 2491 2952 3177 57.442790 -50.573081 -4.131707 43.869658 -97.044204 
8 78 206 605 796 1721 1837 3088 3489 8.401372 -74.085474 -36.954721 56.181636 48.373431 -97.019106 -29.203925 68.581826 
5 606 842 1327 1730 2808 96.665538 -91.518174 32.023128 34.012390 85.925412 
3 1971 3285 3421 7.767044 -6.519736 -92.919519 
3 570 2449 2464 8.377333 -59.142922 8.374803 
5 952 1864 2216 2310 2714 -12.728876 5.745331 -17.460201 13.870334 16.886295 
0 
2 2273 3494 76.462501 26.541811 
6 235 1493 1505 2575 2857 3329 -85.149939 -88.284462 -93.526050 41.630579 3.239198 88.239031 
4 2470 2887 2947 3090 -90.475115 -89.607088 -75.913155 31.812335 
5 43 601 720 3308 3468 54.345197 -29.921778 22.986035 -27.304652 47.644406 
6 661 1377 2428 2521 2955 3473 -94.559316 -19.623351 15.580554 -8.812305 -42.216109 -44.877491 
2 183 523 86.685039 -54.058972 
4 152 522 1500 3229 -60.164375 -37.105883 86.248044 -79.901992 
4 1606 2554 2912 2994 -47.391504 72.333099 -59.224334 27.841418 
2 1846 2198 -88.933829 -41.794610 
4 637 1561 2327 2700 55.600745 -40.164431 -53.630667 -10.526668 
1 658 -14.243475 
6 777 1439 1935 2060 2822 2967 -23.723357 52.242368 52.780776 -42.086100 -53.333093 -62.945153 
2 2363 3317 -63.283536 60.676286 
3 871 2179 2932 -51.969645 -92.442851 -54.734161 
4 814 2120 2574 2767 65.866203 91.449587 -96.965815 37.881352 
7 226 736 839 1706 1901 2546 2664 -25.644202 -70.502408 14.622963 -45.311094 -18.728011 -51.436364 -97.698644 
8 214 227 1182 1565 1576 1771 2918 3125 -48.430595 -86.959940 -79.395056 -29.825170 54.990941 -23.497311 -42.092922 25.979940 
1 1986 44.271095 
3 1730 2247 3217 91.099146 -31.523788 95.709911 
4 949 1057 1638 1819 -26.224110 -86.487365 42.246971 88.570886 
6 144 1822 2322 2972 3316 3472 35.174686 -16.351204 -28.222147 -12.876037 -77.858696 21.223899 
4 500 1152 2064 2652 58.890501 -82.413224 -75.512688 -79.444030 
5 494 622 819 1239 2805 -82.835494 26.960376 4.769611 -28.079769 -51.522320 
3 2802 3081 3153 11.070379 56.191760 77.186070 
5 680 1822 1866 2532 2674 36.334560 97.879343 -54.639866 81.728996 82.941175 
3 674 1581 2008 49.940311 -80.061669 12.493681 
6 476 2051 2539 2833 2898 3400 58.048775 11.515134 41.787396 -72.514684 28.906215 -80.412588 
2 1115 1507 91.946430 63.166060 
7 194 333 733 1006 1235 2506 3240 -67.377688 28.031487 10.706314 49.371324 65.906472 -97.634854 45.478855 
7 59 171 504 1586 2581 3146 3363 -21.442633 -43.638532 -41.026923 39.222510 65.149289 89.150460 -36.362872 
5 889 1082 1126 1486 2651 -93.592828 -40.613854 76.912292 -55.309456 73.276376 
6 517 617 791 854 1550 1779 66.893922 69.245773 -38.027865 19.185119 35.122419 -88.028218 
3 527 2133 3314 20.196534 -3.948816 57.171897 
2 321 1412 -87.267593 82.352682 
3 1366 2212 2902 96.549007 74.725317 48.349110 
3 1322 2084 2263 -70.992624 92.261456 -35.886699 
5 727 1819 2451 2588 3248 12.844823 64.704232 -83.925218 68.776083 -76.501145 
4 2229 2803 3249 3319 -50.369462 35.275290 39.299876 -98.252646 
4 815 1085 1277 2450 -16.345748 19.297316 61.496441 94.486638 
6 473 1231 1458 1507 2205 2828 58.209953 -74.208338 -97.751157 18.074517 -58.602482 -37.627607 
3 56 3082 3448 14.183381 72.234247 19.321631 
2 1138 3121 77.915137 66.636755 
4 1604 2512 2644 3142 -6.136595 -75.195580 -70.122505 -2.790563 
7 281 571 1466 2266 2312 2884 3251 -44.335554 -30.025538 -84.191212 -92.618063 80.148644 54.603083 -0.278469 
5 249 1828 2174 2554 2746 30.758225 -93.332423 -46.519120 -50.588722 -66.468263 
6 133 637 1339 1768 2637 3103 90.878695 -40.854260 91.604268 -96.864079 -4.610307 51.584996 
5 128 904 1211 2546 2905 82.496685 -99.135639 75.884505 -87.757949 35.536788 
3 1357 1379 2179 -91.041009 -38.711052 66.558532 
3 1 2820 2944 82.067610 -99.327451 60.924498 
5 468 665 1162 1666 3394 24.493387 -56.067517 -63.183546 18.132557 94.095913 
6 126 201 2099 2462 2627 3292 -5.015693 -94.969322 31.868714 -34.695134 26.194232 29.575535 
3 316 362 1879 -92.426450 -74.700607 -91.602888 
2 2376 2930 28.950056 -6.802550 
6 657 1246 1511 1820 1826 2406 -96.175057 23.576833 -43.145744 -88.873676 -22.587256 -65.626505 
3 491 1401 2605 -68.620412 52.469835 -37.864786 
2 530 3154 -37.393502 -89.215517 
3 1591 1814 3486 -44.962626 6.386558 86.950543 
4 506 691 1201 3314 31.849875 12.899978 -19.191676 -22.179535 
4 57 737 1939 2127 -37.025810 -74.105797 -96.086269 1.066541 
1 2741 -66.975914 
0 
2 179 1656 79.858392 8.168660 
3 400 2003 2014 -62.894092 86.312293 -84.467930 
8 104 470 811 1591 1897 2091 2245 3470 72.998891 40.766601 -75.356057 13.266700 -88.820169 -22.397474 -87.494104 -69.190404 
3 16 881 977 21.050646 87.026978 -76.708495 
6 1611 1717 2533 2893 3307 3462 -74.847095 -46.659610 31.335736 -30.484860 -53.499795 33.269722 
1 763 -45.222199 
4 1317 1483 3186 3217 52.023234 -63.636298 -73.589936 0.422115 
3 29 142 304 -97.458615 -95.056205 27.019290 
3 10 315 1809 -39.203081 -9.847496 7.301033 
8 94 1601 2142 2234 2298 2673 3027 3175 20.464786 64.221412 85.765052 -98.502449 0.470895 -27.624672 21.357316 -8.014421 
4 876 890 1238 2323 52.719801 90.240206 60.105323 58.861193 
7 1432 1500 1930 2254 2498 2789 2951 88.971668 64.710643 -36.665830 -90.747879 -48.967615 0.726727 48.411260 
3 724 855 2112 44.326921 -90.041976 -74.504063 
7 92 353 2315 2851 3128 3340 3383 -94.835668 -21.278355 -4.277224 80.618590 -13.844476 -63.404476 -64.540730 
8 374 392 591 626 1153 1539 2893 3415 -89.435567 21.864339 -62.654353 52.355225 -53.976163 65.509069 -73.812388 39.003473 
2 666 1536 -34.567641 -0.491474 
2 92 219 -45.928149 89.564947 
4 673 974 2474 2839 -80.346317 -60.334699 -52.784088 57.426270 
2 1254 1935 -57.459229 45.922208 
6 1430 2412 2517 2979 2998 3445 51.203324 59.475003 -67.558227 22.343556 88.995468 53.680675 
4 216 429 695 2407 -27.313778 36.530763 -51.128926 -70.602761 
2 16 1607 -1.035859 -24.043650 
4 903 1556 1758 2449 -82.643575 37.549609 2.082468 -3.797886 
4 1578 1819 2231 2934 -56.005930 16.388732 76.242631 31.208003 
3 470 683 962 99.815102 22.143371 -88.068199 
3 437 652 2180 -92.447819 44.722763 -41.924475 
1 2395 -71.505683 
4 821 831 2174 2628 40.253914 13.069260 -22.837001 -63.690994 
7 184 678 1573 1637 1844 2423 2628 50.085760 93.250895 -15.125401 71.704214 10.717400 93.421542 -94.484733 
5 662 1678 2065 2323 2981 -22.680379 75.511205 -60.624575 34.296767 -41.960813 
6 533 847 2101 3350 3415 3498 81.244436 30.740033 79.107079 6.547502 -13.163886 34.041916 
5 96 671 742 1118 2996 75.259422 -74.194742 -95.121512 -2.382703 29.961845 
1 2715 3.185186 
2 1600 2723 96.267859 16.916181 
3 396 583 1813 -99.421544 -13.892714 -31.014017 
3 197 2356 2532 -38.226396 -27.010536 -47.522713 
5 628 893 1499 2217 2558 38.503319 -98.910773 -35.527931 84.422434 96.861821 
3 2759 2933 3262 -94.826643 -60.248629 72.091154 
4 2005 2308 3079 3151 -95.494268 24.540345 27.764998 -40.165965 
4 368 715 898 2536 -35.600276 33.957924 98.198608 37.251085 
1 1192 76.523355 
5 526 687 1537 3107 3443 -54.305784 87.784614 -78.492662 -66.310684 -62.481715 
4 982 1530 2909 3460 -39.383137 98.054431 14.173428 59.132730 
2 1118 2322 -50.175078 22.335696 
7 237 631 1136 1440 2541 3280 3282 -95.276571 54.500132 73.031272 -90.423809 96.821074 87.718010 -27.850782 
8 503 514 1329 1418 1446 1508 2278 2647 -27.456939 6.406073 12.539874 37.407313 59.342694 -95.882223 21.623895 50.478597 
4 2614 2934 3005 3145 -73.088295 87.094399 83.489544 15.250554 
3 86 1098 2526 -22.133390 6.355671 75.731023 
4 90 1038 1078 1295 3.563595 71.147833 91.670014 -60.018926 
4 805 1130 1641 2854 -36.586054 -37.112882 -75.374879 52.833765 
3 22 1565 3098 50.508220 21.381520 20.636172 
4 2173 2760 3220 3377 40.750399 -84.647706 7.316335 -21.284140 
3 435 752 971 -29.625179 43.049652 -48.550629 
4 225 919 1644 2042 -31.145753 80.919626 -42.482253 1.545260 
3 788 1804 3208 -60.196477 30.476044 -36.860900 
2 47 2406 -12.180652 10.626659 
2 142 1312 -4.375142 16.342270 
3 941 984 3054 94.709479 7.348514 24.466711 
5 81 868 1076 2775 3195 -41.933647 -29.969803 -59.816785 -6.755578 -41.809820 
1 2715 44.837736 
6 698 912 2425 2582 2893 3084 91.691919 -9.042165 22.402190 -40.445932 -87.237040 96.775231 
5 398 2513 2572 3193 3441 22.643295 -21.834926 -82.493946 -35.570990 27.453159 
2 408 2179 -41.486056 -93.233055 
7 1295 1475 1868 2221 2772 2900 3195 -15.289495 -68.681726 38.077582 -44.264157 -36.582828 -37.972913 19.170579 
6 408 490 1467 2001 2487 2662 -7.052893 40.148550 75.557599 26.323901 90.870354 -52.963932 
5 56 90 2203 3185 3190 37.896160 -41.476054 28.604392 25.532310 2.365135 
0 
4 440 1780 1955 3253 34.692021 -9.908627 67.037895 -41.939006 
5 34 259 1086 1166 3350 6.048947 29.176701 81.456225 -43.896491 30.831755 
4 423 1186 2284 3032 -28.430287 -25.410568 66.862630 90.394457 
3 139 605 1899 -60.590816 75.734599 58.089402 
3 404 1561 2121 54.542823 -32.637766 36.794628 
3 2082 2122 2595 -94.239653 -28.810890 43.765966 
2 2312 2521 -12.096678 56.627595 
5 518 1008 1370 1733 2155 86.496190 -99.770344 -94.965066 -55.973487 65.226020 
4 88 162 2392 2777 -79.210489 -38.665014 91.549857 -13.084012 
2 13 1406 15.798277 -22.003742 
3 910 1149 2503 -89.161909 7.828229 -91.822710 
2 2332 3328 28.954626 -31.554605 
5 661 1026 1353 2765 3285 29.085317 -4.238216 58.933690 91.881672 -90.239447 
5 733 1351 1564 1844 2149 -7.025006 -28.595521 -25.208947 18.531068 -47.497784 
4 535 1643 1921 3205 -40.491192 -4.584622 11.579781 47.663187 
3 393 693 1226 89.993918 -21.488074 -65.020036 
3 251 1598 3323 76.106700 -13.148614 -81.474578 
2 775 2347 15.136499 -50.605805 
5 705 760 2490 2871 2922 -49.905017 -60.963433 78.123241 -19.602070 -48.249834 
4 181 930 1213 2928 22.638492 -38.724932 74.300875 45.381724 
6 257 586 1413 1545 2541 3393 -90.574522 -26.868554 -90.425612 -18.449277 60.805483 48.071647 
2 239 683 61.848559 27.331770 
5 1516 1717 2094 2593 2949 85.342713 11.443758 -62.692774 -93.956692 -52.498199 
4 633 926 1896 2363 1.308820 -40.373312 -78.664622 -14.100186 
5 12 168 483 2668 2768 20.215494 22.396562 -44.395966 -61.612911 10.537727 
8 1017 1468 1770 1925 1929 1998 2561 3173 87.275684 -47.041692 4.008487 -61.849547 36.150143 -21.139585 -66.903581 46.095701 
3 624 1706 1946 94.613128 -80.742882 93.433108 
2 1747 2555 8.960914 -82.160100 
4 1453 1517 2816 2857 55.153475 13.876493 -70.436608 87.744980 
4 1373 1411 2004 2041 -71.631871 71.122345 -57.119388 -1.612565 
2 714 1485 -81.392573 -27.018658 
5 1708 2665 3093 3124 3322 -76.337587 -72.514146 19.298507 -7.718703 26.757892 
2 1437 2400 -87.399151 24.293483 
3 838 2121 3124 -57.847272 19.527693 8.616807 
1 1821 -54.896208 
5 2 711 1169 1485 2097 -72.388423 -67.418734 60.830015 -17.764414 -63.717846 
6 422 629 636 1951 2504 2901 -11.791638 -68.725403 -3.877996 58.855279 14.132435 7.579094 
1 3410 91.604011 
4 1379 1777 2237 2883 3.418820 27.840110 45.960942 77.430898 
4 822 1094 1808 3079 44.122411 -73.761287 0.103724 44.543817 
3 13 1362 3024 40.134834 25.304628 79.179299 
4 539 1240 2118 3044 -39.397091 31.816190 99.339383 82.735391 
1 1098 -11.517085 
1 952 -26.719883 
4 1066 2112 2658 2660 61.874291 -26.040115 -63.963114 1.020428 
2 459 1246 33.403114 -49.766887 
2 301 2435 -32.022254 20.453217 
2 1625 1925 -25.095497 64.375155 
3 627 1109 3362 83.916774 34.453488 -2.322383 
3 1619 1816 2527 -88.590723 15.593716 47.375425 
7 203 1610 2053 2193 2584 3031 3231 55.436292 -78.994923 96.681540 -50.751364 12.976170 40.080571 98.659009 
6 82 1416 1632 1878 3154 3206 -91.350223 19.350316 56.193149 0.769475 -81.086861 3.129573 
5 1368 2191 2486 3332 3361 -53.968303 84.801095 55.870376 -74.078695 -3.526582 
4 1143 1822 2270 3042 1.415588 34.769193 -33.244224 8.621856 
4 42 308 1432 1782 14.700770 -28.748793 0.254752 -31.880805 
5 189 479 2203 2241 2745 84.654803 11.531176 -13.474716 -45.322401 -94.765765 
2 2935 3492 67.338172 0.901131 
4 85 185 663 2724 88.414636 -14.718434 -94.527714 -48.476118 
2 1241 3017 -18.217993 -38.827078 
5 155 163 363 1074 1509 69.343526 -19.495101 -14.108095 -79.066025 11.310974 
2 330 3276 8.292145 86.833968 
1 2448 24.048798 
0 
3 1169 1454 2903 12.398741 -47.072112 19.811194 
5 436 1895 2213 2512 3036 38.900122 84.872942 -79.002042 20.652834 86.170838 
4 2039 2327 2662 3412 -13.404804 -71.550418 -51.385680 -9.392732 
4 128 232 1919 2545 92.238469 18.741943 58.753141 57.374260 
3 1081 2393 2929 48.856746 44.890434 58.668667 
7 227 294 548 864 1345 2766 3183 -38.088811 -11.820594 -60.807162 30.137424 -94.962453 -63.283978 88.632212 
3 712 1549 3111 -6.809131 28.473552 32.115046 
3 747 1816 2003 -48.758685 38.713664 94.269925 
4 1400 1643 2208 2226 -65.436192 87.100385 44.729379 77.382672 
5 55 992 1643 2883 3334 -62.544943 96.429041 2.459794 7.828269 -59.143085 
4 70 899 1321 2324 -79.938317 25.659053 98.225241 -75.669024 
5 716 796 1983 3329 3380 92.751200 41.077660 -15.849559 -90.184152 -97.337486 
3 411 517 1835 -10.087181 47.660189 69.008761 
7 443 878 1282 1342 1514 3249 3479 -63.687870 93.954210 -72.223087 -18.196246 1.314746 -53.650164 -6.346766 
4 991 1092 1727 2036 12.964911 -43.490989 63.681507 -9.641570 
1 2839 11.396678 
5 1368 2798 2822 2964 3265 -97.990346 -39.515820 -15.259083 -17.839290 -48.813219 
1 1918 -66.340949 
3 420 1968 3012 58.892915 8.039361 76.980592 
4 238 1705 2728 3417 -38.846435 31.980249 92.695794 -9.529329 
3 308 1596 2648 42.913086 -24.997127 -15.091321 
2 57 1209 6.488818 87.082028 
3 435 753 1132 13.975326 -20.206921 75.298914 
3 216 268 1365 -25.958061 -27.435552 53.136832 
2 401 1575 47.052845 -70.639374 
2 1504 3451 76.329422 35.344593 
4 441 1788 2817 2903 46.404801 -83.471430 74.846772 -40.064118 
5 328 477 816 1515 3009 -96.324923 -2.610898 -53.095917 25.508881 13.683923 
5 172 680 937 2409 3305 -16.426516 4.236480 -48.352696 3.983094 -63.447731 
7 439 1188 1546 1874 1877 2045 2578 90.347580 56.195967 -61.070360 -17.002377 -99.288755 -30.674010 62.637287 
3 1249 1634 3443 -12.811934 67.548389 40.608380 
4 145 812 1840 2457 15.612304 -41.192510 -16.518448 -6.908795 
5 1107 2331 2840 2861 3004 66.413728 -59.506871 -12.333785 12.156432 -96.137016 
5 2070 2299 2648 2731 2788 -36.713627 79.322425 -88.063224 -39.843102 53.795332 
2 1310 3023 -74.056213 59.295504 
0 
5 333 640 728 940 1547 -66.801569 93.445752 6.361103 -10.747604 -91.705359 
6 23 2038 2377 2517 3056 3145 -53.213204 -30.059392 -69.157797 92.525002 25.915212 -90.901510 
5 86 1610 1922 2652 3426 13.693943 -11.745156 -3.240459 -95.683890 -49.780822 
0 
1 2250 -96.828339 
1 2024 -68.540264 
2 33 2814 -81.249774 -29.663629 
2 278 1025 65.674853 -76.433809 
2 11 2779 -74.289579 -50.590879 
4 2114 2142 2730 3180 8.317866 68.273963 48.556920 31.231138 
2 1266 2912 10.460605 -84.620545 
5 104 950 1579 1991 3283 18.872217 -64.098067 15.284400 -20.421080 78.487926 
4 1327 1619 2012 3044 73.868241 52.430791 -72.198963 49.701433 
2 3317 3342 -34.923488 -31.750399 
4 193 1560 2487 2705 55.477708 -43.719555 -14.946295 -73.296314 
2 461 3492 -63.260664 -98.305231 
3 426 1558 3470 94.257391 95.819110 73.742545 
1 2077 -69.298662 
2 1526 2791 -79.565882 -53.882492 
1 3369 91.445763 
1 1838 43.078668 
3 277 327 1637 0.442591 -0.821774 -92.544859 
5 725 1041 2123 2533 2820 -63.819984 -30.764625 -60.754139 -24.316963 -4.814763 
2 956 2229 66.231640 6.107634 
6 222 983 2473 3088 3120 3375 50.250874 90.403032 -56.993216 58.684774 -11.244019 -18.675589 
2 2153 3171 5.181430 -42.859518 
4 1134 1215 1268 2069 98.395702 -25.270456 -27.768403 38.339475 
3 861 1119 3368 -27.887766 -72.953874 -84.691373 
3 1852 2046 2131 89.389296 5.175974 2.446464 
6 239 973 2610 2694 2845 3212 53.359936 -84.466558 -15.483106 -6.698131 -43.356236 83.518994 
7 95 327 786 1599 1611 2554 2593 -69.936556 5.013723 -30.168286 72.403530 -16.629726 62.686161 -82.783176 
2 675 2008 69.232572 31.989643 
1 2462 -90.323929 
3 713 1266 2633 -50.712583 59.454621 -40.757237 
6 449 605 750 1311 2001 2879 -98.198851 -20.439840 -15.160105 -35.415328 27.102621 42.460894 
0 
2 118 1723 -10.802027 15.987296 
2 1400 3051 -23.699916 -80.520815 
1 1128 72.836343 
5 510 1888 1994 2026 3269 -84.872595 22.929660 -65.368043 -43.722023 -65.984263 
2 252 2171 -48.363953 27.077496 
4 1361 1392 1425 2560 54.189781 -76.481863 -25.966223 96.076790 
0 
2 253 930 32.833301 -2.276293 
6 70 136 1173 1540 2853 3249 82.006821 -87.584306 -58.020556 2.911575 1.510995 24.469252 
3 362 1124 1287 73.957064 51.617557 -99.986112 
2 1298 2573 96.762572 -30.249531 
5 284 1186 1992 2308 3462 98.940392 59.407801 9.722112 -99.339409 -22.405645 
4 373 744 1106 3211 -80.570762 15.883940 -35.993850 3.821609 
4 632 3008 3022 3077 -28.579491 -47.853938 10.816282 -76.584137 
8 654 710 744 820 822 842 2290 3007 -20.738649 -82.089435 -89.077635 -22.494638 68.204501 4.967145 57.814838 81.036469 
2 1470 2055 -50.559771 -34.150103 
2 1441 2217 2.544607 -15.491869 
7 707 711 989 1249 1920 2318 3361 -42.801774 -58.208384 -40.680802 82.374259 -38.988710 -3.919078 56.311203 
2 1239 3464 -44.557326 46.166623 
4 67 1886 2045 3450 93.631101 18.302302 -86.300843 -15.600465 
3 106 454 3010 78.667669 -51.182065 -27.833358 
4 140 1238 2132 3197 75.967807 -49.460409 -4.526039 -64.141466 
2 517 2826 -68.934910 -41.456616 
5 271 276 2087 2315 2594 26.732651 27.128403 -98.531189 -99.758326 -18.351829 
6 1233 1509 2176 2401 2768 3068 -56.903906 -78.115063 11.499516 -8.726811 91.251397 -50.740721 
0 
5 496 1789 1996 2299 3459 59.172310 -48.484730 -38.895514 -26.961629 35.579669 
1 1449 91.983357 
5 917 1104 1353 2509 3296 -97.436288 -42.552635 -72.675975 38.551388 -89.673215 
2 1042 2392 -40.622558 85.382224 
1 1823 -24.349720 
0 
6 235 810 1227 3061 3154 3432 51.960166 -98.577724 -70.413219 -61.636738 73.882019 1.897956 
3 104 805 2732 98.334334 -13.954874 -5.715889 
2 225 1164 41.831424 -3.655931 
6 95 114 1283 1303 1539 1775 61.723028 -58.788631 34.649452 77.242135 -32.042074 -53.254863 
5 737 1973 2058 2298 2566 34.506093 76.354281 -72.533300 -60.214405 71.718600 
2 1396 1857 23.231544 -8.610874 
7 1481 2367 2421 2777 2870 3197 3482 -19.251407 48.800657 42.388535 -48.418746 32.903445 -80.688501 -2.296706 
3 431 2314 2905 40.566391 46.495760 53.202375 
4 554 1265 2390 2686 -35.597251 -6.163252 76.177688 -48.925650 
4 1382 1630 2562 2825 -2.233605 -59.310477 -3.323294 72.967038 
2 2217 3186 -53.827749 21.573989 
4 43 1226 2111 3091 41.182669 -81.604644 -89.560458 64.607672 
1 3152 50.933141 
2 1389 3063 97.808058 61.151683 
3 319 370 2530 -21.105401 60.444718 -68.520106 
2 2611 2831 -13.642309 12.338582 
2 1707 2647 57.622336 -7.920375 
5 671 1012 1716 2636 2705 -0.767841 88.393433 62.550246 -25.374774 -76.301860 
1 2403 -4.440760 
4 99 182 373 2387 96.020679 98.884475 47.903979 -38.425779 
3 363 2194 2306 -55.899535 84.039485 -94.721680 
6 32 160 946 1002 1010 1219 43.839339 41.175874 46.518935 75.032318 -23.464046 -41.430143 
3 1202 1940 2183 26.458126 75.850382 -70.702429 
2 1405 2251 -13.181492 -99.325543 
4 280 419 513 761 -19.037399 -96.319625 99.849086 -8.041028 
3 1693 1726 3110 43.145177 -63.299742 -84.136154 
1 2706 74.322287 
9 85 509 640 713 1264 1600 1616 2140 2463 13.751165 -68.057509 93.975408 -44.450441 93.784597 56.763154 67.637928 -92.839537 -99.199760 
6 295 1431 1443 1850 2126 3251 0.477019 -21.544613 84.124429 -34.826871 -69.172838 -67.040871 
3 669 1223 2866 -4.317755 -14.360795 -18.910923 
3 1070 2576 2581 -74.743396 3.598937 -80.876637 
3 111 1016 2053 -23.436798 -74.675665 56.060761 
4 479 1966 2141 3329 -39.728659 79.498571 -44.710601 25.712412 
3 1424 1655 2209 20.528774 93.947684 13.310170 
6 111 724 852 1459 1914 2743 -85.864411 -85.926340 -50.759222 -5.232370 36.710348 -56.750622 
2 75 3217 96.900985 -40.374507 
2 434 2290 1.780962 -17.086889 
5 234 555 1446 1555 1622 47.506926 36.843725 35.032447 91.713986 -19.327406 
4 1549 1707 2110 2460 4.004606 -83.235295 -51.300307 35.826005 
2 1389 3473 -65.119987 -67.082925 
0 
3 1022 1664 2883 88.334389 -47.119472 87.639946 
7 328 884 1128 1167 1528 2033 2986 0.604092 92.595130 -83.255355 -78.228921 17.133942 20.034451 26.437813 
2 1406 2827 41.616690 98.683645 
4 190 434 948 2013 92.448591 95.576252 -65.307787 96.028998 
0 
2 964 1078 76.548064 44.911713 
3 421 969 3331 -66.702202 -14.734801 78.985895 
2 2260 3285 5.737470 47.391015 
3 331 1920 2676 53.611982 -2.853333 -86.621206 
1 2851 73.963948 
2 327 1144 -50.658123 98.682335 
5 855 1585 1753 1852 1895 -65.985075 15.333520 -34.002652 -90.482273 -17.427392 
4 749 1136 2236 2565 59.458695 -88.087413 31.767483 86.637060 
7 670 1108 1861 1965 2611 2849 2896 -90.580772 -32.589391 22.753653 71.009304 51.886575 -13.895241 76.344617 
4 644 1707 2441 3154 -24.811807 -32.038119 26.255675 82.786974 
4 0 503 2400 2716 84.430751 57.028593 -34.675872 -5.759067 
5 1931 2947 2999 3366 3373 95.825157 -70.222193 -37.649773 10.402743 -98.294941 
2 217 2204 18.962409 27.873682 
3 276 2802 3312 63.432994 59.653389 -71.526425 
4 1091 1484 2534 2904 -44.078850 -75.255364 -75.587009 -18.202095 
1 344 81.335758 
2 1461 2211 31.806209 -26.712028 
4 1178 1832 1935 2088 -28.288660 23.425141 0.856566 -88.439832 
3 1026 2195 3021 49.210513 53.247060 50.071178 
4 934 977 1355 2912 54.591475 -25.557884 -6.208602 20.947056 
4 1207 1337 2884 2942 -5.821504 -76.693060 -49.031849 49.129645 
1 1682 60.000387 
4 212 586 2114 2285 77.078646 49.648649 65.978658 -59.830196 
4 126 1612 2000 3043 -28.200181 -46.217544 83.111617 47.183781 
2 33 1843 20.565862 -81.328795 
4 349 2110 2145 3269 -40.178133 -91.484178 4.032530 -0.539245 
3 1 1934 2794 -86.412586 -51.158519 -76.073570 
4 1844 2240 2611 2874 -34.105266 -96.731920 -63.167964 -56.452760 
3 2387 2627 3182 -46.745824 -88.996311 23.139227 
1 2327 -14.513672 
3 1034 2160 2401 14.888338 29.756773 93.234101 
4 725 1177 1881 2957 -88.353494 -54.594727 -86.801399 -91.351895 
2 1996 2925 91.304695 -83.946332 
2 513 3045 -2.192472 60.608882 
0 
5 208 316 1542 3216 3369 -54.851295 -84.013572 -45.712966 -98.922880 29.312233 
1 1551 -87.966855 
3 1640 1744 3074 -61.080925 -18.071692 64.192604 
2 1672 3158 -60.329693 -43.583639 
4 125 901 3400 3442 45.412124 -89.605490 46.494790 -68.937586 
1 2801 -66.067803 
5 373 940 1438 2916 3329 23.211919 -11.885217 39.526232 -49.474246 -99.045673 
1 2990 1.678133 
3 771 1196 2332 -35.481768 -12.638950 -77.020382 
3 2571 2728 2854 86.197132 82.218786 40.698630 
4 1007 1274 1951 3208 -51.898710 -3.111212 90.238327 70.657764 
4 660 724 1921 2009 44.321664 -28.102856 18.611359 -15.744243 
3 102 1490 1808 -21.528644 -92.528198 -49.581389 
5 472 507 1500 2095 2135 -9.388628 -16.076261 62.857872 -96.598397 -4.701987 
4 127 1219 1332 2601 -87.634365 -2.198609 74.235500 26.921661 
5 376 812 1126 1622 3025 -59.366443 -29.974464 25.612619 -73.184320 83.868082 
4 982 1804 1966 2757 -85.492939 -74.328568 -16.078614 -82.306442 
4 251 2123 2296 3463 62.290075 -17.902918 -32.348462 37.535490 
2 2245 3488 63.815404 73.667098 
4 838 1044 1909 2324 -61.394295 -87.511391 -39.079363 95.480741 
2 274 1950 -52.906580 -95.538764 
7 437 898 1222 1795 1967 2746 2864 -79.146221 18.139363 -12.223181 -36.449022 93.794650 73.509670 -25.586973 
6 268 305 489 1228 1617 2429 38.231493 41.353008 47.430976 -17.382693 73.177260 97.569819 
7 288 545 1339 1417 2673 3111 3352 -16.014972 -75.394656 -22.400828 61.089979 99.141358 54.165319 -8.668607 
6 571 1392 2051 2543 2845 3212 -3.224990 -94.030745 -89.931032 -88.155111 -25.693379 78.728806 
6 573 2099 2696 3008 3051 3129 50.678215 67.750882 80.106322 19.201774 63.274446 57.078708 
1 3125 -76.717033 
5 539 1019 1288 2223 3406 -76.971509 -23.347877 85.916861 -75.860922 83.087334 
2 2572 2979 71.657669 22.716963 
5 233 584 1010 1568 3126 -77.201502 -46.213239 -52.869137 -9.571698 4.014286 
0 
2 895 3412 67.568046 12.263139 
6 80 674 868 1998 2553 3144 20.175051 88.986191 -81.928783 -80.562713 66.865751 -35.019413 
3 562 2438 3081 90.945331 25.366385 89.787999 
5 180 188 573 1498 3099 -7.606825 88.119653 1.293032 49.862899 57.075796 
4 474 2069 3182 3321 -0.620611 38.424471 -89.686715 -3.243474 
3 889 2722 2771 45.481294 -5.566798 -3.871581 
6 338 606 642 1067 1498 3329 -40.872011 82.037811 -7.378638 69.272286 -33.174322 55.689209 
6 534 552 1356 2519 2757 2987 50.308642 -80.461624 -57.164540 -37.603513 -10.907382 18.820148 
4 894 1710 2266 2604 -30.275256 18.082170 2.544395 5.359300 
2 10 1519 68.397367 -27.872653 
3 481 646 1747 -39.883047 52.868650 -66.158129 
5 701 1291 2413 2901 3419 65.545234 55.330906 76.963829 37.527264 79.300525 
4 270 2044 2928 3428 -76.607059 -81.303434 -44.374479 -49.131839 
6 632 1115 1604 2807 2954 3100 36.750978 -93.268302 -88.403516 73.078679 -53.252735 8.200245 
5 604 2395 3188 3292 3458 -40.515646 31.728585 -66.803244 46.750390 -12.531649 
3 405 832 1496 46.204465 25.358672 57.674269 
1 3152 -58.998440 
7 5 945 1671 3317 3352 3395 3457 -96.860318 60.332954 76.466327 -95.318074 -35.193827 -37.193012 -14.264696 
3 2539 2711 3309 -64.340749 -82.129912 -79.853903 
4 482 1429 2319 3478 16.383175 -6.089943 35.870368 -77.415977 
1 2675 -93.188934 
5 833 1611 2993 3161 3477 92.923404 -89.199697 82.667388 -31.583232 -45.534957 
2 1936 2618 -22.496375 -69.672387 
3 396 2599 3260 58.514305 -99.078598 -9.257833 
3 841 1597 3448 55.464000 -78.664303 94.326343 
5 1157 1367 2852 3195 3250 74.062095 -12.976093 71.820331 -24.086388 -81.634925 
2 297 3298 -83.042091 -9.405943 
6 148 709 738 1343 2743 2885 79.094991 64.113585 -89.954859 -28.259479 -24.661966 -0.150082 
1 287 52.067569 
6 208 1329 1419 1947 2895 3355 -88.942565 56.500783 25.532598 86.671247 -91.074152 -97.393338 
5 276 1025 1915 2522 3180 72.827705 54.362127 65.425848 1.980674 89.937297 
2 2054 2981 22.614502 55.748321 
5 423 1060 1093 1913 1928 -79.216951 -2.371197 -83.480097 -17.290588 -91.283027 
4 972 1269 1983 1984 83.195513 96.488238 -97.382745 6.099811 
4 303 537 669 3086 69.307663 -15.401573 -32.718920 -56.167659 
5 352 603 1045 2434 2933 -40.319140 -37.641756 -51.127042 -43.264107 -46.925316 
6 834 1071 1917 2162 2421 3046 8.423696 68.515633 39.368179 8.897290 -62.476496 -76.909755 
4 530 1024 1324 3133 32.324401 72.125973 -4.119576 -47.495319 
2 524 1611 74.089758 -19.793629 
4 178 1883 2938 3197 -17.869160 68.442730 11.970311 -27.730555 
1 3261 -96.801681 
2 399 2590 -86.575386 14.827207 
4 42 2059 3205 3392 -89.721385 61.316110 -94.794758 75.187853 
0 
6 431 444 936 2148 3217 3318 -6.231453 -28.435326 69.570265 -4.797366 90.019425 86.160962 
4 1805 2165 2250 2780 6.617750 -89.373936 -74.733669 0.635189 
3 1473 1688 2696 -56.682728 32.305114 -37.859291 
3 267 2100 2648 -43.571651 23.253721 -61.086513 
3 640 1493 1763 40.512591 -76.003539 4.456081 
2 990 1560 -31.279976 44.789035 
3 451 568 2735 -93.812503 60.070647 83.192809 
3 1326 1654 1669 96.228130 -54.604278 36.336127 
1 1304 19.844533 
1 655 71.581704 
3 1062 1412 2864 99.463521 -25.064273 -67.007966 
1 1423 16.420858 
1 1411 58.650756 
3 321 1457 3333 -45.840107 -6.306588 -46.118564 
3 1559 1782 3091 -69.980115 -47.874677 11.386575 
2 1193 3233 -8.459562 0.109157 
5 671 2111 2446 2596 3163 77.770311 -46.583653 39.322538 13.236984 3.374125 
5 15 686 1833 2468 3210 91.107312 6.867545 14.170853 -96.093484 70.866319 
3 224 1762 2520 -72.256952 46.903441 -90.208752 
1 3393 -41.236995 
3 1228 3202 3277 97.246197 25.675859 74.630132 
1 499 -81.497826 
3 1455 1593 3209 18.947497 91.440256 -6.238235 
5 377 1255 1576 1844 3425 -84.712204 -47.433886 32.251700 11.501889 -65.788567 
3 2089 2142 3377 49.767747 -98.629688 8.724416 
2 609 1225 28.512059 -45.460651 
3 74 1546 2019 91.880589 -63.728915 -13.181947 
1 1605 80.852407 
1 1952 46.847765 
1 3228 73.011437 
5 993 1014 1502 1914 3102 92.186248 26.591848 -12.368371 -14.571862 5.409743 
3 2795 2821 3473 73.744092 44.663379 -50.272595 
1 3345 -7.629428 
4 513 974 2388 3489 -84.908170 82.983574 -29.880033 47.585069 
2 689 3072 -94.787052 29.337327 
2 2390 2920 65.020867 -4.341234 
3 652 2641 2904 15.687293 83.686351 -76.343897 
6 332 1537 1606 1954 2540 2858 69.293382 -33.247957 58.235817 77.804897 93.976388 38.556233 
6 139 462 1130 1287 1356 2727 -94.728040 53.683699 -63.181476 -81.665361 61.192805 -44.620437 
2 1459 3002 -48.388368 -78.944378 
3 230 740 3275 -84.709698 40.758435 33.472808 
3 262 345 2688 -46.318085 -58.077003 -47.368304 
5 771 900 1188 1580 1866 -85.510799 -82.927464 97.410072 11.033658 14.267557 
3 1378 1505 2959 -2.480240 -65.003377 14.387943 
4 1125 1322 2287 3140 10.595126 8.198428 -54.368378 39.642702 
3 2405 2622 2973 -1.240642 84.011044 -41.330388 
3 608 1200 1865 -22.380375 -47.448614 81.355146 
8 31 781 1160 2133 2823 2950 3086 3108 -36.408372 1.066603 -11.898470 10.658591 -39.210989 -41.679498 70.236892 39.533669 
5 675 2316 2597 2992 3010 58.443446 -3.547658 40.539148 -99.953099 -53.994663 
3 2544 2897 3141 60.796242 15.913124 -68.493456 
1 1205 -89.887273 
4 70 1228 1542 1841 -27.261765 44.958961 -25.464094 14.969238 
2 976 3110 -15.047906 12.048665 
2 337 1167 65.780661 -46.282661 
6 291 1224 2548 2559 2579 3297 2.465957 -79.962714 94.535769 84.403484 -29.431796 87.181949 
2 588 1155 -0.534779 47.764838 
1 1367 -25.292500 
1 513 38.582685 
3 843 2200 2335 -17.135503 -7.310031 14.215849 
1 2216 -22.580958 
7 890 1037 1060 1373 2622 2657 3291 17.358861 21.286947 55.497609 62.135239 34.835221 -26.126014 -95.151841 
2 2784 3438 -81.788095 -14.207272 
6 994 1145 1533 1755 2216 3190 -37.630819 -25.402650 -78.752723 67.340508 -7.162961 -95.202728 
1 628 7.539150 
8 664 1052 1223 1358 1579 2262 2481 3128 -65.232505 15.322703 9.669237 -12.326465 80.088040 -62.700331 -6.629857 30.078336 
6 1379 1656 1732 1802 1879 3430 -98.244795 35.938739 9.754099 87.386918 -84.918003 -34.732054 
2 2623 2812 50.643779 -90.305874 
5 898 1013 1097 2166 3387 -80.585337 16.593209 -52.512376 -51.920676 39.927383 
3 693 2048 2125 50.829288 -52.594723 -82.503788 
5 43 339 792 1088 2889 -93.741078 -76.017762 93.924021 29.418253 -44.308643 
5 1332 1369 2134 2367 2554 71.267240 -2.131346 -96.416528 43.846195 -23.479068 
6 1263 1972 2738 2905 2935 3080 32.931227 6.033415 -38.060212 55.363479 -43.509299 53.751282 
4 274 762 854 2442 97.940672 -87.342894 56.280036 -51.611190 
1 433 -51.719931 
2 786 1446 -48.662947 87.670597 
3 2910 3105 3324 -12.236440 -95.330080 15.002825 
4 130 137 853 2509 -22.624820 37.242082 -99.665408 -47.108981 
3 266 954 957 62.163462 27.743816 47.127118 
2 1330 2559 -74.136657 76.865954 
4 1067 1423 2825 2987 -88.700490 61.288038 96.163299 -48.195515 
3 235 2487 2913 89.650637 -1.708179 -21.540939 
4 822 881 2538 2584 -27.995895 43.068557 47.064228 47.936915 
3 1480 3018 3384 56.366136 58.490858 -93.530144 
4 181 327 1135 1708 27.336813 84.094295 -77.642618 51.382160 
2 200 3142 -73.828623 16.474266 
1 1617 -96.317706 
2 1610 2174 -75.347539 -96.181858 
9 125 132 613 925 2613 2654 2798 3170 3268 -77.065427 -4.737677 -58.697892 -96.731833 -72.479550 11.668433 -71.885540 -84.494074 26.475885 
3 1037 1523 3395 -75.691587 64.086868 -29.215329 
1 202 -91.340633 
6 119 973 1411 2168 2613 2745 -15.326671 95.901437 -90.046844 13.077943 28.473065 10.193846 
5 837 881 1545 2255 2741 -45.540079 -17.632112 4.824650 -88.892956 38.220075 
6 333 675 1087 2653 3333 3417 -80.600584 -84.794323 95.896653 60.952735 -28.579854 -52.380488 
6 821 1088 1343 2523 2994 3441 32.837896 26.304173 -47.472709 4.140424 -81.315623 98.350707 
6 64 812 1220 1310 1767 1795 -67.238064 -24.834477 59.294143 14.835315 -60.741747 -48.005359 
2 806 1449 -36.260781 -49.319400 
5 21 488 581 2399 2899 -66.862930 24.086874 -91.321628 71.047793 -0.593995 
2 1191 3004 -43.693317 52.721585 
1 2274 87.161234 
3 309 531 2749 63.424649 8.722671 -94.816489 
3 2320 3034 3270 -21.315309 -78.485009 41.377989 
3 57 2007 3172 -39.701691 36.604952 -59.393205 
5 315 626 730 1493 2734 -53.758398 -10.030315 29.873855 72.520310 -7.961305 
1 2221 -35.030426 
5 1142 1720 2206 3155 3257 51.254331 24.341002 -56.591188 82.939590 -37.005800 
5 830 916 1154 2200 3053 -22.279518 94.168520 0.919443 51.376711 -22.206290 
3 1153 2576 3450 -95.909445 -69.191306 -83.866632 
4 550 922 2213 3145 -44.386039 70.533563 43.998234 68.472649 
3 15 972 2984 -61.886035 -48.389074 -26.176047 
3 2200 2874 2918 43.841336 70.770964 18.217649 
2 962 1946 -81.316030 30.094624 
0 
3 1111 1467 1515 -33.182630 46.183116 94.312389 
4 436 1858 2212 2279 -46.700385 -71.419413 -79.858509 58.585089 
2 891 2584 63.582365 -24.887830 
8 217 1524 1756 2202 2309 2522 2635 3088 -28.969701 -91.065683 46.019165 -30.033701 41.851931 58.603341 -82.580179 -74.716290 
1 2258 59.431368 
5 62 1404 1765 2854 3055 0.365607 37.251370 -75.132760 -25.183610 -22.158714 
4 500 1131 1199 2896 -44.269709 -73.355667 -68.536280 -40.516877 
5 1771 1913 2365 2464 2518 61.045202 25.935160 -3.538261 -20.649391 -20.040608 
5 144 906 2605 2679 3215 16.205893 -73.378454 99.918791 -34.396401 91.325384 
3 231 3233 3445 -73.416408 -46.116281 77.669752 
2 897 2314 -46.582493 47.836052 
5 489 2181 2236 3196 3364 -49.848651 -25.161728 39.341602 25.174584 88.099580 
4 937 1290 3172 3309 -37.675573 -89.434549 -84.480908 46.920152 
4 591 2133 2570 3125 -90.682242 26.962736 5.937083 79.496303 
2 160 1354 -15.579207 54.561280 
5 22 952 1554 2204 2706 61.258287 -67.259120 59.682622 -20.452075 63.198736 
2 132 201 26.746294 1.099055 
3 1301 2647 3097 -14.773029 -8.804506 8.861708 
2 2106 3001 -60.228326 10.758092 
4 370 1210 2380 2734 68.414110 -61.779169 61.767615 92.091089 
6 975 1735 1914 2802 2920 3110 -42.003383 -63.595551 53.525642 -39.283588 -16.786926 71.158435 
3 532 673 793 40.385400 38.731006 2.441431 
3 725 1031 1160 38.743558 -35.446699 -7.042543 
1 1021 19.588164 
2 864 2619 -82.518622 -13.232274 
0 
6 15 710 1045 1054 1192 2711 21.506702 -34.842377 -93.469732 -94.752883 -55.929832 52.196929 
4 604 1271 2698 2891 8.413683 75.256420 97.660339 6.133814 
4 429 998 2209 3074 -14.686003 25.996760 -81.347645 -98.716683 
2 374 2279 89.806385 6.308988 
5 1121 1236 2419 2734 3175 -76.553904 3.678946 44.074444 71.887400 -23.549762 
5 36 363 1091 2797 3350 71.077828 13.156846 -38.521913 51.053847 -7.216489 
1 1440 87.588120 
4 1168 1551 1973 2942 47.940418 46.136812 14.049668 -74.265476 
4 1524 2179 2763 3070 -89.830065 -87.568616 30.137763 74.143084 
10 96 843 1446 1808 2079 2188 2548 2617 2890 3499 36.838953 -98.721940 76.975717 -15.572637 -61.420760 16.789456 -61.658963 -32.729347 -95.911526 22.946054 
3 132 2255 2277 19.060803 86.493552 -23.652408 
1 1634 37.666471 
1 2416 96.902690 
5 314 961 1380 1702 1988 -58.112132 -64.028913 50.744621 58.407506 93.609737 
4 799 1714 1741 3044 57.926309 -75.254319 39.819914 -7.792273 
2 1790 2338 -68.348549 -3.274580 
1 2826 -31.254377 
3 621 2107 2722 53.072439 -32.461855 -55.662205 
2 386 3212 -33.386805 6.122899 
1 424 33.429666 
0 
4 271 756 1853 2878 -41.377571 -18.395457 -36.001262 8.259395 
1 2343 -52.968256 
4 143 168 1121 1723 62.692804 99.905516 38.383268 84.688603 
3 602 1469 2347 56.630206 -73.678189 -74.578361 
0 
3 1458 2330 2541 -22.698198 -70.929849 42.603881 
0 
2 685 2272 -67.417021 55.844878 
5 434 1656 1803 2140 2300 -22.656280 14.488890 -62.848014 -83.658033 -13.307665 
5 322 1219 1741 2096 2357 -75.957893 -29.667055 70.881274 68.802630 0.098962 
3 391 456 2978 83.239707 -80.364369 66.678725 
2 983 3401 77.863720 15.945537 
4 155 1600 1657 3347 -38.716110 -9.053707 49.385393 90.104462 
2 1409 3130 56.545440 62.326509 
5 896 1110 1844 2511 3473 -9.286973 -44.399079 -8.770685 39.093840 -59.550934 
3 791 1748 3181 -59.272097 14.508599 -63.874581 
4 16 197 396 2143 -30.992530 49.079200 -61.038526 68.941616 
2 1410 1546 51.889027 -5.282792 
2 1102 2855 4.273113 57.918276 
4 343 1666 2001 2756 64.191996 -53.205426 -16.566496 -82.765717 
5 1466 2561 2688 3044 3317 -1.827578 -30.779657 16.428765 -6.479230 44.768426 
2 669 3172 -88.639588 65.581337 
4 172 507 1202 2341 -95.998320 70.549056 -10.741384 -12.246565 
4 679 1215 2367 3207 -48.170812 -69.961956 -12.809712 14.845233 
2 487 2392 -77.844836 12.789646 
2 489 2071 5.903819 -2.000393 
0 
3 40 815 2513 -50.474933 -88.412195 35.076972 
5 181 1066 1287 2325 2864 -68.515301 -8.226875 5.624434 40.936457 -56.033676 
2 116 580 -50.502446 -15.522385 
5 489 2728 2871 2919 3170 5.203256 5.595807 -53.625658 -2.701294 16.290267 
2 181 1933 91.860428 78.498848 
3 103 416 2814 -12.335977 -76.602464 -5.484967 
4 267 270 946 1720 -77.219429 -75.553696 69.526136 -19.357518 
3 627 1076 2844 -56.039602 -21.427394 81.146595 
4 102 1232 2307 2363 -64.661995 4.797632 89.033137 18.470988 
3 2314 3011 3484 -59.275315 1.410105 -87.959129 
2 1556 2073 -79.874369 72.821894 
4 870 2955 2970 3214 64.117895 59.771169 98.705014 41.965197 
6 239 277 1659 2429 2696 3169 82.938945 -66.445519 -84.036461 -36.116915 -22.691280 41.036328 
3 1449 2367 2509 -21.133688 81.156018 -45.902029 
2 1027 1932 -94.362868 -66.594991 
4 1862 2150 2498 2547 70.732591 -64.202017 -85.677980 62.033652 
1 3456 59.707503 
4 97 1474 1535 2165 3.398641 87.692099 21.862500 32.513140 
4 251 789 1256 2559 86.716647 -27.912673 13.628780 -39.103329 
3 88 745 3027 -44.252484 64.301519 -44.932999 
3 25 1382 2067 62.319290 98.684351 -5.625553 
5 243 1437 2250 2681 2876 46.666234 -66.031078 -43.533059 90.085625 39.466361 
4 1870 2273 2383 3246 -90.867044 -97.618147 91.479490 89.784854 
4 360 799 1298 2305 24.193357 87.752407 54.815574 -71.836410 
1 914 37.701692 
3 1181 1454 1617 79.820519 31.712358 -26.632826 
6 1222 1901 2465 2640 2949 2990 -7.917495 -12.678663 87.256803 -97.395956 -75.044319 35.200784 
5 706 1167 2521 2955 3485 89.101753 53.533182 10.740398 17.506096 54.400822 
4 562 985 2445 3251 91.386132 -21.816187 -60.265054 59.977233 
1 2080 -14.912627 
3 958 1892 2373 74.467038 43.598190 -41.632196 
2 3266 3393 18.489452 74.678731 
5 1266 2835 2863 3134 3482 51.291239 -95.505827 -80.977578 64.501810 -64.800841 
7 1000 1053 1352 2308 2668 2895 2964 38.587943 -31.090982 -85.984816 65.524646 84.489649 -17.313733 -92.352359 
2 346 432 -75.256362 18.278773 
2 1455 2716 89.577313 57.809490 
3 1268 1316 2494 -58.529866 64.948354 65.032021 
2 151 1025 -94.075967 38.704590 
3 40 1888 2082 -42.604657 48.631388 58.230964 
0 
4 284 382 2221 2943 26.169986 -76.413741 -48.467718 12.009352 
7 208 415 870 927 1345 1441 3390 69.757602 -69.774664 18.890338 87.028278 60.522376 -34.517833 73.025947 
3 423 1981 2596 30.714412 24.884981 -30.274099 
1 2274 4.624056 
5 548 1097 1343 1956 2158 27.588990 27.039073 -7.635013 -69.776223 -86.179357 
5 111 173 773 2213 2831 44.279244 -25.961101 34.662061 72.243328 -8.215095 
2 3076 3300 -22.720108 -98.125047 
7 155 169 441 560 1624 2546 3249 -44.532831 19.291438 -37.864515 -11.492807 -30.016998 6.623108 -8.355783 
3 148 630 3151 -65.540411 -92.214678 -73.569975 
3 173 1914 3076 26.807713 -93.740844 -46.299582 
4 795 1359 1585 3158 71.514191 6.264836 9.378150 -72.949277 
5 470 1662 2493 2762 2855 -83.866301 45.272133 -43.951159 28.043186 43.043634 
1 2099 -72.091784 
5 55 518 762 2458 2495 -1.973732 33.139482 -5.837486 25.497226 67.023688 
5 162 344 1565 2926 3031 34.386469 -44.186297 57.879273 -33.673919 -49.796223 
6 149 431 733 1138 2195 2871 -61.642907 -67.025310 -89.577570 91.177292 18.011790 -20.788411 
4 237 354 767 3167 -68.066823 57.888189 -65.000259 -71.463350 
7 4 415 998 1383 2353 2556 3138 -33.757879 65.554248 92.198789 -7.854043 89.213047 8.763936 84.997198 
5 111 851 2223 3205 3404 -32.025756 8.005618 -22.926194 39.573186 -14.296208 
3 1696 1775 2253 12.481176 92.015304 93.359764 
2 2789 3237 37.929082 -42.700571 
6 1095 1544 3019 3283 3348 3355 16.505809 21.076154 87.969413 64.659349 3.266956 -14.237530 
2 1569 2711 7.419166 -61.751401 
2 1394 2978 97.800821 -25.307314 
5 646 1268 2729 2768 3336 96.806289 20.335928 -65.617870 67.352082 -97.712111 
2 1016 3024 -22.231225 34.962090 
2 590 1977 -61.258115 -74.808654 
1 1903 -63.203788 
2 1844 3155 31.392004 -82.760389 
3 276 1227 2910 -98.184168 -10.399276 80.233800 
1 1960 -62.316234 
2 2007 3426 51.367556 3.520169 
5 165 460 1283 2777 3450 -74.583016 -64.933209 -73.628602 -23.410140 49.964272 
5 481 1105 2049 2378 3155 64.151612 57.218669 25.670306 31.645472 -31.629483 
2 778 3367 -47.292927 -60.555385 
3 140 645 1069 -2.934435 66.022841 -26.278656 
3 1198 1556 3054 34.499154 20.163169 -78.834716 
3 1920 2172 2768 -68.184448 62.959360 -53.896179 
4 1244 2012 3377 3454 27.946565 -68.266582 78.433103 -95.778179 
4 2708 2856 3221 3275 -60.935216 34.433901 85.374097 61.136234 
4 352 1155 1886 3081 -67.227045 -12.819953 48.508103 -9.331070 
8 282 381 450 785 1525 1773 2057 2887 64.142132 -59.770933 -76.074578 64.659888 53.854235 77.830874 59.705394 35.814956 
2 2404 3361 -45.444446 93.846191 
4 0 1118 2561 3375 98.922191 -47.744449 -49.979716 -23.923641 
5 234 418 1784 2862 2881 27.793582 -38.239673 -44.162018 -12.340920 -53.983716 
1 745 65.432510 
4 80 851 1381 2938 -64.201782 48.335820 -14.012217 41.793644 
10 278 555 562 662 1518 1661 2544 2851 3203 3332 -65.554837 4.458314 77.508735 -7.443491 -20.331326 -33.035736 12.355720 1.967593 -92.232941 -44.079678 
3 1725 2923 3350 -9.505797 40.653105 79.669664 
5 348 917 1219 1523 3255 22.396166 -66.382402 -50.003686 -78.211212 83.357161 
3 505 1751 3359 15.541146 51.295666 -12.562021 
10 218 804 913 1282 1488 1527 1610 1877 1910 3108 -12.020230 -25.595521 88.256206 62.533077 -28.094946 50.890919 70.413418 3.974262 -61.587806 -83.409295 
2 1434 2644 -3.942410 50.398755 
6 211 1155 1288 2069 2097 2346 13.972483 39.500335 -47.353205 -95.809356 -20.221735 86.526039 
4 360 1253 1596 3494 -73.367077 4.957476 16.766850 12.614088 
3 21 369 2027 -70.047638 -30.298322 66.497125 
2 794 1520 3.932422 -51.782702 
0 
6 25 422 728 1068 1573 2226 -34.431737 49.690440 -77.139777 21.176219 50.842290 44.305918 
3 758 1858 1907 57.740519 -93.398867 55.902402 
2 1824 3256 -41.463483 -24.701477 
3 2 2311 3030 -70.474962 -9.908639 -31.094851 
3 1872 1883 2376 -57.785688 -89.982004 45.298296 
5 1873 1904 2441 2466 2851 -64.285295 -11.092110 15.472830 54.642298 -50.489899 
4 472 839 1847 2170 -48.291395 10.588317 -95.147517 -99.696220 
3 453 2360 2926 12.620970 86.760181 -87.610212 
3 318 1891 3373 -79.640652 13.676503 -90.320674 
3 2346 3141 3307 -11.956733 -44.289430 76.196334 
2 1418 1740 -18.625808 98.936844 
4 1259 2252 2776 3062 -16.244809 -56.726078 -48.251050 -29.477744 
5 2777 2852 3308 3363 3388 15.619423 -15.839970 -86.499788 93.340713 -91.820455 
5 257 1980 2196 2421 3363 74.631028 -69.972964 93.134336 -44.353124 34.764985 
1 1327 60.335410 
0 
3 605 910 1058 -10.176598 -3.874587 63.290678 
1 1110 86.720724 
3 1174 1984 2269 68.214745 1.721895 88.106950 
5 1080 1096 1479 1488 2698 32.215891 57.669391 -91.980064 66.734028 -93.625959 
5 1128 1581 1782 2138 2400 -63.081745 -50.886571 -3.189129 -12.155844 53.831113 
7 773 1220 1435 1913 2157 3164 3326 -29.698602 -4.244741 -87.850815 -47.704411 -15.532708 -93.938116 -83.490200 
3 1378 1468 2119 85.997854 -80.817203 51.678820 
1 3443 31.358800 
2 312 1235 98.282409 47.456694 
3 352 2565 3446 -37.644045 -4.082760 46.429639 
4 44 751 1830 2084 28.333702 -78.176536 -26.052931 -20.684991 
3 169 3026 3224 -9.490159 7.611176 -86.417729 
6 513 1053 1459 1737 1991 2650 54.089806 83.373144 53.200084 -70.990619 73.210011 94.482381 
1 1058 79.420022 
4 636 1149 1529 2464 -46.955665 -12.660072 69.443686 99.163973 
5 658 2173 2745 2930 3158 -98.137959 32.735915 -11.218706 -21.012768 95.766085 
6 855 1147 1253 1291 1318 1736 18.366227 66.047183 -36.972094 -55.182190 77.941689 -59.336356 
3 1122 2775 3059 9.725350 35.652416 -74.416946 
3 1509 2500 3104 -53.480275 17.336939 -81.052593 
2 1233 3129 88.433655 -10.775198 
4 257 854 1051 1817 -55.159695 48.814209 -27.060236 54.340876 
5 137 997 1791 1993 2236 -66.091158 -35.313254 -38.873175 -54.736988 6.900667 
1 931 86.756800 
2 871 1869 98.850123 7.745839 
4 955 1354 3147 3189 25.006818 30.186233 -67.464125 7.689387 
3 841 1783 1927 -9.148687 1.365108 7.827172 
6 275 497 998 1103 1505 3353 -52.514346 -50.315737 22.915375 20.131715 37.589026 75.484769 
2 54 242 -89.216884 -65.354990 
3 1108 2772 2839 -64.426615 28.351171 42.797158 
8 625 1095 1560 1607 2191 2375 2847 3176 65.252586 -27.128912 53.795951 89.018840 84.269933 -58.221359 -73.061384 -69.007540 
3 435 887 2871 -93.683630 -60.744585 -33.638534 
4 1279 1514 1970 2328 36.855825 95.684784 63.673174 97.887712 
5 1019 1243 2528 2557 3025 -23.313273 -85.372499 58.874580 43.919187 9.523560 
0 
5 579 1075 1974 2000 3096 -31.599456 13.161161 -17.909510 60.550210 40.223079 
5 769 1117 1152 2621 3210 68.685836 -14.203753 -30.330391 7.743981 61.462207 
1 2240 57.606589 
5 222 1623 1711 2361 3134 70.583086 -1.631482 -41.095933 -82.661613 75.282329 
6 354 825 1680 1744 2360 3047 74.019417 43.340077 -32.707856 14.466858 -75.523686 76.762473 
4 194 645 2051 2824 -25.643370 41.583060 -0.645394 -81.192735 
2 1113 2860 -57.052759 -21.602636 
6 450 719 1279 2221 3022 3029 79.739184 -50.295596 70.982321 -91.330437 -47.333251 71.234801 
3 389 1441 3251 72.369178 -63.852593 -88.656003 
2 2523 2827 -35.790032 -9.218341 
5 1590 1637 2143 2778 3163 -55.313157 -13.075237 25.071345 6.524328 -95.506090 
1 2511 -95.179141 
2 289 2045 9.773631 13.131121 
5 103 1395 2761 3189 3439 -24.034570 0.075604 -82.403535 69.336618 6.886580 
2 853 2926 40.124719 -17.042079 
3 1269 2923 3118 94.131296 68.846762 56.448074 
2 451 511 37.813826 84.411738 
2 271 1153 -0.765530 -92.879838 
0 
8 1427 2281 2423 2425 2796 2828 2983 3277 3.551030 -54.063095 -25.537278 -55.616200 39.082749 11.622868 86.978194 47.674896 
4 64 100 2032 2996 -82.610053 -91.765665 -58.501119 42.785213 
7 1045 1296 2255 2795 2939 2983 3254 -89.838523 -18.996193 -69.357684 90.631005 34.890183 5.656484 75.209168 
1 468 47.104438 
3 858 878 1182 -94.805272 50.989676 -35.805346 
8 867 1026 1117 1243 1417 2112 2645 3377 30.725273 54.150001 19.397174 7.670322 -34.621111 -57.439957 -14.053003 -19.762912 
4 1008 1126 2538 3080 -10.441494 -51.136168 -26.718827 24.768731 
2 1597 2151 21.443783 -69.728292 
2 73 2100 10.035831 -64.007418 
5 486 781 2229 2472 2965 67.051369 53.758472 46.147490 -66.912792 -91.474620 
1 1319 -34.280285 
3 242 2208 3258 -64.164094 -33.975593 78.846571 
2 889 2244 60.625938 -78.395247 
3 192 712 844 24.472873 -69.414272 7.523560 
2 422 1924 45.774717 56.291164 
5 121 1070 1298 3101 3441 12.632519 -45.615671 -33.896183 34.298007 -90.304794 
4 894 1175 2312 3239 -0.349605 86.790950 53.381117 -56.655070 
2 1003 2601 -93.054363 35.546937 
1 3254 -9.364972 
5 235 1031 1139 1315 3070 25.741443 -8.029691 0.705914 47.883327 -32.218432 
8 1073 1512 1577 1646 1837 1890 2672 2914 -62.494794 37.308639 -23.034155 74.283036 74.617215 -37.119475 37.650339 88.637902 
3 676 1097 1719 84.039346 52.337979 -12.228624 
2 3170 3173 84.569653 9.533855 
5 76 1520 2011 2970 3428 95.121443 -87.847785 -98.185419 -13.860912 47.153161 
2 1149 2832 77.261284 92.562083 
3 1761 2032 3277 -55.389925 63.740449 83.154842 
6 78 1848 2117 2166 3016 3085 -41.176839 -5.911713 99.734950 -75.609385 -39.617933 4.474305 
3 1193 1286 2082 -44.125446 -95.712570 79.513854 
3 318 2775 3062 80.515430 13.869549 -55.786672 
1 2264 23.686766 
2 478 965 51.415216 -27.682895 
4 47 304 910 3273 56.804220 -0.741687 -77.642990 85.408738 
4 333 840 2138 2325 14.358879 32.584142 -25.630478 -10.577787 
7 236 266 483 578 929 1286 2104 43.942353 -32.487416 -44.774844 94.765940 0.183589 -47.393458 22.869721 
4 789 1501 1631 2097 61.534783 -54.848398 -0.727892 65.856707 
5 103 1225 1635 2370 2371 -58.640481 -13.443210 99.867771 41.526402 -58.866385 
2 1264 1665 -59.669960 2.508930 
6 1582 2218 2334 2630 2761 3161 35.032465 -30.610223 -17.641987 -78.440213 -0.322705 -77.395813 
2 1230 1249 37.919222 -4.008181 
4 730 1123 1598 2440 70.803752 2.373523 79.748462 92.570032 
7 568 1761 1994 2146 2376 2899 3167 5.099221 49.539614 85.822848 -64.669997 -26.310671 -24.588431 59.729412 
3 187 1386 2321 -12.681852 -21.292715 81.396650 
4 1342 1630 1999 2634 55.115472 -19.858854 50.608783 -98.356929 
4 842 1324 1852 2285 67.548455 7.412619 19.267576 58.039746 
1 3129 68.251424 
3 36 2231 3359 -50.657748 76.485068 -46.496263 
3 1581 1586 2029 -37.917346 72.386979 37.492710 
2 711 3003 53.377392 -48.019896 
5 289 1046 1361 1557 2965 63.609786 59.739851 -25.458314 -9.624494 -59.892775 
6 509 1469 1683 1938 2394 3109 -90.990801 5.610921 90.672827 -43.459737 -19.896656 40.991565 
5 418 528 643 2629 3424 22.351302 30.949670 14.072005 84.717130 51.869544 
1 2159 27.495649 
5 648 839 1050 1173 1502 -35.654684 93.439743 -71.322132 -73.885445 6.884624 
3 1334 3251 3253 -81.905564 -40.262519 -69.689172 
1 2823 -84.714921 
3 373 1772 2040 -36.562386 24.316739 -49.700224 
2 1892 3244 96.610178 -76.630217 
5 118 1404 2668 3033 3143 87.294190 -18.318374 48.525153 0.372039 50.912102 
2 2894 3359 1.522592 16.319859 
3 1457 2119 3102 20.646627 99.905419 -6.809646 
4 400 785 1866 3073 54.340082 -50.105988 59.898834 -9.930741 
7 483 1490 1551 1710 1769 2443 2992 -86.831165 1.513087 14.763993 -36.469769 -42.555421 -29.605492 64.103771 
6 463 890 1255 1567 2570 3176 -17.642017 49.216869 -86.034075 -71.251632 6.320608 -96.545872 
3 185 2092 2675 -25.716249 -93.982069 36.598821 
4 149 171 1214 1417 43.098075 -77.851035 -66.552010 6.156439 
1 829 63.548767 
4 945 1583 1648 3084 79.537810 94.887653 86.197356 -82.431174 
3 1367 2306 3173 7.547091 -81.644837 20.582899 
1 643 29.176630 
6 90 842 923 1964 2612 2730 35.777063 -73.948849 57.749209 17.396653 -71.335318 -44.565664 
6 631 1228 1382 1531 1795 2464 47.076213 -88.776286 -89.117410 8.086635 42.563102 -21.576190 
2 353 811 30.434487 -42.128809 
3 1940 2550 2753 3.630282 -71.766100 -29.448163 
1 91 12.113213 
9 224 516 522 1159 1813 1818 2114 2410 2457 -60.922309 -90.204689 -97.239206 2.684514 -47.824814 75.611248 48.667993 20.894298 71.655710 
3 321 1785 2894 -23.382966 -39.787953 85.474157 
5 818 929 2203 2433 2448 18.304295 -96.098810 -99.677408 4.196690 79.834508 
4 128 1496 2110 3287 59.311608 79.699164 -32.217053 -48.335140 
3 225 2987 3016 31.938143 -66.956024 -76.090816 
1 3474 50.677846 
1 2659 -95.565726 
4 904 1992 2785 3180 -60.897313 -6.483295 -24.310117 54.080046 
0 
6 1350 1807 1838 2297 2537 3019 52.446314 -85.001123 42.281665 40.462198 44.897820 -51.740305 
3 921 2299 2597 83.932969 45.605382 1.439071 
3 525 2395 3003 31.846791 -28.096697 42.356790 
3 201 689 1336 -14.134061 37.408243 -85.131038 
2 223 1870 33.824188 -37.177636 
5 51 117 399 562 2676 16.741814 -28.606715 -42.290130 86.890402 79.088522 
5 516 672 1226 1722 1860 28.400778 30.574526 -31.500304 74.381217 27.314052 
3 480 1216 2312 30.736476 -61.681797 89.869077 
3 1058 1124 3106 -26.893579 59.806080 38.842620 
6 920 1116 1334 2494 3346 3416 -41.744991 61.910054 -33.108161 91.092471 -35.180329 22.601293 
3 1628 2176 3116 -97.408074 -87.605019 -95.411616 
2 1942 1961 -26.975844 64.699152 
3 2179 2423 2974 16.106694 -36.674262 67.219609 
2 1188 3357 35.268165 36.333465 
4 1867 1880 1986 2042 -15.392623 -49.372445 -18.215819 41.228761 
5 188 833 2381 3052 3133 10.081830 45.574131 15.428913 23.504187 6.572475 
3 9 423 1740 46.639089 -78.820623 -45.959850 
5 197 215 995 2372 2711 -67.123837 19.446197 -20.612431 3.881266 -40.973052 
2 3324 3329 21.909734 81.969145 
2 1642 1845 -18.411083 52.385662 
3 1894 2230 2420 -86.615295 29.985028 45.633941 
3 406 1600 1816 60.717427 22.524939 -34.402809 
3 175 1392 2654 -34.127028 -2.300433 -6.428956 
5 1389 1462 1510 2304 3178 83.617935 -39.198832 -59.654035 -53.326808 32.293862 
2 1776 2189 54.020459 51.510427 
2 2189 3151 98.415789 3.530580 
1 3139 49.696398 
1 3166 6.592459 
3 550 730 2336 12.802014 86.200987 47.867079 
3 134 745 766 89.995861 -66.421247 -50.258572 
4 368 689 1301 2783 61.527103 -6.819104 22.765043 45.533853 
2 1465 1588 24.035523 63.926917 
2 445 1610 -77.191428 78.318623 
3 1376 1658 2803 7.959306 30.551784 -98.959805 
6 753 898 1046 1083 1972 2850 -0.192574 21.519528 90.409577 65.764817 12.410525 -50.860458 
3 406 2431 3253 51.902475 -89.145304 27.040218 
3 245 617 2906 -58.189538 -80.991103 -34.874067 
2 512 562 -59.923370 -5.348272 
5 843 2309 2456 2920 3489 93.592878 -67.247965 9.866406 -37.342132 60.444840 
6 1725 1839 2375 2681 2960 3018 31.740874 -54.189494 40.062174 48.882583 45.285053 -19.934078 
3 1040 1627 3073 -27.164052 -42.454173 -42.671352 
5 202 1538 1674 2453 2869 -77.744121 -10.617935 72.339116 55.854095 93.056583 
4 1154 1496 2643 3396 25.092112 55.157754 -39.519739 -81.767367 
1 956 91.586166 
3 1552 2618 2744 -81.042785 24.483772 76.806188 
4 1356 1762 2010 2261 9.165872 13.032303 -51.521693 -24.370196 
3 251 937 1351 98.594923 -86.462235 -71.772861 
2 2070 3107 71.417966 90.079421 
3 610 1275 3211 10.980704 96.115255 89.562959 
5 459 629 714 1350 2605 68.969220 -55.830546 71.642523 -72.636414 50.386320 
3 954 2234 3034 -89.984614 -73.261867 -74.734209 
7 201 398 1677 2218 2703 2785 3126 -57.651067 -8.389199 -34.147843 -1.012334 -20.479247 -80.001701 78.303222 
5 2369 2887 3260 3283 3387 46.934120 88.085286 29.288866 -78.239242 -43.588815 
4 1013 1305 1451 2430 -69.569212 17.004057 20.213986 -79.012102 
5 113 1562 1675 2015 3491 30.116253 59.111144 -4.137602 -73.800326 24.682914 
9 115 257 843 1147 1179 2307 2861 3004 3320 -24.369611 -68.816832 -54.940483 -90.888619 12.955945 0.542949 -39.674665 -53.252635 -12.772135 
7 579 818 1162 1208 1246 2480 2936 -85.509483 -74.917027 18.345339 -29.565669 -64.070604 81.396144 30.157178 
4 153 251 3012 3213 -79.557639 -81.035007 -98.414763 -64.973468 
4 11 247 1821 2318 -60.811318 84.279391 86.730732 -52.062435 
3 656 2506 3138 49.551875 41.512600 77.863802 
1 2412 88.384366 
2 1071 1291 87.133384 30.765380 
3 683 1804 1949 -3.823090 22.189735 80.731659 
7 431 437 1260 1826 2056 2249 3320 31.443894 -58.632536 -91.354819 -31.551729 11.531984 84.725443 -53.309391 
3 1303 1348 2802 51.559831 51.679334 68.979520 
4 1914 1950 1967 3158 -95.479373 -11.718049 -80.320331 6.932873 
7 527 1015 1541 1727 1937 2056 3205 -96.204928 67.198076 -65.079905 57.395304 -62.913521 50.205755 -58.596870 
2 380 3445 96.170921 -0.564926 
1 2651 -47.084644 
1 2156 60.240642 
3 1062 2767 3317 -25.262663 -44.947441 -79.304772 
1 1758 -57.179675 
6 149 378 857 948 1457 2878 47.443298 63.293082 -44.301945 -82.319363 75.350487 9.329933 
2 634 2013 79.068045 -71.203046 
3 2017 2308 2668 -37.118457 -93.100036 87.558810 
4 608 1335 1727 3049 -22.617310 32.410511 -13.584516 -73.585086 
2 694 2370 82.444402 -63.282708 
3 1649 1987 2896 33.379317 61.365292 65.851782 
3 665 2028 2214 -6.811793 -11.183454 -35.452147 
2 1017 2150 97.459498 54.573838 
2 588 1722 57.668168 51.223270 
5 2166 2574 2640 3134 3168 -3.754559 -46.987268 28.805542 -80.543210 -71.949259 
5 1648 1677 1902 2796 2894 50.088852 4.342292 -65.894357 46.543462 89.907612 
3 1782 2982 3333 96.885175 -87.647097 35.351070 
7 636 712 910 924 1079 1854 2407 -82.182898 -10.336591 -74.461846 -75.954066 -25.176746 -31.561313 93.691134 
5 677 2136 2202 2242 2454 -65.772775 42.700996 90.639963 2.233841 21.350632 
1 1492 83.900618 
6 72 508 708 1844 1850 2186 48.423091 36.410881 -27.460441 24.362897 17.577117 -92.216984 
5 799 1150 1289 1644 1727 -45.003089 62.101258 93.447018 38.447198 -3.096443 
0 
4 377 1111 2380 3372 -64.577265 93.843187 55.672831 -98.812951 
3 42 785 2050 -14.148842 49.450507 -83.994522 
5 1692 2382 2733 3191 3236 81.544612 -85.969867 -64.509216 -96.436574 -73.252086 
6 417 534 1757 2516 2568 3297 -85.753473 -78.975704 -66.612585 -7.887909 98.358205 -13.357269 
5 1731 2246 2341 2599 2868 -23.702181 78.654293 -80.145054 -97.740636 -16.406272 
1 1665 -71.285736 
3 241 1163 3280 17.047082 77.878242 35.807956 
1 1393 -30.704398 
6 505 732 759 914 1676 1974 87.295814 -21.412020 71.124924 -54.009922 14.640655 -3.977070 
4 184 1046 1055 3057 92.108855 -88.162270 -49.450049 -21.743582 
3 1288 1885 3047 62.780567 -1.332415 34.011915 
1 3052 -38.997269 
1 804 -60.852894 
7 358 995 1976 2077 2633 2823 3286 84.096887 98.794985 -22.539218 50.973357 -31.500353 -89.928668 -49.134387 
3 452 1064 2062 7.914968 91.805289 59.441884 
5 397 2283 2631 2837 3262 5.667366 -18.643121 17.356684 69.662714 -5.167263 
3 255 3104 3132 63.246486 70.212828 -66.142258 
3 1076 1502 2447 36.548664 81.028399 -18.123348 
2 510 3006 -93.177760 95.641297 
5 972 1363 1898 2098 3244 17.600931 -68.081705 -85.950273 57.153648 -52.926585 
6 1384 1551 1805 2326 3287 3380 -23.945076 -53.036102 60.755644 -84.482297 -64.966365 27.233149 
3 997 1630 1715 -73.240029 -62.617153 -42.636731 
4 255 450 1686 1879 -31.294450 90.415119 8.704468 -21.498479 
1 1201 3.109994 
2 1789 3188 36.376698 -55.075853 
3 158 642 1698 -55.031512 -62.876337 63.174660 
3 1302 1357 3206 10.784560 21.751525 -42.789946 
5 73 914 1935 1978 2475 33.631099 5.736940 -98.060850 29.678065 46.863491 
4 490 1160 1496 1774 97.735140 0.367047 -26.034624 3.168261 
2 1153 1173 -33.673754 -54.836383 
5 744 925 1888 2663 3216 6.550773 59.314950 -72.258940 -92.796174 -70.674148 
4 281 357 962 1007 15.045196 -71.952446 -34.206257 72.442247 
1 419 75.216484 
3 2881 3190 3427 0.980110 96.684119 -25.379993 
2 294 807 -23.527403 76.652005 
3 1187 1235 2681 44.310594 -57.644535 60.379139 
3 981 2392 2723 89.521980 72.811125 -97.477822 
3 1947 2861 3036 94.554187 -79.439807 -91.584642 
4 1030 2154 2688 2870 -6.992460 8.207635 -27.212778 14.478531 
5 950 1131 1323 1828 2745 86.801770 39.103585 8.513503 -54.490497 -43.079532 
8 508 938 1339 1697 1721 2776 2820 3244 -65.786835 -85.628882 -89.295637 80.005170 -64.850564 9.732783 -97.949239 77.944817 
4 1 273 422 2007 35.524234 -77.366831 3.495984 80.213133 
2 629 916 82.158563 23.676466 
6 40 438 683 1198 3249 3301 -69.080777 -80.310101 75.831380 -32.219308 94.138214 98.913332 
2 2248 2651 -68.322483 5.261110 
5 673 935 1356 2503 3135 76.344467 -76.142866 -31.009866 88.991407 -4.011755 
1 309 85.227438 
3 875 2290 2616 -60.962818 54.604000 64.056850 
5 502 768 2401 3086 3100 59.181131 -67.241633 -35.248877 40.150170 9.769822 
5 612 1881 1939 1981 2472 -28.499529 -89.618388 17.750607 -54.446493 59.889287 
4 102 529 2032 2291 -33.079030 97.139673 -35.677087 74.486508 
2 1343 3256 -61.476166 -98.827318 
4 705 2057 2783 3064 44.176841 -26.874274 -26.962094 -30.524126 
2 2093 2268 -38.642477 -79.700745 
7 412 1415 1818 2497 2512 2534 2971 -81.390288 33.174487 -17.371727 12.438511 -8.949012 94.853260 -83.965971 
2 536 3194 29.913474 63.957060 
5 833 1208 2277 2396 2614 -41.933798 1.731780 46.415541 -61.801265 30.283951 
3 1016 2465 3341 29.264518 -71.384659 27.304570 
3 1252 2192 2717 22.921699 -34.020824 -36.464584 
3 45 1169 2362 46.799261 3.645044 -75.527364 
3 142 1581 2222 77.608611 3.291192 90.704049 
2 475 508 78.708529 12.524683 
6 377 546 552 570 1504 1521 -32.872188 -59.324471 2.262220 -94.510833 53.690644 54.924328 
4 178 1038 2351 3114 16.974983 -6.732519 -36.905032 -8.711197 
1 3003 75.767967 
4 575 698 935 3406 -27.315537 42.459637 7.396681 -18.325915 
4 126 880 1397 2339 -62.938262 -28.878704 -74.347951 -66.177220 
2 1193 1455 75.089554 44.634768 
4 712 1856 2688 2841 65.462526 -13.149715 5.430129 63.864563 
7 650 675 785 2833 2914 3180 3468 6.849860 -33.501558 7.015586 23.758660 -59.943166 3.981591 -8.921095 
2 526 3427 -18.838311 81.991770 
6 1105 1199 1514 2763 2870 3484 -14.765122 90.547923 -53.080996 14.507914 55.396754 1.836542 
3 2734 3297 3403 -95.911145 -34.078600 66.095561 
3 736 740 3343 -54.852205 -57.514304 -25.617612 
7 321 458 1304 1499 2105 2750 2850 -79.319759 -54.044989 56.714051 47.162347 54.239954 24.944361 30.285340 
4 1351 1520 1786 1814 -70.640217 50.889100 76.060982 35.745952 
4 1573 2538 3177 3184 98.873209 -79.723366 -90.708945 -4.618416 
4 584 2223 2631 2932 61.548663 76.996867 -53.801859 -7.419369 
3 1933 2176 2882 73.311212 -78.596432 4.281054 
3 1562 2716 2781 -5.758920 31.360871 -56.700223 
3 7 2014 2024 11.807240 -38.393726 -8.730650 
5 640 1749 2659 2916 3331 -57.068751 0.201979 51.650326 48.311892 22.436055 
5 1545 1587 2284 2301 2757 -76.633017 -27.892621 20.989200 7.543015 -96.301894 
3 1620 1818 2594 -94.494624 -53.805698 -43.833689 
5 1115 1529 2115 2850 3076 -73.457577 -78.666728 30.520716 -27.337935 99.691409 
4 61 3125 3142 3200 -20.241386 16.942825 -7.532098 3.152910 
2 323 1715 4.833221 62.905576 
2 49 2824 10.202394 78.463007 
4 1318 2258 2847 3278 -94.896216 -90.846209 -80.091222 -71.985518 
3 1322 2849 3066 -77.790494 -53.043758 -1.155532 
3 930 1828 3293 -88.201589 -14.836661 70.950021 
6 561 2163 2636 2790 2835 3059 4.745300 23.150303 -81.794146 -46.960180 -28.444635 -84.052483 
2 2690 2857 60.847354 99.011157 
3 1672 2245 2655 -14.253303 -4.420749 37.814884 
5 27 2932 2958 2973 3394 4.589491 -43.298514 -79.991746 2.446415 -87.665821 
2 2714 3127 54.420989 -17.464731 
1 3013 66.954816 
3 73 910 2995 86.079228 22.729226 -5.298473 
7 685 1442 2143 2286 2362 2619 3322 -5.724371 -9.135437 63.056317 -84.414723 -72.158621 -66.332718 -22.044493 
7 66 1698 1760 1911 1935 2315 3235 88.538750 -77.288318 88.891429 98.550315 -17.266950 -67.350482 19.035944 
1 1124 64.398173 
7 420 1684 2270 2361 2763 2984 3060 -64.307896 -49.141885 -35.064281 17.557080 20.364712 -66.440397 -16.199683 
6 824 1878 2324 2978 3100 3429 -62.900504 78.132131 -15.299169 2.460898 96.894986 9.652891 
3 982 1984 2867 -84.393883 -72.230935 57.391751 
0 
2 2445 2671 88.950009 -88.115642 
3 37 1644 2931 35.431712 -75.013366 36.070079 
0 
3 814 1150 1953 57.660552 -90.961948 99.727098 
2 2675 2844 59.458691 -87.001732 
4 2248 2726 3091 3103 -94.456935 -60.696967 -76.659307 -32.468335 
1 446 67.622272 
2 986 2243 72.928960 21.525174 
8 30 276 406 688 2012 2140 2804 2834 38.071230 57.744463 -24.279804 -50.875092 24.035598 90.948304 -11.686074 -13.257826 
6 49 323 893 1147 1267 1866 72.803202 42.278248 -51.117868 -97.453837 -27.730457 -5.286425 
4 939 1073 1194 2954 -86.961531 -69.854186 -91.313852 -25.556425 
3 242 2079 2913 -56.537457 -28.115289 -36.010426 
2 396 2718 -35.331074 87.671900 
3 1566 2882 3264 -95.088771 -79.315902 57.653604 
3 163 1841 1995 25.657258 67.018027 -31.355808 
5 1526 2128 2192 2802 3106 -26.865050 -53.225256 -79.924832 -67.076407 -0.874862 
3 717 1053 3122 91.007058 -65.524063 -19.693671 
1 44 -69.412688 
5 565 1463 1574 1756 3407 99.318718 -86.173224 -59.342079 -82.775622 27.225882 
6 4 337 666 668 1533 2594 29.997304 99.800175 9.892935 -79.766509 70.554494 79.675549 
3 728 1251 2933 -72.961031 -92.410313 54.784049 
6 63 745 1601 1615 1626 1954 73.353316 80.935378 -42.061603 -35.171180 78.956176 77.917204 
1 2549 10.201583 
5 1124 1352 2354 3241 3424 -86.280786 -50.211044 -18.174660 17.616954 93.430459 
4 1030 1518 1696 3068 51.668429 -3.452414 2.499287 84.887027 
4 1003 1108 1178 2299 81.340598 -59.167607 93.195762 -49.341909 
1 2758 31.703837 
9 474 846 880 1017 1427 1456 3169 3282 3428 -41.986162 98.780296 -25.500361 75.613789 -66.989365 -35.951899 5.275859 -69.358666 -70.570256 
6 706 1411 1859 2533 3157 3206 37.786495 38.686003 -39.835293 11.089931 -7.084745 80.231765 
4 582 804 1742 3434 89.079779 -1.149640 4.618221 -72.881224 
4 1448 1557 3270 3469 24.142499 -83.229675 -53.030144 8.143033 
4 1362 1905 2331 3455 10.943054 -66.530379 80.719073 44.480867 
3 574 1186 2286 -96.887697 -88.277853 -88.583189 
4 923 2739 2961 3317 36.606087 47.371081 88.580004 -4.437513 
0 
5 1618 1788 2221 2334 3438 -72.059260 8.265127 24.753583 -54.418728 -53.561828 
2 1250 2061 95.797696 83.916837 
2 71 3288 -59.739337 86.007795 
2 689 1030 12.798760 9.687458 
4 93 437 2444 3091 28.050485 -86.163153 -62.895250 52.495614 
2 1053 1807 26.936225 44.384445 
3 592 1414 1866 24.220206 77.982294 59.474152 
0 
3 63 1312 3419 0.753551 24.186746 52.366687 
2 1509 2665 49.341206 -24.533512 
2 1697 3320 17.155826 1.446869 
5 1386 1959 2655 3034 3231 19.228851 -80.489165 20.170191 53.150212 -3.906680 
4 14 356 1306 2989 72.840533 34.009153 -22.943978 60.155627 
6 475 685 1140 2063 2947 3473 63.931758 -80.537053 -35.296715 67.598898 90.095599 46.828621 
4 121 829 2932 3402 34.925461 22.884054 11.943313 42.938178 
2 578 1441 -26.427388 -4.376450 
2 2169 2335 76.013913 -33.778208 
5 1003 1049 1657 1909 2217 44.852058 -21.823766 -2.767734 -62.423953 -27.069770 
2 718 3196 26.102783 6.756383 
3 1845 1899 2301 -77.950551 -18.849833 34.084417 
1 1899 95.709716 
1 484 -50.981727 
4 625 1576 2720 3222 79.843726 81.343528 -62.834748 81.816788 
4 399 790 2955 3230 -3.309857 -28.489922 8.677920 -21.159945 
4 606 1659 1687 2395 -35.792617 -92.227682 -59.982869 -45.055877 
2 490 2704 -71.808262 68.895063 
2 2667 3114 -36.760722 -20.505482 
3 104 220 2554 -31.432175 77.163328 4.775215 
5 134 886 983 1448 1493 -76.608071 -26.541271 -7.638920 -70.344591 -79.637480 
3 1085 1324 1439 -38.807584 8.862345 -48.694095 
6 306 1394 1664 2281 2372 2819 -22.832377 -55.141580 11.455098 -28.596280 39.062717 21.444912 
4 100 610 726 3215 -4.384615 -3.708607 -44.801503 60.688832 
2 2128 3187 -3.951305 -82.824550 
2 2082 3400 -76.162948 -75.552227 
5 185 829 1438 2668 2968 75.046734 -74.950174 -80.628844 13.196167 21.345999 
3 1598 2138 2664 65.757945 20.526717 -67.178167 
5 1107 1160 1214 1440 2010 -84.720855 99.106243 -67.564571 -83.608996 -31.584405 
3 411 1544 2433 -86.463440 32.070629 59.570152 
3 393 1919 2762 89.227347 68.465938 -16.486472 
4 846 2034 2865 3358 84.972694 -99.909232 65.037892 79.363528 
2 2278 2560 -62.004500 -28.025327 
3 1550 2432 2886 -57.941830 -61.537497 93.990986 
8 242 875 920 1395 1665 1898 2682 3341 3.426641 -84.066312 23.947447 -1.566930 87.040200 -35.867062 -53.687577 -95.065225 
3 444 1457 1630 -8.156845 64.038637 22.428795 
2 108 2825 60.859172 -54.560969 
2 1434 3271 39.669906 -64.874846 
2 475 3347 32.355638 -95.622276 
3 1161 1260 3251 -6.213029 77.681366 -75.025860 
6 990 1121 1657 2415 2540 2946 83.578116 -20.008638 5.604465 -63.012711 45.665622 -12.505293 
5 264 560 620 2719 3332 -96.667119 40.186463 -41.932400 -19.054675 24.063051 
3 704 2311 2851 98.084868 87.970576 67.811333 
1 1462 -9.886039 
3 912 1565 2557 27.539388 88.712594 45.585020 
0 
3 30 2292 2576 -96.869825 91.452214 15.857076 
3 2489 2542 2772 -64.173972 -68.253724 25.667367 
3 408 1212 3242 40.269240 90.370339 90.634814 
1 3129 45.100249 
2 817 2220 87.110141 90.914685 
5 1378 1476 1720 2768 3273 70.553022 -62.309668 -39.266090 11.707777 50.579210 
5 211 483 1864 2129 2620 -93.498554 13.678448 -93.618091 31.820105 -89.058156 
3 890 1737 3032 -35.547150 42.473521 -69.983110 
2 1048 1774 -7.658033 10.301329 
7 363 392 1879 2364 3163 3310 3385 -33.489323 98.409025 64.116080 3.020353 2.915297 -53.960517 -35.805903 
5 59 1037 1089 1137 2969 -61.976116 -19.548058 -54.784586 17.664883 -78.079479 
3 12 1400 2549 -41.784940 54.156959 -47.130659 
5 530 840 2842 2881 2933 18.817457 60.315136 -29.286440 85.718297 -64.741478 
5 416 479 2169 2299 3474 98.237170 6.834786 10.903563 27.688517 61.984034 
3 896 1680 2617 48.242098 -2.419356 -58.525223 
2 322 2618 98.479468 47.399928 
5 99 1451 1897 2326 2747 -43.899498 -1.272173 -79.260583 -92.930411 -82.912693 
2 720 2034 51.074444 68.912418 
5 622 916 1150 1314 1685 19.290885 -75.344808 27.051362 2.467813 -60.543343 
5 1262 1299 1451 2536 3477 -16.808803 41.607303 64.878964 4.676140 9.745263 
4 153 324 3282 3313 -65.392079 -18.458332 84.972148 38.984345 
2 229 1315 -24.381569 80.358574 
7 112 463 472 1450 2698 2935 3122 -36.609140 54.830497 -83.886625 -77.476278 98.800933 -13.741440 64.382818 
3 1255 1640 2405 -83.562719 -91.937602 -69.007105 
6 992 1225 1614 1618 2520 2941 21.167710 87.980244 43.659466 79.734752 38.486608 97.867999 
3 165 1306 3102 89.203005 23.876744 -84.761257 
7 238 589 605 1647 2004 2595 3455 -96.292005 -38.807339 -47.353352 66.355918 -55.214940 -51.734065 80.754493 
1 1354 41.179697 
4 61 1045 1526 1600 21.590459 73.843939 -18.021523 21.916167 
3 256 2166 2634 -84.529611 64.669897 63.506958 
4 380 612 1414 3363 16.914982 5.115968 -83.160301 5.060381 
5 1008 1284 2154 2459 3312 4.519346 30.395875 -20.592614 27.307159 -3.612206 
5 878 1932 2045 3158 3446 -76.855790 2.316414 -3.272066 -24.267070 -26.537681 
2 238 2612 75.484673 82.226482 
3 538 2489 2710 -99.839940 54.414728 44.026428 
5 224 870 890 2135 2808 65.213228 6.554142 -27.016653 -82.085126 76.142444 
9 247 366 632 655 1173 1231 2449 2843 2879 -73.092836 -54.043613 -11.883896 46.645285 -96.045880 -37.060915 -2.624903 97.696101 12.045683 
1 748 -17.708637 
1 2584 -68.919019 
2 594 2698 -44.520773 -21.646070 
9 251 675 1023 1699 1718 2709 3082 3436 3446 44.921237 -1.115099 -52.196930 42.151829 2.358406 86.044663 31.723848 2.060086 34.923168 
6 219 974 1760 1785 2346 3236 -4.607129 71.155783 33.716210 -46.629577 -43.102308 81.554868 
1 3448 -63.672737 
3 437 3085 3175 30.064964 5.515699 -61.390346 
5 285 542 1567 2020 2862 70.898409 29.257919 98.833715 -57.340515 -34.996189 
3 174 2025 2295 -25.472081 -70.413578 -23.892903 
4 1080 1417 2691 2996 -94.842410 -72.789784 37.159581 -5.567199 
3 1233 2252 3025 97.933294 -75.572188 -45.377394 
3 658 924 2787 42.513645 61.404196 -46.322139 
3 326 2485 3231 -23.578270 -18.211234 -53.975464 
5 81 1082 1633 2177 2643 13.393472 -11.610432 -32.257502 94.145513 -57.603090 
6 1179 1376 2750 2876 2973 3094 52.126822 58.835235 -31.442155 31.329902 -33.879365 -12.242416 
3 466 686 1795 34.409735 -11.115441 37.924300 
1 2430 -29.383445 
4 101 2290 2323 2680 -36.595056 -66.425644 -96.899263 -43.036711 
2 1849 3191 60.517812 -48.167173 
6 974 1330 1379 1853 2460 3133 -32.911438 -14.670506 -63.630647 -51.998660 2.928616 -22.669921 
4 247 2354 2438 2780 -96.247377 35.875263 -36.629146 11.153702 
2 426 880 -72.503399 -59.554170 
3 240 714 1776 99.762367 80.052426 -74.833670 
3 802 1165 2581 65.116510 -71.407292 21.377449 
4 184 554 958 1874 -3.753644 -39.188240 -11.272259 -92.780951 
4 297 332 384 3319 96.905728 -74.941535 -64.129776 -85.967221 
3 632 873 1301 36.788042 -30.222782 -34.821195 
6 531 1044 1166 2053 2515 3002 -76.124452 45.167492 -69.319181 30.489921 -80.191530 -92.482648 
4 1358 2754 3213 3452 -26.030189 -49.695707 -31.476051 74.606121 
3 1786 2101 2130 -69.790970 3.301161 -73.217105 
4 862 2230 2866 2924 70.404774 -19.294516 -5.534025 34.052545 
2 1188 1808 -31.074237 86.095001 
7 719 1592 1608 1791 2323 2531 3101 -89.454062 -86.833730 4.721162 22.674613 -87.113251 50.164343 32.110333 
4 841 1109 2306 3479 -42.653444 -12.852900 66.246360 81.020465 
1 3386 99.777682 
4 732 2656 2900 3262 -53.756609 97.149202 25.393396 59.187416 
1 2794 -32.639924 
6 1349 2013 2176 2234 2264 3377 79.383154 -21.194310 -54.009406 -33.247542 29.113376 28.978361 
4 96 663 2026 2046 -45.871415 80.980065 44.800395 -18.263009 
7 37 84 465 565 1327 2337 3471 -45.610060 -0.467709 -94.501528 68.757565 57.163510 23.910271 -52.523857 
4 677 690 1934 2195 -8.753359 -94.493081 -96.850804 -65.535826 
1 3234 -28.018042 
3 1437 1872 3379 12.587637 14.220664 98.448324 
9 466 1145 1763 2216 2425 2478 3136 3295 3368 -71.837224 30.074836 90.941260 -22.407005 32.445866 39.044442 78.801506 11.719398 -96.498390 
8 171 423 485 1404 1508 1690 1867 2668 38.405498 85.734809 5.302053 -66.539296 1.610488 -6.570099 -63.016695 25.205843 
3 282 918 1093 79.531577 -98.101724 -82.608132 
6 1103 1199 1616 1820 2076 2325 -32.456311 39.480238 -42.075037 34.568715 -45.350584 -24.878673 
5 373 517 1589 2655 2741 49.827549 13.048740 -70.098883 73.551521 -59.419361 
2 1004 1324 26.866263 -79.572214 
3 1156 2302 3369 38.866579 -28.302311 14.749856 
2 368 1825 -37.452066 -76.409836 
7 992 1082 1113 1220 1985 2177 3308 40.574927 -18.875303 91.473083 93.390869 95.615020 -36.464604 77.539348 
2 966 1612 -93.615560 82.614644 
4 1388 1751 2170 2779 -44.111521 -10.169804 73.152857 75.909792 
2 591 1215 39.464845 -89.527859 
1 2899 62.650923 
4 1180 1594 2803 3352 94.148375 -85.473766 0.686012 60.448781 
3 84 1180 3242 11.097693 20.019989 -72.682808 
5 1140 1208 1722 2550 2616 77.511757 56.420997 27.817623 -24.628979 44.138345 
0 
6 11 629 1171 1463 2016 2511 -42.629170 -70.218659 6.883856 36.154331 -89.993234 33.504884 
1 1935 31.042810 
2 1216 1746 97.155599 -86.637424 
4 1196 1384 1499 2101 47.999864 48.856505 97.676119 85.442038 
3 118 2755 3024 43.072041 -94.377450 94.092518 
4 275 1710 1921 2756 -19.146116 17.344879 27.057774 -8.797780 
2 513 1579 22.284792 27.086714 
3 105 247 2239 39.673422 -74.388205 80.755022 
2 1616 3499 -22.640512 36.028807 
7 605 896 1426 1800 1817 3385 3491 8.743655 -75.516731 -79.271957 45.476211 -49.738815 -63.654287 -55.377135 
3 1199 3087 3134 36.147818 -80.412218 52.000020 
1 2555 -84.886655 
4 2493 2612 2653 3156 54.773057 27.795121 97.504842 -11.404622 
5 1342 1823 2461 2482 3237 69.433138 32.021265 -26.967640 26.227197 -70.319481 
4 1064 2566 2893 3210 -8.737383 -5.292193 -36.199302 -93.442022 
2 272 1800 -95.306560 52.869685 
3 550 1924 2715 93.345042 6.733500 83.823031 
4 987 2072 2079 2526 -7.642840 -14.362196 88.521146 -0.578761 
2 202 1607 -47.984883 -99.534660 
3 483 1924 3146 -66.883748 -51.628419 14.574968 
4 91 1341 1491 1892 -9.649967 -46.875549 99.676873 88.170648 
4 1591 1740 2902 3418 9.672096 65.220110 -18.347517 -55.548726 
8 94 637 1268 1628 2121 2386 2806 3441 94.937513 -41.726099 -29.171892 -12.099946 89.340793 89.313995 45.799862 -59.033477 
6 43 263 748 1870 2042 2237 65.329695 0.448304 70.748087 81.336370 0.450684 77.938691 
5 218 792 1398 1510 2112 -66.558290 -99.569613 70.671091 3.687199 62.733722 
1 45 -95.552285 
5 548 1461 2242 3158 3172 -63.716516 57.592453 -14.544123 -26.447967 71.166002 
6 401 1556 2347 2755 2944 3328 36.776373 0.157259 -60.237235 -69.990881 -60.280905 -9.856008 
1 3234 62.016269 
2 383 1248 -15.666603 -34.471705 
4 1513 2585 2896 3122 4.675807 72.501835 -15.060359 57.653278 
3 1455 2352 2795 66.346028 64.549270 -9.829129 
4 749 786 1074 3478 -7.731309 -29.484441 -47.164515 0.381853 
5 593 2488 3072 3222 3273 4.787929 -61.094264 12.812999 67.858653 97.991203 
3 1127 1577 3048 29.034006 37.951393 75.027177 
2 1310 3131 -77.446451 37.672617 
5 173 211 1108 1318 2396 -33.712816 81.304140 -40.406438 -62.677156 -30.515915 
2 1801 2443 88.571790 43.121940 
3 58 1014 2352 62.659452 99.214834 42.585109 
3 2201 3015 3392 84.430999 -81.149993 90.872372 
5 438 751 2832 3058 3397 86.389967 64.346707 -88.359177 31.323617 -46.431078 
3 1104 2539 3455 -41.563679 15.961121 89.295118 
6 761 1123 1530 1870 2619 3097 -38.985652 16.080963 76.131600 96.781322 -15.246953 82.345428 
0 
2 2810 2852 -16.118803 -96.098535 
2 3056 3097 52.766026 -35.770117 
1 1638 -40.376760 
1 2931 65.413488 
5 1266 1471 1589 2206 3373 -89.012188 11.537168 -31.644361 93.516287 81.490251 
3 833 3106 3175 48.910490 -52.268113 30.809842 
4 147 757 1169 3173 -39.982809 -13.721442 -47.354205 4.836765 
2 2858 2966 12.155626 -80.212673 
3 316 2542 3182 71.956213 -78.065400 -14.179580 
5 147 622 1645 2206 2854 85.335929 -61.825647 -84.633150 -80.995043 48.760137 
2 216 2553 86.148975 -34.136419 
2 624 3093 53.904846 -36.526636 
3 443 749 1412 14.918518 -39.570959 79.906215 
2 1931 2244 -33.636604 -27.628384 
6 358 516 1085 2253 2353 2721 -61.710154 6.484883 32.309899 -55.252979 29.963625 -5.931694 
4 277 1724 2626 3204 -43.037494 89.095997 44.008019 -87.294034 
4 431 702 2617 2720 -34.020067 42.197378 -22.464000 -56.750019 
5 60 1207 1285 1972 2993 -81.193223 -66.372203 -89.185851 93.984813 -90.804694 
2 993 2342 -6.020659 -93.432332 
9 403 547 659 748 946 1134 1168 2467 2610 -14.583566 46.535130 -36.791333 2.322309 -6.066197 -34.217070 -78.306110 57.077032 53.879423 
2 3107 3239 81.598195 29.130417 
1 2415 -75.389712 
1 1332 -67.968903 
3 2042 2050 2293 49.627152 -27.204567 59.675675 
8 40 509 898 1617 1660 1738 1831 2585 11.785118 39.498054 -94.248299 73.472141 11.455021 81.098800 -85.300223 -72.102220 
3 769 793 2353 78.109565 -94.035573 48.844095 
3 2578 3249 3379 -17.107674 -17.351867 -16.515641 
5 184 1179 1857 2423 3331 80.234415 15.848361 7.652231 38.689488 67.518303 
1 20 79.016741 
2 2472 3053 88.910214 -98.940196 
5 398 503 1099 1380 3068 52.507632 -17.535651 84.069366 -19.411367 -45.131058 
1 2164 -86.931447 
3 173 492 1014 51.976527 83.383965 -1.034807 
4 1263 1816 2824 3284 39.772502 -60.190828 -89.788996 -6.753344 
3 520 2405 3152 -6.446154 47.420276 29.676125 
2 744 2144 -96.715282 26.915903 
2 393 2701 -58.284756 54.189965 
1 1779 -74.961755 
5 670 958 1204 1389 2971 -96.772970 55.086269 -65.168791 -70.188495 66.210447 
3 994 1154 1519 41.097765 88.319210 -45.565985 
5 467 1825 2004 2537 2724 -5.706388 52.386867 63.226097 -93.779520 -9.357282 
2 866 3498 88.432863 53.906429 
1 570 -5.806717 
7 109 428 1083 1391 1414 2180 2847 54.344450 85.670235 13.037463 -30.120007 -46.427618 29.684668 84.664416 
7 178 327 629 1632 1968 3036 3251 -5.373416 -78.946409 -24.710857 78.072203 73.070537 -80.574360 97.582015 
3 1812 2579 2663 -29.367404 71.871380 41.714166 
4 123 1558 1834 3357 -86.463797 -33.580473 46.279692 64.215044 
3 942 1510 2716 -65.359994 -89.236459 -57.202186 
2 616 2157 94.670722 -2.424208 
4 16 1404 2713 3088 -82.923334 -1.096588 -10.925722 5.672982 
3 2088 2289 3091 47.159410 -24.857093 -95.181788 
2 1029 1956 74.567791 -47.841109 
2 450 2991 -25.666627 -9.654005 
3 207 1110 2247 45.823955 -87.008372 17.649440 
3 17 1358 2203 -22.989888 -12.528423 -79.087466 
4 561 2546 2678 3305 -78.771623 -1.756540 -46.503572 -45.017677 
4 224 1642 3032 3421 -84.247152 76.210757 -88.533446 42.709546 
3 1387 1692 2426 -7.403528 -94.110993 -89.789923 
1 1850 85.942487 
4 1694 2043 3289 3367 -6.076826 67.536621 17.704103 -38.545527 
3 320 661 1587 18.529618 89.300006 -49.749075 
3 1343 1633 2592 7.355087 -40.756373 -66.217578 
8 789 1042 1930 2023 2979 3067 3158 3184 45.700454 -7.209906 -23.923931 78.178176 -28.815035 -68.466741 -4.752258 -45.511079 
6 268 1101 1269 2545 2734 3152 -32.562197 -75.650375 63.768349 -1.752683 -38.701538 57.145552 
4 1522 1909 1978 2597 -81.236115 61.557082 -56.432222 -93.618602 
9 385 473 881 918 1340 1377 1485 1992 2155 -10.656642 5.042527 50.770029 -91.640777 62.417239 71.191191 57.335967 -63.433955 61.031656 
3 386 1467 3068 46.226095 72.252180 48.927340 
7 889 1084 2024 2352 2472 2787 2825 24.565050 -41.559695 -60.950140 73.920171 -16.585209 66.107163 21.524372 
5 144 556 1073 1846 2313 -11.650751 -18.973838 -10.242121 -36.277731 60.548095 
2 1073 3254 83.289252 37.014799 
4 476 575 1913 2329 -49.586669 42.890927 -23.243887 -18.091637 
4 48 533 2599 2898 -39.447696 -7.686698 27.992713 8.831148 
3 2676 2926 3407 0.336685 -21.290707 67.254372 
7 765 1158 1362 1815 2008 2174 2467 -13.124371 -59.179858 75.912909 39.408999 -39.349664 -24.533556 -56.192800 
1 3172 60.710345 
3 1159 1233 2171 -75.216080 -75.521964 -17.611293 
5 413 969 1441 2290 2566 13.310154 78.140947 72.767266 -21.701929 56.341603 
3 709 1591 1982 9.471242 -90.115191 65.601875 
6 749 767 1270 1371 1948 3245 -29.388567 89.484718 -48.104326 31.415547 -82.061929 92.884590 
3 354 763 911 -52.812419 -96.991090 51.681159 
8 80 689 742 990 1060 1200 1295 1765 20.761394 58.915907 31.676919 90.074192 -81.151965 -86.508785 2.904014 46.343690 
1 452 19.470400 
7 555 917 1994 2211 2545 2599 3212 -77.946261 -39.529166 -47.601036 6.989140 -86.414724 46.912484 52.497057 
3 1446 2154 2538 -11.325439 25.605444 -2.003779 
3 859 1298 1628 -54.955066 -41.412843 49.724701 
6 144 654 1959 2902 3071 3452 -58.088760 86.510031 10.868540 -42.526804 -30.175865 -81.908556 
1 2498 -94.822445 
2 1510 1759 72.502544 -96.636355 
0 
6 43 214 1593 2093 2783 3262 77.050625 -4.870157 -76.469925 13.999841 -17.038790 -45.101589 
2 434 1998 0.190840 -9.157845 
2 88 1747 -58.288514 -60.472664 
3 1808 2189 3204 -88.673362 86.799240 99.852104 
3 809 2650 3384 -16.371480 94.507941 91.597510 
1 1652 25.814746 
3 1739 2143 2529 18.839794 -70.231491 -96.462204 
7 160 1270 1563 1947 2543 2582 2820 -91.620379 -22.554732 -90.017597 95.854779 -64.490261 56.288335 -1.221862 
6 155 1267 1417 1455 2096 3449 -86.857374 -88.313435 -85.386516 -69.685312 -63.823993 -94.711421 
4 722 2779 2840 3034 9.677783 -9.709661 10.325991 20.185833 
4 1063 1607 2066 2402 -73.276330 4.853419 -37.639252 32.187290 
1 3496 -31.818947 
3 121 3310 3352 67.173873 -21.790372 12.151991 
4 1340 1985 2825 3108 -22.683603 -81.075422 -80.498348 -37.044646 
5 187 1422 1481 2375 2832 2.623626 -92.877103 66.137818 86.770108 35.991398 
3 748 900 2972 -31.921385 20.918235 -66.445560 
7 82 351 420 1151 1324 1747 2413 -1.150291 -14.393803 31.718956 -72.765328 -58.861989 4.038599 13.181162 
4 1854 2824 2944 3391 -9.489684 46.945446 69.397715 64.501549 
2 1981 2546 24.359275 81.768269 
4 774 2185 3226 3276 -74.092298 32.828438 -93.909347 53.043139 
1 1138 12.584190 
3 563 593 2717 30.013208 -50.039219 3.238240 
2 811 991 -88.013488 -71.479707 
6 212 515 1885 2004 2298 2597 77.262732 -38.606603 94.386328 -89.158151 74.896252 27.403954 
1 2495 -58.029804 
3 1177 1182 2364 14.255117 -55.911779 12.579936 
0 
6 650 791 1085 1381 1947 3187 -10.105775 17.896907 15.346592 70.990861 -96.461668 -40.329279 
5 662 974 2425 3106 3283 30.004602 3.659389 7.050228 -24.004399 -75.318469 
1 447 87.544301 
2 2915 3276 -28.549416 28.565181 
2 302 3366 24.936521 -33.485620 
2 553 2542 50.390424 -80.129815 
2 122 186 46.662353 6.876456 
3 1562 1862 2491 -72.725993 -77.266353 -37.829074 
2 1825 2897 -7.879256 35.765003 
3 312 967 2931 -39.189198 83.525704 73.632281 
4 1089 1175 1263 2929 -73.627302 -10.094790 -16.982472 -97.128473 
3 140 1394 3339 -97.901378 16.817140 4.083116 
2 178 1480 92.962613 -79.055201 
4 490 1088 1512 2831 35.791473 74.305707 -38.575045 -17.840849 
3 1149 1440 2262 78.914380 72.433379 -14.246293 
5 171 1731 1944 2431 2880 -70.972363 -11.476742 56.263374 -95.878196 26.369276 
4 162 1574 2227 2662 -87.954076 22.376169 72.489630 -24.115086 
5 244 1779 2558 3191 3442 52.741299 78.226674 -28.229679 -90.731451 23.602000 
3 1267 1362 3462 -20.894132 -96.623120 71.478999 
5 516 1363 1792 2353 2505 -86.102121 -87.888755 -64.717861 -6.035351 -4.287671 
6 559 856 1050 2456 2774 2886 -72.976729 19.785474 -16.695005 83.648521 -17.286332 61.643508 
8 1323 1386 1555 1878 2043 2798 3283 3329 71.919709 -63.308864 -54.575603 26.255219 97.841427 -29.803662 17.467154 14.614114 
3 140 2199 2986 72.291495 62.842617 -31.531755 
3 31 347 2134 -51.769213 -22.045067 -9.306754 
5 68 294 1325 2681 3387 -74.803488 -45.501285 52.215107 -97.833045 -19.308791 
3 51 175 839 54.627903 -54.632576 97.613491 
5 828 1098 1459 2356 2942 -8.108459 -58.746538 2.842456 38.779829 -37.583534 
2 1388 2910 -97.134359 -41.295618 
1 455 -98.240519 
6 398 661 965 1938 2699 2709 84.395613 95.016516 -35.921926 -44.087923 70.847286 28.447639 
5 693 838 1935 2502 3096 34.812166 41.456411 -93.354429 52.061530 -70.392141 
5 103 1036 1382 3173 3437 -58.692881 22.639623 58.637483 -77.520080 -81.115209 
6 162 350 799 2334 2802 3331 10.226432 -78.027817 17.874732 65.872468 64.051271 -63.808858 
2 671 861 -3.964431 -11.683013 
3 1852 2395 2445 -37.624083 18.061277 -51.556150 
2 2131 2740 -76.926331 -95.197745 
3 869 2771 3227 88.984942 82.726527 23.594997 
3 1369 1619 2210 -55.551427 58.105736 51.139909 
2 779 3156 -25.667544 -38.569438 
3 1700 3084 3302 -75.727126 -16.516234 -61.737867 
0 
6 11 635 805 969 2450 3074 -65.062595 -39.469426 -16.733963 -43.871925 -99.040394 68.644645 
3 586 3362 3404 -97.544825 -65.144374 10.565173 
2 476 856 98.146582 -53.447358 
5 194 200 814 1953 2931 -39.303910 -65.901353 90.343135 -10.714885 -80.037730 
6 14 726 760 1454 2319 2929 70.096513 -56.443168 -45.310403 -64.866839 -88.306020 -99.909442 
2 1361 2411 -37.339750 33.501238 
6 271 348 935 1122 2730 3355 -20.816524 7.343014 -75.008878 -16.263107 -44.388306 20.486788 
4 1363 1420 1688 2591 66.756748 57.955217 57.552472 -19.870589 
1 765 -82.285090 
6 8 415 821 2313 3077 3148 -18.613751 -32.645556 9.636549 20.012617 14.859250 9.473205 
2 2567 3494 -73.977220 -86.253828 
4 218 686 1605 2280 11.067788 -14.408993 -85.165184 89.334725 
7 251 905 1374 1517 2021 2259 2637 -55.065421 -35.317275 53.702349 -29.582321 74.088629 -42.707219 -31.125345 
1 3186 -84.232271 
5 208 266 1155 2962 3119 -71.258842 -98.706212 77.106756 46.416625 -62.467929 
3 452 477 2586 -1.893066 39.885924 -5.505133 
4 531 1766 1823 3046 -96.861381 -17.533361 9.578251 92.377481 
6 0 406 1480 1695 1763 3018 -55.740271 89.727456 -78.993704 -97.089614 76.765113 -69.368590 
5 510 1260 1729 2724 2782 -16.233566 -8.021752 30.709891 -15.580196 54.761983 
4 1776 2286 2715 3223 52.303905 -52.298769 44.274289 58.207750 
3 869 1562 2577 37.616719 -55.362448 -11.822419 
4 1161 2198 2432 2663 28.062174 -38.577730 -0.982315 87.944017 
2 1157 1876 19.025149 -36.621134 
3 1659 1981 2441 54.763863 -13.718154 -88.893644 
7 377 758 941 1569 2649 2666 2980 16.708282 -74.708492 -44.193784 13.498876 -39.436754 -90.601528 -17.273296 
4 1760 2070 2526 3256 31.113853 10.494922 -94.228689 -78.715200 
1 2738 50.938227 
1 2165 -36.828428 
5 358 902 1042 1537 2882 46.808109 43.782689 -27.581737 94.856719 -54.451628 
0 
3 1679 2834 2979 -54.717459 -65.043206 29.173334 
1 120 23.332767 
4 159 864 923 3399 12.090798 -84.361178 64.124332 -33.378658 
4 2222 2465 3254 3297 51.799899 46.118557 -41.379290 -21.369174 
5 645 1058 1087 2036 2637 14.232980 18.193928 12.419263 81.004265 32.617153 
1 2514 -34.856601 
4 1447 1951 2825 3088 -47.378664 -69.209203 -45.466129 15.688266 
5 606 1040 1500 1541 1634 -85.729092 -42.660338 -20.110629 63.983921 -73.870135 
2 2196 2614 -27.262510 1.652460 
1 2213 93.682591 
5 174 1602 1623 1954 2959 -85.907772 -91.490367 -95.341069 20.447435 -52.660951 
2 2351 3428 87.425508 -46.240753 
1 3011 69.144965 
3 486 2757 3076 -1.213190 -79.886510 44.760370 
4 79 200 1321 3307 -43.910198 92.252947 96.625878 -52.922482 
2 379 1244 87.957315 -84.312694 
3 642 2104 3242 -71.846907 -34.201059 -32.296644 
5 1850 2100 2196 2705 3474 83.889351 -97.474149 73.632487 -88.730731 98.542562 
5 123 323 1364 1607 1721 55.024038 -27.864471 98.939962 73.112253 79.571433 
3 167 1035 2184 -40.860953 93.355048 -87.212697 
1 323 92.996530 
3 676 2071 2747 15.960127 19.454986 -21.252613 
4 1827 2169 3245 3483 -16.216743 73.312292 -84.505873 -5.804746 
6 765 1307 1848 2208 3060 3124 57.135670 19.810808 16.793804 -35.225911 43.076973 60.798629 
5 85 809 1410 2321 2630 10.699072 -37.409794 -74.139388 -79.363557 -62.731994 
2 1441 2028 68.242220 91.181702 
4 265 688 1633 1833 46.899084 40.385047 93.719702 20.978583 
1 2768 25.895004 
2 1609 2888 76.102369 13.016361 
3 510 2430 2841 -55.369726 14.375976 -95.535788 
3 470 955 2348 61.607746 -58.815727 -38.323450 
1 1889 91.540099 
0 
2 1571 2010 -84.218909 2.964695 
2 817 2994 10.294714 94.975740 
7 781 1506 1947 2654 2661 2898 3287 55.441035 -5.128237 27.232606 66.271898 87.341601 -40.229246 -49.684537 
2 128 2446 -13.554960 95.820552 
6 437 654 715 1980 2257 2312 70.529045 87.886244 -86.049696 -91.358771 59.549218 23.316770 
4 461 1065 1241 2072 -26.753898 95.919731 92.817642 49.175831 
3 472 2507 3123 77.078330 87.785242 85.984405 
3 1048 2015 2065 10.622209 70.765830 -40.556383 
3 1422 2607 3370 -7.708459 99.369866 69.402869 
6 437 855 962 1523 1975 2676 -43.908344 -96.507534 -38.792206 10.940363 76.010599 69.475766 
10 425 675 774 959 1040 1760 2000 3124 3155 3425 -2.173194 -13.908441 -1.840527 -51.322583 84.871085 35.341124 -43.572141 19.834437 -57.630612 -33.122549 
5 776 1867 2272 2705 3380 -3.269360 -2.299858 1.405594 -75.068593 43.788842 
3 607 1714 3165 95.907850 -61.989979 43.766885 
2 424 2935 23.106572 -33.972167 
1 2649 4.824215 
4 104 1119 2921 3028 -26.974668 62.753764 -61.078576 -16.376330 
6 44 350 878 1238 2941 3117 8.927744 -86.699328 45.681614 5.009320 -83.934586 8.927085 
3 146 530 1022 -51.945558 95.220185 52.855016 
3 1332 2781 3250 57.090478 53.591515 -49.871052 
3 822 2589 2713 76.512864 -81.872218 -52.784635 
6 509 1357 1993 2077 3196 3398 88.690658 76.597373 39.246481 3.418870 4.640354 -23.787809 
7 718 994 1644 2025 2112 2835 3393 68.643406 40.467364 -99.461442 43.149631 31.029721 -33.378447 -7.712495 
3 411 2060 2482 91.223962 -71.000541 -29.295307 
3 2309 2404 3394 88.996295 48.357261 83.427438 
3 69 1499 2650 98.913987 -24.442545 54.039740 
4 382 929 1466 2355 -91.421978 -86.991600 84.513737 90.176155 
5 238 521 1358 2149 2459 -36.429058 97.064129 8.418000 29.753347 25.346140 
8 37 1262 1292 2190 2394 2600 2643 3017 69.766583 72.404269 58.406736 -78.198829 -99.155518 6.153605 -47.141049 -65.827159 
6 830 1587 1717 2569 2712 2995 48.303101 23.828569 -65.519312 -57.915313 -55.744429 26.721126 
3 144 1310 2165 -92.153027 39.087908 9.587876 
3 313 2872 2891 -25.915709 40.716932 25.285976 
3 11 1357 2149 -0.109098 81.961934 66.507281 
0 
1 2510 9.711266 
1 449 -29.397042 
6 1010 1014 2148 2228 2940 2964 47.735126 19.688824 -16.299492 92.068416 47.211335 32.376696 
4 50 349 2724 3131 87.497175 -81.863623 11.849281 67.718074 
0 
1 2170 51.668006 
2 1124 1270 51.255165 9.386617 
5 836 2326 3049 3092 3197 95.945568 44.842278 -12.495992 32.040590 -33.555890 
6 254 506 874 1356 2108 2459 62.168335 76.798291 -39.873555 -53.763339 38.572530 40.757045 
4 378 1029 1238 2039 -29.407684 34.218163 36.356900 -90.869838 
6 141 1763 1836 2420 2615 3056 -87.972393 36.419255 -93.812490 -47.902133 -4.590572 48.500045 
6 327 695 1121 1177 1246 1300 -45.731606 7.476500 -49.232295 91.650955 17.972370 63.837270 
1 1859 -65.411391 
4 186 1793 2272 2742 -76.857185 62.821176 7.086384 -96.124771 
1 632 -31.268659 
2 311 1837 -64.990749 -56.190685 
7 798 891 1900 1917 2988 3068 3398 -67.862607 -25.480698 42.774732 -34.104285 96.580524 -31.339558 13.382892 
1 1207 57.193440 
3 1301 2376 2532 -61.056027 50.789199 -34.537112 
3 1441 2184 3126 5.479826 5.717227 59.184470 
4 669 2012 2098 3213 -82.085038 86.161891 46.809561 -55.958121 
3 313 499 853 29.763005 30.457698 81.080966 
4 777 2004 2312 2381 29.387611 -65.311934 24.880405 37.759064 
4 1336 3039 3050 3113 24.330967 -0.297165 41.168566 -38.595265 
3 564 1345 1979 -57.616494 48.771614 -25.452763 
5 301 744 877 1081 1594 -90.365499 92.396356 24.868716 21.676912 85.317834 
3 762 3048 3218 67.161229 -41.278942 11.535914 
3 113 1502 3153 -7.117069 67.563005 -82.420610 
5 26 253 1567 2140 3364 75.484293 -35.324257 -2.880092 76.379428 46.603890 
3 331 2020 2343 30.902546 57.693499 -87.520390 
3 118 2201 3416 15.020798 -94.719358 45.668792 
6 691 986 1063 1837 2351 3481 76.169534 65.170968 -97.664946 49.513858 10.923983 -40.804484 
3 1195 2098 3445 46.586510 93.984508 76.006067 
5 28 365 636 1302 1937 -30.186628 -49.226955 59.139678 53.954877 56.175582 
3 285 466 1491 -45.156283 70.508585 10.367758 
3 528 2023 3091 -39.606751 -33.668333 74.416874 
5 1065 1374 1867 1937 3392 35.360092 84.737646 -85.924276 -54.045922 -49.941083 
3 1165 2158 2184 41.723101 -45.328628 -79.437038 
4 973 1509 2051 3188 27.963372 -5.120224 -75.314221 -63.398763 
3 1919 2048 3102 -52.339660 -24.168536 -65.394818 
5 285 348 666 743 3185 32.455034 46.977044 1.788958 -50.730021 -90.778842 
7 453 825 879 975 2632 2641 3471 84.762203 -45.106621 -51.626925 -84.434093 50.210409 -94.502698 58.632774 
6 380 1299 2043 2139 2540 3442 2.400027 43.093983 -38.549618 -17.195368 -48.097854 66.344675 
3 993 2485 3142 -8.547247 -89.101335 -46.101359 
4 1186 1859 2756 3225 78.840891 78.023567 -33.170008 -21.922999 
4 95 527 946 2307 59.279527 12.574550 68.262994 -9.723998 
1 914 62.456062 
6 41 232 616 1327 1492 2845 -46.116296 -91.449613 11.355777 39.349208 -50.994495 53.981668 
2 2864 3350 -35.025681 -31.999945 
3 188 333 1434 40.642077 38.911043 1.270927 
2 1110 1691 -69.599812 3.622292 
1 2849 -79.150396 
2 1728 1780 26.642448 -75.801583 
4 481 929 1418 2044 61.126840 74.350712 -25.434306 -20.897881 
3 2127 2317 2412 55.604107 34.502228 -58.568279 
5 1380 1612 1806 2551 3260 83.125372 -43.639186 -84.257896 -54.255967 -29.137159 
7 619 1412 1997 2087 2321 2484 3410 -37.313214 -89.599943 -72.305713 99.860361 -65.011581 81.937597 83.209162 
2 966 2740 -89.362262 51.468170 
7 464 1750 1928 2338 2347 2671 3319 90.837921 -8.379888 25.750445 36.009285 4.363002 62.267754 38.740296 
1 1351 -9.210623 
6 1230 1286 2224 2381 2493 3025 15.156327 85.937526 -89.066832 -9.596924 28.775416 -17.098306 
7 293 1237 1338 1395 1872 3084 3087 -47.367432 23.370622 7.090226 -52.952127 82.136649 -0.593370 -80.594464 
3 1772 2995 3471 89.619063 -31.468435 12.443240 
2 628 2783 81.968716 -10.602780 
2 1142 1505 -5.498893 67.579821 
3 79 1084 2201 -12.917668 77.830572 30.284348 
3 185 2606 2722 -40.687027 -51.653202 -30.578195 
5 59 357 2506 2535 2538 -95.109595 2.610139 41.550926 0.532107 -61.030314 
6 245 1460 2780 3055 3065 3452 -38.013620 -10.754037 -20.082684 23.227895 10.815571 -57.366016 
3 2231 2471 2514 -11.007464 45.879293 20.302409 
1 3098 -69.243489 
6 153 443 1761 2054 2218 2839 -77.960451 -82.416643 -53.105090 14.545424 1.257832 -44.922739 
1 2880 -49.306158 
6 52 1042 2154 2245 2602 3187 -28.940664 49.465079 73.221928 -35.659664 -61.815978 -44.469246 
6 220 841 1410 2341 2968 3104 -60.247496 -98.294765 87.835083 -86.554654 7.820036 -3.045878 
6 14 40 1975 2687 2978 3050 -24.245177 54.953197 76.696565 61.094012 -3.108536 -28.450525 
3 1391 2755 3151 -60.620353 -84.337123 65.654388 
2 787 1554 -23.796232 -43.365200 
4 425 1753 3015 3338 88.119863 21.556351 -5.610693 -14.356584 
5 163 827 1453 3096 3282 -16.806778 89.853754 79.695844 -54.146333 53.467556 
2 396 2537 65.350105 -73.220668 
2 858 2011 -20.302545 -40.128037 
5 1416 1477 2243 2524 3261 -83.723791 -61.416257 95.640720 -3.898271 25.138650 
2 978 2802 98.541239 57.630661 
2 1564 3425 21.976553 -93.946173 
2 406 1772 41.578377 43.136982 
1 137 -4.346652 
1 1608 -77.345400 
4 976 1262 1948 2285 79.853219 93.896648 -20.068747 -65.193760 
6 935 1796 1965 2160 2600 2680 -9.559309 -48.334189 -58.458944 -88.668095 -22.264362 -29.942454 
3 638 1677 2077 -63.300740 -47.137643 89.816583 
2 367 1878 67.578763 37.839059 
3 263 2535 2622 -93.285916 31.803569 57.881792 
1 3396 -42.641648 
4 142 1341 2627 3110 -54.502618 -12.403785 95.526270 71.604860 
3 322 1778 2887 -22.938804 -46.247653 40.311441 
2 627 1057 32.987149 30.656329 
1 696 53.119815 
5 21 2070 2259 2364 2461 29.677668 -21.548311 5.052185 98.744493 59.023838 
3 194 221 2727 57.022739 -72.125456 90.130386 
8 340 527 585 736 1859 2310 2387 2420 41.292413 -76.562352 37.028888 58.113153 -17.306760 14.572213 -83.849171 31.158773 
1 3427 58.976245 
4 2036 2158 2290 3415 -65.540316 97.010670 18.429953 98.950153 
2 1234 2136 -44.063252 -82.282104 
3 2260 3306 3357 1.172269 -92.936301 2.505847 
1 1119 -59.684008 
2 154 235 60.974802 70.158404 
1 1665 -11.010849 
3 18 1519 2964 94.470366 -51.165654 -27.970260 
5 256 905 1328 1447 2893 -55.678195 -8.336107 79.203064 0.828851 27.585552 
7 61 1196 1210 1272 1745 2000 3422 -44.354120 89.764529 11.178603 -52.677777 45.580061 21.215049 -85.764147 
3 591 3214 3477 70.625261 -78.134495 31.918595 
5 176 477 1512 1761 2971 -64.692033 35.158373 -16.338881 40.167276 14.291080 
6 146 1696 1781 2534 2567 3075 -68.866876 99.573238 -45.555840 -54.043536 21.731383 87.890230 
5 21 166 436 1172 2464 48.971757 4.693227 -75.282993 -33.280451 77.606374 
1 284 -7.570843 
1 3359 5.327607 
4 1139 2768 2847 3056 -32.727669 -27.489183 72.618835 -70.299020 
1 3112 68.001217 
3 552 1570 2706 -22.042978 -25.582137 96.063444 
5 48 86 1431 1730 3414 -91.395757 82.968474 83.324681 32.089309 13.764056 
3 602 879 1555 -22.426591 -73.967613 11.049224 
3 5 2515 2551 93.341657 75.214329 -42.720429 
4 659 1107 1494 3216 -20.240285 81.524563 -42.215960 1.233912 
6 280 1191 1505 2892 3341 3403 -37.637172 66.701544 80.820730 27.946558 48.183980 -57.459823 
6 372 854 1368 1833 2483 2551 85.504925 -7.045472 -91.586095 -67.340591 3.303717 48.976133 
3 604 2741 3055 34.918713 -22.967484 -39.924381 
2 2675 3040 37.041041 -58.746407 
4 117 849 2390 2678 -62.909868 11.802127 -96.916212 -54.730468 
4 1541 1685 2315 2948 -24.943959 -37.777738 -25.720362 92.080501 
7 791 881 1044 1724 1771 1890 2057 98.605699 -91.351991 26.455869 -64.271811 -90.251767 -7.088666 60.455514 
2 2437 3157 39.149632 -35.026083 
4 278 724 2630 2631 -91.026504 38.467205 26.405437 10.062054 
4 1595 1633 1870 2131 5.832966 25.160990 -83.383651 -1.705257 
2 83 2729 7.555986 0.129184 
2 2589 2892 55.363046 26.814723 
3 455 711 3231 -95.134556 7.455894 76.864326 
3 872 2655 3452 0.800479 22.008885 -8.637539 
5 634 1058 1450 2020 2785 88.813892 55.351126 -69.999395 -43.605568 -57.501606 
5 1201 1871 2312 2671 2975 33.876761 29.561671 -67.579525 -58.872817 -40.537192 
0 
5 678 1180 1995 2133 2955 -89.473660 -72.208257 -55.936935 14.171129 -56.555186 
3 776 1137 1836 -50.341448 -65.265586 69.225892 
4 23 723 1427 2804 -6.520804 42.818876 -74.181473 0.716289 
0 
6 1442 1759 2086 2800 2985 3420 92.676912 42.205597 -50.131615 76.581035 43.648194 43.827044 
2 2226 3333 92.939057 59.601883 
4 603 906 2758 3440 88.775235 -46.987885 23.771603 64.030950 
2 478 3092 77.695402 62.083781 
2 1724 2514 20.972199 20.391513 
2 723 2550 24.875157 89.407150 
6 276 745 1043 1098 1233 2496 42.221352 78.066807 70.648168 14.463318 -60.138623 -96.827947 
5 455 1253 1524 2059 2525 -39.311512 22.362565 98.834057 -11.443803 95.042492 
2 1181 2807 19.351674 14.910575 
2 940 1702 -62.042098 50.191453 
2 461 569 27.157403 -6.898939 
6 930 933 1323 1587 2346 2656 14.202177 39.402037 -17.354647 27.267956 -25.717508 45.340391 
2 464 2998 -12.826462 90.997963 
5 2062 2176 2359 3310 3313 83.176412 -5.955760 -34.313758 -39.335253 69.322386 
1 3044 -40.482411 
1 1887 -13.074565 
2 261 2792 82.649969 -46.937297 
6 271 350 1505 1557 1817 2962 -59.674371 68.846229 34.167534 7.439479 87.151798 98.610080 
3 1493 2033 3270 67.468901 68.390399 -31.935667 
1 1672 10.378130 
2 1927 3063 -15.795312 -82.291229 
3 28 1071 3004 49.869713 -31.652774 -67.113081 
2 44 122 -58.915961 -60.923792 
2 1103 2295 87.255658 -94.292033 
7 370 1548 1648 1997 2235 2551 3042 17.548991 48.168438 85.303105 45.537166 8.326959 -10.852317 87.543482 
4 489 548 2508 3163 91.265781 -91.899393 -84.652618 30.192464 
4 225 318 1134 1856 -73.929869 -62.011045 -87.711784 -53.060896 
1 1237 -9.434513 
2 311 1844 -21.055016 79.146690 
4 769 2705 3296 3419 11.276141 -53.585620 96.696644 22.621036 
3 275 2691 3456 74.349159 12.703416 18.201747 
5 509 1363 1751 1899 2079 45.029211 17.865135 24.242227 -15.316856 37.592761 
3 66 1232 2495 -78.907992 38.383098 -23.504395 
1 3464 31.957880 
1 3234 62.787640 
3 339 1319 2952 -72.352289 -46.623711 62.393057 
7 611 771 1093 1679 2100 2282 2966 -9.273329 87.801834 10.495175 14.551799 34.410468 -76.710877 15.363483 
5 691 1094 1642 1754 2435 -29.665584 43.316292 -8.906625 -74.378641 -54.936294 
2 2115 2726 23.576906 -57.546776 
6 310 781 985 1091 1973 3251 50.789229 -0.829848 37.527906 68.085367 33.376436 41.547160 
3 566 911 3324 -40.287668 -32.187167 -74.659303 
5 167 305 2105 2283 2722 34.696348 16.890690 -57.476697 28.823956 34.807541 
4 720 840 1822 1877 -83.811621 -2.252829 -7.359332 25.438444 
2 1977 2853 -34.376905 57.367087 
4 133 2557 2891 3187 37.431062 -14.169625 -64.975433 -68.459577 
6 2 89 186 461 1459 1593 2.949276 70.524223 89.783856 -79.401461 28.236843 -84.979917 
2 1495 3316 -34.480334 50.425355 
2 550 554 39.970432 -27.397426 
1 475 52.126157 
2 1287 1658 76.799109 30.655308 
4 716 2331 2841 2971 17.494277 -90.700067 -71.968261 50.437482 
6 28 111 950 1979 2122 2419 70.424308 -17.244704 -84.939438 68.918193 20.274303 -17.384856 
7 72 687 1433 1466 1622 2272 2546 -85.853964 48.913248 -78.507692 49.737253 -63.832833 25.106275 9.509777 
1 302 69.146943 
3 394 1256 2424 1.473233 -34.701377 24.565093 
2 819 3284 12.264090 -36.460723 
3 740 2049 2672 -39.580497 60.108369 55.273974 
3 833 2818 3217 18.505374 -39.540488 -91.119185 
3 798 2846 3470 -36.954131 51.933537 -2.531936 
2 1549 1836 -60.220994 20.663185 
4 354 382 698 3323 -23.583203 27.952745 13.460674 99.649034 
0 
0 
4 439 891 2163 3323 5.505723 -44.205291 33.806336 -93.710398 
1 1739 -21.723266 
2 2255 3000 40.627224 -62.969536 
8 731 861 1403 1547 1675 2528 2880 3092 61.001187 5.740517 -46.107833 58.627832 63.405812 76.649456 -3.851905 35.947046 
6 564 570 782 890 2051 3369 30.043034 -4.169756 -39.924482 46.509843 61.452722 -19.644737 
3 466 1861 2194 -61.948103 81.736592 94.769336 
6 319 718 1369 1411 2120 2798 48.201486 79.105393 57.655779 -48.738433 8.194989 80.120949 
3 670 1547 2421 -58.840014 21.128364 53.714267 
3 984 1392 2406 29.615750 -33.196013 -96.509537 
4 768 1543 1943 2821 -14.989694 21.043692 46.266232 -66.448160 
3 1275 3150 3182 -27.933029 -38.857119 95.944730 
7 331 347 995 2312 2486 2616 2712 26.380637 28.868101 -93.631845 -72.311060 43.774189 70.277413 65.913080 
4 978 1322 1670 1759 78.152156 -31.725221 -14.927127 0.729610 
5 151 283 521 1350 2166 -49.885182 -98.856214 -31.002931 38.727699 -32.657023 
3 905 2853 3243 -42.946502 97.389759 21.312650 
6 470 544 1233 1955 3294 3339 -54.432660 -75.047043 -9.362034 41.659581 32.076733 16.254748 
3 288 2345 2841 64.714218 -0.102091 -57.347518 
2 688 3119 -7.287183 95.694459 
2 526 1626 -11.445333 16.405969 
9 359 455 539 1167 1427 1520 1940 2106 3116 78.591681 -48.400516 17.687607 -55.570831 -33.138819 10.037010 -59.787942 67.514172 -93.330905 
4 459 464 2123 3218 60.600152 -84.279294 -13.382858 -32.938657 
4 889 2097 2272 2886 7.276936 -7.420982 70.301769 -80.538143 
7 191 479 1421 1700 3139 3165 3182 54.918152 24.584485 -89.388855 -65.166017 -27.184173 4.229464 47.728036 
3 37 106 1344 -33.260064 60.919692 -93.203145 
3 767 898 3164 -11.909508 -60.230163 60.997235 
5 689 1465 1709 2740 2777 -91.537894 -71.735593 -39.467830 91.246646 -18.873342 
7 715 760 1242 1539 1930 1961 3293 38.513052 17.091772 -11.518404 -11.816531 -61.274869 -13.317283 -3.770117 
4 158 1792 2427 2894 -32.352420 -77.113000 76.195213 -99.584314 
4 394 1388 1869 2907 16.464300 73.342378 -65.123214 88.661683 
6 107 858 951 2690 3189 3484 66.090792 -20.301692 -42.143396 57.718117 1.510841 89.683708 
3 1470 2641 3435 -77.076585 3.212367 -65.820039 
6 776 1264 1650 2490 2746 3166 70.258260 61.010441 61.366063 -19.174298 35.919270 -41.087893 
4 1173 1437 2968 3187 -60.308081 -20.702987 -87.305283 23.905212 
4 491 1360 2382 3297 95.941625 64.323006 -40.038595 -6.340328 
3 9 238 2100 -42.387817 -94.289795 -75.986797 
3 890 1771 3113 42.031832 -32.821921 -54.498766 
6 257 806 964 1406 1588 2153 -67.118801 -0.648678 66.747297 84.007307 91.869280 12.264351 
3 447 1063 3173 90.496835 0.719077 -65.403704 
2 119 861 4.842275 -98.947550 
3 524 1950 2264 44.220074 -92.506702 -62.799890 
0 
3 382 1857 3100 -82.303252 97.702866 34.557112 
3 1627 1685 2894 -84.678939 -46.903371 -24.801085 
5 348 2128 2646 2650 3059 8.264858 62.904849 15.575679 -62.367605 -12.778068 
6 603 713 2125 2755 2930 3450 -1.058422 3.504865 -26.843595 -91.197348 -65.759610 -35.649998 
1 2375 87.629948 
3 492 988 2362 -45.690854 9.734798 -65.674463 
1 158 -32.948068 
4 197 817 1032 2460 78.268826 68.034555 45.186828 -15.970749 
4 1004 2617 2836 3192 80.605872 -2.937182 -21.809841 17.473368 
2 1304 2574 84.670879 13.655792 
8 183 363 541 2219 2576 3067 3327 3427 -1.112649 18.067077 -5.901644 55.322946 9.775362 75.292863 18.136638 23.123654 
5 230 519 2022 2686 2953 -50.431189 57.059146 -28.568927 70.245750 -40.406192 
6 1053 1278 1547 2526 2579 3118 -11.112616 46.984694 96.626887 -29.415168 9.735048 -99.291518 
1 1466 -51.439465 
2 2506 2823 57.319144 15.536703 
3 216 682 2154 -44.255928 -0.851578 31.202500 
3 1133 1902 2095 78.131306 45.243145 68.507493 
3 1141 2197 2377 53.637785 12.095658 -62.680613 
2 161 927 87.492993 -18.000429 
6 1081 1123 1360 1501 2932 3474 53.165373 -75.183575 32.014984 76.115571 -93.495387 -49.163718 
6 1626 2716 2892 3129 3164 3479 45.220784 77.704163 -93.219969 15.946531 -58.978269 78.441561 
4 281 864 2302 3499 -98.919999 -13.887124 -18.532211 -27.988361 
3 1236 2664 2907 -24.406568 -87.821950 98.447261 
3 1370 1826 2136 66.566100 -67.454688 -8.048359 
6 795 1146 1159 1275 1649 1723 86.243857 92.535351 22.825731 -50.236122 -36.068402 98.484098 
2 1431 3234 16.612047 -15.710504 
2 102 1859 84.423009 13.935648 
3 1192 1468 1958 20.393889 -56.359517 61.778403 
3 827 1305 1595 90.240223 35.113525 35.552877 
1 2553 22.679377 
3 1911 2051 2737 -1.279232 -84.019170 86.151505 
5 31 55 154 1518 2669 -76.231817 50.693956 36.514341 2.587704 73.224961 
3 421 866 1657 -0.196877 -97.025814 1.876055 
2 1545 2840 -65.409271 -89.791152 
4 772 783 1662 2807 17.013236 7.015087 84.138498 8.522040 
1 2483 -15.473175 
2 396 673 65.057157 61.652769 
1 2874 95.787423 
2 431 1037 1.387417 -70.361650 
4 282 1782 2240 3312 66.721328 38.067256 64.293962 -82.308159 
8 388 543 1429 1539 1806 1843 2445 3152 -74.563214 74.871985 43.554239 -81.286825 92.056576 73.519646 -63.659357 54.997639 
5 428 592 1426 2867 2916 -2.601782 -14.228213 -50.990631 32.955631 81.163007 
6 2120 2561 2692 3151 3343 3454 -66.734145 -96.144217 -59.331866 -18.445024 -32.752737 -67.021809 
4 199 1583 2820 3301 -85.180427 -51.818121 72.534474 53.867634 
3 1218 1674 2657 -76.300224 -44.124390 -27.499132 
4 17 419 897 1744 91.256752 -26.583990 47.678783 8.057488 
4 144 1336 1786 2646 -10.697159 29.375522 15.870963 -99.334087 
6 615 1263 1866 1944 2014 2034 95.498777 6.314922 54.637495 -11.214598 -56.960115 61.525455 
1 1719 -2.376358 
3 785 1804 2918 -71.210548 73.494498 -90.964571 
5 558 1954 2039 2639 2711 -5.272107 -36.619752 -58.774356 -74.993461 36.455716 
8 316 1075 1508 1837 2683 2897 3438 3480 72.256086 50.384548 31.224771 54.936409 -13.458687 44.889567 45.686216 -20.504020 
8 554 875 1872 2067 2159 2725 2893 3081 -9.626026 22.314390 80.441120 46.411747 -13.948422 82.855631 -94.426192 -91.181975 
0 
6 943 1474 1597 1862 2079 2668 -7.659741 24.104600 -73.245113 86.433993 -39.436996 -3.363608 
2 947 3362 -7.625023 45.605197 
7 249 460 723 892 1825 1873 2682 -21.670702 -66.293346 27.628755 0.974207 52.874395 -65.552781 79.048515 
2 2407 3446 -20.277932 -89.917933 
5 214 530 928 1234 1383 93.646124 -36.567110 -22.050603 35.081561 -88.982047 
2 902 3393 -22.422217 -31.193321 
4 657 799 2359 2498 3.322540 -44.532444 -36.893765 99.631368 
0 
0 
4 1751 1865 2955 3369 76.386203 -52.880110 6.931631 -35.414214 
1 1402 21.265721 
1 3167 98.540293 
6 119 148 1020 1113 2183 3131 17.535815 12.147555 18.540560 -9.418441 -60.865925 -31.954156 
2 2303 3495 -22.692451 12.320540 
3 1147 2698 3355 41.301176 24.630428 14.916655 
2 1169 1180 -6.761128 -85.242278 
4 676 1319 1542 1624 -44.543068 -53.447972 -20.773859 -11.159342 
3 41 282 630 59.594193 18.269669 -56.366039 
5 47 1282 1846 1862 2471 -45.944117 -26.485200 -8.362827 -85.062588 2.910261 
2 685 1591 -19.359877 56.577287 
3 678 995 2442 -12.735370 7.135435 -72.534876 
5 176 214 1435 2568 2922 33.949995 -91.083814 46.947134 81.563735 -11.155528 
2 2328 2526 31.760759 -54.243595 
4 1083 2113 2356 3305 -55.256246 -49.057702 45.735710 -64.259385 
2 354 689 73.640278 -92.587452 
1 1748 -59.835518 
3 1162 1651 2154 -14.381202 -24.417014 -20.628171 
3 372 1527 3177 -56.799781 51.537128 -75.499412 
2 2677 2680 -32.227058 -15.480959 
3 157 1316 2957 10.800603 81.993364 75.607875 
0 
2 767 978 86.159280 37.143724 
7 70 901 1527 1877 2356 2902 3352 -17.255090 -75.700414 46.489321 22.759067 -13.984648 80.755607 -67.467962 
4 376 2637 2966 3249 3.715801 15.203162 10.895897 -37.034693 
3 599 1246 3124 18.625818 56.464230 -43.689370 
1 1726 -86.922775 
7 205 418 2185 2887 2937 2962 3089 29.278806 -19.610623 5.848088 -36.532832 -78.549041 58.465839 -39.740641 
5 370 927 1016 1805 2144 39.213653 -68.259867 -39.715672 -86.297629 57.431391 
1 2927 -76.096963 
4 1452 1752 2835 3316 -14.557556 94.792513 78.833066 -55.392427 
5 693 815 928 1576 2844 -84.484306 78.698019 76.827521 -41.104917 -8.406007 
6 441 716 1100 1155 1723 2442 -64.515834 22.777308 -41.990175 -16.446531 20.312835 -25.735559 
5 304 1152 1158 2169 3046 68.712435 32.013171 -94.223389 -56.658384 -2.782153 
3 496 2065 2316 -18.241993 -89.907940 34.824150 
4 968 1821 2485 2617 -94.568047 87.521457 43.557245 -72.427751 
2 189 2641 39.972288 55.590260 
5 429 866 1362 1485 2634 44.186564 -55.161215 -66.598811 -61.776079 -11.735540 
1 2602 22.536438 
1 1135 10.298456 
6 1444 2104 2149 2307 2482 2980 -13.252825 79.534598 -96.662563 -74.767064 56.832629 95.358598 
2 1751 2295 -31.844849 95.282073 
2 705 1642 2.123185 -9.726634 
6 82 201 724 2470 2962 3378 40.779937 -93.456142 70.974136 -5.050687 10.464617 3.166629 
6 378 487 1668 1982 2715 3104 -59.750888 66.526309 -81.798865 93.607602 58.749691 -45.655442 
5 76 369 1126 1167 3283 -70.378844 25.409486 57.111535 47.005329 94.042461 
3 37 1704 3105 -34.260783 70.158394 19.246482 
2 700 3334 -53.222607 -29.599274 
4 1851 2268 2438 2577 -91.298137 42.686432 87.816532 95.237547 
2 2470 3279 98.625279 21.915144 
8 144 542 824 945 1642 1662 2525 3115 -53.743120 -98.521123 -92.897119 6.115196 86.566429 73.323306 60.505878 67.016030 
4 499 753 1182 3442 80.802219 -80.697116 24.366424 3.952794 
5 924 1367 1991 2486 2937 -12.930201 81.936096 -76.174517 15.139040 78.644755 
5 123 162 393 973 1392 59.787681 -27.895895 50.050517 -86.944939 71.866078 
6 931 968 1169 1201 3166 3492 -70.168034 66.063141 -46.447593 22.091518 68.725270 39.875188 
3 973 2053 2173 18.878283 -84.765810 19.428792 
2 1346 2350 9.580182 -44.245548 
5 55 279 1264 2113 2885 -28.804399 44.454296 13.453005 14.772530 93.621578 
6 698 1331 1996 2219 2636 3439 67.351352 -36.071009 15.630992 -17.221966 -39.759949 -93.105219 
1 296 26.818000 
4 286 815 1573 3037 73.135279 -55.125718 -21.946531 2.128990 
3 1658 2217 2267 40.573520 -4.273775 -59.837283 
7 302 503 684 753 1988 2912 3330 47.849913 54.304374 69.634844 46.344835 -30.024115 -2.384027 -95.908549 
3 2928 2994 3227 9.402972 -50.198788 -68.128908 
2 468 1904 40.347476 44.527316 
2 1638 2233 59.116591 18.600087 
1 2432 -68.542583 
1 3458 -80.509189 
2 1305 3093 -6.171629 72.005068 
3 1733 1793 3316 -11.758581 55.913924 -61.931572 
4 1356 1370 1643 2371 -57.553489 79.300626 -65.862338 45.435702 
4 313 314 1150 2165 -75.121183 -75.516542 -15.019452 -4.882846 
3 887 1203 2078 2.278874 -58.724589 82.565849 
4 108 252 1887 2471 -85.820736 -91.647592 25.232462 -92.606753 
6 138 582 1004 2162 3289 3293 -37.334838 -16.661173 -88.133125 -49.911165 79.368415 53.157374 
3 1523 1825 2660 55.529030 94.776328 12.963428 
5 299 1191 1219 1506 3022 -81.735351 -49.129932 -48.883777 -97.380005 22.587418 
7 577 698 1111 1420 1421 2016 2880 -59.237286 -84.529674 14.316295 28.610844 -60.982538 42.012829 58.728972 
7 281 313 376 670 1135 2238 3461 -33.964667 -63.060002 20.471573 -4.970805 -55.431255 -30.383287 8.918935 
2 466 1715 -62.355087 66.414215 
1 1242 -13.273182 
5 594 1551 1673 2502 3256 -72.858001 -61.489654 62.920264 -49.372465 -11.693308 
3 373 412 2936 -55.800807 96.398697 -28.118227 
3 984 1542 2522 -84.727895 26.931122 -46.987135 
1 2832 -41.562631 
5 445 464 549 2297 3362 32.770588 -93.161192 -54.820404 -64.053153 12.652839 
5 405 522 1375 2303 3428 76.693199 -86.630526 -83.810084 -42.807865 -44.700363 
3 1006 1962 2418 26.911485 -25.716056 29.825652 
4 176 590 1320 1515 56.364089 -5.895986 54.471341 75.975399 
1 1329 -12.899038 
7 1409 1605 2052 2080 2839 2869 3463 17.706870 66.809501 -0.142752 65.668478 96.606273 -77.781791 52.251154 
2 2894 3350 46.241569 -39.295761 
1 1335 6.924218 
3 1577 1815 2446 -66.561279 1.808887 -65.273720 
2 1168 2687 94.963464 14.666450 
4 442 511 2614 3253 88.655807 -2.848378 -61.466824 91.751812 
7 68 1118 1153 2920 2954 3028 3150 5.430315 -30.732538 2.014706 -65.887562 81.300659 -97.043077 88.502650 
1 2211 -99.777896 
2 1401 1445 68.523870 85.934132 
2 1784 2130 -40.975295 26.481910 
3 2769 2965 3247 -30.780852 -80.978770 -66.175496 
1 584 63.757108 
8 177 529 600 1481 2137 2151 2566 2736 5.165352 44.609711 -59.752150 94.682604 98.340854 95.551760 -7.675342 23.773650 
4 1210 2388 2581 3233 39.107815 -28.520600 93.697135 34.521664 
1 1104 76.181937 
2 1856 3283 -94.764366 -43.377993 
4 222 1518 2076 2809 -27.649908 84.288345 75.137514 -50.160790 
4 180 1690 2169 2789 92.824449 26.731478 70.174379 44.272524 
2 2193 3030 -4.849923 72.725882 
3 994 3078 3365 10.773588 -83.841769 99.318981 
7 462 621 817 1015 2377 2691 3432 85.912405 80.899471 23.663007 9.173202 38.914757 98.566789 34.125073 
5 172 423 1484 2488 3355 68.662535 92.443160 47.192135 -41.897283 65.418633 
5 1012 2314 2489 2744 3124 -66.364743 25.056057 23.536590 -70.326642 -31.474287 
4 104 2551 3021 3420 -19.351178 15.062580 -63.117303 35.156623 
5 1002 1902 2509 3041 3162 -30.666339 2.042069 39.759514 -20.404387 -42.552839 
4 796 1630 2217 3052 79.635322 -55.254382 -6.071103 -63.921202 
6 208 250 1217 2569 2848 3267 -41.688108 -33.697937 -58.891450 4.362705 -82.548074 43.765008 
5 222 950 1130 2010 2768 -3.611631 35.627989 20.089251 98.672343 64.902334 
6 818 1191 1333 2371 2392 2892 -33.422303 -51.856986 31.702018 -69.178188 46.350510 -85.131697 
4 816 1186 3012 3179 -76.728167 1.181151 25.501110 3.799606 
1 2587 20.278892 
4 397 1107 1211 2154 -89.073194 7.573088 -98.183258 80.526896 
5 471 1195 1808 2576 2997 39.621186 45.629135 -82.883526 -88.538664 93.201739 
4 297 2103 2836 2923 50.794631 2.829909 -31.194946 -51.598059 
5 43 459 1585 3203 3209 77.691598 -48.769877 -0.292579 29.791553 -47.354058 
7 450 845 1031 1229 1900 2460 3265 93.106280 57.765271 -80.936641 68.168253 73.448100 -64.141858 68.314827 
2 1202 2247 -99.622490 -46.072185 
3 1576 2401 3450 -94.703899 -36.227321 -84.741282 
0 
6 455 808 830 1831 2583 2829 -33.550198 -51.953671 -56.749953 65.380644 -46.365699 39.898660 
4 669 923 1799 2386 25.772955 -56.459687 59.541330 6.274784 
2 220 1382 -83.061764 -41.261468 
3 700 2269 3380 -70.574727 36.870861 -0.064809 
6 145 989 1279 1954 1991 3480 29.797489 48.894578 97.927600 -16.833327 52.808694 -84.546632 
2 55 973 -25.719558 -22.399037 
7 99 923 1071 1931 2464 2664 3354 41.298427 -38.738122 -77.618300 -77.734793 -40.686648 -86.882655 72.683081 
5 442 924 1820 2360 2451 78.925210 -45.901884 84.262774 54.587407 35.067371 
3 809 1017 1057 25.621479 -91.472530 4.546928 
4 531 2579 2918 3187 72.352537 33.491267 -15.026682 66.354837 
5 1463 1840 2942 2984 3162 34.374110 62.490560 39.700436 79.040509 99.191551 
7 131 456 1946 2206 2858 3207 3371 -73.635616 -71.626084 -75.324222 -12.873704 68.398465 -47.639172 -95.293955 
5 762 868 1689 2095 3160 65.392813 11.618029 -39.191797 -13.312591 80.452233 
1 9 34.075707 
3 1917 2907 2949 -93.611270 6.074000 -30.012493 
5 76 311 342 1942 2252 -47.509788 -98.144349 -47.506655 84.313109 -89.458997 
1 3145 -22.765698 
5 1991 2004 2795 2961 3193 -83.459852 -25.750189 6.135239 -82.539758 -93.274715 
5 134 1810 2229 2971 3473 -72.660713 37.662391 -70.806349 56.571706 47.604310 
4 2396 2670 3179 3224 41.647548 78.903937 9.200977 -71.548136 
5 409 1844 2563 2924 3006 -43.627780 -26.721643 -40.533964 78.602460 88.699294 
4 578 1047 1499 1748 -86.330651 -93.432177 -85.840281 17.032001 
3 197 2529 2718 -11.427659 -8.449184 -20.957216 
3 491 1135 1890 -78.990748 12.032844 -81.633847 
5 1617 1887 2203 2214 2240 -65.330310 4.686841 59.632321 46.027343 28.086018 
3 2026 2163 2191 -76.344739 58.979612 -60.761936 
4 1222 1416 1843 3008 -76.822336 82.597762 -76.980448 59.699660 
2 1155 1400 51.002890 -33.867973 
1 2005 14.577157 
5 172 418 894 2451 3438 -28.748259 27.265458 83.110098 23.503384 -94.425875 
4 513 631 719 2114 15.732542 73.125509 -60.328652 -30.771784 
3 1323 1559 2974 73.472966 -12.948501 23.469739 
7 465 616 968 1123 1141 2676 3378 -92.210038 -38.891799 -77.175298 -87.824398 -4.174777 -4.037869 -61.461224 
5 852 1103 1338 2379 2947 -82.204455 -96.051403 2.922278 12.907842 -79.540987 
6 274 636 712 1792 2576 2915 -64.489453 -30.786221 94.156329 13.813806 -15.174092 27.403386 
1 1502 34.271090 
3 1093 2371 2409 35.412470 -1.216461 -73.591172 
5 804 979 1178 1282 1489 -17.000926 42.729307 -12.856208 86.319269 -41.621740 
5 339 394 2101 2619 3299 48.599187 -90.616356 -51.807522 -67.888650 5.414402 
2 2251 2816 59.152212 -36.412522 
4 1167 2499 3008 3026 62.725496 97.366183 -90.746090 42.231175 
6 623 791 815 989 3109 3491 53.478931 59.167795 77.663728 -40.603318 -92.565147 54.115354 
8 846 1052 1218 1586 1637 2780 2848 3155 69.457331 -4.086608 -69.211373 10.364949 -41.748747 -89.905717 17.087496 -3.318518 
2 1192 3268 -33.856659 -71.496724 
1 1730 -63.520460 
4 1359 1993 2751 3219 69.209705 11.203449 51.988628 -94.927700 
3 629 1006 1471 52.209820 -65.273460 47.553710 
2 1067 2176 9.785533 -12.717703 
4 332 1064 1716 2750 -94.486327 -84.346285 -96.441807 31.896553 
2 879 1206 -64.407154 68.942714 
7 51 225 358 1192 3184 3336 3371 27.951090 49.789979 -94.869962 -94.542698 -18.584724 -66.257392 -33.807534 
8 203 542 618 1354 2203 2655 2833 3348 0.623338 -50.282847 12.207591 37.008317 25.603338 31.988769 25.823050 89.978301 
5 1497 1545 1868 2210 2830 58.108339 -61.727508 -37.277129 -0.383542 56.576050 
2 771 3135 -7.944464 -32.545042 
3 571 908 2711 67.820483 87.328295 -22.380383 
3 236 1308 3325 -70.730716 40.910950 -92.328111 
2 738 1617 64.686121 -83.428488 
4 1006 1232 2177 2904 -78.701379 -97.618423 -42.980176 17.282446 
4 153 301 1251 3108 18.622273 -18.677976 -57.955178 73.688296 
2 989 3287 36.269550 -55.992164 
2 1310 1584 -97.830831 30.138080 
3 1312 2877 3493 -68.208433 42.602055 -59.417807 
3 1057 1407 2098 45.305143 -57.150190 20.272431 
5 215 771 2009 2024 2760 -25.109126 -85.112817 4.897178 -48.643447 13.070476 
4 188 778 1214 3217 -36.863833 96.080626 79.087168 12.637184 
2 1338 2241 92.532557 7.007887 
4 354 1889 2096 3174 -15.320362 2.138308 -13.413273 -24.939391 
6 815 2413 2612 2832 2939 3301 -13.276604 42.694147 2.267344 94.200207 34.286692 -13.071047 
2 1365 2766 -74.242219 48.366292 
2 2290 2310 -97.500147 41.928172 
3 1185 2472 3234 -50.255558 15.919267 18.070972 
10 68 521 1339 1342 1559 1666 1753 2080 2090 2145 70.621803 -72.033311 -21.228726 45.009160 -35.988732 18.971929 73.285756 -63.122020 23.488485 -87.999388 
3 768 1503 2418 40.256583 -1.516294 2.187931 
6 477 616 680 1524 2136 2666 20.292335 94.923094 -61.008603 -14.556562 42.585677 28.401388 
2 162 1258 -17.091404 96.418543 
2 497 905 -8.191711 78.955101 
4 1180 1319 2441 3031 18.458036 12.508304 -32.353390 -83.269607 
2 2005 2505 45.256737 -42.858516 
3 2968 3281 3311 99.625403 -52.077232 -15.933291 
2 3177 3378 44.003095 93.431631 
4 1721 1777 2981 3477 -92.642970 15.042517 99.356838 -26.965548 
2 2074 3005 -47.706293 -96.562925 
2 1081 2987 -64.904630 23.458724 
4 104 415 1594 1664 66.331940 -11.341771 -28.678644 29.032763 
0 
4 127 146 200 3034 73.931682 17.739627 -11.414217 -13.041827 
2 1211 2406 56.846416 -18.429669 
3 601 1657 2714 -9.057680 48.279368 12.849409 
4 538 584 1381 2064 -99.932184 -15.116728 33.240151 -5.103820 
3 1289 1988 2300 -50.148059 96.529239 56.967704 
0 
4 723 1403 1700 1890 64.039491 49.982806 50.406796 99.847117 
2 1028 1227 2.871794 33.700396 
2 1517 1583 52.624179 30.805093 
4 307 744 1615 2414 -95.818797 79.649001 89.514907 -64.818484 
3 43 254 390 78.035096 9.925697 -71.447552 
1 645 31.056115 
6 1018 1084 1285 1849 2184 2960 -79.062549 55.484911 62.613678 37.961817 -11.373544 38.588748 
2 1026 1057 -48.610729 -64.001738 
2 35 3277 -85.315726 -53.535350 
4 1024 1560 2230 3492 85.343430 -41.740807 -86.756438 87.242819 
2 50 755 24.313111 49.076391 
5 716 2094 2139 2169 2185 24.056210 41.061228 -99.681828 -40.935604 -55.052174 
8 61 194 666 994 1261 2419 2844 3452 83.997349 28.462744 -18.752230 -97.409680 -70.414918 -70.226046 -39.144033 -88.429543 
3 45 539 2547 -19.527459 26.199374 29.398660 
2 303 1345 -89.039032 40.465258 
1 113 1.431685 
3 1838 3066 3432 42.848170 -35.028244 -78.813419 
2 2637 3231 81.951542 -20.778312 
4 99 1131 3215 3327 77.529177 80.524425 64.969786 -2.230339 
3 176 261 507 62.095283 -95.366260 -63.143392 
5 832 1575 1668 1996 2631 -10.638498 97.012030 93.374710 -99.193195 55.818894 
5 1094 2022 2081 3203 3397 -91.874307 -80.171896 31.580838 5.252707 -53.471646 
3 1686 2470 3299 -63.577238 67.088693 37.689175 
3 1174 1562 1724 89.513074 58.761944 -73.373182 
1 1688 16.892522 
2 246 2020 28.355101 31.731533 
4 218 456 1323 2087 99.212615 -52.631828 70.008580 96.939735 
7 334 551 2231 2507 2859 3003 3110 2.276805 35.994015 28.554463 -13.321077 30.447550 -46.755184 56.287634 
5 205 300 404 2030 3059 -67.387090 81.176233 96.518531 85.546392 -78.553594 
2 404 533 32.395339 38.598600 
5 549 1456 1926 2754 3295 97.652623 -24.432071 52.114381 -47.039902 -24.093754 
5 483 925 1398 2598 2638 38.487485 34.643087 -69.369056 81.647235 54.887197 
3 889 1096 2614 -33.932137 -86.929226 18.067379 
1 901 -36.041388 
2 598 3157 57.081785 10.196460 
1 171 -87.277765 
4 12 791 2167 2282 -89.186200 44.924183 7.098790 -38.187981 
5 880 1487 2287 2971 3242 -72.813698 46.289026 -62.772928 -13.031975 21.408701 
2 200 2257 27.569447 75.820931 
2 401 3318 -66.573540 -36.560588 
2 646 1041 -7.678779 50.347952 
5 435 498 719 1634 1857 32.888547 -93.766227 -68.145546 -84.814466 -3.881113 
2 105 3435 -39.433360 -10.128246 
5 58 221 516 1303 2823 -12.287233 -90.027827 22.314518 -47.289307 99.270141 
2 470 3014 -93.724317 30.963380 
4 1208 1968 2348 3302 -56.405114 -93.475341 -46.058077 -99.172198 
6 142 184 1506 1603 2898 3371 -70.698084 14.338551 6.769710 0.130329 12.437478 -25.966186 
4 126 2646 2940 3106 72.792400 5.377455 18.496460 -34.636818 
4 1337 1861 2031 2842 65.982464 9.838397 -29.311804 59.101389 
3 1211 1896 2125 35.538556 28.454993 -71.609691 
7 131 1135 1308 1359 1678 2280 2537 -96.220151 -76.852930 66.782502 -63.939642 71.744391 49.225626 -12.932055 
4 966 1452 2091 2110 -51.199849 53.153455 -54.318849 -53.556139 
2 1194 3184 -45.807400 65.420785 
1 1005 17.422675 
2 1303 1425 -25.989963 -72.275595 
3 155 276 2796 71.443279 -26.464141 -69.925279 
2 881 2484 71.628339 -91.505661 
5 196 1285 1624 3101 3129 -49.716170 -42.348927 -84.238910 12.741818 16.577278 
3 724 1831 2998 -14.490166 75.918018 -90.741353 
4 326 982 2423 2498 17.278275 22.678947 -61.937341 -33.682206 
4 1028 1898 1947 3305 -39.490007 -98.750335 -50.227708 24.279413 
3 21 187 2337 -78.289113 -88.770088 1.066682 
4 737 1536 1824 2383 -32.913667 -1.449683 36.829961 -69.439355 
3 576 1156 2172 -68.144383 77.908216 88.232951 
4 538 920 1994 2632 -33.103015 87.014877 -92.156145 20.223113 
0 
2 370 1865 50.665305 -15.886789 
2 2066 2580 59.983164 19.611409 
2 1002 1481 -78.723932 30.653165 
3 974 2483 2498 74.466251 -9.054515 34.242962 
1 2615 4.027433 
3 1106 1942 2637 -27.094221 97.584332 56.078215 
1 630 -34.525091 
3 485 744 765 33.651312 68.543561 92.484043 
2 2366 3105 93.468352 -5.233339 
4 990 2293 2949 3157 4.713526 -2.185031 -99.778961 -89.338642 
5 25 51 64 2068 2231 27.594789 -27.195638 -81.428189 38.936047 -19.310220 
5 1138 1419 1673 2299 2545 -53.511456 96.935535 -2.802915 -96.046342 87.048277 
3 704 749 2363 83.944005 48.510314 -2.847014 
5 117 583 1559 2909 3032 62.772393 -83.167410 -79.039424 37.761489 39.068031 
2 3 2360 -62.331945 35.249263 
3 585 1134 3479 62.428471 17.627440 53.259429 
2 190 1537 -2.852363 -40.667736 
7 489 807 1630 1886 2544 2888 2975 -9.733069 -99.516188 52.600796 -67.609117 2.828035 23.285037 -64.546008 
4 1208 1302 3255 3345 -23.351402 52.981144 98.134803 5.415872 
2 1104 2818 5.714475 71.620169 
4 86 216 1197 3048 49.432488 -60.015801 -68.174955 -93.634053 
4 322 937 1181 2529 -90.350338 -23.639798 -47.649728 -6.091632 
3 404 520 1325 -50.540539 97.213762 98.394986 
6 115 793 1266 1840 2072 2935 -29.827266 68.682073 98.203641 9.035858 -71.004811 -83.287625 
5 732 1300 1411 1770 1997 32.341311 99.521066 -0.069936 53.777600 86.413542 
2 2281 2465 93.090506 -92.320463 
2 241 407 -25.017260 -58.007276 
5 261 655 1615 1646 2480 -13.227107 11.453120 -34.194083 -52.163812 -52.746734 
5 368 422 1270 1386 1578 -24.121461 26.878302 -67.647847 67.928957 -72.417585 
7 199 445 478 592 794 1187 2676 59.363191 -81.216829 39.994792 -72.250395 53.240753 -35.311737 -83.380781 
0 
4 725 2155 2300 3361 -44.352381 50.464159 97.005074 9.951852 
3 585 785 1975 1.484833 46.266288 48.820138 
6 643 2464 2934 2999 3317 3433 -54.120069 -89.732863 -44.704724 -82.019912 -99.384188 18.081291 
3 435 1825 2980 48.875640 57.633653 -80.094226 
1 1906 -7.459140 
4 1758 2609 2936 3230 -94.229453 -7.147883 9.654862 24.112287 
5 1128 1680 2157 2810 3492 74.043109 73.697189 -35.125295 74.969412 84.148872 
5 1619 1633 2315 2770 3317 -71.406454 33.298864 -25.431285 -68.508537 98.261369 
1 2953 94.747918 
3 1137 1537 2647 -95.034322 98.918415 10.277387 
2 1757 2954 76.577406 0.272703 
2 676 3271 47.890111 45.348505 
3 994 1720 3167 87.990404 22.515986 53.586640 
3 762 1512 3406 -24.788919 -99.036525 -23.154854 
4 239 1184 1633 3054 22.006689 20.955713 -27.230213 -41.630353 
3 1627 2398 2814 2.205789 -41.925633 78.893670 
4 909 979 2449 3211 58.828288 69.779086 6.200632 97.357309 
1 2025 -64.157693 
5 713 1286 1504 2231 2479 -12.363474 -97.925032 88.621674 -28.442783 53.064598 
5 109 157 1101 2269 2465 -77.586127 25.131682 58.671294 -60.023551 -33.583213 
2 23 337 -3.099214 -67.850621 
3 1101 1927 3117 49.580160 -47.028232 59.495886 
2 77 1542 -94.299790 41.365153 
2 512 695 -32.803141 87.592580 
1 2450 25.163270 
3 851 1201 1876 25.006726 -36.672177 26.334660 
3 663 1370 1519 46.378784 41.969580 -89.214603 
2 1797 2996 44.973209 -18.683984 
2 1715 1729 69.740146 -70.446355 
3 554 836 3086 62.761906 82.325762 77.721243 
2 1111 1233 0.187879 30.449021 
2 734 3290 19.414173 20.740566 
3 129 1785 2591 54.763366 -43.970384 -53.218321 
5 443 1611 1669 1848 2039 1.363548 -44.426064 -65.448582 -19.607717 -8.491528 
3 863 1738 2090 -96.549254 -86.999208 -71.861835 
1 2567 -6.591848 
2 613 1137 94.197108 -41.346270 
5 1408 2211 2437 2452 2609 -22.482429 -43.051935 -37.026373 -32.052554 -18.705201 
1 2302 -89.993602 
4 61 2583 2748 3246 -70.704624 -79.645037 -27.525420 47.837788 
5 139 845 2601 2686 2902 26.164465 -79.370303 -93.206141 49.775005 -56.277517 
1 995 -62.306078 
2 2905 3199 48.742990 57.981001 
5 2450 2855 3063 3242 3256 42.457736 -7.344008 -1.266453 55.246624 -20.008007 
3 606 2617 2795 28.877631 -92.405281 57.840779 
1 2748 8.742302 
3 2008 2203 2932 66.375311 -67.322047 -5.362459 
5 88 574 2573 2881 2937 -66.014425 9.331971 44.509920 89.762020 -49.282495 
2 1139 3388 2.552330 -5.178665 
3 1457 1729 3378 16.078349 36.607779 51.313756 
4 904 1348 2379 2474 37.435537 -98.285219 87.167662 -6.232708 
4 122 2226 2562 2800 -5.994179 54.675986 -79.255745 -20.020035 
1 3232 -80.177045 
6 863 1276 1658 2724 2808 2940 -27.717280 99.722602 79.523405 45.324298 84.661327 42.896897 
6 539 833 885 1930 2067 2662 14.580891 -90.030413 73.264863 -73.559141 6.065466 95.094664 
2 1215 2364 94.197407 37.709102 
5 758 929 1629 2460 3167 54.157994 -99.441461 -59.612336 -40.763377 9.954498 
6 248 337 1757 2213 2739 3347 -9.733204 21.368873 0.641845 59.527927 -7.564915 -75.180774 
2 291 2269 -19.734829 -46.090078 
7 837 1432 1662 2166 2837 2938 3453 -17.911799 19.112532 -46.444723 78.425190 74.063099 68.937253 -91.479311 
4 248 1026 1158 3240 -88.263138 -44.299835 73.017197 -63.539824 
5 162 1099 2977 2996 3456 -56.339556 -42.443917 93.517488 -88.448486 -57.168616 
6 29 798 1191 1876 2623 2669 -35.715737 60.890129 66.622325 3.913054 35.281731 -13.955656 
5 1342 1622 1653 2123 2976 -94.356745 -31.912539 9.646649 -12.421959 -28.014125 
5 69 646 894 1213 1439 63.230000 -98.357710 -45.328503 37.889247 -83.217172 
3 1357 1841 2364 19.922278 -67.789655 60.161358 
3 1218 1705 2397 -44.373912 -24.388181 -66.354968 
4 678 802 3396 3407 4.605401 -39.812176 52.325056 -11.835894 
4 302 1593 2858 3329 57.105001 -68.828270 63.161379 14.360507 
2 721 1621 -92.594909 67.522792 
3 1030 1370 3257 38.498002 49.062194 -44.170230 
4 796 852 1648 2050 -2.083048 -60.688998 -32.744917 -58.122472 
3 1272 1583 2593 -43.408322 23.997335 92.410400 
5 60 432 1644 2414 2730 -55.228840 -53.081198 81.391313 -32.154875 -60.834128 
3 190 252 1815 -52.954484 -1.704408 -3.579079 
1 2834 -73.822064 
2 2421 3045 -56.902090 66.371013 
2 1207 3082 -34.557862 60.716630 
9 162 627 683 1415 1688 2416 2577 2806 3057 -89.950723 30.136849 -55.311242 23.705561 67.774109 4.036205 57.073486 69.182520 86.234223 
6 422 1103 1289 1957 2937 3426 -47.151776 67.703843 -19.508169 -82.298662 81.140388 -42.457174 
6 305 682 1878 2227 2915 3352 16.445279 -99.508363 -70.004685 -59.481828 18.123929 62.526715 
1 2975 -28.154295 
6 188 1102 1376 1612 1728 2668 19.123835 49.930410 96.672553 -38.568954 -85.992385 87.459538 
9 874 1227 1405 2074 2184 2243 2816 2867 3118 -26.967340 99.330105 -56.517313 -15.970692 22.627160 0.118408 -61.352035 34.961799 56.173023 
2 286 3107 -37.467937 74.540589 
1 2631 -25.361266 
2 1509 2780 -47.035074 -36.433560 
6 282 723 1894 2948 3058 3281 27.550461 1.488814 74.390626 29.643105 10.672967 12.916851 
2 2463 2787 23.833560 -88.860473 
2 457 2968 -54.959738 -77.639319 
6 195 650 1408 1676 2258 3167 72.269833 9.753287 22.620293 -73.229949 -14.475807 -63.806794 
3 1194 1827 1831 -73.413271 92.623039 -44.922732 
3 199 1357 2697 35.680188 -70.889320 -37.389939 
3 793 2632 2786 -6.014107 15.333064 93.314533 
5 7 1104 2714 2726 2815 -34.121209 -32.163796 37.413799 38.452574 -85.043685 
2 1486 2197 -0.634241 89.900481 
3 766 1639 2664 96.106144 34.412900 -90.862584 
7 257 1993 2813 3125 3402 3452 3490 51.046387 -49.862827 -27.861150 -57.526908 -40.269708 -5.499943 -41.122939 
8 265 861 1962 2083 2104 2842 3174 3437 -40.811937 83.398910 38.825158 0.534245 -4.194958 -9.875532 57.841802 -72.250684 
0 
1 2331 -49.377936 
0 
2 1226 2401 22.242295 -43.667982 
1 356 71.583423 
1 1446 -68.007953 
4 1016 1752 2568 3356 13.874092 62.940527 -76.061676 -65.857263 
4 160 2350 3030 3425 70.605245 -24.976974 -15.332768 -46.550372 
5 1404 1842 2159 2282 2987 96.783414 0.188806 -58.080344 -71.083870 66.278157 
5 827 2085 2676 2858 3213 -24.864043 62.033134 -99.282915 -13.412454 -98.685678 
9 105 560 1165 1185 1371 1622 1667 2058 2292 -62.864059 66.998281 61.119085 60.742719 -64.072593 -76.303207 4.427274 -33.903203 9.748164 
0 
4 1038 1961 2801 3342 -2.277701 18.471446 51.289403 -46.802742 
1 2617 41.890210 
3 73 547 3023 -26.286871 16.647376 31.389562 
2 500 1137 60.539138 1.592596 
6 1519 2317 2326 2503 2725 3160 -59.554847 79.498085 19.637007 20.575089 52.164593 62.506981 
6 1561 1714 1807 1931 2093 2648 -91.200911 -6.432895 -58.677456 -41.245535 36.600046 21.948864 
2 1143 2688 -56.808744 -97.093889 
1 826 48.654194 
1 2915 -27.505591 
4 183 743 2554 3359 -70.147921 -99.335418 -33.554624 47.948725 
4 1359 1647 1693 3416 -25.923145 42.089216 -14.933244 31.721815 
4 211 874 1315 1980 -35.272635 -17.406667 -98.746511 16.429302 
7 93 397 465 478 730 1621 2922 80.380470 70.252484 38.574024 -87.455660 -46.858334 -41.613618 8.300205 
3 874 1954 2836 -55.762649 53.391137 -64.854715 
1 3016 97.620628 
5 735 1318 1580 2195 3082 79.403122 -24.771002 -79.758656 -3.645428 27.914389 
6 748 813 2315 2436 2911 2932 -98.176095 -4.173397 -0.527292 76.791074 38.248392 95.700625 
2 974 2020 77.488901 -50.261831 
3 1291 2219 3102 -8.207206 -7.313093 -15.277138 
3 1422 1534 2432 64.148036 -75.323122 38.216837 
4 1987 2270 2532 3486 86.532797 -29.581760 29.092797 17.617191 
5 144 194 1146 1401 1997 -22.093485 60.099022 85.644921 57.933457 26.799025 
2 91 1373 -2.124376 -93.609562 
3 195 372 2710 1.597559 21.624766 -41.552754 
6 85 497 603 2371 2562 2804 -82.829354 -55.872487 -97.331699 -50.500477 -62.275079 4.695127 
2 511 686 98.421842 58.285177 
3 603 1817 3435 16.512942 -91.346392 95.067314 
2 407 1452 -13.390610 -94.573521 
3 148 1117 2351 13.460090 84.539957 39.741484 
9 129 257 371 705 928 936 1140 1945 2851 13.999287 -2.320851 -34.819354 -96.503006 69.338971 50.006466 -36.395923 -18.954826 45.770790 
3 185 506 3475 -80.990718 -32.397556 27.654863 
3 383 2009 3152 36.789908 -88.653068 -29.970346 
2 1542 2689 -82.739798 51.784010 
3 952 1403 3139 -77.031076 -69.892849 12.811870 
4 1701 2248 2345 3294 -72.385965 -42.801675 96.817376 78.516363 
6 701 1096 1667 2041 3087 3291 -12.399437 44.917180 -79.906203 15.364188 1.032488 -31.180586 
3 341 588 1779 -7.839814 8.488607 26.619756 
2 322 1992 30.595784 -65.521205 
5 179 622 1019 2608 2876 -13.746902 -90.549423 20.954631 44.102612 -38.322695 
3 558 1135 3486 -38.286052 -82.854714 25.954904 
3 101 2864 3097 47.900931 4.415543 23.824370 
2 3041 3331 80.409593 26.694922 
2 154 1174 -70.661881 -75.449686 
4 2010 2021 2497 3004 -55.708550 28.877950 88.921778 31.960839 
3 761 2063 2505 -40.515946 90.172548 68.063884 
1 2030 38.867220 
3 81 1699 2164 -63.262570 39.176037 -10.795186 
3 788 2291 3376 48.612095 96.778718 94.451939 
3 1171 2316 2996 -79.366523 -46.151766 73.828402 
1 1658 -18.950512 
4 369 1257 1620 2586 54.894008 -5.388506 6.621892 -93.718541 
2 718 3490 -83.906736 -7.572091 
9 262 943 2108 2268 2860 3010 3332 3449 3464 -15.995687 -73.403244 94.427114 23.652430 -53.962999 73.427067 84.462571 -82.297784 -68.772421 
6 99 1594 1630 2512 2655 3254 8.157098 58.487468 -67.078166 67.944698 -70.926039 -87.841115 
6 279 302 1155 1991 2037 3371 -69.914642 -54.765124 42.092525 -24.455845 72.737473 95.861929 
4 334 676 956 1790 -18.725870 -2.984105 9.006713 -99.584817 
3 64 928 2354 -39.042678 7.071643 -17.436508 
2 1354 3464 81.404739 58.515780 
3 596 1169 3488 -28.871057 -72.020758 54.020603 
3 1653 2848 3463 -94.755488 -61.048126 32.740600 
6 550 613 1690 1840 3369 3438 38.826205 -2.708135 95.034314 -34.799983 60.306106 13.512900 
4 543 930 1558 2232 78.683174 83.176744 41.598732 52.707930 
5 810 1195 2971 3315 3354 -25.932927 61.113035 -9.077131 75.898641 -67.692335 
6 243 621 871 1012 2765 2893 97.447248 27.178917 -4.778439 61.339876 -82.092649 -63.512911 
3 466 2245 2447 69.218509 -90.051225 -27.908997 
2 50 762 -40.160059 83.375440 
3 991 2525 2832 86.105650 21.619557 -15.185488 
2 1871 2424 33.902163 48.236068 
1 1412 96.156199 
5 322 1908 2065 2680 3308 29.562395 -30.882266 38.526099 -46.977420 63.994698 
4 48 93 1083 1845 4.443742 10.097402 59.621425 16.622169 
0 
5 277 353 2264 2336 2933 -79.000298 -66.175468 57.988702 24.347207 74.293841 
2 2694 3266 99.484429 0.543543 
3 385 1289 2965 59.655485 24.489956 -73.620647 
5 86 1069 1865 2140 3342 90.590014 40.357183 57.044409 57.658620 84.752428 
5 19 498 1076 1880 2205 -70.720468 -80.935834 -40.986087 -22.127907 29.967970 
6 704 927 1872 3184 3211 3214 72.255160 -99.814112 -16.757327 82.391696 82.071359 39.512047 
4 1210 1453 2736 3144 -32.635244 8.468745 75.515449 -76.721685 
2 2207 2792 30.545475 -36.794402 
5 224 1227 1736 1845 2384 92.952419 37.259953 -71.739732 -72.683890 10.934678 
4 22 532 1209 1652 93.651307 -92.401047 59.113534 -9.990067 
7 0 180 1090 2186 2343 2466 3409 -64.243780 -21.384733 -48.404693 97.872757 -90.300274 -57.397483 45.474707 
4 1161 1502 1954 2426 5.765324 -58.850024 -24.762491 16.498725 
5 628 1937 2044 2651 2796 -44.914740 62.611420 -39.696325 14.365456 -65.668049 
6 113 2143 2781 3245 3475 3488 28.187434 59.838466 18.187277 47.218447 -38.149498 -61.996241 
3 970 2632 3484 -69.640575 -22.345859 6.984626 
2 903 2428 52.064299 -6.946722 
2 1256 2915 35.815408 -50.263360 
2 664 1574 -98.288566 51.543716 
4 1140 1738 3059 3471 -23.675169 -41.622512 -17.635873 36.209301 
3 2331 2986 3097 -79.566744 45.662815 6.645118 
5 306 1246 2437 3008 3253 56.599416 55.318078 -61.880994 54.894093 95.062048 
2 17 1190 21.304415 92.095856 
6 443 467 536 1098 2279 3456 -96.421643 -61.699976 -76.791121 22.899055 67.329386 73.329909 
3 2521 3101 3164 -19.022147 -70.028552 -26.340722 
2 500 3348 -16.097618 51.358956 
6 491 2001 2501 2551 2578 3246 -84.556202 -50.080074 -28.301970 -54.754786 -1.276430 32.636710 
2 269 527 -71.648177 -18.670118 
1 410 26.671810 
3 1442 1671 3422 77.678635 84.252595 -65.548643 
3 1444 2115 2141 14.069435 -36.323255 70.771937 
4 150 1913 2748 2810 18.934814 -43.503153 88.140526 -48.440836 
1 1972 -0.994772 
7 121 192 498 1951 2303 2483 2749 27.619984 -48.250295 -35.971304 42.297109 -21.307549 33.601425 -83.424654 
4 436 440 2641 3455 23.503084 18.727866 -84.939163 -86.031551 
6 28 196 2043 2475 2594 2611 87.290465 32.965578 -50.850666 78.764054 -19.644904 96.493192 
2 1847 2925 20.156795 22.815434 
1 3448 -41.648851 
7 138 746 847 1314 1661 2027 2554 -47.515523 94.363804 -4.672892 -47.430368 69.825249 -68.516560 -22.854498 
4 160 2754 2801 3454 -99.233985 11.512851 93.011734 -7.205083 
3 1306 1824 3197 -46.928374 36.865096 -30.114250 
3 749 1069 3496 45.362709 -77.649648 -22.061662 
3 60 312 1167 64.096771 -32.070104 78.634515 
4 1321 2998 3033 3478 56.544867 -35.143710 79.200395 -63.945671 
3 713 785 2029 51.153106 2.120159 -15.064643 
2 1067 1421 -71.317945 37.125907 
1 2857 -47.270433 
6 388 1377 1636 2154 2504 3444 -56.046574 -63.375445 63.455183 44.362587 28.070028 -43.237262 
1 1572 15.426432 
6 811 1086 1864 2057 2192 2254 -22.155610 -78.448468 -76.869890 -67.249483 54.201032 63.107022 
7 609 1597 1807 1891 1920 2766 2811 -49.667919 7.554671 57.148378 -67.704259 -81.071641 -23.328150 -66.656244 
0 
5 282 1562 1766 2051 2276 -19.419374 60.432791 -45.510004 16.526179 -6.800288 
0 
3 44 2730 2872 -90.976149 99.603661 52.200020 
2 748 2374 -94.680272 -71.700795 
5 1402 2166 2223 3209 3217 81.705151 -49.261889 -36.048036 -91.714522 -21.084266 
3 364 577 2900 70.477615 55.973741 -13.975480 
3 317 578 1868 -3.324687 -99.526323 -3.458769 
2 1247 3461 -64.225069 16.789699 
4 238 1480 1696 1839 -96.113248 -86.677976 -31.870294 24.553854 
2 2146 3310 -13.116995 -14.787443 
1 2389 8.637214 
2 520 3130 32.205386 -54.406142 
3 179 660 1010 -17.502627 -38.062355 44.437511 
3 676 963 2622 -93.610175 64.165592 -45.055545 
7 40 134 700 1130 1438 1655 2355 2.340460 17.094240 93.395623 -37.947559 -40.790111 72.807228 67.600095 
5 1170 1421 2009 2962 3324 -13.996789 53.121198 28.848164 15.670672 -22.370542 
5 86 592 1169 1849 2534 -0.808288 18.534614 -31.152763 -32.733774 -14.018985 
2 287 3237 -24.776617 58.069238 
4 126 872 929 3076 36.885649 60.114784 -3.919446 44.222564 
2 309 849 -17.524058 -13.976927 
6 307 801 1199 1709 2306 3475 58.041840 2.745586 -41.558077 81.387580 -74.895235 46.571071 
5 489 618 1513 1839 3153 89.299790 21.289284 -42.523554 -3.736216 -80.297870 
2 1015 1947 -53.092752 -38.990628 
7 38 721 1076 1222 1861 2946 3039 17.888443 93.712023 43.491414 -27.633641 -36.265063 88.152840 -4.940539 
2 1341 1723 -14.133337 -87.917252 
2 899 3411 -66.648424 94.221443 
5 2307 2586 2879 2950 3416 99.038936 14.861201 -15.489173 -25.228288 90.758072 
6 165 576 814 876 995 3020 2.399031 55.246615 -10.792272 7.539441 94.277066 61.989465 
0 
3 1356 2628 2807 -15.218234 -62.289025 14.976829 
2 1720 1784 -17.242857 91.206731 
6 1365 1598 2571 2781 2853 3280 76.969734 51.831768 78.216822 -64.586110 -61.341408 99.468788 
1 2234 -45.679018 
5 1088 1161 1724 3051 3317 64.911408 -85.373543 61.568366 52.079181 28.606787 
1 2732 22.429889 
5 132 537 604 834 1088 45.181521 -6.446408 -10.507843 39.881996 -90.834405 
4 649 1333 2942 3424 85.125722 -54.059206 -35.887591 -88.990712 
2 342 1739 -80.272938 78.069500 
4 1448 1481 2047 2849 83.009749 57.118910 38.203915 82.308678 
3 878 1601 2744 26.454163 94.353414 18.977963 
5 2 1647 3027 3252 3449 21.158291 97.428109 -16.135873 87.528845 -77.688145 
4 158 1753 1787 2622 -89.076105 -20.037802 86.011080 -4.904763 
1 365 63.510552 
3 88 2515 3043 -35.201095 86.250524 -17.558978 
5 487 716 1348 3004 3480 53.219518 32.711453 -95.906831 50.218617 -9.317341 
3 836 2090 3220 -73.811253 -52.287564 43.765026 
3 509 852 3266 80.885463 90.887482 19.210233 
4 136 276 1063 3436 -36.270830 62.064992 -21.220870 -55.041569 
5 764 1525 1655 1694 2898 66.489528 -53.351826 44.968328 -69.524407 -82.924294 
3 355 2518 3381 5.947957 60.741433 97.385683 
4 152 598 603 672 -92.092443 -0.858668 67.621767 15.658763 
3 883 1636 1960 -18.158200 -40.534816 98.977543 
2 994 3432 3.287691 93.618924 
2 1699 2453 -70.170546 64.240123 
2 457 1824 67.761604 -82.008563 
4 51 401 896 1172 -42.864553 92.813284 3.200681 32.119702 
1 3251 41.531658 
3 982 1858 2030 41.183617 -45.507393 46.500098 
2 2225 2743 -58.646248 94.390203 
2 634 1571 29.611595 3.985870 
8 286 479 981 1364 2126 2181 2331 2746 59.037898 -64.040328 -94.723637 -97.107985 34.297619 32.824144 37.784261 36.064761 
2 748 1904 -28.974933 17.345354 
2 741 3151 72.878318 54.171572 
1 439 32.139233 
1 3299 71.775384 
3 1484 2635 2833 58.679730 -20.521814 95.157664 
3 44 1124 2182 -36.750567 -84.271747 7.378357 
2 1785 2977 42.687933 75.247771 
4 492 884 960 1651 -10.888158 84.309339 -56.617643 6.304146 
3 478 2413 2801 28.327796 29.568082 78.891860 
3 565 898 2214 -36.044652 -35.538922 -70.747332 
2 1511 3461 28.633964 88.696426 
7 325 1296 1645 2011 2126 2945 3430 -92.773448 10.301115 -84.528196 64.310331 40.396707 -83.787769 22.610165 
1 2458 70.252671 
3 756 2939 3468 -57.362569 -82.549416 -21.036430 
1 1475 31.497525 
5 131 519 1270 1962 3456 -82.420009 79.149690 39.917998 -66.834181 -2.121965 
4 965 2647 3260 3438 80.424449 10.520270 -49.489376 -95.685447 
4 1097 2010 2107 2896 -77.972259 7.470160 -89.356833 -37.183439 
5 621 699 1128 3130 3166 23.469110 -67.646598 0.593444 -55.068816 -66.925302 
3 126 1450 2654 -92.685445 -55.083105 -35.782640 
3 1696 1751 1887 -45.151218 87.002438 -51.315014 
4 182 1157 2043 2509 5.439082 -9.192587 -55.480995 22.254815 
4 242 1698 3221 3432 -40.389759 -86.713984 5.402654 -84.973702 
2 667 1687 -91.474276 43.671780 
3 752 1046 1292 -53.849685 -87.443946 -33.102142 
3 465 2863 3182 39.075291 34.342684 -32.137147 
5 648 803 1783 1807 2903 30.132421 -44.856208 -73.528811 -32.560719 -6.940536 
2 1610 3012 65.317505 -39.389214 
1 2184 70.757746 
4 356 709 1545 3168 37.447733 54.185654 -76.465865 -19.267216 
2 1807 2468 -15.097184 38.801452 
3 634 2600 2921 -64.514235 -0.802559 -41.461827 
3 77 585 645 22.448730 -71.976898 75.082441 
4 602 720 1025 1970 -86.659493 -90.617546 49.486701 19.768351 
5 46 272 1329 1691 2770 13.287080 72.213808 98.508796 0.630850 69.925571 
2 1594 2416 26.684137 12.990173 
2 1682 2578 12.697533 -76.538923 
6 668 1524 1541 1746 2657 3237 -16.852489 -3.408044 49.728050 -57.293428 6.346037 1.228485 
0 
3 331 2421 3088 -4.098394 77.881552 23.406113 
5 885 968 2038 2744 2980 76.124194 50.923003 27.864562 42.103421 -78.144324 
6 360 1273 1517 2532 3025 3108 -51.500785 74.639113 91.587286 -73.790812 -64.417527 -90.601649 
3 811 1593 2957 -0.853068 -59.167422 82.324798 
4 1648 2445 3004 3024 -60.708380 30.879706 54.075429 52.974821 
3 735 3197 3340 61.262424 73.394722 73.522671 
11 319 363 697 1154 1201 1785 2000 2106 2325 2545 3451 -89.079457 -42.635482 -38.674526 42.275895 -26.818577 96.855764 -76.165851 -26.034932 -5.505000 33.548009 -2.801624 
4 525 1362 2151 3480 21.594859 87.021435 -74.923901 -63.182349 
2 1243 2867 -76.161023 19.482859 
0 
3 710 1637 2324 43.919858 -57.251196 -18.930434 
0 
6 266 1245 1705 2232 2330 3245 -5.108070 57.155498 -42.853398 44.562264 -4.777339 45.318033 
2 1482 2797 -7.030011 37.452779 
4 165 329 1647 3220 -62.607574 -99.452993 88.336386 71.787664 
2 1529 2279 -10.678876 97.509034 
6 1111 1306 1554 3088 3198 3429 -30.642866 1.950669 7.569878 -5.057793 -82.159298 -98.205723 
3 1225 2355 2364 -17.657761 36.310002 61.495412 
6 330 468 1062 1131 2445 2762 -9.080589 -40.775861 60.456342 40.504711 83.320419 38.020347 
2 298 3275 8.801314 29.515662 
4 1657 2662 3179 3418 -87.841653 -68.409452 -98.575227 10.609910 
4 1563 1565 1658 3486 7.939140 44.172188 22.143837 -30.022892 
2 840 2106 -99.522016 -63.745751 
2 1256 2911 -48.907597 13.136950 
3 815 1223 1950 85.577707 -14.142768 32.265972 
2 1789 2184 78.189668 93.816022 
3 401 2303 2808 0.619563 -74.052031 -19.005225 
4 1217 1686 2508 2622 -48.715973 19.147370 53.312970 52.285074 
6 12 233 375 1075 2325 3065 25.339433 -34.522625 -82.859794 13.716307 36.720803 55.402304 
1 3032 -56.685059 
6 341 1174 1455 1560 2607 3133 -29.925077 -46.560411 -53.952527 -74.560654 20.594964 7.028913 
6 142 230 1800 2092 2278 2526 85.996566 99.012847 92.707577 -91.560557 77.844494 59.703499 
3 562 1249 1983 -22.539091 85.103323 -85.834071 
3 202 2157 3033 70.047722 60.953247 -67.802794 
2 36 2525 -62.483397 -90.619806 
2 2016 2957 20.849376 85.833681 
4 73 592 788 2742 -27.537551 -18.949720 -27.291515 17.224566 
4 969 1547 2174 3318 -91.855155 -21.749777 9.886827 -52.317488 
3 2454 2529 2608 99.442427 12.583308 62.235216 
4 1095 1856 2140 3166 27.765493 3.449840 -79.515263 -28.887916 
0 
5 163 1243 1416 1474 3029 -27.157250 20.417199 -38.608140 85.966716 64.803055 
2 2124 2593 -23.626537 -57.994758 
3 1075 2566 2751 -44.422177 -21.049087 -26.313508 
3 1360 1640 3096 55.629145 -25.879526 79.272010 
5 309 379 2136 2667 3272 -19.974611 -12.280274 -44.095589 -75.263527 29.213926 
7 692 1230 1281 2406 2608 2705 2749 -23.431059 -71.454433 -52.883294 10.198770 -91.460958 3.952505 72.235721 
9 55 691 2556 2626 2929 3098 3131 3190 3267 -10.423370 -6.023232 47.842105 85.044193 16.086839 69.381772 -49.523062 34.804725 -45.414340 
3 1479 1812 2655 -65.557832 -96.585837 -48.224963 
1 1971 -38.367538 
0 
6 112 2362 2909 3253 3349 3416 -64.075761 -89.176221 52.978706 -58.504399 -34.219182 -80.664359 
2 602 3425 -20.893023 -57.419343 
1 868 -23.361988 
3 2139 2587 3112 29.226900 -81.071641 3.149333 
5 1130 1538 1700 1992 3468 -68.356443 81.787711 -24.251404 18.725127 -47.842484 
2 2852 3304 4.441693 8.003577 
2 103 2431 -1.968931 -56.752082 
6 627 2181 2229 2259 2283 2393 -48.918391 -60.497700 -0.943733 -87.344032 90.277347 -73.632610 
3 123 1187 3280 86.389474 8.632604 -35.148265 
5 522 1185 2078 2263 3081 -35.797309 -74.982892 39.304038 -29.153902 97.227769 
4 735 1177 1879 2521 -54.059779 59.309756 -66.985911 50.384316 
3 115 147 2823 -42.414150 54.329942 46.313648 
2 121 301 -46.110513 8.665138 
8 259 887 966 1222 1763 1785 2410 3274 -62.072157 86.635976 -81.280151 24.315323 -90.527995 -13.249281 -71.204167 96.364686 
3 350 1478 1795 -79.174004 81.561754 -48.508688 
7 119 771 958 1103 1532 2014 3060 71.397766 -98.994788 -67.486762 -21.804752 59.792500 -2.894691 -83.765093 
2 2059 2724 -53.814110 -34.071531 
2 380 2025 63.514434 -56.028170 
2 940 1600 -42.124778 51.945610 
0 
2 1110 2197 -59.584723 -95.769804 
3 276 1138 2334 -71.330078 1.390017 84.352666 
3 818 2875 3150 -53.782914 -70.592573 -92.390623 
2 1004 2416 -30.408617 21.254774 
0 
3 700 960 3276 67.424012 -17.916314 -33.937282 
3 22 2629 3166 31.330864 62.804088 81.000012 
7 1145 1801 1886 2432 2812 3217 3443 90.931261 -84.067142 -15.621238 58.206144 2.577057 -76.794385 38.140653 
4 353 1910 2263 2546 -19.566137 -69.837777 21.767254 30.997108 
7 413 461 978 2212 2269 2355 3088 -81.964481 88.460370 4.469772 23.525709 54.461655 -41.042302 -43.296808 
