5000 5000
6 407 492 754 3262 3264 3547 -59.035150 -4.206975 -52.393977 -9.495099 46.756798 -9.163973 
5 207 3546 3613 3730 4775 60.737807 86.466639 -1.734344 -23.283610 -91.572537 
2 1814 3082 -6.536365 25.535239 
3 126 1166 2988 -58.997113 -47.834709 -73.592740 
3 147 409 2799 -53.876284 52.371661 39.739440 
3 2622 2831 3583 -32.839994 -58.852317 18.672503 
6 301 985 3404 4228 4380 4600 -42.636746 -90.464534 68.550698 -49.104077 97.479659 -59.020440 
2 3576 4325 3.074893 76.030166 
2 4311 4984 72.540412 -89.523685 
6 199 319 1973 2417 2990 4616 11.536569 29.076341 11.211846 52.223093 -68.941847 3.217416 
5 263 1147 2001 2713 3777 -15.176678 46.611828 61.284495 -26.036449 69.541454 
4 886 1628 2572 3356 0.460577 -1.626103 -42.523392 -64.760517 
3 2047 2739 4724 1.848623 -9.404312 67.476519 
3 14 1925 4094 -76.356305 23.461773 28.367123 
4 479 1858 3547 4203 -50.034879 42.016826 51.918196 -13.897840 
3 2463 3005 4802 76.392292 18.181815 -74.599149 
6 998 1496 1863 2012 3285 4210 -65.331094 2.267315 -97.387059 47.060538 26.372866 -61.237611 
5 938 1099 1337 1418 2178 -40.410218 96.539020 -72.245027 57.555247 -51.382806 
4 606 1755 2731 4444 -7.646005 5.995554 -37.877772 -5.968716 
6 929 971 2360 2387 2559 3532 -1.367854 20.817825 -65.170318 41.881656 -91.951061 -85.756658 
9 709 721 1481 1533 2192 3812 4272 4595 4778 -41.536395 -84.556114 65.570723 56.968568 55.694610 28.382964 9.431010 -82.797749 44.896702 
8 26 1351 1682 2429 3085 3109 3445 3595 84.249885 97.687216 -74.270026 93.782278 9.396245 -55.157285 -22.826667 41.825617 
6 577 1854 3657 4011 4342 4490 83.490431 -59.510802 -94.062013 -56.210266 -63.859254 -80.861642 
13 25 147 559 786 1112 1651 1892 3465 3733 4028 4337 4607 4991 -67.895113 48.012947 -87.490288 27.343904 -80.216570 -47.294167 -47.193434 -82.108755 42.875715 62.942626 83.575121 78.928752 52.176968 
4 1307 2308 2602 3049 -29.548520 84.200146 53.770058 -3.660524 
6 329 567 993 2143 2332 4945 -49.417944 -66.595533 0.129212 60.525358 -49.944370 -90.043549 
5 515 1003 1348 2698 4604 75.092804 39.636190 23.239126 -83.324221 -44.859630 
7 108 834 1532 1545 1961 2271 2937 35.479362 23.254019 -60.197686 3.546578 -98.577364 -83.005165 16.981386 
2 1733 2298 0.283671 -39.232250 
5 909 1624 1854 2970 4337 22.546176 -74.799861 -14.034472 42.994466 90.315498 
2 51 743 58.242551 40.740436 
3 173 759 3119 -25.148878 80.603325 32.390345 
4 60 1358 1848 4184 -89.306839 94.993957 54.921482 75.872056 
2 1277 4181 90.466291 69.390767 
6 171 1252 1270 1384 1892 1988 41.238766 71.399790 9.845050 26.568299 31.976257 28.993410 
8 431 2045 2277 2580 2719 2809 2841 4747 58.289964 -82.190833 28.268889 76.331270 73.286201 79.091622 -64.111171 -59.970631 
3 463 2190 2628 -98.223663 40.078242 -46.398927 
5 2382 2393 3394 3871 4126 79.165452 89.932476 14.717328 56.708249 -54.546261 
4 1547 3232 3656 4313 -46.468294 -16.367777 94.738234 -68.068998 
4 556 1458 1555 2564 -30.623148 46.748800 51.532271 58.690634 
4 123 584 774 1363 78.551735 -90.526084 -72.876255 35.845592 
6 96 313 2230 3057 4109 4141 -19.349853 -82.454483 84.355809 -97.366383 -31.679878 20.354572 
4 491 980 1743 3990 92.875742 -18.189212 19.364867 -20.034816 
3 184 705 1708 81.173882 -85.846644 -54.941914 
4 640 2445 2605 3077 -47.353760 -31.775006 -75.785107 3.766981 
3 3143 3395 4471 -88.682517 -99.884166 -48.420692 
5 639 1326 2453 4121 4935 -79.292505 -80.737505 0.780000 51.484692 80.632773 
4 1046 1973 3187 4300 54.252733 -15.613833 86.169812 71.029387 
4 558 1376 4611 4834 -13.648178 35.608782 -20.835852 44.701873 
6 1130 1868 1904 2809 3688 3961 44.274636 95.917543 0.626966 58.979178 97.506316 37.739058 
6 886 1926 3574 3627 4778 4889 -10.851575 10.470199 -90.170925 -82.357418 -93.020980 83.538894 
6 510 682 920 1653 2756 4502 -84.137198 -75.889159 18.183238 -29.971749 -36.138480 -70.601040 
1 4913 -11.776717 
8 459 621 836 1457 2334 3257 4448 4914 56.475995 -55.838765 -22.851167 73.518866 21.698574 -58.824865 -77.281311 92.009087 
8 242 1590 2152 2892 3041 3409 3970 4384 79.098841 41.558968 40.607539 -68.400715 21.443142 62.287840 -46.600320 17.620641 
7 157 428 934 1125 3300 3393 3452 -16.805455 94.977544 62.221108 -42.407156 46.040399 -74.963500 -53.242968 
8 586 984 1116 1924 2263 2310 3763 3799 -48.861632 96.224306 -77.069110 20.717701 38.391687 58.298777 -31.137684 99.897410 
5 1427 2222 2983 3927 3949 -75.428379 91.109059 -87.156775 -65.117942 -30.638910 
3 2456 2816 4968 97.175398 85.716063 91.505084 
9 909 1019 1591 1606 1697 2748 2793 3434 4057 -6.926586 1.656720 -58.693712 45.445374 2.250340 91.812506 90.121445 94.229739 66.380964 
2 578 4621 15.918982 3.754154 
7 920 1541 2080 2310 2722 3344 3930 2.982527 -33.349572 -83.126361 69.621490 -97.791634 17.567024 -79.219456 
4 536 2695 3508 4904 87.885735 -75.433307 66.354535 -55.346675 
3 3216 4357 4440 76.587951 -1.955616 -62.241325 
5 176 1307 2759 4283 4962 -64.541775 -37.927512 -10.156868 -58.560228 47.845821 
5 69 977 1075 2439 2679 -41.420982 74.320242 51.629919 16.324494 -98.973903 
6 563 1415 2417 2795 3657 4883 89.469509 -65.824544 -74.964074 -65.738110 -17.557006 14.009775 
5 2 162 1123 3567 4173 86.832867 -32.806629 26.760142 -96.848182 61.852084 
3 323 1323 3778 -90.720174 -9.376979 47.876576 
5 231 3526 3590 3779 4639 -73.569349 -98.630732 -33.014588 -70.289492 -21.042449 
6 829 1715 4037 4103 4533 4708 38.664016 70.241634 -76.086769 -0.719080 0.348450 98.739858 
3 725 1988 3467 66.120027 -30.919211 5.120681 
8 1328 1871 1910 2055 3874 4142 4722 4807 63.139708 -89.397789 52.987120 72.576306 -19.696850 0.589802 37.220546 82.192332 
5 1164 2067 2454 2927 3533 -5.787577 67.375585 -47.374555 41.786141 89.868070 
5 413 534 1081 2910 3483 99.176915 -19.641986 58.386924 -99.429485 -15.662607 
1 4489 34.157255 
4 2601 3166 3774 4777 60.078483 20.442032 -80.622266 -3.730191 
5 1490 1558 1946 2870 3528 73.187859 -25.543817 -75.528031 -83.152358 -28.534632 
8 455 1014 1203 1211 3421 3450 4061 4085 -50.996767 13.568790 30.495643 -96.320004 -9.473941 67.795960 63.936481 -80.282969 
4 1568 1783 2828 2872 25.350704 -28.019283 -43.324191 85.601122 
6 1777 2424 2486 3266 3981 4275 87.697568 -76.530626 -18.442401 52.575199 -73.239472 -37.797392 
5 898 2025 3680 4087 4643 -1.963551 20.648316 -91.975269 15.660674 -82.512141 
5 902 949 1254 3908 4706 70.454356 -90.850254 22.306976 76.411952 -52.251886 
3 1531 4296 4422 -46.669811 -41.499392 38.520769 
2 946 1674 59.714632 4.835725 
4 838 1298 1435 4399 31.132841 24.605276 93.715500 39.432754 
5 356 1935 2911 3238 4915 50.315274 -96.637227 67.367856 21.177079 -96.683456 
11 1554 1956 2903 2973 3017 3477 3482 4091 4277 4469 4941 25.949968 -29.776470 -33.816090 -81.524028 -3.042234 -74.163854 88.034295 81.566555 77.542989 -75.531279 59.658487 
4 656 1384 2876 3814 -25.385046 -30.153578 -94.037623 5.210350 
4 33 793 2656 3491 -58.653911 30.125263 59.919081 -29.014459 
1 2944 93.897096 
7 569 1889 2790 3260 3290 3876 4870 93.782164 51.834268 0.081046 -23.401750 89.889712 -64.188278 72.936799 
5 130 1149 1572 2100 2708 8.748943 70.963304 91.315603 89.925786 -71.224615 
4 256 1332 2144 4342 85.879143 40.063530 22.427131 58.479954 
9 188 617 2319 2566 2650 2734 2737 2852 3184 -33.461567 -61.861811 -30.695989 79.659586 -36.897803 -8.598839 -66.836721 55.560873 87.840014 
5 299 1458 2318 3701 4134 -29.412765 -66.912121 -30.366283 -22.002406 72.666981 
5 279 614 1243 2684 3869 67.563866 17.873129 5.347942 -95.112248 83.414727 
5 152 658 942 2217 3196 -68.677677 95.925177 55.746909 -36.152760 84.960203 
6 276 2376 2975 3100 3618 4862 30.846938 71.046373 19.130667 58.185712 -33.425732 75.376620 
5 3044 3435 4127 4548 4764 89.869421 -11.850199 -69.793487 66.088592 7.760729 
7 69 1354 1482 1804 3153 3492 4982 6.181847 56.049429 -69.036199 21.031053 47.511877 -26.610556 -93.048318 
3 4483 4549 4604 -9.446033 88.243194 89.706445 
2 761 1103 63.310141 19.319489 
8 92 135 401 589 3915 4120 4160 4804 -48.263692 82.041471 -52.277214 2.971895 -70.585192 65.846477 -94.826071 -35.354350 
3 659 3616 4479 57.508276 -57.987234 -34.510337 
3 146 730 3802 -83.117754 -12.156813 70.777070 
4 796 2051 2229 3968 -2.089859 -53.401297 39.902939 -60.817494 
6 225 526 1722 3347 4507 4815 -34.787985 -45.319912 -10.237023 -49.042627 -58.129370 -18.657520 
7 458 1498 2805 3095 3286 3528 3942 -92.817006 -37.460895 -43.223303 49.096904 -1.167798 -93.955195 39.585695 
4 598 1763 3522 4009 -5.789950 52.704884 82.800192 13.753292 
8 774 832 969 1242 1873 2128 3373 3676 -68.046350 24.405319 -6.728350 -36.045261 1.260750 61.980240 -19.730708 29.604086 
4 1139 1439 1494 4128 -64.900223 -85.918014 19.840601 44.841671 
5 300 2999 3366 3506 4823 -72.372144 77.062885 -81.286438 -15.215856 -63.851803 
2 695 4897 73.924009 -12.673907 
4 1833 2006 2125 4754 11.824480 31.891536 -89.214179 -41.989144 
5 295 555 1224 4316 4565 81.530088 -79.777368 -75.901007 -66.084786 78.442688 
5 239 1174 2830 4575 4968 23.132077 -48.504954 33.789010 -83.473946 -77.522963 
5 1743 2119 2232 2346 4477 -51.803694 57.825311 -74.091619 -97.298397 -60.136280 
5 939 993 1132 4658 4843 -26.508938 90.572097 68.161545 -32.208090 -54.862839 
3 2030 3997 4787 73.969653 92.331376 -38.425251 
5 2561 2872 3126 3149 4084 -36.418643 -73.729678 66.050509 -38.355730 0.791153 
4 311 452 2800 4161 -81.008241 -74.390801 -25.012621 43.391451 
7 851 1336 1481 1528 3602 4743 4782 14.740951 60.560883 20.153332 -35.456962 90.751989 6.441676 40.524863 
6 467 999 2984 3341 3677 4919 -18.190567 -70.772160 -45.743976 -73.870515 66.845252 30.914043 
3 2376 2489 3163 -22.935746 55.241771 83.020370 
8 50 130 2548 2557 2830 2980 3492 3681 -39.827731 44.483245 3.921711 93.936289 7.503260 -3.935220 -84.450084 11.229313 
2 1926 3038 -50.383821 -67.887825 
3 230 1068 4611 50.724675 -72.408955 -63.112307 
15 54 60 108 275 1029 1181 1311 1650 1690 2066 2183 2595 2764 4609 4784 -5.120006 59.862563 -88.051293 87.925670 -99.240725 -85.988159 33.097577 -77.267207 -80.054082 -75.067413 -73.221114 72.125135 -14.420045 47.993965 -98.272586 
6 791 2950 3135 3437 3452 4794 -90.238690 67.068515 75.489642 75.244561 8.032110 -54.673412 
6 1091 1566 1599 2500 2680 3757 74.713917 87.575273 23.740765 94.682075 -5.688607 -91.235057 
2 1242 1485 19.773918 35.855424 
6 122 161 914 1989 2424 3688 -55.873045 -1.836954 -92.589865 23.624399 0.792468 63.145815 
6 68 884 1199 2066 2090 3354 -97.650827 -57.311680 -22.743443 73.953745 11.163168 -68.266662 
9 370 500 727 858 1407 3658 3889 3941 4305 7.323789 15.171517 81.556825 70.947308 77.135956 56.884320 -94.404885 -69.270257 -42.933804 
3 181 941 1877 21.799292 94.938957 -37.131324 
2 2196 4439 97.815493 96.389452 
4 482 1716 3006 3967 -28.504434 -85.166470 14.734778 -8.774601 
4 1327 1644 1875 4820 59.165481 -65.567106 32.436731 26.368457 
5 45 1228 1306 2803 4501 9.617680 -92.685119 -47.790249 3.911367 0.826056 
4 1203 1873 3291 3713 -60.769840 -23.919428 93.460645 68.456943 
6 1250 2192 2273 2299 3992 4086 -24.310177 44.763344 1.432793 -10.938841 -34.274733 2.251461 
1 2033 69.668370 
3 2184 2522 4250 -47.085817 34.069609 52.477581 
6 360 2103 2153 3173 3726 4531 22.911928 -53.944319 -58.334711 47.930550 1.698943 -2.287306 
8 326 2547 2957 3117 3317 4887 4969 4986 7.922101 32.193254 -31.661416 75.836462 0.440770 -36.877075 -67.874592 -76.584746 
4 415 1155 3200 4973 -64.333856 30.307782 29.435559 63.295277 
6 1605 2761 3115 3285 3551 3993 -63.837842 52.973084 44.367087 15.928236 49.491997 -63.813027 
7 231 334 700 2309 2424 2534 3711 -85.213335 -35.685525 -1.349208 75.970936 35.727552 7.313920 -60.213702 
1 890 -81.812656 
5 1339 3254 3474 3588 4404 50.943233 -48.517455 64.496232 -85.479550 -43.974441 
2 1126 2939 52.258106 -79.843474 
7 86 698 699 1677 2052 2714 4195 -23.545802 87.811385 -10.412637 -31.874773 96.351876 -66.245212 33.393007 
6 1214 1964 2522 3079 3442 3698 8.419045 -89.388365 64.931674 -67.779398 11.668793 -90.649727 
8 33 1574 2138 2355 2655 2787 3794 4270 -83.339989 -84.317693 93.916968 -63.547200 -95.946390 91.769041 -1.659985 14.595680 
4 148 868 1604 1760 -31.807262 96.113014 27.746412 16.795839 
0 
1 2998 7.143292 
7 916 1165 1377 1724 2297 4161 4294 55.054660 -30.680905 -86.361918 9.613558 -79.354364 -65.174218 40.130871 
7 1310 1355 2985 3384 4203 4904 4940 -35.114881 -90.741179 52.227449 91.577445 -85.895390 -48.130009 -35.963444 
3 258 602 2890 88.423965 -26.152300 -36.357114 
2 4174 4626 19.264371 54.071329 
5 2993 3698 3741 4046 4086 -10.555105 -55.689007 -4.749089 -38.353601 50.965089 
2 193 2406 98.948486 98.918416 
9 277 1209 1466 2010 3871 4307 4490 4948 4971 -70.595052 -90.835084 13.571404 17.976555 -74.663969 -41.921215 72.689567 -9.887013 38.995215 
3 1186 3250 3379 13.557927 47.639588 -59.223044 
6 1449 2216 3224 3232 3475 3705 -39.311108 -59.968607 39.996313 23.219413 -51.328099 77.735475 
4 2218 2840 3936 4299 53.723733 6.265214 16.623424 -46.906433 
5 173 360 781 2807 4380 -41.384777 -25.777078 -96.185864 -27.001284 82.670832 
4 621 824 1969 3288 93.229538 19.509230 7.031918 37.982644 
4 538 977 4358 4835 59.671431 62.946952 -80.408246 -35.981178 
8 1058 1134 1191 2434 2901 2909 3504 4340 44.302260 28.635845 84.622623 38.148688 -81.541901 35.895151 -62.341689 -34.290102 
4 172 2539 2979 4076 18.538335 16.445949 38.303079 -91.455397 
7 182 430 435 1032 1793 2541 3521 -29.464755 -8.926233 -11.876814 29.997323 40.598616 -72.931033 -6.134839 
5 1090 1555 3128 3508 4187 63.741911 -78.507571 -46.730678 -44.047282 79.129870 
4 248 3266 4655 4911 76.135656 24.054215 9.655618 91.023308 
1 2798 51.586090 
8 433 1968 2268 2452 3503 3651 3801 3817 43.150663 54.338190 -64.810366 -3.753813 -73.830582 53.859195 -20.150492 22.843591 
3 2310 3607 4713 31.628841 28.020359 59.492064 
6 106 369 892 1794 4610 4768 20.325568 -42.331735 67.360589 -78.901616 94.208774 28.868105 
5 952 2006 2808 4715 4763 -31.762149 41.046932 97.470545 20.961123 62.806304 
6 281 921 1237 1376 3543 3962 69.073039 96.810798 29.663197 -37.444664 -81.154744 -11.223437 
4 1527 2533 2836 4866 -36.641765 -10.933375 -90.411021 94.072833 
4 203 1287 3590 4547 4.725557 83.490859 -10.748290 35.281928 
6 460 1556 2668 3107 4283 4726 -9.380004 16.071397 -35.352545 61.315480 9.554003 91.964223 
5 523 1752 2047 3086 4494 -14.696306 74.321069 98.054511 26.751479 3.187177 
1 2469 30.664558 
7 219 827 2001 2896 3312 3789 4776 -64.079489 -57.615017 86.956948 4.263298 -30.047170 13.124918 47.321756 
4 236 1530 4839 4892 59.853549 64.096228 41.307132 -68.691479 
4 2734 4054 4267 4636 55.212772 -45.691302 25.367518 34.837895 
12 621 659 900 906 975 1107 1203 1631 1808 2606 2899 4544 -89.459360 -1.409954 41.820935 44.047523 50.937350 -94.518396 50.521474 -75.793819 80.128737 23.226321 -70.871826 -49.350966 
3 641 2847 3685 49.751209 -94.928428 -18.410002 
4 2448 3540 3838 4694 74.059302 -94.378075 -45.512243 12.287675 
5 215 234 1417 2483 2848 54.361239 -80.366145 82.701548 -42.739820 70.592607 
3 395 3113 4998 -86.313867 36.294920 -74.247750 
6 585 1725 1987 2395 3423 4760 -3.270829 -13.340593 34.686816 -9.854526 20.062767 -20.036470 
5 2046 2610 3529 4303 4878 -14.383936 19.058044 96.196919 -37.503418 12.228787 
8 1149 1448 1799 3119 3324 4233 4439 4691 67.325028 -36.149876 15.746842 -96.619366 53.498776 -22.399677 70.733840 61.443325 
6 1175 2337 2901 3113 3976 4750 -96.400455 57.348439 32.114214 76.590430 -70.728947 -86.680796 
3 102 288 2180 -67.838497 28.372059 -45.809220 
9 310 722 953 1708 1969 2057 2772 3119 3416 -7.470282 -60.851767 4.956692 -80.824872 -12.853139 -15.410912 -72.559398 -57.730561 -58.093497 
5 133 232 626 1524 4425 20.133456 -63.538222 50.288148 -34.636232 17.008251 
3 3586 4302 4972 -65.462310 -58.294058 -68.300668 
3 1534 1820 3033 44.899861 -98.923311 76.731893 
5 255 421 1208 3588 3823 -10.550653 44.426020 21.362945 -93.879938 30.945393 
3 2617 2953 4463 33.058270 -42.325143 -44.123952 
5 1012 1086 1556 3049 3411 -69.901766 5.676555 -74.391701 21.038885 -42.017696 
4 278 404 1114 4248 22.552128 92.709964 -93.160032 -28.838986 
6 1384 1985 2182 2419 4113 4845 -68.666465 31.091564 -34.714513 -84.392535 -66.439853 24.399726 
2 1293 2669 -75.325424 -64.839855 
2 3127 3384 -93.945405 -62.396342 
3 1068 2850 4706 -82.621604 30.266235 -70.052790 
5 1135 1610 1951 2692 3646 7.207244 -78.774984 6.771776 56.817383 -42.610683 
7 168 234 407 595 2265 3501 3587 -49.935917 80.362152 14.651884 73.649039 -10.354362 53.805789 22.123106 
4 16 1074 3076 4493 -7.143488 71.130831 -4.846360 48.293707 
6 748 1111 2036 2849 4267 4279 9.901251 27.138371 73.557043 -91.781373 -49.417556 7.073912 
3 1863 3542 4803 -29.018061 -4.411347 -53.035740 
6 268 346 626 752 4368 4857 -41.192280 3.854857 -7.597653 8.342017 -96.339121 81.758067 
5 82 734 941 4189 4769 99.149214 -3.748080 66.359888 -90.180280 -63.097316 
3 371 805 4004 -18.252331 66.580916 25.598849 
1 1505 4.333299 
6 1031 3953 4026 4156 4803 4986 -50.343389 -31.169276 -91.153555 -45.867435 34.649118 29.705577 
2 1756 2752 87.264276 -4.266775 
5 809 2106 2436 3475 3679 65.513466 -80.872614 25.147880 -58.989907 83.999655 
4 908 2036 2132 4150 97.701427 -66.306355 70.559439 34.941436 
3 786 3035 3383 49.317383 91.462146 80.039659 
5 1392 2044 2387 2607 2651 69.017093 -74.084128 -5.187346 -55.834740 -52.873015 
7 455 1390 1475 1519 3258 4133 4906 -63.658117 -94.540467 99.652105 -59.469284 -93.042314 79.610379 -36.255904 
5 1262 2335 2913 3135 4193 57.369019 -80.326735 50.743536 61.461893 13.290276 
5 358 1237 2488 2737 3951 -80.080732 22.946240 -7.961075 -57.280356 -26.580058 
5 1487 2503 2969 3102 3145 76.739646 32.253837 -80.848648 62.026681 -38.558950 
4 229 966 2056 3805 -71.056900 -54.970401 -67.565060 -56.522161 
10 310 702 910 1645 1819 2057 2459 2915 2954 3798 78.375352 33.294902 -87.957428 89.058004 -17.057592 -71.120272 -76.595713 62.836623 -2.374597 96.631134 
3 4083 4420 4959 36.146097 36.286897 -67.981861 
8 105 320 414 600 1003 1357 4495 4901 -97.084109 58.899845 21.925962 13.732749 -95.446874 -62.429995 45.426472 58.614651 
6 2041 2300 4312 4354 4389 4701 21.100260 15.170503 33.931054 -21.216584 63.330117 -42.159831 
3 627 4782 4960 88.637089 55.955379 61.063686 
3 1262 1838 2554 39.394986 -35.143156 -51.121198 
10 749 1295 2394 2415 2697 2714 3685 4082 4339 4839 61.582498 3.927597 -21.229100 2.334552 46.274626 -17.796589 -98.741366 70.347904 -96.278906 -20.906729 
5 223 1435 2778 4713 4728 -32.904654 30.096572 -13.729924 -48.440310 -37.669931 
6 384 1075 1234 1521 1653 3282 -71.366216 62.544896 -89.585517 77.843756 -58.677343 93.818770 
6 8 671 1708 3168 3224 4555 57.836836 67.694992 -25.505815 95.342351 -42.041483 -67.127138 
3 326 901 973 89.844066 33.813186 -5.283836 
3 1952 2379 4215 -73.992144 83.944906 -94.119633 
1 1602 86.235689 
3 45 583 3016 -96.382349 88.952027 -14.482822 
8 500 595 780 785 910 3635 3683 4244 93.850757 73.120416 36.419878 44.798988 75.450647 89.746236 -35.800076 -54.780714 
8 2366 2757 2808 2901 3088 3388 3823 4898 26.790669 -66.014370 -94.378977 2.470582 42.234706 44.123643 -73.886823 89.324505 
8 382 637 2321 2868 3181 4299 4516 4568 -32.602100 -0.070075 46.087409 13.653650 5.690300 76.089195 -82.626716 -2.545921 
1 4583 48.248974 
4 745 3782 3815 4273 86.933907 63.844057 33.537078 -21.377848 
7 25 256 395 1015 3468 3742 4242 54.296310 -9.962309 -8.341611 29.413458 46.792643 -95.750344 27.999326 
5 1280 1394 2799 4131 4169 -17.070915 -98.159555 48.312101 63.189520 -3.777609 
2 1080 3101 15.834585 6.483641 
10 614 654 1879 3026 3316 3622 4323 4617 4719 4825 84.591350 88.689519 40.882884 17.485157 -85.383004 -73.744297 96.264983 78.023695 99.565332 -76.824314 
6 464 575 873 1724 1782 2584 75.235102 38.647299 27.519134 -57.970103 -19.787765 60.830498 
3 1073 1617 4839 -14.809127 -36.483443 -66.749231 
4 1597 1865 2446 4298 -34.771791 4.507526 27.333825 -67.433624 
6 962 1343 1853 3455 3842 3996 3.732881 -73.467699 -22.870189 -47.195084 -80.769043 50.321041 
3 2615 3881 4952 -59.968859 20.522097 60.818194 
9 716 1223 1519 2042 2195 2979 3712 3822 3951 11.400162 14.765141 43.360358 -18.368047 -73.706719 -78.102584 -11.730557 -74.846311 -23.785126 
5 942 1709 1833 2273 4894 16.350765 25.436034 -44.543166 -88.496701 -17.456801 
2 3441 4770 -62.184068 65.580851 
6 1114 3032 3075 3632 3697 4649 40.446084 23.181025 -73.544450 -96.225884 -70.719746 -41.339613 
9 287 609 847 1723 2847 2851 2884 3412 4343 49.775596 -64.876532 66.331659 56.879888 6.231003 -15.405782 36.958478 -89.570236 -76.758705 
9 65 362 638 665 898 987 2226 3012 3119 -55.627303 12.726627 97.648125 97.184493 -40.401349 84.302803 24.152001 99.607784 47.673062 
2 368 1458 -97.450540 -60.348794 
9 2584 2630 2925 3111 3330 3965 4005 4146 4207 -87.841630 47.736671 70.574051 12.003445 76.607646 41.934213 -23.668665 -95.270169 81.622218 
7 825 1457 1459 3473 3781 4077 4744 70.755274 58.633033 -92.848574 62.703908 51.272114 -75.238206 7.556800 
6 2199 2539 3084 3298 4497 4826 0.074210 -11.748576 99.179399 -82.836244 -68.181119 -67.624948 
4 1007 2046 2332 3089 98.159084 -26.480051 26.194301 2.969204 
5 540 1297 1980 3552 4011 -63.992922 -74.429333 -36.542269 74.878494 -51.492375 
7 1001 1686 1976 2487 2869 3569 4600 -13.125546 64.447701 -35.330115 -8.090723 -25.243375 95.309419 -6.201656 
4 1347 1701 4085 4278 -34.833504 73.895205 33.697929 -10.995461 
3 1947 3400 4670 93.412787 -77.513894 27.945607 
10 278 562 769 1526 2119 2368 2619 2807 2808 3720 -2.005015 96.926843 31.020668 -85.280542 84.351054 -37.814685 -56.797570 -93.638974 -40.642457 22.205726 
13 791 1157 1543 1683 1895 1911 1982 1986 2506 2737 2902 3501 3841 28.747674 -92.158133 -39.898274 -74.661409 -58.403243 -21.825447 -70.801494 13.512031 28.068642 -45.800361 -55.461101 33.253854 96.942083 
6 377 797 1511 1663 3076 3987 -23.893193 -81.699476 -78.454324 -47.162701 -33.124541 -13.646740 
6 582 2109 2138 3250 3646 4731 46.872952 33.756903 11.645474 -46.265307 94.395248 -69.978815 
1 2509 89.022164 
6 75 1014 1559 2446 2527 3035 -19.753537 -40.839530 -24.922745 -30.835429 -59.434055 -44.024843 
6 1657 1691 2318 2516 3935 4572 -24.523410 -70.470989 9.646718 33.771338 25.791650 76.456520 
5 278 525 2950 3042 4732 87.456409 -18.718898 94.260226 -11.716973 -87.663239 
8 496 573 804 1020 1533 2800 3450 3908 -36.007308 -22.832927 68.353647 -31.831909 -77.823311 -60.555598 -83.644976 -28.573232 
3 2140 2326 3548 24.793440 -95.305222 -75.092080 
5 947 1161 2009 2241 2507 -14.535103 -73.017316 -48.863490 -13.321959 79.380922 
3 1591 2919 4451 2.727437 -3.171547 -60.046479 
4 956 1499 1559 4008 68.775736 5.113206 79.611017 -11.153031 
2 2903 4430 -32.971769 57.863291 
6 1516 1559 1645 1740 1944 3854 32.383976 69.077725 -58.644712 -66.276450 58.251792 -78.735543 
9 878 1022 2672 3045 3233 3895 4274 4669 4779 14.520400 41.951705 67.535681 -75.788156 6.751485 7.817939 -47.988237 -65.687886 -70.167261 
3 1218 1435 1809 11.103958 -78.147432 -46.118233 
5 471 1014 1635 3459 4583 81.670846 70.600777 24.295243 8.495512 -59.304926 
3 619 895 3173 60.823717 9.042933 -17.958236 
4 1055 2885 3465 4937 87.053787 32.567495 -29.710602 -64.832946 
9 175 574 1097 1394 2240 2428 2815 4180 4351 -33.656947 -29.329366 -2.422923 50.936845 78.471605 -39.676141 5.732168 32.349838 98.786798 
2 540 2316 -0.263308 -54.784588 
7 38 465 1068 2741 3257 4679 4930 -21.942313 -31.723000 -46.391271 -99.680627 -46.958450 -13.855938 -96.981015 
3 178 1163 4097 19.109676 0.518692 49.122143 
6 879 2619 2890 3249 4157 4834 -35.631493 -80.215656 88.263161 82.729496 -33.189203 99.007378 
11 69 81 427 697 699 916 1122 2516 2829 2979 3625 -89.375066 28.880397 -35.375383 -64.631356 25.579570 17.022617 15.616000 78.768375 -21.048008 72.614405 -17.615668 
9 951 1275 1550 1976 3663 4120 4145 4399 4960 40.814966 -37.191769 -31.641927 9.816139 43.882311 -72.590544 28.854628 14.807872 99.029786 
6 970 1098 2565 2585 3124 3828 28.315630 60.918739 92.983881 13.778622 -1.213663 79.749046 
9 487 558 876 1446 3558 4101 4257 4327 4498 38.141849 37.318430 -25.461121 58.751566 72.864244 72.854929 -76.331520 4.267450 -44.307540 
3 300 3179 3380 -99.561331 -21.559854 50.823475 
7 145 1195 2009 3238 3798 3835 4463 4.460142 97.798765 74.082194 -63.739264 29.859932 -66.129792 34.410090 
3 2026 2345 2440 -78.212766 -21.665479 25.030817 
3 2137 4542 4948 -84.219068 70.246062 35.535581 
6 1177 1827 2357 2795 3905 4804 19.871576 -46.531803 39.738312 63.857349 -76.538985 61.449278 
4 272 3599 4521 4987 45.313759 -24.780694 42.489685 80.282858 
4 458 1294 1846 2492 -84.633066 -56.083290 -97.705086 60.750282 
3 493 657 1895 41.848848 -74.799697 32.531341 
8 954 1036 1857 2231 3487 4434 4779 4999 -76.463938 -18.355100 61.213665 -30.169062 -41.448946 98.345564 -98.174027 -69.472378 
4 91 2202 2863 3428 -56.899131 63.072799 26.391274 48.858563 
5 3096 3564 4216 4354 4997 -22.501763 63.505783 -33.267189 9.815029 -4.764322 
6 128 1295 2602 2757 4335 4664 -84.088468 -57.068611 21.293023 18.100701 -7.404546 -63.251700 
4 865 2142 2868 3114 21.842081 -71.880443 -99.674368 -48.210875 
3 528 1565 3205 15.026317 61.734034 45.257561 
4 420 637 2743 3375 5.339010 -69.265055 27.217041 46.439055 
4 3311 3946 4004 4162 -67.612237 -52.475999 4.355262 -73.434406 
3 520 931 3353 -95.706082 -56.633787 65.369119 
5 1937 3614 4005 4246 4496 -83.001690 88.299440 68.420462 -63.365614 5.514609 
5 80 1580 2808 4465 4927 -66.940579 -40.165365 -36.013886 97.292892 -17.495228 
2 277 2669 -15.382037 53.650026 
5 652 2908 3103 3226 4284 10.776184 -85.224428 -99.322345 -45.402242 -66.672028 
7 44 770 1213 2774 3325 4103 4199 -23.542185 -33.700743 37.452332 83.173442 -25.157930 86.687842 33.014428 
4 1319 3013 3397 3620 -16.586001 -31.801134 -45.082402 71.354324 
5 4 2448 3316 3420 3437 31.535662 60.550735 -21.452044 64.202325 74.692806 
1 258 36.465763 
7 501 1664 2019 2555 2960 3645 4930 68.359707 -58.215282 -27.076898 -48.056021 67.524399 -73.000081 -75.260167 
5 410 1363 1637 1914 2776 -87.887869 -21.068335 72.860025 26.958081 -0.298494 
3 1465 1977 4317 -53.602406 81.129759 -94.810819 
4 153 621 1313 3679 73.823263 54.299025 -59.249959 70.839287 
1 4890 -3.916560 
4 42 405 1443 4489 -83.810845 13.756406 -80.061468 58.883757 
6 235 1513 2471 3240 4042 4985 -57.464315 -24.649719 -2.651700 46.210560 -98.910149 96.500863 
4 665 992 1973 4801 -36.656371 -2.257360 18.130810 -63.964172 
2 370 3502 -56.081378 -89.004091 
8 266 649 1083 1963 2031 2732 3316 4600 26.029735 24.565579 34.752479 9.537231 -88.884719 23.765859 0.098634 -96.450279 
4 1444 2091 2326 3213 86.834020 71.264237 89.950831 -58.409110 
8 628 1402 1658 1951 2127 3532 4257 4405 27.347912 -55.134469 -34.333932 62.816412 -71.378404 53.461918 12.418886 -17.212211 
3 110 3000 4216 -37.572159 -13.468106 -38.911453 
2 77 2302 49.997426 -10.865783 
6 1190 1782 3162 3702 4730 4825 -91.535833 47.178496 -0.381130 -93.486611 -53.522887 -86.103241 
5 266 1689 1876 2954 4289 89.458877 -73.056402 80.422339 -36.566766 94.740139 
8 196 349 560 1143 3137 3709 4168 4566 22.567468 63.276212 26.569584 45.132061 49.420318 -56.596017 36.828872 64.829984 
6 391 867 1109 2725 4027 4204 76.895695 17.444429 52.196185 57.320834 12.166073 34.572090 
2 949 4598 -83.154710 -25.584957 
3 136 618 2647 -46.422508 85.413572 48.798310 
2 2477 4522 -48.022820 -56.918020 
4 239 3963 4113 4318 -71.590038 -44.640338 -49.397370 -30.452900 
1 663 -38.402538 
2 2713 3367 83.207571 -24.178768 
6 483 1232 2232 4317 4897 4971 86.419805 -81.645063 -28.286963 -45.469643 47.757792 56.633220 
3 743 1379 3771 -51.386957 -44.783475 -36.759291 
6 993 1058 1866 3229 3836 4553 27.555164 62.858936 1.420166 87.845948 35.743578 59.005251 
5 972 1684 2711 3336 3547 -87.813930 3.261164 -8.994115 -69.409491 79.259411 
7 1392 1734 2763 3961 4077 4646 4989 88.379078 -32.272785 -55.955581 78.854150 -20.411187 -68.585571 -82.712971 
6 1021 1222 1489 1728 2538 3975 22.807724 -45.147556 -76.136357 10.672457 -98.289847 13.447740 
2 964 2407 98.191903 61.231755 
7 79 420 767 1306 3486 3690 4783 80.354814 -45.521386 12.102758 -63.327992 -1.610140 -63.598087 -49.615866 
1 2169 -37.638411 
3 310 1508 3605 30.175197 26.830474 -54.796422 
4 363 1927 3656 4071 5.691185 -11.498559 -90.555898 80.205069 
5 473 706 2983 3751 3967 8.761323 99.399143 87.472872 57.672387 17.196753 
8 32 59 622 807 888 1301 1854 3250 19.660548 8.622707 -37.975190 -68.417325 30.004366 -51.206174 3.216474 -69.171303 
4 833 2123 2460 3316 52.376641 -82.861092 -77.578566 -32.122759 
3 215 1814 2437 89.013025 27.276462 21.337111 
7 36 1071 1851 3298 3851 4733 4791 -39.276333 9.539190 87.259475 -91.513226 -96.468881 89.286280 26.015616 
7 85 150 614 2970 3039 3369 4665 -52.140357 8.236007 36.362888 86.099004 -30.639920 18.166560 -49.406876 
8 953 1191 1881 2878 3417 3614 4271 4864 -45.778486 -30.242112 -0.601346 -22.722524 12.072967 -8.771994 -49.864828 -27.896957 
5 66 306 2310 3854 4963 -50.491300 -12.372466 92.577246 76.609083 -87.336697 
4 1001 1168 2418 2941 -31.585179 -57.370000 -3.369466 -20.988611 
3 1920 2050 4865 7.500263 -20.583885 71.950540 
6 82 1876 2088 2478 2942 4981 -44.342111 -31.854325 80.960289 56.266399 -39.368805 -0.863108 
8 726 903 2095 2491 2542 2940 3399 4650 19.024035 55.909738 66.970197 -43.332507 -70.792869 30.580568 -95.720987 -16.679528 
6 220 1360 3032 3241 3447 4873 17.914167 -33.808972 -52.922287 -87.461647 47.048789 -55.856902 
9 1565 1753 2030 2234 2450 2545 2873 3194 4026 -3.800030 42.333569 23.959347 41.971708 -40.216761 -95.954241 -95.395603 38.612158 49.746286 
4 2147 2654 3058 4104 -95.595623 -91.697278 89.325460 -34.972472 
2 28 3098 -1.015907 71.894516 
5 4 2843 2895 2983 3905 12.448272 -99.346678 -58.975906 28.609226 77.495762 
4 910 1798 3979 4767 29.621702 -65.258047 62.700564 -7.126560 
4 103 1724 2189 2673 15.158118 58.068374 -89.099274 80.102250 
3 2765 3693 4510 -31.990248 -11.573887 -60.400363 
4 205 1869 2181 4491 -39.251181 -82.171516 36.932498 79.130830 
3 436 847 2435 61.744826 61.478634 79.335895 
10 23 114 297 662 2718 3042 3548 3997 4034 4642 -32.396993 27.545222 -12.212518 -43.577425 7.624873 -96.469357 89.019457 2.309027 -7.712660 64.165721 
7 210 2112 2478 2605 2893 3681 4067 83.349193 -63.365722 -72.539569 80.267392 -93.641516 75.126727 -4.608099 
9 1447 2141 2657 2784 3245 3313 4017 4100 4711 81.565663 -95.701328 -10.633767 -78.027213 88.383004 -12.724653 13.401874 83.510450 -52.909143 
7 196 1081 1884 2212 2244 4251 4259 36.927349 94.765579 25.166049 -58.737279 88.339108 68.734211 11.773257 
7 556 645 1211 1446 2070 4257 4651 88.549345 11.606448 1.417007 -14.045950 -54.257459 -58.778134 74.039258 
7 365 732 2914 3698 4065 4285 4459 41.548142 75.164374 -93.507627 -99.679704 -25.977599 9.191890 32.521988 
2 307 1861 -95.980687 -7.216565 
9 385 1443 1818 1905 3464 3510 3630 3826 4772 -10.845734 -72.705073 31.094127 86.164434 -43.205571 -41.296565 6.813723 39.865793 1.325883 
3 833 3787 4795 -65.949129 -55.482249 3.436333 
2 670 3573 -0.646866 -65.959422 
4 331 672 1891 2869 -50.511988 -11.107287 -79.483997 -91.746505 
5 508 1417 1602 4248 4484 -37.906749 -59.579862 75.814305 -80.136863 -99.717333 
1 2377 -60.788792 
5 383 1223 1233 2234 4617 -72.573999 -9.479924 29.951546 -48.693057 2.285637 
10 33 840 1009 1609 2301 3250 3255 3434 3754 4778 -46.276229 -53.546676 28.119142 -14.687626 39.348399 -39.847134 -6.358223 -85.484443 25.955476 62.382022 
5 433 1216 1229 1390 3812 -48.664936 92.365916 73.010860 59.309057 0.648430 
1 2853 -79.691637 
11 140 297 710 2001 2313 2578 3234 3546 4152 4798 4921 39.004539 50.928276 9.114266 -14.501768 79.544622 -47.224970 -26.883518 56.234215 42.384448 13.428876 -70.100433 
9 238 324 2155 2454 2838 3237 3987 4180 4368 45.649430 20.958574 31.677788 82.320412 -75.160812 -32.884965 23.940197 75.307216 91.876760 
5 3029 3540 4202 4675 4940 -2.859995 18.862820 -26.009271 -72.089692 35.780924 
3 322 3488 3562 -83.511584 -64.136049 -18.039546 
6 1788 1924 2249 3964 4694 4908 29.539384 60.773987 -5.943580 32.008813 -4.210243 -35.150347 
9 189 1239 1501 2443 2768 2781 3712 3769 4349 88.128268 18.662781 -25.754496 35.540730 -71.928852 89.904472 -2.662345 -95.948822 29.474996 
7 531 786 1472 2078 2998 4108 4232 0.994567 -50.644912 -19.262192 43.322808 -90.140828 -92.061204 32.011843 
6 257 480 2003 2660 3879 4782 -88.652014 -76.576416 -26.089730 -91.883855 -68.926740 -80.926061 
3 548 556 4708 -46.580181 90.388357 -16.549606 
3 1631 3179 4229 -94.789661 -59.033953 -43.356694 
4 1682 2817 4054 4233 -78.332339 -11.450453 -73.207509 -73.318551 
4 1463 1834 2862 4617 -89.083012 93.274432 -90.070418 83.986927 
3 3046 3226 4751 26.090263 -65.191426 87.043757 
7 170 482 926 1285 1943 2538 4394 36.228808 -54.965808 -37.614722 92.143657 -52.427298 42.020344 61.054870 
6 1867 2217 3241 3609 4383 4705 63.062121 58.615247 96.074881 97.688213 55.795665 -42.646561 
7 1085 1366 2866 3070 3940 4022 4097 -60.056884 88.009232 74.008809 -62.185360 -43.647901 51.664335 88.063035 
6 2192 2991 3019 3029 3589 4199 -26.290682 69.469138 -33.015937 25.502126 -26.340967 -75.522539 
2 3659 4592 51.738785 7.501759 
1 4307 81.626465 
2 1868 2435 -38.817987 -14.787326 
5 200 707 1554 4008 4170 -38.795742 -35.720344 -9.113257 -86.414570 -43.211944 
4 690 2855 3235 3319 -58.682795 75.248946 -71.663847 -34.712808 
5 1102 1611 2228 3121 4208 81.720145 90.477647 20.173356 -15.783088 -84.195373 
5 418 796 1222 1754 3446 44.258625 2.790703 95.728930 -40.144378 -70.308316 
6 2128 3079 3411 4498 4614 4936 -29.188734 -80.006812 -75.049118 -97.225244 -12.535443 -89.162445 
4 191 2096 3284 4923 -32.342196 36.222582 46.181804 -24.862718 
6 1434 2299 2302 2526 2548 4132 13.206876 85.722447 -48.570283 1.236880 98.501187 13.289690 
9 822 1137 1742 1894 3102 3611 3630 3655 4811 -17.750074 -55.437252 68.017665 -37.472412 94.824143 -41.596139 -73.358295 -72.042923 -8.625073 
2 780 3887 -32.935663 -64.046173 
5 788 1086 1362 3535 3792 35.070368 -8.145774 81.034901 -86.944672 70.502645 
7 54 1955 2017 2426 2679 4089 4675 -69.856237 87.570620 -79.136293 36.918232 39.130820 25.621340 -98.990300 
7 162 333 2259 2542 2789 3004 3494 -44.684857 -44.641364 21.398143 -8.693658 -94.788989 15.994194 -34.101779 
2 657 1600 2.464734 62.043975 
3 2950 3169 3370 -72.195772 11.453848 -51.039352 
6 350 2530 2569 3472 3654 4595 -30.720178 -25.203593 -8.777367 -68.078469 -88.207445 -85.631985 
7 492 1531 1669 2053 2840 2958 3530 -86.847114 -25.334241 70.442421 -54.167134 -64.750507 41.974122 73.322264 
11 493 825 873 876 1698 2100 2203 3788 3845 4020 4752 -4.537103 13.358974 -75.704973 -49.661988 3.950736 39.460147 -50.931505 32.631350 -48.114580 -70.053730 -54.034387 
5 1072 1192 1863 2080 3612 -65.037690 -63.325408 -78.953639 -23.254816 -81.984284 
5 1666 2013 2534 3350 3834 -60.641725 98.849261 -48.060397 36.066639 48.170335 
5 767 2430 3222 3545 4177 -78.408707 -54.666084 -46.460935 71.830210 -14.555628 
8 17 1139 1162 1400 1607 2482 3397 4059 -63.954171 77.465314 -71.330524 -87.734845 96.986222 -54.783027 3.467315 5.275234 
8 310 341 1177 2210 3008 3900 4273 4796 -45.951976 63.903426 82.049795 -43.067704 74.222209 15.954485 34.359975 -47.923067 
7 105 1277 3167 3447 3652 4117 4604 -39.804433 -79.500127 17.218544 21.418822 -98.339121 -45.067985 -10.558012 
5 534 945 2683 2879 4420 71.685170 -35.342224 79.758586 51.535985 72.690569 
6 481 1345 2704 2957 3511 4065 -14.885289 65.518956 -7.523741 22.221509 76.847909 55.807298 
5 1632 2075 2117 2668 3762 -3.830593 -59.737124 63.414774 99.215770 15.701853 
3 1024 1835 4461 9.052793 1.187635 93.469640 
8 1013 1087 1784 2148 2452 3973 3982 4759 21.242999 -71.888245 -48.103046 31.670148 4.104603 39.759879 -78.255330 -75.647498 
8 1472 1693 1889 1893 2445 3885 4579 4796 79.896367 -57.898810 99.495204 -53.971549 39.167144 17.765459 -52.351735 -56.825395 
5 19 638 1404 2648 4694 76.811641 -0.527958 -60.023520 56.661578 31.749980 
9 1101 2018 3080 3082 3175 3209 3586 3740 3929 -64.051692 62.099407 34.204113 -79.424576 38.676524 -14.670803 35.789039 -15.107327 -25.933460 
3 982 3723 4260 64.363263 -82.722295 72.080281 
5 1067 2235 3480 3843 4344 -78.696177 -48.576611 45.989001 40.786444 -68.748101 
2 133 1088 -49.347222 -38.469362 
8 309 621 1043 1437 2140 3694 4718 4744 -82.292220 40.943866 28.709609 -11.636153 -53.887277 -19.907064 50.700466 77.296936 
5 678 1578 1657 2217 2817 23.544551 -31.383644 -57.399618 54.577609 -71.307597 
7 359 612 1134 1282 1576 3626 4456 -0.882764 -11.109662 -20.532723 7.446036 10.621672 -61.825983 -83.841745 
7 264 846 1196 1502 2913 3487 4373 -5.396527 75.925292 11.340624 8.344854 -68.168613 -24.777035 93.048578 
4 688 1340 4417 4713 -35.530281 -12.239003 1.233342 15.478827 
6 3124 3187 3378 4055 4342 4715 -47.372108 -91.226394 80.891130 25.937532 85.970070 -62.967189 
5 117 766 2505 3716 4355 98.400940 96.843152 23.060494 -14.310437 17.852292 
2 1674 3495 46.422190 -32.494104 
7 91 497 818 853 1757 1917 2058 -53.617923 -29.376043 -80.243787 48.154594 88.759044 -2.254690 33.249941 
7 400 583 1533 1713 2126 2399 4817 -34.876862 -52.014565 52.231730 -83.692502 -24.318009 -14.512244 -22.938740 
2 1872 2516 5.508629 -52.562126 
10 245 962 1177 1964 2135 2461 2478 3771 4123 4631 -14.788358 88.716547 18.007940 -26.785969 59.016533 -23.308190 94.396069 72.773512 -13.657301 47.490302 
3 2620 2870 3594 -81.941497 17.321202 29.455267 
4 1171 1202 4599 4851 -33.892223 -12.565485 -86.003075 52.174227 
5 2321 3107 3122 4295 4556 83.215174 -15.543713 40.959827 91.421498 -2.299364 
3 330 4005 4971 -43.459073 98.637037 -36.863420 
1 4992 14.389319 
11 236 371 1055 1896 2400 2417 2955 3067 3256 4141 4378 16.195501 80.676859 -19.519608 27.588981 -46.351470 51.658371 -7.159109 -60.076987 75.822206 -64.587716 45.443834 
5 1654 3824 4373 4515 4863 -9.550557 47.164843 -40.143765 27.465945 -43.845543 
4 494 2017 3141 3727 2.344243 -97.140823 29.803195 -59.224630 
2 1766 4062 12.885864 95.557762 
1 1972 30.498094 
3 1113 3581 4805 86.137813 -97.104001 82.107814 
5 144 453 2308 3015 3844 22.847722 32.986938 93.832096 -31.166915 4.269447 
8 327 1281 1412 1569 1819 2746 3077 3926 -50.483599 -61.813353 -8.720083 -98.000962 -82.494447 -13.682156 -28.421293 18.142542 
7 725 797 832 2812 3618 3854 4937 70.826429 18.080245 -81.222562 14.202234 24.852589 -14.563656 45.572437 
3 2634 3421 4772 52.144585 -1.973881 61.904107 
6 174 486 2225 2693 4598 4830 -14.797353 -6.089218 -53.902478 77.487287 -78.728246 39.677643 
9 139 1095 1698 2270 3661 3726 3846 4206 4983 24.309380 5.247281 -44.790801 20.230254 -30.410426 -78.661624 94.909700 84.159231 -31.010396 
5 994 1552 2093 2696 4630 97.605697 -6.316823 -21.637853 10.130700 -74.336437 
5 1373 1478 1634 3344 3521 73.545563 -69.370415 -54.838107 -5.300744 -76.042625 
4 21 629 1389 3414 38.184805 -60.937249 -14.478996 -95.700882 
4 609 2399 3616 4919 9.744347 60.268976 95.083908 36.454856 
4 1359 2553 3042 4952 32.364560 58.542681 91.958106 -17.837263 
1 2059 88.112815 
5 1385 2820 3163 4506 4510 -3.092479 32.691604 24.989347 -67.542953 74.928152 
5 635 2133 2267 3948 4631 -91.875398 9.376856 -14.300384 -51.739569 19.160927 
12 413 466 623 1024 2655 2881 2910 2921 2953 3377 3634 4981 -57.989698 74.688237 -96.911885 79.126332 96.754835 -12.594799 -49.269984 -84.266704 12.979027 -88.812993 -10.886697 32.289541 
9 972 1049 1169 1271 1895 2272 2600 2927 4986 27.543634 3.206522 -75.172662 -28.465547 -97.639692 16.761741 -38.773003 12.504212 69.052530 
4 535 2231 2260 2888 -70.097645 68.582701 -91.217972 -43.252890 
12 231 309 856 1076 1908 2613 3277 3479 3971 4692 4720 4947 -61.402494 -87.956421 -1.050482 -78.960136 52.933794 62.013114 17.735072 63.604571 -11.673478 68.497608 -30.330156 -30.635788 
5 696 968 1298 2638 4076 25.491283 22.110888 21.368140 -5.692552 -2.242037 
5 674 3164 3665 4582 4653 -20.678165 -69.658763 -34.107508 6.928155 -85.585179 
6 195 1573 2190 2738 2963 4033 68.136152 -95.987205 67.962680 -87.273475 -40.077354 -75.646292 
7 423 720 2414 3364 4307 4467 4487 -5.999161 -97.803884 -82.641052 63.646717 -47.261180 64.306427 73.525678 
7 700 2680 2695 2751 3786 4258 4730 -64.379994 89.954291 95.292299 -43.284073 -99.142216 0.237037 -72.063387 
4 604 1860 2097 4381 9.926842 -10.641966 13.105402 39.949084 
7 93 1725 2026 2249 3090 3281 4527 -13.353471 28.580316 -23.489409 24.167773 -61.020893 62.342102 62.656812 
4 934 1753 3276 3986 -46.190201 -76.972765 -87.322091 -9.562014 
1 1089 -95.789984 
2 1169 3379 71.837900 50.926514 
3 1827 2505 4445 41.168313 -21.607820 89.844450 
5 28 1129 1878 1899 3513 70.933039 29.419368 39.493444 27.943029 -54.433637 
6 374 543 1041 2757 3663 4706 -44.924060 -2.833792 -85.847115 41.097153 98.080372 27.461090 
2 624 4169 24.217411 52.727847 
4 1503 1667 2621 4537 55.952093 68.196561 34.962698 91.933439 
5 2424 2939 3578 3617 4706 -78.112705 -91.022433 31.337670 -15.650827 -30.867545 
5 508 530 1200 1205 1994 52.110950 78.534880 96.729971 -17.212323 20.724543 
4 271 438 642 2792 -58.413923 -76.433687 -79.416575 -22.837281 
4 3563 4336 4535 4823 -41.483948 -6.349613 49.031293 18.542499 
3 136 998 3853 -74.511958 6.516563 -14.422659 
4 384 1367 1877 4773 -15.059694 83.592181 66.211820 -75.701229 
4 1629 3377 4355 4356 23.848890 16.293912 -8.785666 77.875496 
4 21 1725 2366 3572 64.970497 15.613096 98.020280 11.599760 
4 44 665 737 879 -37.504556 24.253553 -84.687481 30.448540 
10 528 645 1066 2335 2473 2640 2979 4491 4590 4670 18.520362 49.013275 -41.239491 -0.225302 -74.238189 -36.851524 -37.922487 -83.906543 -8.603085 -15.886526 
5 575 1828 2276 3095 4278 -0.403396 23.560321 38.317264 68.675835 38.149040 
0 
4 815 1631 1792 3519 -43.855852 -82.155554 96.447822 -64.780037 
2 1171 4776 54.725571 -67.242847 
6 1006 2895 3238 3793 4574 4838 -9.627860 -58.395332 -96.473718 -35.576849 -65.684261 61.347791 
5 881 2232 3521 4056 4815 60.045161 -56.827330 74.030767 65.520772 -16.219074 
0 
5 417 1577 2876 2940 4280 13.634670 -7.632082 -71.432866 -19.001045 21.543072 
5 836 2338 3471 4171 4282 -25.758899 -51.591428 -11.275891 86.296986 -76.113161 
3 688 1191 4110 -72.497699 -75.532166 33.202954 
4 1074 1842 3594 4304 74.680166 -0.970642 50.280231 -78.988682 
4 671 2399 4425 4571 -27.435631 -14.796671 15.581018 -30.901568 
4 2395 2435 4581 4961 65.263408 33.087355 21.307591 -70.913815 
14 137 430 962 1137 1611 2475 2525 2551 2818 3250 3584 4106 4488 4733 26.151207 29.709793 54.088192 41.481196 -22.680009 45.972294 41.857327 96.823967 8.828880 -59.640246 -42.765270 20.177176 32.731521 20.148929 
4 203 406 3923 4172 -90.055016 81.992085 89.966707 53.369927 
0 
3 2920 4251 4708 70.722300 35.179155 -44.757252 
2 1640 2705 8.485560 -19.475332 
4 150 544 2408 4142 8.584684 -77.864397 -35.217115 -50.893249 
6 29 427 562 2897 3406 4408 24.169943 -51.727991 -85.202245 75.926378 84.935630 15.818896 
5 906 1481 3075 4091 4640 -12.141064 -76.700068 82.826637 57.341057 -9.072938 
7 35 2263 3674 4041 4312 4799 4863 93.303006 71.011635 43.613505 64.948892 67.903774 -78.749206 35.029708 
8 867 1525 1591 3036 3806 4475 4607 4941 -75.225654 -56.289237 82.164911 9.500101 -27.596148 21.083409 -19.399934 9.972064 
7 1222 1406 1435 1909 2591 2643 4480 42.533962 -59.675654 -99.485752 -4.987047 -81.295229 69.030231 30.373292 
10 286 306 1507 1824 2001 2170 2804 3284 3415 4288 43.812077 48.753533 12.777627 -41.747879 64.993988 -56.108963 10.752278 54.112941 -24.662642 -94.152076 
8 141 551 988 2220 2267 3546 3693 3775 -5.692862 -73.248461 -58.231542 -38.834662 34.292240 68.268593 41.292727 38.942628 
7 126 662 796 2157 4017 4063 4101 96.917420 1.441282 63.981612 27.837409 -32.947504 -78.729692 -32.862372 
5 781 885 902 2582 2972 67.867358 51.684251 -31.811785 8.292038 84.388975 
5 881 1063 2374 3233 4543 -8.612040 -11.796810 79.721706 -25.983985 -46.878814 
2 1195 3678 76.096406 33.880730 
3 3114 3796 4966 -42.613899 18.893080 -44.922258 
3 874 3176 4341 57.738731 96.080156 27.881005 
6 1314 2752 2948 4338 4592 4873 -13.354829 -86.035348 3.489136 -8.776494 13.892975 56.036040 
4 2281 2849 3971 4935 22.799229 -1.125468 -2.181396 44.480928 
2 1358 1686 -74.321644 -53.047819 
4 1413 2202 4138 4317 -45.738737 -22.338885 -12.330259 -40.718952 
6 175 1020 2116 2957 3968 4270 -59.811203 90.264596 -57.786228 -9.352259 -25.284087 50.462899 
3 858 1161 3793 -23.638125 89.826975 65.869521 
6 1025 2222 2591 3386 3574 4179 8.085941 -37.687268 -42.570035 80.503062 95.103316 6.161583 
5 2273 3405 3746 4389 4446 -67.928630 -1.954161 -62.327843 96.620928 -75.586184 
4 276 997 1333 4530 -57.786652 -65.732807 33.337780 -78.206992 
4 341 2052 2331 3823 -52.636670 -63.152883 4.164208 -66.980339 
7 1753 1825 2276 3164 3547 4273 4829 79.678984 22.516215 -95.590991 60.754856 -19.841068 -92.753727 54.097693 
6 922 1094 1100 1599 3551 3723 -20.181287 30.687536 -61.751012 49.293423 90.677032 -24.544689 
2 1138 2998 -64.394501 -71.853418 
8 229 887 1004 1213 1291 2313 2713 3840 -85.778565 -19.762903 -23.725806 26.404618 87.540594 44.851272 57.502614 42.677943 
2 1983 3941 -23.486804 -37.157466 
6 88 1947 2669 3618 4034 4195 58.259979 -99.336570 46.674061 -23.401402 43.061167 88.749511 
4 645 877 1189 1976 -31.794691 -28.022177 -19.526258 48.754219 
9 304 505 638 660 799 831 2178 2308 2750 -88.288431 6.696900 13.132653 -57.509068 69.015586 -41.222398 -6.257373 -59.642796 -22.874094 
10 856 858 1609 1965 2772 2996 4156 4345 4483 4760 -42.533287 -36.642725 -4.796789 49.561459 -36.560822 20.807737 -91.255891 37.535117 -66.863987 -89.483271 
5 836 1126 2453 3228 4769 -68.088639 47.194619 -21.692237 68.768645 -87.826489 
4 1655 3000 3124 4733 -27.665123 -13.430927 -4.684916 -63.424668 
5 390 833 3021 3180 4380 -76.513770 6.196165 8.139858 -79.330314 -65.013625 
4 688 1177 2450 2577 69.193564 -86.610760 -81.445513 -33.775873 
5 795 2954 3295 4242 4297 -81.330007 20.844338 98.476862 32.439906 -91.614415 
8 435 566 1213 2328 2407 3004 3029 4231 72.932369 -56.167213 -57.495617 -20.889227 -80.687454 71.713814 22.287235 -55.125939 
5 881 1551 1735 1742 2544 95.223620 -7.497388 90.959563 66.922690 -91.142595 
10 257 552 1764 1794 1867 2062 2339 2642 3556 3783 13.950630 62.792137 89.610448 -75.648584 -80.402643 69.667066 -12.687731 50.234911 91.920262 21.118333 
6 1466 2022 3305 4083 4120 4908 -56.464439 65.051943 -4.871029 -21.313731 -31.241125 20.849890 
4 934 2681 4022 4909 -3.935839 -86.103248 -62.608674 89.125117 
4 1236 2076 4220 4823 34.663043 77.061438 -59.207994 56.838273 
7 512 704 856 1384 1847 3065 3107 61.676819 -99.177596 -26.360251 78.342561 -90.396721 -24.580716 59.705093 
4 1516 1534 2751 4521 -33.609225 4.421440 -28.867789 -39.671258 
2 1928 2122 7.503077 25.337989 
4 1079 3273 4302 4880 -85.778955 19.452880 -36.912350 68.039062 
4 787 1580 1904 2216 -1.653093 18.875121 -50.645817 -81.568122 
10 132 1164 1956 2545 2767 3352 4290 4321 4476 4631 -90.448602 -19.299138 -59.932614 83.079037 15.423809 -95.959432 60.972741 23.013030 38.629360 -59.757654 
3 2313 2962 3477 3.714813 27.223856 -44.524999 
8 888 1874 2053 2363 2488 3263 3334 4271 37.863378 63.599790 -78.303112 45.510457 33.187531 -82.949162 18.076970 1.244614 
5 1564 1880 3167 3891 3942 -8.273018 -62.195245 -86.945381 -34.530294 51.176635 
3 376 1244 3872 -51.218595 -66.181060 5.309693 
4 1438 1813 2647 4504 56.473280 -99.490982 -91.381537 24.408668 
4 905 3576 4087 4541 54.063740 50.926191 17.127554 -30.055890 
6 544 1864 2269 2653 4384 4787 -56.487560 50.715941 63.048604 60.100294 -81.770099 -39.901865 
8 60 990 1532 1720 1989 2246 2750 3370 99.833795 79.227764 -87.763925 -79.373802 65.938482 39.702431 -52.008439 -4.671382 
3 1002 1222 3230 71.632773 -90.328071 4.924665 
9 390 512 557 1963 2165 2542 2888 3704 4605 10.134486 -32.364742 66.858251 -91.135236 44.575006 65.585774 -42.997516 -9.448935 -3.168904 
4 3375 3385 3596 4231 -37.554534 89.570661 56.844698 72.754904 
3 1179 1614 3480 -47.458932 -97.377036 7.564223 
7 648 1016 1376 2023 2277 3902 4638 64.971070 70.518890 -2.291913 -49.749020 11.340440 83.580595 35.731387 
5 938 1332 1486 2678 4387 15.346438 62.029773 -13.822497 -44.515010 56.891486 
6 315 2146 3005 3010 4219 4710 40.897020 65.103056 78.089006 -82.462226 58.411037 -62.359667 
5 1060 1567 3131 3170 3381 -58.393114 -48.167543 -75.784738 -42.321378 73.764485 
3 758 950 4288 74.681869 -30.737560 -20.701723 
5 661 1475 2334 3157 3813 37.602123 21.350959 -78.808477 8.456516 10.380436 
7 675 1490 2410 3249 3405 3411 4834 42.002708 5.464167 -6.594597 95.832296 86.283456 -5.257844 52.544155 
6 1541 3471 3534 4252 4567 4865 77.026515 82.542331 43.539700 -30.126728 14.801406 43.301229 
8 201 524 3147 3330 3601 3696 3768 4013 16.211452 -88.059784 -13.307973 -75.652037 -58.096684 -86.083818 67.410817 -61.115502 
7 546 2210 2875 2905 3897 4453 4974 -77.281286 57.887910 -47.809407 76.727097 62.817874 43.690563 57.813607 
6 490 1004 2241 2589 3144 4159 9.695650 7.044720 -24.235128 -57.704705 11.797849 4.259490 
4 2539 3970 4008 4257 -68.998787 -6.027779 18.192746 -70.612676 
5 277 1971 2134 2368 4541 -29.852645 79.064301 20.285262 -46.727045 -99.854765 
5 246 833 1711 1791 1807 -74.400592 -32.132598 70.588023 -45.669887 -12.148429 
4 274 282 1484 2112 -7.532002 -12.686827 -98.787858 10.100531 
4 409 1445 2910 4134 96.866876 97.859014 -14.963953 46.307677 
3 1912 4685 4738 6.570151 -10.876623 70.860001 
3 2086 2150 4731 -9.585642 73.227525 -37.082724 
4 461 1656 2141 2691 41.689422 59.231081 84.433361 44.155524 
3 1922 3568 4917 -32.407440 92.053778 -44.563404 
3 208 1930 3702 -55.382217 54.590932 -24.781514 
3 734 3875 4528 -42.903406 -27.545288 64.900857 
6 51 176 1733 3214 3877 3947 58.109911 2.789285 -40.068365 97.759648 -41.848463 -81.866311 
5 549 1365 1486 3138 4310 35.893600 84.679081 -96.266221 -2.668644 -40.898277 
5 1264 1430 2633 4327 4573 83.997967 -59.833720 91.991343 14.225463 17.016774 
5 408 795 3423 4382 4593 29.540342 42.125316 90.975209 -50.590897 -95.984343 
10 63 477 632 749 1024 1111 2836 3293 3543 4937 64.347408 83.551735 -97.980693 32.503756 86.437497 41.501622 -53.941164 74.930446 -40.691697 -85.752411 
5 2984 3453 4039 4046 4684 -74.751454 54.291442 21.488984 -21.552620 18.396259 
4 1151 3045 4336 4409 93.918433 88.706016 -69.793223 -68.683843 
7 390 1550 1621 2140 2912 3427 4076 91.852514 89.234594 -88.759808 72.035116 -8.350747 -39.211386 -86.106541 
8 172 448 600 695 1629 1742 2265 4153 16.574700 -0.367264 -52.179703 48.471545 86.906859 -37.369037 37.234961 38.006780 
7 652 1441 1897 2599 2740 3046 3666 30.926382 39.560540 83.020181 -2.120915 -89.625761 -35.929577 -43.634398 
4 2187 2424 2634 4988 36.220072 -18.392366 79.370576 25.994948 
5 2372 3245 3900 4529 4668 54.403911 83.863412 56.614154 9.650590 -12.422462 
3 383 1739 3245 -47.101641 -29.021686 -33.366142 
2 2165 3993 -83.063544 57.164714 
2 1217 3776 56.416848 -99.954892 
5 521 2426 3217 3747 4878 35.594279 62.838163 58.651501 -46.581471 -67.340011 
4 274 795 1367 3643 23.569546 12.146367 25.775267 59.942286 
2 1009 3542 12.362763 -41.756667 
4 772 1378 1896 2858 49.951723 51.601959 2.366665 64.073105 
11 29 226 296 1423 2281 2317 2688 2691 3542 3757 4699 -14.823997 46.334279 0.966192 20.335584 62.083030 -70.457296 -38.384992 -10.321993 7.117183 52.022208 -35.052607 
4 774 2101 2906 3785 -42.821629 -1.092737 -32.883892 7.800765 
4 371 2295 2491 3598 -66.493632 11.210843 81.718806 -46.837918 
2 1897 3954 -54.443772 -38.933058 
4 911 2421 3463 3661 94.521617 5.984238 78.953036 -78.345713 
6 141 1310 1804 2528 2543 2679 -11.081727 9.089443 -73.268526 15.149072 29.889666 42.737135 
6 881 1743 1970 2266 2442 3007 -60.730860 28.271559 -19.035076 98.680921 -2.018101 36.579089 
9 706 1233 2232 2801 3306 3519 3640 3694 4832 35.455407 93.361244 -36.103791 0.268694 -45.955442 44.569147 -47.146031 8.896433 75.359984 
7 1145 2349 2758 3934 4372 4599 4605 73.369626 49.750798 -65.659646 -73.583448 -43.238939 11.696871 72.641634 
3 449 3699 3841 -76.112283 80.140637 -57.400929 
1 4438 -41.864665 
3 1905 4332 4840 94.202636 -99.384027 -99.496991 
10 324 533 1076 2116 2316 2472 2827 3189 3277 3509 42.689959 16.037347 -36.012527 59.379958 -36.398948 -76.523463 -78.227542 -46.017314 89.957244 -18.878908 
2 1633 2208 79.164528 19.384600 
5 1298 1485 2508 2909 4938 -73.134830 5.206905 -2.785778 -34.145728 87.696278 
2 2618 3043 42.170043 16.306054 
8 582 1166 1502 1953 2150 3417 4088 4947 71.801079 -1.489880 -41.957525 -77.912255 10.051391 2.774022 -45.085826 -72.294918 
4 1190 2393 2758 4373 -33.752851 18.456881 -94.541981 -66.133531 
6 1390 1500 3211 3644 4164 4713 79.625509 54.072560 -50.877601 -44.911994 -49.954691 52.248059 
5 1686 3286 3319 3901 4187 63.917833 -76.679563 39.320935 25.257662 -60.142193 
5 606 620 775 1001 4273 -80.969432 -53.674247 36.022992 52.726106 -4.931258 
7 79 875 1738 3506 3739 4581 4996 -94.894943 -38.147009 -58.874646 86.924521 65.371301 -44.714261 -26.803232 
6 46 175 272 1991 3834 4364 46.234250 -2.285548 -17.454666 -98.320402 -66.479750 -20.747477 
5 664 1902 3093 3129 3317 -14.867284 -75.179003 -84.463522 -60.543119 51.890902 
2 665 1546 46.856384 44.940750 
7 558 1376 1682 1876 2309 3970 4697 10.252323 -50.799283 71.188211 36.981436 -1.896085 36.371653 -90.096286 
3 551 1043 1974 44.709781 -57.603238 -39.071283 
5 804 2490 2657 2901 4479 70.132958 70.457796 -44.249642 -40.382134 83.742735 
3 1201 1615 4712 -44.322782 -39.392543 83.755685 
9 51 582 630 1429 2016 2966 3242 3984 4006 91.893764 28.623119 82.211110 43.287331 -14.369970 -97.303790 -11.118137 8.218755 23.138599 
3 484 1067 3495 51.008955 -88.430204 -55.114994 
2 1910 3345 -10.631268 -39.864087 
8 415 759 1184 1193 2282 3200 4170 4197 64.024148 90.134904 -67.749605 -17.047865 -86.462168 -92.869828 6.118529 54.628413 
5 350 1676 2040 2627 3648 -6.836098 70.749045 -67.286062 45.204504 -99.983640 
4 271 3149 4758 4808 59.065732 43.146091 -98.715434 20.482113 
3 1637 2790 3476 86.339748 -45.185910 -93.764654 
12 329 338 398 731 901 1795 2476 2783 3001 3715 4044 4705 98.323470 -48.347895 79.202852 99.787898 81.624453 18.053906 96.635553 14.993956 -52.196037 -70.744757 -81.706903 96.107813 
3 985 3841 4524 -48.351275 54.063954 -45.661745 
6 647 1085 1212 1512 2281 3014 -15.226317 -42.847396 -48.944885 26.810230 -60.362892 -39.941691 
4 1548 2109 3297 3439 -66.018834 -42.966234 -24.526522 24.319915 
5 1026 1127 1559 1991 4272 -0.640298 -13.981979 -21.905546 -32.764939 29.157424 
7 866 1369 2888 3418 3897 4296 4437 32.224027 -16.909416 -0.114663 -43.180822 -49.601902 91.191645 25.063034 
5 1138 1485 1631 3028 4568 10.103012 -79.915577 -77.198128 -6.698813 -49.184537 
3 2937 3644 3828 37.490055 84.513633 42.581526 
3 1166 2621 4146 -67.764556 21.156742 -83.709464 
6 208 685 944 1280 3707 4640 -3.751847 -47.497645 21.763768 -3.743198 22.188566 -91.949440 
5 478 1417 1435 2633 4963 -78.221068 80.989564 33.194489 89.175496 -27.340296 
6 1110 2162 2431 2890 3422 4158 54.106120 67.088235 -69.941420 32.387167 -39.192536 -76.921962 
6 406 595 2268 2429 4391 4852 -36.878994 45.681686 -36.716103 47.151709 33.313728 13.422316 
6 334 836 3014 3129 3350 3786 -89.048607 28.097528 92.525601 55.133975 -99.641802 -6.631054 
8 490 611 1008 2128 4494 4605 4714 4918 -59.553161 93.738425 -30.091873 -35.868241 35.466272 47.267622 80.738054 -87.745227 
7 232 502 853 3096 4191 4828 4931 11.782241 47.459892 99.622334 -83.277477 -85.246111 -56.149958 63.754763 
4 693 969 1416 3714 -19.820794 -54.392445 -81.132082 48.454561 
4 616 1006 2830 3929 41.011344 -32.763720 -9.910163 27.665002 
3 398 758 2995 47.426792 71.200976 -3.332029 
4 1555 2458 4278 4880 67.834117 92.518581 -78.895167 37.982782 
3 485 1038 4797 -68.590145 -20.726449 -31.136435 
5 612 2069 3056 4009 4892 -19.029102 40.156967 -21.857479 -72.205514 -23.491149 
7 600 1860 2081 2823 3271 3714 3900 23.192577 61.237654 -41.759205 -4.928366 -49.132003 58.920559 42.985838 
10 203 801 860 1555 2572 2675 2702 2751 4473 4711 -29.652834 -80.637112 -16.036889 -77.592220 -78.168691 -41.732082 -50.419373 58.475073 5.575581 29.275456 
7 1334 2058 2253 3220 3431 3501 4634 35.501090 -54.578082 -98.898846 -85.553015 -46.963242 -74.936990 -32.725569 
1 26 -70.396483 
5 1773 2801 3356 3359 4127 -64.828141 -12.289781 35.094805 -89.308438 -10.162017 
7 264 437 1057 1109 1738 1794 3188 70.195861 38.293076 13.843679 65.272615 89.493037 -33.660778 48.401902 
2 1451 4537 -15.498697 65.295720 
6 1288 1531 2028 3547 3598 3732 -8.599878 -62.299531 84.751566 -19.415630 -6.384275 9.042555 
4 1248 4019 4503 4598 57.504375 -92.821968 -90.928076 41.172850 
2 3787 4612 -98.457235 78.924245 
4 424 785 1875 4727 30.359605 -7.133151 -90.855791 -32.743194 
5 1078 1407 1877 3589 4987 52.389790 30.572971 84.611067 50.864060 82.419016 
5 714 1071 3430 4365 4942 -28.036220 -9.800176 -14.335294 98.869098 64.372883 
2 1509 4816 54.958382 -71.524044 
4 1280 3648 4114 4474 -94.824977 53.137242 79.124581 -96.263499 
3 643 3333 3607 -44.483236 -56.556291 78.662421 
4 921 1786 2261 4165 79.279452 22.131511 -78.592625 -89.223172 
8 1804 2292 2631 2774 3133 4055 4281 4577 24.997019 -28.891148 18.652769 -20.528023 -32.781398 10.030297 96.677053 -20.564713 
3 2571 4435 4871 85.588317 53.945027 -37.903579 
3 308 985 2384 -70.682624 -0.996983 -81.990261 
1 4490 27.847462 
5 33 55 192 505 1658 -97.557700 -19.740955 63.895067 93.402244 -33.669165 
2 974 2222 -38.097385 -85.300051 
5 767 823 1464 4230 4272 -76.538270 23.455333 32.220731 43.909240 98.752505 
5 583 1524 2123 2623 4926 23.350514 97.753258 34.939610 -90.227105 36.283569 
7 38 260 1223 1376 2344 4407 4837 18.422381 -45.340120 -64.346955 -72.886908 -41.927904 70.684520 25.242611 
3 2207 3298 3671 31.768576 7.459771 50.475942 
4 907 1449 1644 2927 48.913930 85.253855 -11.247194 68.467742 
6 873 2120 2251 2359 4134 4338 -51.591316 65.810060 41.358746 -78.307877 6.597624 -89.010330 
0 
7 950 1922 1993 3016 3330 4716 4983 -52.118533 97.239675 20.645386 -35.866328 -97.853266 87.075358 85.513711 
12 371 387 526 1074 1262 1569 2703 3423 3485 4271 4385 4706 29.096656 65.754074 -58.248404 56.285935 33.698850 29.354394 43.795375 -17.169703 -67.121525 -49.470235 -86.679988 -61.429199 
3 1159 1570 1837 -17.775194 -28.054660 -25.020890 
2 1118 4246 72.154808 -23.792932 
8 350 460 881 2845 3410 4275 4758 4988 91.415954 11.831491 79.278875 -89.375783 66.742501 1.772334 -75.065787 -25.260286 
5 46 2262 2547 3353 4395 -18.410007 41.608510 -91.404117 65.335503 -0.087388 
8 762 1477 1665 2302 2333 3214 3620 4656 -2.059572 51.091649 70.570938 -39.124922 6.714714 79.578079 -83.330687 -30.799931 
2 4503 4540 -43.624255 22.737305 
7 667 1008 1612 2492 3490 4636 4738 43.189120 11.357963 -0.936401 -36.042916 45.394889 47.133894 -55.415638 
4 1112 1932 2867 4380 93.666235 16.472586 -91.842522 -22.900156 
8 822 1594 1799 1969 2347 3647 4554 4559 81.796510 33.968951 11.128637 33.280861 -65.143791 10.640372 -11.753966 -30.923359 
6 9 1203 1865 2386 2801 3115 -50.738111 -68.952906 -79.923845 75.562812 -5.089803 82.056741 
9 121 404 690 777 985 2236 2390 2806 4709 97.096148 78.370393 53.368685 -15.349168 63.704464 85.766843 -8.439111 -26.807611 -35.698446 
5 1906 2519 3647 4526 4983 -36.350606 -17.845999 -94.854563 18.458689 -89.344444 
4 1660 2069 2135 3071 38.147891 46.175153 98.405683 45.884857 
5 1000 2749 3519 4513 4675 -97.274434 81.455194 -93.246764 31.216500 58.690507 
3 876 887 4395 -0.092134 70.123204 66.289465 
4 1489 4039 4496 4921 -32.329521 -48.109698 -28.749346 39.921900 
4 230 4145 4155 4605 30.135402 -89.212437 -23.035142 81.475744 
10 941 2291 2557 2652 4240 4449 4534 4654 4801 4811 58.809975 -84.770689 -52.424919 -10.056898 57.281560 -33.282537 -51.761123 -91.623088 12.953460 -79.468644 
8 45 73 924 972 1635 2349 3718 3921 20.994943 -0.857709 -26.583208 -57.091799 20.465521 9.238973 -72.574842 49.803901 
6 543 1374 1606 2446 2690 2778 -98.132433 -42.283471 -25.252913 -80.856215 -87.847647 47.419578 
1 1058 7.273088 
4 242 1256 1488 2746 -67.922254 -4.983722 -83.521510 -7.637131 
7 74 1010 1258 1905 2398 2521 3240 39.147224 62.722407 -69.875323 93.686376 69.795636 -29.868052 85.526494 
7 918 1424 1643 1826 2053 2253 4315 -34.525438 27.095089 -99.768375 67.042480 -40.412586 75.309722 -15.530237 
7 639 2636 3183 3273 3825 4709 4761 80.534483 24.326857 49.678844 93.833259 -67.007447 46.287515 -29.232080 
6 129 1457 2360 3736 4060 4577 51.731496 82.336349 -15.055578 93.843746 -46.160996 -22.214837 
7 359 779 1348 1615 2184 4278 4779 -50.112797 -6.092119 13.158414 -33.644053 -72.533608 1.421331 98.372034 
5 55 1496 2026 2711 3493 -54.133786 -58.160070 -76.431660 13.202171 -98.128480 
7 822 1107 1738 1947 2699 3013 3143 -64.358400 39.798630 -90.515823 -30.256022 69.034833 3.712173 98.338190 
5 308 603 2838 3875 4575 9.094516 61.194122 -50.545420 -99.452717 65.495812 
8 28 227 660 761 1087 1443 1935 4738 -6.730538 56.979499 30.091595 -43.062817 -57.573753 8.337665 89.391398 1.340359 
1 1160 38.313204 
6 883 1198 1311 1644 3385 3871 -31.973566 -12.538880 55.549112 -92.683561 -48.336129 78.405530 
5 803 1203 1747 3348 4261 94.602315 -47.840102 -65.801212 -76.193576 91.153411 
4 725 1045 3363 4988 15.544693 -6.505743 19.606187 -15.301814 
5 159 354 926 2251 3965 50.649322 36.121921 -84.853007 66.698732 -5.084444 
4 385 881 2873 3519 64.943929 3.143289 -33.880634 -93.645327 
3 3360 3643 4866 -95.475994 -1.623171 25.194849 
10 432 1650 1880 2791 3328 3402 3607 4519 4557 4582 -58.719615 4.394160 87.361252 -21.945126 -41.122939 91.350396 85.301970 -10.689950 28.076847 26.545662 
6 807 1437 1475 2204 3767 4683 -20.731431 3.074781 40.492012 67.441370 -67.881873 96.047113 
6 1512 2133 2826 3844 4275 4952 51.776794 -8.176727 -77.488605 88.906629 -33.122866 -70.798710 
5 530 679 3316 3745 4445 63.136398 -30.786449 -89.358492 -28.165472 -59.527177 
6 2362 2612 4256 4350 4369 4522 -90.489820 -43.140147 41.170904 37.302513 77.405223 -20.153929 
5 1385 2054 3002 3064 4018 -70.139885 -62.351407 30.469737 38.801906 -49.493249 
3 846 4357 4378 0.680114 -23.854934 -52.055146 
3 555 2828 3651 -95.620774 -7.656993 7.243478 
4 340 437 3358 4163 77.168197 -57.005687 96.648303 18.857816 
10 960 1285 2064 2164 2255 2371 2919 3131 3913 4200 -40.332384 -91.819946 -46.148242 -54.343937 -64.560546 -34.665727 69.524527 9.796459 -62.446840 -98.227115 
7 645 2388 2584 2829 4090 4511 4935 -33.157476 -1.981974 61.562434 56.684844 -1.700997 -15.829678 10.955270 
5 675 3000 3126 3281 4373 -58.100522 -57.002470 59.452193 5.740476 -84.411541 
3 246 4003 4614 -1.486639 -86.249650 99.068878 
3 1370 2635 4952 77.740512 53.460441 34.218234 
7 559 1164 2313 2708 2740 4105 4639 -16.842101 -25.205357 41.975934 -89.598696 -2.549200 -63.767990 66.019013 
2 2146 3306 95.757462 -43.603882 
4 539 1126 3467 4070 -81.161075 98.483561 -89.839768 90.738162 
10 623 814 1522 2125 3049 3094 3127 3422 3976 4154 -89.501818 -69.815777 76.768569 18.239420 20.149514 -7.165064 -6.713461 -50.008839 34.047232 93.323917 
6 411 1148 1166 2477 3702 4339 -89.843175 -31.060423 -53.413143 -71.864038 -37.276332 83.489293 
4 1175 2032 3764 4040 55.078400 61.879329 79.178300 53.865221 
3 35 175 3219 90.228543 38.313362 -82.401373 
7 715 1338 1498 2482 2947 3535 4028 61.077313 -6.930027 -67.454308 65.734741 85.536969 -9.779695 -11.842149 
7 762 860 1940 4352 4439 4786 4892 16.410074 12.300037 -78.841418 -87.530353 68.112156 62.767777 -70.766758 
10 606 698 1304 1385 1927 2076 2196 2285 4496 4585 -59.460377 28.666973 -36.100041 -73.028941 -41.003600 -60.558713 14.348970 65.417593 -28.735013 -54.325280 
6 212 1000 1419 1765 2674 3607 90.760264 -60.664669 47.002630 -47.016422 84.881364 20.146937 
4 1503 3837 4112 4248 40.836116 78.973097 93.594312 -34.609354 
6 1364 1647 3143 3213 3244 4990 -34.046577 9.005529 -8.461645 -60.086717 6.326831 66.934743 
6 428 1022 1043 1178 2980 4392 55.285448 92.213486 78.207387 93.334554 -41.399944 64.190744 
7 718 1750 2046 2964 3139 3673 3890 81.713494 57.636852 5.293362 -97.607854 45.113327 -11.757648 32.504444 
4 774 1561 2351 3505 80.951403 -24.697806 -86.184370 79.533209 
4 457 1996 2405 2989 -69.195600 -85.947219 -3.614891 -8.035078 
7 246 1201 2270 2514 3094 4726 4849 -20.247796 -85.771581 -98.668429 -31.078588 -82.658438 42.047895 -20.594820 
3 479 861 3129 85.174742 88.749035 65.424407 
5 1831 2275 2381 3341 3387 -4.757310 -0.076578 -90.473911 54.501518 61.706110 
3 2392 2555 3021 -31.833605 -11.503402 75.651910 
6 658 2999 3547 3549 3670 4476 2.401573 -99.105687 69.055963 39.282880 -54.936368 -12.344938 
5 2011 2549 2618 3204 4190 24.744584 49.702322 5.885924 61.887251 -87.281066 
10 527 929 1330 1861 2171 2291 2677 2787 3598 4184 -8.277193 -12.917767 1.172690 23.174571 69.699984 7.275102 68.090456 -85.437814 -73.177904 -10.329085 
8 2 906 963 1283 1735 1739 2515 3667 -95.080714 -53.943712 37.346109 -43.052676 -80.350145 76.756470 -89.840749 94.000600 
5 214 821 2429 3284 4941 49.387953 -25.188464 -15.533988 54.371659 -78.905989 
4 275 1517 4294 4903 -62.134000 -58.773707 56.174930 -73.460849 
2 3072 4593 -4.943684 60.328319 
3 2547 2632 3700 -96.798086 32.000622 50.894040 
4 1209 1299 3823 4406 10.426379 40.968161 28.664788 9.219993 
7 849 1241 1351 2210 3755 3978 4615 -26.278614 11.122059 2.987522 -93.527610 -19.890514 29.919478 -74.712030 
7 51 162 1458 2830 3479 3797 4988 -42.385119 32.099208 58.520427 -76.186541 74.973824 74.191541 -36.560800 
2 1882 4731 38.291118 -24.068204 
4 1454 4226 4247 4888 -11.346072 -2.296481 57.772215 45.742470 
7 407 664 2534 3625 3886 4378 4650 -57.617092 -64.799952 88.502338 49.274943 -7.340968 83.298962 96.437006 
4 2375 2535 2543 4465 -27.349571 72.449098 97.920605 -84.007940 
6 91 712 1193 1284 2832 3716 -0.387935 64.856530 27.914253 -2.563727 -27.024003 38.582988 
3 766 2253 2869 95.677903 46.043703 -51.567465 
8 294 700 1076 2714 2956 3546 4098 4809 74.429211 -11.255184 -42.521833 48.026124 63.536680 -45.013207 -38.933644 99.161343 
4 6 445 4203 4624 -45.733819 -29.792231 44.353683 10.197856 
4 1606 3493 3927 4830 -81.809358 63.119781 59.250377 73.652693 
2 2437 4681 -90.113016 38.051428 
10 152 952 1744 2112 2313 2357 3016 3032 3497 4626 16.531172 60.486770 -19.752345 85.431550 10.297049 -52.629528 -2.827848 -33.857051 -10.294872 -83.327713 
3 1134 1434 3768 99.395978 -10.551838 -23.482820 
3 519 1900 2357 0.170319 -30.235416 -67.393145 
6 953 2077 3392 3725 3854 4740 -43.442707 -67.168004 -59.427821 -37.463551 71.204583 1.671872 
3 720 3479 4714 -78.441953 21.805024 -50.308247 
2 1690 3850 73.950503 -90.050566 
6 1662 1874 2582 2869 2918 4094 79.730703 -14.349377 -35.816479 -2.338700 -48.558027 66.606925 
8 160 288 1096 1103 1252 3868 4761 4765 31.545651 76.854579 84.562942 -24.008579 -18.053550 31.577493 -48.933402 -70.679920 
4 569 3285 4343 4650 -5.955931 69.767556 -59.568056 -43.946577 
7 468 569 1948 2902 3655 3788 4401 93.646736 51.203461 -64.654039 -75.770161 -50.606770 -69.834009 92.930931 
7 671 2179 2262 2531 2735 3594 3812 73.680909 84.618097 -81.419755 74.124840 57.424855 -90.946796 6.933859 
3 924 2404 3399 -35.768026 40.522001 -54.030217 
2 189 218 83.728726 -64.859310 
5 1246 1786 3790 4092 4888 -38.927358 85.749271 -44.212343 -4.909667 -10.717483 
5 3132 3358 3485 3639 4810 43.719496 86.411104 55.997798 -99.961731 -70.225129 
11 1267 1695 2160 2348 2530 2532 2700 2998 3944 4167 4559 8.005947 -57.583604 -79.451591 14.397086 -95.768830 -4.332739 -4.596831 76.522270 -59.090292 61.124914 -39.095244 
3 131 444 2993 -23.636852 -92.577931 91.857697 
5 42 312 575 862 1319 43.292011 98.788664 -25.605870 -64.209422 -32.865887 
7 70 1894 3431 3606 4331 4393 4658 81.002720 35.999297 -76.339221 99.843810 -16.654558 71.262849 -2.097939 
5 807 894 1304 2436 4100 -91.114689 -82.253586 -59.351440 80.415183 5.572508 
8 566 1322 2049 2789 3090 3357 3955 4948 -16.859349 95.587510 90.148789 -30.729406 12.518770 57.886823 56.992472 11.189006 
2 2317 3493 36.546224 -71.312017 
3 2266 2389 2537 16.712815 -93.053859 -96.515120 
2 1596 1798 97.684593 -11.540264 
2 302 3855 -69.219842 12.782453 
4 11 1371 2923 4017 -61.772477 14.827926 -86.511613 65.273502 
4 926 3683 4055 4621 14.048756 62.223527 93.657580 46.615738 
3 457 2531 3632 46.501989 10.842469 -5.691813 
6 1266 1952 2358 2539 2762 2950 -55.469991 -90.409034 20.359812 37.798071 -26.065105 -46.761446 
9 1178 1894 2001 2022 2094 2155 3883 4156 4850 -41.536174 -67.956126 -73.510818 -21.794961 -72.560979 17.248927 -97.447876 -56.275463 -89.245580 
9 1052 2438 2464 3637 3754 4140 4300 4890 4914 -15.855958 -64.235088 31.823283 56.293793 45.833432 -30.091782 97.878719 -6.965740 41.957848 
4 342 2568 3233 3749 -0.075024 -4.570046 57.688632 -10.579116 
4 977 1654 1732 4576 12.021204 81.502572 -23.551509 30.301907 
8 329 1270 2149 2446 2617 3704 4088 4291 -95.454452 19.858604 87.872751 99.229332 -97.486813 -0.918599 -47.556695 -38.308733 
5 1329 2709 3405 4375 4613 84.492426 70.307663 93.040183 68.212309 -43.195912 
7 1192 1391 1878 2559 2682 2957 4714 -85.094814 88.876752 -45.094238 82.307503 -98.662298 -82.455570 9.277617 
5 107 237 1744 3297 4874 34.845153 15.641863 21.653297 84.217024 51.965920 
5 2544 2687 3725 4357 4831 32.327242 -45.191592 74.544215 -41.518151 18.570679 
1 1966 11.370457 
8 390 817 1033 1279 3512 3826 3917 4983 -71.498134 -10.690912 -61.085514 53.258147 -72.412818 -48.192998 53.884702 -26.536492 
4 466 2145 4335 4636 51.575941 55.976842 -1.347042 -71.825096 
5 632 824 3567 3725 4259 15.313896 22.881884 -18.773931 14.035683 34.824600 
9 699 764 853 1515 2388 2485 4113 4367 4687 34.658411 -70.987401 -54.764811 73.270828 -34.170701 -36.268219 48.478117 6.598486 38.459575 
8 762 852 1126 1372 2472 2529 3713 4116 15.616187 -15.677554 24.268469 -88.914769 -76.152823 96.306951 -54.941168 -49.611012 
4 1911 2014 2507 4109 -79.525818 14.906228 89.286622 -50.496428 
4 347 1596 1976 3100 65.154008 62.378763 -0.717717 -78.320859 
8 142 1048 1454 1534 2514 3335 3526 4483 14.386370 -13.794557 5.919110 -74.672274 -12.601240 -47.080371 -45.823038 -35.867141 
6 305 819 890 1734 3302 4292 -85.981067 41.424716 -95.101972 -65.065967 35.741823 24.126491 
8 76 472 1257 2150 3529 3701 4293 4361 -49.441653 11.493861 -16.109069 -45.367227 8.399693 -52.810519 -43.712851 5.322428 
4 381 1548 1844 2401 -83.855054 -98.677427 -2.855148 -97.388765 
8 409 1304 3562 3722 3920 3984 4134 4268 -10.987494 -49.413930 -31.625737 -52.627092 -27.199416 55.107294 -26.031398 -12.610286 
3 319 1447 3161 -16.722532 -12.949014 -18.295165 
1 4237 -73.884392 
5 1248 2224 2454 4545 4931 9.780263 -10.024220 -43.734269 -47.574928 70.631306 
1 4288 -64.502234 
7 575 1076 2310 2930 4337 4742 4848 55.366504 33.211782 -70.731405 60.068399 -35.985575 47.738465 -86.144636 
7 1092 1755 2219 2259 2361 2520 2631 -93.591950 -25.185347 47.878133 -94.338933 -57.014874 40.006522 -83.086146 
6 959 3090 3314 4480 4486 4974 60.842283 -35.064221 49.471555 -51.227611 -12.102536 0.579849 
8 236 318 418 579 851 2687 3248 4188 -95.329641 -57.251115 -20.961268 -12.239419 5.739796 -16.222809 -35.147687 8.423996 
6 151 523 889 2539 2600 4976 -9.008787 -84.799348 32.653094 12.772569 89.581630 19.628539 
0 
4 89 2651 3843 4971 -72.625043 -32.447073 -52.923879 -58.813526 
4 1183 2577 3661 4328 -89.658424 -90.315195 7.671967 72.199508 
4 1191 2595 4468 4984 -39.306137 74.787347 61.561473 2.540900 
4 1018 1803 3392 4908 -61.234571 96.987605 -25.652634 -50.694295 
2 376 700 74.241984 99.120185 
9 449 767 911 2388 2817 3206 3697 4616 4950 42.565533 -38.427159 -10.055119 7.565709 -83.467952 77.983120 83.526465 63.840003 14.615371 
1 4174 35.529552 
10 64 1089 2221 3235 3329 3753 3774 4105 4656 4973 -83.404058 61.365674 70.431028 -48.403691 -35.036200 14.743030 -49.442876 56.997387 85.087957 33.415849 
4 916 1290 3458 4623 89.865869 -95.290777 -44.989911 -3.501937 
4 353 1229 2170 3391 -58.428130 -75.262695 68.771431 37.122628 
8 646 1103 2111 2807 3354 3402 4508 4770 64.116250 20.231988 72.705440 46.685136 19.888671 73.667523 -53.989399 -47.449223 
4 3076 3194 4356 4597 -97.754599 60.152691 63.722454 91.018305 
2 3630 4920 -40.287442 -48.634445 
10 1462 1515 1649 2355 2611 2660 3536 3858 4210 4322 95.889503 -1.649874 -50.757386 -56.600524 35.541704 -79.959290 -9.383297 4.815057 -13.811472 -30.776666 
2 655 4719 -60.959670 -1.867039 
1 3677 0.527998 
7 60 805 1118 1285 3588 4539 4864 -86.764104 -76.238433 -41.463082 97.693952 67.442504 90.299341 48.885718 
4 1332 2984 3022 4825 94.797624 -73.802294 41.890420 -50.110335 
0 
2 3486 4967 11.125702 75.904283 
6 153 1497 1975 3040 4483 4911 -47.124387 51.796917 51.347815 4.239404 -21.766272 37.783998 
8 274 992 2255 2358 2823 3038 3060 3673 67.896390 38.426651 61.777465 87.878789 63.651753 -0.513950 -86.431545 -87.947252 
7 712 1066 1092 1406 1944 2483 3707 -30.269625 14.497405 89.469265 51.519477 42.795322 59.670130 33.153167 
5 362 364 589 2103 4561 32.386500 33.663719 93.071505 -50.222966 -67.841374 
2 3647 4532 -27.355953 52.983834 
7 626 2642 2652 2855 3131 3365 4855 43.053021 -79.528306 44.511574 84.490699 -37.047259 -91.817470 93.304159 
2 3180 3623 36.684931 21.890183 
3 423 425 696 98.395098 81.289141 -84.363002 
7 296 472 2739 3463 4641 4755 4873 -46.142261 -61.916595 -92.684089 -75.194882 52.472662 -69.584059 92.232829 
4 1225 2341 3582 4389 53.580652 6.102329 22.958883 -83.992332 
0 
5 1178 1461 3948 4248 4940 11.234721 65.803974 -27.930351 81.297184 -49.022779 
4 2981 3493 3583 4952 -48.303101 55.899348 7.684079 -21.479742 
8 34 76 194 601 744 2024 2107 4869 -87.220751 -57.266195 -84.166011 4.091932 -51.593433 -75.591886 -40.740036 -39.914350 
3 148 864 1571 46.718923 -37.040692 -89.972226 
5 841 1653 1766 2180 4629 34.002497 -65.078991 65.942514 45.403637 10.213012 
5 951 1309 2644 2903 2936 33.829312 59.130162 14.621440 -7.562231 34.805343 
5 698 2526 3309 4104 4808 -38.244143 11.329962 -16.663214 67.942953 34.823771 
5 612 2169 2230 3665 3854 70.389012 31.621519 83.974398 -93.228005 -74.573979 
1 1442 37.607767 
4 969 1391 2140 2479 16.381468 55.068813 8.045943 18.972509 
5 1882 1946 2726 3062 3202 -75.227942 9.650793 54.962680 -27.843650 44.907324 
10 70 1642 1914 2342 2490 3035 3588 4002 4151 4612 8.362243 16.587393 -13.023890 33.816042 17.403112 -97.491682 -51.535133 3.741883 77.688380 71.745518 
4 700 910 4364 4444 28.647830 -25.041234 86.109992 -6.379292 
4 1184 1976 4441 4518 25.570572 0.746027 -2.879004 33.386296 
9 429 2478 2512 2720 3580 3896 3919 3935 4590 -31.526045 15.745869 34.722940 -36.165436 86.927734 -31.000437 -38.668335 15.209766 57.298324 
3 2878 3071 4392 -40.290832 -40.339206 -61.072731 
2 62 4464 -46.533745 86.235267 
6 2037 2664 2670 3327 4357 4764 -90.204501 -33.797022 -8.075920 -12.996301 77.925482 50.395018 
2 78 2210 39.978006 61.515983 
3 706 1371 3841 -17.428212 96.150517 -76.795284 
6 1201 1425 2484 3177 4345 4737 37.244340 -65.184470 -73.483404 33.388325 63.398770 -5.824522 
4 247 2346 3290 4950 -97.616820 67.349457 45.335962 85.576535 
4 674 1649 1836 4204 55.906629 55.740686 -20.433025 14.232223 
1 4074 66.696399 
5 1897 2163 2646 2991 4891 30.654787 -35.997982 32.778756 99.627073 -76.823894 
4 397 408 1923 3375 91.546230 74.559587 82.663030 47.067625 
9 219 751 929 1366 2511 2576 3803 4303 4738 -67.605534 -94.049147 89.616673 -6.209640 13.041325 52.620165 -92.844773 29.081541 -75.792970 
5 270 2222 3054 3594 4632 45.314693 1.337232 -73.137907 -59.226289 86.992514 
4 399 1011 2529 3206 -42.364864 -41.989061 -78.279223 -84.061754 
5 616 899 1102 4097 4286 78.670807 -91.513100 96.039753 75.318574 -83.901885 
6 1660 2227 2325 4612 4831 4916 56.108194 55.572401 -21.617929 29.894148 -54.769067 38.445596 
2 718 1832 10.447541 7.602479 
5 51 1544 3045 3994 4357 82.318859 94.716322 -44.403528 -42.073138 -8.788687 
4 1317 3065 4210 4630 -99.808896 -28.439042 -58.629181 -38.300177 
6 918 1135 2632 2762 3360 4745 -6.521653 -64.056162 58.729635 -50.654417 -67.768272 -11.770345 
4 719 843 1795 4680 -23.804875 15.860630 68.417191 -76.805254 
7 226 2426 3074 3446 3564 3599 3981 53.603103 99.861939 -67.669977 35.192547 -27.693376 -76.118548 -86.797901 
8 332 437 439 449 2602 3186 4226 4675 94.038199 88.818281 -27.489365 -4.995355 39.611974 -39.478715 42.744795 -23.380030 
2 4171 4592 -61.930548 -3.296468 
2 323 754 1.518589 43.464346 
6 125 284 1116 1376 1544 3194 -17.316411 48.901370 -67.965937 -34.512089 -92.558549 26.145294 
7 842 1251 2213 3602 3730 4021 4292 19.851036 80.378766 -13.922269 -78.304046 28.845620 -45.521536 -83.912999 
3 394 3111 3392 63.870060 50.039921 32.891004 
6 257 856 1492 2148 2224 4567 -90.185514 -49.410381 -74.386007 14.048863 46.536296 -34.167907 
6 425 952 1204 2572 3929 4991 27.803684 -20.047426 -52.420722 68.065484 37.459498 -28.623534 
5 1316 1456 1618 2642 3463 6.434511 -16.646039 41.903512 94.375615 -58.259292 
6 732 1055 1159 2840 3113 4217 -9.071287 21.842462 -69.276504 -91.351494 -33.298080 -7.319357 
3 1383 1478 2447 86.480985 25.302173 -49.981319 
5 584 815 1676 2248 4037 21.883317 -62.956489 -3.151185 -21.506174 -16.134840 
4 315 890 1408 2617 -69.719495 15.616508 -82.745857 -44.313157 
5 588 2397 2423 3868 4751 -34.736134 -73.433623 -90.988986 -69.361042 74.578883 
7 945 2294 2417 3262 3678 4580 4830 78.155495 -53.576572 91.209773 -41.198098 81.996783 -6.823932 93.960426 
2 765 2944 -38.814897 85.256402 
12 5 523 1276 1419 2109 2348 2745 3127 3378 3881 3996 4851 -33.756363 -65.224386 80.471298 45.874300 -84.643752 96.664518 -26.770145 -43.115421 75.377525 -17.000547 50.088644 -40.492200 
6 324 1092 1269 1865 2329 2471 41.511479 93.570856 89.292112 85.977631 13.607443 -11.512117 
13 15 379 648 942 1018 1238 1239 1360 2037 3198 3929 4197 4574 80.261509 3.005410 -24.684884 -9.450684 87.355748 -39.502712 17.872862 -73.550227 -69.499672 16.665405 -48.304378 91.101952 61.794914 
6 434 687 2194 2382 4219 4782 70.392756 27.054395 92.665191 2.029982 -68.095183 -20.732248 
5 974 2651 2741 3132 3329 -17.459745 -84.427275 30.654104 -29.095589 -25.168819 
6 431 1745 1772 3199 3847 4448 49.098354 58.895223 -0.348223 11.240351 -54.383430 34.044128 
4 2210 2581 3578 4689 -20.585671 -6.061355 -46.561965 16.262136 
6 238 967 1716 2571 4600 4695 14.286493 -50.267596 64.472973 -68.227648 70.630347 -76.977516 
6 82 1420 2010 2434 2454 2748 -10.569541 -5.536028 86.138112 6.220569 99.603505 7.660258 
6 1247 1476 1480 1562 3206 3463 3.478167 -14.886096 -11.231798 -86.860828 42.949024 93.167896 
6 232 708 1464 2854 3610 4977 15.523137 -63.273133 -16.301403 -65.943514 63.662042 78.069115 
5 760 1326 2080 2533 2641 -5.475862 99.484705 18.375784 -47.508508 -60.347527 
4 1123 1126 1257 4239 91.387977 -69.273073 64.013881 42.630120 
4 644 1261 1958 4186 45.254071 -47.792494 84.698684 82.317141 
2 992 1124 55.665175 -94.411089 
3 246 4310 4708 -75.101957 -70.112515 -64.977381 
8 600 2850 3350 3551 4250 4322 4371 4989 32.622437 -69.620609 10.284159 24.593339 3.913592 -94.338173 -76.227375 31.174634 
8 296 2396 2565 2674 3288 3709 3776 3986 66.206050 -63.900111 64.386506 64.256320 -36.131927 44.301024 3.203166 17.375626 
8 273 577 950 1012 1196 1567 1940 2287 4.777963 -18.078482 -9.738347 47.538998 24.727365 -86.888550 92.196230 -87.385837 
6 720 752 1088 3860 4057 4168 -14.410207 20.317042 -81.606892 63.115780 -86.907376 -52.552965 
8 553 676 780 951 1459 2254 3715 4741 33.282033 -32.088761 60.955412 -64.674587 -58.029052 32.329171 31.092113 -49.555756 
8 347 570 1147 1294 1543 1628 3619 4446 -95.031961 34.142188 22.434114 58.908896 66.883736 34.399915 -59.049346 -76.937156 
7 1006 1283 1461 1914 3215 3352 4507 -24.226207 46.620104 69.262023 -30.836086 78.441846 51.867719 74.028491 
8 888 1120 1196 1254 3236 3910 4121 4401 -43.939099 -22.265086 -93.682667 40.201045 -59.926183 -76.719124 27.953010 27.501596 
7 428 1883 1977 2387 3522 4186 4914 84.375789 -24.250664 77.406983 -94.797107 -29.553756 89.614669 -43.087912 
7 2282 2376 2768 2894 2924 3710 4468 69.260253 -26.155729 5.400370 91.023658 69.162387 81.194911 67.985148 
3 1342 2001 3058 78.189988 -32.670647 -21.541778 
3 114 2383 4447 11.260482 79.841550 -13.727572 
3 3491 4536 4626 92.134618 -60.188778 -18.133562 
6 1671 2552 2707 3054 3504 4786 -6.004467 -16.535614 10.583346 -73.723636 13.118331 51.954968 
5 773 1025 1056 2150 4825 72.030043 -81.301602 -82.071971 82.590712 -42.281529 
2 1222 2549 -37.369839 55.894615 
3 1272 4907 4954 99.576647 -25.737439 -61.653472 
5 3649 3898 4512 4696 4715 -90.988522 6.924854 95.225276 -27.906080 89.168046 
3 1070 1866 2185 -24.488937 -0.416629 -97.867144 
6 809 1608 2871 3488 3617 4794 -73.627151 -66.005319 -41.448652 -70.072984 -82.898188 88.808296 
7 864 1132 1240 2623 3344 4300 4472 64.035520 10.358205 50.433082 18.981573 43.499755 84.087708 1.820539 
5 1 322 2352 4782 4944 33.517260 -57.777254 55.618812 93.262003 32.695120 
6 572 1503 2389 3643 3704 3881 -92.179780 -26.761403 -55.611277 -84.721616 -43.493868 -84.749932 
3 97 1107 3906 -48.576543 -48.670562 52.376493 
5 206 1425 2138 3355 3822 -92.422427 85.304477 82.868796 96.201579 36.603894 
4 991 2206 2473 2597 20.902633 12.881976 9.264685 29.269020 
4 979 3217 4550 4720 -61.880918 75.659703 -16.318294 37.231205 
3 783 3701 4535 36.760339 56.932715 81.828469 
3 408 3314 4910 82.277133 -50.650903 34.941443 
2 837 1740 22.932735 77.326342 
4 1362 1480 2159 2810 -34.734890 92.590279 37.857446 -48.459057 
7 1062 1115 2481 3744 3917 4201 4827 15.408964 15.213249 -63.237144 35.632266 -21.872230 -64.403199 -8.763577 
4 518 2164 2874 4699 -55.552017 13.614609 -9.191378 98.917236 
4 1018 2593 2796 3742 93.738046 -16.142977 63.218411 -86.688085 
3 1991 2251 2706 33.153357 57.634110 32.439019 
8 95 542 1192 1861 2107 2110 2743 3673 -8.208195 77.179019 -77.328582 29.291857 93.351706 51.594714 50.131637 17.786577 
2 3492 4603 22.650668 -93.367722 
5 2179 2803 3813 4260 4430 -28.051358 -48.899352 64.917405 26.684949 66.282905 
3 184 3404 4138 52.909282 -93.860149 -66.903965 
2 2550 3978 51.187771 -24.616313 
5 13 284 1747 4717 4797 10.327762 4.061854 54.462261 -66.683643 -67.613942 
8 557 803 875 1752 2348 4295 4542 4733 -41.102142 -19.681186 16.903302 66.351897 -13.723456 25.379912 61.885871 24.046162 
6 448 1295 2197 2972 2995 3882 -14.726696 -27.356807 85.213450 35.807651 -9.529715 3.915011 
4 822 1180 3871 3888 43.703603 -17.297936 -65.864617 58.152032 
5 1057 1287 1498 2884 4595 -57.876397 23.149310 84.757772 -63.096358 -27.146383 
9 825 1454 2488 2508 3844 4298 4377 4530 4818 83.015967 3.735154 -44.153973 33.594207 73.093887 12.338848 22.614211 78.777356 32.033150 
2 2236 3715 18.192789 89.234178 
7 247 1093 1531 3473 4013 4493 4929 -55.447438 -83.531909 48.962196 -31.283357 61.109944 53.608196 44.993995 
6 467 930 1341 1758 2161 2568 33.038790 -55.583312 -46.466995 -51.687860 -46.826962 55.628699 
9 384 411 760 817 1511 1618 2451 2526 4664 28.101568 63.803564 22.124977 -80.620459 -55.565825 -19.720952 -40.194142 -95.276126 -34.987775 
7 212 553 818 965 1409 1916 3981 65.521314 57.465139 -56.040742 -73.092474 -54.016839 -16.945294 28.409173 
6 1093 1569 2022 2186 2191 3113 -51.881083 -66.701814 36.983281 -61.041152 -58.822730 -52.762454 
5 3474 3725 4110 4646 4771 6.064396 -66.931742 97.363003 -79.036899 2.797202 
3 65 925 4472 72.220450 -60.024726 -71.379065 
3 131 2254 2956 -99.227829 87.032929 51.312722 
8 214 447 767 866 1541 2016 2620 4557 -26.983315 59.038623 6.667898 74.573764 42.659444 71.793172 -34.468857 -93.020812 
4 740 3204 4782 4820 41.384149 48.343128 -34.726048 -80.442653 
3 276 810 2252 -9.594437 39.556611 -54.621008 
5 335 2295 3167 3306 3620 90.154841 71.888659 -34.053923 -90.844101 -92.700664 
8 422 1803 1853 1945 2752 3308 3851 4033 -85.380507 -31.270660 -83.409320 83.204307 36.789806 -56.548264 47.551960 3.902115 
4 59 1286 1912 2523 -41.692065 -94.626853 74.863927 60.420291 
1 4163 -79.711409 
4 271 610 1109 4049 -23.169387 -51.201252 -14.017224 -33.898128 
4 1802 2638 3793 4910 -37.717641 64.974665 -94.577975 -19.837313 
3 135 719 740 60.662088 -44.392906 8.713819 
6 170 1051 1961 2192 2419 2614 -47.574247 -70.571339 -18.901572 50.506900 -12.951212 89.470317 
9 185 448 911 1006 2247 2377 2818 3758 4664 -76.169714 -77.997429 36.162862 92.078187 40.825324 45.245620 90.056443 -6.652362 92.814895 
8 500 1315 2001 2022 3373 4300 4326 4400 79.585449 -2.636791 -91.809900 71.340437 89.787288 -46.311258 -32.804331 -42.956680 
6 820 1146 2119 3791 4110 4751 95.610495 93.162321 19.413145 -79.907405 53.890659 -74.122573 
5 135 641 3221 4615 4640 -40.694758 70.037870 -30.217216 -53.025306 81.686454 
5 459 1165 2460 3354 4893 -41.913490 -80.929078 -44.581841 39.843934 -20.590047 
3 1391 3957 4566 38.649872 -23.068381 -58.238542 
5 1633 2113 2231 4069 4778 97.188849 -72.778633 6.636646 -52.984730 50.385649 
1 2693 -72.217972 
7 524 592 2077 2138 2764 3248 3952 33.463404 75.526099 28.734416 20.729018 -66.652682 -84.530198 -25.939769 
5 3289 3487 3731 3811 3958 -70.144932 -29.774076 73.441232 28.769108 11.734530 
14 742 929 933 2022 2573 2776 3163 3753 3966 4063 4323 4338 4714 4864 -6.355690 -29.384805 -89.341200 -99.477585 -85.807737 54.017323 -95.792644 20.326481 -78.823994 -45.008906 -54.793759 -37.695667 52.980183 97.433306 
6 74 875 970 2408 3570 4612 95.826053 31.538422 -82.481770 -94.301215 -57.211935 91.447019 
4 122 906 4729 4996 16.809182 -72.113017 32.553932 -50.770445 
6 430 1180 1519 2570 3199 3935 79.133323 41.300733 72.382380 88.364426 38.747340 52.933070 
5 171 601 3138 4154 4291 -52.833999 -86.575580 -69.158950 92.980493 55.374644 
3 421 1146 3949 -36.082252 -27.486396 -75.851240 
5 255 884 1544 2043 3987 49.698683 -65.736701 -29.534626 -27.760892 46.619746 
4 331 1895 3970 4355 -29.744540 -4.415907 63.236064 66.216743 
5 769 951 2803 4631 4688 52.664428 27.486408 -31.896308 -49.865504 88.580934 
7 94 1394 1645 2178 3402 4098 4999 84.779010 -25.998440 61.577102 30.557686 -16.854375 -24.362814 -64.736277 
5 261 307 2147 2202 3453 72.535555 37.074799 -70.365807 75.345726 85.901088 
4 1808 4069 4278 4860 87.086008 90.485717 -46.174466 -41.678941 
4 1423 1663 2749 4318 -28.511217 -68.244439 -91.448916 -4.433628 
4 63 734 4296 4528 5.553857 -47.860729 14.597669 -22.277529 
3 2162 3767 4124 -24.536926 -90.723441 -51.426765 
7 1134 1173 1192 1208 2117 4546 4852 60.964715 -41.366468 99.918183 -11.314309 -19.374087 -98.306263 -26.782811 
4 2148 2519 2566 3058 -10.354035 -47.489704 34.483296 -24.309748 
11 46 951 1248 1279 1368 2061 2588 2700 3177 4258 4672 -4.507646 72.215153 -93.617452 81.112815 -97.117941 65.449040 38.684193 35.122411 67.844404 22.021045 -7.841498 
4 352 2070 3495 4654 -56.152999 -70.422397 32.383382 37.544337 
4 2473 2643 4161 4920 -79.319597 -29.728652 77.553932 -41.113068 
6 254 348 558 1094 1388 1675 -36.409318 35.835208 -6.571705 -28.129485 -2.789891 45.016999 
7 58 224 1071 1514 2035 2079 2457 -94.946178 -16.238080 79.743322 -83.133330 -28.164210 -62.031154 -15.091082 
3 2166 3802 3916 75.123885 67.419309 -72.672999 
6 553 891 963 1449 3936 4141 33.014879 -52.597480 49.906181 85.903185 -92.346215 -6.304713 
3 25 2249 3361 -81.524005 44.963925 -24.818435 
3 2736 3330 3717 68.612015 -80.642440 78.264183 
5 93 118 2164 3356 3806 -0.929213 66.766347 75.881653 50.355415 62.517414 
5 1274 2184 2756 4079 4800 -60.549874 -91.742496 -70.887429 -9.838201 -73.636688 
6 147 456 1357 2225 3860 4617 -29.307334 39.707320 -65.982645 43.481350 -64.147605 85.034157 
7 1917 3118 3247 3698 4357 4471 4568 -88.435323 29.702324 -8.314219 97.864445 -50.416371 9.353655 71.840537 
3 775 4009 4522 -48.888668 -4.684919 -14.329938 
3 1152 2747 3831 99.797957 27.451511 47.535775 
1 2544 70.893459 
3 1655 3377 3407 48.177268 -84.587126 -4.877243 
4 1036 2394 3311 4700 -76.157402 -34.541953 -42.914289 -57.726734 
3 1581 2611 4695 45.297722 62.473393 86.283471 
5 295 301 2208 3016 4543 21.347480 -11.200761 -78.155846 33.283797 -23.958266 
5 1776 2237 2472 2570 4607 -23.030131 -77.396382 32.417585 19.030304 97.469935 
2 1249 4356 21.943017 63.946087 
2 1891 2753 18.063081 -53.930389 
2 170 2573 15.262560 -38.985481 
10 1581 1964 2190 2372 3139 3260 3437 3726 3943 4948 24.378766 -16.185197 56.775377 23.205840 -39.306421 10.190663 -42.186124 -23.818995 81.380932 44.627008 
3 215 1267 1712 77.718402 99.444697 -74.048443 
5 937 1444 3644 4561 4912 86.718148 20.743074 -66.653430 61.415689 93.059839 
11 414 875 1172 1534 2088 2174 2704 3405 3638 3684 4943 49.098468 -31.698370 57.445317 23.156981 -45.928174 -73.815919 61.723584 -32.857939 68.313080 25.841687 -73.835390 
8 1028 3226 3450 3751 4052 4186 4856 4900 -97.695380 -3.859743 36.831153 -32.048015 -18.249754 -80.398624 -16.763189 80.339001 
4 553 1068 4717 4951 99.381637 47.750398 -89.243604 83.441339 
8 427 909 1722 2927 2984 3122 3711 4303 70.913163 64.227336 31.114742 -70.575534 -99.572125 72.103459 -59.408168 8.350384 
9 476 1116 1192 1301 1833 2412 3058 4062 4687 -97.214925 67.359493 -25.116876 83.891563 -0.947842 61.669517 -92.736783 -40.088019 70.412296 
7 176 420 593 1645 2730 3652 4892 26.127541 -87.869119 -78.901717 -34.934570 -94.657844 98.532778 81.728895 
3 1577 2871 4442 -5.592809 -58.291888 26.370829 
4 1388 3386 3850 4202 -56.855650 11.612047 74.291476 -89.575080 
8 50 186 436 3535 3915 4117 4380 4629 -73.620408 42.927107 -21.525765 19.776225 2.786530 80.908120 -88.463598 1.057258 
5 1138 1167 1718 2023 2941 53.827442 41.244256 -66.190373 96.236607 -85.598606 
2 28 4617 -78.766431 10.088071 
5 261 2509 3319 3582 4429 -80.630362 28.580816 85.363730 58.973744 -37.548274 
2 1392 4716 87.492812 28.478235 
3 1275 1579 1604 90.228323 61.652508 75.892566 
2 2446 3386 50.214146 84.132725 
6 1131 2799 3374 3631 4562 4962 -12.832684 96.950230 68.021678 18.793662 -1.365653 -29.782630 
4 167 607 3427 4002 44.774270 -69.382781 0.388118 -61.938242 
4 866 1159 3334 4631 8.076894 -96.119964 75.909443 -48.897984 
4 374 706 2802 4880 -42.731813 -85.067264 -99.505422 -13.671098 
3 247 2410 2484 -0.700555 -71.081090 14.846639 
7 208 370 669 1501 2554 3153 4013 -64.548332 92.611719 -4.740337 45.800418 93.006964 -13.949724 -98.301740 
3 2774 3892 4358 -89.620694 54.065580 -16.545877 
2 1649 4680 -82.620435 78.355143 
3 1612 1673 2224 -8.682298 -32.239751 -95.101425 
4 1820 2582 3035 3122 31.432327 -33.747602 81.062630 -75.871192 
8 447 689 1217 1576 3645 4411 4647 4933 -75.109520 56.581165 -11.600092 -41.044481 84.469181 75.488912 39.510446 26.488205 
11 132 723 1267 1351 2594 2912 3101 3763 3910 4686 4993 21.673628 -89.866358 72.581675 68.965330 57.510788 61.927564 -72.045193 -16.065226 -13.705984 8.720204 30.932562 
4 1736 3269 3540 3741 70.988137 92.523919 -51.461142 -22.857043 
3 1760 3072 3884 -90.795974 23.089440 -35.679496 
2 1720 4920 22.181184 19.464695 
7 647 681 835 1811 2581 2951 2994 21.689471 -98.497522 -80.317780 33.908434 -86.971736 -64.441151 34.877148 
2 658 3692 95.502361 -21.915230 
4 571 1352 2550 3720 58.728753 -55.282884 -18.037303 37.683997 
6 1070 1963 2726 2819 2958 4242 -92.037538 63.925133 95.404275 48.323475 60.790112 21.773020 
11 351 870 1095 1298 3237 3278 3770 3997 4413 4417 4960 60.365694 56.890265 55.624441 -31.515800 79.372880 45.599106 -18.414663 -89.741681 34.396491 -73.880417 89.420695 
6 451 908 1393 1497 3388 3390 79.811024 -23.660120 68.512732 50.401051 -28.008292 -87.191247 
6 213 1241 1554 2962 3043 4605 -67.659084 -39.836018 -24.329128 43.577319 48.263486 -26.818496 
4 272 658 2089 4746 58.380036 -52.854998 -14.121245 84.568403 
3 3045 3124 4948 -20.444513 -94.961669 7.538279 
5 275 2514 3386 3626 4354 -45.874373 -32.294707 70.048787 28.316349 -14.968849 
7 65 1117 2033 2188 2947 4110 4639 -12.836184 43.828041 69.210278 -22.670821 -4.700146 53.730346 9.050842 
1 4545 58.972970 
6 1339 1677 1707 1719 4128 4224 -78.042367 12.635574 87.613538 22.108267 60.901624 -75.049821 
2 2805 4625 -86.806411 20.285432 
7 42 1159 1215 1476 1723 2043 2094 -50.842852 -78.182929 3.471787 -58.819210 -59.595907 17.204921 -74.056668 
3 851 1082 3604 14.897579 97.386685 -95.868281 
3 2932 3064 4370 -42.788228 30.434759 61.655172 
4 1602 3179 4614 4629 46.159624 4.702230 -17.557362 -49.287474 
5 1260 1277 2534 3204 4357 68.978539 13.308906 44.130916 -41.117854 45.789658 
5 461 2027 2973 2991 3804 -8.473783 68.409123 42.451709 -29.006055 -99.324184 
6 89 187 761 1296 2029 2296 -43.531267 94.515660 25.864526 25.913782 -76.052904 8.438437 
3 3235 3482 3548 -61.576065 45.178818 -64.738789 
6 221 704 792 1979 3673 4643 67.968524 -31.230150 33.143531 -3.765131 40.727568 59.107184 
7 487 866 2513 2905 2921 3240 4498 7.193529 46.978861 13.558638 -12.644120 26.327174 -28.840744 -3.839175 
7 446 621 1897 2228 2812 2815 4019 69.019019 -98.755314 70.441605 54.852611 63.695516 -54.300884 -75.684738 
7 414 1023 1182 1784 4244 4246 4330 18.576188 54.853879 73.667622 94.767264 60.330651 -86.324620 -22.136103 
6 632 1751 1773 2230 2727 4512 54.590643 38.611140 67.649151 29.127204 74.089156 -63.526754 
6 0 982 1607 2356 2806 4028 72.272735 -82.433572 71.070738 43.564274 -11.587556 -9.895190 
5 264 804 1193 1757 3191 -7.163525 -31.616404 -18.543349 2.975392 0.369012 
4 2623 3188 3575 4507 -92.825306 -95.038308 12.120262 98.058139 
2 2144 4867 -68.965543 -60.450909 
4 756 2305 2589 3944 -2.702390 6.930938 -81.765673 -63.026148 
4 446 478 1771 3883 63.234901 -82.391964 25.220160 -50.638239 
5 1649 2377 3590 4269 4709 18.503643 -45.404753 47.174563 60.559109 -21.709496 
3 778 3198 4392 50.863574 89.850492 -82.389612 
2 1451 1552 61.251200 -19.999945 
4 215 657 4696 4879 -30.610632 -27.003604 17.839570 51.407043 
3 656 3560 3911 -62.225227 61.324133 93.425575 
1 1991 -39.123544 
1 4847 14.249072 
0 
4 665 1439 3809 3937 -67.480090 60.489774 -89.535425 90.155063 
7 380 1030 2144 2656 4083 4159 4325 48.511184 39.449908 68.116561 47.321881 47.029333 -81.451405 -84.865869 
5 22 313 608 838 3234 -26.888871 -22.573094 55.630214 17.527455 -47.275061 
8 1772 2156 2263 2311 3764 4539 4846 4892 71.204066 -92.643995 -8.942218 -49.276403 -22.905386 -76.936764 -75.744789 63.606318 
3 396 669 3957 40.487404 8.560027 5.541929 
5 386 885 1858 1969 2762 70.460624 63.637821 -97.265696 -80.728469 -13.175720 
3 980 3579 4840 30.829483 -18.157274 30.576121 
6 257 1284 1827 1921 2008 3071 17.848196 -81.880162 15.487347 25.508600 -13.008104 -70.532167 
5 1209 2065 3054 3116 3600 -56.366030 22.005847 25.024118 88.597981 9.748133 
7 1455 1479 1606 1998 3406 4259 4919 -29.682673 56.945091 -73.355815 76.328305 87.126791 37.349279 -80.310170 
9 128 1338 2260 2374 2851 2853 3031 4072 4449 -29.778477 31.069353 26.199142 54.352994 26.814582 98.740823 -34.682514 -3.951354 -11.548410 
5 790 2141 3577 3737 4414 42.917896 -63.939553 -46.962413 -29.979095 55.247559 
7 426 750 2050 2124 3846 3915 4442 -0.030584 27.805456 -22.050482 17.329504 -89.259997 -58.841570 -3.182805 
1 2779 34.685054 
6 498 1442 2425 3166 4541 4750 -57.453084 90.111869 -86.462236 74.261732 -76.940637 -25.237381 
2 1761 3866 49.096343 -15.167249 
6 591 1574 1843 2289 3321 4583 -53.334890 50.412042 -21.616205 16.631508 -74.593515 -26.482240 
1 1389 33.364805 
8 77 216 1726 1751 2245 2555 3066 4403 25.344548 55.325066 -63.534476 -15.166056 -79.994967 5.524299 87.409226 -57.078874 
7 838 1714 3116 3412 3471 3868 4803 32.148332 76.388793 16.174865 -31.628948 -35.902795 -42.684792 -30.353825 
6 307 1083 1718 1780 2005 4400 -91.220141 -39.232242 20.529524 42.332805 87.191495 -43.658432 
2 275 1139 -18.033702 7.289353 
9 34 316 1548 2382 3503 3528 4012 4163 4969 9.606027 34.193641 -45.590771 -96.401412 59.928914 -16.403366 -85.953331 -13.258424 -80.663244 
6 788 1523 2391 2605 3860 4697 -71.516748 56.262632 83.183678 -48.429723 61.415906 31.487720 
10 1155 1275 1441 1564 1761 1789 2223 3016 3679 4582 -42.501365 -30.360974 49.442591 -42.137509 81.248613 -88.938124 20.547525 -19.073963 30.334978 15.858114 
3 2116 2632 4603 -58.138484 32.711271 -22.574660 
5 237 241 2692 3588 4364 70.516760 16.695768 12.063053 92.061378 -78.224741 
3 1237 2318 2710 -78.762501 47.080984 53.039177 
4 536 950 1283 2188 -95.801917 -92.904627 45.344200 25.657264 
4 1911 3079 3201 3327 -17.332572 26.987819 49.971797 32.717041 
5 1317 1482 1749 2746 2795 -47.971516 -31.689751 86.911503 13.413716 -82.937404 
7 977 1511 3032 3332 3386 4213 4584 -51.272582 63.140693 12.533500 -12.405263 -85.892758 -75.075173 -55.076314 
7 241 478 608 2061 2413 3478 4924 73.945083 -89.124146 -56.889087 -81.235111 -88.611362 -86.428686 -12.838967 
5 605 1263 1675 3232 4039 -96.732412 88.391690 -4.326366 61.764170 68.326752 
4 69 1350 1919 2933 25.669574 1.331228 -10.839173 45.934031 
8 175 1847 2034 2866 2887 3197 3210 4351 14.228637 -12.630017 -2.852259 73.301747 -32.327846 -25.625032 -90.391585 74.005253 
5 1213 2688 4448 4482 4526 4.351273 -74.347830 88.874868 -33.513435 -0.390406 
4 1271 2795 4532 4753 -33.317961 61.804786 -51.611405 -64.877131 
5 1471 3711 3763 3799 4399 46.399923 -20.493767 -21.482963 0.877700 48.274605 
5 10 1451 1460 2252 2346 -65.604413 -10.822923 46.858214 15.939956 -23.537451 
6 1265 1478 1634 2264 2563 3478 -4.700342 -77.313665 3.346407 -76.364370 3.658648 25.724359 
5 708 2513 2741 3032 4588 -64.645828 17.840330 26.871840 -48.512504 -61.628534 
3 1936 2063 3953 -70.345940 -25.442732 -85.494630 
6 1417 1423 1428 1484 2447 2819 -89.222806 -23.420586 -37.896692 -23.399545 35.847371 -8.828623 
8 454 1340 1395 2078 2828 3005 4598 4804 -90.557536 -51.928671 6.662643 18.936346 35.969067 52.898932 -13.622498 84.468047 
8 333 885 2157 3193 3413 3583 3636 4999 51.028063 -9.980509 41.560151 -83.032409 -76.638306 -53.651252 -61.100928 -33.157241 
3 1716 3918 4219 78.489655 35.124011 -87.113393 
5 841 2258 4367 4825 4883 -9.084504 81.519432 69.876504 87.201187 17.177888 
5 298 870 3415 3485 3502 -40.390496 3.283487 39.515335 -70.805123 -85.909253 
4 2383 3536 4542 4818 24.523146 86.735572 -93.022612 -60.930352 
1 3001 -68.704350 
2 824 3177 17.182537 40.845041 
1 4362 -28.319959 
7 148 1034 1496 2843 3575 4149 4820 51.096265 -61.359705 18.317838 -85.994859 -66.325286 24.989162 85.953153 
5 241 883 1524 2846 3229 43.780784 39.416994 80.394665 -10.552836 82.591290 
5 1829 2412 3853 4107 4785 -46.710117 30.075168 12.507647 16.703017 -10.949100 
3 1268 2628 4127 -77.287670 -28.044113 -10.202648 
8 466 1424 1661 1689 1829 1960 4016 4980 32.061299 -37.078930 -22.290243 51.396716 35.266929 -21.088646 42.106699 51.550959 
9 7 243 443 1180 1443 1562 2182 3260 4424 -5.174626 -93.802988 -13.163016 23.111542 61.201673 28.067612 -26.315967 -78.946943 -15.072660 
3 405 2865 3392 -26.313999 71.674370 37.402956 
4 2987 3251 4634 4977 -83.759807 17.209255 -67.243595 5.531415 
8 76 544 1153 1912 2417 2631 2693 4595 -74.979704 88.808519 -12.720658 -61.904492 28.593822 56.562435 -62.367692 -59.730092 
3 1903 2446 4219 4.663810 66.655743 -4.337424 
2 452 2457 20.770531 -63.234696 
6 143 946 1290 2531 3894 4784 42.931093 -59.410154 -52.430994 -95.590195 -22.269712 51.124640 
9 461 1113 1207 2030 2494 3190 3456 3864 4613 84.666234 92.159151 50.984818 -56.406652 -28.666081 -83.501378 97.298609 -71.759234 21.082665 
8 1264 1351 1521 2418 2741 3900 4232 4266 37.542932 77.132495 -37.745099 -52.564350 -67.596170 -14.405315 -28.769860 -20.580248 
5 620 900 2647 3553 4990 63.950112 78.266128 11.796006 -86.030423 -58.992372 
8 226 1716 1832 1927 1963 2171 3334 3551 -62.535392 58.041862 0.091617 -94.920276 1.106663 -46.993863 -43.208431 68.306111 
4 443 1435 2283 3020 88.756674 98.711758 -39.363441 -38.462023 
0 
4 722 3333 3688 3877 16.716150 -53.956316 67.590855 -63.418102 
8 217 1170 1897 4143 4251 4455 4552 4713 -48.148402 -33.818613 -21.020475 -23.028243 72.363398 -60.034177 -50.034698 57.468036 
2 541 1511 -42.120795 -61.694547 
2 2386 4317 67.270829 17.113139 
3 2972 3399 3799 -92.260964 29.998026 -72.805187 
7 347 1824 2759 3135 3844 4504 4752 39.658065 -2.858942 -84.366610 -55.474722 23.992645 5.176198 -19.111605 
3 332 676 2005 -41.624330 26.477845 58.489673 
5 587 2349 3788 3899 4461 93.026921 99.442759 11.135339 -71.603308 -80.409028 
3 140 3761 4067 83.558220 79.209469 -57.550246 
2 1252 4733 -49.585171 -63.217314 
4 426 1302 1993 3997 49.525096 82.313784 72.318065 93.503647 
7 103 246 317 1068 2936 3859 3979 -73.852179 62.271526 -20.142403 -60.142326 -14.671790 -26.292923 37.318995 
6 844 2196 2319 2420 2461 3874 -21.270441 -39.624688 -85.233350 45.905041 23.264345 99.649988 
8 131 460 855 1104 1233 3370 4468 4789 17.423535 45.243579 49.273464 -81.112954 -2.962554 6.298920 12.370949 -2.580840 
4 1312 1542 4016 4554 50.378355 42.407317 -94.095823 -32.695104 
7 725 2124 2215 2510 3024 3697 4665 -85.900416 87.142033 80.880309 -26.816001 -12.696590 -55.843819 8.010661 
7 260 264 383 1677 3024 3212 3518 84.132801 -10.858225 81.341787 58.502264 67.930858 41.975338 56.953479 
2 546 2529 98.096866 -33.365367 
8 236 1412 1716 2300 3125 3597 3895 4878 46.152057 73.932718 -9.295175 -20.669144 -78.846263 47.143547 73.103725 82.890453 
8 524 1141 1916 2308 3429 3758 4463 4782 -39.944922 -85.428427 -24.026116 40.803698 28.432576 85.587193 -87.200140 3.423433 
2 3523 4511 -70.430604 -35.255845 
6 377 511 2195 3929 3977 4416 -27.278676 -18.240257 -67.875329 -89.308652 -80.316505 -50.917250 
5 762 912 2811 3753 4858 -98.668612 13.174823 -69.912516 37.007426 75.660650 
9 85 158 741 1149 1751 3774 4227 4517 4563 47.956383 -37.407477 -60.851792 -65.509265 -41.003687 -72.382010 73.264994 -41.923304 39.218836 
6 1276 1606 1978 3692 4244 4494 85.276899 -74.688302 68.217042 12.069249 -87.056973 -17.897105 
4 1334 1375 2410 2868 54.626568 99.858319 -15.080242 -46.403365 
2 2055 3213 -10.374833 57.139683 
7 73 945 1821 2681 3421 3660 3980 -95.963720 -16.033268 17.617869 45.349784 73.434231 -69.427993 89.544016 
5 2760 3965 4063 4138 4573 98.581093 -83.121917 -21.537418 -28.612106 -32.298506 
6 428 471 583 782 1978 2475 64.595221 -78.494986 64.642978 -55.177518 -61.438521 50.991973 
2 1534 4617 -15.646490 -60.636792 
4 142 2159 4440 4977 -76.868189 -9.150360 -39.494721 35.679052 
7 57 912 1244 1264 3244 4416 4547 61.432633 -75.771865 12.960007 48.486652 46.875941 24.603559 -32.607048 
6 430 2050 2967 3899 4135 4323 97.434482 79.133830 -40.398041 52.585453 -73.516860 -41.898512 
6 939 1384 1620 1654 3185 4911 91.033759 3.671104 -13.427530 83.501280 89.332731 42.262504 
9 603 622 1833 2096 3196 3335 3519 3833 4008 -8.712668 -73.404600 -84.257147 -19.292249 -91.891630 -48.788386 91.722757 33.427070 55.055968 
5 330 1101 2042 3167 4369 35.134520 15.706254 97.580531 40.545555 -63.231620 
6 59 423 563 693 2100 4994 -75.561878 28.999941 18.774911 -6.371724 -85.026833 94.893464 
5 1602 2116 2995 3095 3897 -74.228944 -65.630799 -5.604891 -87.334162 40.297418 
7 1006 1581 2445 3213 3219 3428 4979 -76.642818 -32.210151 46.630439 -33.806838 72.412105 -42.039580 80.571555 
7 2396 2448 2865 3569 4517 4875 4932 -70.757418 -78.279636 -6.976564 54.503380 -81.365540 31.958980 -87.130784 
1 3539 -20.518510 
3 1096 1168 4838 72.051390 13.171645 33.663434 
5 174 1081 2035 2616 4083 -76.240908 34.182531 -36.126789 -97.559900 -63.490176 
3 4065 4253 4333 -72.945296 -65.932790 -31.821855 
4 1281 3583 3632 4094 21.904632 -89.325684 -54.220203 -89.294398 
4 345 1347 1546 4825 92.809823 85.292190 83.638228 54.051631 
7 924 1030 2517 2603 3635 4010 4785 -27.912872 77.116474 -51.461626 91.957195 -58.102031 95.603672 50.759742 
9 562 665 850 1616 2255 2500 2711 3285 3349 8.730014 -23.932291 -0.828037 17.901106 -99.023418 41.766141 1.822442 -54.544559 84.557898 
1 2170 -22.182678 
7 338 741 3644 4107 4562 4621 4982 99.498729 -43.441234 40.766541 14.111841 30.667933 41.103430 83.318189 
3 2016 2653 3144 -62.164078 74.768870 -19.379013 
7 895 1750 2733 3848 4205 4644 4969 -92.613054 47.246696 37.611235 83.235451 -85.779920 -77.586370 -90.775485 
4 1181 3521 3625 3717 99.299712 -13.929553 -1.364038 -25.902357 
3 575 983 3544 -62.529565 -35.179077 -48.766453 
6 878 975 1163 2444 3210 4975 16.876885 -33.573458 -2.326416 -5.022944 -52.265247 -16.500335 
6 2076 2210 2470 3486 4215 4361 12.409355 96.209247 89.102541 -15.878917 63.544512 -59.273692 
5 1581 1681 2623 3537 3732 51.307829 -1.374740 93.979946 -41.542076 -5.407453 
3 2074 3651 4395 -20.201544 -38.622241 43.083012 
7 1655 1931 2136 2142 3159 3765 4235 -19.978017 -92.841391 -81.700331 -84.118197 -82.746232 8.810637 95.856590 
5 754 2980 3041 3122 4246 87.475780 18.804468 -67.915175 -99.371039 -39.546876 
6 7 84 341 678 768 2446 -55.461261 -18.213214 16.360824 -14.224192 89.892027 15.659650 
11 188 425 539 1290 1403 1603 1630 2177 3354 4728 4835 -58.031923 -35.606591 -48.572089 -91.005282 49.466258 33.395516 -75.210842 70.881766 22.405631 -82.029382 -7.867818 
6 244 1595 3246 3461 3586 3605 67.270181 6.610589 -34.933542 -94.875874 71.172081 -54.192067 
4 322 917 2619 2930 -32.917148 52.080669 -95.239928 72.834704 
9 574 2985 3022 3455 3829 3833 3873 4379 4799 68.785697 -35.979554 -21.812715 63.070466 -64.853789 -49.281771 -94.207047 53.365695 62.551963 
5 1302 2351 2391 2429 4838 -85.426647 -73.853556 -27.168803 -42.862450 14.275994 
10 67 658 1016 1373 1926 2477 2496 3388 4328 4812 -27.854674 91.659526 -61.870641 -10.637076 71.172675 -14.655825 32.665526 60.717201 36.399332 -70.184838 
10 932 1569 1593 2477 3317 3577 3710 3852 4491 4651 -3.888313 -2.117787 -81.345144 32.449362 62.005234 83.811324 10.749387 19.163267 -27.784258 98.861781 
2 4318 4378 85.607632 -56.769740 
3 2060 3737 4941 -50.755366 -22.062229 59.555833 
8 753 1079 2163 2847 3492 3531 3746 4455 10.609550 -93.219928 -66.178778 -27.070527 8.003695 -0.730399 74.424207 -73.599239 
4 899 1679 3676 4268 6.975360 -17.158591 73.985217 -49.817888 
6 738 1431 2347 3020 3343 4071 -46.537072 77.043355 -24.388986 45.840107 65.425330 -74.149168 
0 
5 1082 1763 2064 2591 2649 -18.440164 52.029462 78.121361 37.823003 -84.268490 
5 786 3431 3663 4216 4696 -10.819987 46.402686 78.302059 -51.500807 -33.545280 
1 3785 8.112498 
3 107 2821 4012 74.739412 56.280224 -31.520879 
4 1274 1352 3701 4602 -10.671675 -64.241329 -82.392443 -32.058525 
6 286 2276 2579 4092 4508 4955 -38.587416 -22.141170 -1.947771 -74.142936 -37.932275 -4.550994 
5 981 1509 2415 3210 4054 -31.228130 -65.601031 74.280755 -40.979306 -63.715369 
3 101 962 4760 92.329362 66.550853 -15.373170 
1 3053 90.344670 
5 100 212 341 2305 3015 5.969369 -56.708817 46.194388 -83.926127 36.515846 
5 127 1522 3072 3610 4855 -91.932732 12.057893 -10.018424 -83.251056 -83.511489 
1 3278 58.981905 
3 533 770 2549 84.593060 -81.088444 2.470325 
5 76 363 2123 3105 3255 -14.695099 61.529321 -90.632501 70.166170 85.427054 
1 3376 42.288547 
4 2357 2825 4049 4653 -78.410409 -96.921937 -59.593054 -33.644443 
4 1383 2720 3677 4111 42.180948 11.350776 -46.037534 -35.910536 
8 406 874 1734 1846 2935 3630 3905 4377 7.399654 72.705512 0.479345 -53.123322 -22.706207 -95.191639 -34.044773 71.475602 
9 260 761 1223 1352 1443 1991 2016 4047 4200 -20.858330 -59.659164 72.320587 76.795725 33.108436 82.595997 81.875096 1.384289 79.101610 
4 270 498 2591 4985 -17.079774 3.261915 64.965919 -28.506027 
8 680 1260 1880 2028 3202 3276 3893 4050 60.803613 49.850439 -63.733484 79.737626 53.336986 -47.558716 15.189113 2.373251 
4 1369 1799 3015 3805 -55.714098 -80.444027 68.126743 -5.321525 
1 347 -25.825754 
5 181 2480 3281 3940 4962 -88.264441 82.907057 -61.140514 72.542288 -78.502779 
4 1559 1728 3634 4061 63.254761 8.319807 -23.455741 73.125259 
3 471 1165 4094 -16.338551 -57.778007 75.554523 
3 1120 1453 1580 -93.854928 5.357525 -47.717005 
3 1166 2560 4888 -54.476013 78.151116 3.062926 
2 4621 4964 -81.509312 7.292315 
9 803 901 1984 2345 2932 3021 3232 3712 4439 -22.456196 -89.897821 12.909490 35.126555 76.378396 15.136753 40.360562 -0.964670 -65.919912 
1 1118 -98.537954 
6 168 246 809 975 4026 4313 -70.181409 -93.074759 87.918580 -13.559606 51.760924 64.422561 
8 34 641 719 840 2960 3169 4109 4990 44.674459 40.597903 54.270175 4.889975 51.772870 63.434425 -39.294038 -60.328989 
8 662 2205 2235 3121 4235 4636 4918 4931 -86.241414 -37.325270 -25.713656 -25.234623 -34.891106 -31.753760 -98.489735 -38.062529 
4 3596 3723 4446 4749 19.668669 -22.132541 -95.505128 -27.225093 
4 2083 2749 3952 4249 46.373011 86.767803 -28.417977 -58.241674 
5 217 3017 3692 3957 4137 98.352252 -69.299785 -29.688474 46.240378 75.827883 
3 838 2709 4171 -72.703164 90.776492 -75.823911 
5 1146 1582 1970 2558 3214 -25.113267 65.500076 -72.097478 -78.154754 30.643971 
3 525 920 4308 85.939522 -2.985034 81.167458 
4 2565 2638 2824 3915 0.166118 89.734228 -86.848375 40.060514 
6 332 614 2286 2432 3738 4082 -43.467273 84.284790 97.653421 -94.976234 -60.013699 17.148045 
4 291 1145 2039 3529 19.426212 -91.429035 -89.501209 94.522521 
7 855 939 2945 3013 3228 3433 4244 3.418660 6.497703 91.842816 12.467815 60.768576 26.499044 85.870041 
4 2010 2558 4515 4752 -43.613497 55.168349 99.064640 -93.347440 
4 1562 1986 2131 4713 -48.724583 -95.844212 -9.787797 -67.864924 
3 2409 2565 4876 7.524368 16.486348 -10.492671 
6 2163 2723 3301 4180 4222 4879 87.393849 11.068325 -29.560689 -75.259542 12.302238 -93.109137 
7 65 912 1897 2294 3719 4248 4596 -15.115887 -76.580441 -10.563066 65.723444 -23.232102 87.468822 -87.265085 
2 1789 3510 73.994865 -6.982487 
5 703 1097 2155 4277 4893 -98.481471 9.519840 43.832866 28.089632 -50.897179 
2 1735 3333 -11.067391 -10.717974 
5 398 2217 4148 4262 4618 -96.361973 28.184280 76.082489 -74.878050 73.619943 
6 282 325 2479 2490 2735 3591 -10.478129 -1.578773 -39.374741 3.294110 45.709974 -61.786820 
2 3052 3460 56.335816 21.799551 
5 341 1931 3336 3519 4037 84.566612 20.983382 57.007277 52.574239 43.593184 
3 2661 2741 2759 50.184012 65.998353 -59.874872 
6 209 488 1381 1521 4653 4694 6.819496 -61.393205 21.018447 51.800120 20.990848 28.686726 
6 856 2149 3044 3289 3822 4164 30.701342 59.010568 9.527497 80.237834 -77.346112 -25.568658 
4 321 1541 2610 2929 10.585934 -76.842681 -56.633547 29.416405 
4 132 1024 1310 3121 28.392916 -98.219766 -95.230600 67.002827 
1 3947 17.492870 
4 432 3954 4573 4649 8.001584 64.337781 -75.071277 78.340756 
5 473 1655 2345 3369 4188 13.977391 -10.089748 -52.439814 -88.804054 -10.430584 
5 110 219 1346 1436 3885 -95.272581 91.052837 -30.088994 92.483878 4.974402 
2 1042 2499 -25.849715 98.358209 
4 1084 2125 2264 4689 -53.326777 -38.031152 33.450538 78.981805 
3 192 377 447 -69.760094 -29.048941 81.657641 
6 130 304 384 1182 2420 3052 55.745135 73.838341 -97.137914 -90.667781 -78.699912 -49.499491 
5 139 541 1841 2368 3071 -54.175735 97.103411 16.308145 -94.316187 44.113954 
5 35 565 3646 3984 4121 13.271270 4.930889 -14.833801 -13.155351 -52.915770 
2 2909 4822 -33.840579 -34.513312 
6 1256 1922 2180 2521 3994 4216 -71.540540 72.981363 49.401087 -67.883669 -36.011254 -11.494489 
3 1088 3111 4673 80.618381 -61.468213 90.886092 
6 88 1078 2552 2607 2945 4854 93.510677 38.391190 10.792001 -72.618635 -41.764566 -71.277560 
3 2076 3675 4263 -44.927291 88.586568 -13.220004 
4 608 2832 4037 4478 79.756010 64.459571 -88.545789 -9.722773 
10 1235 1676 1830 1875 2005 2809 3752 4333 4649 4998 33.527031 36.224856 22.181587 74.964243 26.696378 80.010848 -36.295935 57.269697 71.180568 -96.204759 
3 1607 1806 3328 -34.977513 54.798980 -95.708445 
3 1680 1908 4391 -60.467184 84.958416 40.363597 
8 1020 1133 2182 2405 2603 4295 4492 4991 -87.880038 79.341881 74.911326 -75.106975 -89.371449 89.992871 -42.694724 -82.898276 
5 640 1054 1888 2917 3831 42.290439 79.599085 -28.825277 -80.837588 -86.708899 
3 1336 2011 3938 28.712350 15.562167 34.164284 
2 3018 4067 93.829101 -62.829198 
4 32 285 354 567 0.358108 88.399814 -18.478174 -75.770502 
6 411 628 3459 3546 3983 4310 -38.101895 20.162097 -91.716516 -89.757217 -83.240331 -28.302921 
4 244 1753 3838 4248 40.662187 -93.711190 -15.473406 -70.073886 
1 2109 -45.171487 
5 851 1770 1834 3099 4813 38.075556 -42.192937 -27.263301 -98.629040 -34.025460 
4 1356 2795 4512 4667 -40.955772 85.537422 -58.742916 37.056531 
3 861 902 1632 46.403215 -95.463080 53.393003 
4 1705 2622 4673 4947 41.524351 70.263958 40.088599 64.607337 
3 1824 2724 4792 -87.545844 55.952232 -66.173369 
10 54 485 2101 2108 3006 3306 4373 4712 4974 4990 83.399839 54.975353 54.274239 7.375587 -63.490547 22.018886 -11.145225 -26.010231 -41.396369 13.757974 
9 186 410 1049 1454 2749 2910 4298 4595 4849 -94.187594 -74.941264 22.528381 81.482519 30.183034 94.515978 78.720515 27.246293 -23.522456 
7 15 1169 2036 2061 2392 3025 4142 51.449353 37.717075 45.628763 -92.900364 19.942012 -23.958607 26.014948 
5 408 1131 2260 4392 4684 -16.021110 -36.511780 -37.577225 -21.294287 63.662316 
5 1064 1632 1702 3717 4271 -79.315443 24.961041 -64.923225 49.688988 15.455497 
6 2795 2948 3432 3456 4895 4955 -14.567828 44.912225 65.621883 -23.959482 -45.183887 -48.871444 
5 2450 2775 2812 3405 3976 89.150769 22.680918 17.757523 2.571583 72.800164 
6 2468 3328 3582 3646 3764 4169 -50.086685 57.876129 56.187965 -12.610596 -50.192916 -51.751918 
2 1771 2570 -23.104196 34.776718 
2 3772 4864 2.929688 -11.873967 
7 11 512 1695 1752 3561 3614 4559 66.440308 -66.223033 -84.241905 51.430989 -15.232749 -6.688008 -51.200019 
6 830 1629 2433 3116 3336 3542 80.466711 2.203207 -57.462369 2.019390 -57.218955 7.688795 
5 1485 1745 2256 2734 3900 -77.138517 -89.730973 -95.677541 -7.945572 -31.961044 
4 1139 1782 3030 4722 -52.482981 96.933239 -82.842314 -81.249561 
2 1871 2858 64.356124 89.156126 
6 277 573 851 4069 4138 4734 -7.841572 -68.626069 -98.648689 32.062028 55.332540 -32.135221 
9 426 901 2378 2469 3574 3889 4054 4240 4979 45.702785 -34.245760 55.216463 -32.185848 -78.139842 -12.121550 0.839483 -21.693683 -51.914846 
5 1878 2804 2929 4482 4490 54.204027 93.705294 54.122468 -51.452384 -68.767567 
6 1019 1384 2611 2753 2913 4827 -68.860081 -57.147730 -45.804836 -44.569410 -88.818995 -73.961479 
2 1346 4897 -46.388452 -12.764024 
5 1490 2136 3712 4477 4939 -97.543399 -38.628553 -76.369750 7.592093 45.948161 
5 834 1321 1817 2716 3201 30.470853 0.118644 83.293038 -62.437191 -52.351793 
4 1453 3292 3321 3501 -63.862398 42.972589 61.160251 38.208096 
6 345 1315 2516 3235 4324 4971 0.021962 -96.327067 -44.298683 -74.042610 -28.417945 86.729412 
7 1709 1954 1964 3230 3749 4138 4540 -44.902262 31.813911 40.535831 35.928498 -80.430937 -95.084069 12.453735 
2 344 4429 -67.319610 50.405484 
8 789 829 1244 1753 3786 3823 4136 4160 -0.302557 -29.576376 -3.597482 -17.135925 -2.786147 19.365676 97.758181 80.306552 
6 2009 2540 3414 3710 3930 4232 -29.165002 86.292483 -89.089278 -68.788757 -72.140179 -0.642249 
6 1698 2521 2603 2761 3721 3761 -35.244051 -27.183742 -29.169751 3.198042 -39.613466 -16.742468 
6 107 1005 3164 3242 3405 4853 -96.844706 -0.167446 20.917653 6.782351 9.639820 -49.909062 
5 1148 1659 2784 3233 4385 91.265644 -22.510995 -94.088083 60.140837 -27.062690 
2 452 489 -75.765035 58.248647 
5 1380 2806 2928 2954 3567 -88.451068 4.787118 -95.060724 -90.903598 9.036893 
4 511 3162 4207 4581 -79.075335 -9.912669 35.788385 77.143549 
9 2277 2541 2828 3242 3463 3468 4157 4179 4481 -13.898960 77.238999 -83.226092 -17.834248 -76.151366 -36.541825 -69.048256 -30.970244 18.907696 
6 218 687 1053 1184 3238 3952 -4.709894 -26.293079 -54.563493 35.167027 42.644547 5.945754 
10 879 1110 1677 3232 3507 3548 3621 3718 4014 4585 -20.247536 -33.777938 -90.627859 -72.935608 22.528974 -1.853291 8.068263 -31.599608 -19.556324 -14.453020 
4 1054 3731 3737 4688 94.791940 43.949385 70.854389 -70.639710 
5 1098 2985 3280 3504 3971 -5.058731 -97.324930 81.140937 89.543174 -80.533398 
6 139 2021 3397 3817 4872 4980 -50.752627 29.718236 -70.004797 -19.748898 99.475799 10.825145 
7 316 501 1499 1537 2216 3485 4936 3.346496 -51.678567 67.229865 -24.505587 98.552672 -59.876009 -80.461202 
4 2574 2646 3174 4457 -98.964482 70.060225 75.142405 -62.331529 
6 1462 1598 1602 2294 4360 4475 35.504886 -89.248351 55.645003 -80.490215 54.666751 -48.234738 
7 299 1232 1816 2015 3142 3608 4085 -35.041086 -12.664809 21.354416 58.780125 19.624494 57.376539 -32.760735 
13 214 761 1250 1850 1903 2360 2379 2739 3399 4060 4173 4269 4699 -98.310457 -93.762083 -60.721214 53.747913 -19.941965 -24.113061 -50.237981 88.177297 -18.469054 -30.613865 50.171553 -62.126612 -23.546997 
2 111 1324 2.346309 49.186148 
3 2357 3944 4087 -46.612868 -15.457730 -52.186196 
6 1449 1744 1889 2459 3610 4389 11.442597 -86.508048 -94.341773 -52.736859 -61.251495 -35.833708 
5 400 2629 2636 3371 3640 -84.752947 -63.182492 80.475389 5.259654 10.542262 
4 63 130 198 4956 53.940006 -42.479715 22.001454 -18.565553 
5 733 1572 2184 3414 4441 3.437520 -28.907878 54.476896 -28.104799 -34.293440 
2 1381 2284 -19.172769 -72.424800 
3 1944 3957 4284 -75.776058 -83.306554 69.294246 
2 2131 4405 82.881962 -15.138491 
1 3753 0.692390 
5 2622 3617 4128 4326 4366 18.393893 -35.355198 -89.858018 20.377270 -41.994580 
3 2943 2985 3216 48.674269 2.554189 -5.722191 
4 51 1714 2148 3379 59.102051 72.679898 5.815888 30.185156 
4 1529 3916 4559 4615 92.138117 -11.830124 -32.710851 -31.825836 
3 168 780 1470 6.683780 -71.619417 -66.840271 
7 63 778 1353 2734 3124 3305 3339 -88.107460 -42.572681 61.344418 83.632762 58.195375 26.997961 79.183273 
1 749 -52.675140 
4 2476 4265 4315 4873 85.618633 76.684345 17.013235 -60.103224 
6 1116 1143 1415 2534 2851 3903 11.455780 -28.150640 -42.875150 78.674365 85.053864 -0.652360 
5 76 1581 1858 4027 4787 -48.531187 57.938243 60.854526 39.325119 71.743644 
7 1164 3287 3842 4101 4353 4498 4789 -65.558055 -51.495013 56.289637 49.740783 -65.372347 -78.282086 -13.158983 
8 633 1855 2121 2464 2693 3200 3461 4436 -53.797201 -85.063448 -22.602720 -32.374233 69.393979 28.290882 89.105387 -46.155283 
4 912 1354 3473 4059 -63.985976 -42.222764 -0.738624 38.296752 
4 367 2920 3014 4328 -50.615126 19.692324 -56.870809 86.581557 
3 383 3959 4854 -75.461309 73.037858 -77.344414 
0 
4 2322 3156 3733 4298 34.929446 24.213035 2.730333 38.489290 
2 4666 4917 78.433323 -7.616955 
5 1418 1812 2557 2860 3426 -64.756171 70.457415 75.085548 8.639009 -46.530266 
5 3233 3722 3857 4768 4776 56.424241 58.850030 21.553526 -74.678804 -38.996778 
6 1003 1210 3111 3541 4633 4946 -30.854087 -51.454956 90.862911 15.563703 -38.923545 27.048601 
8 48 1549 2796 3562 3591 4775 4937 4953 72.023283 29.336877 98.279408 -11.341962 -92.433393 51.898528 83.139116 -79.364183 
9 684 1029 1872 2185 2230 2481 2565 3819 4910 -60.713578 91.797502 -63.363654 -54.122758 85.022519 26.786431 -94.791196 90.577537 12.328934 
6 617 1989 2629 4196 4530 4752 69.697289 -29.151443 -41.570232 -35.319560 63.263705 11.046415 
4 646 967 2431 3764 -33.921636 26.148744 53.102238 -82.802523 
4 598 745 2508 4733 81.892441 14.231159 -47.607249 -4.340506 
7 39 715 763 885 2737 3582 3962 26.915172 -80.171772 -15.743466 84.399707 59.412554 27.587122 82.051497 
7 1745 1896 2163 2944 3874 4309 4676 55.679062 -37.838685 66.833395 -36.856275 21.566396 -8.386956 95.918268 
9 641 1113 2427 3362 3390 3428 3973 4163 4811 1.039542 -4.647339 79.816526 -16.530428 -63.036195 42.511916 53.891461 81.293422 -44.520543 
3 269 875 3277 12.581199 -11.922747 73.951113 
2 375 4825 36.639188 -18.457545 
4 1195 1424 4012 4050 90.624571 -97.572643 -47.921923 -27.646079 
3 2024 2807 4220 -36.672768 13.597147 59.021480 
8 219 226 354 980 1503 2080 2817 4492 -36.268814 -77.675137 -2.108160 88.585874 47.395619 13.932013 -45.298170 -52.215527 
4 1685 1813 4616 4955 98.282084 -66.462307 31.694693 -31.912464 
1 2204 -10.983279 
6 870 1049 1971 2875 3688 4582 -86.695173 53.016925 -97.357130 5.266835 -64.221404 20.825715 
4 1346 1657 3873 4536 1.557223 -39.130093 73.625677 64.240743 
2 40 4325 -93.383158 -30.813343 
5 1353 1789 2357 2632 2859 98.880677 90.552605 -34.410707 -45.783735 -61.838393 
5 209 1458 2151 2664 4169 37.421646 97.936840 20.596258 -88.920528 57.525108 
6 2136 2918 4066 4258 4417 4742 92.909291 -45.528566 68.218431 78.713028 -69.440865 -49.953524 
7 320 397 2139 2247 2838 3281 4073 -59.579953 1.491791 2.817510 33.851794 -17.047303 -99.985542 51.131449 
5 1228 3141 3525 3956 4495 -44.013463 57.209954 41.956073 61.137937 -89.659020 
10 119 160 310 1265 2752 2998 3072 3312 3957 4107 87.678663 82.603210 67.047733 0.864443 -86.945045 34.469641 25.749345 28.677191 -26.291462 -37.320550 
7 1615 2433 2580 3159 3423 4147 4271 93.359160 36.757686 -57.946697 -33.069977 41.992269 -61.570087 42.566913 
2 3145 3797 -2.021050 -28.116125 
8 506 721 1050 1605 2278 3022 3067 4308 85.592222 -85.749236 7.670509 -27.965360 38.108029 -89.303091 -40.182903 90.091091 
3 1110 1927 3041 62.136100 37.229341 -11.563073 
4 33 1288 2198 3973 32.369404 -23.256261 68.573173 36.819406 
5 321 406 1459 3706 4383 30.824635 30.848658 39.672577 58.753913 96.372759 
4 277 4147 4181 4865 62.872858 -54.905311 99.110019 -99.657545 
6 703 1559 1667 1831 3195 4357 -18.691526 76.929194 27.580220 -40.892687 39.294387 -66.141255 
7 167 204 885 1089 1697 2151 2386 -27.127462 -73.602010 -83.301604 92.158791 26.369603 92.788041 61.077381 
3 2878 3374 4102 1.055954 -75.693704 -73.638915 
3 2324 2844 4125 -95.398647 -90.590153 76.021666 
5 2218 3421 3795 3800 3938 90.029667 7.214930 74.897373 36.180243 48.432997 
5 1392 1613 1901 3442 4149 96.569581 19.159645 -54.269114 58.525952 -60.377082 
6 3 145 1867 2135 3784 4861 -93.455708 -65.403907 -90.415361 -39.195666 28.785104 -54.930598 
6 326 1476 1617 2920 3827 4239 -72.800274 70.671886 -86.836506 -29.527589 97.665415 -34.471393 
4 1189 2611 3049 4539 79.506984 56.467688 -75.782838 15.901325 
4 141 1745 3079 4788 -45.471044 -90.746306 61.635786 56.410422 
3 154 2773 3641 -5.926150 30.124972 33.805646 
6 26 1126 3132 3746 3907 3981 -20.193226 23.070013 82.177257 87.875816 91.107885 26.622169 
4 2443 2893 3463 4948 83.307813 -82.346004 81.321384 68.472347 
3 29 93 3200 73.946192 -85.833267 -40.072033 
2 1984 4359 98.463086 -3.434469 
4 1194 4400 4513 4922 -26.986422 -19.394094 -54.393652 7.028874 
2 1711 3914 -72.316451 -90.077589 
0 
2 229 1256 6.063467 -32.891760 
4 873 1283 2525 2532 23.509623 -58.375432 -94.423939 -13.708936 
6 62 769 1865 2982 4197 4441 -86.134565 -7.035717 -63.213399 -20.003813 -81.967504 -0.618966 
2 761 2332 76.084566 -51.797442 
3 1782 2120 2391 14.687876 52.987283 -94.423792 
3 351 2765 3254 93.858852 -65.412275 27.741853 
9 48 63 658 706 2355 2902 3340 3869 4348 -21.786867 -59.535781 14.039316 89.308832 92.526753 -93.298933 48.358832 49.261147 26.136457 
9 639 936 1569 1834 2040 2301 3161 3506 4855 -71.921676 -47.841080 2.651052 91.581664 -45.723410 -44.402884 -56.818703 -65.920199 -48.461914 
4 860 1884 1974 4663 -37.298870 79.105999 -1.510120 53.202222 
7 692 748 922 2631 4478 4851 4965 63.185495 55.652472 12.414757 -2.896717 4.909832 37.244307 -39.947988 
6 184 1086 1873 2962 3879 4063 54.835369 64.862401 -47.573771 -54.639834 -20.372499 29.319363 
6 1384 1569 2068 2698 3844 3849 -55.714894 -78.710700 5.286629 -92.050234 -9.997919 48.949977 
3 284 514 3414 -71.993377 70.005274 -43.797293 
9 53 1009 1275 2277 2476 2657 2912 3017 3386 -27.154506 6.652875 -88.867598 -45.379352 -20.739490 52.403984 -58.547668 -53.894086 3.036784 
3 833 2151 4473 77.545006 19.295250 -12.539986 
5 3213 3222 3462 4204 4870 32.419744 -29.412038 -24.777616 45.296155 -11.378598 
6 123 260 922 1251 2988 4469 55.611860 80.682326 -0.136842 79.384978 7.545711 23.302872 
3 644 1855 4308 79.109630 96.259162 76.203292 
3 261 965 1595 55.939667 -2.240677 -68.808814 
6 746 808 1009 1429 1768 3550 -57.209226 61.417812 99.595158 97.752390 68.825637 98.294204 
5 1995 2591 2754 2885 4017 -18.641927 -42.121193 -7.304694 -82.425915 39.004180 
5 750 824 953 3337 4143 -93.329557 -41.900133 -9.451719 -41.926842 -88.584076 
5 1818 2712 4378 4710 4953 5.365261 28.201247 -46.934927 22.783857 96.723867 
5 250 1634 1982 3013 4684 -26.647397 -82.828209 74.133937 -21.077939 40.181647 
6 641 1113 2091 2264 2620 3595 58.914729 1.105050 -54.893345 -23.883598 25.262226 45.575986 
5 308 399 1564 1771 3372 12.715023 -68.602554 43.413620 90.213682 8.679163 
2 496 4202 40.219937 53.845002 
4 2458 3264 3314 4732 14.927989 78.633981 71.610225 -31.544512 
2 3155 4400 -72.003202 -41.291620 
2 3619 4496 76.725980 58.402042 
5 226 418 1511 3428 4595 -27.044398 -30.516046 -13.076728 45.941450 81.021151 
5 2491 2927 3106 3759 4615 36.334101 -14.664007 -0.640253 -6.178158 -13.045825 
4 112 1746 3260 4786 -88.744869 40.826087 -58.597332 23.193455 
5 1157 1618 1746 4497 4629 -78.218412 -32.291298 68.511690 -28.436269 -64.708119 
5 998 1353 2894 3926 4842 -60.551904 27.229370 -45.082483 47.515771 -34.923850 
5 658 799 1224 2173 2326 47.589893 -65.028044 -22.267757 -6.402435 -24.203638 
4 1205 1674 3311 4786 -11.144867 -96.898955 -58.718502 91.397473 
9 21 879 1223 1361 1881 3487 3868 4471 4954 90.209239 82.003431 52.703722 -10.827350 -41.715281 29.744166 73.515489 96.560487 -30.687408 
5 1311 1518 3110 4228 4827 99.978759 8.125078 -74.243830 97.690879 -82.580691 
1 389 20.422635 
9 397 1087 1167 1215 2527 3108 3513 4610 4983 -29.442351 77.762881 94.726292 74.170740 -49.996256 -15.035028 -85.668753 17.778336 -96.848997 
4 1295 2493 3940 4814 31.112549 73.029328 44.080866 -66.474553 
4 1285 1359 1472 3873 30.037863 -0.363212 -57.670436 -4.228653 
7 911 2427 2603 3755 3878 4494 4958 59.332807 -78.374885 -20.403828 -46.046787 -2.077501 -79.425144 -87.347306 
7 30 613 1342 2346 2817 3213 4140 90.961366 -99.164265 22.988495 -70.204173 -60.096395 58.800397 94.103783 
5 518 2063 4185 4391 4709 -72.798778 53.499668 5.676471 92.918388 -71.683291 
6 382 2270 3205 3344 4782 4980 -79.868379 34.523418 -25.901383 57.046771 -66.618809 -95.740856 
1 3665 25.652899 
11 1223 1356 1399 2584 2620 2766 3966 4108 4128 4842 4975 -31.729371 -2.767590 93.082574 63.832728 26.972385 -70.953107 -84.287631 82.589199 -31.731442 73.555826 -76.598689 
6 57 64 3435 3791 4046 4402 -36.944000 27.273213 26.549323 -50.323615 50.665738 59.612206 
4 2753 3270 4031 4597 53.189451 -22.564509 5.147959 21.308433 
5 1203 1710 2080 3197 3263 -13.661092 -99.264672 63.064235 53.576263 20.262377 
10 618 754 963 1486 1641 2683 2955 3134 3381 4806 -58.486307 -86.663436 67.281127 21.906121 -75.260857 -57.664966 -90.605924 83.215120 -49.712771 39.299417 
8 2160 2586 2594 2641 2941 3131 3309 4885 34.057426 63.502478 -5.369385 48.443809 88.075925 -91.288748 -58.637416 94.871085 
3 2034 4537 4836 -55.246273 97.349518 56.699085 
2 1018 3621 76.174409 -2.880356 
3 366 2078 2627 9.145993 3.228561 -70.316925 
1 872 81.746757 
7 660 1464 2139 2845 3290 4074 4413 -83.213201 -9.297292 -90.175935 73.099602 -66.337408 10.262694 56.808547 
3 1001 1652 1867 49.757946 59.685357 31.761514 
2 547 4544 26.950209 2.651245 
4 1264 2743 3785 4871 83.435823 5.571148 -66.863558 62.496640 
8 181 1284 1899 3114 3473 4034 4404 4950 -50.267176 -18.342751 44.319668 -53.457412 15.809369 43.735002 -60.427665 31.639353 
7 490 583 1939 2183 2191 2281 3794 31.539051 26.488800 91.110495 -42.655015 97.362063 -27.866807 -27.869650 
6 1280 1637 1704 2582 3084 3967 55.742460 -93.983173 -13.207979 7.203711 -30.454295 -94.617451 
6 805 1195 1846 2745 2856 3988 -83.409201 -69.477567 47.409500 69.712795 -50.806264 59.039371 
3 299 2880 4558 52.091831 -46.974835 58.500460 
4 2050 3046 3938 4308 47.644460 74.047850 24.490379 51.066961 
2 2992 3392 -37.876425 -85.082846 
6 684 1539 2025 2040 3389 3507 5.347711 17.865900 77.354372 -10.293400 69.358282 3.834303 
11 362 718 1078 1111 1682 3221 3427 3629 3849 4159 4983 -33.586289 -27.194008 -13.617056 -10.543879 -42.289461 -94.648321 -7.987184 -24.860426 -6.952236 -96.725330 -76.142756 
7 918 1075 1741 2233 2761 3184 3470 -7.228627 -41.827256 98.859285 77.400975 -5.326082 85.207255 -37.351243 
5 10 3020 3116 3237 3892 70.746208 -99.059071 67.440563 -3.569054 -48.924859 
12 210 472 513 1550 1768 2144 3106 3357 3623 4117 4448 4910 -25.958136 -50.369005 44.639824 -94.950305 -79.237211 72.428960 -6.915767 -44.447264 18.756868 12.371163 77.424157 33.698558 
5 48 1310 1457 2778 2822 74.890095 49.986743 -73.933778 -87.205458 -15.015872 
3 2153 2172 2862 84.805304 -16.792156 69.911210 
6 563 1002 2571 2666 3066 4141 44.319319 83.628553 -64.989846 -13.468030 -43.642970 -35.517107 
6 53 1352 1705 1798 2386 2965 -58.185949 -79.820361 96.292668 -56.889861 -89.959600 -56.722707 
2 2056 3179 92.634916 45.417059 
5 1037 1803 2809 3677 4485 -12.127628 1.393988 0.697839 -75.444721 56.876826 
3 649 2446 2538 -17.087091 25.756370 -65.128267 
9 279 402 2196 2902 3296 3399 4007 4862 4906 -45.789857 36.685888 68.980142 41.688121 4.938450 61.599525 26.266635 -11.697391 46.141208 
1 4182 -30.720702 
9 1186 1315 1462 1768 1898 2516 4191 4361 4469 -79.942130 -96.783622 12.998283 -35.348997 -11.960184 -90.806678 -7.009165 -22.675684 -38.103512 
4 1209 1310 3585 4718 41.833783 82.333681 -99.759462 -53.968603 
5 1058 1386 2967 4197 4539 69.350808 17.124064 5.832315 -74.297011 47.579465 
5 370 537 873 4380 4788 11.230264 -87.326199 -42.461974 55.505629 95.328534 
6 647 838 1355 2601 2861 3470 -45.150940 -24.933817 -38.340382 50.620054 68.543496 -15.878621 
12 282 925 1383 2367 3672 3873 4262 4572 4603 4869 4984 4988 -9.111105 91.642383 -75.459026 50.519273 8.558035 -50.511115 64.251863 -60.284133 -67.274916 97.332705 -5.401830 16.462418 
3 1596 2931 3781 -39.642086 82.761910 50.642120 
7 342 883 2704 2986 3832 4279 4409 85.682943 10.236869 -76.182643 10.653084 -10.087926 71.394082 61.789585 
2 1073 2241 -21.495294 19.575567 
2 278 4127 -5.141576 16.199667 
2 688 1877 94.229846 -90.346018 
3 528 3490 3495 57.086159 -54.754483 -8.462962 
3 2626 2665 3176 -58.457319 -83.570045 65.412022 
4 1161 1804 3465 3574 -95.086108 -14.017681 -87.035060 -95.376629 
3 1188 2546 4539 -42.463824 29.369108 59.737769 
4 261 796 1168 3934 53.478997 -45.454690 23.830614 -43.923445 
8 547 687 886 1018 1622 2489 3588 3866 -36.521438 -94.272029 -58.217945 -49.053248 67.880162 19.483732 -31.099420 3.119485 
3 1415 2262 4135 50.246393 27.715007 -49.100362 
6 100 1344 2033 2804 3673 3843 79.818598 -78.186952 41.410467 -84.794895 27.032017 -16.014665 
5 645 3275 3778 3892 4431 -0.270448 85.786033 -16.349457 -97.393120 -40.614014 
12 784 966 1275 1521 1940 2344 2704 2990 3312 3850 4138 4689 -61.044962 -23.730508 56.634489 -49.119194 -54.262918 -77.567895 48.820821 99.330756 -95.915196 -95.206030 -5.942001 -70.101140 
4 162 2282 3030 3501 -18.416422 -74.201720 -81.743758 -86.301468 
5 629 3873 4135 4413 4639 46.787833 -26.049950 50.038973 -88.057804 -94.061871 
6 405 642 1971 2803 4750 4816 -93.490498 45.635149 87.869870 87.768929 88.273493 -37.311491 
5 936 1776 3101 4369 4882 45.071226 65.544913 28.901479 -25.091805 -74.223908 
6 83 1422 1962 2333 2570 4461 86.946453 -73.955419 -9.793232 11.102049 -35.578216 -79.763294 
3 111 628 4463 -73.098918 53.348766 69.605742 
6 366 1854 2535 2547 4208 4695 -86.670821 50.177204 -69.157215 -26.859004 -46.995499 -25.972296 
5 1120 2755 3460 3979 4613 94.668360 38.819476 -77.346455 83.640054 89.402294 
6 852 991 1866 3301 3532 4363 -10.674243 59.450608 87.896794 -49.944066 -70.909038 -50.751206 
7 58 509 1554 2659 4361 4426 4812 73.557893 94.046725 -42.380332 5.740516 12.673813 51.487059 -77.804368 
5 178 2130 2847 4274 4743 -67.075076 97.317441 51.862780 80.306178 -60.420690 
5 631 2017 4078 4144 4377 -42.363479 -19.036889 42.383321 31.819630 -67.463894 
3 1306 1406 3780 -46.981075 77.102256 -89.493515 
4 32 1334 2505 3798 -6.518868 -85.015688 -60.630885 -12.713097 
5 356 2017 3245 3735 4534 60.663800 74.660489 71.287876 30.212261 -66.099917 
4 497 2021 2033 4365 96.382167 -67.046381 -5.004295 -85.045892 
5 89 314 391 2645 4805 68.850850 -87.315858 -27.707702 35.487583 -23.378869 
8 47 1534 2257 2611 2695 2953 3134 4737 30.387973 -51.334971 81.614778 34.063729 9.034658 31.419733 -49.711034 16.226901 
2 4891 4957 7.025397 -91.344430 
10 776 1382 1761 1919 2069 2266 2915 3150 3628 4819 -71.145500 56.770146 -30.174679 -98.091363 56.629853 -19.626312 -16.649963 31.587238 -35.936985 -76.133055 
7 419 1929 2856 3465 4330 4371 4428 10.761547 67.951524 75.966292 -83.056111 16.357414 -66.011220 -31.120399 
1 2319 44.544091 
7 850 1380 1747 3207 3306 3844 4469 -74.807662 8.940101 -5.555184 -13.178237 9.569125 21.655856 -9.714918 
2 2531 4946 35.897476 98.719895 
7 1195 1249 1764 2718 3908 4043 4381 -18.299492 -11.977941 19.874161 23.424751 -41.437876 10.527659 26.758525 
6 346 1035 1521 2768 3199 4126 51.614663 76.831483 56.917195 77.945979 55.539471 -47.451107 
4 127 1536 2963 3877 87.790625 -74.955433 33.630966 16.662176 
5 234 1977 2003 4573 4861 45.065567 -25.082064 -13.517807 -20.697044 -18.428323 
5 288 598 797 1877 3973 90.093741 2.403894 -36.887253 -65.163778 -72.915219 
4 210 1255 2320 3682 -85.365398 96.447381 -66.168513 0.500998 
6 146 263 1577 2728 3070 4599 75.500085 -30.733378 97.937005 91.417472 -39.752370 72.503389 
2 2409 3437 -91.974796 -6.055595 
3 3291 3339 4725 34.958312 -49.366682 -35.534028 
4 1333 1704 3103 4872 -99.240649 -85.570891 -75.260689 90.524030 
7 1470 1476 1611 1896 2103 2379 3383 27.067568 31.180298 39.543031 68.430634 96.807254 -20.802523 65.758742 
5 1853 1890 4102 4189 4950 -75.843318 -21.507267 8.186484 -45.078995 -74.962789 
8 329 446 1632 2966 4021 4034 4751 4801 -87.763171 19.856433 -29.885300 -60.550757 90.189664 -70.225055 80.814912 12.716866 
5 31 303 2097 2643 4324 62.108214 86.427400 -55.184447 -10.264230 94.420428 
8 582 978 1000 1680 2485 3267 3865 4695 -80.013823 51.577551 -63.211527 68.149422 -26.325991 -61.072831 -63.099523 -6.907620 
6 378 1138 2907 2929 4354 4614 94.666906 -68.354932 -97.827973 -21.568282 -8.756702 -22.824254 
3 2178 3313 4423 -20.026772 -98.988760 62.233704 
6 1394 1853 2962 4248 4497 4683 88.186008 98.372230 -81.349108 -74.298976 -76.929384 -95.179133 
3 1245 1969 4068 87.366336 62.690808 36.665152 
5 74 968 1428 3719 4204 -28.174048 52.792686 -26.364702 -55.480011 17.157031 
4 3141 4218 4401 4954 70.762469 -55.894277 79.011765 45.493961 
1 4527 -30.810082 
5 780 982 1259 4546 4877 -2.510501 -42.222537 -15.784643 -92.976792 33.356540 
9 1409 1550 2669 3257 3526 3551 3693 3895 4850 23.315811 70.189253 -72.231774 17.092600 47.488335 51.518517 -77.947860 -42.091688 87.767959 
1 4489 55.127116 
7 1227 1832 1944 2044 2251 2725 2913 -13.710152 -70.017243 -16.350796 -66.310227 -39.077429 -22.519602 -15.051535 
7 805 978 2482 2488 2784 3052 4970 -39.031315 87.940565 -71.233002 1.974846 -14.424097 41.056079 55.714087 
2 974 4759 -68.001288 56.726675 
5 154 1517 2373 2448 2507 -35.926366 -58.591708 49.439993 57.054990 -98.429889 
8 176 2079 2471 2733 2817 3223 4759 4900 81.313864 -55.604535 91.776436 86.468095 -56.653026 5.152236 -37.465077 -39.606984 
2 784 1722 1.410240 37.849519 
3 1447 1984 4671 -42.795590 52.042616 34.731655 
2 1565 1799 57.521264 -13.500054 
3 2755 2860 4094 -12.507689 -69.669257 56.469886 
3 1412 2798 4521 -42.263394 -35.296791 70.224421 
6 456 2386 3351 4154 4845 4885 61.884649 -24.445838 1.006482 -54.706759 14.295892 94.423981 
6 3406 3770 4078 4239 4433 4477 19.402502 23.568571 8.675135 -47.794069 28.945423 72.764267 
7 1495 1597 1783 3885 3981 4452 4806 -49.215464 71.348393 -43.229136 51.167207 -27.532580 10.514340 -25.934876 
8 206 1285 1441 1929 2237 2311 3745 3984 -77.904282 -44.876019 43.727224 82.356191 -29.220192 40.768794 -49.032678 86.925567 
8 3 344 1123 1346 1885 4260 4508 4794 30.255494 21.704381 59.390453 95.018595 -24.426626 93.974700 -23.321042 20.534709 
8 303 1008 1026 1322 2372 2527 2991 4640 13.601822 15.205410 74.585350 -20.989980 -26.426356 -2.295397 34.441677 -18.036161 
6 530 853 1420 3379 3584 3968 -89.493993 67.580680 98.288299 -4.880452 -20.855192 60.876392 
8 804 1352 1446 1619 2046 4247 4396 4828 35.817828 -19.076636 21.131415 82.934808 89.375022 -41.233461 86.673204 75.700092 
7 768 1237 1774 3346 3761 3847 4561 59.750816 56.943282 24.451166 20.276554 -70.847533 76.317712 -55.045398 
4 610 1322 2334 2857 -23.133277 95.713702 64.028735 94.021301 
5 197 297 907 4283 4639 40.482635 -55.298593 -84.844881 99.490872 89.740401 
3 686 3295 3857 56.817658 -22.675227 32.917765 
1 4296 -4.775417 
2 903 3209 14.261893 -68.563567 
5 466 517 2183 3929 4287 -24.545933 64.600925 -46.876581 83.515453 46.575882 
10 206 353 887 992 1468 2008 2701 4111 4201 4354 69.399835 -35.311339 -32.104926 35.409160 10.903803 -77.565939 67.418693 76.124593 6.983072 90.280463 
1 196 -2.528223 
7 1238 1385 2118 2186 2962 3127 3487 -96.994560 14.795836 -20.426573 72.940494 -8.918438 77.607837 -69.293916 
2 1459 3719 48.879028 -7.486139 
4 1895 2095 4105 4987 -15.327594 -70.210290 -26.145733 -56.059279 
3 950 1340 3292 -55.995071 -1.840096 -89.618418 
6 249 401 1440 2506 3877 4093 45.135036 97.438864 9.917350 -96.330950 -54.910740 32.687358 
6 300 573 1486 1497 2514 3644 -28.931789 58.095306 81.628981 -36.155497 -79.366854 -55.472484 
8 20 1498 1660 2283 2444 3899 4129 4376 15.493442 59.921649 -24.020606 61.748945 17.997754 -22.325938 -81.263281 33.923871 
6 474 1805 2809 2937 2966 4654 -5.491601 -21.742536 -69.913391 2.731933 -57.619136 61.923885 
7 216 347 845 2398 2845 4399 4598 -70.102905 -11.888579 -18.897757 31.275213 -37.671642 -11.808128 90.683525 
4 517 850 3566 4124 -18.530836 -38.389252 37.403238 -28.818869 
5 626 1119 1558 4281 4632 -16.119337 -81.733246 -72.080838 71.301947 -20.200007 
7 291 848 892 927 1218 2634 4201 -75.248962 65.785166 -46.131741 -23.001291 -67.298185 58.210625 -28.594407 
2 856 3641 -42.297903 39.785939 
2 415 4575 16.123072 -94.959051 
7 288 916 2338 2920 3985 4137 4305 80.750015 -24.356573 84.098635 -57.015045 -39.270600 -50.722525 -45.128479 
5 236 353 925 4327 4734 26.994363 -17.535497 -77.877237 -49.959086 42.022056 
4 817 2435 2829 4423 -74.221319 80.396738 -14.978263 -54.095558 
5 42 213 461 1094 1447 -56.378815 -24.948847 38.207479 -73.814016 29.387064 
6 329 372 2977 3531 4612 4766 44.160147 -29.044522 -32.757890 -85.595200 87.217932 22.581110 
1 4977 54.286910 
7 760 1466 1496 1676 2161 2254 2283 -2.280666 -51.351544 -77.054416 -89.044520 -79.777022 23.477302 -50.940470 
5 365 1539 2351 3039 4406 10.555756 -78.971494 -40.655512 -23.734181 -41.665636 
7 45 575 2720 3274 4231 4717 4938 -75.565993 84.901640 2.923511 -79.794119 40.944941 7.586310 18.794973 
3 2244 3125 3265 -29.815568 16.579958 -76.123381 
3 924 2699 4733 18.365717 29.457016 -92.595824 
8 4 926 982 1821 2085 2451 3889 4491 17.011887 -36.071762 73.954955 43.417762 59.852646 50.810334 -40.836550 -58.623686 
5 853 1662 2429 3535 4389 46.992663 28.914515 77.767131 -60.926854 2.799451 
5 3159 3177 3293 4151 4449 -20.782526 -43.566251 71.324091 -8.495386 69.710387 
5 1462 1889 2067 2862 3670 -39.576845 -87.707406 -83.144105 5.202914 21.696379 
8 1393 2113 2306 2483 3286 4236 4343 4666 11.437274 -95.934319 97.081450 56.008826 70.961155 -68.024623 96.698815 70.774015 
6 1033 1211 1689 2749 4124 4245 -51.135913 -68.741538 -88.372020 56.506324 9.369576 -92.822144 
1 1906 66.164883 
8 148 402 1796 2177 3869 4567 4665 4941 44.902810 -92.303929 -30.120946 -68.176476 -23.852527 31.086316 -77.402050 -52.230686 
8 471 541 1078 2025 2356 2907 2940 4806 -16.251892 -31.479130 -86.518134 -57.587868 -10.120380 10.439654 71.727591 88.887669 
3 2615 2764 2846 -54.135852 37.832510 -56.365404 
11 573 1328 1618 1718 2146 2774 3094 3462 3997 4235 4534 11.800518 -35.710484 -20.226485 39.392547 30.910204 -0.431865 14.569871 -56.558142 -55.908590 49.561437 84.909438 
5 170 551 649 3425 4642 36.365991 -16.161732 64.863846 -23.286685 44.315745 
6 829 933 1231 3250 3483 3703 -15.415612 -66.232967 46.780772 -96.633546 -44.596506 -42.991272 
5 17 1035 4368 4404 4798 88.209576 7.363259 -31.898617 61.646308 65.525945 
2 1772 2553 -33.180253 24.721467 
10 219 537 700 1702 2347 2685 2696 3678 3945 4095 77.632123 94.695441 -84.751733 -89.921834 -53.557272 99.922058 96.344237 77.395156 -67.337334 -9.021742 
6 200 1037 1196 2562 3114 4112 82.409018 5.935821 38.907452 -21.908346 -82.472125 84.976039 
4 1572 1880 3288 4371 -41.897362 48.964595 86.706186 47.552579 
5 138 182 1965 1973 2816 53.763741 60.033950 -18.840105 59.893825 -88.981539 
6 625 2637 3345 3688 3772 4844 -95.058986 43.409140 -0.898053 -30.871007 -27.922245 -2.612602 
7 208 260 343 1080 1232 1451 2662 58.075779 -12.048387 -41.718670 62.868098 65.095663 41.259036 -68.306790 
6 536 1198 1287 1505 1919 2492 -65.486047 41.795860 52.646178 -70.185427 -59.968544 -90.670555 
5 1241 1532 2093 4022 4380 -67.054299 -92.375672 5.148380 86.433565 20.330818 
2 2196 3607 -62.475479 -84.388644 
6 2055 2883 2930 3606 4298 4663 27.489680 64.410696 98.877198 -54.284672 78.024405 33.187710 
5 723 763 1051 2019 3279 -12.134656 56.199079 52.055332 45.616149 65.648734 
5 256 931 1766 1866 4908 5.440068 82.195718 -73.615025 -35.222434 -76.730295 
2 298 4961 -19.834113 64.300627 
3 520 968 3214 17.147405 43.024995 24.551123 
3 734 2043 4494 -19.689919 78.894512 -87.816728 
5 1460 1509 3206 3950 4501 -30.847922 -53.987799 61.097480 24.901671 -64.979239 
6 448 625 2250 2578 2815 4220 -95.106520 -14.707378 -91.919848 48.550993 79.055233 -67.394209 
5 925 2122 3332 4025 4221 -98.850466 62.942390 -51.545640 41.444977 -78.729928 
6 94 849 1322 1845 3771 4805 -71.075353 56.896344 73.325758 -86.553999 25.502720 72.667534 
8 130 179 683 1455 2735 3523 3914 3974 -80.695866 80.234127 38.975816 -64.818695 -7.039070 75.410556 38.434738 -26.925714 
3 1498 3627 4037 53.048400 63.195420 -21.294805 
8 593 714 1289 1626 1953 2917 3452 4997 -57.361535 6.354962 20.431244 53.993871 6.717635 -96.396907 -39.192294 -95.151140 
2 838 4241 78.311945 7.814364 
4 190 1023 3463 4579 93.702084 -11.786404 -23.850249 -72.192133 
3 208 2387 3290 27.711143 -49.053665 72.590627 
9 1135 1261 1263 1508 1598 1932 2481 3783 4229 55.569503 47.235135 -13.425986 -85.743684 22.643245 30.008460 -46.309856 44.940676 5.622235 
1 57 -36.803658 
4 2132 3336 3457 3985 19.495751 63.610496 -97.278750 79.223254 
3 2353 2904 3758 64.625752 26.113242 73.868637 
7 1450 3062 4106 4593 4732 4751 4957 -28.784595 -16.143330 -98.165165 38.351307 6.316444 -84.158150 47.031391 
9 178 515 660 931 2821 3250 3339 4691 4837 77.552852 -19.358853 8.878244 -72.145183 -65.044770 -71.894902 56.453746 -89.678489 48.516884 
5 2103 2749 4238 4571 4904 77.939148 -30.904195 7.154728 -73.991946 -11.854345 
3 4196 4695 4831 60.894150 -74.084757 13.615745 
7 700 1723 1839 2154 2269 2376 4347 -41.082239 -40.353418 90.160107 27.003366 -57.803953 80.802631 25.303844 
4 373 1436 3893 4478 8.414231 -17.937051 -15.671700 9.450947 
4 471 2674 3464 4965 74.889397 73.101379 67.434788 92.320305 
3 1697 1991 2464 -9.157787 -54.747465 -71.818743 
5 2209 3057 3100 3563 3852 77.344016 -15.051532 -8.915352 -89.439987 -78.886754 
3 667 2659 2883 -35.250148 -26.976993 -61.123134 
3 1762 4395 4475 67.962513 33.934924 -32.184831 
6 391 836 1008 1033 1704 3023 -43.658092 -9.906094 51.263249 -51.600764 30.743806 -80.492167 
3 168 1470 4152 62.103836 -9.369031 24.627218 
2 1593 2945 69.696412 -81.107452 
6 496 2671 3121 4142 4551 4695 -81.936410 37.640731 -48.320982 -65.300045 59.548789 -17.894367 
4 1519 1936 1950 4067 85.065551 80.782861 5.716102 -29.596057 
3 407 3210 3639 -99.664182 -8.981551 45.755724 
8 391 434 862 1624 3155 3552 4368 4854 -16.466213 -5.522357 32.483860 -16.972755 68.956568 -76.153297 85.879518 87.910286 
5 1703 3128 3849 4537 4636 -51.627656 42.423108 24.387522 59.932857 -7.233835 
4 234 1505 1562 3427 80.372160 -37.660461 -4.692507 40.904508 
6 378 1327 1786 2301 2972 3496 -83.406377 -49.009428 91.619759 -88.352058 -99.130994 42.590252 
2 218 996 -75.860110 -64.460675 
7 34 341 1009 1010 1297 3280 4039 -31.589882 -22.486783 -69.064810 27.107350 47.297002 -56.290387 4.175179 
3 1917 3881 4285 -47.839328 -94.986539 68.483159 
3 24 4673 4972 -78.039166 50.285604 -61.456638 
5 581 1985 3307 3322 4692 49.988995 -41.107833 31.485836 78.569312 48.085053 
8 66 1105 1695 1737 2994 3137 3264 3742 -43.108137 39.206689 57.919131 -15.201370 -20.123430 -85.174347 86.200064 40.244066 
3 593 3670 4598 -93.484499 -31.893173 -77.194560 
7 123 321 991 2228 2232 2292 3835 -98.170112 61.302519 7.224656 53.305031 87.999983 -86.033562 95.968998 
4 611 1393 1755 4482 -72.549516 28.429073 87.033887 78.810008 
6 522 1114 1586 1734 2844 2887 -64.027242 -70.226787 -36.698175 -27.043008 -73.070246 51.839677 
4 1563 2589 3290 4245 83.477933 -82.406620 -89.910174 -89.536976 
6 1950 2190 2949 3400 3622 4175 18.461456 25.775336 79.887404 32.278613 -53.917943 88.133791 
3 983 1383 3880 -70.044198 2.013951 27.199561 
3 910 1542 2431 -32.102617 47.308669 -43.804658 
1 1852 41.810858 
6 732 1088 1121 2368 2987 4153 77.655920 -15.058887 -97.820129 -74.150528 43.597821 -81.740132 
5 614 2867 2873 3833 4422 71.528346 70.210707 36.442228 84.188283 53.377970 
4 1401 2707 2761 3173 -49.864602 -21.712141 -63.446899 20.901504 
5 1269 1823 2934 3766 4294 43.251329 83.710200 -2.193422 -76.865387 -14.063378 
4 1319 2488 2829 3683 13.447310 24.257739 23.491330 -68.283845 
1 2907 52.465017 
4 1028 1469 2377 3322 -22.909209 23.385905 -67.159228 36.378686 
8 279 1221 1781 2594 3620 4018 4360 4608 -63.866059 26.090063 -81.725259 32.161460 91.045990 -40.704078 15.319323 -77.379471 
6 105 990 1337 2251 3911 4441 -23.915860 85.660819 -84.113156 -72.176488 -86.486911 -73.373528 
6 1572 2984 3208 3283 3532 4850 71.768598 -34.647541 98.427868 32.882136 18.716225 -9.553967 
0 
7 35 137 745 2151 2958 4050 4142 54.762445 94.878899 -75.736151 -24.503430 -90.302284 21.724706 11.721296 
5 1244 1724 2823 2930 3263 24.970924 -2.019640 57.538551 18.926587 -35.514995 
5 917 927 2277 3848 4367 54.233123 -34.289566 29.811892 -56.028669 -40.882581 
7 2129 3018 3089 3986 4055 4334 4822 -48.753060 7.633738 37.982118 65.867676 -79.036346 24.307720 -18.441730 
7 7 1006 3054 3281 3694 3951 4582 -5.723118 29.548674 -61.199814 74.673169 76.190466 6.653292 -42.798880 
7 1324 1563 2707 2919 3425 3489 4253 -23.775518 50.105973 -84.947161 -88.673075 -51.568080 -1.580085 -91.365096 
6 283 1129 1627 3519 3747 3899 -57.501021 13.908600 -71.787096 87.469094 -1.036754 -20.613729 
4 2205 2359 4432 4451 31.584912 -12.886043 -20.374533 73.471891 
2 865 2042 74.955255 -9.852866 
1 3759 -25.985012 
5 620 1580 2735 3363 4329 9.058398 90.094548 -11.849529 64.343041 35.373721 
8 242 440 1520 1553 3234 3354 3643 4434 44.639515 64.211391 51.624847 31.360544 97.379565 -35.634851 -59.550120 -25.749487 
3 114 994 4967 99.513749 -83.601555 5.512342 
5 1346 2803 3102 3460 4435 -61.996238 22.374214 -17.204045 -6.645498 -60.048836 
6 682 1438 1835 2577 4461 4680 -51.066645 46.500775 1.318413 78.291297 -50.515196 29.863095 
5 394 4023 4243 4532 4847 -13.887876 -29.285617 33.354188 -21.527225 -69.394231 
3 1484 1959 2772 17.440555 19.571944 -52.966628 
5 2490 2647 2824 3547 4615 -54.855246 -51.745616 74.918054 -78.262968 38.046741 
8 783 957 1232 2259 2591 2841 2880 4360 66.633933 -53.579765 -61.109170 29.200834 15.740943 3.896370 -17.638273 -22.779687 
3 988 2104 2330 77.698364 -28.378017 3.369610 
5 443 2471 3411 4470 4493 -87.610289 95.271109 -35.730757 -94.630488 -12.271226 
6 181 1825 2567 3277 4009 4242 -48.230270 87.454149 -70.310975 -89.460776 44.356589 -88.786798 
10 783 1557 1817 1976 2513 2874 3094 3808 4260 4863 93.941007 -78.265355 96.061914 -46.077319 -11.805928 15.859977 -76.072230 -25.035666 -82.162960 32.619448 
2 1249 2380 66.947311 46.543481 
4 372 816 1214 4227 30.518921 -91.336221 9.739935 99.722850 
4 2543 2909 3684 4955 -82.366438 77.488771 -39.941880 56.111225 
7 1658 1867 2381 4097 4634 4922 4931 -9.444149 -30.615431 -39.240223 -44.096559 35.840766 81.337996 -88.255099 
1 4094 -72.621154 
5 2031 2654 2713 4006 4628 -49.731683 -33.970398 26.684475 96.802643 62.693709 
5 1415 2497 2648 3926 4667 -16.780057 -86.348255 -76.180373 -61.096878 75.365790 
10 697 1045 1868 1924 2017 2766 2851 2865 3494 3729 -90.216032 -86.602661 -11.954720 -30.789302 96.356507 58.104684 87.709294 -61.777087 -92.092834 44.285472 
9 262 307 938 2471 2901 2916 3417 3950 4571 29.495694 -92.622955 34.673700 -43.159882 -63.150943 39.550701 -94.910371 -24.688579 -89.272884 
5 799 2999 3455 3682 3757 -32.669849 -94.947678 38.614857 -49.327591 79.630360 
5 236 2537 2560 4100 4986 -80.075593 28.856163 -11.801028 93.261583 -5.730960 
6 1246 1390 3206 3774 4167 4908 -39.060120 -51.203624 -5.852842 10.386960 12.457695 21.552514 
4 1314 2203 3014 3444 61.302057 -63.537410 -38.732320 -9.738847 
8 69 775 940 965 1036 1826 2524 4682 16.058222 -66.545836 -2.188427 45.006304 25.466976 8.943363 -20.518064 -34.258530 
8 411 712 1978 2637 3442 3612 3797 4789 22.843915 -55.685121 16.581961 -4.900314 -3.013405 65.634209 54.265414 41.724753 
4 425 669 1046 3123 -60.142846 73.580634 70.841708 -47.756584 
5 381 453 665 1953 2467 -54.231426 38.351459 -81.974481 73.165073 99.589384 
5 460 1869 2367 4251 4963 9.758780 9.254916 -87.546527 -64.765419 -69.612374 
5 1759 2173 3104 3611 4052 -39.688522 1.638961 -45.149797 -70.345182 53.061462 
4 945 1166 1475 4655 -68.531466 99.317092 29.002191 41.161221 
6 16 1335 2412 3480 3900 4158 -76.544781 -9.760922 -6.509445 -99.728742 -63.716351 -52.597183 
2 4317 4525 47.789997 70.227078 
6 295 1155 2253 3806 4028 4612 -49.545512 37.971408 89.512692 -54.286423 -67.129637 -67.286819 
3 2033 3485 4362 15.156500 6.029078 14.703331 
3 3145 3227 3586 -78.031674 14.115319 -35.702949 
5 835 1647 2537 4619 4818 68.168815 49.768861 -78.822804 -63.844811 52.864789 
9 186 216 955 1728 3016 3086 3377 4157 4721 79.378446 63.005482 10.342414 -50.862335 53.655763 25.578901 -36.801411 -13.320695 60.784876 
4 786 1743 2995 4427 62.414224 76.984316 -56.437122 30.321929 
4 910 1930 2143 4786 53.293092 -73.192518 -9.828497 69.983652 
8 287 642 715 1619 1645 2020 3835 4391 16.520395 43.881509 93.412581 27.870314 -24.538228 -40.095871 -50.002929 57.252096 
9 203 205 363 1063 1426 1855 3380 4582 4792 -20.840295 -47.749271 8.201338 -84.002258 44.102794 -73.886508 -36.637974 40.601626 -30.858486 
3 2388 3310 4217 -90.508957 -4.409202 18.458206 
4 437 2815 3577 4180 40.979891 66.135445 -37.223693 4.365750 
5 1796 1859 3336 4171 4274 21.590612 -97.158697 76.397900 68.410834 2.514857 
6 463 778 3513 3970 4355 4649 16.230419 13.604757 49.985230 -40.828194 -74.590756 -6.681736 
8 285 1661 2215 2716 3565 3710 3995 4394 -21.013408 62.179168 -41.903391 98.230711 67.914301 -42.050418 -54.939813 -5.213707 
5 1798 2290 3867 4623 4650 24.267902 -62.693624 -6.052126 -7.904007 -4.299036 
5 576 1677 1778 1897 3933 28.801930 68.679918 95.261095 -88.652197 75.829157 
4 1714 2312 3566 4134 99.776378 80.319789 -21.426713 51.273461 
7 151 1010 1410 2636 3831 4409 4630 13.178343 -29.121536 48.941114 -84.405482 91.084990 -28.390163 -17.435847 
6 540 1903 2005 2120 3058 4614 -14.066128 20.943906 72.763519 -37.530461 -83.102902 -98.073546 
7 47 352 1902 1941 4157 4198 4413 -58.545696 -17.518474 7.097628 -49.754565 -11.491109 82.390679 -11.075012 
10 734 1743 2193 2305 2542 2939 3135 3291 4658 4900 62.576912 -58.080231 14.265769 28.132441 45.939376 -11.180193 7.412789 -25.196014 -75.714699 50.650166 
6 588 879 994 2838 3500 4665 34.604444 1.247676 3.367219 -95.220450 10.330001 -27.040505 
9 1425 1566 1724 1945 2708 2991 3118 4439 4574 74.144521 94.737776 -13.548979 92.710240 -45.581911 74.845413 -48.329022 -66.455295 22.332287 
13 218 254 455 1224 1334 2760 2870 3446 4476 4499 4525 4577 4764 -53.714632 -97.858627 91.607028 -50.482099 -19.543700 26.104731 69.200142 10.369544 30.064208 -73.705936 6.766149 -6.075463 -6.901052 
6 1046 1721 2569 3113 3695 4217 35.734669 -81.124194 30.006169 -78.435385 -13.549624 38.830956 
5 1358 1456 2049 3962 4801 -62.051598 9.179315 39.342280 17.306589 -91.319357 
6 1978 2311 2350 2526 3318 3396 41.182363 77.114062 -7.454631 -75.492412 10.936513 33.942163 
10 1009 1779 1917 2691 3517 3788 3901 3914 4336 4412 35.327599 -16.554008 -92.076010 -53.251013 40.119257 -3.160692 -2.835775 14.690913 27.652589 -29.216956 
5 2345 2373 2742 3320 3731 95.132481 -91.555178 58.140396 -45.469556 -97.060807 
3 1838 2889 4963 -3.072583 35.254315 47.450668 
11 254 477 837 884 895 959 1629 1944 2833 2932 4227 16.681621 -9.249745 -81.598448 72.110343 50.703792 -7.709968 -21.992815 21.527777 7.011165 6.496353 -92.452451 
10 1002 2077 2322 3331 3335 3788 3860 3998 4334 4698 54.609847 -99.679356 17.504541 45.331654 28.722974 -25.382988 -39.675479 -4.350701 -48.450621 -33.488661 
6 1173 1884 2288 2794 2972 4256 2.958252 42.937562 -79.819318 -55.138961 -57.013872 18.033252 
6 291 629 800 2335 2496 4748 20.730328 -51.488960 78.798813 -93.781191 16.277669 19.871691 
3 451 2861 3371 -61.707058 -92.200919 -5.591638 
3 3197 4435 4688 23.857915 -86.685881 -95.016914 
3 1049 1174 4803 38.912815 96.942791 -17.601886 
4 696 1006 1015 3949 18.954262 72.508187 -74.731960 -11.123564 
4 1629 2674 3895 4111 30.418928 -95.352713 66.311414 -22.280831 
8 427 477 1161 1650 1726 1990 3399 3990 31.004524 56.449629 -78.610840 -42.633090 81.053252 -64.785704 5.936950 -80.093751 
2 1086 2412 -42.682978 -52.180708 
4 1491 1796 4549 4576 51.868335 -65.377531 59.425835 90.927078 
5 552 996 3442 4058 4760 -37.220787 -68.153269 90.665066 93.381175 14.841855 
5 3385 3476 3704 4584 4960 29.421054 -64.950391 30.668863 -44.050233 -88.631063 
7 641 2093 2681 3174 3355 3937 4371 -49.534537 -0.370098 61.801244 -86.677201 91.009582 -85.078179 -68.411948 
4 234 2209 2328 4672 33.910587 -52.423450 -47.968792 57.005944 
8 164 590 1043 1174 2351 2535 3696 4719 73.161019 -69.618872 -19.667980 80.381164 18.890587 16.304389 -81.897411 50.453550 
2 3614 4022 -75.566187 57.239701 
8 559 810 844 904 1516 2936 3936 4059 86.588641 73.236060 -99.878532 43.688954 -67.787205 -63.779279 22.717258 -40.944821 
4 677 730 1501 4111 52.841212 -5.374349 48.843177 14.384699 
7 256 1872 1897 2436 2602 4313 4438 96.534940 -81.975477 -9.853341 -17.261076 -32.055358 -49.894688 35.176620 
4 236 538 1952 4249 81.817940 44.919578 -72.885645 -1.860081 
1 3377 76.101504 
8 53 87 836 1324 2845 3204 3794 4902 44.545700 91.883481 -75.292373 53.693863 11.850931 69.957070 -23.535483 87.271064 
2 2428 4146 38.188549 16.635277 
3 308 407 3201 -22.395693 -21.426015 -65.298254 
2 2481 3538 31.515019 -46.187312 
6 637 1144 2954 3919 4442 4511 -61.005013 95.169821 61.694734 82.152370 21.280644 63.675178 
2 3217 4519 -94.306181 -8.709152 
5 2183 2520 2670 2825 3383 -70.936922 -19.756292 -59.014187 -56.406774 52.283905 
6 126 686 2755 3082 3688 4282 -37.382128 35.626405 -20.596047 -8.730073 -65.832513 -80.468616 
7 575 1614 1752 1874 2446 2611 3668 36.588758 -13.424173 -7.569481 -32.285211 -73.086379 83.321564 6.961430 
5 845 2095 3485 3655 4383 -8.088379 -10.512932 -97.590214 72.698227 -86.045817 
7 104 610 1355 2085 2875 4230 4904 -59.393845 -44.388460 7.479154 -20.528530 21.815738 -91.684897 -55.530056 
4 128 2796 3256 3942 55.056401 95.342004 74.283041 -28.499911 
5 1642 2860 3283 3533 4691 -64.418378 33.401322 -27.374929 -22.266792 -42.420084 
7 793 1128 1439 1534 2233 3605 4075 61.468897 -40.716723 -57.808164 -50.127682 75.665741 -94.325868 14.463368 
4 872 939 1393 4846 -23.467654 52.602522 3.716530 -58.489371 
3 740 2601 4013 80.734919 -54.104389 41.792078 
4 534 2383 2575 3102 82.914517 -22.423758 -0.118802 8.029923 
8 231 418 813 1469 1607 3107 3563 3673 -30.186717 78.122187 -42.281123 54.675709 71.413927 28.077165 28.067361 -2.582655 
7 520 862 1667 1861 2080 2135 2446 80.229400 -17.087446 -72.202749 -91.907486 -7.997534 -76.978456 21.286041 
2 2643 3575 36.041355 -29.707134 
4 838 1084 2970 4549 -43.014979 -63.054475 41.145229 73.766302 
7 195 1008 1081 1755 1907 4181 4722 -49.104146 -39.172788 97.418225 94.770786 -89.874168 -50.963848 70.171356 
3 2782 3448 4629 72.789510 -45.432916 76.803874 
6 126 855 1506 1727 3754 4337 -29.361709 -38.804551 -8.307520 -76.658102 25.040889 -23.436026 
9 268 517 784 1329 1848 2368 2509 4038 4404 -65.633775 -70.295176 -88.856632 14.147874 1.810297 83.343977 -53.260456 -65.594653 -69.371148 
2 2229 4781 17.527081 -4.287659 
5 958 1257 2437 3686 4165 -95.916776 -76.513821 87.749388 93.586715 -38.340740 
5 748 1444 1814 1954 2517 56.501912 -7.839382 48.643588 60.096326 -29.113376 
7 444 1303 1933 3857 3860 4144 4947 -56.438950 55.104619 34.014071 -82.607724 16.799329 69.427125 86.004700 
4 113 1888 2677 4882 57.098850 75.710590 -17.933992 -29.046634 
4 1228 1371 3238 4755 32.477795 -43.488001 -19.608547 17.075310 
2 2033 2532 -88.439757 -43.947661 
1 3111 -86.851428 
1 1223 -89.503125 
8 1311 1534 1832 2989 4075 4129 4578 4814 73.001657 69.816896 -3.152089 -78.236470 -59.260383 87.459813 89.961848 -68.721543 
4 747 1578 3838 4676 -1.117883 -93.021880 -57.350337 -31.493323 
7 974 3116 3346 3387 3609 4451 4658 -48.796276 -80.792637 -10.864954 73.111973 -26.160209 94.348974 20.443055 
2 655 1899 -51.177400 39.229037 
6 256 468 2372 3722 3772 4987 -42.073441 30.674057 -72.035682 -49.422871 53.131355 4.492628 
8 110 152 597 795 3101 3935 4030 4696 -54.061576 24.308881 -35.053404 57.909741 59.464547 54.649068 81.375557 60.591319 
5 956 997 3204 4017 4681 48.356877 -36.972645 -1.712638 31.098127 46.453658 
4 141 2145 4405 4822 -53.802732 -9.367445 -2.373435 -88.246608 
7 478 835 1368 1616 2953 3096 3937 -69.918928 87.927090 -3.579459 -81.172487 23.008716 -46.318416 56.829470 
9 455 523 577 880 2190 2439 2879 3876 4948 10.237440 73.893224 -38.635730 -7.883886 88.429529 65.162937 30.864848 29.750563 82.031384 
7 848 1261 2226 2617 4287 4730 4845 26.031316 63.432460 -56.370332 34.371698 -97.086406 3.879679 54.600730 
6 1455 1757 1844 2364 2757 3129 4.691220 -27.581205 -86.947862 -37.352866 -91.624288 53.196038 
4 2332 4131 4221 4742 32.468292 72.403873 -18.008778 -73.317199 
6 1501 1542 1610 2032 2333 3116 3.890295 -36.434431 98.193853 34.225750 -70.528554 81.249785 
5 47 488 1617 2608 3823 56.596000 63.135572 -8.196219 -92.816135 -10.365575 
9 1236 1851 2272 2679 2988 3357 3630 4615 4932 50.018602 -22.524238 1.637798 -12.488624 -46.773950 33.934039 63.620941 -79.298186 78.352623 
3 1689 1763 4047 14.959887 -15.076178 -84.716380 
8 1349 1743 2010 2065 2283 3878 4632 4745 97.857720 0.649769 11.524171 -83.698564 68.581556 -34.880841 45.989878 17.864097 
4 1761 3775 4419 4465 63.684829 -92.122462 59.662130 42.772020 
4 716 841 1785 3780 -92.888326 -71.752171 58.738837 19.295356 
5 275 553 720 1261 3163 -0.626934 -31.462362 -66.806603 83.846532 -18.082506 
3 608 998 3230 -68.466344 -56.244271 -98.938630 
5 967 1034 2240 2401 3284 -46.326551 71.150777 51.222867 -87.993265 -48.606220 
8 1345 1498 1612 2374 2615 4096 4319 4560 5.395096 11.582821 34.814986 48.551389 28.983038 38.114113 38.916700 75.349949 
7 103 403 1219 1726 3063 3253 4726 76.210300 -53.831135 -3.873611 98.394178 -31.260898 98.207341 -30.608924 
2 1311 2456 -18.687218 -90.019832 
5 84 2688 3157 3968 4717 -18.084257 7.191665 -35.850535 6.956485 51.411304 
8 742 839 2234 2323 2837 3098 3405 4058 -6.144374 -38.023489 39.483200 9.739132 -89.466563 68.271689 -90.910412 75.446517 
2 1609 1745 -92.187059 -48.314126 
7 1237 1711 2714 2860 4299 4500 4554 67.136803 -4.601431 12.891896 -3.582507 26.193931 -49.213589 98.065272 
9 572 1446 2153 2213 2578 2638 3497 4187 4833 -81.433527 81.596907 4.036782 68.213276 43.678151 30.601986 -89.945875 50.713548 -49.295518 
6 747 2735 3254 3666 3886 4648 -28.328224 13.737655 -58.486742 -47.387499 16.617182 -18.634271 
4 893 912 1080 1234 -9.160395 80.715274 34.974484 95.216396 
2 2142 2544 -0.467871 93.905288 
10 79 609 681 981 1827 2717 3130 4097 4197 4766 53.221045 -5.278489 46.355848 -93.214148 50.057706 -90.820375 -86.569950 27.378588 42.530606 0.385358 
6 22 249 718 1956 2560 4511 -33.519259 26.942797 -71.596306 92.749267 71.538767 -3.309844 
7 636 1615 1616 2902 4685 4848 4962 61.024688 -61.070953 86.899797 17.687708 53.245960 -70.793910 46.131477 
4 74 105 3456 4433 79.401074 81.767214 -95.963351 -32.287441 
6 428 637 766 1426 1522 2543 -74.387049 -77.082717 68.732175 54.827826 -49.708656 20.215859 
3 924 3743 4410 58.747481 -69.124406 -39.223990 
5 377 573 3325 4370 4400 0.966900 -63.794341 41.308340 -77.657171 49.298478 
5 340 1381 1911 2017 3991 -23.638904 91.566104 -78.582718 12.520074 38.627032 
5 138 188 1489 3421 3468 78.124480 76.587175 95.498341 -2.474598 3.438831 
11 326 544 958 1061 1100 2087 3710 4072 4125 4649 4798 47.953303 22.247913 -38.233323 99.218153 -85.838526 79.635610 38.390288 -4.843176 10.891551 29.795311 56.966587 
8 35 243 502 707 3326 3846 3977 4424 -29.940691 68.935601 -59.977961 -89.220921 78.048113 56.291978 -11.148193 65.377589 
4 456 1395 2979 3595 -39.813937 73.921331 89.780973 11.074334 
6 103 1630 2213 3604 3663 3769 86.941102 65.277185 0.629296 17.008605 89.621084 -11.112232 
12 198 287 349 414 1108 2339 2343 3212 4007 4753 4884 4995 -44.149759 85.380723 75.332587 -47.408975 70.236251 -26.067919 -7.496872 -27.922671 -66.438769 29.197820 -98.249519 55.692421 
3 2077 2676 3854 -61.140983 -78.628059 14.298229 
5 138 228 2039 2501 3378 62.620996 -81.246434 -2.619916 20.180148 6.326894 
4 488 618 2687 4231 -16.848253 63.392590 29.723562 -88.977644 
7 790 2879 3734 3767 4011 4363 4491 -38.939660 59.921190 71.591709 -70.803387 -69.688635 85.171850 -88.124282 
2 1943 3079 -2.734177 71.566253 
9 1509 2723 2844 3368 3946 4477 4484 4720 4981 95.826969 -78.391439 -63.369804 -29.045048 -79.761968 -35.882007 -54.499789 3.495318 -8.184235 
6 543 575 2241 2676 4114 4422 -40.023651 -4.152044 -85.516915 92.095900 -54.305175 -14.608138 
4 3575 4359 4388 4391 18.718768 12.316364 63.316503 23.705921 
6 882 910 1328 2422 2597 3504 -5.648783 -76.863988 -16.836953 23.520203 45.579328 22.808973 
9 176 539 1919 2244 2552 3599 3613 3985 4389 19.639776 3.603519 -29.094079 -10.633931 35.740713 -72.436423 -77.203979 9.334495 12.005907 
12 476 1086 2049 2178 2801 3165 3248 3407 3798 4628 4686 4996 -26.454023 49.999744 66.398400 38.487641 -35.745852 -54.568178 -32.146659 -79.536040 20.251705 -74.121856 -61.615007 -15.711631 
4 955 1546 1732 3627 36.469370 26.281362 -60.851302 -1.986102 
4 450 3559 3726 4007 -59.552053 -71.072907 -24.546111 -87.420603 
2 82 3776 33.535531 70.306804 
3 921 3902 4154 41.797061 1.083103 -76.271133 
6 272 320 591 886 1368 3694 -60.062526 82.204173 -51.088792 84.588655 25.565999 73.526651 
6 40 429 1095 1728 1843 4908 -83.389800 49.739193 38.267202 77.280412 68.503438 -21.257107 
5 1641 2673 3067 4017 4286 92.473546 -97.707379 6.212481 -74.023107 78.794237 
4 389 860 1936 2897 -46.238170 -49.995973 30.991001 68.783037 
8 359 1031 1320 1532 2261 2335 4527 4572 -91.727606 38.586849 -36.787020 -87.055000 -27.646489 -6.312137 -94.000908 -66.242635 
5 173 1286 1535 1710 1742 -44.792652 6.646791 20.356005 -92.532906 -86.310149 
6 690 1538 1878 2436 3209 4703 -46.840279 4.824877 73.842586 -78.056040 87.938901 -13.578490 
3 424 3847 4667 24.844829 4.512711 -64.366187 
2 3328 3982 86.500703 84.236734 
6 527 1257 1634 3660 3846 4722 -22.127059 1.851298 -62.231136 -16.780214 1.329830 -67.643663 
1 2433 28.778841 
5 619 2731 3540 3873 4567 75.855472 -27.015501 93.208712 91.391939 1.919696 
4 109 1790 2860 3958 21.819882 -52.503295 60.794587 7.738521 
5 3212 3675 3696 4394 4618 74.908112 -90.032522 71.074547 -82.531473 18.811021 
4 3258 4074 4659 4826 -84.073544 -13.067964 77.718561 -8.389049 
4 1351 1619 3260 3696 99.156326 72.608383 -40.755778 16.730481 
6 1620 1885 3003 3773 4204 4507 -20.010422 15.194422 -56.384954 -39.280630 -66.560789 -20.395731 
6 2143 3386 3611 3972 4121 4992 48.436219 -13.827963 39.357362 -36.354439 -51.823940 -34.761538 
7 710 1032 3541 4045 4069 4185 4261 -9.625935 32.748223 81.377392 -62.835969 79.175734 -92.410038 -42.477177 
2 1353 4874 -68.013472 27.589346 
2 3030 3554 -19.423436 9.015031 
9 261 2852 3471 3909 4265 4322 4626 4687 4971 -5.775190 40.777653 -43.748836 32.636296 90.034312 35.747103 36.217480 -63.986486 38.756025 
7 17 389 491 867 886 2492 3060 91.367837 -14.007717 -41.472224 20.950177 -43.795673 63.957231 94.039358 
6 939 2774 3193 4178 4878 4943 -90.416886 7.175511 8.534225 -50.110676 40.171237 -48.068029 
5 445 1311 3451 3802 4496 -29.685505 -71.884430 -65.434414 -1.651976 -9.081744 
1 1206 -62.269998 
7 530 1346 1730 2306 2489 4757 4761 21.695564 -10.475970 73.307206 -86.018809 -54.740653 -68.215862 25.730971 
2 2972 3429 6.457595 -98.216806 
3 387 803 937 -88.907781 49.826229 98.916414 
4 2524 2793 2846 4021 30.405415 -96.515992 2.833415 79.975328 
5 283 1253 1419 1426 2375 92.998129 -83.047207 -7.268874 96.609726 -66.307363 
8 228 789 1355 2575 2583 4099 4249 4663 -23.123851 63.524199 85.704471 -43.333500 8.308109 78.340459 11.334066 55.792777 
2 947 4424 65.027164 -67.725835 
2 2274 4809 -49.084573 -89.909184 
5 1006 1565 2676 3091 3361 -89.267985 44.214262 -75.053278 -15.512340 41.268716 
3 192 2738 4160 -56.556691 -1.017933 -99.137991 
4 2383 2445 2598 4004 -71.545038 29.914584 -18.888362 15.040799 
4 961 3116 4446 4497 33.651072 -84.608375 -94.095784 -92.006733 
7 1341 1348 1901 2058 2071 4116 4726 76.743817 41.633045 -14.641152 38.006759 -75.852968 21.942986 28.015530 
4 326 899 1435 2214 -48.993336 -98.246090 90.197037 -53.759268 
4 201 1630 2410 3285 -93.628415 82.656327 48.567337 11.580066 
4 2561 3276 4018 4459 -77.564065 -9.277227 -14.155578 -80.956730 
9 66 705 707 1302 1493 2780 3639 4429 4791 -32.672219 45.001073 -0.702574 73.027008 -77.447321 40.502593 41.217838 -73.599193 -58.502101 
9 72 389 623 933 1092 1639 2905 4276 4296 -46.510775 -70.639280 -46.196625 -86.607201 71.560971 93.810945 -16.281969 89.229806 39.622439 
7 526 1227 2023 2145 3072 3590 4364 -46.053785 28.993512 14.045371 33.634183 -7.262764 -90.469894 -99.586086 
5 1888 3300 3733 3959 4558 -57.434136 -88.564569 -71.264023 79.536427 -56.655030 
4 375 699 3548 4485 -95.053738 2.238705 -93.342710 -97.873666 
6 1247 1787 2925 3181 3929 4082 -63.393781 89.812828 -42.813324 -97.870735 -87.969885 -72.386237 
8 127 545 2972 3075 3216 3462 4633 4991 -75.245775 -63.034721 24.128244 8.231396 -76.814084 31.289527 93.267076 59.277249 
5 1430 2531 2894 3414 4570 -17.357472 -98.499276 -74.585090 66.975099 -92.234524 
6 129 415 1179 2724 4264 4966 -46.826987 -12.838837 55.443515 -83.711558 -50.226615 -96.138536 
8 1553 2342 2974 4037 4626 4725 4754 4873 6.067922 -28.413901 71.631936 -38.607949 65.293520 72.044792 -39.746605 -63.818290 
6 106 1013 1277 2243 3181 3372 -25.750273 -42.021816 51.117973 48.242820 22.998382 -52.996074 
7 665 1563 1731 2351 2762 3577 3951 74.263845 -9.198229 -76.150550 44.243789 -36.112611 36.515309 -40.200249 
1 4296 -7.653886 
8 365 1013 2357 2454 2753 3101 4194 4359 -48.348254 -68.366732 38.316932 -68.170804 -48.824877 21.242801 61.743975 79.117837 
3 228 906 1935 41.458536 97.726756 -37.049915 
3 1110 1525 3771 25.694631 -12.280837 26.737281 
8 6 1132 2124 2520 2542 3675 3848 4863 -65.508654 -69.303124 -11.235392 -29.906994 -2.809041 76.164224 3.636050 -49.249905 
1 4947 -89.627149 
8 641 1131 1732 3093 3454 3616 4970 4981 59.488565 -20.836047 35.278198 42.165317 -41.148648 -74.499418 -18.269691 -25.312746 
5 265 1634 1779 2649 4583 -76.306526 66.886627 -63.866730 61.238448 79.918598 
5 1448 2495 2833 3287 4299 15.974573 -82.075655 63.040027 42.227508 -74.429765 
2 136 516 -58.659846 1.833843 
5 11 275 1025 2944 4867 13.061263 -81.974297 -72.158078 -49.004681 40.935825 
6 837 1921 3335 3476 3505 4378 2.486805 -96.618885 34.655465 32.459680 81.735999 86.790256 
7 3 387 884 1099 3346 4838 4921 -73.461108 83.961242 33.964580 -83.846799 -3.406370 -45.783366 -51.209274 
0 
1 3218 0.361557 
3 2243 3371 3983 -99.986028 -81.396751 -31.206314 
3 750 3651 3910 62.710662 -55.356792 91.484709 
7 38 764 807 2128 3726 4091 4689 -75.820438 -40.326733 68.738070 -48.126129 88.088468 9.590523 17.977586 
8 799 958 2145 2557 3618 3876 4024 4576 58.009812 14.952579 24.091436 -25.703066 28.887381 22.252939 39.563167 -11.516253 
10 50 463 1098 1478 1819 2466 2699 2894 3667 4739 -61.174141 -61.411470 64.953832 89.814219 -20.874944 94.299065 -54.641038 18.637419 82.607081 -69.155741 
1 4602 -55.189681 
5 1542 3556 3850 4397 4637 -63.425172 37.394102 -14.232689 45.959253 17.209440 
1 2614 74.781450 
8 1854 1951 2079 2737 2943 3615 4541 4560 -0.504305 5.814943 -95.538589 -44.516003 -75.567487 -11.996507 2.395441 51.868797 
4 951 1795 3267 3689 13.352012 42.932640 -46.015024 -35.669234 
3 2460 2662 3661 -81.788309 -34.842425 8.040060 
3 1443 1528 1682 9.424122 53.141145 15.513678 
3 144 2459 4383 0.377570 -11.338616 3.728348 
2 866 2083 73.141118 79.428304 
8 3 12 824 2504 3414 3661 3908 4302 30.642242 61.108864 32.197584 -78.274278 -58.220401 -77.346827 -40.769131 82.751044 
4 1271 2716 3470 3873 -80.456381 -63.640847 -93.488386 -89.410110 
1 4230 -48.116950 
4 523 1975 3587 4475 -27.903102 14.991056 -24.922333 58.458752 
8 718 783 817 1116 2639 3211 3644 4652 44.109324 -1.820996 -65.141947 -55.986832 -13.622466 74.053483 -78.656305 86.864197 
6 455 995 1884 2583 3703 4654 38.683854 -12.125218 92.270970 -18.663267 79.146390 -9.878091 
7 770 1187 1951 2406 2955 3286 3582 57.233468 -89.490743 34.495166 26.830975 -79.442236 -7.321570 -38.781478 
3 884 1565 2159 41.712547 -69.254011 99.338128 
5 301 2384 3256 3337 3766 -17.197134 -27.216980 10.506136 -69.985015 51.562736 
5 62 2044 2407 2598 4041 -17.760053 -37.958230 -87.764806 84.077198 69.351865 
5 1905 2719 3169 3884 4428 -26.711210 46.844869 7.091365 47.072269 35.876235 
7 310 613 660 2311 2799 3616 4424 -68.790283 1.419033 -3.742461 -12.411732 -95.079063 60.440951 -0.869608 
9 558 1058 1075 2030 2212 2454 2574 3602 4660 23.388774 -95.349034 97.829486 20.800750 -3.583583 0.839668 26.220999 -33.953904 30.714924 
2 67 994 68.576387 91.289196 
5 1139 2264 2459 2785 3891 61.727539 39.812485 -27.145615 66.008624 39.017135 
2 280 3484 77.109638 73.034386 
4 1830 2420 4396 4790 -16.159779 75.423574 50.267616 -94.885523 
6 653 912 1281 3481 3706 4455 90.269423 -25.032973 49.495912 41.220478 -41.074604 -11.125059 
5 189 765 2229 3586 4452 -84.195689 -54.318388 -98.788964 54.476570 65.273208 
7 191 365 475 720 1398 2337 2908 -61.750333 27.014712 85.687305 -41.466740 9.109785 71.994585 65.800192 
5 1502 1521 2478 3646 4139 -11.411121 51.944030 37.494133 62.928753 -69.255426 
4 360 1535 1938 4193 98.681379 -65.196115 77.407669 27.500010 
3 586 2075 3914 65.551980 -35.439452 -88.765519 
4 1484 2153 2796 3524 -20.631509 8.750626 -9.315092 49.192650 
10 1251 1290 1456 1812 2636 3725 4346 4612 4891 4966 19.995161 -97.415482 -16.603585 -94.495773 69.535697 96.447824 49.487121 -69.908660 70.686340 88.648932 
1 1681 7.997648 
2 91 3712 3.443008 -65.361401 
5 657 1017 1673 2773 2957 -75.239296 -85.555624 78.048272 -75.170875 -49.424483 
8 1015 2833 3116 3172 3195 3649 3884 4127 -97.060241 10.556104 70.344917 -60.999643 89.156747 86.976325 -82.025958 -49.501452 
8 223 440 542 584 629 1871 2142 2858 -43.728076 -24.850508 81.104793 63.190708 -36.237172 12.138025 -74.349279 78.555450 
6 819 1170 2736 3046 3658 3749 -9.952760 -61.973407 65.834398 -88.586666 -51.599118 -47.301681 
8 222 479 2274 2509 3645 3726 3859 4685 -57.024157 71.097557 8.229301 14.481818 -17.294257 -84.332544 -61.670700 -20.363795 
5 442 3204 3418 4558 4956 12.238915 -81.542564 -50.264211 -12.355395 -75.661560 
2 4626 4797 -73.039421 -35.772650 
3 1952 3570 4800 -3.498092 36.772591 87.733949 
10 416 873 1138 1740 2488 2620 2851 3136 3300 4850 -37.986208 92.777744 -81.409160 28.181941 98.021453 97.247739 -52.274337 -11.779616 12.745784 1.733076 
4 682 1188 3136 3413 -30.139500 -25.505399 27.346113 8.089197 
3 274 3816 4720 74.272360 21.284302 91.623375 
7 98 990 2007 2325 2405 2607 3285 55.259017 28.537459 46.208154 6.515466 37.866224 -35.009285 28.057603 
6 605 2691 3454 3640 4505 4747 33.421591 90.397661 -50.259166 -94.845800 88.390760 53.487117 
8 1294 2158 2253 2322 3121 3311 3653 4601 -77.254050 74.350179 -55.847950 -84.765291 -51.175215 89.561518 86.851192 82.801114 
4 632 2051 3438 4007 -69.001811 -11.982168 40.014192 15.037434 
6 427 2242 3492 3984 4285 4733 69.893818 -88.885011 39.166236 55.203488 -85.814969 58.619636 
5 968 1828 1890 2971 3762 67.161683 83.887313 94.048589 62.479865 -91.918124 
3 810 1528 2975 -14.648602 -44.845516 83.316719 
5 780 2141 2430 2437 4869 -64.277090 -87.285574 -15.991376 -0.015497 83.073632 
6 1109 2238 2460 2484 3861 4734 32.384138 67.082126 22.542289 66.366343 -69.635463 12.506489 
6 934 1475 2728 2893 3833 4586 -76.974533 -23.484777 -81.672355 50.893987 -32.959470 -61.577430 
5 883 1409 3018 3658 3773 -55.517138 34.133697 -93.615090 -3.530325 -84.728718 
9 205 745 1318 1349 1427 2633 2651 3375 4396 55.941974 -34.650791 60.043315 -95.386776 50.397948 8.196534 -60.516539 76.663574 56.635276 
6 1288 1681 2285 2833 3131 4221 71.734015 95.993572 3.626454 26.320338 6.499667 17.913122 
13 26 320 1406 1715 2456 2479 2680 3005 3036 3190 4085 4224 4969 -42.789294 48.267059 41.144270 88.011265 -70.776863 -81.595518 -19.551171 -95.722032 -80.002485 -51.867436 -49.241955 -34.576100 -43.255504 
12 693 770 1002 1245 2116 2283 2566 3283 3638 3791 4789 4959 -1.874768 68.253416 -2.627064 -96.225105 90.219298 86.678107 -13.503721 98.522829 64.698496 -79.779785 26.992939 -79.972182 
10 545 591 1142 1320 1606 1650 2761 2787 3796 4446 81.239358 7.902437 -32.486700 -4.009580 81.420128 -42.268967 -29.441030 44.917740 90.354900 78.302712 
4 1193 1575 1611 2551 0.141184 -72.531565 69.385926 33.088338 
8 72 1473 2352 2393 2409 2818 3453 4235 -67.605361 70.434858 67.708790 -18.155784 83.019313 16.650087 17.778928 -10.145577 
6 83 578 2905 3691 4312 4588 37.293614 -35.792981 -36.516874 23.086080 -39.211907 -58.549932 
8 48 378 1389 3586 3775 3948 4036 4450 -55.266656 10.336094 36.494008 -96.832706 13.664055 -36.153272 -55.154576 -93.811529 
4 1151 2524 3755 3876 39.252100 57.598937 1.473947 -16.426246 
4 333 349 1921 3336 43.042833 80.411737 -94.919524 11.087953 
6 511 1233 1356 2648 3018 3452 -39.000314 -24.939133 -88.621667 41.752387 -88.250765 15.169796 
3 561 1119 4955 -98.389714 -42.812152 81.930791 
7 837 891 1149 2471 3446 3521 4761 4.546600 -50.152732 -55.081910 78.481737 -94.942003 -79.434234 23.863853 
4 629 2749 4088 4625 57.252710 -79.112000 62.759758 -13.406564 
5 1333 2419 2771 3064 4562 -28.734061 -47.840802 -7.790983 -64.750954 68.436701 
6 457 1418 1525 1653 3396 4560 39.574760 81.052949 58.164781 -26.062653 14.292273 -21.253467 
3 711 2283 4471 96.341205 -99.649298 -35.132532 
5 416 1220 1893 2031 4392 93.951162 -96.764621 -73.233553 34.857536 46.076903 
7 135 369 407 495 616 1781 3770 -89.293462 61.238836 98.314847 9.219191 86.442912 -59.187121 61.436389 
4 1086 1422 1549 4762 -96.240762 27.530637 -70.771308 -68.002750 
2 4334 4967 96.475401 -0.216139 
5 15 1904 2830 2887 3257 22.194257 58.503775 75.667897 80.972281 55.042820 
2 62 4072 -15.289849 94.970223 
5 78 875 2814 2852 3550 -9.824564 -56.753742 -82.822735 39.567703 -63.079457 
6 1568 2492 3197 3218 3351 3403 -20.746825 -78.668092 -60.333081 50.179174 -33.665496 12.292392 
5 578 922 2534 2718 4604 71.667049 25.589762 85.094166 55.238145 -59.156813 
5 1 166 2235 2260 4706 -61.800098 -69.829342 60.093072 -33.184784 4.434392 
3 882 2789 3506 -89.077395 73.945106 -17.081913 
1 693 -18.824985 
3 284 705 1941 12.556738 -76.289317 -86.159916 
5 726 2671 3234 3677 4255 21.811509 3.353746 -95.998086 68.318616 -40.700769 
3 1788 2890 4430 -31.421990 56.318220 -24.721087 
8 575 1253 2273 3331 3472 4485 4779 4800 83.467842 -28.929861 -52.984581 -35.408304 -0.731273 48.231751 -27.281625 -54.838230 
3 540 1458 1639 -20.590473 -9.133880 90.262501 
7 276 1356 2379 2500 2585 3416 3597 -69.210556 59.673056 92.073090 -94.080543 24.728105 -69.721056 75.217217 
8 475 652 993 1208 2123 2214 3306 3745 38.978397 20.360432 14.172721 16.252147 -91.680100 -5.094996 -44.291613 39.173852 
6 592 727 1020 1265 3349 4239 72.082538 83.722765 -49.609247 -52.484812 46.272819 99.359952 
5 628 1076 1576 3144 3649 72.325690 -59.640588 -28.204613 52.913978 29.761852 
4 1712 1754 4395 4883 98.899084 -96.397018 16.506920 -70.451885 
5 773 930 1796 3261 4922 -20.231454 66.539071 80.909250 74.342542 9.144295 
8 71 144 376 1695 1947 2211 3537 4396 -59.640508 -33.990630 41.780617 51.159503 -47.492062 10.123361 -10.048185 50.302572 
7 748 1123 3848 3879 4460 4852 4975 10.630271 -24.608685 -99.916859 0.996687 -83.785288 46.415577 -35.348758 
8 4 284 1057 1954 2003 2264 2992 3416 -11.126795 -82.848958 54.432903 -71.208186 -23.207643 -59.741316 -67.366267 55.188945 
6 294 417 782 943 1695 3110 33.461639 -60.940457 69.734842 36.235316 -34.010524 98.205849 
4 2141 3107 3437 4697 -18.509827 -51.062228 43.028073 -9.156042 
4 508 2430 3039 3591 35.556974 -46.903140 -23.847900 81.326465 
5 3253 3706 4352 4793 4963 -85.429725 54.714637 -35.702901 -57.025828 44.577042 
7 309 716 1032 1813 3031 3363 3729 11.010663 83.747371 96.873506 78.988982 -93.536128 43.596646 84.858503 
5 447 1896 1897 4625 4799 52.658995 -0.564140 -17.482810 85.224119 68.086875 
3 810 2590 3445 16.327749 85.080765 14.979887 
7 388 1186 3507 3607 3860 4449 4983 41.145358 69.915679 -87.006352 -58.562036 -3.578462 -94.480602 -68.475984 
3 955 2624 2980 88.835516 51.240672 -11.193221 
4 1408 3015 3332 3548 -47.218830 -46.024188 -74.915308 21.349777 
2 2621 4280 34.554570 92.946191 
4 328 333 993 3695 12.313186 -42.638805 56.050242 -8.919725 
4 1874 2517 4053 4373 76.240927 61.963597 88.393471 -15.479875 
5 931 1598 2311 3212 4775 -48.850184 19.718239 66.243046 21.270407 36.756024 
6 92 265 1474 1597 2372 3070 -0.405645 81.943125 -42.595315 10.601535 -5.101789 -57.188277 
4 225 249 2283 2981 96.652233 2.567657 -32.467106 -63.557303 
5 1759 1899 2337 4233 4813 -53.386571 -42.299979 -94.443677 51.480130 76.259070 
7 659 805 1010 1845 2165 3601 4688 82.494987 92.533003 -67.983633 78.010897 23.877496 -0.400267 -18.771519 
3 121 4460 4897 54.425860 -87.588557 40.865475 
3 648 1428 4230 -28.585898 -66.866062 97.192994 
7 365 3126 3134 3657 3695 4617 4983 73.293799 50.242890 57.616072 -23.986724 5.203869 46.473731 -10.704772 
6 53 1189 1383 2030 2137 2706 -46.878568 11.514971 -53.487407 90.844940 80.699857 61.709636 
9 1495 2195 2629 2904 2925 2930 3625 4221 4665 -14.929513 -93.069063 72.266681 -9.649630 -30.907181 35.508045 -5.937517 35.213682 -95.700112 
3 2745 2868 4781 40.781074 54.495457 -0.538045 
5 2378 3007 3560 4898 4961 70.621913 0.659751 -43.410035 -13.959553 -77.142514 
4 464 2311 3466 3925 -53.532628 -4.035338 68.223017 -11.190547 
4 232 1889 2507 3253 22.893639 -1.403876 -88.089981 0.561496 
4 2224 2545 2834 4795 -28.505950 65.110856 0.112327 -24.838487 
3 516 2934 3114 87.598461 -81.494739 -57.102035 
4 2006 3164 3641 4858 34.618625 -61.159089 -29.884136 -46.871111 
4 1199 1626 3347 4309 -38.070192 79.836727 -47.718900 -27.986636 
6 579 947 1640 2479 4568 4759 -33.489452 -87.043781 -26.858572 -7.266579 -35.254578 58.965653 
10 111 726 1724 1744 1949 2223 3633 3924 4113 4768 -68.278983 0.612106 -88.929824 -23.572424 29.026465 82.447358 -80.449809 40.253396 90.516888 -41.266435 
1 3580 55.740948 
4 328 2426 4108 4135 -78.560935 -58.031926 67.467870 -39.830663 
5 1580 2602 3889 3986 4332 59.235887 1.825051 0.244768 -95.836502 -2.451697 
8 0 1094 1197 1393 3284 3572 3790 4997 -25.159402 -37.254180 43.214217 -30.580016 -90.747622 4.787230 22.673263 -75.011443 
5 674 1615 1817 2271 3018 -60.076463 81.686072 20.055754 -12.132332 -28.501722 
4 1270 2388 4047 4274 -53.754500 54.383479 72.376733 58.533344 
5 1045 2572 3192 3471 3485 79.210648 28.024145 65.852630 8.438130 30.079527 
2 1184 4096 -17.136275 -32.511688 
2 1395 4525 -1.600608 -94.714598 
6 479 2460 2626 2902 3051 3130 -86.880268 -81.256415 -82.888900 -66.738195 41.650319 52.982421 
5 580 1659 1690 3434 3567 68.596797 60.225785 40.376118 63.392273 -66.822744 
7 254 3385 3640 4384 4578 4746 4926 -30.506270 93.897805 80.926868 -51.575747 -24.456551 -80.457128 10.533177 
6 1268 1518 1571 1927 4519 4868 -59.506309 -22.330617 -14.321314 3.948542 29.277689 38.904372 
6 532 539 1922 2995 3429 4886 85.318766 -83.386263 -82.667028 -35.521476 -74.986653 -16.632113 
3 681 2795 3603 -20.114046 53.373158 -55.190025 
8 357 3544 3753 4295 4537 4591 4817 4829 -78.135733 24.563447 -53.287486 74.234878 -44.487764 -37.751990 -90.615671 90.130264 
2 2947 4632 89.473448 -78.003941 
5 913 2460 2524 2973 4948 -29.122285 -83.141416 -94.063512 45.083173 79.499816 
5 216 1480 2801 2961 4081 37.609846 -66.900524 -0.758076 59.035305 -70.726187 
4 795 1442 1898 2900 38.660836 81.776489 28.469437 26.550656 
4 2104 2555 2672 4162 -72.283475 -92.786436 98.547361 -96.596722 
4 255 989 1762 1801 70.319119 25.279896 97.573953 -2.877638 
3 261 3333 4055 -18.775407 -56.411110 -75.836217 
5 905 2417 2872 4219 4912 -70.143066 -18.771109 -98.409178 84.358921 5.474277 
5 134 2888 2904 3514 4631 -7.265123 -9.783365 69.197733 -96.859808 -97.580818 
2 3127 4852 -47.130229 -37.360487 
7 1711 1805 2393 2408 2615 3850 4850 -35.790137 75.761771 -1.803541 -24.510858 38.230409 -91.337259 -74.343254 
8 69 444 992 1066 2152 2678 3248 4467 78.477044 -36.762559 50.457163 -95.078040 86.267008 -51.460500 60.393850 7.161715 
4 1191 2141 3353 4065 -35.228199 97.063054 -67.216341 -86.880173 
8 352 464 1027 2644 3096 3613 3631 4003 30.008168 16.206190 -30.289674 -54.528510 86.683628 71.419743 51.345755 -51.425138 
3 172 1057 3048 -6.810048 -5.373577 -15.649665 
7 361 1158 1359 1427 1806 2687 2854 75.680829 -67.586561 56.401026 -65.069388 -97.998361 -64.932150 -48.525092 
3 3377 3617 4007 9.306164 -91.288841 -65.568971 
2 3243 3820 32.404952 14.944408 
3 430 1813 3270 -60.940415 -37.567805 92.820652 
5 454 1345 1552 3587 3923 -62.116083 -56.820804 -53.536619 5.823716 99.332071 
3 45 491 3945 21.991899 -63.750381 -12.225617 
5 1203 1236 1330 2463 4670 71.610300 67.849653 17.584808 -21.333480 83.700703 
7 80 318 675 1685 1848 2399 3198 18.067964 0.291427 6.872719 93.580162 51.744077 72.259624 -20.604509 
7 1232 1442 2214 2433 3367 3854 4038 98.107716 -63.587455 45.978517 91.437517 -99.808280 -32.714925 59.698580 
4 28 1251 4672 4942 -16.168817 -76.366880 -58.691405 -33.036382 
7 591 2300 2817 2903 3217 3496 3786 74.598461 33.221245 18.925244 70.826875 17.231638 -46.689745 5.327637 
8 60 750 834 1210 1389 2145 3372 3937 -85.083152 -77.311356 33.846281 72.895768 -37.008081 18.359529 58.860628 9.839143 
1 3649 63.309756 
11 399 544 643 783 916 1275 1333 1808 2670 3670 4364 65.658010 -84.312435 52.174351 -30.930607 -32.425146 -2.025291 26.206971 21.305488 27.898602 -97.795625 81.293696 
6 65 212 1124 1339 3169 4255 -60.790053 81.347947 45.581977 21.642105 -49.176301 37.279390 
3 673 4649 4948 1.706780 -23.182614 94.358340 
5 688 834 1238 1963 4364 -62.241891 4.898478 54.535455 -92.330423 23.633436 
3 1981 3100 4571 93.072821 73.756952 -44.527866 
4 1112 1508 3364 3690 -21.976236 -22.581643 -49.217484 29.699748 
9 576 1231 1802 1986 2519 3027 3267 3311 4456 -46.483064 33.983403 5.734510 19.952961 -49.963546 -13.553147 -83.157734 -93.501118 -76.476591 
8 550 1078 2215 2304 2378 4076 4851 4891 1.543047 -61.990315 64.076926 86.813391 -76.159591 57.435394 -71.221940 -53.331243 
2 2314 4505 19.880299 5.478449 
4 248 674 1398 3289 42.291653 67.402936 82.216606 32.275250 
2 2001 4757 12.703606 -99.366900 
2 194 1523 -61.675569 25.909941 
4 740 2264 4222 4907 -19.353217 98.118861 89.702680 -49.989367 
3 1375 2779 4348 7.480399 70.816838 72.039606 
8 1208 1307 2055 2833 3500 3844 4660 4986 -50.729161 -56.725770 -12.650380 -84.388626 55.177993 56.625603 -28.691964 77.896481 
6 678 716 2720 2777 3630 4724 48.126881 -59.740181 -34.664003 59.652546 -49.561811 93.133675 
3 412 1337 2235 -74.445368 -53.125640 15.917419 
7 699 2431 2574 2771 2774 3594 4169 93.194362 -83.693006 39.432726 5.586761 -65.919672 47.531852 -70.890726 
7 1129 2055 3709 3950 4147 4403 4936 -41.123744 33.612594 55.360655 -50.842913 31.992288 62.477284 -18.921289 
3 3155 3487 4950 50.846885 -87.163219 -83.433012 
4 1390 1614 2426 4286 -81.411831 -39.714901 3.379437 67.160053 
5 157 3612 3959 4236 4398 70.842862 14.422422 -69.191054 -41.283407 -93.755556 
5 490 698 1412 1950 2038 -95.604856 80.835389 93.524258 -28.083721 -84.406382 
5 564 1940 2873 3781 4455 72.366093 -50.178514 -28.723670 35.592305 -34.471159 
4 1815 3940 4689 4801 80.333548 93.617092 19.761889 47.602868 
4 652 1879 4467 4884 71.394460 -45.265857 -75.485329 8.791667 
2 1387 4907 -66.741678 -57.688405 
5 510 1280 2079 2752 4612 -51.310900 -35.133252 75.776211 -68.084518 48.909129 
7 120 1130 1199 1950 3851 3855 4699 -90.607249 -30.838914 91.145833 12.048291 3.149399 47.889742 44.566109 
5 678 1178 2514 4658 4762 61.015642 -43.902172 33.397329 -5.094734 -26.063521 
2 4034 4090 42.154571 -59.947713 
2 3474 3980 86.656029 -16.065170 
7 250 457 617 2215 3892 4309 4824 32.639706 -54.140065 85.115885 17.472268 76.482500 -12.428840 -71.179106 
6 101 1247 2580 3414 4381 4688 27.387629 -36.850625 56.885732 6.796285 47.048531 -19.089500 
4 626 3758 3797 4356 36.789225 -34.121508 56.245674 -34.637464 
1 4361 47.385138 
6 1523 1920 3312 3480 3853 4494 -64.907342 83.370537 -37.052645 -23.099378 53.159579 60.768658 
4 2068 2754 4063 4064 -6.848968 -48.448452 -65.533392 -11.504606 
5 583 1460 3017 3019 3938 54.808484 -55.742467 23.821375 -80.552237 83.213961 
2 1578 4810 -40.084525 76.065839 
1 3636 -71.182265 
5 321 642 2126 2428 2931 -40.987662 -63.355186 -36.396742 93.397701 -81.659502 
2 3100 3986 -18.472221 19.127553 
7 471 744 2805 2906 3727 4205 4356 75.563502 29.402514 -76.672322 -96.368629 69.171556 35.100392 -81.409570 
6 936 3325 3669 3911 4375 4587 46.050220 -14.740156 -2.272023 70.520886 -45.620806 -28.592231 
4 482 796 1982 2548 21.505846 50.514653 -76.815471 -68.940387 
5 3169 3289 4192 4696 4969 -78.095947 89.248372 -53.627080 -1.474653 7.055546 
7 464 1474 2133 2266 2707 2920 3390 56.623959 40.086037 -9.799694 -8.077211 19.948441 -23.850549 -44.286678 
3 1517 2843 3444 79.046048 88.799307 -82.636926 
4 143 2357 3395 4513 73.212688 73.030438 78.290513 98.797081 
7 224 825 966 1476 2645 3637 4859 57.273532 -15.285531 -89.236072 -12.306528 69.632710 -0.543619 90.735350 
5 1527 2505 3345 3384 4931 86.170934 59.813974 63.446570 17.597059 -89.509888 
5 218 670 2057 3553 4386 3.390645 -87.770138 83.987590 27.896541 39.575758 
6 967 1209 1732 1766 4552 4937 -61.804521 -98.828863 18.019810 0.865532 -2.268548 -22.327787 
4 199 3401 4309 4829 -67.324249 71.274591 -62.278837 -13.909957 
5 27 665 731 1812 4976 -26.059703 73.736967 31.263528 -63.095980 6.678667 
6 495 1101 1202 1454 1642 3012 15.460320 42.636430 -59.397432 -35.050546 -63.703175 71.018113 
0 
10 53 416 748 1719 2380 2494 3222 3556 3835 4388 -10.614826 -62.727375 -57.730311 91.468296 -45.249268 -27.422454 61.983669 19.763863 35.403166 -30.852184 
12 148 563 1573 1744 1942 2389 2930 3335 3447 3937 4098 4141 -34.428503 -5.887161 -45.570590 -11.261386 5.796656 -45.737662 34.061888 16.560521 30.812568 71.078168 92.014481 14.827670 
10 615 906 1101 1181 2658 3123 3204 3715 4132 4520 34.594422 -54.007347 -21.937902 28.384649 90.670386 -32.948811 -97.324163 -68.538077 -44.736414 -23.758931 
8 741 1667 1946 2869 2951 3200 3436 4708 -4.504177 -1.957569 2.989223 -62.278962 -57.459289 -67.540143 -88.347663 97.255670 
3 1453 2330 3392 24.548862 89.356279 22.228477 
6 150 2307 3169 4404 4580 4934 -78.532679 42.836208 88.629833 10.441235 -68.388974 22.077391 
5 1487 2123 3020 3633 4035 -24.463125 23.658734 94.901455 8.104587 3.668132 
7 411 519 1002 1505 2027 3616 4234 -98.518142 11.317758 94.166549 -14.879110 -81.194360 68.186869 -71.800989 
5 212 1049 1277 3883 4092 -57.682999 -7.383181 5.952845 76.126628 81.785551 
4 65 2950 3325 3806 27.129990 -92.542180 21.952452 31.959242 
8 58 315 547 900 1582 2031 4763 4974 -71.205988 16.628592 -97.800068 -79.218285 -51.422903 16.824010 -28.466208 -57.013441 
5 2383 4043 4453 4625 4988 20.269142 3.009103 -5.671357 -41.782543 -26.562195 
3 150 363 4466 90.828628 -45.996035 -83.861266 
7 524 525 526 1557 2685 3204 4723 42.406804 -21.351219 92.675771 41.486884 -81.983361 12.726275 51.839640 
3 891 1840 2520 70.635734 79.842718 94.607682 
2 3636 4500 -96.593013 -50.107938 
6 745 760 1130 1634 2204 4879 -1.061922 47.932846 89.195935 -73.115288 93.383321 25.410135 
7 561 845 1135 1517 2362 3469 3675 84.497191 -85.601516 43.061270 40.379506 53.661972 76.329444 -1.559728 
5 191 759 1194 1226 1675 52.398824 -23.644174 -87.061165 -74.567189 94.725116 
6 999 1763 2053 2384 2693 3452 -74.630957 96.697381 87.778163 -22.445536 -55.083571 63.674878 
1 727 -5.126562 
1 4783 -47.361203 
6 976 1893 3090 3166 4140 4343 -88.514747 -25.738710 -76.958737 -82.181490 59.179773 0.490728 
4 1892 2025 2128 2234 -79.828334 60.931200 -94.546780 -8.891341 
1 3985 -44.830474 
5 662 1078 1694 4447 4965 -53.906276 58.993360 -11.292127 -53.136441 -81.172454 
3 1219 4197 4328 7.290484 -62.106893 -57.835017 
6 424 712 1173 1636 3023 4103 2.467132 0.788618 87.456937 -50.764128 -88.965833 -41.247755 
6 1115 3020 3516 4028 4466 4759 53.926374 51.244338 -39.320463 51.190455 24.454855 28.869723 
7 526 1254 1391 2340 2496 3387 3560 -95.182415 22.880562 -85.769513 11.757518 35.446113 76.005830 62.427023 
7 437 469 613 2988 4227 4332 4768 70.968900 3.123642 42.467544 -8.507115 98.331304 -34.267304 76.096664 
3 1911 2524 2846 -86.322486 18.148798 71.711262 
5 223 938 1150 2877 4094 -6.212795 -53.006137 13.100967 91.589851 -87.306919 
6 79 1033 2175 2764 3273 4953 -4.444332 -18.324822 54.342862 10.780322 17.632081 38.707565 
5 703 1828 1968 4009 4994 -49.771714 65.606953 21.146085 52.426761 -35.008570 
5 2285 2643 4069 4146 4576 -42.622473 -29.634002 85.267398 -37.762900 7.872361 
2 653 3758 -10.277415 21.739898 
5 1434 1489 2140 2554 3579 63.187202 21.263060 63.116034 -36.668429 88.661167 
4 2617 4185 4473 4921 96.688992 47.009384 -48.843379 -59.307342 
4 2497 3261 3304 3352 -35.650579 -47.789148 91.647932 26.820550 
3 4057 4221 4629 -51.180670 -92.569225 81.013615 
6 220 1857 1996 4137 4283 4315 33.349112 97.393076 -56.616122 6.475320 95.963040 18.323164 
6 769 1350 2651 2826 3228 3746 -56.812645 35.273550 95.864616 -17.665476 61.429564 -46.103511 
5 1340 1875 2436 3164 3662 -69.270454 -88.805670 68.990832 91.267279 5.265392 
6 1291 1525 3087 4450 4624 4835 90.876117 85.701251 72.114708 -57.442698 -18.368743 31.821068 
8 2521 2599 2700 3034 3861 3946 4396 4845 -83.822388 8.998769 -85.956717 -14.746029 -3.088706 -22.495748 89.175480 -69.220388 
6 1108 1561 1812 3884 3890 4162 -76.501189 39.956080 -87.403341 54.884851 -38.972555 85.058720 
4 32 3105 3268 4908 71.344427 -94.986716 -28.887614 -36.817461 
5 672 1986 3074 4345 4458 35.810529 -7.777384 -0.943174 -93.381134 -95.462378 
2 244 2267 56.098588 -62.343348 
7 288 943 1167 1843 2324 4665 4923 87.815787 -30.694977 71.690993 -61.632337 -35.766037 -66.249302 14.646794 
7 101 256 461 2344 2371 3097 4068 -83.769618 -75.631697 71.971311 24.449889 -39.614233 -24.257274 -99.561863 
8 953 1117 1378 3175 3417 3862 3919 4109 16.191077 34.939037 -23.082681 -79.593340 98.744511 -48.841359 56.004771 -10.732012 
3 2748 3551 4654 -71.084293 49.426910 17.942788 
6 937 1493 1630 3018 3793 4180 -55.652314 2.812282 88.008791 -75.881905 -16.805848 -82.642582 
7 759 925 1046 1430 2082 3248 4598 78.229531 -83.047815 -57.926140 -22.212846 94.900780 48.742239 -70.034816 
1 3979 10.487008 
6 574 701 1034 1153 1594 2239 -38.669258 93.117025 14.549522 -94.725965 -43.051495 -98.116339 
4 299 403 833 4290 12.591565 17.162770 -76.550956 -80.972026 
4 1968 3374 3831 4099 76.516307 -94.580158 -10.475237 -73.258003 
2 523 572 -76.108874 58.963425 
6 341 469 919 1837 3924 4601 -4.224462 12.398000 57.386732 10.490975 -38.911906 -36.506566 
6 3 730 3219 3307 4051 4127 -29.108803 89.632320 88.150972 78.136664 23.329584 -92.247692 
4 85 1080 3522 3753 58.746550 -37.403850 59.689257 76.768879 
3 1964 2560 2990 -48.091874 -77.880777 -78.803848 
5 1120 2610 2637 3096 3361 -90.272120 6.188861 59.791665 93.050911 22.903068 
6 171 525 2140 4064 4119 4147 -44.662549 -52.006808 -43.753962 87.438266 37.885667 46.627602 
3 1180 2004 2582 64.337212 83.386226 -34.998739 
5 1444 1464 2575 2658 4676 28.813087 79.960582 59.493092 6.216306 78.208362 
5 1941 2082 3019 3044 4497 -20.248785 17.270172 59.344646 35.735553 -24.800869 
4 2993 2998 3357 4260 26.321125 -8.116806 55.635968 -11.759493 
6 1638 1883 2131 2136 2918 3377 -63.404251 93.631929 0.453065 -52.670916 -96.128414 -68.816232 
5 139 325 1190 1613 4485 99.581165 -4.303180 -62.611432 95.581254 -52.277048 
2 790 3716 -82.585502 -41.358684 
8 547 803 1070 1359 3362 3523 3549 4122 90.274529 88.784916 56.205897 74.404973 70.262207 38.758010 -97.097938 80.848290 
6 1754 2451 2921 3691 4153 4184 -33.580990 -23.565710 -48.629729 13.761798 47.482797 62.899366 
6 190 733 842 881 2353 3859 12.016345 -37.693018 59.343084 -83.000919 22.365876 -38.422818 
7 77 1035 1133 1621 1969 2645 4293 -37.855600 83.607036 -6.129066 -70.323946 18.644610 86.916540 -98.701840 
5 714 1168 2727 3844 4503 89.927745 36.756099 -36.526663 -32.861802 69.042934 
11 271 1047 1155 1304 2064 2178 2361 2646 3540 4050 4898 0.526893 51.440288 -46.129113 6.775475 74.431617 61.448025 45.632129 11.391094 -28.690614 -50.744124 -82.007121 
4 590 1071 1878 4889 -86.196432 -83.064349 40.388819 93.690784 
4 1174 1259 1303 4214 93.938628 -57.202601 12.822982 73.444130 
6 35 280 581 2038 2488 4430 92.123794 17.142708 -13.107190 28.413288 -94.653482 -1.136332 
5 1805 1986 3605 3808 4499 51.328244 56.198951 69.302211 -28.806685 -74.729822 
2 1205 1413 38.035019 33.980894 
6 869 2382 3186 3837 4216 4959 -55.376276 -40.276855 32.209735 99.364376 60.686676 98.558565 
6 136 1718 2072 2219 2962 3004 -49.942604 -88.833040 -40.077203 24.845713 87.235188 -37.494111 
4 2200 3198 3886 4497 -90.565615 98.125783 -31.535870 -40.677433 
5 7 1351 2616 3987 4484 -49.998643 -16.756205 -68.226788 -53.276272 -65.093091 
5 98 2405 3020 4773 4834 16.563334 -91.499056 13.449917 -31.148535 56.055397 
4 1766 4007 4218 4719 59.387338 -13.522116 98.461786 -53.348216 
5 2322 3721 3900 4279 4362 -8.802368 44.477587 -10.578820 -47.271573 -29.789459 
4 93 3188 3450 3709 -75.100486 -72.470832 87.076175 22.623077 
7 457 771 2394 2889 3432 4134 4677 85.633593 -63.564680 79.985495 -97.050543 56.974190 63.552740 -78.467729 
3 162 1912 2950 56.504689 64.968499 -93.710214 
6 163 275 942 2080 2412 4084 77.235974 27.014491 -94.463133 98.173595 -73.923790 1.845422 
9 72 395 597 888 1191 1574 2775 3884 4150 40.168215 -22.802347 73.389712 -59.223185 45.038907 -17.704430 -97.869502 -7.173725 67.012530 
2 3350 4484 33.390075 -25.211452 
7 54 664 2310 2489 2857 2980 4548 -12.744777 94.185663 -34.433764 -3.759832 86.046256 -19.782234 80.605586 
3 315 3894 4400 -75.415420 7.885762 -25.554534 
2 844 4154 38.061175 15.155837 
5 560 1536 2770 3618 4780 98.458275 7.298153 84.520833 12.139573 -43.103014 
11 649 1024 1111 2477 2582 2777 2961 3067 3491 3639 4628 -45.510771 70.598072 75.453297 4.986292 25.222492 -73.806750 -77.403735 39.696416 18.327358 -58.871554 -47.052100 
3 3609 4268 4595 -97.463379 -38.022311 -31.404091 
4 137 295 898 3126 -19.064367 26.912658 48.601053 -26.471551 
7 1081 1284 1493 2729 3363 4447 4889 85.600064 48.066786 -60.404846 61.162248 63.717594 -40.136090 -46.843579 
7 211 1639 2722 3122 3762 4675 4676 19.059665 94.782835 -64.366964 -56.648640 -82.445442 -64.608380 58.009480 
5 170 1355 2311 3185 4816 32.452736 76.366625 97.496003 -93.401639 88.571222 
7 1154 1611 2048 2844 3374 3655 4062 94.340087 99.291626 -47.190794 39.193630 68.819234 -51.851101 -66.471514 
9 9 277 375 1489 1953 2138 2774 4723 4829 84.334673 -36.956569 31.341520 -19.281487 57.919759 -91.457473 -26.553777 48.669568 -0.225778 
6 90 491 2403 3893 3964 4741 -90.038830 -81.777958 -5.496794 82.888246 -21.034066 60.679933 
6 181 1421 2145 2842 4408 4625 -96.415620 -12.549685 27.283350 77.098049 -93.927811 90.348853 
9 110 175 1050 2696 2991 3041 3751 4285 4930 -67.066844 -40.886420 18.447595 8.299188 -87.934705 -29.587527 -82.327110 -82.923629 72.780964 
3 74 1572 3482 5.465421 90.436298 9.770396 
7 332 434 1504 1912 1920 2376 4902 -36.294320 71.884620 64.485248 4.704802 86.440821 -50.896531 62.458339 
3 213 2057 2622 -56.062749 -46.020835 -24.263305 
1 3690 -54.227977 
8 282 461 1559 1608 2050 2451 3581 3992 34.365020 56.838455 98.026013 -1.999979 51.153024 -17.737603 36.358688 -62.051981 
8 32 1078 1268 2386 2567 3714 4369 4519 12.571770 -87.927337 30.038241 68.844676 7.313148 -59.885030 -47.739094 76.371131 
6 1361 1636 1778 3196 4126 4910 -5.859558 45.906638 -6.180393 57.347863 -88.234021 -10.635441 
8 1027 1265 2268 2273 2325 2580 3656 4778 75.452872 -29.996049 65.113683 98.547381 19.090949 24.489475 -82.555652 -99.336506 
6 545 671 1485 1882 2475 4834 99.069408 82.918500 -21.961886 33.946291 94.296426 43.810638 
2 528 1588 16.453630 -71.498422 
4 1502 1668 1957 2934 -63.582006 -35.338704 55.139964 52.426301 
2 2653 3436 72.893561 45.193467 
7 233 1149 1507 1614 2935 3633 4705 -24.963154 72.113128 -41.995724 35.415886 86.766915 85.868328 45.174101 
4 943 1724 3576 4054 -99.130274 19.760704 33.169833 44.072240 
1 3506 47.107934 
8 681 1195 2263 2699 3240 3878 3998 4849 -28.148837 9.471593 -2.766236 -50.615462 96.640267 -67.053209 -16.838627 55.266036 
2 354 2644 -84.289302 38.186150 
4 2266 2383 2967 4723 38.344937 68.428528 19.944930 59.005322 
5 900 1404 3035 3322 3494 69.802799 -50.365167 79.369657 99.463827 -75.624708 
7 1111 2186 2225 2794 2945 3627 3704 -37.357573 97.394016 -31.479163 57.196907 64.314753 -86.034419 72.400342 
3 2542 4069 4745 -19.302693 72.596162 42.384830 
2 570 4819 -91.479430 -47.630606 
2 3069 3977 -69.979845 -38.582550 
7 173 1366 1449 1560 3714 3744 4462 -68.254634 6.985121 9.579293 70.248368 -53.766560 68.993266 84.534908 
7 3145 3360 3611 3947 4184 4603 4938 -87.718064 -16.000379 97.482756 24.345524 46.242467 -81.013178 -49.897133 
6 40 1204 3306 3711 3836 3917 42.980598 -88.840389 65.759116 33.789630 49.099032 70.635260 
4 274 429 913 2581 1.443683 -88.719100 62.251654 -93.573618 
7 648 1454 1761 2229 3142 3896 4784 -62.552817 -6.307324 -39.949664 83.599759 -6.807587 -29.980294 -19.354607 
7 26 1188 1356 3078 3480 4818 4822 -45.322464 -16.403985 72.571242 73.488274 71.334269 74.612804 51.086829 
5 359 2032 2727 4264 4504 -42.568260 -49.078227 -50.387165 9.784843 48.620704 
1 3912 -46.235256 
4 661 2502 2644 2710 38.713690 -96.588154 -31.491883 57.000449 
6 636 1063 2089 2417 2940 4263 19.411118 35.614745 -89.990267 40.718074 -96.439123 -2.314854 
2 3020 3241 -88.266899 73.854806 
6 11 748 1204 1397 1709 3524 -68.438255 -57.894486 -22.146782 -83.304171 23.231924 9.066835 
4 310 841 1203 3614 -23.711373 77.091898 -61.546853 -48.123148 
7 375 488 1997 2300 2519 3802 4801 -38.280929 -92.579797 69.996522 78.607547 23.513650 42.094153 -64.704604 
4 1090 2004 2405 3306 -14.990718 -33.959273 74.429729 -54.007099 
6 15 428 1286 3381 3669 4100 11.163683 -27.792194 66.683284 -70.988067 3.346097 79.037506 
5 1335 2466 2489 2670 2776 15.613788 97.811569 46.833147 3.104847 -75.545473 
4 360 1267 2671 4713 -10.953518 -30.169625 -4.535181 -21.127285 
6 1731 2286 2990 3336 3481 4246 27.815074 -23.025917 -33.683702 -31.546682 8.859512 84.776770 
4 145 1917 2167 3292 66.399845 -90.731418 -53.929374 53.508742 
7 247 1530 1633 3170 3993 4225 4712 -47.548211 62.551022 -16.182236 13.589624 31.505148 -88.728166 45.622519 
10 112 922 976 1593 1721 1977 3410 3638 4248 4905 18.811972 -89.952273 87.972402 13.673114 93.133878 60.992938 -66.706926 42.986520 -97.214623 8.178570 
5 50 147 2311 2504 4847 -49.461719 -66.786104 90.850156 8.381894 -47.853030 
4 836 932 3872 4594 -76.374409 99.396536 -32.292708 -55.281568 
6 493 591 598 848 1335 1498 -94.070126 -60.664342 11.871824 -60.096006 94.371277 -80.452098 
4 158 877 3132 3930 -57.827056 60.490373 76.136124 51.779754 
9 117 513 1785 2466 3979 4079 4097 4834 4870 55.180780 11.001202 -18.551166 79.579567 52.817642 83.483010 -61.760088 83.677140 -12.166401 
6 968 2577 3248 3627 4336 4465 -19.391623 98.005898 97.700123 88.406045 -92.888020 -72.299000 
7 1207 1786 2440 3325 3424 3677 4172 5.836857 38.007590 -3.412221 95.753065 37.701513 -56.930007 -72.819642 
10 183 272 394 967 1138 2797 3650 3859 4644 4854 -28.066873 94.532650 -56.019069 -73.739213 -53.836806 22.836002 17.570505 77.569058 9.752196 56.111759 
7 328 523 2316 2743 4334 4740 4840 -46.726407 -94.626924 42.203827 -21.979226 -58.621222 82.898434 58.829164 
2 1706 3288 42.641251 61.327623 
3 502 2752 3814 -86.473559 9.994286 10.204728 
5 445 1347 2444 3801 4753 -20.058136 54.724251 34.435279 27.305904 -71.476322 
5 23 856 1033 1447 4788 -74.669011 42.875749 -74.316118 25.315056 30.460715 
1 1218 -91.145612 
5 763 1229 1443 2972 3067 58.903996 8.618125 4.438219 -26.506674 81.266931 
8 106 530 2269 3403 3489 3682 3880 4280 -11.260539 67.650326 -77.080221 -22.181382 35.234236 3.329605 -48.510170 -69.427617 
4 396 1473 2316 2575 98.232613 -83.219653 22.037866 -62.414960 
2 3688 4637 60.267710 -80.703064 
5 119 1343 1723 3609 4408 -78.131106 89.352188 -89.739589 -12.430715 35.318526 
5 172 1123 2448 3011 3681 -62.374092 34.396600 -7.001114 -80.959636 -63.325433 
6 432 882 1658 1828 4276 4689 24.637628 73.003840 -68.245818 -92.062182 -87.421164 22.489614 
7 71 219 2416 2538 2644 3475 3962 -48.562172 -58.189878 -29.712361 -98.185871 -48.533758 35.315970 -46.970500 
5 1753 1978 2299 4119 4872 -15.437591 24.408369 79.352366 36.822454 73.439466 
4 376 2023 3231 4399 64.266454 2.995555 -29.894734 82.646404 
6 867 1010 3857 4063 4083 4320 28.745230 -20.384413 8.827777 -3.536082 -54.665928 84.011282 
5 692 2001 2375 3841 3843 73.046552 19.135538 -25.711899 -2.935276 -1.937742 
7 851 1493 2494 2703 2845 4277 4539 88.456540 -0.623984 29.476470 -32.565573 12.265918 -30.316560 26.890129 
5 1346 1766 2818 2953 3726 13.889786 -12.582806 92.659907 45.136600 30.996918 
3 1180 1212 3706 77.358173 72.340341 -51.937158 
1 845 -82.689394 
4 1602 4065 4294 4710 57.015070 18.465105 13.733386 -22.903904 
2 2770 4801 -54.209405 -91.942200 
5 36 495 4525 4754 4929 77.274461 -5.119624 49.009632 -4.988648 -44.649133 
7 392 1414 1610 1661 2167 2868 4250 -57.103345 35.801825 -95.587318 98.761173 14.078983 -4.987306 -59.881566 
3 361 1065 3391 -34.402733 -25.043181 -45.356553 
9 133 228 787 845 1106 2763 3215 3478 4006 20.004916 -24.353311 41.620087 -47.330870 -69.528230 -42.947659 87.222840 -57.093419 -14.062899 
8 141 166 593 1394 2464 2990 4217 4417 18.509895 21.858031 42.963748 92.585209 -60.715605 38.227644 37.744130 -37.097091 
5 610 1547 1819 3385 3891 77.724456 81.134480 -2.706054 -68.449974 52.999195 
5 1544 2748 3308 4003 4938 25.812175 4.144315 -19.545572 60.580975 71.412120 
9 451 693 2201 2259 3796 4308 4628 4700 4832 -1.805289 48.013493 40.303565 71.939065 -71.477180 85.096758 64.325734 63.496879 -18.736705 
4 2089 2589 3381 4941 -43.738442 11.517967 77.726707 96.667876 
4 1105 1416 2078 4832 29.918468 -87.626550 79.600413 -90.176166 
0 
7 685 1636 2159 2407 2749 3290 4848 55.833240 -0.648482 30.708690 14.250246 -86.353173 -17.447550 80.315339 
2 181 4439 -49.697302 -89.654678 
7 358 832 1063 1271 3957 4064 4658 -0.437928 47.242771 89.170177 -70.335878 78.340725 61.478184 -20.653887 
12 1483 1848 1953 1968 2654 2771 3164 3738 3773 3840 4378 4914 -9.084633 2.110761 79.486350 -71.328790 47.656214 83.668637 70.540067 13.499773 9.751480 -99.491906 -24.011291 -87.532678 
5 567 2950 3074 4249 4474 92.545208 47.005675 -40.330062 -28.198737 -4.355968 
4 2192 2407 2932 4283 97.267757 -5.663812 40.141515 -22.033219 
4 1509 3104 3548 3651 52.290079 -79.670923 -17.300594 -98.034919 
6 1021 1036 1436 2006 2239 2603 -36.626946 -49.270511 70.145189 -66.535680 62.510440 13.065450 
2 466 1914 0.097073 -96.401415 
2 335 2347 93.575588 90.233558 
4 392 3281 4014 4518 43.997475 4.413272 10.260728 -6.187333 
3 2747 4267 4820 68.590926 -52.382695 -24.844395 
2 47 983 -49.574774 -54.092629 
5 731 1697 2867 2883 3638 -8.621847 29.380465 -10.037967 -70.436135 -84.362201 
8 205 1414 1589 3000 3142 3347 3892 4924 -3.213824 -59.273851 -21.005868 7.714909 -1.392527 -35.944764 42.930161 47.117611 
4 682 1169 1319 2244 60.584462 37.345435 -53.918693 -80.105236 
7 781 923 2808 3199 3255 3263 4215 85.363050 50.981693 54.687468 83.797617 89.831157 16.482373 -87.735538 
5 215 3837 4026 4212 4626 -51.494086 -15.008166 -87.556592 -98.816700 5.885411 
5 1293 2729 3336 3666 4245 73.852003 -8.967401 18.232598 57.387920 21.539826 
2 2811 3256 -40.950072 82.566693 
5 545 1623 2261 2560 4173 -80.372625 -77.107077 66.159319 4.391526 -84.818272 
7 1239 1484 2006 2338 2737 3660 4430 39.050527 4.340765 10.716065 92.522613 41.993769 -19.992058 39.897409 
5 839 1272 2428 2574 4970 -30.131156 29.402702 -6.866259 7.340684 -24.074070 
5 1917 2648 2693 4244 4437 92.894077 -54.787496 77.312076 28.898485 -6.233078 
10 14 281 325 432 634 1064 1414 2799 4674 4829 -62.808491 32.712415 -5.945894 99.999355 -71.308851 -55.791233 -28.701758 36.384152 76.806910 -28.775621 
4 153 1999 2849 3610 -41.875301 -41.843628 -55.797384 14.983567 
4 1013 1444 4041 4677 61.497943 76.653451 -73.624986 -45.188741 
6 2339 3447 3477 3976 4731 4887 43.536067 -58.303540 58.262613 40.082400 43.177370 4.874765 
5 131 308 1072 3061 3728 -38.933583 36.623067 -41.334981 71.221941 16.894712 
9 484 1039 1368 1461 2383 3517 4051 4126 4333 29.457434 31.341569 -2.904208 -82.914637 38.101518 40.076505 -67.563261 -45.358763 75.677804 
2 938 2068 -87.078016 76.099283 
7 262 1753 2633 2703 4141 4345 4380 99.884704 83.335849 14.562951 44.290005 -62.883291 -87.497865 -24.218676 
2 146 1573 -93.676627 -81.369240 
4 41 53 2565 3046 -83.577608 -87.648983 -67.812755 -99.084166 
5 91 294 788 1027 4778 93.819709 -75.744664 -19.932390 -40.163902 48.179272 
5 1567 2004 2383 2497 3222 10.743659 -91.851348 45.959822 29.562696 -20.530832 
7 317 458 699 1711 1953 2636 4435 60.572559 -38.680177 -91.230190 -16.359808 4.791126 82.794952 -62.654672 
4 885 3001 3276 4790 -36.504448 -91.375407 -88.873431 -16.744924 
6 1477 1683 2017 2174 2557 4301 98.420544 26.898401 34.350372 26.525832 91.203154 -21.805223 
9 85 280 431 1308 2140 2383 4004 4264 4522 32.246787 -94.985312 -21.374803 33.641071 -50.373787 93.134248 78.967173 11.060284 69.523201 
2 2897 3967 93.829111 45.700155 
2 578 2815 90.500781 -12.390788 
3 1347 3180 3822 71.923952 73.470119 -93.669043 
5 16 1398 3363 3583 4318 88.666752 66.931152 -92.430332 -63.066869 45.463873 
4 879 1980 4100 4431 64.171192 31.305494 63.296888 34.883384 
7 89 1127 1393 1591 3294 4203 4315 -94.686379 8.163746 55.177699 38.570868 85.818081 -12.823315 -77.309886 
4 965 2353 2464 2977 -66.864302 8.754684 33.038143 -77.750075 
6 741 1034 1050 1204 3642 4046 -75.827297 -59.878134 -34.022892 -58.268326 80.879815 22.213933 
7 156 1145 1252 1355 1839 3058 4885 76.547658 -58.940354 -94.822213 -41.300046 93.978822 59.989466 -56.481604 
6 520 2320 2453 3620 3863 4206 42.408501 74.968782 -58.089203 -30.995262 -47.266595 45.422937 
5 98 833 2138 2995 3069 -57.269535 -22.170144 2.736793 83.764228 -51.440225 
5 259 1090 4176 4505 4800 -34.058950 -94.917900 64.983931 48.462307 81.025662 
4 762 1367 1715 2184 94.442709 -81.103515 53.038139 -87.464746 
3 832 2004 3145 28.942148 -68.783003 29.533959 
4 3091 3133 3225 3228 7.030132 -40.397460 -27.898324 57.247732 
9 686 853 1126 1281 1291 1346 1687 3577 4186 11.938220 4.747259 -18.921228 -28.507698 10.618203 -4.524628 -58.582019 -11.884823 -80.510693 
8 275 537 1177 1949 2235 3098 3572 3705 61.119780 4.392295 -35.538063 41.067675 -61.498836 37.883275 -68.828945 82.709767 
4 904 4015 4525 4680 -85.998277 57.584796 60.882184 33.883560 
4 146 367 925 3785 -3.622669 52.205345 -14.909163 35.399757 
3 3057 4475 4563 26.272741 77.635808 -28.480260 
5 1612 1873 2810 2881 3957 64.563099 -52.235044 37.503653 74.603711 -6.781816 
5 932 2970 3577 4032 4122 -81.806832 46.745665 -1.261974 18.800774 38.438954 
7 304 1858 1998 3038 3435 3493 4251 98.433030 61.421623 -89.045606 -47.778725 33.227958 93.367267 29.756367 
5 717 1458 2368 2966 4031 85.591523 -80.442118 -59.956796 -68.681286 37.812728 
8 276 765 1060 2363 3791 3995 4144 4626 51.184779 -74.060588 77.774749 -8.867050 83.227966 -74.417833 -53.584948 -50.652248 
6 1679 2305 2824 3608 4106 4831 70.727856 -7.085663 -82.059547 97.649601 -17.879045 87.350828 
6 1636 1765 2511 3486 3884 4287 -88.729366 -27.689774 48.357191 79.816385 -86.138787 -89.437428 
2 1800 2085 33.389531 85.980158 
7 1417 1872 1978 3298 3943 4004 4055 -79.602124 -56.152542 27.675094 32.813957 -26.635132 -34.168700 -19.298320 
5 2249 3385 3829 4118 4906 -36.022485 9.315667 67.867316 86.052747 20.340853 
2 374 1663 64.686948 4.111966 
8 635 950 1553 2121 3141 3873 3914 4674 -69.759393 -51.016195 76.164511 -74.918131 73.226101 50.168036 -74.977038 25.802781 
3 986 1374 4855 -33.049471 33.837856 54.928368 
4 47 1325 1621 1798 89.909218 94.309020 -27.573338 14.867735 
2 4507 4656 70.899393 -6.053826 
2 1374 3824 -36.114209 -84.392781 
7 287 945 1106 2032 2161 2611 3418 43.577367 -44.369558 -40.194093 7.969475 61.715610 -62.129730 -38.999185 
9 467 746 1270 1691 2517 2880 4095 4515 4977 53.415292 23.715450 5.317238 -48.106180 -18.683187 25.619332 59.427628 -99.173917 98.814423 
6 833 1798 3072 3205 3485 4945 -89.007360 -8.554727 -45.715282 62.448902 -71.930846 55.824696 
4 16 958 1545 1679 -54.354883 -93.220689 -78.459146 62.324438 
8 519 1298 1525 2585 2831 2844 3650 4074 -86.755708 -41.829700 -7.947879 -48.359970 49.179497 -94.386196 -19.780179 27.312139 
4 1003 3921 4029 4242 -56.465913 -40.943619 -29.587998 -0.254948 
4 121 2265 2838 3467 -42.757941 -75.695876 -25.319820 -98.046843 
3 254 2310 3104 1.105619 -82.540970 -53.917363 
2 1067 4526 -20.485796 72.085920 
5 31 1708 3827 4174 4421 20.044589 83.940536 75.265158 87.856330 98.627505 
5 264 312 1150 1319 1725 38.072675 -23.909536 96.984555 54.662824 -51.374052 
5 195 513 1917 2730 4915 15.825598 -45.964097 -50.737464 -16.023116 35.939681 
2 3295 4410 -72.298456 -79.944019 
6 784 1067 1322 2705 4380 4844 -12.630872 41.196360 -19.053956 -57.071607 86.872011 24.913130 
6 1057 1435 2371 3021 3057 3477 0.649068 11.913105 -87.215860 37.510117 -55.729611 52.316847 
5 23 2723 2895 4539 4707 51.503349 -82.339322 -5.197645 -84.978417 87.392574 
3 52 575 4752 41.518256 -39.853969 -14.960268 
5 1670 3680 4314 4574 4987 52.590248 -67.345154 50.971495 -65.730058 88.967725 
6 253 613 2433 3601 3676 4375 46.415711 -17.247882 98.911371 74.322655 30.131502 -17.312772 
4 56 2669 3544 3639 -21.099135 31.256363 72.991518 -11.837289 
4 1154 1308 2527 2726 -68.158325 44.884545 28.563338 -77.094675 
5 255 680 2648 2836 3357 45.123852 -75.764395 51.352124 -22.518259 18.372720 
9 320 910 1449 1632 1828 1922 2334 3373 4122 7.239701 1.128997 46.436753 44.223873 83.728519 1.366460 91.181950 74.480506 -29.992668 
2 1940 3379 -59.467918 -41.105074 
8 637 1591 1833 2398 2695 3736 4629 4719 17.180932 78.969181 89.891078 -12.984246 39.268742 -69.924363 -35.612564 -18.870064 
5 230 1249 1451 1804 1885 22.571543 -82.087218 -75.678109 -77.930442 4.347664 
6 670 1324 1442 1478 1650 3297 53.857617 -28.890221 10.220984 -61.417526 25.716754 -17.637131 
8 1987 2305 2708 3249 3289 4097 4252 4494 -29.373200 -6.547038 61.062079 -76.710442 79.759253 69.745844 -51.937599 -92.540331 
3 985 2580 4039 38.121733 -94.230607 85.472032 
6 440 1866 2552 2812 2867 4610 35.997838 1.405729 85.308331 -85.699162 -32.520669 -78.170381 
3 765 988 1094 1.958211 57.043948 -77.965900 
2 702 2923 80.073254 88.799103 
8 1110 2639 2809 3205 4053 4644 4781 4953 29.679108 80.156314 8.940142 -41.598763 90.889828 -62.892537 74.866671 67.366370 
4 752 1454 1525 3036 55.109857 23.061103 -70.822255 68.146293 
8 47 192 1358 2307 2912 3191 3451 4819 51.191429 -31.511828 -38.767934 -33.691741 -23.610724 44.215758 -34.108516 29.094120 
5 708 1646 1843 2770 2870 8.434300 51.149515 -90.577811 -96.024977 78.611778 
7 104 1146 1677 1726 2383 2903 4793 66.332867 80.525307 -17.101424 13.399023 -26.847849 75.914032 70.203778 
6 1943 2000 2740 3619 4529 4865 41.830978 78.670387 -41.341067 -96.575433 23.645518 -3.602623 
4 409 2186 2509 4821 97.356409 -25.181844 2.700454 -77.134830 
2 375 2919 11.521755 -78.516186 
7 1405 1515 3033 3179 3234 3739 4044 -89.348294 -11.492541 34.466643 -10.558430 78.663796 21.453539 89.932199 
6 1891 2034 3147 3482 3676 3971 81.447981 -3.879585 -30.185289 85.616090 -44.909952 78.998699 
6 653 1530 1579 2304 3228 4775 -7.397722 6.182445 -45.189097 -96.924631 -90.270223 -59.570587 
9 168 355 896 1426 2199 2795 3761 4003 4934 -96.448231 37.508042 24.360873 71.444363 70.909789 27.375158 -59.120913 4.234736 1.564245 
5 2289 2488 2676 4320 4841 86.684055 23.765237 93.462657 -29.772088 -42.626133 
10 97 301 2021 2630 3034 3682 4154 4360 4804 4805 4.918086 23.350462 -16.684492 -51.100174 -56.463976 -9.222173 -49.395966 2.363323 23.057308 55.729592 
6 1344 1579 1690 2169 2178 2799 33.558881 21.907444 35.946304 64.348818 95.384298 31.017134 
9 1176 1422 2357 2414 2990 3873 4351 4501 4910 -87.896982 54.384242 -67.589424 74.474251 -22.606401 -36.877691 -86.373847 30.812579 28.812676 
5 753 1764 1867 2602 4357 72.036509 3.241816 -56.333718 40.957475 -34.032872 
5 328 663 3410 3440 3852 7.914031 -49.137115 74.570457 -88.220804 22.932821 
4 1408 1872 3269 3400 -69.063795 50.501121 -76.651759 -7.985804 
3 1980 4803 4856 0.802269 -39.006176 14.278285 
4 3101 3471 3720 4616 -55.461899 -16.692401 -88.594191 -46.351471 
4 131 1925 2796 4719 56.921842 -19.941439 -10.073709 -20.496069 
7 1094 1846 2438 2499 2793 3162 4792 -76.089425 -62.516055 -76.899569 -48.549164 -93.940646 29.177522 -40.498502 
4 1290 1731 2059 2973 94.327171 25.645580 67.262955 97.797388 
7 988 1819 2015 2151 2966 3169 3904 -26.078180 66.675709 -76.133793 -64.547768 -64.128182 66.308692 33.918227 
2 882 4307 87.141307 74.665633 
5 352 1607 3546 4419 4879 48.558348 -81.949667 89.854392 -95.349774 -65.131273 
3 508 1412 2486 -94.997433 84.930555 -67.865133 
5 1380 1660 3407 4323 4862 17.994181 -65.490876 67.276296 -21.258358 -37.152998 
7 93 182 3101 3716 4262 4854 4950 -96.258260 -92.912580 1.039859 45.127650 -55.655769 98.650433 -3.768019 
8 64 417 1228 1411 1822 1905 4094 4307 45.912790 -36.680785 -27.222636 64.767909 -88.770406 -45.379748 -44.015186 6.923954 
7 495 548 645 1165 2412 2862 3234 -62.102375 26.357254 -81.536747 -47.794941 -24.437614 -4.666845 -93.957420 
2 1303 4153 -35.677622 80.518585 
6 405 1300 1444 1560 1798 4114 -26.840821 -66.112399 -68.944808 -85.949285 -13.183402 -29.330639 
3 1219 2964 4383 86.502301 -93.234206 77.792285 
3 3242 4380 4703 -2.441141 -4.290546 28.456066 
2 26 3366 -98.338928 83.747465 
3 1985 2470 4254 -50.917298 -96.882656 -90.871622 
6 207 1277 2367 3569 4060 4212 -29.500798 10.459079 35.425527 -81.804867 -55.559256 -27.910446 
5 1455 2278 3792 4747 4796 40.283733 -73.563356 14.140794 -88.110443 91.916000 
5 1915 2061 2148 2431 2621 43.279664 -8.368323 -0.794103 -64.595233 0.022836 
3 145 2704 4154 -25.476995 -37.186102 77.143084 
3 650 710 2821 66.221892 -90.850393 16.664859 
8 120 156 732 2129 2364 2763 2775 4887 60.917803 -50.463044 4.014069 40.373493 -96.707609 -7.827936 1.361988 59.534344 
4 1580 1754 2178 3170 -26.254736 -73.930262 -87.134518 15.828024 
7 87 614 1197 1330 1810 2730 4652 8.721102 15.182310 -30.669851 27.623652 39.773807 -94.930692 61.045965 
5 552 786 2864 3893 4263 41.385599 34.247388 77.770833 -4.513258 -94.538571 
7 1474 1762 2374 2513 3314 4031 4983 -67.150641 98.452198 -81.295566 37.922345 58.941848 -75.478131 86.344912 
1 3674 -87.543430 
3 638 2224 4609 99.078355 -89.832615 -61.538573 
6 241 333 1241 3424 3844 4215 -4.713140 -47.937831 55.095898 -54.487166 -53.675396 -68.237413 
6 1243 1363 1523 2043 2768 2769 52.962467 2.443872 8.237246 -71.111546 -39.945546 36.691854 
5 1232 1904 2599 2770 3462 -68.734335 95.009449 -5.097115 56.202985 12.218940 
5 329 719 1351 1803 4169 71.728206 -64.178512 -16.990492 4.602834 -60.649135 
9 15 92 623 676 2545 4033 4447 4579 4694 -31.815925 89.624140 15.768549 -85.400299 -60.961437 89.105005 -75.859331 73.672181 47.428923 
4 123 374 1280 4311 89.608302 -85.365582 -43.100665 -54.466571 
8 43 992 1581 3080 3358 4207 4405 4945 -82.024980 -4.597803 -56.555683 -48.588888 88.100230 -16.391777 -23.329725 -17.001405 
3 1250 3485 4493 96.195014 -77.453745 -20.285817 
7 126 350 473 3618 3649 3697 4029 -74.529016 -92.315338 34.429764 -97.736514 99.774035 40.636448 39.422452 
7 148 322 2966 3627 4693 4820 4985 39.861563 -93.139801 82.806516 -99.908217 77.490701 -70.643314 -21.695057 
8 164 512 979 1701 1709 2343 2746 4595 -0.664903 52.405909 -56.217396 -28.603045 23.157455 36.306805 -84.672874 96.944304 
8 403 1224 1432 1452 1479 2406 2987 3270 41.179615 -69.030203 -67.950425 74.291895 34.526827 -45.214441 52.107386 75.686738 
2 463 2347 98.115581 68.785211 
4 813 1323 1933 3968 24.751613 -28.908729 -75.908114 5.451419 
2 2188 2998 92.157978 73.137070 
4 1186 2881 3992 4889 79.519120 56.433858 96.823551 -82.321559 
7 2101 3916 3925 4182 4407 4482 4945 13.844535 47.675802 -56.352362 -20.686882 -24.454834 7.752101 -81.612448 
7 70 2169 2716 3387 3401 3402 3709 78.538693 -58.540514 92.250131 -24.658826 61.230294 4.914820 85.183388 
3 164 1104 3442 -51.116572 74.900585 -43.504259 
6 696 1536 2555 3397 3417 3818 35.313576 -38.588153 80.547628 67.156827 -38.164283 51.565067 
6 532 1272 1666 3104 3213 3271 -51.926368 -43.324486 -45.726142 -41.054601 -33.308705 -98.137018 
4 103 1348 1488 1569 -33.778849 30.859301 -44.081370 -50.984798 
6 942 1351 2278 2873 4227 4742 -9.522442 50.970685 31.743578 -69.796516 -93.783655 43.483928 
4 1635 1785 3648 4867 41.097736 74.404640 37.247865 76.193392 
10 683 2788 2970 3273 3670 3825 4064 4210 4288 4357 10.145110 86.503676 4.675178 -1.156832 98.517772 31.950492 -63.633892 -29.216516 53.609039 -55.148938 
2 82 3452 27.977483 -43.582176 
9 338 655 875 958 1054 3527 4081 4236 4738 67.313434 -51.182012 33.253453 -41.583922 -65.679848 43.851854 10.119481 5.404736 -82.566257 
6 297 641 814 3966 4212 4933 -6.955994 -32.095106 28.847953 -74.592439 -3.704768 56.080759 
6 736 973 2460 3818 4483 4991 42.615704 -4.651093 32.488660 95.280121 -91.613008 81.091948 
7 18 84 531 2287 3582 3768 4224 35.496238 -78.133606 35.708071 -7.187449 94.748891 2.751008 34.069684 
4 2121 3781 3850 4752 78.768036 41.740628 -2.219677 69.358043 
5 636 1327 1677 1770 3461 -17.536669 -67.014451 63.074871 -92.765855 -87.401692 
5 330 620 3418 4198 4715 -37.127523 -23.291722 19.004434 80.464846 -19.997060 
3 430 1530 4379 5.297330 -30.566466 76.208206 
5 1068 1168 1308 3744 4071 39.196161 77.275474 34.934508 -49.255396 78.845997 
5 3 353 1315 4528 4566 1.979665 79.887566 59.816000 -24.736280 -17.978578 
5 155 663 2401 3709 4602 -44.484390 68.500402 9.008565 -68.253868 -49.854852 
7 697 815 1140 1149 1274 3191 3828 82.896703 -11.669441 -15.418806 -8.998578 -27.916972 51.311321 90.124240 
5 1213 1521 1841 3037 3885 -88.487485 -42.502109 38.158154 -32.887002 45.708654 
13 548 635 766 875 1059 1303 1357 2498 2818 2861 2990 4054 4255 83.425992 2.444841 -67.019378 -19.398502 76.614371 65.151387 -40.640665 2.511004 19.037510 -68.952656 99.713545 -4.392773 -42.907971 
5 1426 2101 3371 3460 3895 68.823589 81.540647 -29.335796 2.988273 75.066431 
1 2482 -39.325603 
5 990 1542 2437 3163 4430 -12.552260 53.263214 -17.326876 -14.092113 -22.789479 
4 670 769 1513 2836 -99.576422 8.915062 57.530579 -2.713616 
5 1790 2605 3051 4107 4276 36.245124 73.526810 -48.693105 -21.907170 -45.338274 
3 217 638 2336 -91.565200 17.264943 -19.831738 
7 926 1005 1921 2576 2714 2932 3189 70.031510 99.505033 -48.216335 -95.933383 32.860761 97.229045 -95.116620 
4 303 438 1596 4722 19.071305 93.821867 15.145359 -28.732990 
4 1360 1363 4134 4905 -86.033194 42.337308 56.142413 79.626835 
9 548 811 987 1432 2427 2492 3257 3512 3787 -81.351613 -10.933616 12.729553 -21.038571 -47.996545 64.181826 63.051746 -88.394938 82.412145 
7 370 1370 3237 3534 3837 3972 4340 75.123073 -53.404616 -73.310694 -12.774395 -88.469230 80.427753 71.984064 
7 944 1508 1818 2622 3106 4165 4550 -6.196953 -20.401407 -78.355210 56.665443 94.333154 42.264986 78.384391 
9 184 211 392 851 2960 3614 3740 4623 4900 -84.666000 63.334556 63.652065 -37.790312 64.668097 87.468635 -33.040956 97.597324 -6.735885 
0 
4 189 815 2114 3498 97.605928 78.520194 -10.142885 -28.078115 
5 807 1458 1999 3344 4129 89.538842 39.057050 -53.300503 -93.893073 78.199006 
6 822 828 1851 2235 3222 3396 92.524822 -40.102028 26.977138 -96.620800 95.496789 84.626751 
2 198 4768 -83.792713 -80.280594 
2 1009 3655 11.788199 94.795399 
7 545 580 1390 2473 3075 3104 4981 -18.680856 79.411327 -37.527387 96.729893 49.219014 -90.332926 70.448178 
8 728 1454 2536 2818 2834 3024 3092 4043 -54.866127 -70.896607 -68.917136 42.783448 8.426306 -12.286599 -19.385193 -60.546213 
5 164 171 628 4425 4899 -7.246308 -77.444014 -23.431382 31.736986 -32.509874 
7 2319 3353 3491 3534 4249 4556 4719 -82.376486 55.507904 -15.452762 52.239548 -78.500513 13.912647 -23.982044 
6 92 629 1404 1579 3628 4702 22.507284 -39.438314 -73.709600 80.969633 -79.159482 72.835092 
6 1573 2191 2488 3004 3364 4966 -87.496599 -75.521224 -10.481571 85.072434 -41.903067 -83.547779 
3 739 1224 2139 37.245938 60.247502 -86.049791 
3 1338 3756 4545 25.369392 -85.363712 97.026040 
5 1420 3576 3823 3960 4094 78.505477 13.717496 -77.882678 -40.422613 92.678731 
5 888 1786 2072 2208 2741 24.353132 52.521438 29.985673 -67.172296 54.501554 
6 694 1094 1263 1637 3309 3588 79.180648 -19.743561 -78.869321 30.419586 58.063881 -87.314187 
3 1607 3721 4209 38.608365 -64.455705 48.771557 
7 435 819 1586 2602 3094 3361 4525 -57.694195 -75.532586 -84.107763 44.719278 -11.329026 94.858661 -79.253101 
8 473 970 2074 2848 3141 3897 4351 4778 8.903770 -19.915948 94.020457 -34.470294 26.605184 -62.733916 -33.764077 -35.983514 
4 1270 1729 3217 3505 78.748172 -27.103044 62.681361 -57.364190 
4 187 433 728 3916 -45.240697 6.855313 94.058138 -60.577640 
1 3638 -86.185554 
5 520 1096 2760 3955 4503 -17.046366 -63.225347 70.680705 -31.687377 -96.518823 
6 354 545 558 2242 2872 4969 71.424906 49.893236 -90.457341 58.561797 -26.095427 -56.709997 
6 847 2106 2362 2539 2755 4991 -13.291759 18.589588 -76.923290 40.964821 -76.316104 51.927182 
5 1400 2105 2549 3893 4890 -61.090524 6.044493 -84.441702 -35.143099 48.339662 
1 3774 35.008345 
4 1735 3170 3290 4932 4.184370 -24.351365 -21.698519 -48.980077 
3 2746 4102 4377 34.423129 -79.444470 19.909451 
6 400 862 2696 3123 3943 4015 41.872910 -91.107891 -40.783192 98.185964 98.597316 -46.315971 
4 581 1180 1536 3317 32.611090 -27.869130 -68.736554 -69.974811 
5 863 981 3498 4767 4992 11.431747 18.514414 31.722718 -88.765480 48.210177 
6 1413 1922 3646 3909 4191 4205 64.443729 -37.290489 66.398198 0.255510 -17.476622 -2.806723 
6 156 510 660 1826 3013 4250 -64.613608 -33.964007 -85.943966 43.433432 97.545006 -39.779400 
6 120 1840 2762 2856 3465 3635 38.012448 82.765022 30.872256 -72.785493 49.996719 -86.013126 
7 494 1412 1675 1874 3633 4459 4833 2.884808 -55.416740 19.614082 74.852712 -57.562987 -82.169317 37.685289 
8 273 2165 2511 3558 3986 3997 4097 4380 -10.463425 -69.374430 83.933652 -34.754499 95.349047 9.396297 27.591816 12.290031 
4 531 1759 4121 4529 94.006374 88.129018 84.728279 15.576873 
5 23 357 1673 2658 3452 2.813170 49.038109 -99.824868 -91.359998 76.219041 
8 71 822 1003 2861 3676 4052 4092 4693 35.215643 -4.701674 36.219257 -54.190458 -81.640320 -86.154628 27.112663 70.773954 
4 78 935 2886 3870 80.260449 26.413676 73.917296 98.040857 
8 3 898 1310 1760 2589 2667 3867 4607 -16.674522 76.677641 -47.909653 -74.661296 -69.850515 34.334732 -15.340423 34.014849 
3 572 3852 4320 -31.009691 76.319412 79.250671 
2 1633 4403 -65.903722 93.056597 
5 203 3598 4046 4059 4297 -56.925460 22.273358 22.907526 -79.862133 -77.468656 
3 1018 2156 3730 89.514058 -15.686155 53.187214 
6 444 1409 2596 2736 4817 4986 24.314390 27.894552 -43.567616 98.648020 -61.003065 79.485355 
10 124 285 904 1428 1429 2329 2579 2794 3125 3935 -0.664690 -73.612703 -54.018593 -71.942788 -92.019194 33.381331 -13.657827 -97.721949 63.896761 86.408090 
6 751 1742 2062 2932 3814 4921 88.218190 68.716788 48.405719 -85.055684 -83.414779 -77.927098 
6 666 2390 2559 3203 4345 4981 -57.755523 63.078847 -0.913731 -12.146948 79.309666 -6.638210 
10 1052 1545 2240 2353 2449 2652 2702 3580 3741 3950 -87.189291 -26.443197 28.514348 -70.416796 -36.084737 -77.159172 96.874840 74.153443 -67.480791 2.541376 
5 331 2338 3092 3366 3403 -70.067740 20.185825 4.948969 -41.360618 -94.453760 
2 1907 2972 -68.880581 98.222267 
6 24 400 2907 2950 2972 4536 -39.949001 21.761201 44.745523 -30.066058 70.546557 -17.220372 
7 368 596 646 941 999 1106 2306 -52.227904 -17.101786 -52.352972 -48.332793 -4.202654 -55.520846 21.264231 
4 201 2719 3904 4221 86.549125 32.720653 -23.876742 -54.394560 
4 1076 3242 3247 3880 2.249705 39.292528 -94.910197 -16.047031 
4 2240 2900 4821 4967 17.123576 -59.684622 -44.601402 -2.612518 
3 2549 2727 4303 -25.975790 19.407503 41.790281 
3 1289 3190 4495 -34.811161 66.071989 -95.532380 
6 6 480 751 1376 1622 3146 40.781898 21.304928 -68.629978 37.806767 -60.108987 -86.255473 
3 1707 2022 2353 1.644580 -31.321388 40.480733 
7 1883 2199 3203 3389 3693 3908 4289 68.321076 9.149872 82.866833 -80.220272 -28.189629 -52.826154 64.277667 
6 70 561 1418 1767 2132 3433 20.624369 -42.484873 -3.215329 -10.622364 54.052412 -20.179765 
2 999 2558 -88.651222 47.502280 
3 201 4660 4750 4.591669 -2.434530 93.332603 
5 1521 2012 2914 3521 4556 20.757605 40.103852 19.130842 -55.640969 -83.185988 
4 190 840 1756 3009 -14.461852 -2.567850 -93.431122 -54.826108 
4 1043 3672 4461 4803 -1.434739 -93.069497 23.635776 -13.727750 
1 4452 68.227126 
5 1353 1575 2292 4330 4411 -94.088415 24.975908 14.855661 31.210574 43.875528 
7 1169 2015 3049 3152 3735 3794 4711 20.436445 1.847815 -1.169721 -93.246025 40.376790 90.645693 37.746660 
9 102 467 1092 1501 1642 2665 2723 3139 4917 2.167278 -35.502075 -0.777466 13.346577 30.877890 80.561222 -77.464163 -89.917224 91.724688 
4 1482 2029 2921 3719 92.137577 96.524060 -60.667590 48.508634 
2 1221 1403 -76.622646 -67.533831 
4 2474 2602 4142 4516 44.897825 99.406932 10.617046 24.679619 
5 108 1510 3139 4513 4864 -98.684681 -98.645011 91.030148 38.091348 -45.487144 
7 1483 2565 3496 3577 4621 4691 4935 7.725886 24.148542 -48.489033 66.059517 -52.569725 -42.861861 -18.754518 
4 1658 1660 3887 4001 70.372066 88.141650 3.188778 -50.842716 
3 14 1757 4294 22.794832 56.532221 19.852320 
3 2123 2125 3698 43.833308 -15.611775 -12.399009 
6 817 1507 2064 3600 4337 4949 -0.079277 -42.280516 42.306366 -35.875305 57.161595 39.723597 
5 588 2662 2873 3872 4889 1.635202 -28.495902 -20.522143 94.831170 66.344440 
4 858 907 1241 4681 61.021543 64.013001 93.035885 -90.937195 
4 1999 2786 3041 4766 -35.781267 -54.123454 -17.204262 -73.143464 
4 532 1916 2199 2371 72.261160 27.995179 29.217403 -8.804769 
5 312 1063 1918 2040 2674 91.711005 15.218341 -90.965221 -70.362389 60.734453 
6 1403 1512 2073 2816 3035 4623 79.731066 -52.880231 78.158409 71.704963 92.967254 -97.612819 
5 38 376 2264 2384 3368 40.369901 94.558890 61.307456 99.611356 91.290281 
8 214 462 1720 1892 2203 3572 4541 4773 19.979291 22.010076 -20.135965 34.413705 95.666768 9.193237 33.396859 97.028474 
6 497 875 1371 1389 2499 4199 46.314820 77.897080 -2.172014 28.188532 55.721435 -69.815962 
5 25 552 1884 4664 4762 98.016848 -37.813317 1.851965 -85.048369 -34.197390 
6 865 967 1143 1957 2493 3923 -83.806327 95.004324 -99.353424 -18.019380 89.841254 -10.499570 
3 757 1980 3942 -36.508859 -58.512131 -61.063197 
7 870 2638 2845 3187 3969 4123 4996 15.463937 3.686345 56.775777 -97.497489 66.941203 -9.389821 25.413368 
5 238 3539 3555 4225 4721 54.021477 6.443291 -51.495288 4.425908 -61.639453 
1 568 -45.667806 
5 124 660 2518 3207 3348 -13.483747 58.920917 -35.484158 96.992323 95.717476 
3 1214 2145 2187 -43.314809 -33.906078 -67.079079 
10 302 399 589 1490 1498 1862 3085 3372 3539 4276 -39.105575 -74.487716 38.025713 9.197891 93.684438 -57.201579 48.764758 -98.593940 -33.302819 -52.898630 
5 482 615 2601 3031 3320 80.213641 -8.766422 -31.966632 -9.530401 -64.864617 
7 628 697 1352 1703 4180 4258 4842 45.150423 -36.004803 -35.202661 -27.660190 -23.869667 79.210031 45.293740 
7 1050 1194 2410 3142 3818 3827 3904 -54.403340 -28.484116 56.748667 22.579715 56.962119 10.310687 29.950296 
5 627 1045 2301 4023 4670 -65.812889 33.465455 -25.765367 -26.361767 60.097632 
2 1122 3785 54.628242 58.258806 
6 127 831 2867 3048 3974 4826 97.684498 17.866348 -74.774905 63.388207 -70.573087 9.744331 
4 116 2112 3211 4299 -46.736208 27.369989 19.952005 -36.989418 
3 748 4169 4633 0.551019 84.097487 -76.510954 
2 1040 4814 44.544856 -17.024612 
2 1133 4917 39.816150 -62.000820 
4 1309 1613 1808 4232 23.549574 25.594377 58.360024 70.811598 
1 1140 89.265500 
8 706 771 976 2209 3353 3654 4095 4212 70.990929 -16.253180 -46.053416 -21.465676 -91.769003 -48.714288 50.577676 73.324639 
3 2415 2762 4811 87.435255 -87.252566 -76.133458 
5 165 1745 2026 2334 3249 -96.133014 -24.242336 -66.136819 -3.827110 -74.347487 
6 252 1698 1862 2487 4147 4167 15.297974 71.224741 -10.998919 1.848538 70.649405 -16.623566 
5 745 884 1174 1637 4269 59.181465 57.539614 45.613269 73.042958 -18.832281 
4 757 1947 2578 3414 31.870540 -45.546692 83.907272 -66.498292 
0 
7 1116 1281 1450 3376 3496 3803 3862 37.372864 -69.524296 -77.801304 -65.756856 -71.191472 -73.502551 -96.614866 
4 2637 4885 4910 4927 86.376669 71.980979 49.434412 5.165004 
6 1034 1809 3524 3595 4177 4593 -92.384767 76.094039 -89.568506 -31.284515 40.066894 -48.492158 
7 114 827 956 2018 2412 2855 4861 62.855677 -26.823499 1.479368 -19.733451 88.180865 55.368989 -34.303181 
4 3545 3936 4217 4239 66.490658 -1.615539 -76.889737 -57.735539 
6 70 512 1314 1877 2050 4892 99.099911 -43.169055 89.906732 41.133965 97.941378 -7.599298 
5 95 674 1309 1656 3218 15.526461 28.386202 -94.238362 82.583344 43.202895 
2 3961 4348 -11.366419 -11.956376 
4 261 1135 2884 4095 98.220651 39.231788 24.477511 13.914232 
5 504 1896 2005 2884 3196 6.403162 63.932775 -65.351786 28.047357 -51.846031 
6 719 1477 1685 2390 2650 3980 6.129569 99.681348 -84.952059 -12.040919 35.730643 21.718057 
2 1800 2060 62.878605 -91.346724 
8 407 746 1734 1962 1984 2727 3130 4990 81.869671 11.195862 -97.757843 16.845444 52.555379 65.347521 -26.026672 -4.556923 
3 22 808 3983 26.580129 -84.993975 -78.389079 
7 1228 1382 1900 2293 2560 4414 4974 26.854403 -12.371658 -32.006669 -54.556624 62.920946 72.199855 -46.040520 
4 1871 2325 3614 3859 -49.161129 63.340090 50.089712 88.501168 
4 171 1406 1705 3418 1.632162 -31.908027 87.857822 -11.910822 
4 90 635 2778 4310 4.552665 24.803417 7.271037 67.799534 
5 1054 2328 2520 4030 4629 -96.890062 -71.964632 43.339332 14.726344 -11.061705 
5 715 3518 3729 4028 4489 86.850282 46.356113 22.949796 -94.633674 56.773452 
1 4306 -88.499353 
6 179 577 1628 2093 3096 4590 -30.082181 -97.083845 -49.219371 11.834430 -81.671349 61.704807 
4 578 1717 3636 4070 25.706853 18.868588 54.707101 -3.033157 
3 162 3548 4794 22.639170 -35.156333 90.958305 
4 1136 1164 2486 3957 -50.904516 18.377890 -44.297488 4.808179 
5 685 983 1328 1648 1905 36.985946 -13.238092 2.819976 46.265431 -93.526698 
2 2139 2856 -54.737523 74.861275 
7 984 1508 2536 2626 2843 2935 3176 74.673951 -71.049870 29.776307 -32.142540 -31.412737 79.614008 -23.902378 
4 1046 3880 4684 4869 36.442573 28.987353 -3.060137 3.706979 
10 452 1424 1719 2320 2339 2538 3137 3166 3650 3664 -79.735908 -79.097278 66.982238 31.267482 88.420396 3.213300 -73.732354 -98.800288 -46.646176 -85.635406 
5 333 720 2924 4324 4741 52.892201 88.196581 -74.777742 -37.825726 -51.823109 
1 1393 -91.533028 
3 703 3005 4318 -77.555869 25.345090 -96.812001 
3 1590 1884 2004 20.109243 63.547357 -6.267684 
6 161 451 853 3323 4753 4854 85.278908 92.914914 -14.058185 -80.881282 52.860248 -39.633622 
2 509 4476 61.945267 -10.514966 
5 480 1230 1539 4307 4761 7.727989 -51.576209 -84.034405 90.988951 32.866328 
7 451 1029 1666 3582 4581 4700 4988 -58.006310 3.114404 -28.043995 -97.391545 -80.703761 67.334357 -0.605173 
4 1388 2042 4119 4597 60.537470 -92.471173 -73.354733 85.806558 
6 306 570 1329 1489 4371 4485 31.592803 49.215170 13.762017 -3.748733 -79.680891 39.008632 
2 2742 3931 -46.085055 21.288185 
2 2105 2197 21.603176 54.402231 
3 2352 2928 4158 97.656426 -41.241407 -89.416062 
3 1310 3135 4596 -91.272347 39.980684 -97.242589 
4 327 374 1267 3634 13.259580 -57.317550 -18.794729 93.057261 
5 100 2311 3118 3418 3718 44.507793 19.252401 -50.260203 45.497773 -79.492115 
3 125 4074 4660 9.397895 -88.291823 58.909271 
5 34 1302 2244 2278 2332 32.851166 17.608044 -61.543977 86.078037 72.891120 
5 363 481 2020 3680 3753 -47.787239 -48.162008 40.294777 -53.693169 10.090555 
3 768 1764 3535 31.971861 -57.992542 -32.516147 
6 1170 1218 1567 2350 3420 4260 79.510128 27.037881 -60.416387 3.263972 -32.968010 -43.945715 
0 
7 1071 1793 2006 3774 3831 4344 4650 -19.436276 97.624738 -4.856922 -31.925988 98.881161 11.505409 51.574355 
2 3635 4823 7.346066 91.432168 
6 448 543 726 1891 2876 4217 35.795433 -20.920977 68.764541 29.389846 42.812884 2.280212 
12 518 1054 1314 1526 1703 2802 2990 3058 3403 3854 4475 4664 -6.576342 -83.207886 73.915231 -8.125371 46.911333 29.578270 -96.938437 19.925365 -2.324581 75.109273 -92.429903 61.142265 
6 443 1849 2288 2803 4631 4702 10.438272 9.582437 -62.892303 93.517136 59.274094 -6.857612 
3 1708 2340 2625 -38.426070 -12.966928 -64.524373 
4 192 2887 3259 3999 77.575796 -11.717777 70.518522 -67.042905 
2 2686 4400 -46.013144 1.383259 
3 1550 2135 3159 51.295406 4.085487 30.302349 
6 860 1375 1882 1912 2100 3860 -93.416793 80.652913 -85.862313 45.501645 -81.421320 -13.648714 
5 59 1927 3916 4089 4901 20.792690 -70.477673 -22.961723 -93.251567 -18.812413 
9 523 1351 1877 3139 3324 3380 3552 3795 4271 -76.228654 36.983932 -14.247576 49.968797 -17.554937 10.525125 -91.341345 -32.218216 -62.195042 
4 1573 2513 2554 3085 -93.080425 6.432817 92.359436 43.615722 
2 1303 3282 -49.164668 -90.147945 
2 157 4805 21.201131 -79.970003 
6 755 3379 4220 4249 4747 4838 -70.277700 91.271201 84.317490 -55.145765 -54.029689 -89.727544 
6 1374 3168 3580 3889 3943 4941 -48.187757 -56.010647 53.259683 -39.420398 47.877418 59.913876 
6 1024 1648 2174 2885 3931 4108 0.095741 83.558675 -35.361215 61.420258 37.096911 -28.377211 
6 2847 3014 3092 3124 3443 3879 18.861566 61.918333 16.912296 -82.653617 -17.198364 94.923408 
7 308 1291 2006 2194 2941 3824 4798 81.414978 3.318066 31.674507 -30.268081 -87.307062 4.568161 14.616433 
6 545 1090 1774 2686 3230 3574 29.123173 44.259039 65.020350 -54.506341 50.769267 -85.291885 
1 3734 -68.519040 
5 1707 2148 2646 4035 4440 54.269661 -78.047577 79.268277 94.382638 4.285759 
5 84 1585 1820 2606 3993 88.803727 -64.397455 -99.854082 57.151002 42.442184 
5 1921 2203 2263 4229 4393 -10.883646 -74.854778 55.069675 50.819933 18.188397 
7 191 1519 2574 3554 3723 4446 4685 -83.803721 -35.291582 -72.715142 -55.585998 65.797752 -70.662742 70.803669 
7 126 325 1398 1972 2516 3636 4254 57.480041 -62.527721 44.289052 -74.141266 85.104251 -32.374097 -87.113471 
8 265 548 835 1927 3027 3232 3899 3938 -94.737844 92.358651 -91.309459 21.644687 5.995403 -71.229855 -35.917056 92.782336 
4 959 1622 1676 2296 -5.756332 -66.949466 90.076749 -96.393756 
5 345 1933 3417 4036 4898 -91.709588 -35.962059 -45.226105 93.169587 -96.182727 
4 1190 2239 3836 4502 95.885653 35.250033 66.081031 -4.366965 
6 1808 2904 3010 3043 4344 4393 23.418899 97.049308 -58.808599 64.098330 79.723403 -98.307252 
7 839 1047 2492 2524 2967 3317 3580 -50.121175 18.575846 28.365687 8.465213 30.363693 27.839570 -2.278670 
5 1271 2291 3806 3902 3924 92.068400 37.871037 -95.322634 36.265329 -14.360447 
6 319 2147 2171 3632 4823 4904 5.855078 69.071010 85.111278 -33.477232 -80.129357 -0.362139 
5 174 269 2007 2280 4836 66.440745 1.010689 98.930233 -41.388602 51.625597 
8 723 951 1926 3230 3486 4048 4316 4637 -13.770226 -91.888009 -41.288216 93.334322 9.164073 -42.599170 56.550977 89.598493 
12 672 686 942 1207 1208 2192 2329 2903 3889 4227 4552 4597 -69.990923 6.851187 73.783103 28.671606 92.400206 -41.237512 -0.429830 74.938333 73.545806 -38.314742 -41.262172 -25.064582 
7 744 1286 1494 2321 2746 3236 4617 -9.801854 36.136425 11.702976 6.777428 -54.264492 32.730148 -67.876704 
6 1021 2190 2509 3940 4360 4498 -67.002454 74.001485 -93.784033 -16.462345 48.986851 86.895697 
6 282 2815 3529 4201 4244 4430 93.390064 69.669697 -60.861738 -51.800403 70.379493 62.700764 
0 
7 1511 1932 2252 2845 3063 3444 4520 24.886231 -51.556424 20.488248 51.210041 36.644527 56.000400 -94.714444 
4 10 1416 2035 4145 84.771737 -44.874212 84.768487 14.572448 
3 551 1264 4470 -90.874778 -61.139693 91.275852 
3 643 4048 4368 66.043571 -90.425455 41.879683 
3 108 907 4529 11.938583 -7.762564 -19.598719 
7 363 398 709 1594 1837 3133 3564 61.334429 -84.589376 -96.396575 45.118716 -1.489671 29.376821 -28.065152 
4 251 1495 3745 3772 53.926180 -82.268777 62.024170 58.983928 
5 528 947 4246 4669 4710 -14.457726 -15.548039 33.670605 32.527605 -50.945846 
4 1032 2949 4243 4567 -96.461371 76.603671 82.926732 67.625502 
4 1007 1274 2634 3739 6.623400 52.509406 -0.403891 -6.379372 
6 355 856 1693 2160 3379 3833 -50.512855 32.431921 50.099616 -69.155020 99.168415 34.230453 
4 501 929 2172 2636 58.443919 0.093482 -26.004627 22.304882 
8 23 228 325 854 1812 1916 2889 4505 13.951202 65.357852 51.456103 -49.880743 12.723636 46.413185 -24.008346 33.218906 
5 1218 2771 2831 4460 4717 -67.607089 -66.058062 96.468981 28.624169 -66.568367 
5 1723 2001 3126 3187 3288 50.979634 -19.210620 21.045449 -50.169222 -96.295212 
2 2178 4036 -5.900346 -76.183753 
11 589 1889 2143 3443 3574 3591 3645 4270 4310 4656 4922 -70.481527 -96.370307 -11.642177 98.869843 20.431241 -16.085963 -78.439876 -96.963187 18.661868 72.970806 48.884392 
5 2413 3592 4087 4809 4839 -55.516844 -89.419759 -16.291559 25.534870 -57.496700 
3 2618 4242 4769 -64.924776 1.791636 12.781052 
4 747 1309 2467 4200 -55.994410 -24.923868 -6.417961 -11.043770 
3 1274 2161 4989 50.917077 -81.832413 -52.815170 
8 389 444 1466 1818 2585 3136 3362 4132 78.432335 14.897474 -3.597011 -21.215841 58.488838 -69.992079 -80.757480 -89.636936 
2 235 2375 18.235588 28.540360 
6 408 915 1184 2889 2907 3479 75.752670 -58.121631 51.083822 38.670905 83.478615 14.377093 
4 2638 3050 4528 4749 42.824832 -3.015417 21.336378 -76.347128 
6 202 1046 1267 1355 4257 4516 89.690977 -57.439363 -83.134725 -55.369311 42.389674 -3.669453 
4 352 2601 2951 4200 87.978056 -11.062897 63.906450 -11.665219 
6 850 2278 2723 2727 2730 3147 3.610547 99.456681 -88.951657 81.698700 47.084231 69.330503 
5 1846 1859 4078 4256 4382 65.048336 -95.195312 0.965616 -48.238768 7.274218 
5 1034 1188 1275 1363 1663 48.745059 -24.929478 77.882030 8.279220 -60.520250 
4 542 3763 4870 4895 -92.415029 94.870749 -44.018508 -41.024313 
5 277 673 1198 2293 4016 -42.091389 -74.109378 51.297528 -97.790440 98.191231 
1 63 -9.985391 
6 1269 1299 2324 4205 4541 4553 -99.122645 80.107827 -63.854841 33.701137 -80.097514 21.283475 
5 360 657 2297 2516 2917 64.300788 55.167568 53.405299 -97.458075 -94.332934 
6 345 1277 1457 2470 2795 2923 -69.398887 -77.027748 51.763354 -80.441061 61.400193 -60.478808 
7 421 516 625 1287 3219 3387 4830 -57.271451 70.417372 50.153637 37.164925 76.394593 -64.458785 43.725516 
3 144 620 2639 16.044350 -51.794998 44.165053 
4 793 2187 2467 2910 72.182741 22.112555 0.657843 89.832109 
3 298 2264 2329 59.558777 28.128244 -97.727432 
3 833 859 1185 65.332939 76.836865 -17.924592 
2 1844 4455 -96.228278 -10.878725 
7 330 338 835 1064 1258 1291 3746 -27.248356 -36.678861 -93.405441 -81.581259 -15.011576 -37.758783 8.733300 
7 319 1218 1573 2712 3114 4308 4626 33.686557 -5.256889 92.450564 -13.617470 93.534180 -0.735565 52.009306 
3 266 279 2442 17.352003 -6.096823 -4.065979 
5 360 643 1898 2909 3570 86.697613 54.618773 -37.661700 33.045315 81.889162 
3 834 1908 3437 -63.630480 -39.664911 10.570552 
9 6 94 697 1821 3124 4489 4659 4696 4806 4.308269 34.902719 -84.984313 21.385127 -94.728093 19.021422 10.072928 -66.222536 -18.201113 
11 896 1749 2464 2937 3564 3779 3817 4031 4149 4462 4974 14.757217 5.936264 -98.224184 -55.795148 -50.811014 26.097975 39.718765 -78.160655 -54.810721 91.098397 -46.056428 
5 999 1766 2343 2714 4538 47.346043 -58.702072 -57.557614 -51.171806 41.622890 
9 1401 1780 1840 2233 2680 2782 3356 3744 3906 23.922954 -84.140497 -70.093651 63.329320 -44.701857 74.281531 90.761193 -93.643996 31.542509 
8 238 1195 1433 1531 3783 3932 4169 4694 52.038329 14.835786 -43.845048 -55.678115 80.142078 58.994151 -57.231044 63.931262 
5 259 549 3689 3837 4529 62.631348 81.400712 19.096597 14.752283 -53.730290 
3 188 1138 3539 22.336327 76.939287 -71.640667 
6 236 669 1349 1815 2074 4606 -58.790308 51.459256 63.397450 -27.638446 26.263090 39.708905 
3 1430 4050 4274 33.017150 51.515428 -49.589391 
3 1186 2130 3849 -85.568675 81.700455 -41.602596 
6 853 867 1713 2685 3780 4367 -78.700490 98.456830 -30.532471 -35.319736 5.487275 -96.180779 
5 426 564 3506 4274 4285 -70.320182 90.942771 -18.587842 -7.290453 -47.565779 
5 1557 3134 3678 3762 4672 -31.598970 -23.475905 61.560116 28.427901 -29.730927 
4 2070 3563 3749 4752 59.541554 66.749264 -62.444147 78.294627 
4 563 2434 2680 4052 24.582282 -14.153678 5.110367 18.179679 
4 169 1817 2806 4965 -3.051890 92.037225 -3.821066 18.522624 
7 590 1988 2120 3077 3202 4514 4938 -64.968178 -13.747936 99.222075 90.650087 9.150641 -31.924017 -87.124997 
3 965 2035 4865 -65.096646 -68.398374 65.921155 
1 425 46.308811 
6 1451 1738 2003 3668 3920 4370 -45.274322 50.439763 13.703980 70.900388 45.078588 64.149805 
6 44 765 2663 2876 4175 4968 -34.354339 50.779753 -15.005555 8.959307 -0.123093 -53.802581 
4 1218 4048 4051 4931 14.197874 2.381617 -35.245158 -39.041783 
8 447 828 1058 1448 2224 3667 3679 4790 -95.628279 91.021230 25.060812 55.526577 43.443769 -50.176709 -24.641838 1.591031 
2 115 1937 62.820270 -32.185796 
4 249 831 1399 2455 -50.438815 5.920774 80.219574 47.491326 
5 2511 2856 3302 3333 4570 -41.241679 -56.025289 48.702301 14.245932 21.753571 
6 400 418 2295 2808 3969 4291 58.615730 -2.108465 46.921699 34.142812 89.870957 -35.213669 
4 1872 2683 4216 4965 62.393487 98.294221 -51.351398 92.785364 
4 977 1967 2601 4612 -27.528697 -16.862650 -43.745619 55.207460 
9 650 1882 2060 3014 3253 3342 3489 4477 4709 -69.883975 78.859525 28.037855 67.240749 -37.861840 80.837020 -30.152056 -57.212700 86.497120 
4 1108 1377 1378 3427 83.881431 93.133830 91.061694 -9.425775 
6 1876 2475 2989 3145 3900 4508 -39.329068 83.830877 71.939069 -51.580331 78.491886 28.683928 
8 68 1132 1543 1926 2684 3274 4506 4749 -42.861868 -2.823895 6.567106 -14.443002 -26.070034 -98.264400 -12.180157 -87.782146 
5 1501 1512 1620 2469 3867 -25.999314 88.185939 -77.750241 -86.188618 33.118057 
3 204 1383 3184 9.922692 80.700618 7.058628 
7 57 153 1229 1933 3451 3581 3856 -15.117700 -74.232914 -61.379380 -18.840935 8.679774 -1.381569 -81.328256 
6 559 969 1863 2345 3554 3986 51.430257 -30.499991 -56.852904 44.633948 96.003559 92.465008 
5 709 1403 2830 4733 4987 -83.100001 -58.117200 -18.542598 25.555847 -40.074671 
2 1735 4255 -14.080530 -61.612438 
6 84 154 2251 2968 3998 4739 90.782811 -65.519971 -18.414549 -6.254251 33.345294 70.016613 
6 1890 2007 2317 2363 3485 4392 6.720389 -19.599390 -62.507388 28.192262 83.649009 48.331831 
1 3575 -2.256016 
5 313 792 2703 2947 3779 -37.305589 44.407618 -48.993064 -72.502088 84.722608 
6 122 327 1920 3039 3229 4104 74.799319 73.581924 -15.679445 6.427034 -78.084425 32.312796 
2 500 1551 -89.537029 -21.819863 
7 693 1661 2249 2481 3013 3660 4922 79.201993 -49.713642 -4.223518 32.187538 -68.904234 33.629131 4.366486 
5 1701 1881 2577 3639 4208 61.607724 -99.939259 99.222167 -69.888160 36.597095 
5 656 2116 3463 3931 4150 72.291798 -29.856919 -95.067468 75.183268 -91.076056 
7 1006 2418 2665 2988 3363 4017 4240 97.664411 3.946908 40.582184 -34.811596 31.460552 40.790043 35.374139 
8 505 1714 1955 1967 3105 3669 4454 4657 65.118212 -22.299173 -63.779528 -40.332424 26.684401 -39.122752 17.336547 -55.155422 
2 1774 4352 -74.606618 -5.599519 
5 774 2232 3037 3404 3408 92.322132 -52.706230 15.089251 -54.605559 75.291123 
10 411 1401 2038 2110 3616 3719 4047 4174 4586 4869 68.671529 -95.045840 -86.827331 -80.305933 99.202516 9.406003 6.036787 -19.267185 95.274515 -98.242867 
4 231 795 1975 2797 66.347149 -6.645592 -55.334060 80.991224 
5 3 46 767 2047 4559 69.577550 -71.712026 -94.734191 -0.765510 38.693655 
5 1938 2759 3557 3907 4917 -51.153989 -0.341064 -74.415696 1.340101 -27.130316 
10 116 680 849 1718 2248 2491 3986 4819 4862 4868 9.915375 54.413274 46.375633 -80.404345 79.438257 26.202071 -40.206762 62.465276 3.921415 -80.872534 
5 2335 2521 3591 4105 4941 62.700194 3.465800 37.647517 7.997257 -30.987591 
6 1374 2054 2624 2965 3630 3822 -90.874169 -21.461306 -71.167387 97.398868 13.689859 19.546214 
5 973 1435 1471 4465 4470 -51.353741 -84.477405 -74.569298 -70.314752 61.403734 
3 1729 2446 4796 98.546309 -74.763828 -78.073161 
5 529 1413 1704 3577 4191 19.263074 -95.711172 -35.678365 91.355491 -32.735195 
5 102 711 746 3469 4693 -0.170485 -40.494703 -15.073837 89.457198 -14.607307 
7 861 1475 1713 2105 2965 3358 4668 94.668265 76.900017 14.231769 -14.903902 33.607391 67.684392 78.626263 
3 1978 2174 3855 -73.489271 -96.145157 -64.059947 
7 470 991 1879 2468 2700 2810 3728 12.650331 8.847663 87.392164 -54.895217 -75.202338 -65.788531 -33.214053 
6 176 1716 3109 3824 3965 4567 -10.419059 -84.669833 49.709632 -41.101445 -77.546080 80.484263 
3 1687 2752 3419 12.663827 -42.877435 -99.369839 
7 687 1563 2264 2961 3255 3473 4739 -50.385853 -67.356390 94.600707 9.496299 -27.962213 -79.151962 29.702977 
4 786 2703 2785 3017 1.819633 -11.447621 14.751479 -67.497029 
3 647 1114 2407 -69.670892 1.244559 12.656821 
5 223 296 1440 3743 4386 -66.004996 7.419518 92.968784 38.687904 -40.447298 
2 2081 4376 91.912341 97.137386 
6 1293 3230 3464 3471 4082 4795 55.843040 78.787056 -84.952802 -42.995116 -55.338813 -18.686522 
9 313 438 1455 2087 2394 2659 3667 4227 4921 67.205030 -3.800165 15.010860 15.559190 94.175077 -3.475856 8.555361 -58.929388 65.237673 
4 1 1821 3290 4327 70.280686 -80.574165 -8.992808 -14.667063 
8 317 1063 1664 1715 3226 3418 4352 4856 -43.121898 -2.372763 8.133857 46.851062 7.058527 87.494983 -56.950745 -7.890592 
3 2995 3022 4455 38.216718 18.205815 3.337064 
11 35 1290 2299 2517 2724 3077 4160 4432 4589 4648 4896 -74.325018 -54.255380 21.966099 -71.835640 -1.817611 19.439345 80.211599 35.666146 34.995009 58.704247 53.800480 
6 709 1335 1378 1384 1704 4794 -21.733505 21.689666 -58.611086 -91.788998 20.775783 32.875841 
4 45 369 1695 2903 -68.035425 -24.631058 33.122851 -9.456840 
6 604 1351 3830 4001 4365 4975 70.297247 5.658793 51.354818 -44.486692 99.716296 -82.670949 
3 1938 4802 4836 97.929140 68.278963 45.432847 
6 192 1337 1539 3340 3581 4881 14.376329 1.211742 -56.092748 -84.145760 -96.169909 45.681609 
4 1184 1805 1972 4815 71.639881 -22.106674 -5.870282 -78.142463 
4 1001 1910 2297 2550 16.552722 15.990028 -62.221827 32.229717 
4 78 423 2309 3883 47.633056 -55.131601 -43.412755 -58.812700 
5 328 896 993 2007 3558 -2.798523 90.005958 -70.562728 -57.184046 -86.477555 
8 890 1281 2549 2580 3140 3561 4695 4944 86.060591 33.676751 65.738103 -1.900802 -12.169830 57.029797 44.408519 -32.238992 
5 20 1110 2128 2140 2386 -29.835914 -71.997179 74.342584 25.010455 43.870289 
3 2082 2193 3370 90.595284 -33.099826 82.843645 
2 3143 3367 -41.293524 -89.691405 
6 75 329 657 1719 2368 2784 -70.017996 -93.002227 59.016945 -70.562589 -51.670404 -81.898854 
3 3151 4539 4580 58.175205 -12.087771 39.268057 
1 949 25.543036 
6 671 786 1232 2648 3422 3773 11.718656 36.702522 -37.934299 44.307565 -71.842555 -45.897411 
6 247 2397 2643 3053 3835 4770 49.790022 60.746593 -78.050452 11.750501 21.404020 -88.873573 
3 2522 2860 3946 -55.248523 1.161615 -36.194586 
5 387 615 1335 2193 2211 -4.399496 -86.399400 0.034786 -84.246702 -91.062475 
3 3274 3473 3661 -21.899771 -71.147422 9.455016 
3 3466 3767 4382 -22.915777 93.629662 9.023939 
3 3485 4059 4505 93.091705 14.281513 71.412566 
4 179 933 2229 4302 -50.509878 89.846765 83.617841 67.411422 
4 872 1607 3929 4861 92.516059 -78.842709 84.395028 -65.845603 
6 181 1744 2509 3726 3831 4486 -16.275126 -24.621793 73.532830 -60.072043 -10.153428 16.629415 
4 1702 3138 3558 4435 85.044348 -61.257387 65.378120 -30.853803 
8 710 1504 2181 2568 3577 4318 4391 4772 51.720524 33.190528 61.724825 -34.221970 -41.461934 70.615304 41.276057 53.667565 
3 3179 3214 3231 -86.135301 65.452495 -45.829030 
8 231 1165 1852 2206 3281 3626 4415 4455 48.196891 54.067557 56.903423 72.515631 48.608013 -45.973567 -14.566715 -43.926756 
4 56 380 1234 3537 66.814570 -76.949120 -57.676459 80.304262 
5 789 1006 3019 3964 3994 -94.103782 -90.229107 69.087815 82.214094 -53.749402 
6 434 1261 1710 2356 3659 4004 84.640152 -28.351735 92.163365 80.202460 60.621576 -12.831591 
6 280 1455 2709 2761 3546 4341 -1.025055 45.217582 -96.021954 -72.986338 -39.135237 17.680010 
3 2248 4078 4793 -59.495073 -40.782650 20.475916 
3 3478 3615 4908 -73.650006 -3.399797 -36.161398 
3 1489 4142 4325 -3.526889 44.701794 40.958116 
6 86 217 2077 2160 3108 4884 -49.415092 29.530080 74.280634 -29.534584 -45.214977 48.442005 
7 296 506 1636 1922 2630 3258 3770 -32.894412 57.077109 -65.496046 -91.523651 12.154454 31.539810 15.071913 
3 1870 2314 3017 -67.019645 70.187982 22.324761 
0 
2 1748 2330 -22.022150 20.915146 
5 465 1244 2700 2740 4646 71.529791 66.026513 91.469484 65.791662 -79.052032 
8 756 2448 2743 3254 3376 4072 4167 4193 -24.782853 0.423979 60.034337 -1.393064 47.831829 -85.613932 88.009816 82.745861 
4 163 416 980 2375 -22.798964 42.000620 -5.381732 23.330439 
3 466 488 4119 97.513305 33.613134 63.999439 
10 33 432 564 1627 1899 2438 3657 3688 4316 4357 -86.202272 13.994490 10.999147 -54.239310 18.872619 -23.267858 -18.582717 -76.163847 75.131802 -44.487914 
8 2078 3202 3451 3912 4035 4287 4342 4848 -26.851029 54.246263 -96.198629 26.959319 43.216045 -81.129434 -27.015910 -51.263333 
4 3685 3749 4627 4683 -19.872002 -42.376485 13.563173 -2.338272 
4 794 1932 3993 4807 49.572690 48.070834 76.971300 -98.257208 
1 759 67.247550 
5 261 284 1046 3596 4577 79.811318 18.318950 -54.809022 -41.146936 8.271493 
4 520 2689 3369 4300 97.899731 44.447921 -6.482955 25.907037 
5 999 2557 3749 4046 4900 -80.729025 -87.134832 1.379188 71.447424 -30.344100 
6 200 284 1744 2756 3396 3436 -44.269688 -84.504342 -48.410068 76.090627 56.653667 29.723924 
2 643 1514 -96.787503 24.548789 
5 107 297 2346 2837 3013 23.205568 -44.057633 98.589920 -68.622552 -78.715544 
9 707 738 875 2124 3657 3816 3868 4447 4973 66.737439 19.771298 -26.297900 51.764233 55.209267 -97.299875 79.534119 60.109107 -34.406331 
8 1277 1680 2240 3096 3606 4571 4580 4917 93.686340 -56.196364 5.416244 -96.737220 -52.863965 5.253792 93.695107 21.240722 
7 25 592 909 1215 1875 2720 3034 17.520749 74.826804 -44.319450 -70.524399 -19.669714 -38.423822 9.767540 
5 658 3421 4532 4533 4664 -37.611749 -32.282129 -12.676654 6.188866 -51.125671 
7 1117 1256 1316 2725 3173 3252 4555 1.369521 82.634244 -84.951036 65.181285 -90.495825 -37.074803 53.153669 
8 944 1086 2377 2576 2609 2836 3262 4299 6.821127 96.104686 -59.128044 69.569329 76.137401 13.651177 55.378278 93.509025 
3 2024 2826 4384 52.254730 -30.197623 -81.961800 
7 1245 1383 1533 2599 3362 3858 4974 -79.579442 -71.013946 8.524892 8.591024 -70.522229 37.482208 59.963855 
7 54 80 519 1802 3224 3623 3680 -57.736776 87.650273 -90.440789 43.144435 39.151900 34.224830 -43.388161 
2 69 1511 83.290920 -97.909505 
3 3183 4445 4716 64.406224 98.146434 -70.840195 
3 63 536 1747 -34.253754 -25.731448 93.141326 
4 1074 1749 4201 4580 -73.533681 81.437055 75.557140 37.629448 
4 686 968 1431 2317 -34.197384 97.369734 26.364333 -65.585262 
2 248 4228 -35.409084 7.885220 
7 161 496 594 1261 1653 2811 3683 47.833256 -75.092352 -97.047956 -83.122749 -45.087875 37.766880 20.444028 
8 216 281 998 2030 2553 2604 3839 4063 -43.608030 72.256232 90.368821 -74.189564 -11.594295 44.829655 -99.619342 -40.152747 
8 1509 3445 3591 3867 4010 4134 4756 4922 -2.820500 34.005256 79.491125 -40.059423 -45.741746 25.364983 -48.400125 -7.943894 
3 2772 2929 3862 -53.603490 97.052933 43.846654 
2 1672 4316 -54.693845 -90.350073 
6 97 772 1023 1438 3362 3379 -92.142670 -67.192539 66.084754 -94.196119 0.110216 -33.657650 
6 1371 1777 3228 3489 3729 3928 77.932320 -15.347303 -26.298861 -1.093237 -84.938780 90.597760 
5 431 1055 2791 3922 4942 93.108463 14.503343 34.658980 79.046966 37.734779 
7 1897 2285 2773 2912 2913 2949 4986 -23.349585 63.115553 37.953022 -60.379345 -39.800234 52.295326 32.247252 
4 1781 3183 3514 4830 -84.795077 -26.604756 66.812097 80.840271 
4 707 2006 2273 4189 -64.545284 74.786292 32.233432 26.090105 
5 248 250 790 1489 1774 -56.256264 -26.503897 -71.486848 48.219077 14.293402 
6 27 815 1389 2207 3068 3485 -90.129829 38.507638 69.411623 -32.272771 -47.798985 -51.987485 
5 229 1633 1985 2339 2701 -50.904828 -26.483613 -97.007634 69.152358 -19.595253 
8 1472 2445 2912 3373 3829 3951 4316 4585 -28.581872 28.218665 -90.910827 -34.456244 -73.540800 12.424881 -58.034232 -93.812115 
2 1896 4457 60.814280 -95.718480 
4 721 796 1258 4533 38.221584 0.020938 -98.574129 -37.405276 
3 1225 2686 2963 50.833811 45.464203 -97.586934 
6 461 2277 2344 3894 4612 4887 95.251434 -45.436525 -7.433902 -94.890694 63.992455 65.740634 
4 740 2542 3298 4798 -30.707765 -23.983949 -24.703227 96.765795 
3 1254 3048 3165 86.708046 57.792935 -95.111189 
3 638 990 2683 -92.106443 -62.961124 37.829493 
2 1138 2550 28.512215 -48.972431 
3 450 561 2220 -0.682314 27.534923 27.138089 
3 1086 2631 3624 50.344464 98.212992 -88.663974 
7 1511 2114 2433 3884 3943 4025 4136 -6.223375 21.416143 82.396627 -88.917936 32.173386 33.262229 -82.449760 
2 697 829 67.331937 12.576083 
3 488 1327 2022 -40.773629 51.697852 -83.337660 
4 222 3650 4646 4930 81.272632 -42.853878 84.743011 61.948963 
7 1381 2479 2615 3235 4029 4647 4979 32.028599 97.007432 87.569794 -53.037846 6.071786 75.366556 13.766560 
5 546 1295 1496 2015 2161 59.371124 -3.343432 77.723477 -75.642067 33.670732 
12 456 608 697 1291 1963 2104 2107 2419 3199 3976 4294 4574 53.256132 -37.495444 -87.529631 6.478299 51.835794 68.165717 32.929660 -70.022555 30.516490 -62.662090 -59.457516 88.824164 
2 1800 3260 -55.056439 94.392322 
5 744 2020 2384 3260 3723 -95.317360 -54.481227 87.197231 87.194797 56.227756 
4 3235 3534 3551 4136 -70.269798 82.559664 81.977948 -22.233251 
8 18 246 1169 1416 1713 2293 2857 3712 68.851037 95.279139 15.628504 6.710942 61.656660 -17.093581 -92.313484 39.175789 
3 1880 3302 4701 -66.043405 72.444499 3.899329 
3 1837 2563 2895 -56.611098 94.469508 -27.727134 
4 2189 2817 3310 4829 -31.919573 -98.186754 -31.520629 39.920170 
5 850 1242 4241 4489 4508 -59.738700 96.057358 67.423362 7.425427 96.507043 
6 1079 1450 1787 3002 3503 4398 -92.844389 57.560577 42.127980 28.450010 33.172839 -94.688044 
4 517 1181 2234 2865 -80.366093 78.536742 50.678833 20.448969 
4 3016 3464 4342 4998 23.609932 81.621852 18.134996 41.449797 
2 2111 2964 14.888341 76.760197 
8 170 793 1098 2431 3277 4126 4158 4193 -16.195835 13.521530 66.775252 47.474279 4.566929 49.037443 -58.794004 3.001548 
5 1418 2990 3149 4167 4527 -5.468333 -28.682754 -14.058878 -40.927155 -94.525398 
2 2695 3307 -20.391156 -94.948866 
3 2043 2104 4342 -85.191806 -31.973194 32.229774 
4 860 2877 4165 4924 41.260207 38.155121 -37.537019 -56.854090 
3 3913 4135 4955 -38.244240 -25.922630 -56.116239 
11 80 653 762 1318 1955 2074 2168 3041 3202 4261 4725 17.298984 -58.655657 -73.021495 37.828003 -46.194264 40.102464 -0.778678 -35.195240 37.758586 -28.952257 -69.679983 
6 322 978 3011 3577 4076 4347 -25.708925 -53.283478 -13.952985 2.119812 -2.428770 82.629429 
5 30 122 1043 1491 1992 -60.727554 29.318402 98.260911 82.157834 -51.092733 
1 4614 -12.799820 
6 386 1578 2814 2839 2862 3917 -58.102905 -20.952112 -30.036346 -82.810537 -49.768172 -68.356910 
8 215 646 1024 1327 1572 2053 3077 4805 99.495567 -60.472455 57.872186 -13.192202 74.483639 56.732752 22.289011 40.480961 
8 284 1346 1571 2212 3600 3823 4348 4510 -17.626917 -45.482205 66.856247 95.081314 -97.153367 66.019928 -24.379033 39.230196 
5 947 1200 1711 2251 2452 -34.840784 43.620726 57.907113 45.927166 -85.167289 
10 75 1354 1384 1728 1838 2039 3584 3829 4841 4936 14.864980 88.820851 73.102635 -92.848728 92.730444 53.605236 -34.333399 23.007976 57.198569 -80.360500 
5 63 1128 1986 3358 4863 -98.246244 -62.058375 51.720827 -7.956847 26.892723 
2 599 4991 32.807409 71.813717 
2 2378 2714 -58.870542 -25.679373 
5 461 543 2033 3560 3833 73.193855 -75.620504 -68.939147 -97.965324 -5.072731 
4 966 2210 2659 4060 38.184064 -92.621481 -70.963896 21.631571 
8 652 1584 1895 2515 2942 3114 3377 4287 9.645373 -51.717335 -30.590457 -54.960248 -52.618486 -94.840330 -33.177760 11.411347 
5 1903 3495 4326 4615 4977 54.226219 -72.548353 81.509577 16.988637 21.187972 
9 475 2109 2478 2711 2979 3262 3513 3967 4308 11.829544 -64.727104 -56.661995 66.749324 -99.084368 54.281970 -30.546808 -75.366126 -12.896101 
2 162 3974 -49.989499 -93.646913 
7 17 115 3000 3416 4027 4140 4851 91.448399 65.158346 -93.755616 23.992787 -71.223174 -50.334219 41.556646 
5 1426 2290 2931 4714 4952 -10.016396 80.025130 -77.858316 69.168886 65.464371 
2 4474 4776 98.210844 -82.701943 
2 3162 4907 -46.950960 24.414967 
5 273 674 3149 3371 4243 -91.930807 -86.612479 35.582566 -87.955905 -6.677034 
3 371 560 4984 -33.488120 -3.335745 66.891480 
3 199 2946 3540 -56.624638 95.685136 -13.683713 
3 1731 1905 2851 -86.759074 -39.344150 35.916520 
6 1412 1536 2246 2302 4274 4401 31.821211 -75.618087 -44.136482 -68.586367 90.503687 11.476405 
5 669 1067 1262 2063 2397 39.033298 -66.115654 -16.372005 81.255441 -51.145484 
4 1029 1748 2243 2400 -80.537782 -25.015112 -86.375719 88.611648 
2 50 3685 58.062490 98.033405 
2 3697 3754 -82.794664 -36.803672 
2 2025 2783 -33.464713 14.601930 
4 1678 2244 4181 4258 17.587300 11.822730 -13.544838 -41.238440 
4 1372 1535 2635 4183 -47.993832 -26.117410 -39.850470 65.454353 
4 1915 2465 3812 4965 -49.777311 -11.491093 36.842931 -1.529533 
4 92 1854 3843 4583 86.777648 70.501835 -12.847019 87.766665 
5 305 402 893 2764 4921 -49.530806 80.496521 84.273751 -72.531317 -95.870375 
3 710 3347 4826 -57.695693 94.229405 42.582628 
5 1458 1520 1761 3407 3683 51.673969 66.118267 -50.646350 30.502747 -58.162273 
5 208 743 1201 1332 1754 39.323350 -75.430129 -20.435583 14.336333 23.097509 
4 253 1679 3756 4539 -47.958238 59.555181 -32.102938 -74.776579 
5 201 2055 3282 3307 4064 -59.615261 -7.543969 94.819126 -8.867743 82.381906 
7 92 922 2198 2285 2551 3747 3867 27.772567 -86.942807 23.486142 37.513950 48.166490 6.133250 -15.396411 
4 802 1372 3006 4754 -56.048038 99.847224 -67.615635 28.785380 
4 398 1569 3895 4553 -89.080612 34.589163 77.778014 -39.644267 
4 1150 2223 3238 3545 95.719050 80.813111 35.362699 -78.744797 
5 141 510 1268 2021 4247 -14.399866 -7.835182 -29.501124 -24.711790 49.754800 
3 880 1630 3264 71.746075 51.508400 50.141809 
3 267 2067 2243 93.708154 3.906101 61.794374 
3 437 3338 3929 -0.543266 -69.123249 -26.971597 
6 1113 3335 3339 3370 3779 4237 -62.852316 0.840057 83.194337 -46.083404 11.940355 86.170303 
8 72 1834 2302 3206 4009 4415 4565 4735 -22.605356 8.555301 89.788385 -36.648428 94.606933 -86.276938 -31.286148 5.003275 
3 304 2185 2578 28.746442 -47.607066 -87.417421 
4 2655 3893 4035 4203 -78.118131 -80.972144 -84.730473 -36.532307 
4 2211 2945 4478 4697 2.043566 -2.084119 66.694284 47.512943 
5 1406 1815 2381 2925 3700 -71.720009 -8.031028 45.250136 89.595220 -60.594804 
8 30 351 553 2020 2631 4513 4615 4982 49.221232 -80.876559 92.840864 -13.266530 54.927576 -90.112962 1.720675 49.869062 
6 908 1970 2095 2843 4026 4383 67.886968 -60.138730 92.514913 -71.344252 -56.297837 -44.460676 
6 108 1598 2050 2172 3821 4279 5.237639 34.483920 -11.673038 -95.228535 -42.779409 14.052330 
7 105 684 2155 3201 3672 4240 4568 -72.693348 -96.201216 -26.607170 42.964583 6.798570 -11.162558 -42.049712 
8 1013 1872 2547 3501 3776 3963 4235 4604 -26.555425 91.245669 -57.907308 76.711265 -69.896148 70.477213 88.652173 -45.300920 
7 550 1596 2709 3173 3392 3448 3786 -89.758523 -92.843523 30.026671 -96.327559 -2.712930 20.567034 -7.726323 
3 3559 4550 4965 -91.820855 66.199313 -67.302739 
6 510 610 719 3439 3629 4182 -28.040374 -2.834171 2.272563 60.245358 66.788919 -31.572672 
6 541 3539 3781 3833 3841 3935 34.337273 -70.884961 -8.704194 -86.078798 70.660946 31.212868 
5 2005 2652 2810 3590 4609 46.674984 54.300182 -45.542293 -9.917359 35.020061 
5 1271 1316 3942 4283 4988 -23.224553 -0.908781 -31.259219 -92.220928 -71.597227 
6 135 602 2517 3133 3529 4787 63.443000 35.245997 20.009429 51.726235 55.653934 -52.287492 
7 20 643 1423 1921 2669 2679 3696 -42.060219 47.303402 -97.327193 65.878023 40.076640 -8.741706 23.382771 
3 1104 3050 4396 -97.104302 2.696035 83.867408 
4 1058 3161 3872 3899 75.818962 48.316532 1.992652 38.053028 
5 507 2463 2692 2901 3808 -28.225208 27.624887 -84.869397 -87.082158 73.990006 
0 
7 1179 1545 1676 2486 2864 3321 4819 77.745751 -20.376287 13.998939 -42.637670 17.091296 51.321338 -29.181378 
4 2531 4271 4452 4969 22.997092 38.970394 71.487157 -65.565299 
8 391 518 539 541 2002 2215 2823 3980 -62.167742 24.508504 -46.894667 -41.144598 -74.016184 4.063293 28.685820 94.339066 
1 3704 -65.529373 
6 1555 2385 2631 2814 4306 4607 -31.007644 -1.694691 -96.293825 -72.118633 80.255404 75.811921 
5 851 1671 1856 3221 4812 91.429374 19.002277 -18.842293 -43.115407 60.934634 
6 427 966 1909 1994 3125 4584 -90.658483 -84.522448 62.664931 -92.930689 10.239359 7.732914 
3 91 2253 2582 -58.289295 -53.053912 61.089531 
6 394 1647 2169 2289 2468 2518 16.621087 18.679895 -20.982497 -47.894654 -77.481855 41.324224 
5 337 888 1837 3398 4676 -81.678620 -14.717968 -10.831471 69.084991 90.170624 
4 670 3177 3691 4565 3.244269 72.811626 -0.365576 -21.135904 
5 537 917 2635 2745 4143 -51.270849 -70.177130 -22.888881 77.096990 22.892793 
3 253 3750 4588 55.305323 84.189232 -48.975630 
3 1472 4234 4724 -76.322978 90.277876 85.292359 
5 1508 1621 1815 2218 2325 12.708869 85.411856 21.559024 -96.442450 -8.648795 
3 854 2386 2628 -9.394939 90.366982 21.278566 
6 388 608 1839 3236 3590 3605 28.809544 69.910988 -36.104857 83.965499 -96.939794 -71.167780 
7 114 2609 2682 2733 3801 4446 4642 -20.464339 80.381221 79.048307 61.972290 -91.082638 48.384333 -92.985554 
10 1047 1806 2793 3035 3143 3421 3771 3908 4587 4827 89.712780 45.107627 -85.921517 -93.854414 -14.715875 -92.590422 93.203872 -3.446599 -39.102938 38.511122 
7 50 446 496 970 2709 2826 3063 57.791167 -28.809390 -28.680003 -10.824889 -66.877247 -82.744503 -50.517056 
1 3044 -86.459868 
5 130 440 1779 2836 4931 71.241741 55.295139 -46.437785 -13.066269 -7.994787 
10 847 1142 2520 2980 3383 3527 3680 4220 4651 4896 -37.717617 55.248959 54.229546 81.275205 -95.845190 -42.565672 6.084378 23.218252 -90.894863 -34.384168 
6 249 1053 3013 3734 4007 4091 11.127804 57.328644 16.055369 -96.619832 -65.787768 -89.214179 
4 531 2084 3621 4720 70.026953 90.629320 -89.947335 93.009754 
11 806 1384 1511 2004 2006 2580 2816 3152 3510 4544 4990 -42.766708 0.783142 11.194333 45.643968 -81.283655 -92.634316 -78.757079 0.151218 17.077898 -66.359909 90.420336 
2 1294 1573 -8.112304 -71.787923 
3 2437 2926 3498 64.651467 -90.513750 89.790992 
9 857 1563 1982 2150 2906 3063 3705 4485 4556 40.198216 80.389181 59.745329 65.959815 78.193162 -93.067874 30.896125 67.833577 -50.013892 
4 443 799 1345 2978 -86.313839 49.770135 23.323975 64.467740 
5 958 1991 2866 3226 3336 45.298641 81.888690 32.315833 -12.594111 -79.294613 
4 410 2913 3359 3589 -12.891524 -12.027713 87.093741 -78.447728 
8 578 650 889 2459 2569 3227 3708 4655 -52.501674 75.510352 60.754746 61.436585 43.044731 -1.582641 51.008630 -66.481656 
8 53 330 445 2658 2759 4485 4570 4968 -36.955004 -79.076137 18.258500 54.820591 -74.006472 49.885516 81.503103 -68.731769 
7 502 1871 2650 3533 3605 4091 4243 -27.403100 6.182594 -39.455097 -0.034208 -19.837782 48.370156 -88.504397 
5 555 863 1359 2423 4878 89.557570 -62.945990 -61.094764 82.250664 73.108192 
5 2281 2610 3580 4380 4460 71.050671 27.142183 6.339573 -77.139154 10.286751 
4 391 1117 2995 3080 2.487361 -51.341311 -6.701174 56.952889 
3 1727 3460 3853 96.793328 -94.552586 97.574864 
2 2768 2980 58.881595 -53.390941 
6 277 615 2568 3502 4647 4942 -26.928723 -86.181590 47.835168 81.105831 -26.685878 -35.416230 
10 111 465 556 687 1412 2217 3673 3914 4271 4426 -69.420473 -75.746389 -26.865374 44.271341 9.473427 -19.457104 13.302350 -85.052039 87.264413 92.430250 
1 2255 -94.470116 
4 400 546 3651 4853 -96.826477 -90.348153 45.021835 78.699100 
6 188 429 2876 3514 4271 4549 32.802295 1.147872 68.401795 99.074179 16.310496 -89.796746 
4 516 1844 2776 3396 -13.222329 49.449014 98.972764 37.627207 
0 
6 239 1318 3493 3588 4105 4853 -21.056333 -17.306601 64.213265 36.953282 -2.204128 69.790781 
3 1957 4191 4764 37.237007 24.000936 -12.965330 
7 521 1220 1851 1897 1926 3122 3614 85.397337 -59.322764 -81.003199 -50.935918 76.663820 -14.365619 -7.769620 
10 561 564 670 1232 1305 1574 1860 1958 4612 4865 23.708428 -95.136981 40.168001 -75.648322 -47.443765 43.940644 -73.803386 28.421064 -50.061300 61.530701 
12 227 764 908 1634 2009 3162 3475 3721 3761 3849 3921 4258 -37.232425 5.217175 -32.592441 -24.395645 82.472566 -43.638270 -68.736151 -97.636296 87.211950 -81.270810 -94.165216 -79.015179 
2 2112 4489 10.444241 -30.969394 
7 32 1235 1424 1602 2421 2503 2775 16.411971 -87.768629 -10.284759 -54.265755 -89.129965 -68.473954 16.488708 
7 191 297 1328 1645 2192 2279 3541 -65.789808 -4.450048 -64.082106 72.326295 88.371628 -10.798346 -64.931925 
5 871 2086 2948 3573 3876 -42.320355 13.265047 49.478046 -97.247183 43.660769 
4 187 1849 2661 3977 8.719192 13.420269 -27.809835 -29.448310 
3 24 952 3549 14.377228 12.432515 75.118848 
8 252 2161 2541 3266 3276 4464 4615 4978 18.124571 65.691789 -11.825987 87.360672 79.307973 92.978921 51.856084 -39.804391 
5 186 1336 2668 3988 4060 76.481520 -19.773800 -86.072160 29.573989 42.237585 
5 11 2592 2727 2838 3240 -86.822671 0.185520 -76.221328 7.387174 12.122934 
3 389 3243 3491 -48.376912 65.519486 57.134256 
5 150 1563 1763 1829 2152 19.343614 -97.385003 -3.583424 13.072265 -71.568097 
7 636 2009 3132 3459 4370 4485 4751 78.962480 -49.875727 36.235012 -76.114219 -10.654809 -50.055001 5.522881 
7 307 1363 1987 2181 2735 3119 3278 -60.895281 -34.183619 -81.363749 23.909079 -86.101342 -0.280748 -25.170888 
1 2686 -58.431149 
4 426 921 1069 2851 -61.970350 -45.716620 87.651310 -33.920128 
6 192 596 1074 1212 3549 4196 88.853569 -23.195908 71.213935 25.451818 -17.135365 44.405968 
3 100 2580 4862 -60.353026 -56.405073 53.043114 
2 2689 4621 -14.159639 71.514389 
8 1969 2117 2341 2591 3230 3402 3747 4237 -57.992982 86.708543 -5.191233 -27.442405 -87.143086 -21.559415 -39.748973 61.030340 
10 53 1410 2121 2174 2759 2925 3187 3567 3744 3966 99.454291 -44.445146 -20.956702 32.746029 31.811619 41.130701 -72.422921 -13.930002 -19.253826 13.173891 
9 654 902 1239 2116 2949 3327 4051 4133 4750 89.066986 14.623463 -20.308498 23.514079 71.221058 53.513788 -3.420237 -25.780494 -16.272831 
7 36 2035 2768 2988 3563 3757 4943 -19.552544 7.524157 -79.673481 -51.835716 51.028909 19.003530 22.073161 
2 2854 4691 22.177485 57.838728 
4 1527 2950 3966 3977 2.328798 -6.286163 -5.651915 34.181697 
9 131 1653 2692 3022 3198 3680 4192 4580 4587 78.748348 47.674373 -35.351942 55.429323 -95.332283 4.599654 -0.655189 77.634154 -60.058733 
5 1629 2714 3911 4399 4814 -74.613514 -48.482734 -22.828290 47.363152 17.904258 
3 1037 2118 2536 20.367502 5.482053 -61.404342 
1 3762 -64.577673 
2 25 2299 -48.143051 56.153086 
4 205 361 2840 3007 71.833730 70.797721 73.443303 -48.792235 
6 1706 2653 2858 2887 3173 4717 43.828154 39.099600 10.948453 -38.318526 56.993937 -28.371055 
1 2621 57.308609 
1 2601 27.147509 
8 251 1281 1328 1340 1456 1698 1805 4917 -18.157505 -15.509760 3.692789 -62.305785 -29.853157 -86.458828 40.142236 68.721711 
2 1853 3148 -88.478399 57.417385 
2 741 1506 17.615141 -36.327388 
8 1599 2426 2731 3504 3631 3998 4649 4876 -91.350762 -60.592901 57.897704 -12.952218 84.372475 -77.388250 80.352313 -93.831490 
8 255 705 806 993 1593 1807 2156 2329 63.455533 -90.840092 83.566687 80.059024 76.081013 4.023695 -71.046390 -13.885672 
7 989 1265 1935 2131 2580 4369 4809 -10.033140 -88.476987 -35.347162 18.409669 -33.423978 -67.732995 16.051139 
5 122 409 654 1336 2903 12.064599 71.068787 -23.290012 98.094212 -8.293755 
1 169 83.917907 
3 3547 4237 4432 0.535810 -36.737579 -21.348750 
6 1236 2664 2989 3529 4396 4744 77.476774 13.366837 -51.875720 -78.370530 83.304110 -81.922701 
5 490 603 954 3294 4219 13.978803 -57.513737 89.001947 -40.472831 -87.936369 
2 66 2118 -7.681660 76.085565 
4 3 490 3315 4183 -47.634723 -7.075246 -14.791464 -5.078674 
4 496 749 2288 3156 68.833833 47.693557 29.594538 2.210446 
0 
7 1349 1470 2434 2607 3864 3956 4840 25.324842 60.645676 -24.538912 -72.887164 -14.995420 -78.970612 64.248154 
5 152 248 319 806 1118 -63.764335 -7.521050 -17.534521 96.589691 -21.085406 
6 1621 2061 2094 3336 3621 3787 -42.791160 -55.638397 24.721246 10.443282 -26.116626 -48.095791 
4 1453 2072 4169 4602 -7.463183 98.345231 56.969109 32.202323 
5 741 872 1730 1775 4336 -18.080691 34.984185 -47.569111 -53.623931 -3.067808 
3 726 1913 2233 68.809655 49.780656 26.242479 
6 193 1083 1096 3114 3397 4606 12.601822 -47.130814 -15.700775 33.420193 -81.402920 -37.115623 
1 3442 -26.556581 
4 697 1616 3373 3582 83.686764 -98.422194 25.591971 -37.526249 
3 606 1357 4291 11.803947 4.813894 53.387645 
10 221 389 1805 2076 2368 2742 3774 4554 4591 4761 92.211767 -70.247163 -0.827439 -56.653578 17.276350 25.964961 97.994539 -22.296598 40.986447 16.641212 
9 183 1160 2182 3336 4037 4089 4310 4499 4780 -92.556641 -7.208917 -97.066326 -32.991187 -17.541815 89.158958 -52.259423 -10.823547 77.695421 
3 4175 4254 4439 -52.683148 -42.025309 -63.709904 
5 2138 3082 3929 4319 4596 -12.865250 79.869747 -26.381094 64.689619 68.793190 
5 307 704 3670 3983 4133 88.441776 -52.891405 -6.659323 72.708775 16.005458 
4 1379 1642 2429 2501 -95.191085 -50.667918 -68.496108 -52.554415 
3 1452 1550 2018 98.326001 -27.304521 -38.680142 
5 343 588 1896 2201 2346 51.608683 60.717552 39.603966 -95.771576 -4.263733 
5 852 1735 1878 4440 4538 78.798456 -59.697672 -96.716474 -45.938789 -27.371634 
4 672 2639 3376 3983 86.882168 -34.904917 46.418313 46.108436 
6 255 1048 1068 1153 1456 4578 25.268903 93.843775 -52.429280 22.640250 -60.506682 64.355613 
1 4474 -63.998038 
6 610 659 2201 2276 3032 4632 36.260992 37.875174 50.725187 -55.245150 -96.644747 17.582883 
7 53 1845 2191 2855 3526 4100 4806 -11.681699 31.003301 41.610888 -44.436020 -69.944174 -56.076633 39.006559 
6 1974 2483 3023 3496 4457 4798 70.713784 -72.853690 -33.258366 -25.569116 -78.654862 42.084463 
2 3954 4700 -32.836800 -78.655437 
5 1509 1725 2599 3099 3941 -85.531465 -62.069278 54.411225 98.595692 -30.074992 
4 366 930 3225 3483 -21.383423 8.598915 90.952049 -30.725017 
4 264 2155 3187 4609 84.056237 -59.839818 -29.216501 -16.668193 
3 789 1984 3507 89.691918 -37.494036 -86.820717 
1 1179 2.670116 
6 211 2352 3710 4005 4034 4913 42.552279 -42.291760 -58.953355 28.157859 -69.102328 22.896345 
2 241 295 -44.610609 71.371157 
5 209 1533 2386 3516 4649 -52.495412 -29.273956 94.335315 -44.650906 37.433265 
5 978 1465 1790 3604 4087 76.199936 11.626954 -81.024961 74.274246 -83.667106 
3 719 1052 1490 54.903898 88.658122 -64.510814 
9 266 895 1004 2365 2459 3224 3958 3996 4520 -37.683455 7.787137 -93.926923 98.448140 52.037717 98.142590 51.801492 -17.411097 84.390171 
5 86 1491 1765 2101 3253 30.876320 67.504701 -91.804022 -20.163378 79.358847 
5 305 1154 1612 2407 3007 -0.363087 -30.683586 60.947985 76.693565 -18.629239 
1 2424 -3.225999 
9 554 1036 1204 1303 2241 2345 2811 4601 4720 7.347405 30.158682 -23.446606 -74.996812 97.680495 -72.488999 31.521923 -19.945719 -18.825489 
4 1041 1383 3304 4500 34.500562 -77.231018 -80.571672 41.738347 
7 38 178 271 975 1100 2747 3285 45.785243 91.454516 3.683038 -16.801604 42.568611 -95.719080 -13.194771 
2 2075 3338 2.833333 60.031619 
7 343 1119 2125 2425 2968 3917 4484 -22.194743 70.546539 56.188603 -98.492956 93.871848 28.199442 77.988937 
4 2626 2740 3545 4853 -60.614041 -97.038361 22.112493 92.299187 
3 1014 4881 4978 -11.920284 58.017861 -56.108914 
3 250 3274 4582 -92.003442 -38.122122 99.934158 
7 132 507 2501 3432 3868 4855 4985 -2.559141 -22.107935 -71.233856 59.599258 15.255843 47.824685 92.036578 
3 2487 3794 4604 -11.442170 -36.886252 58.943357 
5 349 1132 1235 2227 3460 -85.572248 -78.944238 46.029257 91.227614 -47.596683 
3 3717 4161 4205 40.191431 -57.496055 3.764868 
6 37 1249 1268 3079 3582 4752 88.815132 91.873765 -53.600252 15.891178 -6.073535 61.123218 
3 1031 2494 3563 51.677696 59.217666 -35.170040 
6 838 1839 2213 4505 4773 4943 86.550032 61.953837 -35.502176 -4.362813 -91.437068 52.909769 
5 615 2138 2552 3545 3956 -18.795776 84.860794 -69.441332 -1.297999 -54.585835 
2 235 3012 -21.379243 69.541380 
7 225 1233 2188 2427 3475 3654 4951 59.286509 92.735600 40.434857 -97.554894 -23.221400 -27.117857 -66.501512 
4 457 1377 1591 1620 40.253454 -76.393145 -93.920161 43.375563 
6 120 610 1585 2434 3696 4347 42.506639 -35.289670 -32.912841 -24.599077 -14.623298 -83.447356 
5 128 712 1100 2445 3069 -21.707266 42.755944 98.970955 -95.485354 30.528175 
3 728 1466 4173 36.337756 -27.364303 56.857450 
2 949 3176 -18.434385 -72.109140 
8 218 820 957 1015 1378 1972 3553 4027 -47.489273 34.002166 48.811760 -21.691177 -65.560927 -50.127040 2.199471 -12.721343 
3 670 2244 3507 3.093649 27.956747 94.001226 
2 859 2914 -93.710256 -55.110936 
5 1244 1675 2587 2971 4304 9.569296 -89.564096 88.892053 71.980635 -15.656372 
3 660 1294 1800 -72.211785 6.940923 65.527501 
7 559 816 2321 3386 4315 4424 4863 65.270152 -23.245680 -80.133405 -13.270666 14.855138 -26.080504 85.428354 
5 553 2959 4166 4659 4669 4.329665 -47.788984 18.242455 -98.075185 80.857395 
3 803 1920 4625 -72.021791 68.813251 90.011766 
3 39 2069 2361 -60.411977 0.433199 -68.754974 
7 178 1749 2184 3096 3151 4479 4835 25.023796 22.053102 15.993096 -2.777270 -43.837324 9.457106 1.585273 
3 1534 1557 2812 -84.944633 -55.456355 -78.074751 
6 989 2477 2895 3108 3704 4932 72.226575 -58.391991 53.432897 -60.130595 85.412022 -57.659663 
3 625 2486 4582 48.540561 79.341337 72.718602 
11 22 598 1318 1808 2327 2355 2407 2672 3162 3203 3408 -27.052103 43.205105 25.451616 2.511725 29.781823 -39.360234 26.174119 78.043336 -90.939061 -49.537923 1.641101 
8 302 937 1311 2175 3093 3556 3610 4324 16.172048 -35.508006 -2.428018 51.817310 26.341706 7.013905 -30.546497 94.591334 
7 1019 1889 2170 2223 2942 3037 3690 89.067842 -52.855102 15.136362 -51.380747 -70.754605 -90.847702 -18.981507 
3 887 1029 3255 -40.664772 55.578408 29.477976 
5 462 1233 3214 3731 3744 -8.570798 -23.587499 -32.499098 -3.036276 59.029240 
7 389 634 1411 2406 4275 4886 4996 -16.058034 -49.432952 -66.193806 60.161964 91.108977 -71.050871 -3.398704 
10 42 549 719 1265 1356 1469 2021 2145 2637 4453 72.966274 -94.113167 -22.084177 40.000616 46.927990 -5.742659 -33.498727 -24.002603 -60.829932 -13.660668 
3 386 1726 2603 32.849105 30.207110 2.394932 
5 1527 3990 4122 4474 4971 -23.062717 -70.103898 -13.600139 43.880539 -45.465001 
5 1562 2060 2524 2898 3319 -88.271721 32.335939 5.054092 -21.075655 76.377959 
8 45 887 1298 1789 1907 3513 4223 4504 11.790029 -88.925461 -95.388939 4.507197 66.602211 62.903934 52.734108 -1.677724 
5 434 1311 3492 3501 3955 29.975098 23.323807 -17.037313 -86.399982 -71.655684 
3 933 2023 4695 -12.473568 97.993829 15.930050 
3 987 1054 3218 48.273990 5.049291 23.906459 
7 800 839 1130 1445 1472 1940 2646 -4.021077 -56.816695 5.898763 88.163032 -47.720032 -83.742844 -8.232168 
4 333 595 2584 2764 38.278380 -96.919240 -33.874595 -88.487397 
7 37 594 2004 2110 2216 2783 4293 56.751764 66.394760 -71.090516 -66.153672 50.838302 72.275570 -90.113938 
5 1326 2267 2867 3113 4248 32.968984 -92.439003 79.685594 18.606693 63.026475 
5 145 2580 2772 3194 3267 -99.628101 -3.284232 67.536456 50.354291 89.271727 
8 170 353 442 1893 2401 2494 2791 3057 52.894655 -72.326191 57.211019 38.605018 -3.060772 65.826523 -48.370706 27.979661 
4 118 718 1598 3034 -55.178745 -22.717773 -93.995692 -90.798933 
4 90 2616 4615 4822 -86.488205 -84.646583 63.032700 99.392282 
5 521 625 994 1191 2564 45.788313 -69.879365 1.300173 -85.932869 67.304381 
5 200 1820 3256 3301 4792 28.486101 -3.674591 44.329713 -35.294766 -56.413554 
5 731 2298 3895 4454 4973 89.709330 56.339530 -41.058380 81.892212 -33.393846 
3 395 1037 4692 95.400937 -81.752204 56.788437 
5 605 1376 2751 2863 4854 10.684659 37.230644 9.765965 38.369173 43.986056 
5 1191 3274 3762 4515 4817 -17.724497 -3.034756 98.550280 41.920781 -63.486586 
4 1345 3001 3841 4944 -38.932059 37.753232 8.348596 -18.235733 
8 714 1254 2330 2510 3200 3251 3521 4248 -70.899502 32.029055 -31.017526 46.213461 14.587739 82.800367 -46.486371 -1.563543 
8 1198 1560 1937 2342 2939 4079 4279 4661 16.138717 -8.210497 48.754497 -81.561874 41.228597 18.991545 -23.199507 -0.805792 
7 2296 2794 3238 3847 4220 4452 4639 -45.105251 -57.287944 -4.839129 17.512061 -86.115667 84.107599 3.633170 
6 1167 3166 3633 3662 3858 4644 2.046155 54.031514 20.528066 72.747972 80.750224 -85.826273 
3 49 1404 3032 -19.229008 -82.644976 -76.749871 
4 203 3222 3627 3930 15.155882 18.650596 6.324231 63.840498 
6 164 207 2527 3146 3336 4334 -21.460099 84.535951 81.735723 -48.100556 -35.774260 -95.727489 
8 1682 1985 2382 2537 2795 3996 4410 4628 -87.116571 -96.506599 -24.990515 -62.682883 -76.328583 -11.270440 -94.191731 95.258616 
2 659 1753 20.304925 -73.888294 
4 233 2439 2904 3959 -76.715160 91.597817 -33.272729 -46.733247 
9 170 249 427 750 1674 2894 3586 3608 4296 -43.220992 -49.383093 27.077816 -91.997674 -13.403831 80.598011 31.446733 -84.069338 -4.777796 
4 255 2519 3654 4037 -68.294815 -28.079139 98.557335 71.185879 
2 329 2400 53.518457 25.447417 
6 145 256 1755 2270 3279 4721 29.187243 -55.267974 71.291991 95.112851 75.811690 -98.279040 
11 240 1371 1498 1902 2754 2958 3329 3651 4135 4318 4553 99.234844 54.198012 -92.281411 1.830416 98.053446 90.322189 -72.820283 5.263343 -44.289195 -72.421052 -51.634742 
1 3098 1.368653 
4 217 2079 3740 3775 29.348122 46.100209 -24.510807 -26.645116 
3 1475 1625 3089 64.342038 -68.061020 -93.190355 
9 105 231 652 888 1921 3053 3304 3906 4582 -87.396677 -8.455125 -10.581726 -66.217865 -33.655523 -48.098949 -25.645316 59.994037 -5.354346 
5 1021 2256 2730 3663 3708 -6.457405 88.831267 -67.128417 -46.142322 61.042511 
2 10 3437 -2.341314 91.145698 
4 823 950 2252 4824 25.526991 -25.816257 -68.435905 34.121685 
2 1814 4071 -39.179358 53.230280 
5 526 1732 2872 3740 4237 86.884684 82.439082 2.187764 -83.150800 24.095353 
4 435 568 3418 3804 90.448010 27.595082 -78.051787 68.442004 
8 169 822 997 1964 2115 2215 2562 3112 12.101115 -77.149344 74.616700 25.683933 8.534870 8.445016 -6.556829 -49.331416 
2 1349 3682 -48.611533 -80.063174 
4 633 1885 2975 3829 -93.702122 -97.260397 92.924188 1.221436 
10 104 404 783 884 1647 1768 2599 4173 4341 4406 -34.579057 -68.038244 -77.949501 58.769111 -8.087169 77.990222 50.836183 93.327819 -82.873165 -1.109674 
7 228 538 1426 1648 4227 4379 4696 22.990808 54.619713 63.022810 22.693754 10.892344 78.942928 -84.628764 
10 8 613 1019 1152 1535 1912 2593 3381 3967 4972 -25.818726 26.664569 -5.909420 -44.425028 -94.978473 45.273600 20.523172 62.533071 -41.606557 -30.154771 
5 64 606 2004 3137 4190 -12.421116 28.505365 -53.483142 96.183834 -84.833459 
3 1054 2026 4208 74.054846 76.495617 77.920979 
4 193 1881 2743 4712 -59.508613 -37.102680 86.406551 8.227043 
4 700 1054 1554 4583 -64.155120 12.604588 -65.911715 57.849096 
4 10 619 2780 3648 -75.770136 82.757422 1.458203 -38.295581 
2 2278 4967 -57.121973 -88.297752 
9 1301 1502 1769 1800 1979 2513 3497 3546 4383 -0.543606 -38.657080 32.934004 -50.954590 -31.381236 44.195416 81.337311 70.443666 -93.229471 
4 925 1287 2276 3902 97.277298 -10.901582 32.778986 31.119142 
7 862 1657 2741 2803 2821 3175 4623 67.690096 5.099230 -42.262013 -0.869055 90.696431 -73.101130 74.980772 
7 67 1301 2091 3822 4295 4550 4774 71.692675 47.412019 -2.462110 18.416132 -66.996112 42.446628 86.393616 
7 487 745 900 1450 1486 1730 4977 -46.548516 32.300437 -23.301615 -21.619454 49.450977 -53.143890 -79.974718 
4 626 3683 4266 4447 -44.395001 -34.641604 -19.073084 -80.830712 
4 739 1378 3353 3406 66.662953 66.310374 89.669233 -35.912919 
6 1705 1977 3107 3158 3434 4157 47.189204 83.059793 -90.405864 75.564240 -70.952193 14.127985 
5 303 874 3670 3839 4304 26.951280 7.897970 48.697119 31.750491 49.683149 
2 1091 2493 20.077646 -0.556752 
4 757 1572 2235 3124 -27.710101 -93.992489 97.220749 -98.036260 
2 1477 3654 -96.116797 -22.059206 
6 8 134 429 1310 3232 4565 -35.972861 -10.874145 86.261264 49.375647 -16.720536 -19.539648 
3 1192 2831 4628 73.468384 85.474697 77.258947 
5 25 67 98 1176 3259 -54.787909 88.819523 29.831665 40.896735 2.298794 
3 2400 2560 3759 -10.813157 -18.146820 -78.831741 
3 176 1154 3308 62.467444 23.300126 -24.387449 
4 1909 2175 2454 3222 75.964263 63.714356 -94.937516 -68.753287 
3 1976 4498 4767 42.292792 68.182235 23.333629 
3 479 1447 1747 -72.330726 35.496707 35.000927 
2 1180 4062 89.831351 -57.139975 
4 2194 3381 4254 4584 93.896837 76.626565 89.684794 77.924336 
4 1194 3466 4165 4406 -32.385617 -80.497747 -68.893349 -82.980860 
5 1651 2066 2377 2787 3200 -18.375486 -7.556201 -84.109263 4.405218 90.293668 
2 413 1790 -24.126495 11.148290 
5 369 1324 2445 3332 4021 64.715132 41.978739 -33.911486 58.323128 -90.694663 
5 1003 1420 1595 4356 4911 -76.222176 -35.144176 1.409408 67.238918 49.234322 
9 163 1004 1851 1930 3212 4054 4073 4258 4899 45.703464 79.113720 96.336967 -18.802748 -17.452605 -30.903335 -39.284644 -64.068095 14.886050 
4 1089 1234 4354 4846 30.157529 -21.562900 -50.294834 64.506446 
8 147 374 2275 2360 2688 3376 4964 4991 55.658925 -48.754375 76.473618 -46.093851 -23.936957 -13.656579 -62.102561 29.157124 
9 305 847 1217 2039 2488 3184 3565 3927 4548 -65.498636 -88.867155 -10.944862 -76.075590 -98.361197 -46.604203 -93.960938 1.918595 -90.313448 
9 0 571 851 1417 1930 2458 4074 4690 4715 70.576505 87.339752 3.696910 -0.346350 98.005319 5.729651 62.807456 92.166375 89.016736 
4 1064 2062 2811 2845 14.401009 61.857307 67.811769 -10.752873 
8 2533 3190 3279 3641 3724 4158 4201 4669 71.819148 46.798678 -77.857769 42.470236 69.123333 69.177165 58.520740 -54.982165 
7 624 801 862 977 1645 3470 4003 -67.377792 -50.158229 92.123217 -5.546409 51.001016 -70.604706 37.784611 
5 315 573 1676 2366 2544 -15.027721 -37.004518 -32.175203 3.603239 96.726232 
6 539 561 1227 1994 3067 4409 46.279744 4.832809 54.850546 -36.839034 73.723307 -38.020710 
5 727 1026 1978 2635 2795 -65.551356 94.576323 -16.005509 12.684664 49.041082 
6 1248 1492 1835 2384 3460 4955 20.933366 8.456509 -36.913639 -20.320044 -77.636273 98.629749 
4 799 1089 1271 3934 17.736152 27.514683 -18.900200 55.953964 
10 390 781 1628 1887 1888 2354 2678 3654 4647 4682 37.240557 -37.460087 -46.100476 46.918713 -22.280818 -4.597270 -15.051300 -81.880764 97.926734 80.493837 
2 2067 4524 96.855493 -36.895237 
3 1543 1775 1849 -24.314672 -61.327245 96.898254 
7 1129 1554 1737 2168 2762 2875 3163 -18.325259 -46.158625 -48.582236 -50.589533 -29.518268 80.308795 -0.931762 
3 2305 2812 3592 -34.003172 29.741630 -78.711887 
6 218 508 971 2771 3383 3697 1.151099 -24.628487 -99.133413 37.505300 -0.843443 -10.784966 
7 446 529 835 2249 2492 3750 4424 -66.630552 -37.251817 -67.897778 -74.088594 -83.417646 -33.193792 -16.719709 
6 1192 1534 1854 2091 4434 4505 66.995686 -89.027311 95.448504 17.822049 -15.436126 -61.538010 
4 1078 2376 4411 4691 -4.626278 2.623498 25.415653 -86.647274 
8 179 288 449 522 867 3131 3623 3687 77.611042 90.903180 -21.813116 31.249492 -1.788386 34.387177 45.850675 -29.592057 
8 114 232 1830 1916 2189 3110 4725 4962 -79.425681 -16.514727 -71.237801 -18.512465 -61.292585 -30.732535 27.546970 26.618425 
11 433 964 1003 1159 1255 1629 2875 3853 3877 4262 4452 -66.678229 -98.778492 -92.047040 83.722008 -18.642074 83.974149 -41.024994 1.248156 20.870427 5.236431 92.340866 
2 801 1012 -37.207064 58.240462 
6 43 422 1642 1806 1872 4046 -61.369105 -71.441685 2.218697 -97.708125 -32.450531 73.609588 
4 1821 2352 2568 3023 11.211636 47.189519 87.858371 36.085944 
4 1220 2263 2788 3900 -88.041631 -28.107765 62.886797 2.014328 
9 262 900 2190 2329 2917 3732 4002 4308 4708 -97.743909 -45.842151 -99.718320 -86.316410 -78.451828 10.165327 2.444900 52.492777 -20.187492 
3 444 2437 4828 82.096807 49.579634 -16.513523 
3 261 2082 4857 -97.808137 24.619214 65.497444 
3 1771 2221 2376 -37.030573 54.942462 63.971595 
7 957 1941 2123 3621 4005 4611 4632 -20.833301 -75.152550 -17.047787 8.371083 70.297530 78.149636 -51.996396 
2 1180 1311 90.343768 96.403889 
5 635 969 2662 2952 2982 -58.210584 3.858056 23.086941 39.793053 85.339633 
3 141 2014 4155 6.844586 -18.923129 -1.682719 
6 6 1686 1865 2023 2413 2597 -28.246787 -80.988333 -71.539334 54.138601 95.538467 -70.588522 
4 2183 2566 4363 4871 59.315548 83.483677 -31.162719 -95.622770 
4 916 2271 3256 3408 29.112341 -29.738118 -32.119439 38.365032 
8 314 1786 1891 3133 4300 4377 4463 4864 44.639756 -16.923759 -88.207875 -38.943918 94.135957 -98.051456 8.143246 40.449355 
7 579 946 1171 2354 2638 3379 4268 99.943962 -93.342589 -35.397755 10.584169 51.640803 49.097510 -29.703713 
5 759 983 2271 2362 4618 -85.911494 58.844132 -60.556158 -91.543591 21.347638 
7 1076 1377 1483 3436 3931 4106 4369 -1.233082 40.419037 55.566533 95.686372 -3.540416 35.180079 -91.025642 
7 1053 2664 3084 3341 3549 4553 4710 -0.301333 -90.763185 68.923022 -67.652485 -4.135974 -8.469750 29.739281 
2 261 3987 26.623092 -23.789111 
4 1227 2347 3289 3317 98.825235 -74.805921 38.868369 23.309006 
5 2973 3222 3616 4309 4639 87.206769 92.315796 -84.074037 -91.226289 -71.943946 
4 1758 3097 3240 3256 31.829531 65.694618 -7.859668 -50.207195 
4 2169 2816 3009 3064 -72.521043 -5.477694 -76.041911 6.985486 
4 13 1117 2396 2635 91.266655 -72.014033 23.785784 -56.666984 
5 1344 1600 3123 4173 4446 -46.423169 -52.178768 -17.455796 72.800655 -8.408978 
6 303 966 1723 2449 3069 3345 82.944706 63.285491 -20.873520 44.831223 -36.209801 61.158987 
6 264 1406 1497 1577 2543 2712 -24.764829 60.950013 72.812296 58.845659 32.869367 86.187345 
7 287 1307 1622 3054 3784 4420 4746 -53.076395 89.262929 1.780078 -8.578233 -55.537460 -25.452746 53.875645 
1 268 -49.376533 
6 1475 1561 1813 1899 3209 3224 46.649988 -9.421339 -48.671824 -55.736159 22.252024 44.861498 
9 515 691 1290 1487 2753 2843 3158 3777 4905 71.745510 -20.440027 46.354330 -3.456425 3.869072 19.514603 -73.153328 30.918269 -38.646103 
1 1856 -53.261889 
5 1268 1565 3848 4450 4924 -57.355507 48.447847 70.828791 61.475828 -43.771831 
2 1743 4106 31.940722 -94.462902 
2 2155 2815 96.805285 27.598024 
5 1535 2481 2710 3424 3550 4.812728 -45.815797 72.934744 -92.167089 89.458682 
9 692 1350 1908 2447 2603 3840 4319 4565 4757 -48.725829 59.180063 57.448150 -47.563145 -73.784691 75.451713 -44.719851 52.219398 44.615875 
4 2669 4326 4700 4904 -65.890662 34.660431 -54.488929 5.145633 
1 871 49.432174 
6 317 1118 2073 3699 3895 4561 43.049851 5.798543 -9.549066 39.489904 -77.779529 -82.531590 
8 330 1017 1223 2403 2744 2824 3081 4501 -18.292832 -43.571842 -23.217215 -57.222390 26.615150 -74.650390 -2.162485 19.918369 
2 3888 4797 -67.832544 -80.591802 
5 439 598 2179 2451 3312 -30.459757 93.793216 99.656552 -95.720841 10.887968 
9 430 940 1630 1988 2680 2924 3242 3681 4405 38.735995 -19.989488 -19.183404 57.901346 98.742221 35.049067 62.144515 -13.498706 36.774741 
7 578 684 693 1889 2731 3415 4939 -18.058762 66.732081 29.737846 3.221507 25.062566 84.759490 91.167716 
4 1570 1593 2034 2797 -76.429241 53.073553 14.452968 -19.093605 
3 558 1077 1475 83.345824 93.176367 61.652286 
7 350 2002 2006 2355 2497 2628 3780 -96.826897 -49.662291 -63.498481 -28.164927 64.987793 -37.836269 -76.807890 
2 1058 1571 7.407602 6.955098 
6 455 609 676 2727 2750 4858 60.116272 -23.052714 -76.591098 -0.240169 -3.672051 26.183706 
3 2295 3645 3849 43.518153 -88.299631 10.258087 
4 2245 2496 3523 4272 74.068621 22.464353 -29.506530 -62.007251 
5 108 1211 2256 2349 3340 -72.449173 -36.191890 86.296790 -4.435090 -71.989695 
6 504 1432 2757 3241 4708 4785 10.108341 75.431870 24.534373 37.691689 37.458660 47.130962 
5 104 1194 1257 1867 2168 86.367182 -52.697345 5.368966 -46.714482 93.366585 
4 1631 2565 3009 3423 -60.445977 36.471021 -50.069618 58.394994 
3 1225 3474 3690 14.029092 6.084330 25.048537 
5 997 1120 2173 2589 4746 -96.849211 16.526625 6.353688 -56.583078 7.857955 
4 909 3145 3551 3646 32.571919 -39.362967 37.968994 79.951346 
7 1945 3228 4276 4506 4736 4888 4902 99.841033 -33.491075 94.219172 -47.550810 -77.022952 54.560678 68.407667 
3 294 2458 3186 -78.674487 62.935218 40.657775 
1 2001 46.025750 
8 1033 1134 2744 3758 3922 4009 4112 4293 32.422480 -56.367177 23.026605 94.024255 69.929616 -76.145515 -50.393784 -21.306977 
7 160 2420 2540 3112 3697 3773 3932 -21.237252 -74.527801 -80.344345 34.075622 51.897801 11.004800 -35.849891 
5 369 770 1412 2217 2592 -96.906472 -75.746256 81.932461 56.987173 -65.030870 
9 11 921 2135 2463 3198 3397 3916 4074 4257 -4.578288 79.409288 25.205884 -28.601333 -45.853066 20.385872 39.415528 -62.597540 36.243091 
2 883 4582 42.722707 -77.197706 
4 621 712 1322 2170 -57.128463 -15.647604 35.088094 80.575249 
6 105 1289 2459 2661 3776 3875 -82.250741 9.510805 92.786748 91.255094 11.259485 -75.620902 
5 344 515 1671 2530 4346 11.934596 -92.635459 15.070450 -53.932918 -9.189549 
5 1066 1460 2338 2869 4907 -71.306191 -5.139339 -46.712986 -5.153505 -79.382341 
4 2545 2817 3636 4986 -2.035254 -45.666514 -70.080071 35.207071 
4 1240 2236 2775 3016 -12.965298 81.406978 5.652243 77.388258 
5 920 3089 3292 3308 4909 78.319943 -30.349301 -18.962118 5.547884 13.496692 
2 2126 4543 -59.514748 -36.453467 
13 899 1475 1882 2019 2103 2836 2909 2979 2995 3327 3703 3863 4785 78.838326 -99.092556 -92.891759 -95.239111 88.845859 -23.522924 41.338647 -44.100468 36.330936 -1.586313 -90.340649 17.247477 55.390855 
5 676 1297 1884 2461 2888 -4.331520 -75.873401 -54.458918 4.264955 -75.019143 
6 694 2030 2777 3878 4079 4613 -93.088115 -35.331453 64.826307 35.514144 95.148943 98.206349 
7 460 599 946 1352 1462 3224 3557 -10.311012 96.528477 84.872036 17.831207 -56.207640 28.302834 -95.109348 
3 2099 3539 3969 -82.924069 -48.893038 55.321942 
4 1132 1621 3237 4282 26.147993 -15.919735 -2.983294 -15.439204 
4 23 185 3328 4231 57.112824 76.667267 -11.231455 87.992811 
4 95 1902 3975 4674 -99.846893 -2.794054 85.209364 58.437068 
2 4298 4365 -78.589220 85.582562 
4 2013 3733 4193 4311 29.113104 -42.356905 94.842607 -80.284383 
2 182 3114 -19.540963 -18.436618 
7 614 925 1279 2680 2901 4619 4678 87.559563 42.496963 38.313310 -99.183387 -39.873801 -73.135324 54.789166 
2 134 2327 91.639993 58.561160 
8 138 874 1012 1968 2758 2813 2822 4400 96.729381 68.143338 -31.526300 19.927622 -16.804062 -55.453624 -63.679805 63.357623 
6 1158 1275 2182 2326 3664 3786 21.928402 -71.229454 -24.789498 -75.930461 -73.473044 -70.148252 
4 1551 2125 2409 3087 -66.051374 -61.974306 -71.081825 18.717364 
6 908 2478 2740 4197 4809 4825 -6.268031 -67.159560 -88.473517 -81.275006 42.763319 64.447251 
5 571 3376 3687 4675 4873 27.882270 23.043330 55.870200 30.052829 91.158987 
2 3122 4321 -94.294675 9.841309 
5 247 254 3118 4013 4149 53.897999 -32.605609 -36.390697 -22.739546 -29.322425 
5 155 613 794 1157 1299 -35.656653 -30.344647 -16.843176 15.011081 64.790219 
5 183 2957 3711 4103 4526 -38.877214 11.089769 -82.825998 96.780627 -77.142499 
8 691 720 1194 2141 3062 3634 4319 4401 82.859475 -78.596607 57.563293 81.693914 -97.595709 -58.776748 6.429934 -54.634583 
3 492 1393 3454 -78.668307 1.813186 18.187510 
1 2557 -17.282494 
6 141 653 1141 1249 1532 2791 -97.635361 -96.166947 -8.280539 74.730128 -73.551686 -50.235062 
6 444 591 739 2713 4318 4688 -44.177886 53.376313 -98.309269 -99.992969 -55.445449 -47.110611 
4 461 989 2228 2387 39.523256 56.993959 -12.354683 50.197057 
9 1946 2195 2350 2569 2993 3199 3442 4051 4787 -23.089765 -92.627679 -14.450860 1.527823 88.444042 -66.361618 19.583224 47.918699 16.368188 
8 92 209 601 2159 2815 3514 3991 4866 53.261580 35.643837 75.112647 -84.442672 39.829284 41.977922 70.394197 -84.137574 
7 326 377 725 1350 2139 4303 4428 -85.819158 77.538801 -96.851234 -29.274514 58.335301 77.033170 2.700247 
3 341 2124 2826 -84.295806 -2.740338 -32.417764 
4 1241 1687 3977 4334 -39.940982 52.151736 68.605067 -12.681545 
6 610 1913 2001 2209 2415 3483 47.492578 -87.850609 53.416317 5.535175 -0.685479 1.301444 
10 5 1200 1955 3260 3702 4008 4192 4398 4737 4861 75.678143 -60.644598 21.929926 61.013147 74.532408 -88.831047 -61.983490 87.085714 19.571248 -86.847369 
2 2630 4074 -63.641315 14.379211 
2 2178 2618 48.145070 -17.354382 
4 1919 2372 2429 2906 -11.564681 93.611432 -15.255606 -11.104154 
4 2067 2183 4086 4088 28.335891 95.491445 -86.034030 -73.698151 
5 57 893 1890 4107 4203 -42.659094 -20.490491 68.602383 -96.694873 -98.153210 
7 36 1357 1578 1884 2505 2509 4812 20.594520 71.669557 -47.677243 59.251818 -33.597251 -76.979720 27.533185 
4 2073 3129 4127 4305 52.965468 -26.789310 -50.374978 54.760557 
4 3913 4570 4629 4859 96.420147 -32.885514 9.989992 53.456663 
6 133 344 883 1156 4138 4668 59.751977 -66.992138 0.771221 60.813513 -5.492916 55.098004 
6 236 665 3667 3872 3992 4350 71.724333 -23.258909 28.557045 14.605979 47.059000 -99.496944 
5 377 918 2835 2873 2986 -74.995125 55.344514 -70.593115 -19.225626 -85.128110 
2 282 1772 -59.608820 96.334096 
5 312 568 842 2768 3099 78.845792 71.284533 16.728419 65.248261 81.749093 
10 211 1193 1341 1713 2037 2346 2884 2916 3576 4451 40.348422 62.844522 -80.272269 -17.025014 -18.832659 -65.587501 87.465702 -94.237529 -91.958990 -75.042822 
6 817 2535 3050 3239 3338 4208 -17.259646 -78.469505 59.837563 -65.143751 -44.051124 -15.204273 
3 1367 2196 4434 81.792055 98.519303 -76.807391 
13 139 956 1205 1985 2192 2895 3319 3468 3518 3570 4409 4706 4729 91.554147 80.579976 45.838651 0.519270 95.850772 -40.180889 30.885129 18.176939 79.303003 66.588051 40.962918 -72.007948 4.525504 
8 294 1309 1674 1765 1966 2393 2819 3586 58.120739 53.350967 -90.982764 49.290828 70.963094 79.311466 -98.493248 -75.292392 
3 459 1948 2758 44.592407 80.363302 2.977284 
1 1381 43.042307 
8 2069 2436 3286 3390 3437 4076 4210 4317 -75.300878 27.271859 -39.608851 21.189011 -17.265708 2.421654 6.995845 7.765350 
7 2604 3067 3190 3855 4103 4220 4393 73.414853 26.276960 -67.758884 -43.048428 -17.142637 -47.104468 26.996604 
2 2106 2773 -56.901484 43.418306 
2 1349 2901 -32.533642 -53.754773 
7 422 1315 1429 2850 3391 4254 4615 -9.363768 52.226989 -94.087113 -83.670703 67.192748 42.084447 48.612965 
1 4363 -97.839082 
4 286 2717 4395 4829 43.755655 86.111417 6.499847 73.504442 
4 371 2505 3686 4587 -34.392357 -62.150098 -86.263323 -7.456423 
4 1110 1504 2258 4477 95.563407 -30.298397 -22.800842 -1.095928 
5 825 1503 2742 3780 4225 72.421696 -96.144372 -32.398049 -41.989989 -49.738958 
1 1416 68.771244 
4 253 1342 2194 3167 23.170617 -85.461636 -92.585216 88.703554 
3 1764 2543 2896 -43.971718 -94.820444 67.036987 
4 811 1117 2649 4135 11.947404 92.444489 -19.770437 65.388893 
3 3695 3726 4867 84.852242 -80.966978 79.376146 
2 2018 4352 66.061243 35.368479 
6 25 335 4249 4265 4323 4444 -64.044515 -66.058629 48.265830 35.230243 -21.165505 93.734018 
3 662 2215 2609 -89.830631 2.334863 -8.621312 
7 973 1140 2627 2807 3532 3980 4722 4.889902 74.938394 -22.038059 -83.269393 -20.526621 78.857875 -87.251672 
6 473 634 706 729 1983 3046 27.005319 52.105432 13.547971 -17.292598 -5.111047 29.232288 
4 298 1121 1177 2645 41.323760 62.480127 -35.573540 30.452332 
8 1596 2040 2123 2527 2804 3356 3518 4952 -61.297069 -62.531994 -66.250836 -55.362251 42.754707 42.018736 -40.375286 35.090487 
5 786 2532 3003 3396 4429 -13.934861 -52.166103 -12.136869 40.048921 7.612410 
2 829 4623 -16.193004 49.487223 
4 1114 1930 2895 3677 21.347559 19.781546 -97.791603 -52.223761 
1 1257 95.724754 
5 98 363 2807 3971 4296 74.396319 1.830521 -25.117219 10.134738 10.750506 
5 1019 2169 2406 2960 4968 -87.572913 68.331038 45.364587 -23.303552 38.855463 
2 2049 2404 -41.688219 -68.065709 
8 337 2005 3129 3143 3207 3428 4152 4693 61.234099 -18.993218 -38.510306 -92.350345 -53.461916 59.496750 11.311056 -41.631432 
3 3826 4653 4963 83.786454 -33.093204 -11.416976 
2 2099 3765 74.796363 -33.909072 
5 334 3025 3706 3933 4660 61.029153 63.154233 -85.458439 9.269741 18.983616 
3 1652 2678 3492 -39.106741 25.255690 -48.939791 
6 1816 2332 2966 2982 3312 4935 -75.544928 37.935445 23.655581 -79.448877 67.028194 -78.780447 
6 1017 2088 2835 3121 3389 4620 -70.975328 66.045176 52.742832 -65.714150 74.599281 -40.984766 
6 184 746 2890 3240 3788 4237 28.071315 4.284684 47.941235 40.363233 -68.426345 -99.935706 
1 2306 27.498261 
1 2604 -6.825092 
4 3298 3469 3511 3804 8.777226 -60.275003 66.100413 -12.098785 
6 1124 1559 1589 2110 2500 3823 -2.240846 44.762903 51.936050 -69.013658 74.834872 -6.878017 
2 1986 4759 98.932755 -27.375188 
4 3770 4327 4418 4624 20.438768 34.431614 -6.019672 18.624901 
5 273 353 1708 2354 2700 -63.605326 86.389961 82.495772 29.599355 30.155773 
1 4667 -80.591664 
4 896 2298 2775 3301 64.945160 -84.529126 3.013701 -82.857753 
3 117 362 4140 -2.773293 49.726773 91.085458 
5 1226 1467 1606 2172 3953 15.525216 -88.696733 -78.927375 -51.346951 87.832610 
4 16 889 1388 3244 -88.140506 29.949534 58.798438 4.805207 
6 53 102 906 1917 4679 4942 -48.555184 47.150589 -11.715186 86.977606 -60.457354 -1.536067 
7 155 2462 2819 2861 3673 3676 3997 90.907436 87.956794 89.160727 -47.818944 -95.766698 -94.180850 -32.943487 
4 287 2657 4548 4805 46.978266 81.830348 -75.970785 -53.689989 
2 2636 4210 -88.689087 66.918241 
5 220 256 493 2088 3346 -17.993677 -86.302471 10.302948 -3.815602 -50.238251 
3 2429 4047 4962 -42.580445 28.738100 -78.482298 
4 931 2030 2478 3545 -51.127125 29.842603 49.010376 82.122376 
3 489 851 1219 -88.234145 76.397360 8.504994 
4 951 977 2453 2924 -27.199388 22.654865 9.757180 -35.490570 
3 373 639 4496 -68.582464 -86.755971 64.173574 
4 276 920 3156 3282 -36.149824 74.112422 77.413316 10.805196 
7 621 802 1482 2558 3948 4390 4496 -44.668031 51.089588 -99.962400 1.502604 -3.787729 -37.700912 8.416010 
2 1493 4399 -0.859378 44.593528 
4 518 978 987 3427 -40.389909 24.959278 64.537309 -85.515259 
5 529 1150 2263 4414 4685 90.436943 90.750745 23.025663 -69.841133 13.736707 
3 75 2944 3605 95.270942 98.687116 -76.181867 
6 767 1165 3899 4276 4468 4516 51.287496 -86.997649 83.258666 -66.400541 24.616569 -52.164869 
5 388 430 619 2039 3779 48.509312 97.088640 87.803689 -92.336302 68.865584 
9 51 757 1046 2698 3311 3520 3740 4340 4579 10.865213 -96.711562 -49.550421 72.556143 18.743474 79.618121 33.522626 -68.139767 22.645538 
2 881 1990 -9.785659 -80.018365 
5 589 803 1003 1763 1879 1.574539 84.664275 6.780754 -37.827030 27.146452 
6 602 717 812 827 1460 2893 0.603918 -95.358508 -26.042966 65.305040 -93.081836 5.111196 
3 1091 2138 3479 91.070795 14.722055 -26.248141 
4 1114 3681 4337 4420 21.030655 -48.024100 -43.881744 38.841542 
5 1393 2887 3080 3137 3328 -27.818049 -55.838489 -66.855451 -40.167914 82.929263 
8 928 1010 1596 3173 3475 3898 4763 4815 43.437826 -83.307068 31.023940 -19.257824 -90.081340 16.902957 -54.364479 99.444591 
7 20 1042 1850 2334 3367 4538 4773 41.948358 -9.986400 -18.934095 52.296338 -49.522533 -66.065993 10.160547 
4 53 529 3056 3769 -90.689206 -25.861703 52.406606 -33.285151 
1 3678 10.594248 
4 92 240 285 1471 42.820950 22.323231 -65.783932 11.402943 
3 560 574 797 33.732636 -25.741494 81.434546 
9 658 1271 1739 2689 2923 3377 4517 4786 4839 12.895363 -99.270126 -25.617399 16.103174 58.973670 -88.579417 18.368610 89.514429 -80.415412 
6 597 2235 3157 3947 4628 4714 62.665714 4.008059 29.065017 -45.731668 -6.573229 -42.214976 
5 425 1771 1828 2954 3717 93.113783 98.779420 -72.957627 26.359158 32.582308 
1 932 94.371426 
0 
7 575 1131 1570 1900 2881 3269 4959 0.703994 -20.476501 32.314800 94.748823 91.066462 94.158675 13.353048 
6 1120 1355 2185 2646 3165 3246 -5.968470 -51.156816 47.623140 2.420010 36.240012 7.216516 
12 20 190 771 1632 1709 1775 2105 2480 3500 4128 4511 4577 -58.702221 -2.688461 71.890384 -99.942077 -88.062153 -46.663212 30.478280 30.414333 -60.264053 -22.285886 -77.074024 -37.727362 
2 2324 3586 -34.592390 -82.181708 
3 1705 3305 4915 42.100627 -68.036744 -50.682053 
3 1773 3129 4887 -18.692861 -82.297022 -13.025589 
4 1800 2862 3326 3656 16.465405 94.725614 -68.533395 -89.916066 
1 718 -21.304553 
1 1285 -92.326373 
2 2479 2829 -30.083446 -95.929393 
3 1145 1492 1804 34.153241 16.451394 14.749226 
3 580 1709 2700 -72.679062 68.079025 -97.381069 
1 2988 -31.358253 
1 3189 -90.652977 
5 69 819 834 1458 4646 72.758163 -29.790274 -45.722307 -61.845618 -32.915609 
9 803 1328 1560 1638 1933 2372 2993 3036 3206 -72.063667 -49.807693 -92.304998 -50.536187 80.952379 -84.875698 21.894421 -9.246587 -51.484123 
5 993 1897 4184 4298 4545 99.549773 -13.170122 55.671533 -12.325499 -76.018988 
7 1092 1214 1949 3197 3219 3678 3869 23.518088 -21.168080 -10.067593 38.576280 -4.985275 48.187435 -68.895434 
9 713 1338 1376 1410 2773 3810 3847 3948 4550 79.855599 67.119167 -46.082919 87.929639 -7.503818 -88.457565 29.950190 -77.423316 95.012794 
6 1104 1238 1275 2655 4627 4634 74.171256 -1.911300 28.514906 -56.133105 -79.346193 53.260056 
3 1610 3568 4782 35.748863 -83.392836 -52.319952 
4 69 400 2763 4599 -33.038990 84.387628 -39.647313 -73.756922 
7 1433 2121 2318 2366 2828 2833 4461 -31.329824 -24.526258 -7.323915 9.286001 -15.017770 61.450576 41.383057 
3 28 232 3716 5.860658 -25.014363 -91.480073 
1 1850 15.270421 
4 385 963 2461 4766 79.407540 55.777211 -43.986296 1.420832 
11 680 929 1968 2230 3055 3863 4397 4496 4819 4922 4962 36.246402 -25.291994 81.924117 -64.740160 -6.646221 6.105696 -17.257729 94.429814 38.703378 27.685538 -24.504035 
4 479 1525 3354 4112 24.724249 99.346506 -78.150593 70.020443 
3 2403 4273 4295 -13.708264 73.035366 26.543622 
6 126 1505 1929 2084 3898 4237 -27.693828 -19.146441 -21.357631 -93.980668 -74.970863 9.579123 
4 813 2141 4342 4943 22.741265 -7.017144 -55.706981 -69.795345 
8 851 1039 1217 1652 2909 2993 3607 3662 19.371638 87.951422 -95.801918 60.350624 -19.312025 20.197446 69.714629 -69.535210 
1 3432 -28.165230 
8 16 1325 1520 2947 3397 3671 3984 4237 -63.967544 -19.700343 -13.258653 -62.835732 -58.830065 -96.064917 -42.321351 -79.516214 
5 198 715 1207 3221 4061 -57.271279 -37.755529 7.699585 45.441571 -56.947582 
10 1 480 806 2002 2193 2641 2669 2756 4464 4980 35.721441 69.635217 -9.108050 11.151868 -38.643319 -72.823713 -49.755142 84.710472 38.724865 67.425523 
6 310 832 1818 2374 3589 4305 72.555281 -24.497658 85.057837 -83.736798 29.242111 5.316985 
2 680 3400 0.070537 30.602025 
6 724 2346 2561 2570 3949 4908 -88.466354 -56.122130 -71.548555 -3.252122 -79.195372 34.873260 
4 1432 1557 1823 4461 76.657712 -97.059312 18.582124 83.208428 
6 1561 1578 2469 3543 3804 3897 -81.793797 -75.575744 -85.000747 -31.949719 -81.416176 85.746548 
5 923 1563 2742 3890 4490 39.326920 -42.301409 -44.685553 -14.119653 -59.248591 
2 1255 3690 -13.966540 19.700552 
2 1057 1079 -6.974410 -39.850009 
6 303 913 2237 2376 3584 4548 56.505820 -68.880588 -81.697351 -89.889469 57.582000 -17.980138 
6 164 2162 2320 3479 3480 4616 -40.073140 -83.491411 69.144695 12.108981 31.196929 90.297016 
7 26 727 3745 4393 4514 4872 4987 34.409051 98.359490 -85.374002 22.505518 -42.942601 16.970179 -8.856217 
2 3832 4719 26.999514 55.294122 
4 4144 4459 4701 4761 -93.421312 47.391083 -99.234441 96.403876 
3 86 1400 3765 -12.983885 -15.934530 -97.573126 
7 1282 1520 1808 1928 3818 4610 4943 -54.848433 -17.213284 67.478567 27.581559 40.743468 -19.018751 -70.683393 
6 96 1063 1309 1968 2602 3018 -21.622718 66.094847 -99.855555 86.543431 -64.900068 85.684746 
7 713 1200 1804 2069 2569 3003 3220 3.439322 0.444612 22.530684 60.378305 -51.105455 94.409658 13.127010 
8 582 1469 2942 3345 3593 3630 3859 4263 -0.667513 13.950217 -14.278366 6.418804 43.993840 80.245745 -46.257256 87.986446 
6 285 381 2414 3702 3944 4381 -57.967282 -96.875087 27.831963 -37.941417 -26.407522 -56.946211 
3 865 2389 3255 15.463706 71.658832 -77.689239 
3 1052 2092 4800 54.135698 -56.020081 32.008097 
6 953 1371 1427 2585 3333 4026 26.285496 -75.529859 88.903817 12.860659 -66.430085 -65.515959 
4 1558 3599 4344 4787 34.444934 -17.549774 -93.436224 -35.387008 
2 1340 2978 71.967394 -19.277714 
5 932 1222 1949 4319 4782 -73.215391 69.074764 11.883668 -82.995679 45.253721 
4 449 1777 2971 3946 -37.253110 -97.999721 99.177151 99.896120 
7 455 681 1282 2857 3809 3865 4141 -76.097906 88.400069 -36.960917 -70.050870 5.328540 47.243195 35.997082 
3 3600 4131 4890 51.253030 -43.261859 -7.673740 
4 1232 1465 3329 4528 -10.880732 -2.759372 55.217989 20.772686 
9 619 767 831 867 940 2041 2739 2812 3388 -59.638796 28.910802 -19.771705 -10.574159 -4.683704 65.844330 -5.056662 38.972018 -72.705578 
4 2995 3319 4032 4114 55.018233 75.821340 44.975592 -77.574976 
4 1799 1868 2579 2756 -23.899629 88.336489 -67.466748 -76.037216 
7 422 903 1176 2336 3685 3740 4807 -20.908518 -82.577676 82.901027 73.558491 79.898634 -12.611237 95.777591 
5 473 1675 3542 3864 4884 83.376294 1.666218 -26.464538 -32.658290 24.833618 
3 3025 4050 4347 3.508954 23.067056 61.619544 
6 1574 1957 3692 4135 4264 4787 20.033404 22.395492 55.753875 -65.755172 21.018165 -64.864569 
5 234 367 2743 4206 4764 14.794517 -12.650638 -80.392713 30.666847 35.856188 
2 2786 2954 4.665329 20.823093 
4 2141 2586 3248 4856 -9.825630 -3.611246 48.369886 -44.823944 
6 0 2389 2649 2684 3276 3770 -29.915181 -95.431091 -85.507537 95.913912 -72.610535 98.386159 
3 188 232 3144 -11.940186 -12.301600 -18.727720 
9 298 414 982 2083 2177 2387 2851 3911 4441 70.122593 -6.260558 -10.179470 43.535156 28.759339 -23.853813 49.710598 64.340723 -86.660789 
7 888 895 1315 1473 2099 2612 4818 -69.080998 43.104307 14.527704 -18.555379 5.852578 30.154425 15.477194 
6 6 2660 2911 3085 3895 4504 -12.062808 -17.122443 87.936627 -71.796285 -8.156589 -0.932823 
7 196 1858 2665 3175 3808 4050 4455 -99.982462 -64.025214 6.335754 -59.023653 -74.364147 96.728940 61.019749 
4 156 1101 2492 3850 -55.989525 -52.037924 40.581166 55.134262 
6 209 1480 1492 1839 2379 3898 93.211769 4.363696 85.976001 -88.158120 -88.334469 43.521395 
4 647 1288 3031 4257 32.358786 35.724835 -18.066702 -29.252701 
7 117 521 806 2170 2237 2744 3291 -6.552843 -93.903773 -10.751931 15.831560 -61.491703 58.534315 63.914061 
3 235 2547 3635 -56.666984 13.574819 -67.940474 
6 50 1092 1668 2400 4101 4259 44.593713 0.519873 29.557423 -75.990290 97.922413 -23.917856 
3 298 1286 4293 -34.921635 50.839029 20.015541 
4 196 1411 2880 4708 -53.317760 5.668087 16.721747 32.565624 
5 1343 2699 2784 2923 4665 27.052895 63.098944 -64.831751 4.677479 70.015688 
3 720 4111 4707 58.761155 -57.600720 21.052042 
8 858 1131 1805 2519 3021 3559 4215 4255 67.083978 -94.540548 91.017928 7.938443 -33.513841 68.192259 97.725317 -17.271924 
5 901 913 3106 3141 4251 -72.236580 89.860531 -70.251078 -47.844750 -93.255976 
5 817 1517 3147 4030 4872 -70.729299 87.414802 79.835352 -85.769272 -37.301605 
4 2754 2756 2856 4069 -8.081881 26.086436 -62.836700 -78.878247 
4 2317 3088 4415 4796 -99.676912 -45.703846 53.855666 -46.170187 
8 727 881 1289 1576 2051 3196 4295 4889 -64.999913 87.642955 22.486801 69.342647 -47.871968 61.754904 63.902318 63.269985 
6 807 1148 1338 1813 3494 4862 -66.708712 -50.643523 97.695991 95.206455 -33.810383 63.295564 
6 1713 1857 2502 3277 3343 4883 -49.523379 -57.154797 79.393994 33.971696 38.519455 -71.023657 
6 562 917 2090 2332 2996 4631 30.006389 39.982533 21.511427 -25.362194 88.883905 6.417828 
5 220 1546 4648 4679 4779 11.734643 89.627600 -73.635814 56.533665 43.493419 
6 1827 2129 2382 2865 3929 3976 -22.878627 66.286910 33.355412 85.602054 20.693678 60.810294 
6 468 1841 1992 2537 4618 4714 77.004052 -19.402375 52.230589 54.943039 -60.105042 70.355631 
3 2202 3152 3439 -86.239127 10.493471 -14.712908 
9 1271 1286 1721 2143 2310 3114 3274 3547 3800 -2.833756 0.507920 4.969384 -98.540844 72.838065 85.724850 41.345551 23.148806 64.938611 
5 36 699 1609 2523 4197 -66.624985 -43.785190 -48.868860 83.767163 -46.865078 
4 2865 4031 4596 4697 -58.532893 -71.322034 -30.682429 -72.631615 
6 1509 1811 2424 2587 3173 4619 -26.037364 38.473184 -32.070704 -96.190404 23.366574 -13.880008 
2 1061 4234 75.466216 -41.625742 
5 1156 1517 2168 2723 3034 -2.300208 -95.257396 -44.170528 52.818336 96.037321 
3 1224 1298 4393 -51.247676 -18.131863 -54.939709 
4 257 1555 3960 4026 -27.619596 -99.923087 -71.410273 43.372477 
3 2080 2903 3617 -97.056544 61.983089 38.383139 
6 188 238 730 1739 2928 4044 28.765432 34.343994 -28.063842 51.943270 -27.811531 79.582162 
2 1638 3357 3.862936 -34.131455 
6 637 1985 2084 2764 2972 4461 -68.543917 99.947751 -35.150649 45.536789 81.779618 -39.438403 
6 238 917 1342 1571 2441 4832 -86.341601 -9.810765 89.131283 -87.962915 97.330802 95.841947 
7 71 301 676 1418 3992 4213 4821 -97.903483 -16.155280 -24.362480 52.913730 73.916005 11.098828 39.269061 
6 1020 1926 2108 2737 3431 4992 -88.197552 -62.737563 -81.647225 82.129544 73.583136 -72.785667 
8 625 903 1728 2369 4381 4469 4563 4698 -59.830960 -15.507783 -51.100202 -31.431930 95.842706 -86.720131 93.744056 -46.688621 
6 147 725 1271 2335 2347 4308 59.261238 16.943908 -72.471433 53.543954 34.359305 -28.387965 
5 415 726 1462 1788 2780 -18.572637 7.978983 -43.400549 40.134699 35.713179 
6 364 3180 3977 4237 4395 4622 -35.159579 28.064891 -83.970345 72.358351 60.789962 52.273442 
3 2090 3757 4315 -88.631334 -97.729442 -43.852339 
6 1749 2846 2879 3942 4149 4815 -74.250742 -96.739962 -12.796429 -4.437887 60.608339 59.671836 
8 158 1449 1622 2023 3241 3416 4896 4955 46.707444 44.591077 -64.055842 91.864267 11.739044 41.266806 -76.250220 74.220091 
3 944 1826 2791 57.634944 7.349659 -18.488713 
8 213 395 1659 2285 2977 2978 3025 3204 -14.360744 -23.131339 26.074971 32.753229 -48.699893 -83.534521 -89.679498 48.532221 
6 956 998 1788 2270 3127 4880 64.952544 -15.848633 -38.995243 -1.445983 86.040014 -2.734545 
3 673 708 4969 0.297326 95.098210 61.887853 
6 475 995 1375 1665 2561 3252 56.831319 -10.123898 -68.565029 -75.839285 -53.772171 51.617270 
6 1086 1822 1834 3831 4336 4873 0.985734 -0.775422 -36.075813 37.029835 -56.812262 14.633174 
3 574 2861 3397 -50.365464 51.907429 59.020477 
2 1699 4574 94.894053 88.249897 
0 
4 1004 2469 4008 4601 79.609444 33.351718 -26.186563 -40.105826 
3 1445 3583 4906 35.838215 -73.616253 10.314937 
4 97 1292 2020 4158 50.628301 -37.202916 -16.884479 -75.598168 
2 562 715 16.464915 26.164019 
6 610 772 1315 2008 3556 4618 -7.843332 -15.847319 -36.961272 -61.555574 -83.115853 95.737619 
4 162 852 3548 4367 69.353256 37.385721 -22.099125 27.125152 
3 2113 2823 4807 77.154949 -22.625440 -57.974559 
4 469 3353 3862 3932 62.801822 40.684196 97.347239 17.362451 
7 251 2144 2310 2756 2930 3181 4277 15.509802 81.498821 2.900775 60.761386 -48.661095 16.918115 -5.588225 
5 94 661 2141 2410 3933 95.080281 -46.983917 86.472177 -33.816533 -24.254136 
7 196 802 1459 2133 3780 3978 4176 3.455171 -23.371032 -53.839037 11.305508 80.166551 -64.595914 -7.347537 
3 175 767 4106 98.786652 -12.361676 -0.711296 
5 28 154 387 3742 4911 59.803574 -59.808949 -6.376188 11.319400 99.396039 
7 2342 3235 3295 3597 4125 4251 4715 28.682303 37.539763 80.563529 17.729615 62.542059 84.737805 -83.636483 
5 1918 2668 2791 3215 4128 91.711847 -15.070924 33.140994 -65.544843 -8.558561 
3 3207 3896 4389 33.329928 35.596067 -12.911379 
4 737 3635 4664 4877 -28.756416 75.998175 27.455356 99.483086 
7 384 1206 1941 2797 2884 3032 3641 -62.095297 69.575074 -90.749436 -32.314460 -21.228124 -19.127177 -12.268858 
8 300 2345 3135 3395 3683 3710 4276 4724 60.869031 -84.911755 47.401333 17.203437 -84.281576 -19.039643 -52.335446 -43.636399 
5 1295 1927 3526 3598 4513 17.164737 -83.907835 -72.539536 14.622326 64.077360 
4 164 2015 2576 4856 41.126581 -76.499675 38.833228 -37.182506 
6 384 1359 1875 3455 4893 4914 -4.859492 13.802950 47.023300 46.074814 59.375670 -18.141262 
10 1842 2347 2409 3145 3282 3311 4245 4639 4648 4991 -60.780190 77.322394 19.915526 66.078148 74.289631 96.477870 95.372619 -22.445964 46.582692 -93.732374 
5 1443 3449 3854 4222 4324 -29.398797 -31.514530 -19.372682 -28.263620 62.539417 
4 1342 3215 3575 4158 10.062091 -33.097793 -3.779353 7.772500 
4 270 922 1228 1296 95.531213 57.537879 26.903781 59.536036 
6 881 1514 1963 2298 2678 3718 -8.649417 27.656056 80.031885 36.683819 -29.633782 23.848667 
2 2319 2679 71.382542 17.754188 
3 52 2568 2618 -41.859448 99.558991 -80.587992 
5 361 1104 2535 3245 4763 42.040405 -45.111727 -78.970326 -1.029611 5.890180 
6 158 1193 1862 2537 4335 4814 83.185850 97.533755 93.238541 -75.332980 7.677188 -22.266158 
4 2098 2682 3197 3255 -27.795118 90.500955 78.762816 -55.680440 
3 507 918 1798 85.692869 -0.344986 -90.485707 
7 37 315 1109 2312 3087 4246 4700 91.257424 6.560150 20.889924 -59.559806 76.201546 -59.196710 78.242011 
3 1034 2373 2760 -18.225407 -16.637729 -99.616645 
3 1223 1248 3387 67.257321 87.307579 31.627353 
4 598 1863 2856 4714 -0.476646 16.576137 -42.541686 98.546837 
5 962 1405 1614 1747 4575 96.084244 63.442493 81.647456 -16.019082 5.558788 
7 1000 1351 1850 2203 2214 3315 3335 61.764267 -34.573111 77.824269 43.708241 -24.668929 28.885131 46.396176 
6 254 2513 3349 3574 3924 4249 12.997243 -27.343452 -12.804514 -20.965943 81.100572 -39.925973 
9 538 687 1798 2086 2264 2817 2825 3061 3334 94.382996 -42.731526 -24.573119 -17.871294 87.428414 84.865408 -2.375405 65.835862 82.375327 
4 1195 1249 1487 4806 62.428659 36.612288 -40.132454 4.032565 
4 2290 2741 3980 4267 41.417571 -92.883497 -45.503744 -99.781438 
11 100 693 813 2129 2551 2607 2830 3220 3328 4115 4893 53.257436 -61.771733 86.544753 46.664146 85.427970 49.730887 -81.581162 -38.461915 88.287945 -87.882368 -73.456076 
1 5 49.732312 
5 491 2138 2412 4200 4639 42.852518 25.668238 9.760968 -99.408878 20.558731 
2 497 3085 -1.249952 80.450824 
11 382 1052 1946 2205 2781 2868 3038 3228 3235 3952 4124 99.493534 -59.190818 52.862968 42.419057 77.306805 -74.886043 75.272805 34.935696 56.389764 -57.262835 89.629762 
6 1102 1805 2945 4004 4145 4804 48.058180 -94.816097 -34.626465 89.048157 -77.390141 99.390885 
4 2137 2568 3077 4957 42.740235 -65.092249 9.681665 61.123174 
4 1357 2655 3208 3381 47.313466 -88.184384 -87.167271 91.610946 
12 534 1199 1292 1612 2025 2640 2713 2790 3316 3823 4381 4635 -58.114570 -17.659069 -67.550602 26.385786 -9.245813 -27.231228 -49.948094 52.691281 -27.430602 -5.048369 -37.945884 -20.810550 
3 304 2217 4880 86.082873 -50.272166 -53.412241 
6 709 1428 2860 3280 3579 4732 67.250885 -17.084176 48.813349 85.821400 -37.613008 -41.510930 
6 842 2008 2239 3092 3610 3681 -2.557672 -10.335179 -98.779363 -68.492802 -88.679944 0.857940 
2 935 3373 -54.519746 -27.275789 
1 2904 -59.175445 
5 632 3277 3772 3864 4957 62.061060 -32.122201 36.263794 35.757098 -47.051904 
8 199 286 972 1158 2180 3337 3379 4676 86.999390 15.985851 44.773559 -98.979190 -43.515327 15.571398 -81.976491 60.361572 
6 1236 1447 3649 4519 4602 4985 99.018312 -50.347748 -7.029088 -34.479872 88.487263 99.555258 
3 2951 3180 4332 29.479525 -71.836040 95.730228 
6 321 2109 2803 3315 4209 4923 16.503231 -7.217836 -70.264821 -82.755359 55.083220 41.195796 
6 853 1148 1218 1403 2076 4124 99.456771 -72.150436 -48.426479 28.415471 53.850908 19.441225 
4 1672 2668 2760 2846 -7.378015 84.173492 77.697902 48.921927 
5 641 2736 3024 4313 4427 -68.092297 -12.082069 -77.287627 25.630379 -77.848429 
14 726 961 1212 1809 2057 2146 3489 3718 3858 4102 4173 4483 4737 4892 -14.271413 -60.232530 78.824393 -92.405358 -38.236462 70.775763 -42.375688 -63.802260 26.563945 -11.302592 -51.745122 20.163686 91.903022 -66.427868 
7 694 1079 1761 3030 4305 4826 4992 19.654433 -44.201795 73.667602 -14.238373 19.475124 -20.963873 72.565917 
5 437 560 1576 3203 3545 50.814216 -22.232122 52.640384 51.005783 -11.325947 
6 1164 2958 3905 4037 4118 4991 54.863616 -24.479574 17.945066 -21.899293 72.381287 -10.723205 
5 213 1070 1712 1778 3121 -28.337618 -59.831177 -73.364694 -46.208317 -26.782531 
4 244 1602 1676 2793 18.650550 60.151826 87.175676 44.585811 
6 1172 1476 2584 3004 3876 4145 -93.800796 98.525568 -58.128113 52.753899 -48.099971 87.024467 
13 474 777 850 1409 1526 1776 1906 2156 2216 2302 2857 3926 4619 -85.295104 53.206405 27.628553 13.240740 66.606868 -74.891213 -14.098867 -97.353871 45.463382 -52.233663 67.178365 66.004370 95.558986 
5 1071 2127 2255 2712 3376 -55.630653 -75.206486 76.147837 -2.581870 37.477437 
5 296 781 814 4551 4960 -39.261860 16.013136 22.673835 -5.929753 -69.712418 
5 894 1161 2006 2603 3146 -84.988581 97.272045 7.241816 13.088191 -19.488636 
6 1714 2132 3069 3763 4217 4642 -87.477937 46.329611 60.808953 -11.967615 -56.785128 -9.530468 
7 22 403 1554 1888 2220 3305 3629 -28.701444 1.766537 63.524770 -40.627549 -68.487743 -62.102657 49.880203 
5 198 1318 1373 2913 3908 99.981080 -94.223978 -35.821462 -6.059206 -50.456662 
4 869 1380 2985 4063 -9.756448 -66.888613 81.129691 -16.545804 
3 992 2036 4302 -87.701686 -64.645158 82.598941 
2 148 2510 38.870452 -89.627160 
8 39 288 715 1790 2685 3098 3525 4812 77.556605 -93.003928 -48.425034 64.215184 63.270249 -85.618131 -74.951558 -8.578971 
6 1872 2087 3045 3150 4303 4845 30.073713 -43.827222 -60.665944 46.054590 -40.039139 -3.225421 
6 1534 2436 2476 2988 3983 4872 -5.773375 46.436379 15.246077 61.199979 73.550614 59.415849 
2 741 1533 -45.587940 87.337944 
0 
3 1796 4655 4851 -38.545275 68.069144 -24.905932 
6 1545 2498 3446 4276 4368 4937 -96.081065 -48.485340 -28.118967 -64.555163 -65.937347 -19.607332 
5 70 525 3054 4983 4984 -28.481734 99.890033 -39.936045 -34.241482 79.701426 
2 64 3954 78.364406 75.085560 
7 2176 2802 2890 3390 3472 4051 4564 -97.729011 5.065574 53.561083 -63.518390 99.192967 -28.054942 -15.735342 
4 540 3779 3889 4723 -21.186438 -69.895134 30.294272 64.062729 
5 445 1568 2213 2770 2832 -16.486730 46.129088 84.934160 -1.235401 23.742953 
8 1964 2185 2241 3354 3923 3992 4552 4728 -42.826895 -30.607341 88.773739 -24.172145 88.938233 -70.355264 -82.077240 59.865500 
0 
2 1853 1931 -13.751819 -29.374361 
3 668 1079 1978 22.628271 -80.176358 -12.323263 
7 432 868 1256 1467 3116 3568 3881 -57.103615 64.412652 39.831566 -81.209877 56.351985 -69.387489 -44.175674 
2 1499 3816 -46.163067 -69.782802 
3 773 2573 4601 85.988101 -45.311974 -70.719476 
5 569 635 983 3177 4525 40.646572 2.689418 -67.557662 -15.221395 16.190684 
3 512 555 1450 89.726975 86.792493 22.502423 
6 925 2272 3071 3410 4573 4663 28.152970 80.182695 62.331929 -70.068221 -0.235239 -90.605104 
5 2164 3288 3522 3776 4215 7.488266 -91.230662 -58.616782 -16.446156 -35.125018 
6 176 379 1885 2185 2931 4743 44.370101 89.335215 84.000961 15.510835 -34.831290 -65.019937 
5 3081 3253 3545 4577 4637 -33.625985 79.284800 -52.291730 -74.458271 41.281007 
9 15 343 861 918 1611 1916 2614 3268 4163 -50.995520 65.375545 -79.245277 -5.124262 -37.635418 -67.190418 -77.141453 48.365756 -73.250643 
4 648 1845 1964 4325 14.765363 24.350919 93.295210 -93.589575 
1 2028 -78.960646 
7 169 258 630 1094 1701 2863 3958 -90.361511 -26.662534 -76.969779 -13.560670 5.327322 29.166457 75.141311 
9 353 365 1173 2772 3364 3544 3828 4844 4861 61.515058 18.467857 -34.768989 -52.294908 -8.619846 85.529192 14.471639 54.191018 -74.318477 
5 1611 2552 2775 2787 2866 62.749213 -64.203140 66.918704 -57.578881 17.863356 
8 1154 1520 2433 2675 2877 3218 3878 3955 56.630888 83.754686 -69.461167 81.506265 6.479147 70.924137 81.934130 81.598626 
7 190 1155 1356 1795 2099 2527 4058 -20.015922 -90.420001 -37.511204 -52.715883 -84.740382 -87.194320 79.117133 
1 3091 -4.918097 
4 851 2270 3787 4880 -91.575144 56.158166 71.441493 78.927837 
4 899 1549 2393 4159 93.830126 4.155137 80.911405 90.736531 
7 51 119 650 1857 2068 3154 4307 -8.814310 35.050626 63.360484 41.105730 93.089831 -5.538955 66.833661 
5 691 786 3905 4141 4409 93.128590 64.204812 13.904985 -54.919732 -43.067455 
4 674 1534 2195 2462 40.640812 18.503255 28.874203 -92.127973 
8 650 1374 1571 1980 3071 3148 4575 4991 41.938740 -43.093686 29.984374 -76.924660 -42.014544 -21.091346 -32.190862 68.612239 
4 322 327 3909 4142 -23.340533 -90.490575 -46.890210 3.257506 
6 414 452 1013 3658 4047 4959 18.537980 -65.367967 -43.871938 -13.899894 98.213909 58.981072 
4 1094 1697 2044 3935 77.968970 77.119924 22.261404 20.468566 
5 480 963 1561 2565 4089 66.697215 45.914420 87.203890 -48.942193 -68.582638 
10 152 937 1442 1484 2222 3681 3687 4052 4731 4742 -25.566162 -73.700079 74.421265 -43.006696 36.287318 92.850458 -64.773425 -6.491818 54.199387 87.212163 
4 526 1476 1907 4258 -29.853423 34.293807 -63.745699 -7.196038 
6 2 686 1033 1485 3483 4159 -26.863814 50.937512 -97.900837 97.301840 45.604668 20.045371 
7 461 901 2431 2763 3026 3698 4530 -64.321819 -39.465369 68.372951 -69.613470 30.712189 78.849888 95.289932 
2 3261 3826 62.922356 33.831246 
4 325 2303 2740 3290 3.806069 -2.710498 73.983089 26.850718 
4 76 3221 3773 4836 -65.221798 55.142826 38.560412 -99.043148 
9 641 1403 1557 2092 2616 2731 4396 4688 4989 94.068920 5.478976 57.533081 -84.229014 -34.681193 -86.000048 52.132576 -4.103636 19.749314 
5 653 986 1178 1964 4865 74.599398 72.881906 -9.396657 -78.679015 16.243115 
5 678 2126 3197 3391 3921 -70.939721 -93.764596 51.744013 28.846454 -49.137882 
5 1087 1169 1675 2531 3163 -91.194135 -98.526077 58.293099 -54.094093 84.224937 
2 1918 2120 80.270836 13.121468 
6 91 1121 1601 2019 2221 3872 55.278523 -98.266282 12.995704 33.634983 -84.153078 -47.055450 
2 1624 2464 -37.451634 -13.707881 
5 1243 2718 3742 4629 4895 -13.183118 -87.459132 -76.371831 15.201359 51.729736 
5 1325 1612 1657 2313 3644 72.783175 56.718469 35.936115 38.016328 39.339218 
2 1191 3699 19.500128 -49.850615 
5 719 1643 1663 2123 2486 -82.487303 -11.096060 64.050727 62.308355 22.347856 
3 698 2858 3105 5.737276 -42.372401 -65.427475 
5 1042 2719 2892 3677 4750 41.104808 -90.501411 91.981256 -84.003779 5.643104 
3 519 564 759 -96.992981 8.034460 41.955949 
2 462 3668 -79.585591 85.682185 
3 682 702 2081 93.000625 -4.503256 18.216746 
2 2132 3103 -11.871531 88.022329 
5 581 2174 3162 3806 4695 -61.635186 62.979581 -34.431193 48.201866 72.375690 
5 1500 2030 3391 4225 4953 25.551381 -51.840352 -59.019135 -98.320417 -49.220228 
2 1021 3485 -7.284848 80.805841 
3 316 1040 2348 -75.312456 39.872153 97.951699 
7 1148 1769 2598 3178 3242 4029 4606 -89.700145 -97.729376 48.794327 -86.438620 -63.916889 15.487754 -19.240713 
2 2991 4884 -41.975132 -1.763890 
5 622 1381 2367 3208 3843 -60.126562 -77.636980 94.978180 -22.875251 -98.594831 
8 752 1249 1659 2564 2649 3368 3611 4400 69.639975 85.540008 -81.801130 31.681891 69.117527 19.117698 -80.915398 65.121349 
5 1317 3695 4692 4844 4986 32.887246 -59.368645 72.302281 -33.728855 84.811767 
4 2618 2994 4530 4970 -87.918474 4.305174 -58.008566 54.299011 
8 869 1185 1661 2024 2246 2369 2816 3134 88.770139 -67.938466 3.135266 22.677143 81.757193 -10.502869 -88.670585 -8.295200 
6 709 3345 3642 3653 4350 4691 71.653612 -62.910043 9.955594 -35.565589 -92.787387 12.013009 
0 
3 481 1358 2836 -74.075192 -56.545892 -46.260459 
5 3703 4304 4487 4617 4811 50.318086 -76.318947 -74.658162 49.107825 -82.427421 
9 588 928 1060 1329 1459 1915 3497 4131 4380 74.925508 20.046164 4.149714 48.663329 24.113001 38.506990 54.403925 83.065319 -42.237047 
4 1732 2458 3191 4824 -12.476435 -99.058710 -52.304651 31.731188 
6 1380 2290 2342 2792 3918 4091 -78.079362 -99.223941 -49.736481 -86.030758 -0.890391 -79.627561 
6 938 1836 2679 4007 4176 4394 -57.614573 6.834788 43.539874 54.884944 -69.900766 -0.400866 
6 975 1539 2854 2886 3711 3784 -57.711915 18.265759 -36.289984 63.863038 71.094843 86.159111 
3 590 3458 3763 -85.776700 6.246020 -35.059850 
4 1229 4098 4261 4675 53.690503 21.658914 25.480655 -7.663976 
4 896 3338 3560 4893 24.174181 -4.707359 19.574251 -22.268851 
1 1409 89.493313 
9 495 1241 1801 2329 2700 3003 3120 4287 4901 37.854700 6.044343 -49.844917 -46.878265 -31.492826 -86.649844 79.919747 -94.256031 56.805152 
7 35 712 3163 4033 4162 4482 4853 27.028378 98.118847 46.552448 -39.181502 92.597847 47.396146 -31.293554 
5 594 2407 3353 4306 4964 73.241315 -47.737396 -79.427522 -73.279890 79.849431 
7 56 429 520 2009 2121 2546 4334 -35.279320 -92.369696 -26.325786 86.167006 95.495502 -86.862458 -4.080166 
4 36 926 3239 4327 -7.487626 32.695694 -43.921822 95.660196 
6 933 1782 1978 2019 3453 4279 4.213950 29.843212 -43.015255 0.256306 -59.914709 -30.925837 
4 1966 2872 3709 4199 -0.329092 -31.496336 -78.803160 44.426260 
6 45 1046 1794 4091 4210 4240 14.262555 -31.359736 -45.941489 -64.205061 -33.298424 46.361171 
4 689 888 2779 4606 -3.337260 61.208581 88.937261 -92.013052 
6 945 1618 2525 2548 3419 4649 18.298042 28.085597 19.243638 56.838553 -39.404761 98.299347 
5 1160 1220 2879 4024 4574 2.496136 39.418449 -12.664365 29.864133 79.539288 
4 309 2818 3572 4134 57.028103 -9.036290 -62.768058 8.074342 
3 2848 3754 3811 35.243610 -17.601338 -83.205770 
6 421 690 1669 1972 2688 4073 -70.669952 -57.975434 58.485409 67.657186 33.365785 -80.131529 
4 376 1036 2686 4578 7.730279 55.679407 14.574967 17.153853 
8 652 1122 1132 1203 3370 4073 4078 4173 56.639489 86.134079 -78.936209 77.078153 -90.488619 -34.459855 81.258057 -70.053826 
7 26 150 864 1547 1940 2841 3265 -13.739229 20.334595 -4.936134 93.448878 27.743766 -71.163232 18.120056 
3 989 2908 4154 61.616739 35.924958 -32.009563 
9 58 775 1226 1909 2147 3085 3784 3939 4906 16.507116 -79.580650 -9.790700 38.914594 -89.014593 -35.645600 -6.725926 55.203688 -1.331529 
7 27 556 2184 2891 3614 4012 4937 -74.555011 37.090144 46.188600 67.286518 93.342574 28.152256 48.894617 
6 992 1235 1367 2183 3453 4827 66.007324 15.805194 77.939878 88.963593 72.035285 -51.839107 
6 518 750 3139 3213 3780 3993 54.138423 -84.945378 56.869277 71.287944 -42.928206 -75.541978 
6 197 1139 1413 1415 3386 4002 -30.863297 -87.413629 -61.047575 86.789780 4.720431 -27.803217 
6 166 896 3544 3821 3970 4675 92.229275 -77.631270 -26.458233 70.337829 -60.202322 17.410184 
8 2 516 1326 1930 2405 2709 3835 4592 -84.668159 -23.444341 29.560064 25.032866 11.574035 23.503773 -42.230877 -70.056677 
7 672 862 2327 3253 3400 4019 4601 16.852273 -36.353388 2.407430 -21.239779 -2.779643 83.210002 -35.223002 
7 36 297 1645 2183 2763 3289 4673 43.462237 -5.688772 -95.808840 -58.638276 21.137011 94.687044 42.514091 
2 2980 3083 -85.355681 -23.060471 
5 650 1047 2517 2946 3028 10.147206 -92.895556 11.327742 55.286888 -66.990997 
6 332 597 1226 1677 3452 3500 21.420363 -42.162131 6.253764 52.145207 -0.058820 49.792792 
4 789 2499 2714 3324 -89.130465 79.629223 -31.724034 -70.401460 
6 1646 1924 1978 2971 4209 4216 -69.532715 -40.680002 -42.853522 -67.916508 71.245995 -1.211080 
5 68 2240 2633 2754 3440 -76.640356 16.395876 51.596763 56.269331 -87.693044 
5 738 779 1739 4824 4959 -22.233212 -56.094216 74.922079 67.936644 78.316712 
8 821 1922 2237 2261 3006 3917 4309 4705 -9.433151 -30.342024 -32.782823 -71.167887 -37.325967 94.654915 -43.973951 -3.555296 
5 1033 1211 1772 2183 3316 -91.313221 43.855797 -30.877759 71.110553 -13.672602 
7 684 913 955 1490 2883 3472 4025 -54.468812 23.436340 -51.710552 -25.205034 72.075804 -90.129078 -81.435619 
3 2774 3154 3874 17.600638 -90.803029 55.923165 
9 248 1065 1229 1307 2323 2717 2939 3121 4425 -3.065078 90.833721 40.506111 58.617516 -56.800376 -77.174758 75.231160 87.868906 -79.526600 
5 77 1910 2593 3419 4252 84.794011 -73.881159 13.129718 7.687204 21.176727 
3 1941 3501 3697 79.970453 -37.859043 87.363692 
3 1182 1778 1867 76.491551 15.184495 13.019321 
4 383 975 1039 3417 -60.224095 -36.795996 -21.780937 70.045692 
6 114 406 1740 2316 3131 3685 22.325286 -49.324869 76.598354 22.606856 -35.360111 34.396711 
8 79 576 814 1392 3158 3789 4338 4912 -9.146358 63.665440 50.792439 -86.472605 22.987083 -73.058657 -37.923956 43.247522 
4 58 800 2112 2891 17.977305 -78.693432 95.642848 -11.751320 
7 310 2004 2173 3873 4128 4464 4696 -54.705836 -43.826574 -30.668924 87.865670 88.680680 -16.624424 32.473386 
1 3800 -60.565114 
7 156 1003 2650 3798 4374 4427 4768 38.074082 22.929399 12.372995 -63.888544 -62.817773 54.673760 -99.404414 
2 31 1092 -99.262297 41.742452 
2 288 2037 -29.460390 -26.609452 
6 169 2035 2050 3005 3089 4199 -7.743338 -77.698435 86.479515 -90.190186 -60.410081 -58.832498 
4 17 777 915 4832 74.606900 44.340946 -8.780435 80.017100 
9 407 971 1518 2048 2410 2821 2838 3538 3650 -2.984963 42.401174 -32.685942 21.577845 -65.799042 -97.775547 18.211522 73.183198 99.851282 
4 228 991 2030 4496 96.685506 53.847263 -88.791889 -68.850629 
8 26 1353 2708 2789 2854 2869 3102 4703 -78.481550 -12.071178 -18.104406 75.670220 -62.015310 -48.042578 25.746544 -44.540288 
4 2437 3430 4119 4651 88.761652 13.738600 0.499341 -89.605616 
5 2699 2865 3703 4472 4580 89.577835 13.097482 -15.710248 98.212351 12.750871 
5 169 501 2300 2462 4672 -23.398453 24.194719 -85.641293 -56.598101 -63.326320 
1 248 78.151662 
7 421 693 1796 2682 2697 3217 3634 -86.669935 -3.548898 -99.211981 28.719288 7.741412 -54.973308 -11.156709 
2 2116 2238 -17.843955 63.731025 
5 1719 1763 2000 2859 3847 -1.103043 67.590418 24.509266 -6.920623 -82.708917 
2 175 1950 9.800474 -49.262540 
3 1168 3523 4973 -79.808568 -74.113151 -44.942155 
9 122 130 896 1145 1441 1597 1700 3589 4036 79.981970 62.482502 13.661652 -27.959613 21.400477 -36.790400 -77.694294 -53.165994 92.923749 
7 511 806 1646 2483 3121 3674 4558 -91.808236 58.507207 86.729651 82.683146 -3.060911 56.253082 6.666286 
4 968 2049 3941 4934 -36.435507 -50.255014 75.951746 75.807584 
7 671 2349 2352 2997 3335 3339 4607 -24.020330 -86.150916 0.047223 -70.437021 46.839805 -87.632621 79.085685 
7 520 2603 2787 3113 3361 3938 4153 -8.056852 69.058269 22.852421 40.315183 -45.627775 -53.088015 -11.064573 
3 209 1749 4492 -95.204622 -92.700058 -13.142001 
5 1580 3343 3958 4168 4493 53.714543 7.968986 59.714944 87.253691 41.827843 
5 166 628 1613 2006 3846 -33.212334 -3.287594 -97.412221 -60.358019 72.647624 
5 393 542 929 2085 2192 63.969664 69.712039 -53.068345 -12.947829 -62.801016 
3 749 1590 2062 58.250861 -69.496236 99.253195 
4 364 1452 2953 3054 -75.425936 67.475581 22.050883 -7.174127 
10 322 753 917 937 1374 2018 2968 3474 3658 3845 -12.072816 -97.887375 93.469721 -21.190559 52.927472 15.329159 -35.599105 -30.440639 73.014648 -85.565118 
11 291 1775 1895 2038 2568 2781 3559 3972 4005 4384 4599 38.485471 92.317604 14.014779 68.827313 75.233254 92.803819 -18.273959 -49.320140 64.568696 -28.604340 65.493307 
7 532 964 1835 2559 2698 4429 4572 4.992705 4.332093 -50.034555 -97.494363 26.963059 -89.763506 62.625052 
1 2208 -98.452593 
6 750 791 2396 3854 4225 4911 -20.519115 31.880525 81.829790 17.647171 -38.542816 4.481683 
5 407 1597 1685 3932 4062 -33.674175 26.665085 66.062415 56.192016 12.021361 
2 4347 4597 -38.781136 -77.465119 
3 558 1333 3599 -98.494373 -84.428215 -80.908779 
5 538 1826 2734 3492 3602 64.485174 68.201439 98.533679 49.822102 -33.410830 
10 509 587 899 1435 2114 2146 2681 3027 3822 4435 -42.363145 37.927595 28.175469 -63.878528 -34.538070 2.495173 -56.798302 -57.905054 -82.574114 26.638074 
8 133 574 1687 2726 3793 4748 4805 4983 99.875137 14.168942 73.852550 28.840048 -54.109415 -14.849535 12.052265 62.791392 
6 299 2341 3014 3220 3282 4799 78.203012 -94.020915 -2.039599 88.465651 -20.439000 -41.545221 
9 68 913 965 976 1290 1694 1719 3371 4120 -79.513245 -68.438538 39.851798 -42.425074 -9.818793 -21.325645 95.525880 -74.474990 9.491176 
5 516 1224 2119 2166 3953 11.111566 -41.376091 -0.001855 3.069450 -86.189427 
4 2029 2103 2302 4437 -61.161928 -94.266923 63.114620 81.033815 
5 91 2635 4664 4723 4817 -76.279319 28.511221 47.394543 16.928178 -38.586931 
2 546 3923 -52.572638 24.311938 
4 1011 3531 4239 4516 -1.707751 -17.484279 98.363532 4.029126 
6 713 1450 3079 3408 4166 4454 74.862934 15.911753 -91.811645 24.194168 47.055173 -68.474648 
5 598 3523 3534 3748 3829 -55.370968 9.053572 77.589758 -84.986727 -30.188755 
4 3692 3796 4303 4613 -43.020929 -80.798548 37.333747 6.675107 
3 1285 4105 4747 84.672182 2.469533 7.316984 
6 1696 2526 3384 3723 3870 4577 -11.522710 38.555410 -66.201182 87.474524 -31.225287 -16.056103 
6 186 639 1671 1763 2962 3837 -87.774679 -93.196644 11.070263 -80.820165 -87.875442 -66.735338 
6 1222 1425 1875 3171 3754 3963 -46.051074 -69.378786 45.997353 -14.691003 23.532150 -16.423957 
8 394 459 1234 1619 1794 1857 3461 3483 33.599076 -59.494318 -40.094870 -88.736994 -75.727492 -41.377833 -82.033901 -66.457587 
5 694 1731 2172 2992 3264 4.012481 -67.411215 -56.741442 0.807216 -85.137215 
4 55 2230 3301 4006 19.651229 67.707044 -65.281726 -14.928340 
3 1100 1309 2455 -78.877684 -44.120510 -7.875653 
3 1243 1673 2397 -1.543173 -34.662568 -26.523087 
6 1021 1436 3060 3263 3653 4650 -54.196920 75.225267 -44.658802 1.106610 -86.306256 -42.651812 
4 77 436 1475 3139 -71.034251 1.694709 -77.222660 -90.619781 
1 4654 59.628408 
4 1333 2969 3596 4743 -37.087511 -40.493769 17.503236 10.792231 
3 1518 2717 3587 -72.136503 -27.756863 34.699097 
10 34 64 381 1597 1808 1989 2032 2552 3473 3811 -81.663957 24.712913 39.701001 -99.290625 -7.944146 -1.957055 -66.821564 -73.537299 49.845137 -41.308762 
6 1735 3165 3533 3798 3997 4434 -9.088943 5.092406 87.451630 28.222226 28.660971 -28.240128 
5 415 767 2845 4607 4678 82.291538 96.033091 83.993792 -18.197502 -24.512456 
1 1130 65.140500 
6 1098 1920 2146 2578 2742 3409 96.778764 41.242991 -28.661376 97.559092 97.589036 50.312397 
6 912 2418 2601 4511 4613 4970 12.840640 -72.083440 5.411536 -74.888817 24.143063 41.702493 
2 3269 4860 28.325661 -4.085272 
4 1381 2309 2529 4899 2.307681 72.492266 81.268090 6.954849 
4 311 1022 2313 3092 -67.357107 -74.688724 -42.669666 69.769023 
3 117 2325 3011 -7.304244 5.812665 82.128888 
6 1855 2028 2580 2812 3219 3786 -96.614207 51.326071 92.315145 21.828632 72.237052 72.031886 
7 143 459 2562 2735 3310 3949 3961 -19.513541 -23.233476 -1.576766 -75.240987 2.127304 -14.328129 5.969579 
10 336 1030 1434 1476 1708 1756 2299 3957 4290 4929 -65.056624 7.170303 -72.728906 20.008435 18.048813 60.740706 7.939483 63.216692 94.293434 -50.601712 
5 2576 3107 3488 3799 4473 22.369998 -20.693850 -75.406635 99.905868 12.989245 
4 411 679 1013 1569 -98.205370 97.166723 55.392095 -6.526939 
2 3026 3477 -84.104858 10.336132 
6 109 296 1465 3286 4423 4861 27.489900 30.912867 30.295107 -78.987515 8.463317 -0.179671 
7 799 1506 1896 2604 2942 3064 4642 -18.967593 47.136445 -50.997023 -41.347365 -69.894843 -82.355229 70.511606 
7 381 698 1196 1260 2798 3515 4723 -28.208889 27.451915 -60.841018 68.384454 21.664854 69.929336 -28.711680 
6 1082 1243 2341 2887 4208 4991 27.299414 38.413335 84.357029 -92.285265 86.995349 -69.702389 
3 780 2109 4180 -24.211851 -25.104086 -91.177542 
2 2372 3412 -19.362657 -72.450886 
5 651 805 1462 3032 3641 63.502709 49.633341 97.665072 86.272165 -96.919814 
4 245 663 1383 3823 -9.951861 -28.444277 -90.373570 83.503395 
4 2281 2522 3329 4371 1.178004 -24.546716 29.612242 -92.510178 
4 626 712 2015 4659 5.595047 75.271920 -21.404552 -51.683876 
7 332 597 1644 1942 2822 3210 4978 78.591386 -97.235134 26.678484 57.764884 92.085956 63.126971 53.658374 
2 470 2059 60.897321 -89.811234 
3 946 1512 2627 -4.808249 60.395864 6.847148 
4 1894 2476 2898 4457 -67.011976 40.974192 38.922214 55.208696 
6 552 609 2770 3956 4361 4720 -44.536498 35.836364 -30.212332 -89.068977 16.289729 -42.602960 
4 995 1185 3495 4093 36.209107 15.877558 -87.248487 -49.157873 
4 742 1759 2413 3310 13.882431 -15.770845 -15.518645 -62.807346 
3 3533 3586 4874 -9.401181 -44.427613 43.403354 
3 114 1028 4765 -15.043952 10.695879 25.246845 
1 3119 -21.446073 
5 519 1003 1696 2467 3052 26.364646 11.354698 54.337528 94.542305 -48.053296 
2 1544 1693 13.803079 50.629999 
5 1564 1863 2537 2770 3680 12.528030 20.300416 -38.270062 46.305514 -5.616138 
7 684 1687 2345 2440 2571 4375 4762 58.442434 -85.759845 -77.077958 -55.950898 -75.324752 -74.874236 -92.491961 
3 1656 1680 2947 11.266388 -93.969493 57.201251 
4 587 1566 3284 3740 33.453768 -86.008206 42.131203 -42.836530 
6 518 1473 4219 4682 4798 4881 -84.507001 95.117023 96.403403 0.995640 81.434319 44.476010 
1 2380 -6.197402 
4 925 3096 4205 4312 -26.903677 62.834313 47.141728 -83.448475 
5 733 1202 2548 4360 4492 -36.155937 71.587822 93.369272 53.364000 -58.109403 
8 1956 3197 3357 3647 4253 4738 4825 4956 79.801423 86.917264 -58.277308 9.307582 -94.884694 93.113002 -87.724580 9.173940 
6 616 953 1714 2506 2595 3407 38.879346 -89.879338 47.050848 86.879090 -66.467787 63.301511 
7 295 990 1258 2217 2304 2537 4028 -94.409768 17.132354 -60.569539 -40.144807 -39.494642 -59.711368 -58.964128 
2 496 3630 -17.405050 41.350496 
6 1079 1527 1556 1941 2005 3755 -78.955903 91.076977 79.637192 -66.431736 1.332330 24.106578 
1 4274 -48.698021 
8 652 751 1222 2490 3137 4016 4343 4983 -64.435543 86.629915 -28.734831 -75.729645 -80.939892 38.326095 70.571841 43.017547 
2 3330 4171 -28.482615 -18.768548 
5 1518 2556 3531 4119 4256 -1.560673 -86.525425 -73.184582 27.920302 76.029099 
4 847 1622 4037 4442 49.882642 5.050689 -64.484435 42.483020 
0 
6 260 801 1122 1320 3314 4575 -55.439789 -55.788069 19.832133 -85.072122 34.933704 67.239633 
3 2131 2293 4270 66.440326 26.218581 -52.960198 
1 3608 -1.719898 
5 439 1869 2731 2878 4477 -99.491815 4.544067 82.875918 76.042513 -92.317024 
9 374 1810 2274 2931 3649 3927 4113 4707 4732 81.244860 -65.412297 -17.147974 -40.715842 -52.351328 -35.950521 -34.608740 -74.178157 -74.713526 
9 329 410 515 720 2132 3057 4082 4778 4910 57.744931 53.681543 -63.628963 92.306454 -52.633115 -43.192897 -68.883367 59.875233 -41.927140 
9 688 1011 1131 2444 2684 2961 3148 3323 4073 65.425703 16.158397 -23.425043 58.733157 -87.084933 -71.797958 6.864921 -6.804946 68.606010 
7 285 1246 1280 1656 3521 4123 4513 -51.782592 17.683354 -28.558719 68.240102 -50.212218 90.341120 -26.437213 
7 878 1090 1460 1928 3278 4058 4506 75.364036 59.485698 -3.585384 67.809764 55.663306 -59.625927 -18.861038 
8 510 563 887 1556 2031 3056 3905 4180 86.913727 57.807738 81.868925 -62.051266 -75.922518 27.475902 -67.571380 -5.416530 
1 3713 83.656710 
5 1024 1258 1643 2130 3114 -41.985461 -76.403486 -83.001081 -49.634540 3.988612 
3 1295 2562 2594 -47.747124 -70.722736 72.779415 
5 1024 1473 1571 3192 4139 -75.292237 -67.669210 -37.347682 -47.909669 90.661700 
6 1028 1720 2792 2918 3475 4317 28.920154 97.059916 -57.904461 -81.084854 -11.484451 -44.938088 
3 223 1440 3884 96.616742 -44.299395 -35.080249 
11 296 709 882 1697 1783 2059 2901 3019 3193 4269 4501 83.918334 53.396334 -42.694012 -52.503268 8.127391 -9.323740 56.167033 49.255898 94.676850 -48.099481 -88.684587 
3 1982 2710 4110 94.746877 -6.856546 47.458650 
8 1050 1118 1275 1838 3199 3338 3542 3714 -96.732288 -37.390470 -28.168215 75.937152 -75.509940 36.746036 -55.393172 -4.392836 
11 270 642 1010 1369 1852 2468 3436 3447 3890 4248 4365 -35.153016 47.507758 4.222760 77.318010 74.099027 88.349180 27.063803 40.346560 73.112141 51.539931 67.462460 
5 671 883 976 2666 3676 81.486280 14.338812 88.966590 57.927627 -82.797157 
7 1 1203 2820 2999 3403 3436 3699 7.311525 12.173705 79.349745 9.468969 -12.315545 -44.194022 80.846989 
5 93 833 1922 2370 2509 -19.766603 65.712300 -67.039226 -65.777178 -12.223875 
6 948 1221 1242 1402 2490 3221 -83.759591 45.960150 19.165466 79.695244 -92.997907 79.741049 
4 3728 4469 4594 4948 -71.900505 10.531482 -89.696914 -84.813099 
5 367 1846 2936 3739 4498 11.412810 -6.920783 96.643169 79.789359 67.638830 
5 1410 2031 3249 4151 4841 71.803082 5.219826 -42.329984 99.469895 -75.032205 
4 4031 4299 4417 4498 -21.531393 -97.395359 -83.892357 -34.754975 
8 813 968 2931 3022 3148 3185 3968 4824 48.000659 -89.051277 -20.293102 57.446418 66.668234 7.828831 -20.176347 76.220373 
6 1459 1614 1718 1818 2375 2626 -27.533751 -83.952082 39.007290 24.962885 92.598922 26.233830 
4 478 3544 3594 4620 -23.468614 -41.065256 -80.404703 99.776740 
5 1105 1776 2634 3032 4898 23.444025 58.933290 36.266790 -53.597252 17.529443 
7 402 797 963 1643 4336 4596 4954 4.355271 -28.658824 40.526820 41.709090 4.871030 -49.775457 -55.590266 
5 319 612 1045 3144 4465 -3.530844 -5.516903 15.188353 -80.472104 1.148751 
3 1441 1954 3800 92.119893 -24.180184 73.801912 
4 1981 2229 2944 4006 -34.362626 28.413188 70.542817 23.931246 
6 452 1316 2612 3488 3792 4762 -8.827271 38.283754 -37.561071 52.602756 -41.075560 -56.304046 
5 21 952 1532 1719 3943 87.301756 -41.178068 35.814402 29.448413 77.313282 
5 1952 2070 2733 3278 4440 -22.021217 82.086028 60.231228 -76.813812 24.568847 
9 956 958 1243 2252 2519 2929 2930 3113 4706 -22.094346 26.603337 38.029606 6.120142 13.177595 32.373114 36.726695 19.979267 35.967201 
5 1081 2447 3512 4466 4559 67.121223 -47.436845 -23.536323 1.636692 33.447311 
3 3529 4196 4870 68.513261 -95.360816 -35.805988 
10 133 174 349 810 3382 3578 3970 4534 4780 4798 8.816761 80.882116 -43.945642 -86.885189 -1.874987 -10.658562 -49.538311 21.378541 -86.914707 -44.589427 
9 257 911 1167 1323 1403 2120 2314 2406 2896 -32.149600 -97.650536 35.926833 -12.922609 51.689904 -17.392689 25.279147 -80.939873 -26.831373 
4 2733 2901 3558 3592 9.935780 34.889550 -94.458135 -55.311333 
5 1472 1848 2376 2726 3185 45.768584 -77.924195 -63.102591 -69.231682 -93.611351 
7 1216 2195 2413 3146 3848 3918 4285 6.534164 -24.864385 -41.241311 15.901074 99.932521 1.665722 45.336376 
7 232 1899 2205 2339 3303 3419 4863 57.904660 -38.118476 -46.180654 -26.328105 50.915947 -5.972223 -96.108118 
8 98 234 889 1778 1957 2240 2578 3455 -54.943267 -21.625576 -76.152882 -53.496651 -66.364178 32.552798 -67.755481 -25.581117 
9 37 588 760 1761 2022 3429 3883 4182 4812 24.089192 20.654372 -20.006964 -31.234771 -78.323106 0.661093 31.667923 11.999606 84.712696 
5 1478 1960 2256 3418 4276 32.087513 -11.893080 -36.173770 46.485530 -67.134828 
5 1146 1321 2360 3637 3664 37.296554 92.024262 -12.670851 92.928481 43.750946 
9 1166 1441 1586 1656 2595 2596 3956 4116 4235 58.523359 -80.077695 -0.813179 99.571278 64.363313 -96.186241 -52.403637 71.982139 31.552358 
7 73 118 1166 2063 3222 4782 4955 46.036031 64.707688 83.362518 -9.488933 -44.845599 86.028129 15.661621 
4 302 1559 1594 4909 67.302594 -60.047116 -94.500963 62.437953 
4 544 2323 4321 4688 -44.882446 -51.755192 18.903849 -63.910345 
7 287 423 872 3723 4190 4843 4890 -77.628200 -40.503451 -95.801911 38.176506 -59.532817 -20.711801 -80.329441 
6 333 553 939 1061 1691 3686 82.452792 -58.915653 -82.645624 -68.873685 -40.656192 -30.766115 
7 222 696 1414 3151 3285 3315 4710 -95.384300 -0.508919 -93.257334 -67.383866 -65.845772 27.848491 58.937910 
8 551 862 2903 3080 3308 4255 4322 4967 46.752055 -79.763822 97.726429 -77.228801 -33.236551 58.809749 41.155675 36.340815 
5 1133 3927 4038 4670 4881 -18.728930 -98.001349 -17.156391 53.548190 -54.008386 
6 777 2344 3145 4127 4433 4450 -40.491726 28.922735 -21.775815 95.445600 -93.227104 91.536585 
2 470 3176 42.087500 -37.025189 
2 77 4707 -29.943748 99.424857 
7 120 634 1804 2303 4227 4425 4620 11.712659 -24.786868 -52.395482 -2.572583 -42.304201 -5.273591 26.174674 
4 380 766 4454 4897 94.899022 29.337894 -28.666103 98.014128 
6 33 285 527 702 2599 4156 78.712525 18.258422 -29.393832 -75.380283 -19.341226 11.545780 
5 1655 2624 2873 2969 3289 66.946423 46.941605 -95.765250 -44.411205 74.939048 
5 626 980 1780 1900 4300 92.108980 33.868272 -44.366448 -22.194181 44.641629 
6 376 488 1996 2404 3418 3489 11.165487 -2.404524 -76.265099 -51.496359 74.799619 43.515692 
2 1634 3306 73.236770 26.794013 
7 635 947 1914 2139 4154 4558 4978 82.932121 -99.727332 -65.620405 20.218771 70.845827 -23.096985 -9.566629 
8 2151 2219 2410 2824 3474 3497 3708 3798 18.450810 -68.618475 12.196263 72.332457 -10.016772 59.273941 -52.422775 -2.244222 
4 888 1157 3220 3674 44.821474 66.394667 28.717434 -83.966605 
4 96 293 1725 1897 68.572809 -93.404806 78.808596 61.605178 
7 14 1018 1211 1558 1635 2008 3779 84.630023 -28.976360 -44.289441 21.385400 35.322164 -25.071167 66.018249 
5 161 876 2481 3275 4192 98.884650 55.878537 74.550331 24.504428 -99.219800 
5 1384 2321 3934 4350 4944 -42.988867 -60.597651 92.085665 -94.619022 36.452178 
3 303 3340 4872 -68.903606 27.788797 96.612731 
7 46 546 851 1106 1972 2791 3352 -4.289893 90.792180 44.784105 44.049696 60.284851 -41.297128 73.588373 
9 992 1799 2284 2932 3204 3941 4136 4174 4873 -51.095051 -62.143238 49.515499 -2.217703 -28.811543 67.157933 -14.983141 -27.271556 40.178211 
4 3310 4106 4777 4877 23.436634 38.994021 -50.287962 -46.581368 
7 1359 1475 2887 3264 3863 3912 4451 -16.981362 -5.807967 -58.539556 62.161704 44.349295 -94.685034 -87.951792 
6 201 673 1207 1675 2452 3560 31.422943 89.244239 -28.643464 -89.642548 44.323505 38.523446 
6 2472 2608 3077 3721 3933 4008 6.887893 12.263045 -57.297289 -22.728093 -92.335038 -81.767047 
2 144 2279 90.906424 39.942529 
6 250 732 733 1862 3245 3644 -12.573898 42.921248 79.828378 -54.828144 -70.813037 57.386298 
5 159 503 722 4075 4848 48.147453 15.686685 31.249586 47.085596 97.191735 
7 124 696 1055 1490 1639 3547 4311 -33.262220 -96.324020 81.470505 -42.234948 27.804749 -11.194900 88.547365 
8 369 773 1099 2080 2178 3871 4327 4768 50.924070 40.015432 82.076881 -59.636658 -26.644574 -68.444459 70.553766 98.832617 
2 46 3204 8.085319 34.641174 
6 42 933 1170 2910 3138 4746 -41.390658 31.077268 -0.009583 -54.215874 -4.026426 -23.055403 
12 13 295 948 1573 2620 3345 3636 4242 4471 4561 4773 4869 3.933537 25.971417 -28.302021 -85.171879 0.393171 88.785751 41.991225 -84.570044 85.173778 -33.514174 34.097084 -64.577927 
1 3718 89.327165 
5 231 1622 3332 4328 4551 -6.151532 56.784524 94.882107 -67.704873 7.558014 
7 258 266 1556 3068 3349 4327 4565 27.319213 -20.658502 -68.328217 -43.017426 1.960851 69.127463 6.274350 
6 525 2114 2781 3419 4790 4797 -76.620114 -11.548978 -43.100224 41.007648 -58.377555 -14.840291 
8 6 1144 1416 1435 2687 3267 3614 4042 -78.818661 -44.600006 -20.237283 84.554585 -72.988353 -18.743467 90.570422 -49.830805 
3 2000 3495 4113 89.353314 96.137676 -63.657198 
8 545 1514 1953 2841 3356 3669 3720 3914 52.909306 55.906086 -78.226617 -97.016964 32.629150 54.642356 -83.290495 86.494151 
6 297 834 1106 1361 1394 2654 -95.351680 -79.262866 -95.415184 -51.020839 3.044555 92.831878 
4 56 2434 2778 3187 97.750568 29.495498 32.514042 19.338565 
2 727 3361 11.285785 -66.341937 
5 765 996 1365 2106 3604 0.081585 83.406077 14.274003 41.870383 -2.060357 
3 145 3575 4891 25.052216 -3.068091 52.567220 
3 215 2141 4226 -29.543377 62.428411 71.516694 
5 1389 4045 4185 4328 4516 -68.817658 60.740768 -35.975891 -41.764629 -38.058575 
5 14 190 759 876 4660 -24.844867 39.866008 63.832535 21.496529 92.817897 
2 3338 4744 3.194260 -25.248937 
4 989 1045 2998 3206 -77.487033 -52.198925 98.188355 -74.344893 
4 77 2387 2602 3770 -51.280071 42.284448 28.817348 -48.843588 
7 408 1627 1993 2390 2513 3778 3889 -56.311378 -72.618871 -14.220306 5.603307 -29.084719 -67.348707 96.331951 
10 395 881 900 2092 2933 3576 3653 4485 4605 4959 93.310445 91.591039 96.361333 86.306638 -74.661529 35.240835 0.991691 11.148020 76.996476 -26.596545 
6 1845 2369 2387 3743 3980 4545 47.588949 -73.267152 -90.062768 37.512671 94.892201 -50.095162 
3 432 2681 2816 98.322069 94.623087 -64.519415 
3 2198 2409 2892 -90.189739 -52.728289 -24.499380 
4 2389 3328 4546 4943 81.072574 -30.939082 36.431823 4.757648 
9 488 745 806 1550 2155 2784 3407 4715 4817 46.091354 -0.178361 60.448565 -25.158586 -47.248217 -16.776654 -39.375069 -39.849765 -14.919428 
9 486 544 1452 2754 2911 3496 3514 4316 4904 55.114354 -13.542838 -6.128473 -50.809473 12.548825 -49.554355 8.278248 -33.650957 -28.207387 
3 480 2763 4708 -95.053007 90.040506 -68.921335 
6 757 1225 3708 3876 4232 4697 -11.944736 -70.112623 -66.124154 17.356297 -51.333682 -54.333542 
8 2357 2438 2688 2775 3816 3864 4009 4159 54.817889 34.000727 -60.562856 26.283111 -19.276912 -60.741880 49.782411 45.795357 
7 551 1393 2770 4138 4261 4340 4941 56.017423 59.928000 44.718090 33.485908 34.334422 89.051374 61.040182 
9 526 1975 2012 2214 3037 3461 4582 4846 4912 -80.371291 57.161073 25.231346 -84.049784 -30.331893 -37.774771 -7.837250 -29.057376 77.499548 
6 157 326 3083 3562 4566 4918 -0.396631 50.410817 -61.546308 -16.842340 13.906166 71.715401 
5 1164 3422 3557 3738 4205 55.311784 -77.068391 -95.400795 -47.643158 -97.121024 
5 404 796 1425 1529 1615 -59.337005 12.721048 -2.893846 -37.591345 -78.636851 
4 890 2163 2379 2564 -4.732739 12.665075 12.375796 43.807789 
6 373 861 905 2641 3841 3902 -64.182364 -90.153072 6.831809 -96.793182 -75.711970 97.362144 
8 490 1152 2523 2547 2914 3246 3565 4034 -87.363424 -37.888668 -89.813620 -37.758072 -22.964842 31.555343 -0.723352 33.477551 
1 2728 95.409286 
3 152 2721 4177 47.317533 80.357413 -86.360250 
1 4281 52.609200 
4 190 2154 2166 4097 63.200502 30.742191 18.400197 92.086412 
1 2919 91.181246 
4 28 1481 1831 4114 -42.377056 12.257255 -63.501825 -28.747531 
7 1212 2327 2880 3470 3959 4425 4506 40.506375 1.516533 94.554817 14.970854 7.444680 10.969237 -75.342746 
11 1003 1190 1248 1290 1569 2732 2963 2966 3264 4704 4981 -66.772998 99.079752 -26.801943 -71.408813 88.449207 -78.572041 43.680129 61.169801 57.672689 76.540794 -6.261873 
6 993 2535 3608 4141 4728 4850 -69.570829 50.799355 -50.205656 7.845669 -10.249193 41.153357 
6 110 302 656 1306 3594 4689 -14.149404 14.019863 98.426825 -16.695131 99.774728 5.006957 
5 195 472 1423 3610 4960 -57.330623 -31.874999 91.141452 1.650289 -97.761547 
8 138 389 420 585 1105 2365 2758 4708 5.837581 -67.207859 62.871085 -77.452136 65.994755 23.579246 -16.124997 -40.419609 
7 674 1442 2115 2121 2920 4437 4747 55.934675 -42.105805 -7.583116 80.199745 25.987758 -54.208367 33.960136 
5 1006 1296 2920 3377 4004 -6.778865 -92.044049 -60.230515 85.578456 54.546030 
4 520 775 2279 4439 -97.124656 67.963047 -51.078046 -56.198458 
4 603 1429 2721 3393 96.575295 -91.490587 -96.782576 -37.380777 
3 321 625 2996 -11.408775 72.293968 84.600088 
5 672 1765 1975 2253 4247 69.242951 -37.215808 -52.923133 13.298120 31.367575 
3 1153 1228 2002 47.260310 -0.010276 50.988942 
6 2655 2707 2735 2794 3088 4458 18.485637 9.878844 67.006593 -80.285011 28.372642 -5.764964 
14 98 397 1034 1100 1139 1158 1221 1553 2814 3176 3386 3559 4201 4845 24.505535 -62.927016 -34.707405 -38.693908 -13.082408 -21.375679 35.555456 81.993180 -73.472693 -88.587485 -9.605139 26.941424 -35.311616 57.719924 
6 784 979 1181 2305 2895 4547 18.685468 90.192496 -24.798347 -2.289847 -43.587339 -92.106463 
5 75 936 1351 1717 4078 -1.774516 57.502023 87.623593 33.927144 -8.866701 
8 630 2063 2184 2576 2761 3345 3585 4189 42.857522 38.628235 -95.405738 -81.319082 66.456463 -94.108892 -21.311586 94.138345 
9 706 768 1400 1503 1578 1724 2291 3686 4485 -70.402878 -33.181422 20.049233 37.495316 78.476370 74.744707 -59.789915 13.406384 -14.028279 
6 202 2776 3417 4328 4368 4392 -59.501467 71.403321 16.068571 46.000810 96.646972 -50.637930 
5 291 1786 2879 3259 3614 1.729398 56.367078 -77.941627 42.842003 -85.081456 
5 134 526 1358 2381 2406 -84.252546 68.163075 86.525099 10.182290 -26.474015 
7 1274 2037 2050 2656 3229 4434 4883 3.250226 1.291013 -52.944164 2.704355 87.534510 3.221780 -52.833525 
5 714 1056 1212 4256 4602 -85.483602 1.012883 -31.764825 -57.089545 32.724450 
7 129 612 969 1116 4226 4289 4898 -53.334143 44.079144 -14.998683 -5.245794 -44.100616 -55.744547 -89.435697 
5 137 2209 4020 4130 4550 66.830969 27.730483 -62.574277 -32.374163 -7.051710 
6 133 1996 2261 2297 2334 3897 -85.197744 29.428588 26.543559 8.092485 5.680592 35.284314 
3 1620 1839 2255 -73.532676 -63.485597 57.276571 
5 46 894 2523 2690 4302 -2.771628 -24.905160 -11.335627 -87.966755 -18.776063 
3 1540 4011 4137 29.498223 -25.832067 16.041156 
6 464 1298 1853 2336 3266 3337 -76.310566 56.881367 -27.009857 33.639154 72.631360 61.832778 
7 432 721 1126 1184 2215 3805 4772 -85.497163 -87.166011 65.048796 -62.045656 -52.192909 16.209580 -78.408393 
4 1874 2365 3837 4435 -31.810963 -5.886413 -29.545140 -58.417509 
12 10 36 302 1205 2235 2426 2463 2771 2960 3066 3248 3319 -79.758099 -56.149761 -45.376524 -44.967244 -2.491925 -19.537850 85.092292 -73.955193 33.817003 -35.112638 99.699530 31.741863 
7 129 1970 3360 3371 3374 3608 4594 -18.325103 72.778033 -19.355307 76.257905 5.181263 16.557909 24.083989 
11 177 343 718 1118 1364 1916 2253 3809 3904 4023 4632 -98.943398 -33.211542 12.041396 43.518907 5.898791 -58.723135 -72.619195 29.985583 1.065455 -43.337549 74.674872 
4 823 1268 1897 3732 -6.001426 64.343241 -15.695028 97.041564 
9 700 962 1080 2635 2675 3895 4230 4283 4757 57.481987 75.074495 -84.921192 92.327816 -79.861073 90.503920 -8.229300 2.863153 95.200881 
8 656 753 1315 3212 3278 3493 3765 4994 73.964849 -7.425889 -0.039676 53.433501 -8.811001 -65.717738 85.122173 74.577451 
8 7 677 969 2528 3545 3683 4529 4690 21.241905 43.634137 32.394400 -46.039266 43.293211 55.280600 36.595610 66.267678 
7 498 694 747 2451 2483 3905 4947 -45.287073 79.683654 94.444479 -85.764882 68.537149 91.795328 -94.697230 
9 2097 2258 2513 3355 3995 4389 4585 4707 4832 90.284086 9.179062 73.571956 -0.538593 30.949928 37.045159 23.447971 -14.750006 13.165843 
9 734 797 1056 1714 1938 2587 2678 2683 4034 67.601756 -61.818061 90.971972 -52.374547 71.503893 -30.420114 12.753075 28.226661 -7.455848 
1 4868 12.739643 
8 1398 1531 1832 2871 3437 3817 4128 4257 90.192221 -21.860314 77.120492 -64.621160 -27.535735 63.601288 -6.559299 -78.943176 
1 937 -95.480491 
5 667 766 929 1618 2700 90.106555 -28.404960 41.127914 41.656586 96.735348 
4 756 1009 3403 4274 67.387951 89.524397 99.522742 -22.716412 
4 585 3315 3524 4297 -3.773178 -63.774458 65.849936 -69.364786 
9 480 563 1157 1524 1578 1980 2202 2630 3221 14.105235 -60.671665 -32.846959 89.271600 -15.779597 17.045136 53.843073 64.886601 42.344956 
5 947 1318 2415 2424 3764 -35.984840 98.154292 -97.965382 25.494516 -99.894190 
5 2375 3259 3984 4223 4618 43.159888 0.314905 48.365819 78.845708 -51.924067 
6 1228 2691 2792 3593 4026 4260 -5.726793 -56.985786 5.061379 -90.270758 80.853945 -77.106580 
4 571 1865 2221 3935 58.028385 -51.440540 -88.707763 -16.831322 
4 582 833 1643 2105 -20.864906 82.809142 -72.951894 -43.772064 
3 4356 4408 4989 -51.235288 10.697779 -46.167957 
4 483 2166 2882 4941 -74.764384 7.121416 -83.146714 83.069752 
4 968 1252 2913 3478 93.434294 2.275085 -79.059763 -65.119748 
5 996 1261 3335 4091 4513 -61.467045 89.041271 -9.587430 -51.370272 -77.214087 
4 2806 2994 3251 4936 -91.376323 -95.155206 81.617821 47.756068 
4 299 704 1398 4876 -53.069606 -58.266751 -33.967193 -58.234610 
7 47 376 1223 2574 3012 3744 4585 -21.190550 38.166015 -60.821183 28.407366 3.367485 53.812507 -83.697841 
6 368 402 842 3092 3260 3720 -38.891089 -98.946765 -21.903987 -46.507307 19.404382 -73.747543 
4 65 2269 3073 4800 15.570490 90.881985 -25.002471 -1.278931 
7 406 655 2018 2360 3944 4823 4909 -46.701184 15.241137 -30.896249 -52.624755 7.479200 29.480969 -68.713796 
1 3507 59.927086 
5 261 574 3442 3840 4323 36.191703 85.688131 -64.587544 -79.013743 -77.021187 
6 152 588 644 2912 3476 4453 62.167171 57.463456 -99.689698 53.465138 60.724383 -4.983651 
7 73 675 1431 2967 3111 3291 3763 51.354601 -61.699951 -50.381456 -24.272756 -12.583952 8.034956 -28.252511 
6 3 448 3912 4383 4591 4968 9.157447 35.879572 0.793726 10.027253 -27.012338 31.841566 
4 1301 2896 3079 3966 -65.367533 -32.335387 -9.185792 -35.761290 
4 720 1255 2000 3218 -41.708190 74.831334 36.927873 -96.204716 
2 1398 4269 -24.758222 -11.837227 
10 154 784 1681 1991 3340 3504 3814 4501 4550 4845 74.977625 -12.408520 -7.864731 -47.951575 -82.409090 33.038705 -75.090478 -90.157140 -36.020879 86.863799 
3 885 1480 4349 -4.207412 -65.946065 63.644343 
4 1957 2597 2799 3213 -42.047700 40.314043 56.389233 95.306108 
2 3727 4173 -51.913885 -45.500582 
3 1789 2352 4111 -26.289003 -33.453096 56.891302 
2 2317 3368 -91.018059 38.689382 
4 631 1156 1593 4069 16.442668 92.581124 -46.072234 40.540667 
3 1800 2088 2210 -57.734905 64.979696 52.816901 
3 912 3546 4773 -16.026086 -0.480122 54.998637 
2 25 691 -12.942368 -24.619755 
7 349 1248 2514 2579 2810 3965 4988 15.920871 34.242323 88.524754 -15.496851 -66.983604 85.080821 -76.945428 
2 4554 4916 48.862209 -15.975639 
4 500 1860 2272 3699 46.965004 65.331644 44.699208 4.830254 
6 222 968 1562 3506 4204 4877 37.573063 4.049509 -97.981104 -49.932505 -28.401817 49.045728 
6 599 1175 1551 2090 2543 3799 -42.424146 -62.538167 64.362574 67.493236 26.085313 12.534294 
5 581 1212 1441 3668 4615 3.801285 71.088512 9.249362 -93.597192 56.032352 
7 50 248 2697 2847 3145 4197 4524 -76.521937 70.520028 73.289543 -89.443790 70.888123 32.562470 13.684611 
7 800 1163 2171 3355 3551 4679 4810 -51.812756 -64.778705 27.940967 -15.777555 -67.344048 -36.541883 41.930007 
5 1600 1849 2892 3491 4589 -8.163539 -73.894637 -42.107228 1.381263 -12.921383 
3 906 1280 2737 73.548403 28.871743 -63.251329 
3 474 1625 3223 -65.411441 -4.181831 90.407051 
8 1780 1795 2140 2589 3938 4342 4356 4749 43.856355 -3.307693 -95.615531 35.081287 47.909340 45.511257 54.225356 -47.986949 
6 297 937 2226 2449 2512 3412 50.112366 -11.298220 -15.415526 -12.293457 -14.433708 -20.525414 
5 71 571 806 1043 3101 20.503074 -28.963527 88.091367 -45.954082 -2.396762 
5 953 1037 3212 3604 4540 -20.734797 -55.180438 25.983802 -61.593140 33.192909 
5 1314 1795 2295 4050 4078 25.848232 28.098839 33.247846 -48.265283 92.420484 
2 872 4673 -20.363811 8.917601 
1 4896 67.652317 
2 2212 2344 -9.523681 -89.365403 
3 1350 2124 2594 52.679785 -8.585557 -98.786159 
7 332 1522 2634 2681 2792 4228 4263 84.119498 -0.159988 -20.428530 60.177588 55.377565 -0.894239 -57.244136 
4 883 2220 3289 4970 91.400610 -73.547388 -18.056097 -29.828438 
7 418 1320 2377 2614 2701 3557 3570 60.228224 -20.466975 1.888646 37.702438 94.665575 80.037347 -61.684482 
5 421 652 1053 1074 3993 2.502378 18.972397 76.432669 26.923977 89.037198 
5 2208 2824 3582 3840 4691 -20.999364 22.078317 -4.546125 42.542638 22.467444 
3 1222 1788 4442 -3.525973 4.905631 -64.144411 
2 1822 1957 -97.199565 -41.383758 
5 1464 2988 4182 4214 4221 64.675408 -1.662156 -23.742799 -6.859712 95.405798 
5 51 401 1581 4539 4935 -77.934933 -0.836549 1.352644 89.880346 71.537434 
5 659 732 837 2430 3587 12.593028 78.404800 84.358538 -68.785801 32.730615 
9 81 603 799 939 1660 2054 2129 2151 2303 -79.962849 89.162462 -2.755497 -53.633601 53.733460 88.976772 9.268566 1.203335 -63.137367 
4 1036 1807 1896 3283 -37.313881 -18.245127 60.597811 -22.231623 
3 769 1269 4695 66.519888 50.240739 33.330384 
6 250 522 628 2714 3151 4236 5.095727 -99.375594 -60.831915 -54.032976 66.861653 -2.528235 
9 287 1811 2140 3002 3562 4161 4162 4721 4893 3.647201 -57.717871 -5.043244 9.387174 -11.099985 -75.692526 -67.800003 30.423646 -11.966561 
7 882 1072 2054 2367 3127 3430 3874 37.995287 -28.671797 52.975268 11.487230 50.883281 86.832839 7.674909 
3 102 2280 2566 57.308330 -34.239833 28.879934 
9 563 688 867 1409 2380 3832 4125 4361 4478 -14.641666 97.346208 -95.544389 68.756273 8.453221 29.312136 -43.123453 43.701103 24.365081 
5 1261 2160 2523 2757 4656 55.647329 8.587504 -81.678366 -49.939338 -4.593019 
3 76 2328 2522 69.046049 7.003765 -26.459891 
12 13 450 904 945 1400 1467 1990 2386 2775 3221 4313 4996 -38.849540 10.092139 5.422167 12.829258 99.753382 -46.453334 -59.499600 26.288727 -79.637359 84.706947 -27.155785 -83.920501 
4 638 2316 2705 3888 -67.569404 -17.708721 51.128433 17.817070 
4 725 856 2290 3934 -21.814166 55.383477 -1.205817 38.574720 
8 671 999 2917 3571 3687 3863 4508 4599 98.279305 47.814314 51.084834 49.039531 46.436339 -50.157080 -44.928764 -37.951570 
6 132 1535 2463 2881 4247 4875 -12.803977 -20.001915 72.084729 -1.958494 -61.668064 13.767815 
3 319 3485 4485 -68.995165 -41.515550 2.262096 
3 59 514 4956 95.089792 -31.843152 66.414610 
2 2181 2322 -52.518343 8.287346 
3 285 1306 1586 10.192337 -37.349198 -80.756060 
6 2331 2434 3060 3180 4200 4339 4.164191 -25.464198 49.592786 -5.965000 -70.491235 -60.227683 
9 90 647 839 1091 1368 2097 2896 4587 4941 -46.726137 -12.688066 -91.687754 63.005371 -8.730380 83.425097 76.147849 80.194062 -20.376772 
5 395 1496 2641 3589 4586 -78.245269 -45.696055 -47.192221 -49.341289 -85.372273 
4 1893 2182 3434 4015 47.523894 64.952467 -65.564880 93.656792 
3 2385 3822 4596 -6.247513 -66.895031 64.648591 
4 620 2084 2533 3532 -98.303779 11.106473 69.633849 -17.292752 
6 1308 2954 3637 4440 4467 4530 18.647160 4.361233 70.999072 -48.241279 70.179659 -87.991730 
7 236 1359 2267 2980 3605 4561 4658 6.014691 18.366855 -15.674425 59.113405 -28.898251 -41.144052 2.115159 
6 337 917 1170 2001 3936 4871 -32.322245 -95.056366 -66.948117 59.614913 -2.997160 -67.522311 
6 273 2419 3635 3669 3892 4677 15.861796 -67.507075 -60.229361 -66.605250 -99.280565 -92.241388 
6 319 793 1082 1515 2180 3341 56.380178 -65.094940 96.726351 -34.185407 -52.538764 18.027857 
1 3329 49.777318 
4 586 4241 4364 4617 -90.571286 35.892058 -44.739522 -63.260756 
8 36 1186 1855 2185 3512 3886 4497 4893 -97.473985 -47.214440 88.712983 -21.492051 -19.219052 37.570131 -40.806691 -96.975352 
6 242 1151 1680 4041 4571 4980 22.434491 -58.821650 11.773115 38.674188 26.424159 35.140796 
3 1750 2967 4593 -84.245772 -91.601748 95.565930 
6 152 1535 1642 1726 3821 4155 58.416304 -59.492843 -61.733244 -42.282959 -9.580417 -42.757951 
5 674 701 2000 2493 4354 76.477106 -41.346123 -36.032080 80.274697 96.279011 
7 562 1421 1714 2290 3432 4146 4951 86.859752 39.360375 -55.609617 97.726202 -87.854885 37.767347 -32.553419 
1 1521 93.910257 
1 3389 -33.854234 
8 296 678 977 2252 2253 3140 4064 4346 5.590279 -18.996826 -62.686010 -20.617576 -61.706451 47.647786 92.119052 63.291399 
4 1268 2295 4518 4916 35.925660 -65.985775 -5.808283 53.587255 
10 253 1063 1844 2039 2599 3244 3486 3540 3788 4130 -87.129777 -38.621079 -62.905914 81.096150 15.409609 -86.461719 -59.263854 -84.403800 61.526237 -38.173392 
7 509 1569 1832 2205 4352 4502 4828 2.803160 -18.122349 -42.733982 -83.865148 -98.316750 -48.662352 -4.394872 
10 192 2555 2595 2786 3348 3764 3854 4029 4186 4357 -75.412186 98.837548 55.563102 5.544964 31.100992 -47.300391 59.809042 54.039056 99.900758 -29.789283 
5 1526 1901 3106 3578 3714 25.708682 -12.842027 -70.494176 -28.252123 -69.357238 
6 167 417 2046 3382 3585 3951 -62.999933 67.756823 -14.521871 22.580967 75.021810 -82.618338 
8 158 661 1056 1446 1743 3038 3578 4509 35.979894 -32.730727 50.349863 35.642731 -74.856572 82.729734 -51.689250 71.135384 
6 1272 1883 2139 2201 2212 2824 -63.758328 -19.009946 45.282715 77.978161 86.336481 -15.030449 
4 357 4201 4596 4715 32.720505 14.078908 73.150564 89.525760 
4 477 1452 4580 4771 91.137587 -88.310227 -80.859721 -35.391934 
3 172 304 4750 69.337893 23.687726 72.529800 
3 1289 3230 3757 -82.362092 -41.063701 23.683098 
5 181 689 3040 4345 4438 94.057904 -98.002942 -26.172705 13.017770 51.090227 
8 281 1442 3510 3557 3712 3863 4262 4477 -90.430938 92.135939 -67.244516 52.470674 -63.934929 -13.674732 -46.728607 65.310195 
2 4184 4565 -69.529065 -80.964225 
3 70 4717 4956 45.591647 58.844576 -10.320006 
4 2654 3646 3890 3944 -78.112827 37.208163 -40.483361 69.606913 
11 1107 1137 1496 1552 1828 1862 2085 3092 3243 3356 3388 -72.546096 -79.089477 -41.288223 10.471394 61.475539 12.825114 -14.196585 -18.862170 15.276993 13.287684 49.414234 
7 701 1501 1767 2320 3565 4576 4706 -93.773212 -60.830849 77.008689 37.942977 19.125612 -68.801767 78.828473 
5 346 437 1023 2559 4675 53.046533 1.901487 -31.373656 35.123294 -56.498734 
5 2207 2389 2402 2912 4950 60.483686 -49.951232 -53.240348 11.528618 -41.200496 
5 2201 2246 2495 3441 3568 60.014491 31.928848 39.173730 -5.814584 6.209415 
5 107 2720 3133 4239 4764 -45.374590 -56.255897 49.340392 76.211105 79.550003 
7 706 1066 1082 1297 1374 2980 4018 -45.471413 66.375545 -82.683177 -30.960810 -55.247153 -43.579247 -92.908609 
8 251 2703 2763 2867 3212 3322 4154 4275 75.328567 -37.578174 41.409255 19.063535 -56.139748 -77.108553 -54.791256 19.452907 
1 3412 26.287122 
1 884 83.887147 
3 643 3378 4717 -11.767150 98.375469 65.552545 
7 1402 1610 1941 2706 3165 3343 3886 27.012805 65.049660 -29.096209 77.379288 -79.782986 -16.934446 -51.639711 
9 468 968 2070 2589 3204 3232 3351 4669 4906 91.968872 34.655542 -73.130322 41.200966 -77.779434 -52.636555 -48.317204 24.401152 1.205611 
2 3639 3959 91.228907 -16.157264 
4 305 1709 2497 2774 69.413541 -88.802933 -68.183161 81.423251 
2 1609 4045 -54.235271 -2.887067 
7 589 1354 1633 1718 1811 3426 4469 -6.963514 -48.933525 57.922773 86.014504 -90.948747 -71.196337 -11.173671 
3 1782 2664 4397 -5.818324 -56.291272 -18.023767 
6 463 1565 2719 4221 4607 4649 -55.103019 -7.946760 1.416184 -91.929547 88.555821 98.284716 
9 320 690 1217 1310 2124 2253 2625 4431 4739 -63.794104 -59.230117 33.453489 35.113513 27.725993 -59.378412 92.323823 8.649966 6.505162 
6 2195 2450 4015 4062 4289 4930 4.648655 -96.852632 17.444295 47.208295 -16.532970 -69.310759 
4 71 1454 1517 4403 41.834359 17.474415 -34.782736 -19.882484 
7 140 1809 2137 3247 3465 4274 4999 -0.605564 -65.576186 -30.060815 -99.612006 -96.925824 36.821748 -78.152070 
9 651 1023 1561 1590 2448 2610 2702 2828 4415 47.318124 42.966559 24.604749 75.519758 95.217885 -21.719466 -11.940966 32.414200 89.092621 
7 110 920 1135 1391 1891 3126 4136 16.913567 51.798122 66.580714 42.800164 -74.685418 -98.640114 73.495515 
5 229 2949 3761 4336 4582 21.516286 51.437815 -42.048852 -67.319097 31.003088 
4 174 1787 2364 3625 60.961827 -69.441056 16.084579 -67.474990 
4 184 1646 1783 4375 -35.392367 -85.977406 13.133454 -4.461216 
3 659 792 2505 -85.312413 74.920575 45.773984 
1 1401 39.407375 
4 554 1391 2084 2775 34.617313 -47.741812 -3.207100 66.505092 
3 597 915 4075 -98.941516 -33.726357 94.055372 
5 398 1569 2842 3778 4296 56.476924 -50.030096 27.994654 7.236043 50.581825 
2 4554 4566 64.806811 38.524416 
8 197 274 711 1008 1770 3988 4317 4892 -80.351822 -78.108984 -13.495180 -6.606686 2.830001 -28.670433 94.854947 -83.294039 
5 1118 1640 1971 2946 4741 -44.411264 -87.912241 77.320427 79.426455 24.493186 
3 3589 3842 4170 -6.148738 69.107402 -35.391101 
7 1372 1496 2347 2640 2916 3214 3775 28.149458 52.584570 -78.726396 17.200994 77.585500 -51.502455 -3.454454 
7 652 891 1487 1580 2406 3701 4403 16.967361 -78.542538 -65.097980 -42.824662 2.699870 -66.963110 76.139824 
3 1168 2048 4242 10.315581 4.520757 28.925573 
5 33 2542 2906 4270 4719 45.313624 12.553893 66.649611 51.784674 -2.456430 
4 1114 4632 4696 4869 16.731875 61.269272 -13.600195 -74.461542 
5 347 1829 1897 1911 2375 -24.396177 41.477257 8.121823 73.518147 49.653683 
5 708 860 3473 4549 4724 58.909540 91.722280 32.108253 97.755603 -95.818053 
7 424 1193 3204 4509 4559 4851 4994 19.656238 -66.415968 96.820307 -77.631320 -34.532286 14.106246 -3.484474 
5 1458 1494 2899 3999 4954 -42.948274 6.707899 -49.678024 10.866765 97.900774 
6 541 1464 2306 3240 3890 3903 24.370000 83.753348 35.972885 -89.639267 -12.620908 34.232195 
9 708 809 1611 1653 1687 2282 4269 4477 4741 83.384098 91.990286 58.804879 -9.984284 90.073133 55.555502 -10.949883 9.262614 95.902941 
7 234 1524 2636 3086 3741 3962 4862 -47.483178 -50.765667 -9.443532 -28.962852 34.068123 51.496115 -59.926548 
4 784 1179 3188 3512 81.246689 -2.281912 -90.452625 31.246368 
1 4233 -40.362937 
5 327 2199 3861 4161 4504 88.051252 -7.038952 -55.880101 -95.295577 -28.751599 
8 190 790 884 1434 2614 2658 3115 3388 -33.513277 -60.333402 78.310753 -27.334959 -14.076197 -43.171300 -80.563144 -39.585897 
4 337 700 2811 3551 -75.979680 -23.362270 -26.157544 -7.842866 
3 167 1266 2493 -17.462489 -51.125942 33.265716 
7 99 3003 3532 4269 4303 4484 4553 -46.292002 68.991023 32.979421 -94.440859 98.719144 30.425728 -44.203807 
2 4633 4859 -2.652286 63.898049 
6 3 2273 2292 3291 3713 4450 83.436479 -32.577142 17.196471 43.168034 77.768011 -44.736928 
9 405 743 1383 1433 3553 4118 4243 4788 4908 -45.137641 -50.564937 -5.460378 -77.325700 57.962228 89.921980 96.232995 -2.211050 -97.924419 
5 2063 2263 2382 2563 3001 -93.803554 -42.736072 55.742336 -84.607247 59.807857 
7 42 631 961 2312 2369 4421 4897 73.016874 -10.567680 29.240468 45.053687 91.095906 17.206470 -75.779293 
7 598 924 2129 2681 3493 3604 4952 68.199070 11.201088 -38.630462 -79.751711 96.344441 -22.581670 -52.145487 
4 213 623 1349 3077 -0.867838 -87.644977 20.883165 -29.995249 
6 1058 3740 3841 4596 4790 4877 57.390345 62.717278 31.003575 -32.259839 -12.036651 57.439115 
4 136 376 982 3599 -53.803744 77.983291 90.965850 -87.495744 
4 2330 2404 2768 2846 60.387403 -96.834892 -85.360048 37.423283 
4 885 1059 1062 3046 3.738533 -94.810846 -69.680245 67.197237 
7 974 1609 1877 2062 2859 3344 3897 95.490644 8.831817 4.701113 -27.225845 -62.096681 -71.912143 -8.808466 
11 205 471 1176 1315 2519 2520 2886 4062 4318 4565 4892 94.041264 -78.215544 -1.326551 74.617223 -21.423503 -97.946464 9.316997 90.886666 -25.242379 -21.062122 -94.159429 
6 731 918 1262 2485 3784 4921 75.140018 -29.781403 28.330385 -46.495155 -7.842272 -32.740439 
10 300 651 1624 2025 2491 2494 4650 4679 4757 4879 46.995349 -78.400047 68.036466 -43.161292 -47.323403 -16.746949 -87.426004 -65.540434 -15.360253 -53.529172 
6 706 1310 1520 2600 2809 3216 55.888591 -32.576536 27.089552 -42.273943 94.592083 -89.035271 
2 624 1098 98.637744 -35.778754 
3 1179 1745 3445 29.013625 33.504415 2.397064 
4 2039 2537 2651 3128 43.043385 -76.067097 51.125509 44.087702 
3 155 2155 3917 -82.231947 -40.591452 -99.151609 
5 2011 2712 3797 4111 4780 -45.007404 86.808923 -72.825989 93.800711 82.889553 
5 142 1122 1530 2483 2679 61.488201 -4.689032 -1.254406 -50.101319 -86.231168 
3 9 51 4210 84.540786 89.765815 22.223658 
6 1002 2288 2633 2884 2895 4475 -61.040501 60.416170 -40.912683 -18.487660 -65.316331 25.092512 
6 5 298 808 1559 1660 2505 1.687845 -61.891085 18.569456 28.851873 19.938045 69.389015 
6 945 1815 2059 2096 2529 3022 -82.432656 -81.398216 -19.336564 -63.916101 -15.941565 -45.942255 
8 335 1717 1866 2461 2679 3426 3835 4631 -13.468829 -42.250214 -72.417587 -78.389553 -14.731305 -99.980962 21.404682 -34.793289 
6 2849 3310 3375 3496 3795 3947 -69.178838 -88.175488 -81.628592 -51.520007 -86.038385 -31.114267 
1 4853 90.139595 
3 1355 1635 3505 61.313170 -63.715182 66.315419 
6 793 836 946 1681 2933 3155 -11.076424 53.802591 -21.171909 -72.157308 -79.072289 9.579803 
4 463 669 1965 2563 -46.998857 -9.110783 -4.367808 -90.378449 
7 1715 1972 2402 3451 3989 4214 4956 -34.359708 -86.487698 11.110162 42.782940 11.481684 -91.551819 49.670903 
7 133 244 575 944 1120 1332 2868 -10.481909 -77.130532 96.694603 63.907689 -27.317103 76.467801 72.667590 
5 599 1460 1538 3623 3730 -45.184993 37.475037 30.656308 -99.509059 18.072191 
6 313 823 1307 3370 3830 4474 -82.153436 -30.794271 90.003995 82.193321 38.546961 -95.109347 
4 586 638 2333 4143 44.321357 64.278833 -11.105926 64.448960 
4 57 652 2196 2490 65.584608 -15.354001 -21.973544 18.849911 
5 519 584 3110 3492 4912 90.055161 -20.480917 33.074923 -89.377645 52.010210 
8 121 212 723 1372 1457 2610 2661 2784 1.054600 87.530867 59.797558 -72.742840 -64.475060 3.687631 -38.937040 -73.095806 
1 942 -53.635302 
4 133 312 2162 2333 -32.445966 -52.967544 48.997946 -52.969265 
0 
6 1339 3445 3623 3708 3750 4280 -36.557958 17.489079 -11.972007 -34.731304 -80.897191 34.932227 
5 68 324 679 737 4449 -98.550403 -12.322261 48.280015 55.441001 -34.264716 
6 986 1200 1712 3329 3580 4682 -2.885605 -88.519937 99.370227 -88.232431 -86.696731 -93.725327 
1 2673 -8.566489 
11 1306 1625 2085 2091 2217 2669 2871 3597 3739 4108 4617 70.335474 -48.147924 55.459792 -87.547880 -55.339903 -53.145602 -98.167478 91.493749 -56.275211 -68.321907 63.030102 
3 1795 2016 3957 -17.480500 69.665933 -29.964774 
4 2367 2966 4243 4829 -62.741232 74.316401 58.973428 19.827264 
5 187 1871 3485 4287 4918 -86.592862 77.382448 8.491193 -99.696743 75.496456 
2 1281 4623 59.989507 85.607466 
4 157 2663 4107 4479 35.284780 50.649783 -59.992887 37.447975 
7 591 1159 1792 3420 3428 3443 4789 80.963723 -67.579140 -93.401278 -64.279324 -37.023280 8.708414 12.660526 
6 612 1202 1961 2128 4692 4824 46.419311 -93.114989 -7.318869 -4.412554 -10.336551 20.264337 
0 
7 206 1314 1593 2540 3446 3847 4807 12.995052 53.736425 9.012626 20.868514 27.757062 27.870764 93.671389 
5 488 900 1805 2625 4748 14.910173 22.508559 16.525635 27.637036 77.360187 
4 1056 1627 2289 4761 -93.245677 78.374377 91.913023 -29.091496 
10 63 296 1166 1393 2621 2965 3139 3174 4246 4627 -37.083888 51.676870 -58.252751 49.989460 13.455070 -24.951939 -78.548464 19.406476 -65.044175 -31.891784 
5 889 2360 3309 4053 4759 80.839817 88.057388 29.992683 -19.666472 47.513031 
5 150 335 606 1235 2666 27.253636 33.906002 42.123145 9.151208 -65.773721 
2 16 4384 48.823032 -33.463472 
6 407 613 1976 3188 4297 4872 78.603307 80.409644 -64.578598 80.334060 32.527796 92.761339 
4 2564 2604 3399 4745 69.706655 98.563436 -74.769925 43.149621 
4 2247 2800 2959 3604 -97.758706 38.217450 56.545461 77.106570 
6 480 2251 2698 3388 3420 4623 -23.796661 -31.824319 -52.312578 33.095865 75.924760 -4.306801 
2 134 1980 -18.454294 -31.519171 
2 1051 3619 96.234574 68.598780 
8 363 631 1466 1757 1875 2804 3597 4172 -86.388080 65.813004 99.101351 15.372251 -2.789788 48.523705 -41.341048 82.694582 
4 2403 2688 4403 4425 80.571378 69.682549 18.608180 -70.494770 
6 1018 1207 1964 2296 2358 2613 -22.867293 63.712331 66.623098 -63.596657 22.040306 31.600482 
10 292 2778 2904 2996 3384 3575 3915 4788 4830 4867 39.491041 13.848361 71.590904 -71.090783 15.157036 26.019334 -17.516260 -90.086866 -95.107343 1.974419 
10 403 705 884 1571 1632 2079 2748 2795 3442 4200 25.282978 66.899756 -72.188279 28.662901 51.115187 -34.628121 26.913704 32.007103 -40.881688 30.965244 
6 687 1032 2363 3746 4571 4944 -19.238331 37.690388 65.454625 -39.919412 11.537697 -62.476639 
6 1056 2291 3085 3422 3791 4489 96.902277 -65.110621 -26.601203 -66.467362 74.797414 45.415065 
7 1823 2353 3702 3734 3895 4198 4718 -55.709211 -33.696833 40.932520 -11.966694 70.908816 -28.759805 1.675751 
8 64 156 358 541 628 697 1341 1754 80.988517 -50.392974 35.366073 36.254451 23.037304 -18.108041 51.951486 -91.291149 
2 1497 3648 -34.273826 -3.558877 
7 273 1557 1777 2173 3080 4095 4565 30.003991 -73.467253 31.036262 16.660262 -95.736557 -21.141069 -87.677508 
0 
4 148 1116 1912 4354 83.819004 -44.206450 -48.466419 -69.571423 
6 651 1252 2361 3404 3744 3838 -61.499467 45.409035 -96.240532 -46.750789 -82.177875 -68.222949 
1 100 -59.195922 
7 1918 1956 2438 3109 3485 3809 4346 11.744307 19.170326 20.712274 -31.483912 -81.340115 7.486649 -7.150051 
4 1629 2823 3358 3574 -96.885177 81.291936 70.298235 -76.654250 
6 170 1551 2618 3817 4348 4508 69.115446 96.911901 -3.231949 -3.336667 97.450164 -86.796097 
6 135 348 1668 3038 3268 3682 -3.101483 -60.591239 58.305790 24.621163 -50.399316 -71.859157 
5 364 1544 2618 2863 3499 -93.049758 90.875226 47.445869 -24.728202 12.275419 
3 457 3507 4933 74.789456 -31.532359 82.735371 
3 577 2468 4696 59.685024 -97.346021 -22.862497 
8 179 702 1135 1557 2173 3079 3330 4128 14.868415 -61.966984 -4.118825 -53.275171 -36.866706 -35.356647 -63.014756 41.749232 
3 835 1174 4341 34.370169 -28.773882 72.941228 
7 64 1753 2197 3149 3427 3501 3790 -48.933686 -36.834007 -15.845463 81.324812 45.442142 48.021767 -56.685308 
4 777 901 1754 4470 34.372501 -99.085792 67.234629 10.131437 
2 2188 4543 -88.702296 -82.408929 
3 384 777 1382 28.354025 82.267544 13.955597 
7 263 1117 1794 2022 2642 2843 4144 -10.961382 4.555477 62.419578 -79.258252 53.689560 62.442555 -67.935063 
5 1839 2472 3506 4125 4896 78.767823 38.751206 19.234225 27.710800 -85.824493 
7 1847 2612 2687 3968 4328 4382 4878 -11.816224 -14.957775 4.940090 15.320537 -92.586504 1.390047 42.282440 
11 91 203 315 531 1580 1764 2034 2866 3239 4242 4722 48.056427 -52.127563 71.223091 -52.852538 -2.144856 10.325421 40.263032 70.522424 -3.792077 63.460369 -66.725964 
6 444 1145 2516 2576 3221 3533 93.174605 58.172250 56.586438 38.501534 70.502289 37.159342 
3 1225 4580 4855 77.637116 -20.905764 97.180323 
2 1747 4243 -1.366797 39.212937 
8 192 864 1217 3018 3452 3993 4152 4557 92.945021 11.529723 63.667017 -77.980414 55.868737 -7.336076 -26.971343 -30.703747 
7 791 966 1500 2375 3399 4149 4450 -52.796121 -20.430990 -66.323025 64.892329 30.144740 97.522770 -38.551606 
5 1329 2187 2826 4450 4971 38.705445 58.227432 -81.890807 20.336331 -14.932623 
1 1859 0.553720 
5 262 576 2340 3889 4883 -41.072299 -55.764067 -19.962764 10.648463 26.392453 
6 336 2047 2609 2985 3105 3405 46.622118 99.046803 -64.828312 84.518084 93.408983 -45.390257 
5 682 1855 2031 2547 3801 -2.872614 8.496051 93.938392 19.749258 24.325118 
1 2614 5.354992 
5 1850 2763 3901 4417 4768 10.041100 -28.727435 -81.348251 38.033277 -69.478828 
5 2787 2975 3963 3974 4662 -66.516671 72.362230 -47.878234 -55.956931 -1.516134 
7 120 768 1349 1590 1610 2940 3621 77.802631 -15.536025 -29.068372 -54.145351 -51.576558 1.709463 -97.338181 
6 550 1782 1793 2450 4433 4555 43.767358 12.027973 -90.934924 37.046332 98.790581 75.969808 
5 25 968 2313 2316 4300 27.897072 28.000296 73.877103 -44.292763 -6.952577 
6 577 799 1298 2586 4845 4986 22.117754 -13.266025 -20.718205 99.134860 -85.608651 46.997045 
8 607 2693 3392 3739 3809 4002 4477 4518 -38.995301 -18.468382 -53.609042 97.157368 -66.211173 -39.391200 39.503568 25.525716 
6 1395 3048 3136 3282 4322 4690 41.813166 69.987688 15.559538 33.685465 -95.397213 -72.601019 
4 557 725 1511 3071 -71.305877 1.520971 -21.854790 -19.061387 
6 1053 1664 1936 2162 2603 3059 71.768313 30.627496 -40.158905 -18.638125 69.974830 21.076801 
3 643 729 1587 -77.602186 84.643036 82.172462 
7 444 2767 3262 3560 4039 4057 4802 -2.871308 -3.539230 -3.009511 63.502199 34.982187 15.465566 -30.814054 
6 43 1727 1948 2225 3575 3930 -5.084906 11.274390 -29.128351 -6.375032 -47.612624 69.971072 
9 420 680 1069 1524 2268 2816 4029 4334 4689 94.198996 -38.636806 43.465366 -20.718637 -92.695416 9.445332 -3.629357 30.614785 -90.879636 
4 1593 1986 2124 3700 -18.433143 12.124817 91.677736 -0.036634 
13 387 407 1849 2582 2823 2824 2827 2952 3446 3655 3875 4649 4804 86.594064 -64.420844 -28.874234 68.020725 51.050999 11.132237 69.919768 -69.913393 10.486094 59.190822 -63.297380 -57.647885 -34.312682 
4 1145 2036 2954 3635 -90.159753 47.432668 89.190956 -75.015794 
4 256 3031 3613 4962 -50.755042 -17.137845 7.068177 92.713833 
4 1201 3797 4637 4849 -92.732573 -25.333194 18.851696 64.893438 
7 415 860 1506 1993 2202 2995 3732 72.173136 64.216549 85.371838 -59.676264 -54.142216 17.473377 -64.327997 
9 1124 1265 1823 1933 2285 2392 2633 3398 4333 -4.157462 72.721279 -37.320198 45.910890 70.718762 82.333193 -0.171162 -34.312102 59.161015 
4 887 888 2975 4809 -77.223823 58.317596 -48.225607 70.393746 
4 1000 1739 2518 4751 94.977130 -36.259950 -29.711630 -1.983306 
5 2721 3561 3574 4520 4843 83.664475 41.225401 74.647238 -84.010042 92.987404 
5 673 3244 3620 4518 4947 79.824824 18.611148 -69.460501 37.897043 -68.959234 
5 405 1425 2332 3447 4105 -88.533709 -97.416942 7.395873 94.780518 63.267301 
7 687 2231 2509 3390 4089 4256 4304 -82.927170 -88.195925 17.520909 -49.064515 89.947000 -54.299905 -74.421410 
4 2022 2087 2194 4875 82.863344 -37.222356 45.328280 -41.248227 
1 389 43.826728 
4 1078 1192 1911 4552 11.752220 -6.325213 -18.869359 18.584016 
2 1973 3076 91.661837 -35.548837 
8 6 169 532 889 914 2784 3616 4090 -18.132909 -24.641624 70.129415 -89.875732 -55.389203 -12.799884 -57.855147 -13.114694 
11 474 551 1910 1965 2925 3278 3688 4083 4192 4308 4982 -38.086143 15.536621 -98.713206 44.180046 87.028801 -93.290478 -85.972811 8.486459 96.869765 72.875041 49.711748 
3 2207 2875 4485 80.693772 -44.149221 -34.079879 
6 123 1635 2894 3878 3988 4118 18.328950 -89.759647 -13.257437 -34.687125 47.757295 -72.973879 
3 1856 2341 4588 -42.447808 -87.173285 -23.923846 
4 71 2317 3271 3646 43.442227 6.578754 -28.084728 -68.168458 
6 708 2401 3005 3193 3656 3986 -23.811426 -8.742312 89.542409 -48.186724 -15.081513 -28.377267 
5 9 1637 4353 4556 4865 51.562393 56.711409 -79.777078 -13.535706 -19.100016 
8 144 690 1122 1401 2325 2932 4740 4789 70.131867 3.755504 86.924013 3.887364 -90.944303 89.332068 37.244300 2.721980 
3 1190 1385 2841 89.554662 96.789337 91.248002 
5 9 2034 2728 2907 3630 -57.403627 51.129697 19.563936 89.918265 -95.266738 
5 256 1950 4277 4313 4609 44.135941 -21.725824 -22.331969 77.400023 4.535500 
5 1690 1835 1838 2748 4787 -33.572124 24.315154 56.121193 69.669778 93.972280 
3 976 2346 2680 -14.595578 -61.421332 62.244854 
3 1024 1732 2063 -13.673785 -10.742803 -37.260755 
7 2340 2993 3251 3783 3825 4163 4881 84.593633 47.936644 50.754173 57.558997 68.671474 68.731587 -40.104523 
6 27 436 1256 1345 2547 4296 63.669088 -48.224080 -8.230065 22.204666 -45.207781 -13.384968 
5 1203 3072 3252 3901 4339 12.521968 -34.373145 -3.749342 -91.351570 -91.986744 
4 16 2309 3820 4333 -2.313700 -29.065456 -3.063237 36.823820 
8 600 839 2960 3200 3755 4252 4836 4939 87.131386 85.745671 69.134861 -56.717280 -16.162261 -83.658174 80.110906 62.125980 
6 56 1143 2024 2866 3218 4380 3.068258 53.308243 -42.880100 -0.595403 -34.657193 48.499426 
2 1171 3806 32.505041 -80.470022 
0 
4 184 1920 2468 3688 11.441996 68.707909 19.904750 27.593011 
5 346 957 1124 3309 4956 13.376842 -34.971629 -45.214119 95.468486 -63.512514 
7 4 122 607 1148 1748 2831 4166 -79.900682 4.362954 -14.777015 43.301616 43.129972 58.943166 43.057638 
7 16 329 1108 1192 1516 1770 3256 -2.030408 98.162144 -43.626975 -23.382361 -25.937272 -46.701287 50.170374 
8 1006 1141 1622 1812 2470 3516 4092 4862 12.239719 -84.206850 -36.679418 -27.001465 16.170569 -2.269533 84.406555 -2.625102 
4 905 1108 2207 3221 47.955852 -15.205199 -76.080701 -17.431409 
4 421 3535 4530 4534 2.707984 23.820031 95.706435 98.477775 
2 2265 4102 21.926447 -80.985508 
8 54 71 178 954 1324 3678 3788 3991 -37.511486 -41.654523 82.172652 -83.542750 25.814346 79.420567 59.886450 -31.582542 
7 961 1125 2350 2494 3995 4128 4284 7.413631 -77.832539 -97.199134 57.233313 92.158042 -55.805585 -2.971399 
9 160 869 1311 1745 1781 2347 2570 3599 3600 1.442795 46.930745 -31.971646 98.809205 -46.318694 -13.752258 -35.097921 56.170584 5.236571 
6 111 206 417 1424 2044 2060 -29.307525 4.540243 50.234639 65.313446 75.262957 -17.948361 
1 4817 33.333435 
2 3721 4116 -27.502878 -65.558260 
5 1295 1468 1745 4209 4682 -38.216102 -69.481467 -36.117129 2.920271 90.039703 
4 805 2297 3542 3756 -18.273494 98.517890 -4.907217 -16.173237 
5 481 884 990 1696 1887 -68.785644 -29.012765 -82.843259 -30.064682 40.018625 
5 612 861 1881 2677 2765 -88.205116 -87.670779 -99.685641 69.325058 -73.610700 
5 300 495 1679 2878 4401 20.536912 71.464115 -56.957311 52.957615 27.015486 
3 531 1915 3692 25.898111 12.248631 -6.004221 
2 1811 2454 52.192786 69.309157 
1 489 -64.456914 
4 670 1936 3114 4111 -40.929637 -78.896511 -72.837377 -85.608864 
8 71 2216 2273 2372 2465 3440 4487 4976 -98.760166 -47.604468 -81.880822 97.626517 9.802936 42.005716 93.828808 27.418750 
7 200 312 837 1376 1398 2154 4956 -34.807598 46.982271 69.195670 -52.579661 -8.621923 -90.136226 35.686083 
4 540 2726 3880 4201 -58.961570 15.533289 -10.052706 -74.578675 
4 224 2424 2781 3245 -14.802304 -56.767950 59.857546 -35.405643 
5 33 1761 1992 3941 4170 1.392181 18.419643 12.636267 64.288886 -88.763885 
6 1732 1817 1827 2139 3834 4783 84.085535 -72.168408 -97.029277 84.203931 48.253222 64.331952 
4 975 1376 3657 4591 65.862944 79.341421 -33.765666 -17.719464 
6 76 141 2345 2406 3151 4233 21.012052 -60.631557 50.589848 21.795149 48.230864 -99.837901 
7 303 1223 1274 1456 1855 3433 3489 -58.494296 23.680966 94.304092 -36.909096 -68.803896 72.850308 16.539253 
5 1563 2967 3932 4256 4999 74.998292 -70.956257 -97.081900 -91.739959 -78.507370 
5 384 1253 3373 3399 3613 98.627765 -45.394457 -81.555192 29.809103 73.959150 
1 1510 -77.949015 
6 1262 2532 2841 3620 4683 4963 -73.987488 -55.924045 59.718067 -48.823641 34.465057 -54.215117 
9 1104 1456 1918 1956 2276 2534 3227 3841 4546 -88.050009 -36.886843 65.697059 -64.815793 41.385942 42.400476 -78.825019 -33.668354 2.900473 
3 987 1341 2764 -98.563822 -16.409822 -15.684424 
2 2723 3534 -65.035466 -93.089813 
3 1103 2031 3359 69.287468 39.800445 -63.196814 
6 2402 2635 3697 3841 4232 4237 85.995689 54.959763 19.691015 -45.847910 94.984326 87.165646 
4 1061 2513 4051 4388 -98.837928 74.250716 -41.499168 13.277416 
7 142 456 610 1105 2408 2533 4723 -89.837188 7.440622 95.179803 82.813519 27.595730 -60.571262 57.212881 
2 102 1642 85.259161 -61.234497 
10 124 280 645 698 1844 2784 3432 3860 4275 4762 19.715817 -74.138713 14.530550 43.334631 11.483266 86.511678 71.871452 51.572016 45.839881 4.955756 
6 305 1472 2067 3787 4267 4522 -48.968579 -28.379101 29.776516 -3.454464 -60.515781 -62.685385 
5 122 224 402 646 4356 -53.263288 15.890431 -27.655111 99.065455 95.947460 
3 1529 3551 4403 -15.786975 60.243012 96.213262 
6 772 1362 2319 2949 3795 4357 -88.072013 -26.514151 -75.048696 81.013910 -78.468324 90.715297 
4 2053 3436 3721 4103 -36.982933 -60.452879 -2.228544 22.148957 
8 141 1040 1189 1437 1852 2448 4449 4942 -80.584059 -86.814664 3.540950 99.577545 7.333011 68.683393 53.645726 97.947645 
7 369 380 1469 2218 2548 2704 4417 60.717858 -22.077327 30.511686 -79.024834 -79.170877 36.430143 -32.157058 
3 3410 4394 4874 91.084217 96.272061 64.526560 
9 262 786 1825 2193 2817 2953 3603 3977 4859 13.210721 -63.655944 31.327107 -81.344647 29.096381 27.773596 -4.236395 68.167918 73.590389 
5 301 867 1563 2743 3421 61.799631 43.649325 -32.647754 22.882470 9.170380 
5 456 2154 3706 3874 3929 35.531602 51.201040 -65.019068 98.802229 1.168857 
5 191 399 1120 2482 3257 92.941820 -89.155386 -82.590454 -16.347096 -45.902149 
4 1091 2721 3957 4823 -11.244536 69.218444 -1.272610 86.379064 
6 324 1022 1100 3483 4371 4934 -9.324245 -32.526503 -90.359319 -47.051295 -89.210778 8.141070 
3 716 3425 4019 27.009527 8.432109 31.084597 
6 331 540 752 1155 2791 4001 33.373080 19.559576 -81.177287 6.245928 16.858191 23.836812 
5 223 760 986 3934 3956 -48.848157 -49.403977 -47.982138 76.310144 -30.670559 
3 543 1803 3659 49.639584 41.510040 45.896255 
2 2494 2783 92.351322 -65.334162 
4 19 1175 2771 3334 -96.733365 -87.240304 -87.334550 54.263700 
6 1573 2093 2618 2823 4378 4851 52.454305 -89.632982 53.336633 1.303603 98.290248 -49.550362 
5 1200 2391 2585 2746 4457 22.409062 -15.738084 -86.006318 79.476194 11.971325 
6 1040 1240 1746 2232 2745 2776 -71.072615 26.672750 27.473008 81.147427 80.599137 -8.531860 
6 301 1137 1809 2396 2541 3294 -79.186938 -67.158412 -54.127648 41.217332 0.450758 38.167522 
2 2651 4644 1.337926 48.680634 
9 154 318 509 1066 1691 3310 3333 4289 4539 -34.823810 -94.353948 27.290712 95.150508 8.201658 -22.665218 80.300069 -77.641591 -20.226928 
6 183 275 1252 3238 3658 4020 -7.580308 0.139965 58.542311 -62.934719 15.427555 81.628582 
7 118 900 2103 2991 4177 4441 4729 85.609011 -87.672498 -69.420281 3.886284 -7.949888 -42.542003 -15.781737 
3 384 1144 2477 39.356154 19.125058 -37.781135 
4 294 2809 4495 4518 -86.903423 -67.342634 -90.780524 -83.494341 
2 1744 4789 -25.137065 -69.470713 
5 66 1217 2014 2871 2887 -58.127771 -88.366314 35.470323 -5.917515 14.248200 
8 336 377 535 885 1479 1553 3088 4952 27.440698 6.266937 37.703698 30.149951 4.873999 84.325860 -45.567489 42.988911 
9 854 1484 1972 1994 2331 2394 3655 4046 4663 -61.429466 -84.065539 63.862964 44.738436 85.326420 99.505818 21.397793 89.002789 84.834056 
6 869 883 1048 1219 4419 4786 -59.958276 90.565486 -12.852803 -90.534520 -12.230815 21.038540 
4 1622 2354 4880 4932 47.510010 2.568258 -36.221796 -96.627735 
5 518 1551 1776 3143 3461 79.584056 99.500883 19.356650 4.672204 -67.037092 
7 1878 2104 2280 2525 2704 3218 4677 13.847400 -30.051287 87.532758 37.329478 43.033315 0.460554 95.106138 
6 336 1333 1824 2000 2962 3446 -13.539569 75.848945 25.994843 9.446240 -80.266988 60.229139 
4 30 415 985 1381 -29.202647 -68.451571 -12.935131 -85.276886 
3 667 1721 3840 35.272857 88.718071 67.908684 
4 813 1316 3280 4538 68.329185 43.090352 97.601942 -86.334643 
5 247 683 1215 2370 3352 55.451113 -93.278729 -56.154985 49.586716 -1.442698 
1 1701 -72.634950 
5 1236 1278 2308 2625 4185 -72.051903 -67.564494 -28.059990 -1.338953 -59.074411 
4 96 415 3938 3951 66.956054 99.270130 62.851346 30.334627 
4 1423 2495 2581 2926 37.396998 -95.207539 -67.399045 81.886966 
4 1240 2708 4058 4373 45.550073 54.583300 -56.279499 -60.319159 
3 987 1582 4024 -60.288650 57.655474 -89.332665 
0 
5 221 1558 2465 2472 3916 -78.876111 92.355919 21.478660 -67.939577 59.723581 
4 2494 4035 4661 4745 -87.955851 -34.428843 36.411861 -7.804793 
6 1431 1621 2799 3760 3955 4629 -90.814798 -1.912432 80.835972 67.558595 52.229454 33.016599 
4 2176 2228 2363 4587 6.484141 -72.905093 -44.719924 6.991762 
8 122 1106 1258 2135 3355 4083 4572 4853 94.173811 58.097596 -12.043101 26.771256 38.506589 -8.842961 38.122071 -92.033670 
4 1064 1089 1633 3223 54.738780 74.143322 85.556303 -31.555465 
6 132 423 1460 2515 2586 2741 -37.918810 -44.108378 -17.282780 31.849069 1.724382 -54.264236 
3 309 3627 4374 -68.372815 -41.118490 -97.583573 
3 427 1046 3607 47.274476 21.760587 -26.077225 
5 94 3733 4222 4503 4776 -25.460908 -5.337246 36.396412 45.899437 -97.464217 
4 1443 1868 3990 4995 55.310304 -59.756133 34.071879 -18.459550 
7 63 352 525 2593 4111 4788 4811 -4.847118 -65.058683 -94.295077 -23.640688 -92.128652 -16.124193 -33.418119 
4 315 2123 2770 4758 -93.292168 -42.379346 -68.406522 54.633570 
4 39 637 2155 3359 -12.758092 -40.813110 19.315476 88.837627 
2 2514 2593 -46.415135 -93.715981 
3 461 1251 4597 66.102063 89.409977 -51.262011 
3 1877 3178 4658 -40.153162 53.548849 -93.036311 
9 197 757 1328 2239 2812 2977 3395 3758 4963 -53.032286 -18.222550 -80.472979 87.945363 -24.014187 51.079071 16.952070 72.285036 -75.655457 
6 837 1893 1932 2469 2490 2940 -78.730291 -46.748244 -94.820065 55.906860 26.154908 15.982244 
10 310 604 666 1142 1912 2726 3100 3304 4133 4950 -12.362234 -9.546998 8.152255 -99.392883 -65.307093 35.791569 10.842387 43.374680 83.620658 -76.644059 
9 150 278 1584 2835 3269 3304 3342 4058 4308 44.570905 2.670529 -95.001749 79.362498 -87.810491 68.476407 -72.237358 10.747128 18.327441 
5 36 305 2552 2712 4207 -63.621713 -25.018309 -55.386935 -78.800415 22.089616 
3 2316 3690 4514 92.116581 12.464169 57.154350 
2 81 4338 44.860174 -78.687481 
5 1834 2787 2885 4503 4786 34.911380 -43.926864 76.812639 38.086839 51.815747 
3 1447 2136 4585 -43.252704 87.921667 -11.423541 
6 2017 2164 2240 3576 4444 4861 -26.291612 16.899710 -47.382832 5.836627 -61.793069 -98.354551 
7 298 613 1271 1483 3831 4065 4143 61.033421 -43.540093 -45.207841 -22.122574 19.576509 20.557513 -47.940733 
7 133 1673 1841 2120 2853 3254 4179 -68.546369 56.493722 5.411181 -63.172476 49.663840 33.501077 -44.451536 
2 854 3061 -67.686947 32.506439 
3 1893 3801 4323 78.623381 -3.089191 -23.959147 
8 609 613 2450 2825 2852 3567 3794 4531 42.816826 13.484389 -24.664520 -12.529205 -22.276542 -43.377078 83.633432 76.926735 
8 1833 2103 2342 2754 3154 3313 4735 4794 71.601950 -86.587454 -5.673668 -38.349622 11.680017 2.516005 -2.092890 -91.825935 
9 1015 1439 1978 2861 2942 3372 3833 4342 4440 29.588919 47.095436 36.249391 -26.931549 92.790458 77.024504 4.892115 83.738941 -26.808478 
3 1061 2397 3562 -23.351967 -1.612941 78.249525 
6 7 357 856 1020 2038 2552 5.038623 -10.540763 -9.233512 1.597010 94.809829 2.881952 
3 1156 2031 2519 -49.880458 87.175344 -86.450441 
2 2232 4725 -27.462863 87.530757 
4 1229 3022 3346 4669 -19.731222 44.191295 -70.162769 46.118235 
7 87 792 1414 1581 2077 2694 2792 -12.972007 64.041216 83.646067 -56.923840 -25.774612 90.545316 -69.430338 
9 513 1260 1759 1816 1983 2785 3159 3496 4377 21.284233 44.600052 74.687507 57.826432 21.449482 6.002617 -2.325200 17.812929 -10.362450 
5 407 2438 2711 3954 4867 77.085665 -21.823729 94.669810 60.739088 71.387428 
5 1724 3386 3491 4610 4826 -30.846723 89.572112 -85.016517 90.887472 42.906243 
9 1360 1420 2142 2233 2615 2853 3360 3768 4001 42.938213 24.172447 -91.961069 60.397332 -24.376688 -76.241484 -38.647687 53.492414 32.016135 
7 121 315 1120 2240 3490 3666 4579 -49.135022 28.235901 -45.509823 -26.657361 57.508990 -98.643735 -45.679628 
5 48 1198 2097 4212 4678 -25.719278 97.139765 45.446330 -30.869280 -76.490963 
6 606 678 1408 1697 2862 4708 -26.544942 -12.155831 50.583004 67.481590 0.815694 7.394351 
5 393 833 1408 2011 2396 -52.460075 35.963952 -19.395777 -82.050723 -15.343503 
7 206 542 725 1355 2728 3177 3970 32.240996 51.927593 -29.823873 -91.808809 51.427147 -68.416019 -26.952487 
4 332 832 1758 3690 62.556663 10.042988 33.263541 41.530799 
5 2025 3285 3617 3669 4478 0.400524 -85.430047 84.614640 -55.341721 41.141286 
3 532 1973 2674 60.944049 -0.932990 14.684441 
2 2562 2783 -41.207830 95.384290 
1 3605 -0.991503 
2 2186 3357 -8.046736 -53.975869 
3 1984 2950 4385 63.714577 81.490396 56.994127 
5 216 1076 3005 3146 4827 78.839370 -56.972594 92.032997 83.961829 93.848701 
6 1052 1108 1542 1809 4321 4961 -18.256681 -63.623108 2.290659 -77.403008 18.941619 -52.866565 
5 1110 1402 3534 4000 4139 -53.323081 69.555837 -99.325181 40.516421 -60.580041 
3 801 2880 4143 42.777814 24.819571 -31.788672 
7 761 1633 3588 3794 3908 4207 4641 75.937830 -63.009737 -55.663844 3.253906 49.785517 23.579895 51.628567 
3 437 704 2194 59.051097 -59.652720 69.435303 
5 75 478 1039 2872 4804 -14.226861 -77.151702 5.651047 -67.812606 -44.262973 
5 3073 3512 3953 4598 4720 -7.230465 46.800516 -4.783482 -31.782028 50.759729 
6 937 1300 1747 2126 4428 4532 -86.147200 36.699141 -70.111669 27.804837 -26.965282 90.804218 
6 1144 1624 1837 2604 4044 4331 51.298641 -26.329992 96.431479 77.482711 76.504332 -37.775516 
1 2051 88.528985 
3 1464 3491 4682 65.112014 45.425078 -24.832075 
3 3879 4041 4701 -84.000216 -48.944367 65.562989 
3 3482 4145 4994 29.589943 -90.003365 58.447829 
6 2640 2980 3227 3519 3848 4221 44.135551 87.763081 72.235782 -86.515797 80.638274 40.890163 
2 980 4733 69.182561 43.103007 
4 1368 3113 3486 4724 20.237173 99.549336 2.013915 -20.955496 
6 1032 1212 1758 2912 3200 3938 -38.133306 -55.106299 41.856133 -3.135776 7.506948 -67.384419 
6 1598 1883 2093 2447 3879 4463 -34.716951 94.856877 -31.828240 6.647584 -1.431858 -65.617381 
6 405 454 2811 3530 3811 4394 0.894612 87.049766 -2.377496 -29.587068 89.948993 -21.159377 
11 62 66 443 508 973 1237 1575 2141 3342 4579 4841 0.055862 -8.709098 -29.702745 50.975627 11.504913 0.900538 -12.698032 -21.048988 24.356657 58.178269 48.334368 
5 612 3388 3887 4550 4633 68.598982 14.687551 34.212395 -7.026408 34.102450 
1 4460 -17.781993 
6 354 478 1264 1774 2801 4736 58.466529 69.313688 -80.236367 -91.768483 23.598210 29.386523 
8 654 919 2250 2261 2336 2777 2904 4658 81.568646 -70.182728 -72.409377 -44.551625 65.490620 16.580307 -39.430031 26.597397 
5 49 1213 3026 3145 4050 -93.694488 28.326513 61.763866 -26.565144 46.258126 
4 463 1013 1067 4970 3.234874 -4.801077 39.494248 -98.166990 
1 4655 -14.912404 
4 901 4307 4620 4651 -50.952694 83.495682 57.322768 -39.148648 
6 370 498 499 1596 2878 4814 98.980399 -18.984459 50.336505 -29.996288 -39.712075 65.006669 
8 1681 1891 2045 2622 2961 3068 4025 4873 -59.931338 47.113314 52.422402 20.850742 96.631843 48.468245 -38.925329 -89.311928 
5 656 1488 1736 3633 4895 90.958227 -52.830791 -47.994564 67.347190 -50.176776 
3 2681 3131 3296 2.763809 -69.150282 -26.544040 
2 1344 2734 99.404497 -25.481936 
6 289 2039 2236 4012 4544 4911 21.342087 72.363038 -38.548565 8.706662 69.266541 -88.010814 
8 635 689 1036 1043 2186 3767 3953 4215 -5.134386 79.776234 26.623356 -65.066545 -20.551131 3.843389 90.257804 64.900013 
2 4503 4667 36.487871 32.909761 
6 3 378 1339 2620 2702 4992 -36.055741 87.810397 -36.603121 -20.815607 -72.071285 -34.523132 
3 719 2460 2879 99.800738 -73.133509 55.615537 
