4000 2000
1 1242 98.783207 
0 
3 961 1206 1874 71.242798 51.688435 -44.884246 
4 674 701 859 1474 -58.364412 60.989930 -85.705382 -5.721087 
3 181 505 1170 42.451882 40.065388 -83.191476 
4 454 535 806 1786 -11.089291 -53.087370 -89.741571 -83.132120 
0 
1 1343 -91.406589 
4 74 129 206 1147 14.191239 -87.992659 49.926744 -7.838576 
1 1009 -37.607089 
2 42 86 4.008507 -94.780232 
1 151 -75.209123 
3 148 1068 1682 32.210388 -62.798714 43.300404 
5 727 1168 1481 1484 1639 -76.277409 -76.298411 6.183897 -36.930123 -4.214818 
4 341 506 982 1718 -85.939871 -49.770106 -72.312879 -23.309393 
5 278 460 757 1134 1357 44.938161 56.867535 97.699819 -26.437424 -46.737249 
5 6 190 307 826 1395 71.772011 12.383278 -87.107761 -85.621105 -9.517740 
2 842 1867 20.377706 96.592701 
3 795 1097 1382 90.142376 13.664891 26.275140 
3 432 1013 1819 -82.974910 -36.126234 10.094478 
1 1387 -47.209536 
4 199 732 1127 1901 89.155600 84.326347 -82.666231 -53.728879 
3 60 641 1116 24.524841 17.008796 -45.878745 
0 
1 199 67.011099 
1 1630 83.016824 
1 1395 -53.948303 
1 1254 22.629865 
1 1879 -16.720712 
4 23 423 1020 1616 51.240186 -47.291856 -84.559740 -45.358360 
1 360 64.299252 
3 255 1249 1489 -57.563516 47.377582 19.478242 
4 791 834 1126 1260 98.049774 89.877954 84.311191 85.370321 
2 100 937 -9.191744 72.632020 
1 1873 -2.593895 
2 1744 1793 67.128296 49.991799 
2 229 699 58.862355 -18.711375 
3 515 731 1691 46.502564 -11.241907 14.990785 
4 89 119 759 1018 -77.598179 90.820575 8.011814 97.125871 
5 802 857 1604 1741 1943 -28.181901 78.104560 -95.346724 80.190640 94.065183 
5 44 602 994 1101 1212 -46.443699 46.088828 29.759266 -8.142773 -97.829666 
1 448 76.919586 
0 
3 597 704 846 53.620063 -1.791207 -15.639721 
2 1173 1443 28.316479 -43.811472 
2 1136 1937 13.700021 38.401510 
3 267 1062 1330 53.988477 -27.758155 0.174028 
3 308 411 823 52.350819 -91.986407 66.826430 
3 82 384 1853 -66.913093 43.523339 46.160956 
2 304 1542 -70.210725 -20.539102 
4 545 695 1153 1165 -3.923339 -73.014297 -34.468975 36.376572 
2 1589 1897 -27.152042 -82.115441 
1 1595 -39.917858 
0 
5 172 459 654 1073 1793 29.558625 65.160832 -75.379783 -5.460379 41.310232 
3 340 453 1585 61.122488 -51.706885 8.221149 
0 
2 368 1700 29.958284 3.559361 
1 905 90.926557 
3 119 121 1337 -80.506596 -6.052975 62.443252 
2 149 1387 -70.381254 59.896991 
2 1306 1389 24.881093 44.317521 
2 935 1804 -29.871541 61.790424 
1 913 71.547056 
0 
2 1540 1725 23.886159 -92.311907 
2 547 558 43.970814 22.922218 
0 
1 809 99.955696 
2 543 1485 88.049519 -26.230197 
0 
1 4 -93.598980 
3 270 1425 1617 -64.553645 49.555021 69.178190 
4 281 824 1412 1981 49.234512 -34.692524 -49.586545 -42.426368 
1 921 -81.779638 
3 162 190 685 17.974862 83.227404 -47.943978 
1 1321 -71.425176 
1 1154 -57.815395 
0 
2 67 633 -54.387844 83.104337 
2 146 1312 -69.868143 26.566726 
0 
1 674 -94.657443 
2 372 688 -88.605339 4.836966 
1 1714 -90.472465 
1 1358 -33.636581 
4 78 856 1335 1417 86.692092 13.682226 -26.633440 77.772524 
4 390 427 702 1226 31.180485 -24.881617 -30.262889 58.709339 
1 252 3.583555 
6 763 810 1260 1412 1607 1828 -80.016120 -76.958744 46.140224 -59.543404 15.179593 -68.160331 
1 639 -79.221974 
2 228 329 -2.553165 51.867562 
5 30 506 668 1571 1765 -2.189833 20.405818 -22.516163 8.223077 43.372704 
3 1056 1398 1652 0.186612 71.777768 -13.049360 
0 
0 
2 872 1032 27.594743 -72.552641 
6 233 444 692 1511 1652 1902 -21.188146 -89.645626 42.134662 21.957289 34.758006 -32.447479 
2 589 1979 91.718820 -18.250902 
2 487 1794 97.887174 42.148452 
1 426 54.798563 
2 617 1695 -17.658836 41.045003 
1 1244 78.536773 
0 
2 1300 1451 80.933315 -22.745398 
3 1064 1388 1444 -32.538434 -38.933725 -19.968974 
2 279 1647 -53.440912 32.590379 
4 44 1537 1753 1797 77.329089 -23.586446 -98.341745 38.527800 
0 
0 
2 664 1404 42.299312 64.151075 
1 156 90.851900 
2 183 312 -7.614130 -62.709310 
2 879 1344 87.508753 -71.459567 
7 187 1007 1317 1463 1792 1825 1984 36.446965 -97.123849 53.293698 -67.691406 58.133277 29.962636 73.299578 
1 1524 36.645041 
2 1360 1426 -46.034185 28.270244 
2 356 678 91.749343 49.609766 
1 1686 32.602330 
1 355 -19.288494 
2 656 1624 27.505731 -26.722955 
2 723 1047 86.223366 -67.153872 
2 1519 1892 -1.650695 87.328476 
1 1785 -59.299357 
2 1004 1933 43.813496 59.140447 
1 1142 -48.173783 
4 217 519 1078 1101 33.470278 -27.689075 59.766857 74.467262 
2 79 1155 -56.433348 -34.808035 
1 1015 -73.212455 
1 1823 -64.442319 
3 98 1144 1288 -39.925494 7.636293 41.266152 
2 1317 1899 -67.677562 -80.134110 
2 379 762 32.469515 42.288987 
1 466 10.483836 
2 484 738 64.389688 60.017500 
2 338 1261 -82.856528 -90.763477 
2 267 917 29.991927 44.995011 
2 459 962 -11.554588 17.190562 
0 
2 642 1881 -69.726000 -47.275504 
3 162 616 1825 -44.509230 96.335244 11.379868 
4 326 350 1212 1953 -8.017948 46.114650 73.663134 -65.427956 
2 516 1620 -62.559128 91.668446 
1 128 -68.938065 
1 436 52.571532 
3 204 639 886 -39.868124 -39.919554 43.627689 
2 592 1336 -10.656796 -68.713307 
1 1712 -76.689498 
1 435 -28.147142 
1 491 -94.545777 
3 514 615 1244 62.869540 -67.645814 74.156969 
1 192 -50.244470 
1 1676 -1.849810 
2 952 1533 -3.813661 -34.106779 
0 
4 182 1358 1474 1808 11.681268 -86.679256 67.076574 -95.806167 
0 
6 50 127 275 608 671 1054 -46.503789 53.055796 41.200755 9.817441 18.226322 61.026831 
2 921 1356 -80.066260 -75.988234 
1 643 -27.059598 
1 830 -61.007005 
1 892 14.928110 
0 
5 26 655 1369 1379 1511 78.715920 62.801461 17.769821 -59.163606 -16.423782 
3 843 876 919 -20.511996 -24.926548 74.826858 
1 1322 -57.385583 
4 134 239 501 1543 23.314019 -26.204428 72.879648 -76.064276 
3 1475 1665 1829 -9.063107 -65.294191 -61.050229 
3 198 435 1425 26.435321 -21.086138 76.292088 
0 
3 735 942 1991 -68.587394 26.992727 5.279830 
3 176 321 1090 17.808730 24.132776 -39.318159 
0 
3 670 947 955 18.380544 6.612006 -81.673431 
2 168 647 -14.555328 45.219972 
3 573 719 1407 -86.518571 -56.273932 72.489693 
1 832 -2.705575 
1 898 73.593897 
2 253 1718 95.055727 14.178504 
2 946 1974 -10.248722 -13.875537 
3 907 1470 1650 -28.473123 15.839550 67.881882 
1 325 -57.954227 
2 613 615 91.803832 -67.608463 
4 663 743 932 1177 -2.914383 81.424607 -63.786217 -2.490352 
4 141 878 1166 1736 15.671616 54.314736 -22.448409 23.527649 
3 59 337 939 -56.035969 37.685107 23.703623 
2 434 858 14.923836 64.973806 
0 
1 1115 92.960610 
2 1175 1439 60.612308 -73.104864 
1 581 -63.993801 
4 430 1085 1785 1818 -77.090860 85.454041 63.452103 24.792606 
3 150 413 1782 -30.202336 73.009387 -16.757290 
3 731 1083 1643 18.919876 -40.799619 29.358416 
3 134 966 1226 39.539470 81.472369 76.672043 
1 1598 -63.992841 
5 87 587 763 916 1183 -20.447317 -71.351834 37.398687 -91.097206 -62.302954 
2 1472 1600 -0.186971 52.272624 
3 1610 1747 1907 -65.082553 23.727018 30.843171 
3 418 1115 1724 30.528691 36.955628 -88.045588 
1 237 12.904806 
3 1126 1684 1953 23.064939 -37.255070 69.899817 
2 495 677 -31.377793 80.277589 
2 363 1091 87.660740 -68.552805 
0 
1 469 -97.362277 
2 681 1264 -62.264032 -84.207131 
5 132 400 935 1726 1966 4.575913 -54.033579 55.870081 22.239153 -64.909866 
1 526 -8.077544 
1 1815 11.624028 
3 227 553 637 85.754667 -16.495540 67.182560 
1 166 -6.106911 
3 562 760 1907 -0.868996 51.857629 -71.179643 
1 473 -20.725225 
5 282 756 817 1349 1554 49.856121 -73.263391 34.605395 -35.119152 -7.055660 
2 255 1075 1.876266 -20.383249 
2 864 1307 96.900003 24.887707 
1 504 -44.352786 
1 1217 75.249710 
3 61 447 989 -6.890741 70.078912 49.611428 
1 530 93.253204 
1 1188 59.639353 
2 563 1509 -62.542448 7.713986 
2 340 520 10.164891 -56.350513 
0 
2 263 1477 93.635060 -98.129006 
3 140 496 1234 -38.735144 33.206618 -64.918851 
2 301 1353 -57.004130 -13.089068 
3 1094 1119 1478 -7.228874 -14.084581 22.097055 
2 228 1336 -18.227829 37.819753 
3 344 1099 1958 51.927046 28.343775 91.015819 
4 20 102 573 1657 42.433532 -77.824765 -10.281067 39.478555 
0 
2 1660 1710 6.236578 50.135202 
6 106 601 1450 1678 1895 1905 -41.652846 -84.877448 30.274844 73.022989 -31.719238 3.328950 
2 54 1232 -66.594491 40.404746 
3 527 1628 1951 77.406693 -24.683438 21.959970 
3 671 1048 1428 56.425127 -98.352516 -36.282092 
1 771 44.942999 
4 275 600 1293 1636 53.260469 -93.936170 -12.797209 -90.685563 
4 89 1017 1198 1645 -48.079981 38.569836 83.547554 6.040937 
3 609 1260 1866 72.530413 20.172239 -62.366929 
1 1946 24.447229 
0 
1 375 2.731697 
4 468 634 1061 1113 -70.501927 95.946418 34.678292 85.483703 
1 1422 45.099409 
1 1428 69.602446 
5 340 350 746 1449 1494 -74.386486 -1.741880 -75.271927 -95.938694 71.546676 
2 1459 1460 42.009190 -77.013822 
3 44 171 1754 54.097896 -52.015908 17.247510 
2 1305 1653 44.792696 -66.028982 
0 
1 237 -89.563500 
0 
2 1364 1965 33.738421 -69.892492 
2 1505 1626 -5.729151 6.535564 
1 508 -5.959094 
1 671 -20.626847 
3 1081 1368 1653 -6.519017 -71.703276 -77.200968 
1 1774 96.747485 
3 253 1330 1440 8.954994 -18.839570 -38.821625 
2 1131 1388 -93.522439 82.403119 
1 0 5.714705 
2 272 951 43.168073 -48.447136 
3 294 936 1233 4.689618 -22.456976 -41.914250 
3 408 1178 1282 -40.403880 -63.289916 58.906107 
2 712 1077 84.730567 -51.561278 
2 487 1353 81.728648 28.598112 
0 
1 590 21.683906 
1 835 17.311065 
0 
4 700 1178 1847 1858 76.366692 -14.143814 83.982650 55.541455 
2 60 1580 -39.837170 -23.102730 
2 993 1371 41.333500 69.024178 
1 1199 42.358199 
1 1177 -88.980065 
1 1961 -4.593581 
1 1492 22.607600 
3 526 1387 1490 50.159310 52.540509 47.848371 
2 1667 1711 99.962580 -0.996870 
1 66 23.501647 
1 1760 77.241662 
2 129 356 -80.867946 -7.243651 
2 726 1817 17.471887 -85.294852 
2 466 1735 -31.357999 66.138410 
3 196 295 1108 -34.173120 -10.237442 -52.506568 
0 
2 193 613 21.430335 37.140199 
1 1416 -83.086706 
1 1166 -28.937234 
2 1154 1579 -41.050514 88.937036 
0 
2 478 1573 -50.914727 68.610568 
0 
2 1118 1768 -59.268385 49.499842 
1 560 -43.467655 
2 1390 1753 -33.781939 37.622707 
1 926 82.872083 
3 489 510 1863 90.240125 0.135784 -51.901460 
3 366 622 970 95.704862 68.595339 -55.299067 
1 1547 -59.605281 
0 
1 132 23.856706 
3 454 974 1024 78.030478 44.263934 56.223050 
2 611 860 -49.093466 42.211857 
2 1609 1906 28.328618 -7.776132 
3 247 1063 1883 65.874269 26.609176 -8.703001 
5 237 734 1048 1490 1967 35.186421 -98.202785 -67.893790 -13.287310 -30.378871 
1 1876 53.231953 
1 211 63.649533 
1 1732 90.309050 
4 114 521 791 1330 57.472182 -62.169093 -36.097070 82.142991 
1 4 8.582083 
2 247 721 -88.717414 23.791448 
1 1115 -11.027271 
1 1497 -43.270433 
2 198 1191 64.888804 -57.863514 
2 73 1767 -70.468037 -20.817246 
0 
3 633 1605 1756 39.704368 -55.898419 69.788286 
3 515 1049 1578 86.023342 82.758307 -25.856667 
2 388 512 35.796688 43.389118 
5 297 354 1630 1732 1939 -61.143823 62.411584 -68.047412 58.532704 84.047233 
2 517 918 -35.131980 86.949945 
2 67 466 22.046361 -7.485562 
4 321 623 937 1352 -41.812252 -83.106329 -41.270607 4.917875 
1 442 -3.911268 
3 1091 1847 1892 72.768494 -45.760729 45.635694 
2 488 644 -58.977651 -90.980705 
2 1903 1940 -61.222465 23.201935 
1 1863 -32.156417 
1 1060 -34.901190 
1 8 -10.237911 
4 150 511 680 1902 -66.260388 38.747981 -15.348320 72.278114 
1 202 34.848696 
4 6 117 1004 1498 -28.650219 20.778288 -42.274546 -38.159446 
1 626 62.764136 
2 780 1795 -45.822057 71.825274 
2 151 567 -51.471327 -16.737451 
5 365 565 581 945 1705 -46.360285 96.793944 -44.984525 -70.471710 18.388843 
1 991 -20.612938 
2 134 1116 -41.852500 -1.338027 
2 473 594 93.180773 35.124471 
0 
0 
5 20 61 1026 1086 1113 -26.464345 66.963514 13.277436 -30.512555 -83.626414 
2 770 1521 74.630962 1.484064 
2 453 1906 -2.389604 70.007830 
2 342 1312 -12.245591 15.739350 
3 329 1649 1923 -16.674281 94.155592 -39.918797 
3 1621 1793 1814 28.800111 -47.866084 -80.308298 
1 1797 27.593643 
2 135 139 10.649732 0.249292 
2 673 933 71.203268 -73.958944 
2 73 215 -24.523484 87.208210 
4 303 926 1056 1478 0.078344 21.478557 -1.064773 26.194406 
4 1304 1463 1538 1675 39.396166 96.368486 93.104723 -77.707773 
3 38 424 1449 84.937075 -93.047337 2.972686 
2 575 1258 -80.859116 -31.116022 
5 33 96 1015 1605 1671 57.222413 -29.481753 -93.596024 -98.130576 20.151667 
2 1782 1947 -61.108333 64.108040 
2 399 1974 7.691539 -73.979957 
2 632 844 -89.258582 -51.547638 
1 1109 15.803806 
3 75 665 1578 35.913351 -97.352019 -58.911711 
3 48 1365 1600 56.688917 47.424027 -89.536028 
1 1050 -78.294705 
1 955 49.327224 
2 791 1173 51.387809 66.224956 
1 1006 35.868248 
0 
2 349 564 3.805061 15.187996 
2 887 1549 10.117358 2.794041 
2 63 1397 36.003694 -64.295717 
2 591 723 94.802663 94.695219 
2 192 1953 62.188871 -12.487414 
3 1564 1753 1914 -76.641298 -75.641359 -86.123508 
3 1349 1497 1889 -93.025714 34.245340 -14.641811 
1 1066 29.731545 
3 737 1191 1582 6.538255 20.301364 82.615739 
2 772 1590 86.270840 -9.550889 
3 962 1416 1960 -85.663943 84.132045 12.324194 
4 264 409 1605 1772 -90.738230 19.368406 -62.980914 -15.455165 
0 
4 666 793 932 1193 -20.054097 10.452118 -79.082395 5.146170 
3 365 533 1333 39.822515 -74.788000 -57.626167 
2 840 1032 53.387979 76.954851 
1 1603 98.025053 
2 60 1680 65.549206 19.113625 
2 101 1650 53.881616 79.539420 
2 519 643 17.009706 -31.491944 
3 221 885 1051 55.505217 45.767888 -74.676478 
3 146 267 1395 -91.973879 2.556468 13.588360 
1 153 94.577188 
0 
3 744 1201 1609 -27.807540 -89.687282 57.027096 
3 75 318 1795 36.743269 -78.311340 -21.664087 
0 
1 536 22.110440 
1 1486 -93.870438 
3 228 666 1302 -16.686914 93.657548 -38.916428 
3 21 576 1157 61.395038 39.780361 90.231001 
0 
3 203 856 1969 15.207781 -82.522276 45.858524 
2 475 898 -14.016172 38.588623 
0 
1 495 24.605880 
2 585 1822 -88.244359 -92.077529 
0 
2 75 690 42.577116 -48.764976 
2 113 1434 -51.291122 72.742640 
1 644 28.694647 
2 1663 1926 -69.329606 80.215626 
3 564 1633 1725 38.711744 78.398396 66.158556 
1 1141 47.914321 
3 530 1354 1671 -77.995072 12.110184 -91.543017 
1 579 -89.430856 
5 252 392 616 853 859 -50.832584 -76.617743 68.149803 26.056361 -9.545185 
0 
1 1946 41.864334 
2 1018 1991 -77.017043 -79.416282 
4 1169 1389 1912 1987 -79.401585 -70.010202 -45.787496 55.036165 
1 944 67.762987 
1 1471 -83.079430 
0 
2 369 447 -87.006984 20.477338 
1 139 35.432653 
0 
3 1167 1184 1353 69.175079 -74.240092 44.255432 
1 1900 -35.083698 
0 
1 658 -77.917671 
1 1734 36.908334 
0 
3 415 1753 1834 -6.053221 29.815692 6.458419 
1 916 -56.420396 
0 
2 510 624 62.183788 -36.459369 
2 838 1623 -92.075834 -97.253115 
1 1453 -84.322114 
2 944 1765 89.212510 -81.208172 
2 181 1400 1.377428 -5.695488 
4 299 682 965 1111 -28.844134 27.304062 88.878387 -89.105397 
4 748 882 1096 1904 16.901661 -33.804533 30.850283 9.836584 
4 155 949 1566 1935 -16.469139 -25.869457 76.036585 -64.281349 
4 308 337 1102 1990 -41.753116 -8.296268 -9.799305 61.543451 
1 676 -92.953669 
3 785 1649 1979 68.213992 65.502104 -20.457108 
2 1807 1883 50.682689 31.794824 
4 420 535 762 1092 17.964715 -83.735973 -29.520892 66.322104 
2 399 821 -60.515820 -5.256059 
5 300 458 761 1364 1537 -68.354098 27.033238 -48.336993 -74.693885 -28.184666 
0 
3 52 614 1496 -20.026384 -99.625190 70.198095 
0 
1 1761 -85.776899 
0 
0 
2 485 567 -50.357834 68.245958 
1 1655 -16.053216 
1 715 -16.599072 
3 968 1008 1730 -95.626638 -69.512533 6.137556 
1 5 88.040705 
5 1045 1106 1457 1547 1609 -34.846654 21.508653 64.339789 -14.571041 72.869252 
1 505 94.963225 
3 993 1149 1254 32.662233 -74.807599 17.831220 
3 903 1208 1425 9.845378 -48.479853 41.029070 
2 726 1524 38.562399 -21.520020 
2 1311 1604 90.402688 71.857932 
4 11 429 917 1474 -46.877175 -85.411099 -55.368049 -34.432942 
2 322 1042 12.800890 -5.985436 
0 
3 213 1069 1678 16.295038 91.753670 16.813617 
3 135 390 584 57.833148 6.954973 62.216323 
3 610 672 1777 -10.458333 -13.751771 -33.581233 
2 417 595 68.621657 19.084994 
1 819 71.411789 
1 539 25.930323 
3 357 1081 1124 0.881938 18.322662 -5.371829 
2 316 1944 -85.328269 -47.665662 
3 139 599 1132 -55.798953 16.617257 98.641177 
2 730 912 -0.183953 48.199824 
0 
4 229 418 704 1381 20.164728 11.731445 -88.551267 -49.351251 
0 
3 139 930 1318 11.673579 -71.331376 -6.668967 
3 573 1194 1860 -3.888169 59.254664 -12.974797 
2 76 97 3.341371 63.655419 
4 83 229 421 1603 57.763801 -91.613734 -28.299494 3.956016 
2 1216 1634 91.750823 -3.219169 
3 387 1050 1593 -23.904714 -63.577947 -69.909994 
1 1806 -66.825894 
0 
1 1006 87.460405 
1 1272 -19.541765 
2 497 1276 42.367391 98.968856 
0 
1 814 66.856803 
1 264 -6.117744 
1 845 65.050396 
0 
1 343 -86.263380 
5 312 657 1375 1404 1663 5.835897 42.384185 -61.423912 83.363743 52.819180 
2 148 1142 14.972622 -66.045350 
2 231 1683 36.598845 -90.310861 
0 
3 322 651 1070 -80.376834 59.413203 -25.132280 
3 1318 1638 1837 34.764230 17.724507 -72.194161 
3 347 432 603 2.931495 63.652103 -26.885793 
2 348 654 -37.649020 -52.317418 
4 14 379 1481 1770 -52.785836 -32.803592 -67.525395 -21.512139 
2 22 420 -32.587683 99.107419 
1 1553 98.264100 
0 
2 981 1911 36.403272 -20.664570 
2 447 613 79.259774 17.576474 
3 460 530 1917 91.236094 -10.587368 16.361363 
2 65 224 93.877737 -88.164934 
1 1038 -13.628975 
2 207 247 44.205362 96.327580 
0 
2 78 1216 28.205716 -18.181866 
0 
1 1455 53.235611 
0 
2 377 1873 23.067392 31.498416 
4 218 662 844 1060 58.183685 -74.431702 88.297456 8.377103 
0 
0 
1 699 11.156835 
2 110 333 8.563543 -61.444935 
1 165 88.640156 
2 765 938 -69.593571 31.427205 
6 396 695 768 851 945 949 -33.182760 88.635248 -80.273053 -26.167215 83.962839 31.158527 
2 1066 1078 -98.693333 -86.375563 
3 259 1388 1627 58.790302 -77.301197 67.955173 
1 421 66.210886 
7 120 553 728 1024 1616 1636 1836 60.645182 21.624463 39.821809 73.457803 51.193081 -73.077489 55.259799 
3 235 669 1880 89.814251 -22.134897 71.139442 
2 1359 1445 7.050265 59.493008 
1 428 54.685138 
4 21 205 475 666 -33.368361 79.408386 -60.574518 11.803915 
4 680 823 1965 1990 40.085811 86.046091 62.828885 -63.369519 
0 
2 1395 1431 -34.562056 -93.088530 
0 
2 1393 1556 5.395475 -23.882160 
2 148 1935 80.835864 30.990642 
3 564 1532 1601 40.270625 -32.379602 -21.669069 
1 1120 51.184868 
5 1004 1363 1545 1691 1933 -81.583961 56.304816 -13.144189 58.517350 2.049228 
2 123 571 -44.951684 -71.207306 
2 525 1845 37.844581 81.659441 
1 15 -49.323161 
2 1223 1973 -40.132645 -28.755450 
3 923 1054 1482 6.486317 -66.136158 98.181005 
2 405 1631 -36.007097 -0.266332 
1 1067 -29.560679 
1 179 -81.211493 
2 1218 1270 87.534379 -6.441831 
4 375 471 1389 1852 67.845342 -56.854721 60.828474 48.130344 
1 1514 95.510104 
4 319 975 1212 1521 -85.130820 -82.080055 -79.929555 -24.550978 
1 1816 -28.719357 
1 1362 -83.110981 
2 831 880 -50.898847 -12.786103 
0 
1 401 60.701564 
3 81 414 1267 -68.305571 -50.681601 -5.629755 
1 1161 -18.559898 
2 1443 1475 12.773687 85.663643 
3 493 684 1333 -79.632470 15.541189 -5.353658 
0 
1 680 -44.488341 
4 749 1422 1773 1829 -48.941591 39.113805 -82.370239 12.604558 
2 208 1137 -31.461376 -71.751434 
2 775 1058 88.823446 -2.927101 
2 543 1619 4.363467 -3.949579 
0 
1 89 -43.516623 
6 283 376 624 1304 1429 1960 -74.357483 -38.843229 -20.839367 -4.803262 -90.035501 88.701758 
2 657 1454 -59.067399 -10.037990 
2 1702 1901 64.469816 2.413008 
2 21 1806 9.831023 17.754926 
4 636 1053 1125 1549 -53.705520 68.399572 17.218067 99.744533 
2 337 358 -49.396761 -30.862577 
1 1212 3.382919 
5 249 308 315 460 1284 21.345130 -54.601818 15.173577 -24.018639 96.401143 
4 475 509 1802 1881 -64.729592 24.260846 -15.795841 -21.968169 
1 1874 67.556876 
2 1027 1155 12.063281 44.012703 
2 110 671 -68.168527 86.798420 
1 900 35.918664 
2 980 1076 30.531794 47.412462 
1 781 -9.767562 
3 561 622 1703 -63.197370 98.475375 -78.191470 
1 1892 -52.982597 
1 651 68.737803 
4 786 822 967 1321 50.761846 -44.810146 78.260353 7.606981 
1 1644 -54.052201 
1 119 16.100584 
0 
5 88 819 1255 1261 1859 75.239012 36.728460 -37.282069 39.708498 82.601026 
3 290 482 1714 81.533597 71.451729 -4.009995 
0 
2 123 1602 55.968522 -73.169514 
0 
1 1383 42.959874 
5 133 276 670 679 1743 94.809202 -27.243456 62.258619 10.373470 52.409285 
4 352 1028 1361 1840 -72.089865 41.046725 -22.115078 34.123591 
3 167 684 1048 -97.340888 26.877189 -67.931337 
2 675 721 88.852313 -11.949617 
2 854 1094 74.551697 -20.758717 
1 589 53.662228 
1 997 -48.444140 
2 873 1700 17.409412 32.034404 
4 22 24 634 1674 -65.586724 54.565099 45.747090 16.922406 
1 457 -38.453901 
3 375 1315 1820 -89.863413 -20.000819 -5.972380 
2 215 1920 -37.970361 -86.096312 
1 1614 5.706096 
2 527 1813 59.837130 -51.486106 
0 
5 190 422 683 870 1414 -1.236469 -20.211492 10.027794 -55.112680 75.403420 
2 389 1371 2.145489 29.608661 
3 345 1758 1836 49.256963 -63.920196 36.817777 
1 1790 13.802188 
2 860 1662 93.998748 -32.608999 
1 924 -47.332873 
2 716 1489 94.221226 70.999697 
0 
1 1301 -87.350441 
6 45 156 286 752 1085 1253 53.228108 -17.585121 7.265781 -94.452362 -92.821763 30.692775 
3 128 136 310 -44.275649 88.407367 -76.359490 
3 169 1136 1388 -80.297849 18.350903 -87.712339 
2 795 1070 -83.487706 -20.245639 
1 796 -6.396307 
3 98 819 1697 3.969650 -66.468664 69.555843 
4 269 955 1104 1341 66.843431 -62.105441 45.420429 36.940850 
3 175 562 1019 -37.170484 -80.778777 -48.394736 
4 517 1405 1849 1914 -39.679742 41.910767 19.917095 29.859037 
2 1581 1649 -93.518978 75.461099 
0 
3 276 1173 1865 66.555383 -34.013821 79.182389 
3 473 726 1421 -75.363287 5.927435 -5.760222 
1 1166 -78.975498 
2 595 1939 3.607493 -63.019073 
5 82 407 612 1888 1934 62.315594 42.929131 34.876841 28.212701 -48.459186 
3 493 709 843 -68.101236 -74.611930 85.825835 
1 493 49.479868 
5 49 77 194 1559 1723 -56.551715 -41.932629 -53.619421 65.841524 -96.937120 
2 473 1791 59.182008 -97.808614 
2 130 1031 51.524241 91.525780 
1 1751 64.107040 
2 1219 1863 -47.498615 70.926924 
2 620 781 73.484770 85.019053 
1 1265 -18.688380 
1 1032 -93.660044 
2 1458 1843 78.155949 -29.465584 
5 14 156 688 1148 1675 -0.597138 5.596842 74.896318 -18.528834 -80.970223 
1 854 -2.011147 
1 656 25.928465 
2 554 1980 -16.543579 48.846992 
7 118 488 1490 1694 1827 1840 1855 53.913569 30.010800 -18.798368 -73.120009 68.163166 17.628766 48.885169 
2 707 1477 -75.139491 -60.580918 
1 326 -4.632649 
0 
5 48 245 959 1681 1957 -28.291925 81.335895 89.351450 -66.502417 2.610503 
2 118 214 6.291976 85.995315 
4 17 1029 1583 1920 70.195598 -14.785348 8.521553 83.235920 
0 
2 87 223 67.114096 -75.087131 
2 670 1264 57.790174 51.188195 
1 824 -93.423680 
2 231 1555 90.475568 19.453989 
1 802 -15.105111 
1 1303 19.840328 
3 117 1213 1814 88.064155 5.672061 77.609716 
3 635 1491 1531 65.296775 82.391593 69.212836 
0 
0 
3 98 336 768 -33.566950 -32.152490 22.402486 
1 132 -39.830938 
2 646 858 -95.927258 -0.595688 
1 563 -68.075253 
2 915 1564 -87.006001 42.306938 
2 8 1604 52.735952 -59.319740 
0 
3 605 864 1168 -59.420832 -0.853491 29.540634 
3 448 553 1392 -69.849961 -56.424357 -13.098882 
3 68 495 752 -63.047792 -80.387438 -98.366460 
4 752 887 1428 1851 -18.599841 -7.836098 -16.255220 47.062484 
1 1594 -56.843295 
0 
4 131 418 966 1380 -3.960437 -98.490536 8.493399 -25.700201 
1 1124 -46.487822 
0 
5 680 702 767 1531 1821 86.044494 -8.938676 -61.102628 -84.885358 65.715594 
1 1660 -57.859160 
1 1867 -54.670623 
5 147 374 1308 1430 1596 -36.866949 99.243282 -27.212755 -20.997172 -3.750611 
2 649 866 19.534013 8.152075 
1 1853 -98.316839 
5 338 689 1156 1740 1877 -16.679112 -99.840053 84.828993 90.789234 34.761888 
0 
1 20 80.787592 
2 237 1236 99.900876 58.851894 
0 
1 1213 -71.357977 
3 370 614 1506 -15.722828 -1.811359 -42.929915 
2 1394 1493 -65.572930 7.515557 
2 453 1087 -80.494783 96.634740 
2 945 1527 98.565274 -16.296599 
0 
3 1025 1502 1569 -72.746992 60.895491 91.683374 
2 852 1488 -10.910758 -11.394613 
1 1851 58.329522 
2 561 1581 32.695336 72.488369 
2 35 1424 -66.271386 0.299875 
4 277 848 1031 1477 44.675172 87.972265 -44.783191 72.021917 
1 1347 -12.684507 
4 800 828 936 1128 13.812490 -73.364144 61.833628 39.189045 
4 783 980 1357 1839 -25.727306 16.375745 8.549233 40.013256 
4 74 166 1440 1456 -27.065814 -3.642030 -20.522485 78.106769 
2 1160 1405 96.274939 -88.897081 
0 
1 1641 -47.709527 
3 199 659 1278 -94.747705 10.970904 37.478892 
3 172 1285 1325 -51.873176 8.520241 -62.456189 
3 254 569 1148 -82.509624 57.500055 17.009115 
0 
1 746 -21.504018 
0 
3 1073 1668 1953 70.069924 54.809338 10.895939 
1 192 -73.410460 
3 137 698 1939 -4.542740 -46.653296 -31.147138 
6 332 338 564 578 882 1213 19.391885 -15.645223 -93.988194 -8.141676 -26.118260 82.626483 
1 293 -60.186205 
0 
2 459 968 61.702557 23.181271 
4 646 971 1639 1974 17.382287 -91.349865 76.211305 -22.942544 
0 
3 362 720 898 -84.677535 -32.284018 -27.404343 
1 979 -44.535553 
2 950 1490 79.880227 -68.327236 
2 357 846 -79.587225 -44.862765 
1 763 18.973324 
1 1406 77.298687 
3 361 683 711 -16.269796 65.005080 75.922985 
3 1239 1270 1585 25.554287 48.086846 56.171667 
1 1495 -98.072949 
6 90 467 474 653 1061 1659 -65.227146 31.843311 17.190243 -37.299132 -24.918298 86.570353 
3 795 1412 1519 -75.033538 2.375161 99.193615 
1 1652 -43.841458 
0 
2 1026 1869 59.624848 -26.008629 
2 565 578 -22.808808 -61.553617 
3 944 1054 1370 -88.221017 3.263325 -55.507302 
3 744 1200 1731 -63.290441 6.061748 -19.564363 
4 443 679 954 1557 -22.574650 48.572781 -40.717677 33.328121 
1 1828 -60.792101 
1 1817 -79.220686 
2 338 811 -95.843612 17.879042 
0 
0 
2 312 1994 56.626211 62.606027 
2 151 1093 -99.072660 -21.125475 
2 125 1177 -32.422561 3.236948 
2 160 1547 43.082683 -56.340908 
0 
4 486 528 549 993 -7.942179 79.303525 -81.906018 -19.055339 
3 1617 1682 1757 -47.683478 -91.373991 47.720636 
4 1234 1558 1601 1945 38.713390 31.442213 21.434454 -11.954090 
2 396 1788 58.887109 15.376209 
2 1395 1726 -37.950741 48.184655 
2 384 1245 15.928855 81.591578 
2 741 1997 -25.511329 76.013038 
1 1257 -79.260788 
2 1142 1930 32.071703 93.095816 
0 
3 32 563 1013 12.737889 -51.249905 80.050837 
1 257 -7.010554 
2 105 1139 -11.159421 8.635923 
2 1043 1555 54.666897 -76.690437 
0 
5 102 637 1237 1570 1734 76.149587 -86.473142 27.275647 77.371885 41.608688 
2 310 1044 5.671661 -15.391360 
4 245 301 598 1838 72.574184 -87.606197 -1.833003 -84.225566 
2 835 1964 -21.726996 -8.275035 
0 
2 667 1806 -66.220882 -32.989160 
0 
1 810 62.931273 
3 877 968 1366 94.356471 29.246394 -63.776326 
2 474 1582 36.960353 23.380875 
3 1024 1328 1705 83.643050 28.701513 70.682416 
1 616 38.062903 
2 1289 1320 74.935616 -33.039381 
2 830 1786 -72.218575 -31.898680 
3 107 1425 1435 23.726418 -82.314358 43.767975 
4 808 1072 1559 1853 68.930177 31.390721 -42.244951 95.966112 
1 704 24.575713 
2 318 1350 98.546429 -0.675547 
5 449 530 1330 1344 1385 -67.700574 3.198528 -39.828187 -82.691082 -53.923035 
4 779 1463 1806 1870 -23.655699 5.576062 86.997152 37.724251 
0 
1 258 40.172601 
0 
4 614 858 1397 1503 -57.742615 -28.492052 67.740461 62.498146 
1 690 -42.035726 
2 97 334 -60.562753 51.619796 
1 1808 -72.031643 
2 1853 1920 -28.488485 -41.121105 
1 330 -42.530206 
4 138 1079 1718 1935 -0.184760 -92.174764 -17.358673 48.281167 
1 1995 -86.962678 
1 183 66.695111 
2 1008 1763 43.276015 75.768463 
4 617 981 1132 1300 53.939174 -23.493799 72.710355 -81.270824 
2 356 463 -1.047648 31.364774 
4 429 1187 1734 1751 45.725605 -86.768057 -15.260191 50.155326 
3 0 788 1809 -1.092078 -1.060799 90.412836 
2 1024 1634 -91.269572 32.189402 
1 1603 46.776017 
1 1675 48.306892 
1 1884 -83.242614 
0 
3 439 868 1735 -23.653876 51.574647 -31.551118 
1 391 29.157340 
2 153 1788 67.208152 -97.091434 
0 
3 200 910 1970 46.569090 -78.554347 92.447702 
6 2 576 1237 1508 1686 1934 45.978711 -21.212432 39.979670 50.081499 97.846390 55.712654 
2 515 599 -73.035483 11.191832 
2 1332 1767 -2.683347 -67.099889 
1 1753 92.754046 
0 
3 895 925 1669 -49.283340 26.562693 -54.402739 
3 1150 1744 1819 74.066271 90.252368 24.459906 
1 1002 -86.237213 
2 1108 1744 -3.671538 19.171113 
1 640 -41.151564 
2 55 214 -35.727038 -6.162803 
2 544 1911 38.771013 94.232399 
4 96 186 391 974 98.311673 -88.068441 90.445475 73.523598 
2 758 971 61.811084 -54.587521 
3 39 1268 1615 2.854332 -10.631667 28.381672 
1 1569 31.362920 
2 1283 1836 -38.249981 -15.971818 
7 77 106 385 477 1031 1044 1489 32.980863 27.068765 -91.308538 -14.143699 75.523527 -60.923676 -56.831663 
7 184 559 973 1390 1468 1516 1901 98.382685 -95.304652 -46.286634 -73.797176 -78.523343 60.054481 -86.469362 
0 
1 1976 -83.472018 
3 520 835 1062 96.307577 12.757617 -51.846778 
1 393 22.677393 
0 
2 1050 1966 77.076805 -23.308764 
2 746 1510 -53.226569 91.568059 
1 1027 -78.899720 
2 1484 1956 -4.066662 62.540763 
2 408 744 5.402346 60.516997 
2 464 1907 -4.688841 26.111565 
3 991 1159 1293 13.467603 -80.293320 50.200702 
5 628 1354 1721 1820 1981 71.634870 -46.648241 84.724553 -27.862754 81.804459 
2 563 1246 -87.241651 55.942839 
1 1392 -97.901234 
6 761 881 898 1033 1055 1485 22.190902 57.621875 82.546810 69.491098 -15.119571 20.109199 
1 1816 -22.842939 
2 44 907 -8.736092 77.014750 
1 1762 40.018416 
1 18 89.667652 
3 1430 1606 1718 15.212640 46.241704 -64.122860 
2 1571 1764 -34.367724 -85.608768 
2 956 1510 -40.630794 85.227198 
1 810 -4.357773 
1 1329 -7.661825 
3 1284 1394 1527 -54.256901 -83.508909 96.424838 
0 
2 61 1671 80.098125 -37.600888 
1 1524 96.317985 
2 1235 1430 16.581038 -17.442353 
0 
5 98 882 1261 1662 1666 -38.643004 21.213134 97.833377 -66.151836 -57.119854 
3 224 656 1439 -43.204435 91.863169 64.749430 
4 55 549 899 1542 38.312063 -80.139727 -30.351334 35.538146 
3 399 596 1173 -81.527904 20.790286 -48.821213 
3 430 852 1884 -96.879804 74.618848 -41.839614 
1 1235 -95.154415 
3 140 663 796 -80.073044 31.881382 -20.763821 
3 286 1805 1921 -40.345967 33.134407 22.718820 
1 1602 48.700966 
3 199 973 1518 -86.983960 -14.176914 -8.217743 
3 137 574 742 -84.941643 64.812166 10.068832 
3 782 1479 1828 -45.227295 49.852181 -0.016668 
0 
4 283 903 1200 1871 -27.488276 -26.720323 -53.684149 97.000101 
3 309 784 1367 -18.316453 -51.659731 -11.815431 
3 1796 1916 1919 49.337947 75.275472 -23.381446 
4 176 609 750 1501 -0.984848 74.801946 -59.558262 -44.394309 
4 1684 1982 1985 1996 -7.037681 17.404426 90.039950 -56.519788 
3 480 830 860 42.484491 64.802417 26.584650 
0 
2 17 600 -59.570700 87.674008 
2 40 294 37.460844 -73.205284 
1 119 46.642959 
5 424 581 606 1185 1902 -22.295526 56.647259 -62.359754 -10.625897 21.680532 
4 37 366 471 1906 14.361458 75.389617 76.784754 33.171047 
3 184 325 1079 -27.454692 12.084891 70.552707 
2 1936 1995 76.650628 -27.661177 
3 1173 1180 1687 -21.826512 -99.930820 44.067864 
4 851 1359 1817 1946 48.817338 -87.640041 75.324020 38.915363 
2 1812 1871 -96.818143 -69.453481 
1 1421 86.782380 
2 1274 1295 39.403408 -19.442775 
0 
1 1859 16.772188 
4 96 1488 1524 1910 45.912140 -38.254944 -7.414864 97.571099 
2 576 1826 -86.152761 -76.429011 
1 95 -62.936572 
2 40 766 44.293926 -55.051371 
2 29 898 36.355688 23.908681 
1 1198 -13.666884 
3 140 275 1993 1.000464 40.315389 3.350018 
1 73 -24.404051 
1 1448 70.967828 
1 1685 -13.593784 
2 292 1409 -60.724292 -58.555553 
2 878 1630 -32.458819 88.380828 
1 1291 55.131799 
1 1108 75.819194 
1 1311 -62.984949 
3 1144 1397 1590 -83.158573 49.439497 -0.731682 
1 625 97.253786 
1 1293 -46.711726 
2 1060 1422 42.126543 30.996691 
2 95 1331 9.124408 69.519277 
2 210 313 -21.590835 -81.118035 
4 273 724 896 1271 -75.699801 -72.036136 -98.870546 14.348809 
2 993 1858 -69.534302 -12.001948 
0 
0 
1 362 -50.169390 
2 927 1763 -35.028180 78.404468 
1 1905 98.639689 
0 
0 
2 897 1358 -68.133643 69.790194 
2 288 421 -93.802270 -11.240694 
5 163 329 404 1288 1630 -59.885752 -34.319746 44.647293 -82.953484 78.460676 
2 1444 1525 60.727065 81.975661 
1 381 45.561173 
6 405 615 814 1001 1058 1336 35.797657 86.539838 5.840165 41.028620 -0.220355 -54.933110 
5 30 1014 1140 1377 1978 51.496916 77.077819 64.338098 -58.184272 19.681412 
1 1471 67.275195 
2 691 1903 13.077831 -38.452412 
2 591 1988 -49.948324 -24.038558 
3 318 710 821 67.409899 95.518852 40.415542 
1 736 -33.948810 
1 1158 -38.349875 
3 34 697 1489 61.153830 -82.380195 46.960718 
1 274 49.524864 
1 1581 -18.917133 
3 627 643 816 64.345141 -34.656242 -96.481859 
4 103 156 347 477 73.027246 -13.297954 -87.242151 27.807780 
2 359 1938 85.608842 66.618765 
2 928 1838 74.728295 7.224861 
2 1117 1928 52.379924 28.058181 
0 
4 343 1048 1648 1795 35.643635 -84.527089 -57.902978 92.740001 
2 803 1007 -18.703940 -26.782476 
0 
0 
3 381 1514 1980 -30.973028 -62.119071 -70.180543 
2 134 401 89.229966 -44.345772 
1 318 -65.899304 
4 477 683 1140 1985 7.081152 -43.088351 17.330397 31.420586 
1 1109 5.703744 
3 597 803 1617 -73.192257 -78.874856 37.463044 
2 1211 1691 91.561619 -4.079871 
0 
0 
6 248 300 510 725 1605 1859 -72.909196 -52.023449 49.428941 -2.600164 -88.049035 -56.798503 
4 562 878 1164 1886 51.596662 -37.524349 -54.187477 -14.437719 
4 851 922 1242 1258 -33.888385 56.660105 -38.229427 -49.120279 
3 799 1807 1859 -40.702727 98.639978 -13.235365 
2 411 1255 85.287354 -88.066648 
1 976 30.797156 
3 1148 1290 1306 26.791207 -25.253377 90.677177 
4 290 872 1244 1370 -80.674301 79.362186 7.649420 26.950796 
2 619 918 87.085636 46.333858 
1 442 -20.808198 
3 136 469 912 -65.368781 -26.008646 49.572946 
3 4 1363 1549 -16.733772 -97.105447 50.637261 
4 97 194 1086 1849 -69.043348 63.135224 98.150176 -30.551578 
1 1385 76.559812 
0 
5 110 408 485 919 1162 69.746004 26.674723 33.208511 25.363819 56.546870 
1 786 96.878892 
0 
1 1828 68.712440 
2 11 92 6.308779 7.281442 
0 
1 717 52.767535 
0 
4 32 48 1224 1976 8.396889 53.590772 77.043794 56.139033 
1 1142 71.962111 
2 1422 1860 39.958331 -90.461724 
1 897 -98.230600 
2 368 550 -71.048416 -83.256064 
3 343 436 443 33.277394 46.123766 -92.788327 
0 
1 1830 76.688660 
5 768 976 1351 1473 1857 -82.172312 -26.317647 -25.817790 -23.092833 -20.273934 
1 135 88.452900 
2 755 1291 76.387125 44.881801 
5 442 877 1486 1737 1939 5.365910 -66.098699 29.816455 -82.417269 -57.219426 
1 1300 -38.077526 
4 85 321 421 1430 -72.347500 62.947420 77.063394 -81.884516 
5 27 45 588 674 1563 -88.671907 -99.718458 -14.412719 74.829685 96.735850 
1 1601 -66.401953 
3 293 373 1302 -75.567489 -66.671740 5.081490 
3 175 431 817 -15.397908 -58.077724 -3.277944 
3 573 1177 1758 -5.811173 -48.539827 -87.318470 
3 45 581 1123 -43.084919 -60.349097 -38.888251 
0 
3 448 940 1082 29.034830 -75.471206 98.277149 
4 897 929 931 1678 37.221525 -59.076663 -32.575315 14.355323 
1 105 55.155163 
2 115 1735 -25.441603 -67.783704 
0 
1 885 8.833657 
2 1377 1884 -54.885158 -44.068064 
1 1068 91.236071 
0 
2 137 1332 -71.934756 -26.859334 
1 158 -44.222281 
2 21 1345 -4.328269 14.544863 
3 298 345 1612 -55.498156 -45.442812 -20.512648 
6 314 795 958 1312 1459 1843 15.835236 -55.305551 35.312176 -52.622598 -6.085397 -66.720567 
3 103 754 1064 12.698280 -69.016459 -2.583235 
2 791 1803 0.414264 -6.625997 
3 251 326 1482 20.349035 -77.100808 -23.881748 
2 428 905 -95.265429 -31.763673 
1 471 38.243691 
1 1096 -11.487031 
1 1658 90.137641 
1 711 -96.096754 
1 1512 -42.650486 
0 
0 
2 782 1390 46.811054 -23.493927 
2 1070 1640 60.878526 -90.796337 
0 
3 464 1830 1955 -99.074920 -0.927655 -3.363145 
1 1296 0.538744 
5 45 636 1428 1579 1591 10.100557 28.451434 54.070290 -6.139042 -87.486132 
2 520 1258 76.212007 6.635243 
0 
1 338 -6.970112 
4 951 1079 1624 1916 21.148306 -28.963737 -29.557465 65.215013 
4 28 714 1565 1946 14.117000 -42.317398 -35.102769 22.863983 
2 473 1023 -35.191773 28.038781 
3 396 667 1403 -11.629270 -63.198908 -80.100005 
3 67 340 1770 -78.656958 71.810600 90.955079 
1 1036 -17.566467 
1 1971 42.174147 
0 
3 454 1018 1398 -36.873963 98.049170 61.220665 
1 1623 92.404166 
3 398 713 876 -12.549977 53.766441 99.561752 
2 811 1752 95.674073 -39.257176 
3 1630 1651 1869 10.581811 68.659385 -94.605196 
3 122 452 917 18.392358 36.315004 72.777345 
2 200 1150 72.642176 -94.909045 
0 
5 143 447 572 624 1195 72.237811 75.924061 -17.900285 72.660210 -19.061316 
1 1368 9.670814 
1 1495 -85.389358 
2 1601 1859 -37.496896 -58.801091 
3 183 201 505 63.905604 95.050334 34.857159 
0 
3 463 518 1981 -20.002370 31.842164 -58.733677 
1 520 -69.682567 
1 1403 -88.548805 
1 1363 68.117497 
2 1051 1635 -21.191163 -66.060331 
5 196 658 828 916 1653 56.601022 -18.659077 -96.924544 98.580834 49.768325 
1 339 60.866513 
5 388 1136 1215 1361 1817 91.580966 -79.709046 -22.637819 41.863319 -58.723160 
1 31 -79.688329 
3 1333 1360 1633 -0.491587 -2.684089 94.925616 
1 1400 -77.444950 
2 136 156 5.065658 18.883851 
5 313 731 906 1296 1764 6.363103 39.948757 -14.091687 -44.939977 23.047452 
4 453 466 1095 1963 -34.892450 47.459184 99.087239 -39.852968 
1 1730 62.255180 
0 
3 885 1146 1617 -21.869936 -0.974701 -29.082908 
2 420 777 -82.192654 -38.811194 
0 
1 1262 -79.540874 
2 174 1259 30.101955 90.214423 
1 1089 54.862488 
5 110 606 850 1403 1720 96.990821 -84.213138 23.383415 -74.549476 92.484582 
3 154 1406 1494 -54.623539 -31.319263 -3.003285 
1 566 -63.451557 
1 1368 96.586731 
0 
4 790 1186 1524 1989 98.073001 -47.716121 55.313567 41.333550 
2 404 1129 -30.143895 57.427343 
1 929 45.274094 
3 252 281 1112 -16.240755 -12.561764 62.989736 
0 
1 248 69.257577 
2 298 588 30.105259 -91.438435 
2 1267 1935 78.948882 72.108765 
2 987 1519 55.403736 47.436359 
4 184 198 788 1716 91.565683 -51.816674 57.579950 -52.845525 
1 1413 -47.383299 
0 
2 977 1349 96.934764 43.422174 
1 184 -62.264772 
3 562 677 1430 -26.989938 27.147983 69.582447 
0 
2 442 506 78.239873 -49.709316 
2 465 1937 -36.898351 69.746870 
1 1204 89.381216 
3 116 1012 1735 -12.189187 59.580365 84.803147 
3 45 292 1626 -42.439473 -46.546971 -98.351033 
0 
2 273 1303 43.799214 39.256430 
4 461 628 1034 1543 -88.756637 -35.177070 27.511970 18.328494 
2 543 740 -20.379333 -65.241503 
2 95 676 21.493288 47.190024 
3 566 961 1663 -35.347682 70.790728 -21.371741 
2 1135 1801 47.575322 -2.946756 
1 210 91.527691 
1 1601 76.372055 
2 149 558 74.297852 25.124126 
1 557 -55.983608 
3 50 852 1548 33.224609 -34.642911 -44.383148 
2 931 1831 -76.045198 -15.494670 
5 661 793 806 926 1087 -53.464725 -46.134451 54.046235 2.037283 -25.888964 
2 1342 1898 -58.511002 90.020028 
2 402 1556 57.475307 -89.791938 
3 1031 1651 1941 -19.274408 -81.651047 -13.088197 
4 40 646 860 1573 48.154101 17.800502 41.459735 -28.194939 
1 914 -94.108481 
2 545 1308 -17.514888 -28.837773 
2 150 1055 -28.366686 25.378634 
3 165 364 1823 34.446351 -63.999593 -56.416217 
2 1866 1913 -11.910093 20.168708 
1 1640 4.773973 
0 
1 1999 52.907846 
2 95 425 -44.131809 -27.389487 
2 864 1836 36.651065 33.018992 
3 138 163 1119 95.917784 -27.409244 97.686894 
0 
3 424 1104 1282 -82.275163 -13.763307 10.262898 
2 561 1730 -79.843881 -53.866693 
4 66 140 622 1531 20.124894 24.860137 -69.132193 -89.380660 
3 166 1097 1436 78.375867 73.717984 -10.523405 
2 1287 1559 30.316972 -51.899413 
2 600 1173 7.805268 21.039540 
3 845 1016 1476 -83.490274 56.428153 -85.630444 
2 620 850 77.920064 66.312529 
0 
5 67 574 1363 1500 1733 -3.514553 17.588264 27.958099 -98.299007 54.298824 
5 773 1113 1175 1309 1807 -66.715725 7.220488 -36.374658 44.401424 43.897199 
0 
2 82 1344 52.707873 -88.370639 
1 419 -34.696056 
1 1969 60.851332 
2 1079 1162 19.941477 -14.121491 
3 1320 1606 1831 62.741905 80.173214 -2.157618 
2 501 1432 25.624980 55.697433 
4 1028 1291 1561 1659 95.397731 -34.402215 13.376628 92.593154 
1 1146 -34.887068 
2 1133 1326 -98.899557 33.269109 
0 
7 342 583 927 1018 1357 1619 1735 50.500045 78.543477 -10.785915 12.054407 -25.890858 -44.048940 -92.650727 
2 868 1424 35.810518 63.306476 
1 1819 -18.661994 
0 
1 1368 46.022305 
2 888 1858 -57.603408 67.549609 
5 1353 1370 1544 1573 1931 -28.201788 -6.529953 -86.872094 -41.990479 -28.970691 
2 61 640 86.477360 -84.347532 
2 683 1111 8.050766 -43.323230 
0 
1 1724 31.857076 
1 1656 -7.386757 
1 408 96.351180 
2 930 1193 -92.323973 32.892612 
2 695 1080 -83.152396 94.184592 
0 
1 507 81.591376 
1 1244 41.748526 
3 388 1194 1590 -27.097573 44.433782 -31.471226 
3 1515 1820 1969 83.703169 -30.701671 -99.915679 
1 1529 -21.912409 
2 1071 1760 16.684325 42.381859 
1 1462 37.170266 
4 248 1375 1732 1974 36.270893 88.338025 -69.181676 94.979226 
3 696 1009 1296 -99.320539 4.916742 23.573901 
1 1433 -78.240289 
4 1288 1652 1655 1864 15.418737 53.046555 -43.408544 -37.565315 
6 405 412 480 534 1041 1059 -98.198666 -62.096101 -96.102419 66.526917 -82.133150 -86.172910 
3 375 571 1868 26.308437 -71.405688 36.082730 
3 676 1220 1423 6.539181 68.829185 35.152313 
0 
2 194 1628 68.478324 -82.739778 
0 
2 453 1097 -45.558418 97.765910 
3 444 501 512 20.063817 45.588530 -24.463832 
2 1672 1684 -87.986575 -26.183970 
1 1583 3.442439 
0 
2 419 1469 41.345401 88.272921 
0 
3 448 750 1539 48.795284 10.496030 4.291566 
3 361 724 857 -61.888978 -85.178741 -67.756242 
2 65 1841 -60.355425 4.518272 
2 527 1349 82.170588 -58.652840 
3 41 870 1170 -23.777470 -58.906895 -59.900709 
3 71 830 1991 70.534849 54.537676 -65.970523 
4 150 265 1109 1198 18.836897 1.997961 -38.722199 76.825181 
2 101 498 12.720270 -5.176900 
1 1691 39.470351 
0 
1 1146 53.123437 
3 980 1361 1373 -80.412688 -87.560997 -96.191671 
5 423 964 1276 1415 1966 72.099501 14.338900 1.278436 6.974962 42.424837 
3 429 781 849 33.734240 -94.350634 -15.601262 
2 155 1037 -24.358563 49.216250 
1 1685 -40.860479 
4 480 1258 1400 1789 15.480355 8.467000 33.000358 -58.085815 
1 565 72.347958 
0 
1 278 -81.757713 
3 63 76 1312 -79.569627 -30.817281 68.756109 
1 1275 44.036556 
1 1656 74.031408 
1 36 -98.089069 
5 24 476 637 1232 1558 36.462979 -61.161701 43.173533 -4.589789 46.700794 
3 637 1016 1710 -83.806393 54.449492 -17.208579 
1 1945 32.613245 
2 462 977 96.053574 -44.859060 
0 
2 666 1477 -42.362199 -15.598982 
1 1802 -70.674577 
3 355 728 809 50.824618 -29.072515 -89.919579 
3 170 400 679 -19.117982 6.970592 60.823083 
0 
3 52 1099 1176 67.543053 -20.233857 7.628112 
1 254 -20.069642 
1 818 90.988742 
1 1879 -75.653801 
2 953 1670 10.965636 -68.029574 
3 316 800 1673 52.246460 -67.835689 -19.232569 
2 879 1811 -65.193182 97.315689 
3 413 1084 1802 -26.574704 -39.265028 -74.778088 
6 377 799 1056 1169 1327 1693 -18.809479 94.207785 -46.184117 82.721994 -61.444767 75.315707 
3 312 679 1386 -58.856964 -75.003523 37.807450 
3 913 1528 1793 16.001327 64.571102 -58.263699 
3 615 781 1931 -3.009185 -50.636244 1.223241 
3 660 940 1458 28.236083 96.220140 10.608668 
2 494 1602 -90.258992 5.203701 
1 1718 -91.238786 
2 69 1973 -2.686315 49.547313 
1 1117 -68.552553 
1 1907 -12.393362 
4 366 421 617 1976 -27.930274 -64.716006 23.916735 63.284379 
2 109 508 -78.876787 -56.046737 
2 607 1266 79.835714 -45.997721 
0 
3 304 479 1666 -79.365190 -52.834049 -44.094147 
3 1336 1377 1606 -98.466266 55.093581 -9.496215 
0 
2 798 1222 20.932284 -31.348458 
1 1970 67.354610 
1 543 -78.463290 
0 
2 305 1469 -32.171352 -8.959244 
2 235 1401 -65.888964 -25.807855 
2 1531 1972 -26.326627 67.265367 
3 251 590 597 5.071691 -2.313750 -67.526448 
1 9 3.218922 
6 567 763 798 805 1721 1949 40.666427 46.576677 59.003709 -22.302980 -3.509897 79.161045 
2 1221 1435 -66.404838 51.707959 
3 584 1048 1063 93.713499 -0.357800 -5.154458 
1 1033 31.573658 
3 892 1128 1216 3.792109 -31.929883 -73.669708 
1 1962 67.343591 
3 100 531 658 -58.907692 55.110444 97.611811 
1 1743 99.315809 
1 1556 -54.357745 
6 109 1382 1488 1562 1747 1764 60.775775 38.122339 -55.770405 9.541958 80.938585 -82.909382 
0 
2 868 1869 97.654888 0.811153 
2 583 1764 -76.849104 -69.485405 
3 313 1545 1653 -85.062454 -17.700793 3.414098 
3 1127 1676 1928 -61.508519 46.498640 -32.014099 
4 671 763 1615 1619 -77.264327 -36.312270 -82.887767 34.799423 
1 871 25.859215 
1 1453 -67.486658 
0 
4 213 636 659 804 -76.250769 -91.400135 -30.217608 -99.093449 
4 630 893 1201 1969 53.915858 40.127104 97.694407 46.534967 
5 684 1062 1255 1724 1911 -21.236950 -90.829733 -28.067712 -66.073916 32.603199 
3 44 366 1622 -88.336947 -13.301029 3.098700 
0 
3 492 701 1729 -43.849283 87.282704 47.411347 
0 
0 
2 609 812 27.079345 26.320892 
0 
2 887 1081 86.770645 0.626995 
1 1606 -57.824090 
1 196 16.412013 
4 182 785 1016 1288 34.578297 -45.275279 93.039682 -69.649357 
4 67 748 1026 1375 22.943039 98.290666 18.677026 -54.634515 
4 224 656 711 1145 91.369300 -27.674230 -69.050434 5.624611 
5 332 344 795 1516 1862 -39.915410 -88.038398 -60.304851 -31.254962 38.289976 
3 1369 1460 1649 -74.651365 -15.493314 98.253859 
2 1185 1982 92.077232 7.152374 
4 817 1057 1593 1981 24.213129 83.965453 -40.677667 65.202944 
0 
3 406 1150 1720 80.925091 -91.685942 81.797584 
6 186 804 1392 1647 1649 1889 84.055758 -30.718093 -76.767236 -32.904439 -44.490862 -52.582206 
3 1108 1181 1762 -11.603897 14.758484 -52.914841 
1 1813 -41.392116 
4 619 739 802 822 6.845184 -46.727202 83.102030 90.951717 
3 162 640 1420 82.917891 16.429363 -26.529702 
2 804 1703 -26.332766 -62.943693 
2 1215 1565 -61.915499 -42.448464 
0 
1 464 -45.647315 
4 41 113 209 1034 52.136301 -37.065351 -56.965869 78.248637 
3 485 753 1270 4.334285 -24.761214 -32.077949 
2 1615 1900 46.528888 20.626899 
1 327 -60.328962 
3 766 1514 1737 -57.610419 -4.922728 5.446025 
1 1776 43.138668 
5 350 785 1452 1466 1879 -47.538025 -58.149401 -7.410800 0.802262 -19.033848 
3 383 497 825 -49.830227 -15.882894 -71.056769 
6 98 413 479 710 882 1002 97.831994 -75.496278 70.262632 -1.599224 -89.044084 43.605263 
3 109 1652 1684 85.543927 31.722679 -56.297317 
3 1123 1661 1826 96.372289 5.728287 83.014519 
2 598 1787 4.952800 67.736417 
4 80 453 710 1987 -51.527598 -84.509028 -3.435943 83.462196 
2 201 1444 24.733436 -91.212922 
1 1010 68.761142 
1 967 72.759722 
0 
0 
1 297 45.056214 
4 481 804 810 1044 -28.326797 68.003639 -42.999350 30.143694 
3 1119 1469 1517 -27.817284 -19.818296 -89.937425 
3 289 532 1184 97.589375 -54.199867 -27.660829 
2 370 521 -82.914916 -78.707084 
4 493 1259 1337 1669 -66.933066 -85.376857 66.361772 -77.950035 
2 138 1321 -11.940818 -39.436503 
1 795 -58.332680 
1 1848 16.808673 
4 160 292 370 1183 94.823477 16.498348 51.007639 -66.933925 
2 706 1821 37.298075 -45.592654 
3 807 984 1716 -30.870797 98.501870 -28.382212 
4 74 538 643 1019 27.560534 79.721649 -86.125155 34.447240 
3 196 607 827 14.772651 28.644676 28.809760 
2 918 1334 -78.619548 79.462778 
1 527 -3.195282 
1 1858 -56.914582 
3 874 1467 1482 77.159208 97.759570 -86.367555 
1 476 96.372375 
2 109 420 -42.015995 -19.475662 
0 
3 920 990 994 -99.617219 56.703180 -64.654002 
0 
2 1565 1606 -2.252878 84.036619 
3 1229 1531 1905 -25.951434 31.450226 72.084425 
3 744 1009 1646 -11.855640 71.377021 93.533398 
2 898 1893 45.320817 -31.907236 
4 519 604 860 1305 -55.211689 92.561405 -12.575105 39.332070 
1 106 74.307904 
2 667 1615 40.625506 -26.674288 
0 
0 
2 497 1864 -53.590813 26.362156 
3 183 1439 1854 62.389889 33.867598 11.313653 
0 
1 296 79.219959 
2 666 1780 -64.603735 84.289580 
5 148 753 1246 1291 1870 -97.244605 -56.686154 -7.346814 -64.552297 -2.689708 
1 1844 62.526459 
4 141 176 1584 1873 94.641359 -79.541258 -65.754257 -82.295517 
5 182 596 693 1176 1430 22.973750 -75.985849 10.147193 -94.202902 -73.695692 
1 604 76.822686 
2 608 917 28.464167 -10.264218 
2 264 1059 70.016420 84.410078 
1 197 58.245831 
2 708 916 -77.301897 27.090913 
1 38 34.995384 
0 
1 1936 -48.217619 
2 120 1746 -29.969951 1.722066 
1 254 55.117729 
2 464 955 19.563506 78.106299 
2 389 1041 -69.381123 -15.025304 
3 197 1173 1271 47.954278 60.357447 -5.373060 
2 825 1563 -90.123168 53.792102 
1 238 36.865131 
2 138 289 27.505711 -28.826811 
4 691 1190 1263 1960 61.167984 -57.092406 -23.264659 18.573008 
3 962 1185 1891 80.886188 -88.394915 80.862369 
3 433 621 1608 -61.270227 24.225952 87.223480 
2 354 1581 67.989505 45.759630 
2 474 1466 8.080495 43.700129 
1 1744 98.845763 
0 
3 221 1698 1922 20.726574 61.541355 -7.333921 
2 137 1868 -18.337570 -73.702309 
2 754 1732 44.354616 43.161131 
0 
4 77 109 304 1284 74.020199 59.825122 86.431387 60.340521 
3 724 1018 1237 -27.434427 -41.504697 -90.140674 
2 1203 1609 -85.127209 78.023767 
1 92 -31.157137 
2 71 973 -76.224036 23.645709 
4 172 327 1005 1606 -16.661255 -8.106016 7.738408 -43.600542 
5 33 221 302 517 1587 62.826391 82.326501 -20.811591 30.028860 9.625920 
0 
3 319 610 1832 40.051756 88.521034 28.398693 
3 134 305 1702 22.397431 36.077940 41.537779 
2 952 1478 -72.880364 -26.698029 
5 73 399 1424 1745 1867 -50.375464 -7.886017 -9.908732 -47.233785 -27.150746 
1 1988 99.464872 
2 648 800 -71.783366 -71.203594 
4 158 365 964 978 -75.549353 3.381467 -38.518238 87.727075 
4 205 466 1113 1905 -21.234060 -97.038694 -17.029592 -85.762077 
2 1199 1529 -10.624907 -86.779508 
0 
2 968 1027 4.737260 85.511900 
1 1201 24.743687 
3 363 841 1929 -68.453435 60.288603 -48.404003 
4 126 998 1067 1133 -0.122310 17.060207 30.042820 88.879159 
3 208 1203 1312 22.220864 -98.423519 -78.071568 
6 149 415 1109 1217 1677 1887 -81.349712 -50.863530 3.259593 -0.720587 -74.166171 71.181963 
2 1221 1551 -78.719388 -4.012237 
1 1896 -81.514999 
1 1842 62.731254 
1 1182 98.847331 
2 761 992 48.954044 43.463673 
2 481 505 -52.184835 12.979504 
2 1187 1847 -78.077501 -80.486819 
2 768 1164 98.032465 -24.902964 
3 993 1082 1541 38.446939 2.082009 -30.702639 
2 583 954 -69.930900 7.019493 
1 1609 -41.876480 
1 1508 -76.626723 
4 396 1053 1693 1922 60.103741 16.964165 -33.760064 96.565060 
1 57 -74.084717 
4 373 583 1381 1768 -44.219055 -50.504612 60.250930 -67.696529 
2 57 1831 -24.336859 -2.496911 
3 41 1024 1253 67.982449 -27.572403 -66.317348 
2 75 830 -99.986040 -20.557381 
2 462 666 -67.263888 32.034873 
5 6 60 367 437 1507 -53.125315 -86.177022 18.889926 13.212352 -3.307253 
0 
5 179 1079 1308 1655 1677 -17.624938 4.248017 -67.575205 -26.770470 88.158410 
2 8 1391 -22.234399 -24.055521 
2 631 1392 -40.525011 25.983644 
1 96 24.791228 
1 1656 70.014303 
3 638 839 897 6.174739 -78.529628 90.776195 
2 1526 1619 -94.820657 59.347805 
1 1031 -93.164089 
0 
1 494 82.821714 
2 150 1539 78.538422 -30.877416 
3 653 1274 1811 -78.041972 10.761678 36.490885 
0 
4 358 761 839 1261 69.707652 62.853639 9.083823 11.090820 
1 1731 -60.443621 
4 1461 1613 1860 1901 -21.322400 17.510451 -74.268440 58.230235 
4 101 106 440 722 -98.287507 -65.829876 69.635512 -47.362796 
2 1051 1558 59.314530 -49.855028 
3 410 1505 1912 65.020380 -72.210579 -68.094582 
2 1088 1485 3.492112 63.819754 
1 704 -75.285528 
2 266 1979 43.758951 27.549157 
0 
3 985 1142 1265 -98.426352 79.527254 -22.175367 
1 537 60.146987 
2 7 189 38.094139 -1.429122 
1 1006 58.854512 
0 
0 
2 102 1882 -5.487932 -2.150953 
1 1419 -9.271554 
3 184 866 1671 87.367843 83.744856 5.803286 
2 139 1049 -74.698418 -39.450591 
2 1817 1942 -92.898990 -43.963155 
1 1315 -2.189712 
0 
1 285 -85.551737 
1 990 88.730532 
1 1839 -33.138534 
3 464 852 1924 93.271559 -50.241022 -94.666548 
3 177 1754 1842 -84.983466 -93.043119 74.601709 
2 557 1249 88.314798 2.329317 
2 623 1289 -86.958728 -42.381140 
5 700 749 823 975 1953 -16.082343 -67.911396 -91.518262 19.338250 23.778294 
2 1423 1772 13.841672 11.488905 
0 
2 1147 1747 -41.348160 12.807686 
3 268 552 1742 -69.728243 66.664963 -96.855361 
0 
3 7 523 1339 -71.616814 -30.381307 25.153239 
5 374 880 1621 1726 1847 68.432959 6.289597 -52.773323 75.764189 -61.296837 
2 896 1121 99.859920 32.145565 
5 66 426 435 1067 1798 54.416672 40.721815 48.841668 99.366962 10.444328 
2 413 1314 -6.190729 -55.969952 
4 126 390 817 926 44.572548 -70.973688 11.858438 -69.580392 
3 14 158 1759 46.929172 93.158790 -34.388964 
2 994 1799 -70.864280 -45.843279 
1 1123 77.211579 
1 1406 41.622722 
0 
1 133 29.961118 
2 672 1590 41.087784 -43.038025 
4 1352 1837 1863 1959 -40.824465 -5.768735 -37.460045 -97.906309 
1 849 -23.447905 
1 1317 97.942581 
2 1026 1742 2.439607 95.009921 
2 698 1852 69.984361 -30.993773 
3 1146 1926 1972 -61.906492 8.629752 50.799762 
0 
2 859 1659 81.588727 -55.768928 
2 242 1451 -48.914524 25.842002 
3 177 833 897 51.137644 -71.378898 -17.171347 
4 128 181 1094 1543 25.308469 44.686840 40.634860 58.122253 
2 263 1664 56.590152 -41.064047 
2 261 938 75.849137 -20.617331 
1 1935 -35.706539 
1 34 -33.304471 
0 
2 1749 1977 44.109482 99.875505 
3 270 781 1824 -1.632783 -91.307940 24.305145 
4 155 1137 1756 1906 47.265876 95.905245 53.628887 -18.727398 
1 1678 66.670153 
3 504 1662 1712 -5.549665 -85.963393 72.273785 
2 1172 1657 56.776902 -97.066577 
1 1350 54.684322 
2 1818 1984 64.057536 -85.882297 
3 120 1111 1198 -15.699167 1.485191 75.672005 
2 526 822 38.883341 76.636112 
1 1028 -82.544271 
1 813 90.111149 
2 693 1237 -66.508698 -11.796446 
3 235 1026 1176 -63.140937 63.292983 -25.294916 
1 651 31.530362 
2 125 130 59.968561 -31.695171 
3 825 1765 1784 -25.275085 48.506408 88.697834 
1 386 -12.699898 
1 836 68.622028 
2 307 760 14.157043 89.403784 
2 945 1163 -4.541843 -86.580306 
2 4 782 97.874470 17.935313 
1 106 62.083574 
2 149 1645 -82.074096 70.807484 
1 1753 55.635936 
5 281 570 703 802 1720 -33.655007 -73.728600 -59.368092 81.424021 -74.252127 
2 945 1859 78.061042 69.069799 
1 1429 87.301498 
1 98 2.786081 
2 539 1843 -82.629340 -67.160072 
1 618 81.010699 
2 310 1805 -17.449140 48.138885 
4 643 1449 1610 1928 57.122367 -20.639399 64.759196 -14.968359 
3 1451 1551 1757 37.609797 -36.542371 -76.305899 
1 595 13.898118 
0 
2 484 1379 14.337166 19.342485 
1 759 -49.056996 
2 874 916 79.907656 50.983493 
0 
2 1506 1573 -69.770279 -74.538784 
2 182 500 81.629913 79.536336 
5 120 470 1461 1491 1965 -19.509391 -57.134603 -30.028600 90.959284 -85.548632 
1 1572 -32.348693 
1 1380 -29.102825 
4 135 1347 1578 1908 -11.303339 -90.837948 24.665148 30.853717 
1 89 -74.005558 
0 
2 1121 1971 -61.019359 39.320730 
0 
0 
2 81 478 -17.017641 -30.922770 
2 772 1182 91.927375 15.320944 
4 528 1088 1319 1649 -90.152003 19.471877 -44.716977 87.041026 
0 
4 161 1368 1722 1955 11.176243 -53.609889 5.004569 -77.501898 
2 1361 1715 67.629211 -4.848661 
2 1853 1989 -95.219858 94.881841 
1 70 41.128468 
6 912 1194 1448 1520 1585 1647 56.338036 42.401595 -93.677520 84.973774 -25.828762 -93.220265 
2 1588 1870 -10.172269 -84.787256 
2 589 1739 67.058424 40.964156 
1 135 16.075802 
0 
0 
4 192 723 1045 1574 10.064752 34.349066 37.855082 -86.835114 
3 636 1611 1687 -36.058092 74.243444 12.596919 
3 292 1165 1876 39.076901 -70.581179 -37.067576 
2 267 1424 75.222592 -37.715916 
1 1979 -94.576860 
1 1439 68.602385 
2 122 679 42.054763 -86.811243 
1 399 81.313236 
3 783 1376 1604 -14.600920 86.210933 68.226023 
4 110 473 1374 1592 65.619642 -3.790125 94.169245 91.921579 
3 611 900 1798 -8.778479 54.479856 -26.703873 
1 1985 76.553722 
1 854 49.256664 
2 1206 1904 19.923612 -88.371883 
2 386 1725 98.646374 22.867714 
4 312 797 1192 1393 98.364952 76.570075 -69.850346 -81.458561 
2 61 515 -72.105010 64.408465 
3 16 763 1336 87.400837 -43.017439 -40.505775 
4 502 599 1105 1347 -46.323039 -25.723583 78.815745 -44.558628 
1 1462 59.114256 
0 
0 
1 1207 87.480183 
3 75 393 560 -4.120748 35.290984 83.239183 
0 
2 688 1622 -8.325496 79.651990 
2 803 817 -31.905242 -66.972944 
2 493 1488 32.960850 -17.693605 
1 281 28.320119 
0 
3 232 804 1633 44.711925 -19.304315 50.731508 
0 
2 233 1993 48.730694 76.441068 
0 
2 479 1516 -73.677193 13.568405 
2 532 1557 -58.573925 -48.078905 
0 
2 922 1448 33.409323 -12.172184 
3 291 718 1134 17.077366 -35.475871 -93.114573 
1 210 -57.635448 
2 514 949 32.321805 8.346030 
2 17 1216 -97.925150 8.191809 
4 150 319 652 727 -40.344791 -78.518539 71.579192 -48.112690 
3 531 1164 1771 86.118136 -93.322098 -29.572563 
4 658 710 799 936 9.547412 39.512903 -14.560515 80.270335 
2 1768 1957 -32.869380 84.793133 
6 13 564 867 1420 1428 1796 -98.654939 -54.589187 -52.849449 33.507316 71.562779 26.379847 
2 440 540 16.641532 29.675501 
0 
2 386 1474 -75.145163 -58.688907 
3 594 1090 1606 27.197431 -12.465884 -1.264274 
1 907 -3.093043 
2 711 1192 -97.969614 -29.904909 
3 97 926 1222 9.377539 20.364189 -54.017308 
0 
3 600 766 1049 -24.677147 -71.323730 52.009008 
1 648 -76.642983 
2 496 909 -46.276129 67.827055 
2 979 1185 -5.831100 79.328587 
0 
5 253 433 1178 1450 1808 -74.928418 55.063478 -64.778545 10.677090 -1.765296 
1 802 -7.441784 
0 
0 
1 1629 59.086582 
0 
2 347 715 -60.094321 34.622579 
5 220 233 806 968 1446 57.358754 44.641347 -3.450597 33.148114 61.679951 
1 388 -30.509229 
3 1554 1649 1713 -63.161437 -44.454121 -24.296116 
1 97 8.824347 
1 1195 -16.878679 
2 632 1975 -46.120826 -85.545937 
1 301 -4.328539 
1 1077 44.647004 
2 16 1760 -34.397121 61.726649 
3 84 719 1936 71.300332 30.498935 -47.514255 
3 774 1638 1981 33.162013 58.096468 -98.445353 
2 451 1777 85.397222 -90.726268 
1 1076 35.066784 
3 115 292 344 -46.649649 -49.656653 -51.281166 
2 547 758 49.998294 -53.768635 
1 1700 1.518088 
2 135 1662 45.132037 -30.250424 
3 11 538 904 54.241616 -28.718376 -38.483627 
7 317 561 609 679 715 1376 1798 -33.000654 -51.477704 -2.386538 52.293585 -67.550819 71.071582 89.657908 
4 1406 1464 1482 1660 -94.904126 39.847287 -24.158760 86.432382 
2 674 1992 71.662146 48.936827 
1 118 28.306381 
1 320 -6.534125 
3 704 768 1370 57.888979 -1.984265 -35.665535 
0 
5 212 437 616 1455 1777 96.780108 -61.996406 -15.622922 -38.263481 52.559309 
2 1204 1510 2.282778 -30.826146 
2 1399 1558 -14.580096 66.241821 
0 
0 
2 533 994 -0.610019 -28.351427 
2 453 1251 -30.588370 86.110571 
3 15 1393 1624 -67.774091 40.718929 77.499380 
2 708 855 71.824503 52.436362 
3 303 589 1020 -53.298936 -81.224931 -71.355484 
4 264 941 1236 1592 5.920322 41.376603 60.329587 13.183077 
0 
0 
5 152 296 646 1050 1092 -52.377818 -61.047295 97.065942 -11.216573 39.641176 
1 1770 45.456857 
2 1272 1824 41.689662 -90.221312 
2 656 1225 27.279148 -45.989863 
4 454 843 1554 1786 -67.116392 72.983662 19.837743 87.290290 
1 1145 -51.924337 
2 225 1815 95.354350 34.593895 
2 821 1653 -21.912358 -18.657444 
1 288 65.693315 
3 701 823 1128 -61.737926 63.612167 -14.177263 
5 244 1375 1593 1776 1802 -48.769371 45.290035 8.146079 34.411013 -96.495186 
4 149 668 1500 1671 -9.437105 -21.975700 -59.961906 93.862397 
3 160 426 1271 39.396093 22.998067 35.916950 
3 957 1250 1610 70.304557 65.115947 5.031216 
3 181 914 980 74.519949 -37.862374 -15.553745 
1 1230 3.054529 
4 60 1015 1270 1974 41.563996 -0.202859 -55.822140 -82.998277 
2 428 907 14.578549 -45.158956 
2 228 994 -80.156107 -66.908015 
5 593 855 1281 1459 1533 -77.591591 -48.950266 17.883711 -38.617492 86.481314 
2 15 297 92.978440 -97.164307 
2 674 985 18.747835 -84.721853 
0 
3 442 809 946 -14.144654 52.954242 98.367831 
3 233 1212 1834 82.194832 -65.428039 -91.113849 
4 826 1287 1421 1628 -43.810324 -9.538556 -33.466462 12.950952 
2 1046 1672 90.183934 34.207349 
1 1749 -73.813751 
2 412 786 57.573118 -10.758312 
4 573 870 1010 1303 64.287238 84.421210 65.282303 11.171514 
1 1434 -66.840101 
2 3 86 -67.915983 4.483273 
3 156 375 1467 53.507782 92.020021 87.622935 
1 299 -45.358888 
2 545 1737 -64.419031 -48.433821 
0 
1 1021 -1.596614 
5 838 934 1158 1524 1634 25.578393 -47.250773 85.621464 -78.521125 6.821676 
2 1398 1639 13.531224 6.985244 
2 995 1849 -29.228318 48.204980 
1 848 -38.452060 
2 950 1981 -62.163137 80.297787 
3 10 749 1732 -47.968307 -42.468818 -23.970186 
0 
4 281 491 1890 1985 0.629239 -21.602614 73.224691 5.054459 
1 1400 -96.307359 
1 186 -68.877485 
1 1932 -18.386921 
2 913 1159 -80.747456 10.249113 
1 364 -75.149202 
0 
1 1825 49.757084 
0 
0 
1 685 92.739405 
1 260 -30.143302 
2 920 1461 -57.217526 -54.762747 
0 
2 1331 1876 -87.456916 75.879080 
2 632 1549 -99.049315 20.574187 
1 1001 79.894150 
2 1145 1266 -5.530719 -62.761930 
0 
3 18 112 1727 39.037530 -59.856084 79.147881 
3 208 992 1031 55.663989 37.722518 33.970168 
0 
1 1153 -12.438512 
3 286 697 1137 -56.972967 -37.201540 -47.071676 
3 175 285 1053 82.647156 97.418671 -98.116592 
2 80 402 40.573754 44.176845 
2 1122 1474 -17.127742 82.777819 
1 1244 99.236842 
2 1113 1341 -73.747692 51.413919 
4 590 1413 1783 1807 -24.041648 67.384447 -88.701521 -91.045660 
2 521 1929 44.094342 23.302784 
1 1162 -55.120555 
4 719 1280 1403 1435 72.506766 72.123354 -17.947252 -19.746459 
3 620 743 1822 -93.205295 -92.432300 -28.895535 
4 118 626 933 1707 -22.616254 -86.854883 57.132908 -91.873546 
2 277 1780 70.791506 -50.262740 
0 
1 30 -71.086864 
2 1214 1348 20.253813 76.920117 
0 
1 1813 -35.038721 
1 1057 -60.401741 
0 
0 
2 188 1983 7.462922 74.881022 
2 1323 1659 -72.082877 -98.487930 
2 387 827 -11.664536 9.849308 
2 739 1868 -3.749058 68.971801 
0 
4 146 304 1633 1658 -69.494584 -87.181598 30.752923 -82.465517 
5 432 470 618 747 873 68.507670 -96.536374 3.441830 -77.968319 -67.016937 
3 216 354 534 -4.222620 45.712326 -13.526739 
2 1514 1592 99.892945 -25.024316 
2 1714 1843 -46.952032 -75.730119 
2 373 764 84.980149 64.856065 
2 638 1707 -82.136022 -48.162576 
1 1156 -35.030767 
3 119 249 538 46.521451 -97.791514 -8.473276 
3 452 1588 1636 -66.275789 -44.686882 -16.192973 
3 1486 1522 1769 40.988971 -71.589897 -67.827553 
0 
1 1625 -55.973555 
1 1972 11.954641 
0 
1 402 29.748352 
1 1517 24.567021 
2 321 768 18.491433 -17.283858 
2 395 1228 79.411812 58.040201 
3 163 1348 1433 -35.957261 88.653394 -95.518482 
4 1526 1682 1762 1952 -62.208067 93.154640 99.083488 -54.039888 
4 87 143 1444 1890 73.761476 73.759684 78.028051 -4.214382 
3 124 240 1848 -71.809573 0.706042 -33.521398 
4 13 1347 1609 1996 0.026532 60.881221 83.709111 -71.515000 
2 471 539 54.630618 31.105339 
3 838 871 1611 -90.957295 -2.870640 20.579552 
0 
1 822 -42.270401 
4 425 775 904 1011 59.443027 89.920411 -12.730239 -53.543953 
0 
2 927 1798 -18.317657 -75.242299 
4 5 674 1115 1240 53.066551 50.216285 -82.971263 -5.026431 
1 1629 -9.283673 
2 1317 1497 -85.720950 99.831367 
2 23 1564 71.190884 51.266430 
7 472 624 917 1021 1252 1524 1616 -47.569266 -84.768450 24.700237 -28.845043 64.327405 -79.329563 -0.775646 
2 1155 1688 1.258136 -84.030512 
2 58 1518 -19.250083 11.729798 
1 906 -0.148912 
4 1067 1803 1826 1938 85.971867 -12.889620 26.768074 96.552046 
4 48 67 425 1221 7.280118 26.450148 -67.959318 6.517360 
4 309 438 1208 1533 60.457168 -89.039560 22.877965 70.607676 
5 490 523 1119 1755 1792 -56.507220 38.770053 80.960570 79.171795 21.178171 
1 1124 -27.173407 
3 403 1347 1837 -10.464544 -33.590694 -0.075386 
0 
1 77 -13.071464 
1 348 93.199594 
1 1410 -8.164678 
0 
1 902 -64.899898 
0 
2 894 1645 -48.883295 -79.091139 
0 
2 682 687 -14.974061 -5.003024 
3 372 1048 1626 -31.903987 72.947232 -31.960010 
0 
0 
2 327 1017 -30.002124 66.755069 
2 536 1988 -14.566866 94.836059 
4 124 1409 1497 1769 22.072837 50.143995 -34.418535 89.931414 
1 1304 -93.440725 
4 361 919 1631 1961 -78.453784 75.785649 -42.538950 59.099208 
3 950 1116 1749 -64.942898 -34.343421 -67.939462 
3 115 443 790 46.625053 -3.301865 31.990949 
2 1030 1638 23.962254 63.097004 
1 1684 23.838549 
1 881 78.037764 
3 240 381 1482 -44.074286 -34.807510 10.034510 
3 29 1383 1397 -53.672084 83.235547 1.530962 
2 653 1954 -14.980314 -64.840625 
2 294 1546 70.316655 18.368000 
3 619 747 1659 -87.872295 36.627716 -28.305091 
1 1618 -61.100398 
1 1274 14.542014 
2 596 1692 0.553305 -38.653323 
1 1659 -88.459994 
1 390 -53.036070 
3 430 1026 1147 54.566606 68.105416 -55.500059 
2 212 1224 81.244635 -57.242244 
3 142 840 1289 61.097944 63.137983 12.524989 
3 471 855 1839 46.643122 -55.720697 90.197565 
0 
3 158 1207 1631 -95.542441 74.286451 20.991292 
5 380 672 1491 1582 1878 -20.206369 36.832222 -81.274744 93.315877 22.213034 
2 532 1646 -75.391505 -80.720733 
1 772 53.115682 
2 104 1653 -57.791129 56.407203 
0 
1 490 98.133513 
3 505 982 1196 49.375529 -10.669868 -84.404581 
5 713 1322 1361 1821 1987 -63.315322 -20.772929 -42.539934 47.399693 -99.000480 
1 407 -70.163881 
2 740 1728 1.630417 18.156950 
4 452 631 1400 1590 72.560483 71.388602 -50.439864 -95.059726 
2 235 1712 -72.357799 1.979689 
0 
1 1750 14.116044 
1 1790 -8.182431 
0 
1 1383 -83.734556 
2 1431 1540 52.156389 18.038304 
0 
2 101 1847 48.397849 -87.970222 
1 400 9.213720 
2 1114 1531 -58.600872 79.241651 
3 917 923 1942 -44.748207 42.012258 -49.654223 
0 
1 1819 -22.452798 
4 40 112 1632 1985 -2.583206 26.720427 82.492416 39.040969 
1 944 -65.756099 
5 544 833 1034 1091 1366 -5.366926 74.034872 71.219133 -7.850133 15.666540 
0 
4 32 818 938 1288 -87.323304 -31.742220 -81.194029 26.052677 
3 136 1629 1927 -76.298918 76.706965 -29.943101 
1 911 10.949259 
3 943 1035 1324 -21.833633 68.480246 -32.151676 
4 162 236 1119 1671 67.633512 -36.170213 30.467900 64.311161 
3 133 1176 1357 61.354277 -94.317773 52.919107 
3 331 1355 1596 54.150448 91.759592 -94.559363 
5 432 564 1006 1273 1286 37.409343 13.827576 -66.601108 -72.826763 -8.939366 
1 1748 -34.146203 
5 62 203 794 1224 1883 63.414101 29.778882 -92.476563 54.490162 63.414538 
2 1113 1247 15.927100 -99.364314 
2 842 1396 20.354868 -77.920646 
1 1876 -61.414787 
4 191 1218 1822 1980 -97.188015 -42.586052 70.606608 62.279161 
1 473 48.473730 
0 
4 157 529 834 1129 -28.326257 93.838230 68.765834 -92.424291 
4 31 422 1154 1466 31.953846 -78.478722 -87.439297 11.024735 
4 240 709 959 1975 -64.773552 -57.336001 -68.533894 -99.261869 
2 386 1566 -72.068480 28.487214 
3 647 979 1614 10.600948 70.842414 48.015294 
0 
1 952 71.889350 
2 389 1667 -3.402322 -41.671568 
1 335 50.193883 
1 1528 32.495706 
2 644 1871 13.096086 5.377258 
1 282 22.989007 
1 791 46.123892 
1 1369 11.589840 
2 956 1984 -59.228640 -76.102624 
4 203 383 648 1120 -73.895627 54.363563 88.586241 35.215779 
0 
1 1132 -96.118522 
4 543 739 1205 1237 6.939704 -3.593324 68.681849 -65.283885 
3 722 1451 1950 66.325881 64.151078 -37.960837 
2 147 1640 -84.368265 97.911543 
0 
2 1297 1512 75.203132 1.681517 
0 
1 1943 -30.787510 
5 124 811 939 1134 1834 -26.709085 -23.256745 40.813764 -77.532904 -79.237177 
2 653 1959 -79.070785 95.917286 
3 489 771 1006 46.731432 91.398357 51.167925 
2 1409 1694 41.033905 2.842023 
2 1012 1952 52.846920 -40.685962 
1 810 19.150065 
1 481 -90.502821 
2 1008 1297 -1.940124 -12.943362 
2 673 1559 96.632326 44.716643 
1 1130 80.556525 
3 63 768 1442 -11.963734 -52.573148 -37.655440 
3 860 1089 1434 -32.258577 -6.251826 37.392829 
1 284 -73.155234 
1 802 40.560575 
3 1023 1863 1996 -97.759232 87.493686 -12.977376 
1 1399 30.750229 
2 1186 1859 92.997587 87.094465 
1 1713 -98.607437 
3 102 109 1116 17.287918 -77.149920 -82.599476 
3 1483 1683 1888 -48.442292 -87.084989 1.436250 
3 805 1151 1465 -39.636449 91.771318 23.469208 
4 411 1088 1267 1404 23.605062 -21.035282 -46.922465 -42.711037 
2 595 1834 69.563113 -25.534066 
0 
2 1610 1773 -43.609827 50.892309 
3 485 1021 1988 -22.631938 -59.809815 -22.086877 
1 1309 -54.782436 
3 264 1130 1228 -8.967689 -30.486507 -71.957184 
0 
1 777 14.654673 
1 1840 -50.944421 
0 
2 1089 1886 -18.979384 84.187392 
1 1688 -16.793865 
3 954 1012 1294 46.355563 -52.399805 -36.115398 
4 244 415 594 1048 -82.607557 10.023996 40.634347 78.626591 
2 755 1111 -14.603046 -69.638404 
2 206 873 88.553456 -7.358089 
3 637 1230 1425 45.999968 87.329832 77.642542 
3 737 1530 1617 -63.985145 -34.950594 -74.270558 
2 642 1625 73.946954 -71.023902 
1 1449 -1.270733 
1 100 -13.040129 
4 223 632 1700 1901 41.089009 -77.566915 -54.009568 -18.005306 
0 
2 760 1083 -10.740425 -55.637563 
1 444 39.110396 
1 618 -12.910713 
2 116 1909 83.768375 -43.482047 
2 79 995 -46.437791 -11.644147 
3 73 1026 1585 -44.264488 66.033842 -43.611766 
1 819 -71.755229 
0 
3 894 1099 1727 25.667279 -30.628294 42.790539 
3 1370 1637 1982 0.939887 37.128193 42.745887 
2 407 1536 18.113290 -64.427599 
0 
1 1870 63.610307 
0 
4 382 1045 1459 1625 -15.837126 -41.213568 32.141978 -11.641933 
3 24 1036 1589 -67.456218 -72.973957 79.933206 
5 534 980 1108 1335 1621 -43.323166 8.773117 72.064459 -56.482324 32.065724 
2 496 897 -74.810114 -15.863525 
4 513 630 718 1022 19.770739 38.744233 -14.989008 -16.791171 
2 157 695 38.070198 10.133422 
2 1570 1621 1.867467 -80.680052 
2 199 1709 -36.079420 2.493995 
2 50 905 -20.754277 82.124911 
2 550 683 -51.143675 60.165327 
4 347 527 581 1056 -88.842408 -53.080268 -19.366001 16.278330 
1 1361 87.118046 
1 13 89.311748 
3 802 1349 1408 -28.540727 -52.656631 -80.827073 
2 539 1450 -72.343640 82.186303 
4 16 879 1303 1828 71.021996 99.924203 32.931552 37.648268 
1 1714 93.489107 
1 1846 -54.554127 
2 1215 1941 -31.657154 64.968788 
6 43 594 1166 1319 1390 1636 33.134963 61.100582 25.384318 4.065386 -97.159499 -64.160619 
3 556 1932 1963 23.452520 -47.121209 -36.669645 
1 191 4.149043 
0 
7 206 468 816 1255 1330 1502 1615 -30.704458 -32.019092 39.545217 -29.943597 28.834529 58.546315 -86.340223 
1 1177 11.994195 
5 551 943 1067 1351 1432 6.004397 -93.956753 89.953365 26.814481 -92.908852 
0 
2 1017 1651 -68.481928 -51.120227 
1 1518 60.062828 
2 1400 1480 -22.675442 53.855642 
2 486 1684 95.940749 69.725935 
1 430 -97.516583 
1 753 94.458464 
0 
3 106 1048 1960 29.130044 59.905409 -61.371004 
1 1188 32.962800 
2 405 838 -91.108003 -65.727013 
2 726 1108 64.330643 -78.349310 
0 
2 122 236 28.394213 15.677536 
1 585 14.915616 
1 1916 -41.807881 
1 564 -69.205634 
3 13 915 1648 97.260138 25.986949 45.794971 
2 1559 1903 29.818712 71.632595 
1 520 -37.342209 
0 
2 725 1702 99.265282 40.873179 
3 284 554 1557 -79.106412 60.808921 82.418505 
0 
0 
3 356 578 1132 -87.108449 11.542680 46.051102 
1 225 -81.299424 
2 1265 1998 -6.716684 -79.785451 
2 141 241 57.781411 -46.449240 
2 47 583 83.378408 20.541548 
0 
7 59 1010 1130 1471 1642 1713 1956 86.932343 -97.942110 -57.572626 2.503209 -79.095877 -32.420686 89.778080 
0 
3 544 1800 1950 16.908465 -7.522201 87.405543 
5 431 650 947 1277 1531 64.216035 -44.897816 -79.178871 43.904409 -31.878797 
2 1345 1493 45.641817 24.079249 
4 564 1486 1605 1934 26.169058 85.629418 -27.552897 61.751540 
1 728 58.710502 
3 696 1547 1941 63.612895 -92.489917 36.208870 
1 973 86.206202 
3 748 1000 1930 88.494226 -23.638339 77.042737 
0 
5 208 577 766 1063 1584 -79.850512 -71.212390 -34.591335 68.236596 -98.083657 
1 909 -46.397906 
2 639 1540 -37.907195 -22.869819 
0 
0 
3 437 957 1708 29.455771 0.938552 -17.951151 
0 
2 1390 1867 -38.303528 -5.509126 
3 1277 1405 1450 63.000209 24.440285 -43.572786 
2 1201 1760 50.824335 -96.722051 
0 
4 71 426 654 1447 -9.160286 99.406496 -91.029926 -71.145193 
0 
1 26 -22.786456 
0 
0 
2 109 523 91.223317 -56.176362 
5 217 1099 1297 1418 1756 60.218984 97.454829 -80.585495 -93.334476 29.006499 
1 986 -72.466048 
2 418 914 91.185160 23.238167 
5 145 298 451 1412 1905 45.390247 -85.520560 -88.108555 18.347241 20.857786 
4 186 889 1179 1875 -84.275576 -91.257449 -58.841079 63.221411 
1 1988 -27.949512 
3 87 145 1239 3.047776 -54.651759 -82.374685 
0 
0 
2 1246 1547 27.297028 -38.185871 
1 1525 -91.459104 
4 82 702 1585 1610 20.303739 52.588910 -40.442242 -20.212539 
0 
0 
0 
2 692 849 62.463468 -94.673451 
1 1353 25.255051 
2 310 1082 -2.470017 -53.828754 
2 79 1782 -71.802729 76.034906 
3 1217 1442 1731 -31.696354 -11.194892 10.191331 
0 
2 1333 1362 65.467520 -12.252326 
2 194 595 -58.141112 -55.467636 
2 370 579 -50.716767 -12.802123 
0 
2 749 1960 -31.850946 44.847358 
3 213 810 1278 -44.494981 -71.221420 23.095733 
1 605 85.683496 
1 1873 -58.800091 
3 568 761 1945 95.884715 9.613187 49.427054 
2 886 1344 -60.190122 15.571105 
5 105 298 510 917 1836 4.079426 -81.005856 32.066019 56.427980 -29.699765 
1 317 -60.219750 
1 1017 12.649485 
1 194 -2.467858 
1 317 76.562314 
1 267 48.472344 
2 733 737 88.620252 6.621360 
3 871 1386 1879 -20.503532 23.875241 27.223309 
1 1772 -99.320335 
1 98 -39.317095 
2 108 983 35.213424 -46.649946 
2 836 1377 66.355263 -89.415880 
6 365 420 1094 1649 1908 1938 -20.381969 -42.190014 -21.380155 75.642429 -20.659426 45.406783 
1 474 27.044786 
3 93 140 390 33.887645 -66.389173 -81.219478 
1 1033 94.156566 
2 1125 1342 -23.150436 -65.077840 
3 1223 1475 1513 99.401527 53.337481 79.401510 
0 
1 541 80.016324 
2 223 1927 17.976454 -68.094324 
4 1312 1382 1423 1626 67.936939 49.090723 83.583925 -4.865846 
2 1167 1596 -6.549992 18.137867 
0 
0 
2 1056 1181 -99.333415 16.078726 
2 1077 1512 -7.682972 -13.442659 
0 
2 1014 1358 42.832045 -90.859162 
0 
2 21 1687 87.787014 17.706630 
2 172 1350 -33.746307 -18.697230 
2 1059 1394 -84.598370 -89.317547 
1 219 -31.011144 
0 
5 369 588 1215 1267 1533 -48.705007 -95.804949 43.482811 -67.224019 84.978682 
4 531 637 1014 1137 21.039928 -92.250235 98.289543 -3.612842 
4 191 302 896 1356 -30.778188 -80.526212 86.853953 -54.713189 
1 886 85.471895 
2 318 1502 -10.710523 11.156724 
5 522 660 788 803 1307 -6.576096 -73.145712 4.953853 -96.461961 -85.350797 
2 852 973 17.689306 -74.249078 
1 1528 -22.066257 
2 781 1748 -27.587365 77.000830 
1 553 -15.662032 
3 264 891 1039 50.194975 -71.911606 -19.079801 
2 822 1794 50.833437 -90.323418 
2 289 650 6.974657 58.909881 
3 618 985 1075 67.479698 -47.469920 40.860902 
1 1180 98.295480 
2 447 1534 -14.456474 -56.569960 
1 1805 62.080675 
2 69 785 0.579981 16.791474 
3 49 970 1559 -20.945877 51.048502 76.652443 
6 137 572 726 963 1054 1829 -5.754318 85.103789 -61.370338 -92.912291 -79.894839 97.305511 
2 1185 1571 -41.003192 -22.389036 
2 855 1521 -8.072877 -92.326840 
4 23 541 1297 1890 -91.406338 -6.860215 12.791592 54.371593 
3 987 1132 1246 70.134233 -94.215917 -7.124245 
2 351 487 77.061098 72.392634 
3 985 1419 1586 -93.685837 -77.669607 69.378509 
5 229 250 554 912 1495 16.704627 -62.521999 -31.609546 71.848620 71.746018 
0 
3 709 1556 1728 62.704934 -2.937390 -46.346504 
2 611 1721 -58.887408 -46.099647 
2 1228 1571 26.053593 -89.750031 
2 278 1672 -12.874352 -64.825878 
1 1383 42.966503 
2 802 1687 -37.822083 58.118532 
1 30 15.718289 
2 1364 1668 78.712689 -66.150584 
2 975 1414 -33.075309 11.125775 
0 
1 578 54.739578 
3 716 1576 1631 90.516322 -46.277934 54.376378 
4 3 23 149 946 62.616650 13.800139 -95.933895 26.098019 
1 851 34.213523 
0 
3 739 881 1320 -79.991278 -78.213107 -91.050647 
3 263 436 1854 49.561192 93.597777 -92.665082 
1 1193 -64.207961 
2 606 1292 -35.633073 -44.745511 
3 317 1140 1470 -64.002408 -14.402981 13.317094 
1 157 32.067120 
2 54 1422 44.349367 -51.186434 
2 547 925 -69.688366 -21.716384 
2 378 1111 -42.381078 -83.202871 
2 393 1042 33.888072 21.575053 
1 99 -36.626430 
1 572 -48.414312 
3 357 752 1771 91.595319 7.091223 29.610732 
5 279 500 1233 1483 1849 21.241600 31.330109 21.864499 59.912719 49.294891 
2 515 936 -83.222198 -99.911696 
4 278 1666 1793 1891 -75.232867 -11.900191 17.367611 38.891282 
0 
2 266 818 6.420274 -50.340310 
2 682 1979 71.395532 -26.099897 
1 1572 16.151947 
1 1217 -42.309504 
0 
1 1993 87.389718 
0 
4 923 1004 1119 1687 -90.102471 -8.878577 46.864920 88.740302 
0 
2 1349 1683 78.146328 99.566360 
3 638 1534 1958 59.737410 78.525553 37.063483 
1 287 67.272502 
2 206 1906 -43.814550 -75.077548 
2 534 1875 3.982957 45.067321 
0 
1 1318 -77.788561 
3 428 1361 1706 -36.867081 97.129681 88.228469 
1 698 68.552976 
3 495 523 1700 -77.238143 -96.369811 54.336792 
1 615 -39.903065 
1 456 -85.135783 
5 201 703 1182 1244 1831 98.820216 0.629623 32.548830 49.499699 88.730293 
1 42 86.135134 
4 116 609 863 1519 -97.957278 41.898252 0.312058 15.712568 
0 
2 620 742 18.518126 84.219240 
2 1376 1715 -45.865951 -3.301895 
1 541 18.012591 
3 1013 1166 1238 19.431997 16.472815 81.508465 
1 311 -40.185530 
2 30 409 73.431598 5.078336 
0 
3 372 944 1719 28.400641 -54.060077 -50.683805 
0 
1 566 -15.143896 
0 
2 489 508 -88.511746 74.075389 
1 1056 -26.451149 
1 1455 81.904996 
2 492 1653 71.363911 21.941013 
3 594 1069 1636 -60.889760 -71.018090 99.781493 
2 982 1140 89.406592 -17.837117 
2 650 1251 -85.958937 -68.691393 
2 672 1639 11.124717 -18.678817 
2 133 411 62.730328 -62.291605 
0 
0 
3 744 851 1651 12.035447 21.559008 49.197783 
5 54 510 1167 1846 1991 15.581561 -38.711220 -86.976716 6.563185 -89.795972 
2 466 1761 2.074928 7.344837 
3 952 1358 1844 -57.405961 46.751842 -49.562332 
3 102 511 1717 30.634876 -95.411931 15.748204 
2 22 833 -48.113671 94.224371 
5 329 1200 1244 1604 1796 -60.068183 -62.068143 -48.566340 -40.398413 33.418971 
0 
3 452 1101 1183 58.853208 98.356125 -36.524880 
3 33 1682 1817 80.467965 90.663161 76.278370 
1 396 53.285335 
2 86 254 -60.921561 29.793770 
1 382 -16.235927 
1 1726 -8.536672 
1 1689 -79.767291 
5 261 304 836 927 950 21.093789 -53.590410 47.289124 -11.931675 -36.195689 
4 224 343 1282 1953 98.239467 -74.299267 -9.293356 -70.694730 
2 188 1686 -78.665191 6.548700 
1 411 -18.277619 
4 58 996 1692 1975 27.814807 -69.210974 -38.632517 -14.838012 
1 156 36.481187 
3 428 878 1486 15.742869 -8.443969 78.942193 
2 477 1200 -3.388781 -66.767451 
2 1020 1121 -90.043214 -56.499822 
3 203 226 1706 62.171665 62.183859 14.321398 
0 
3 998 1689 1901 -52.911334 48.392466 90.315928 
2 1587 1735 20.310928 -55.992709 
3 1064 1094 1908 98.365363 98.679067 -95.414690 
0 
0 
1 579 -37.909828 
0 
3 422 687 1464 -2.967816 -95.082206 -19.456775 
6 176 613 862 913 1193 1578 87.258792 32.118134 -71.577282 -78.402213 -0.068622 -8.657318 
1 946 -20.104733 
1 400 -60.758545 
2 918 1549 65.047977 12.910089 
1 462 -93.144553 
3 190 589 1996 -86.832749 -82.616782 -30.458809 
1 1550 50.820922 
2 351 722 -45.404535 82.987732 
1 424 -10.891889 
4 1405 1647 1894 1922 -79.202071 -0.914821 97.629334 -68.104002 
1 476 -43.486038 
1 1492 83.087062 
2 553 574 -0.463436 -68.862914 
1 1994 -99.874077 
2 121 1517 72.143702 -4.937137 
3 793 1804 1985 24.439735 -20.837679 -87.793198 
1 1240 22.160789 
3 1381 1663 1895 -85.457393 -57.018748 85.093059 
2 1158 1654 74.275282 -81.682018 
0 
4 24 244 418 693 47.253568 -64.441825 -10.110224 -24.135136 
2 31 653 14.800823 42.964928 
2 785 863 94.222278 -59.321692 
0 
0 
1 92 -23.070691 
2 297 1243 -49.260000 46.248328 
1 478 -31.899070 
4 531 592 651 1727 -61.321103 -40.328633 -1.152647 -16.014299 
2 125 1947 -94.171509 46.845212 
2 337 1938 76.435899 -94.992221 
5 300 325 1416 1486 1857 -41.596786 -89.714509 -96.465141 -77.247604 34.837948 
1 1539 31.816256 
1 1813 -16.699657 
4 625 1546 1578 1842 43.139695 -87.599577 99.437309 -31.571332 
3 1547 1641 1709 30.532713 89.045835 2.646045 
1 1414 46.380898 
3 695 1316 1985 3.473809 -31.004284 -37.578705 
1 1458 -38.017908 
0 
1 1359 -3.447087 
1 1589 60.469321 
2 1035 1743 -92.755040 -89.708114 
2 882 1820 -5.083355 11.241540 
1 1941 72.216997 
0 
1 1728 45.444506 
1 1647 91.003652 
4 189 775 1074 1075 5.543306 69.451432 8.330686 10.149884 
3 1218 1427 1519 -79.798522 70.717425 47.017942 
5 754 1457 1532 1735 1766 -57.504219 34.477672 32.687426 18.268945 -52.986020 
2 553 1130 52.890329 70.045475 
1 537 -34.702808 
2 1622 1631 -42.694804 -93.944517 
1 563 90.316895 
0 
2 106 268 18.179926 73.915059 
1 951 46.709087 
1 1476 21.519250 
4 826 1004 1097 1178 1.625836 44.758057 -83.892227 -46.290885 
2 1145 1238 34.896103 -38.622689 
1 1595 -23.912298 
2 585 1120 -85.474657 -26.473898 
5 1027 1476 1732 1806 1810 48.299421 33.870903 76.066850 -89.546859 43.127277 
2 99 1685 -96.543365 49.733131 
3 534 1264 1849 53.089685 -32.506628 93.668200 
1 220 91.887833 
3 718 1191 1869 20.866048 -39.286267 -26.401453 
0 
2 17 1578 -88.159373 85.203374 
3 51 944 1539 -8.923730 51.538247 95.573115 
3 128 405 1817 -10.584953 -78.596463 -22.577582 
3 181 193 1847 17.438550 -23.897035 29.093336 
1 326 71.165518 
2 111 1405 68.649717 10.569466 
3 391 844 924 -60.091923 -88.801579 4.186448 
2 507 777 -30.095506 20.241576 
3 564 1645 1906 -87.224979 -81.830720 48.073250 
2 94 1063 20.527900 -61.704875 
4 63 174 203 1737 -66.171352 31.931099 -52.974286 -88.506396 
0 
1 1108 -89.973941 
0 
1 1680 -98.550898 
1 1810 -50.474263 
2 31 1692 -13.405609 -73.410351 
3 148 970 1203 -57.646173 -49.043487 -73.182334 
0 
1 1251 91.650021 
4 247 313 515 1420 -42.279347 -67.523479 81.136447 -19.527897 
1 427 -40.645836 
2 566 1470 -15.243641 -8.948243 
2 1360 1660 -54.082071 -13.780234 
4 451 538 542 1619 -27.221292 -17.195712 -92.145704 71.935822 
3 179 1203 1791 -59.801750 -32.279002 -23.172190 
2 387 1216 49.169720 49.562154 
3 404 478 1169 70.445588 -32.264670 -85.813042 
3 337 1760 1801 43.635713 -5.582024 -23.206943 
2 439 1080 -35.680962 50.073335 
0 
4 846 1000 1496 1654 -80.529683 -97.652792 93.624229 -46.691181 
0 
1 1445 -95.397938 
1 576 88.957766 
1 503 68.113059 
0 
1 583 73.711775 
0 
0 
0 
2 497 1377 67.529445 -47.729229 
2 976 1499 -21.685803 -51.702491 
2 417 1276 40.373970 -72.397766 
2 1414 1983 56.756591 83.775115 
1 345 30.934283 
2 883 1122 5.611991 -88.468151 
0 
1 1677 75.608933 
1 989 -30.862506 
1 1508 14.447799 
1 1464 42.670825 
3 124 531 1297 -25.371894 68.793874 49.025049 
1 1359 -37.572942 
3 526 647 1707 11.715418 -78.732418 99.192226 
3 1510 1605 1630 19.987182 26.812504 -28.490106 
5 493 802 810 1553 1990 -87.378111 -8.812726 -90.163728 64.753353 16.157174 
1 1193 77.431894 
0 
0 
0 
3 502 968 1665 48.822645 -78.633235 -38.595252 
2 1467 1566 -11.235652 -79.916283 
2 21 727 -56.903073 13.900922 
1 122 -7.904236 
1 1923 -92.287955 
2 52 1983 55.573620 47.785419 
1 1181 17.682735 
2 13 558 -82.108630 10.654130 
2 1127 1810 -1.105012 62.288371 
2 336 1844 -38.477248 74.876247 
1 316 90.954679 
2 565 833 52.214463 -17.617453 
5 435 639 1501 1809 1829 -96.478055 97.305871 85.536868 -44.855104 52.941226 
3 632 1355 1749 -21.620262 -66.058422 97.331842 
1 225 -74.580404 
2 1068 1615 59.182193 -39.901980 
3 179 597 606 -26.343688 -24.927787 -26.673713 
2 662 1942 -18.785606 59.271156 
1 1447 69.048275 
1 1350 45.613661 
8 720 742 797 1084 1258 1314 1464 1472 -18.594642 98.085212 29.637204 83.803259 -83.959626 -32.366417 -54.701879 -99.077808 
2 222 1325 55.499557 96.291463 
0 
1 142 98.095966 
1 249 42.778949 
2 743 1397 34.532302 -97.527900 
1 603 -37.166778 
2 669 866 51.883286 -33.928333 
1 739 -3.158681 
0 
3 269 688 816 -6.523454 -94.050571 -62.757426 
3 462 829 1359 -55.253490 -49.509180 13.232964 
1 745 47.096597 
2 379 1152 -83.519152 2.488058 
0 
4 67 94 627 735 69.858568 78.085285 -19.971451 86.690677 
1 1998 -18.577866 
3 377 548 1044 -35.667226 -17.416117 -63.700516 
5 66 430 1212 1529 1839 1.208360 18.191286 -96.230215 47.966560 44.959066 
0 
2 362 688 18.690809 -42.638305 
4 48 63 828 1096 -29.753152 72.027808 31.731175 -1.370103 
2 520 1674 67.126870 -37.313189 
1 1522 82.096987 
5 139 188 1446 1614 1883 -25.745945 52.063581 -6.739606 -63.769774 85.437529 
2 1134 1786 -5.305177 2.717570 
0 
0 
1 1171 51.411910 
2 497 1700 -88.549023 5.476835 
0 
0 
2 540 1340 -62.217731 -34.410377 
1 1204 44.198520 
2 241 1602 14.006359 -73.239906 
2 1064 1637 24.201057 26.428087 
4 88 295 1550 1852 17.683756 -37.746363 -13.576094 99.085695 
3 366 820 1531 51.582351 -21.420010 -84.489138 
3 243 395 1620 -37.711808 92.119859 -50.493705 
3 289 654 1226 -2.313253 -42.183648 67.789765 
3 113 929 1355 12.666938 -1.421230 -11.192480 
2 291 463 -95.249550 -54.439295 
0 
2 1541 1873 -0.009509 5.512677 
2 157 1773 -25.753084 20.971769 
1 981 39.538695 
1 966 -19.635479 
5 54 101 940 1249 1453 96.837378 -19.952372 -78.667694 89.145099 15.270555 
1 112 64.508560 
1 1733 74.039267 
1 430 24.176092 
0 
1 1031 84.660762 
0 
2 915 1165 19.528056 18.658001 
3 343 1597 1631 -0.327445 -5.439366 99.722182 
2 252 835 -63.463230 -19.879284 
4 381 437 451 831 -83.095912 -12.587424 -77.076601 -81.164113 
3 395 497 641 -34.878067 -87.799700 16.868483 
2 179 1001 -2.827204 35.287266 
0 
2 420 1285 -68.590928 89.690794 
0 
0 
4 29 457 1823 1950 -35.348888 90.381268 94.711134 -60.185996 
1 1466 81.740452 
3 361 1084 1569 51.510417 95.371476 -15.925203 
0 
5 808 1467 1572 1719 1967 -55.097084 18.234681 16.955930 -28.290171 -36.636464 
3 857 1227 1903 13.381757 -45.194333 53.701212 
0 
2 540 1467 87.837897 -21.848768 
0 
0 
3 545 1209 1421 11.165759 86.165839 -38.411551 
3 268 1150 1705 94.624958 -25.865387 80.973241 
3 350 362 1131 79.311479 66.878118 42.904317 
2 807 1933 -17.427968 -58.674346 
2 912 1113 45.897239 41.016589 
1 1808 41.832347 
4 432 580 1229 1349 31.963050 91.787619 -69.167057 95.832868 
1 182 89.298975 
0 
5 361 535 573 686 842 -24.765606 52.404519 30.290137 -74.988240 74.603638 
0 
2 1000 1873 -56.160092 -53.607556 
3 336 1109 1893 -42.211626 99.862294 88.187258 
4 1204 1348 1542 1840 26.341328 39.253308 -87.853985 -64.766518 
3 512 604 1377 19.187188 -54.186601 50.473656 
2 646 961 57.979234 -79.271139 
1 284 -64.794038 
1 1589 99.008050 
4 386 1192 1585 1968 -93.926979 -1.095361 9.824270 -63.118030 
4 365 699 1083 1230 -20.074951 -47.698852 -91.059185 35.312117 
1 1007 -24.581133 
2 1497 1621 17.134044 52.942325 
1 571 -30.049831 
0 
1 384 -87.135808 
1 623 -69.671355 
2 105 794 -69.393330 -30.440604 
1 6 35.731730 
1 72 -9.531214 
4 686 761 1413 1663 81.747751 11.214239 67.465181 13.917159 
2 374 1292 43.016487 -39.543138 
0 
3 1090 1566 1820 -49.594422 68.076015 -78.915891 
1 1630 -89.348740 
2 1051 1752 -45.062302 67.563371 
3 956 1057 1580 -28.287209 3.481585 -45.519809 
2 104 1859 -24.198722 -0.602255 
2 100 467 96.104276 -17.224865 
1 935 1.188947 
1 1386 -85.909672 
0 
1 1976 -71.563400 
5 272 886 1075 1509 1558 39.853988 25.642721 86.336966 55.322783 2.873291 
2 758 1146 19.973797 -5.984063 
0 
0 
0 
0 
3 666 958 1253 -92.568353 21.703593 14.254536 
0 
0 
2 268 606 -56.414014 -36.750963 
0 
1 437 -8.853005 
3 515 1615 1805 -74.605969 -91.655033 52.910654 
1 1204 -13.308470 
4 54 282 604 1325 57.738771 -48.192497 -11.818904 -80.229937 
2 457 1174 -46.194336 16.361245 
0 
3 423 709 1229 27.430239 90.505050 -46.046274 
6 8 187 195 885 1192 1724 60.646619 13.280552 -94.190971 -7.371420 65.476174 -46.722820 
4 767 965 1067 1573 -13.200394 19.722956 -19.312972 -44.416669 
2 1039 1884 -97.128586 45.934425 
3 475 1261 1494 -80.264539 -31.837033 6.024387 
2 417 709 95.311162 -50.290285 
4 972 1152 1929 1942 77.207463 19.952427 -37.648536 -32.884409 
0 
3 453 1612 1695 -81.438457 84.102567 40.720577 
3 168 1002 1390 38.459174 32.448050 -21.337015 
7 495 671 808 996 1291 1370 1808 10.612762 10.355804 71.915057 84.819207 -16.799835 41.255705 34.791005 
3 1346 1410 1625 5.741768 -45.041150 -13.870759 
5 269 839 1074 1396 1461 4.954341 -86.346561 -29.117547 -12.862211 -15.584904 
1 418 76.013999 
2 1551 1670 -37.698233 21.995270 
2 1105 1979 73.812142 -34.522317 
1 333 -74.086991 
3 1110 1425 1773 -67.391161 48.817506 -41.931515 
3 221 683 1089 33.868821 -80.200372 8.169303 
1 1864 99.169173 
3 511 1649 1753 10.530250 -87.163340 -1.271451 
1 412 -78.077165 
0 
1 70 2.761790 
0 
4 505 648 867 1667 -49.044539 -49.913962 84.454326 9.377633 
1 1686 -10.573986 
4 482 583 1417 1510 -29.649083 77.690878 -47.120670 9.285082 
1 1914 47.945919 
2 1678 1824 -43.256061 -29.133205 
1 1743 38.246554 
0 
0 
2 994 1345 22.784092 -64.642804 
2 524 1516 -54.083654 82.313315 
1 1258 -8.325569 
3 1252 1483 1719 -72.554004 -20.065579 94.317769 
1 1118 20.709778 
0 
1 1575 22.449081 
4 29 391 752 1156 11.507182 -83.211595 50.900104 -98.508731 
0 
3 364 471 1185 -74.957300 -31.181667 -57.468825 
2 22 740 79.522309 -55.364021 
2 1356 1365 46.120172 -91.529180 
1 1386 75.053239 
6 177 238 453 792 905 1179 51.494334 -31.449328 1.592850 99.423868 -63.204784 29.594523 
3 302 1292 1384 -95.626277 -47.534160 36.178925 
1 480 -10.117192 
5 2 769 852 1404 1708 94.809588 94.435702 29.237604 70.079515 48.043932 
4 165 552 816 1866 26.908657 99.629057 90.092593 53.424369 
3 868 1158 1696 44.258996 -10.363490 8.903013 
4 841 849 1038 1847 -2.528618 -93.489835 -93.282426 63.382988 
0 
2 958 1148 63.257752 -7.891188 
2 657 793 -80.756856 -64.808696 
2 233 1357 6.271347 27.747504 
0 
1 1863 -91.204295 
5 329 849 888 1150 1341 50.689251 38.277874 -90.688214 -16.167396 80.825132 
3 602 771 1679 68.589170 -82.087143 14.369856 
3 128 156 1788 -72.320251 -74.647027 52.773822 
1 351 -29.974591 
2 19 1512 -34.200191 -38.051703 
3 1020 1185 1366 56.824948 -46.120772 12.693852 
2 1780 1981 -24.798809 16.053158 
3 745 920 1991 19.266762 76.340267 -89.410977 
1 1622 20.766420 
1 593 -97.963383 
1 1010 -83.755164 
2 115 1237 -37.163687 60.907035 
2 482 941 -90.973640 96.012234 
4 573 1000 1005 1763 -81.962394 2.813640 -59.072467 68.519881 
2 1000 1791 -1.215010 40.714435 
3 424 563 1918 75.685996 -12.769967 -67.742960 
1 1443 1.981965 
2 951 1362 21.448315 6.207538 
0 
1 285 18.987634 
2 948 1826 -72.497224 58.560438 
2 706 1869 -72.366932 20.678896 
1 783 59.438176 
5 594 878 972 1896 1937 56.498462 -96.075458 21.080575 90.769297 -24.733556 
1 901 -12.508956 
1 99 60.359602 
1 949 -49.825009 
1 441 -16.647657 
1 1035 18.774178 
2 955 1547 -41.200726 41.358132 
2 1055 1984 10.084436 58.122461 
2 812 993 41.440687 89.335586 
4 1115 1117 1241 1506 37.907859 -21.540720 -22.892263 6.452915 
3 371 757 1564 -80.769611 34.444884 -27.841760 
1 1656 -60.995735 
1 1717 -12.071145 
1 1190 65.197193 
1 650 -80.729089 
2 1278 1465 -87.253508 37.922028 
1 910 -57.110197 
2 433 1603 -32.086476 31.720799 
3 372 491 1129 59.717879 83.656312 -27.995419 
1 1065 98.959254 
1 1171 4.279832 
2 161 1915 19.424902 -10.751565 
3 562 810 1395 -71.803006 -64.536330 -40.040769 
4 137 631 1627 1758 65.791616 55.011645 93.163357 72.240847 
2 423 1074 -97.867038 -76.399571 
4 993 1404 1873 1987 -86.273768 38.586153 -92.364638 -93.639386 
2 1427 1697 -79.293453 42.403209 
3 129 449 877 -94.576278 -18.581132 81.111310 
2 1299 1502 36.328532 62.974120 
0 
2 294 1619 99.846807 56.425144 
2 1157 1566 -47.550025 -42.394586 
4 665 785 1356 1378 61.316081 74.527684 69.025674 84.397346 
2 663 1097 -65.478249 -90.744421 
2 806 1924 54.534100 -66.942187 
3 1386 1608 1695 -89.092792 70.227563 8.414336 
1 1026 81.539800 
3 498 693 759 -71.266054 -90.067277 -54.241455 
5 13 313 973 1471 1784 8.587363 38.461239 21.669573 64.809386 56.555156 
2 127 1737 -70.870830 -81.441453 
2 1086 1535 -89.774309 26.641377 
3 253 765 1237 -0.849944 34.961787 -26.089165 
1 753 78.739066 
0 
1 1197 83.473846 
1 1983 -23.534903 
3 9 1509 1787 -18.229988 -74.807281 -79.569336 
1 1720 55.303994 
5 125 251 457 1128 1187 44.225442 -84.869187 75.402536 42.742936 96.818815 
2 552 1416 5.570029 -47.663275 
1 1714 55.307493 
3 277 309 1701 91.959994 -31.811662 90.006117 
6 289 1126 1290 1478 1652 1844 43.367570 -31.422462 -66.258309 -14.740391 9.196281 69.611994 
0 
3 230 453 1423 -5.020312 37.293594 -36.750646 
2 662 1432 -23.238690 -66.575106 
4 981 1300 1345 1932 93.573160 -81.093845 -21.682529 -34.021401 
2 1894 1958 -38.208515 50.130620 
1 273 9.336115 
1 830 46.132562 
6 306 689 772 938 1221 1240 -63.493807 24.825878 -1.968394 -81.205155 54.314183 -72.967174 
2 525 1905 -45.726695 -66.928696 
3 416 1449 1579 -89.708752 45.026703 93.926547 
5 22 329 1050 1509 1877 -83.449141 -27.530698 47.263800 -89.963508 85.976167 
3 203 740 1804 -92.118223 81.799077 41.517278 
1 1943 14.592716 
2 497 1161 -1.772274 66.698298 
2 671 1595 -82.789474 14.283135 
1 1037 48.013683 
5 256 1169 1259 1397 1482 -39.604668 -32.074750 96.807547 -98.443877 -79.606632 
2 551 1613 68.464953 73.712929 
1 1816 81.234992 
1 708 -36.574442 
4 557 908 971 1237 83.357693 15.443959 -41.546239 -78.150682 
1 1029 5.420063 
2 426 1643 33.497327 80.158325 
2 1117 1827 -98.200890 51.945006 
4 166 369 941 1502 -78.528811 43.392027 -86.873139 55.051808 
3 244 721 1834 43.937449 -25.739769 10.293244 
0 
1 635 49.378286 
3 221 1755 1990 -31.758485 -34.742048 20.111717 
0 
0 
4 1154 1501 1670 1870 -56.836111 -87.518683 -18.980128 54.469222 
1 1758 86.665129 
3 443 1162 1708 -2.928228 83.442398 9.256974 
6 43 1000 1237 1378 1842 1907 92.394893 65.831906 10.438593 -5.371576 -49.130674 46.707184 
3 1025 1115 1201 73.218244 -75.245039 -39.803683 
1 1171 76.189290 
2 1022 1390 -56.255729 -45.953199 
3 228 242 943 -23.514906 -88.677233 13.577271 
1 810 63.947434 
1 1380 65.681589 
2 65 434 -55.381384 -64.706991 
1 1996 26.839743 
1 1799 -97.649624 
3 653 720 1506 -70.950514 -81.686130 1.651719 
2 343 1007 7.685906 6.509269 
1 1196 -8.783883 
0 
0 
2 365 631 -22.492066 69.272590 
4 495 564 965 1207 -46.076830 -20.378804 -46.897754 -59.047231 
4 362 1066 1325 1357 -17.649484 -69.692643 -31.938830 -75.414657 
2 1644 1749 95.735010 -0.968867 
0 
1 1102 -85.739576 
2 674 1933 6.740967 -59.040352 
1 1530 53.949330 
2 9 1723 0.671695 70.033670 
1 677 80.581639 
5 9 317 624 1785 1966 -61.490312 -37.888298 -96.130453 -72.833579 -35.759452 
2 1862 1960 -10.741710 -95.944701 
4 30 426 734 1266 49.833313 70.786789 98.308364 78.722840 
3 345 428 1828 18.365606 -47.205985 -77.805296 
1 1243 -13.555796 
2 530 1060 24.971507 -48.154781 
2 363 450 11.206787 -95.722323 
1 1341 -23.489920 
6 346 775 1009 1318 1327 1462 54.110397 -3.092666 38.872634 33.571677 -97.826619 31.298494 
4 450 948 1404 1805 -5.958838 27.135842 49.987259 -72.807457 
1 529 49.189310 
1 348 12.889040 
0 
2 228 1716 -63.752870 -4.800213 
2 311 678 -98.981511 44.323372 
6 50 262 676 905 1160 1842 -0.204984 -81.242188 -67.622213 99.241192 -96.610156 76.578879 
0 
1 1664 34.342695 
2 1445 1635 -90.168659 -11.696265 
1 16 42.082975 
2 233 1843 43.076510 -57.045684 
1 1968 88.203712 
2 418 1966 61.733764 -17.391862 
2 558 625 95.020886 -95.977053 
4 276 646 1669 1889 3.015607 30.349574 37.477288 -73.331802 
2 388 1671 8.253679 -86.972104 
2 1606 1985 -81.991422 75.209105 
0 
1 1839 44.632536 
0 
4 490 813 1096 1173 22.611321 -88.361815 -21.546793 -73.765428 
1 131 88.242193 
3 273 476 962 99.417117 82.030562 -8.708866 
0 
2 923 1952 -56.168907 58.015504 
5 237 847 1022 1554 1995 -22.411679 -39.657959 24.170579 -94.258520 39.352375 
1 1762 -85.803343 
2 1 1957 -50.016637 -19.585417 
3 159 162 1752 38.529173 -98.948297 -64.925197 
0 
1 1429 -46.976609 
4 113 998 1233 1874 84.140356 43.682403 -97.879717 34.608996 
1 194 -89.208928 
0 
3 244 905 1520 12.192464 7.492929 -8.323222 
0 
4 555 1305 1311 1639 70.875376 -39.741447 -42.148317 90.888747 
1 1964 -55.575484 
0 
4 591 790 929 1090 52.769556 -88.086526 -31.936022 97.077721 
2 815 1303 -91.159922 -62.069760 
3 934 1162 1798 50.486377 -50.209044 31.172185 
2 1259 1448 -51.592089 -83.467690 
2 627 746 -81.619693 6.697818 
1 361 -32.915669 
3 37 63 1368 -51.359030 -46.735811 18.324714 
0 
2 598 1373 91.226285 -5.763950 
3 129 282 366 -13.110909 80.754624 94.762683 
2 120 194 -67.834078 61.870112 
2 641 689 -31.973394 81.290901 
7 118 126 151 561 1148 1181 1225 37.940600 -38.997114 -47.019813 -95.639042 -91.707513 -41.072004 42.249458 
1 525 92.850167 
3 223 341 747 -87.087039 30.621529 -79.986540 
3 278 465 479 19.341652 37.062549 -41.414234 
1 1641 -24.861494 
3 54 129 1729 -23.907214 -56.379146 7.671459 
3 478 765 1534 -65.189156 -17.717478 92.152377 
2 139 412 -74.061243 55.795650 
4 145 649 1627 1853 -99.731327 9.558636 47.729936 -48.209415 
1 1250 56.192314 
1 659 -82.254311 
3 1339 1384 1870 99.239786 10.488481 66.616925 
4 290 1284 1695 1815 -24.962578 -38.676972 77.195275 -58.064170 
1 1437 -18.353067 
1 359 -12.370756 
2 806 1143 -39.485442 24.413037 
1 1903 -61.770848 
1 861 26.950962 
2 262 1895 23.762581 -38.076057 
2 74 439 62.914680 -45.563771 
3 250 357 1635 22.134496 42.555335 13.116279 
3 275 402 1779 -95.326607 -65.620481 42.720309 
1 434 37.202163 
3 298 859 1092 18.498809 -19.741435 3.130066 
2 735 1127 -61.693014 46.662566 
2 1177 1238 -76.403335 -55.466330 
1 924 14.560321 
2 1379 1613 -35.560986 62.040790 
1 85 -33.737683 
3 290 1026 1642 93.426284 -85.794187 81.313067 
2 864 1808 63.507418 86.125472 
1 1979 -39.032488 
3 89 1627 1673 81.483932 19.014593 -91.785030 
4 120 639 1099 1360 31.516195 -96.916342 77.357731 27.732229 
2 1543 1627 73.560530 -81.900913 
0 
3 533 724 1070 82.465474 -98.969086 55.581436 
5 522 671 672 1042 1970 77.491450 91.088139 -87.266123 20.873373 68.333925 
1 938 -49.373539 
2 316 824 29.924502 96.864626 
1 95 -94.802837 
0 
7 8 217 264 659 948 998 1044 -66.923174 36.197775 60.918531 -19.531192 37.159766 20.960181 50.956769 
3 374 759 1745 79.768463 -29.610540 64.403323 
3 110 690 1358 -1.202891 75.523920 -92.856533 
4 449 1239 1922 1983 57.055564 -77.482591 21.113136 72.434317 
1 1101 -34.512821 
2 422 1108 4.193359 -7.975478 
0 
0 
0 
3 346 1528 1807 20.004001 -89.369718 51.560707 
0 
2 675 827 98.694035 -87.996987 
3 230 1578 1638 81.551872 -50.749089 28.848300 
4 629 1535 1765 1989 -89.688485 65.121338 -27.904953 -43.393146 
2 802 1640 -16.626136 89.131287 
0 
2 106 1067 29.585776 0.249415 
0 
1 1290 -92.897354 
2 1427 1910 -43.552810 -73.511744 
0 
0 
2 183 1531 -4.508178 -82.398390 
2 1309 1465 93.760128 23.487997 
1 731 78.748237 
2 1456 1938 97.236030 59.587965 
2 1081 1929 -38.008954 31.596375 
2 495 1820 27.870012 -78.483092 
1 1690 67.128690 
0 
2 743 956 9.895861 -23.454095 
1 1197 -34.250207 
0 
3 840 1498 1590 -1.684664 -29.336929 -46.759597 
2 1542 1832 -22.055600 30.579735 
3 140 982 1309 -8.979167 -2.220174 93.864469 
2 872 876 54.780816 97.036455 
0 
1 1436 -47.859813 
2 1920 1994 96.005955 -20.239061 
1 1120 55.889003 
2 637 1777 16.715832 -88.642080 
2 264 1733 35.703163 -61.353974 
0 
2 1023 1082 -45.061044 -57.686412 
2 391 1120 13.479088 -16.293712 
4 374 954 1454 1913 -98.057125 20.060528 -74.618491 -39.817916 
3 808 1003 1128 -58.318761 -33.460216 -83.207837 
0 
1 1409 -55.647435 
2 1056 1357 18.026744 13.242118 
4 383 973 1320 1588 -18.376057 -48.252740 -78.528752 -56.884562 
0 
5 357 530 658 1230 1467 26.145263 56.504386 -47.884213 65.620896 49.062374 
1 207 20.881656 
0 
5 394 1037 1581 1729 1827 -30.509078 -46.154556 53.412163 -47.279584 59.040390 
1 79 17.824144 
1 1583 20.939747 
2 1047 1583 -26.351619 31.959234 
3 115 337 1464 -9.698884 5.798239 57.390450 
2 109 1842 56.602680 6.818415 
2 295 1470 20.097323 70.528537 
0 
1 39 -51.558737 
2 763 1622 42.005500 91.483472 
3 334 399 1901 -33.650029 84.989540 -62.901974 
0 
1 1146 -52.211009 
3 392 468 1991 -47.821210 41.153736 5.164178 
1 1659 -23.216183 
3 1240 1560 1962 8.545994 71.283489 73.202713 
1 1482 -40.577553 
3 291 466 984 -61.380706 -48.111551 73.282676 
3 47 109 1667 -33.939054 23.721141 -94.066180 
0 
1 3 -41.076471 
0 
4 209 335 343 497 15.877957 -40.784526 60.822787 -95.756526 
5 376 919 1165 1232 1290 -34.023832 -87.017969 40.478382 -27.624239 27.026372 
4 272 1193 1548 1928 -93.929818 -84.710001 -34.683490 45.422497 
1 300 70.961602 
1 37 -7.573480 
1 793 -62.516005 
0 
1 660 3.581474 
1 1993 98.131535 
1 873 51.172857 
2 853 902 -1.482060 67.299348 
1 1291 -59.950483 
0 
1 824 -78.606191 
3 873 1283 1617 -73.506209 -82.701905 32.003393 
1 787 -72.076169 
2 953 1388 -16.489101 15.338294 
2 818 1436 90.418364 27.168085 
3 219 1281 1500 -51.982265 -22.266134 99.013953 
2 895 1600 51.174171 -96.384937 
2 1283 1755 41.860555 -58.755061 
2 868 1055 87.503318 71.988731 
1 374 -14.089691 
3 124 630 1523 48.473210 -81.137661 -29.720431 
2 968 1182 -15.804254 -2.815545 
0 
5 68 84 1077 1465 1679 -43.092540 -1.864610 -95.386274 -91.444071 -38.828718 
3 496 700 1683 -25.460796 -99.288577 79.174095 
1 1102 -5.027072 
2 301 1098 -23.656504 40.515310 
1 458 -30.061403 
4 124 414 1084 1624 79.522005 34.627985 -64.269118 15.581417 
0 
1 676 -55.284631 
3 209 306 1952 84.402269 31.039904 3.876135 
1 483 42.951928 
1 1924 20.240874 
1 1307 -82.106645 
1 445 -32.553671 
0 
2 190 1394 -83.994287 45.968056 
4 671 1384 1408 1920 25.614950 -94.243514 16.037111 3.360754 
1 1183 -59.570635 
0 
2 315 902 -66.108640 65.627591 
6 72 360 362 1009 1775 1881 95.830852 20.931879 -5.849880 32.135490 72.997757 80.410565 
1 756 -64.597952 
1 1864 1.618677 
3 664 956 1080 -67.101582 -32.255165 89.260466 
1 1791 -25.383985 
0 
3 302 1017 1632 16.742741 -46.477014 47.778808 
3 157 172 274 -49.825284 26.479869 61.284931 
4 88 580 952 1481 -72.968294 99.984424 -26.095205 -17.726601 
4 11 158 161 513 -55.922950 67.570136 53.449379 85.160913 
3 234 966 1782 89.715938 34.683924 53.645772 
1 1195 75.764243 
3 701 1135 1986 88.826439 19.486834 39.814017 
3 850 1072 1921 -3.677665 -64.471278 -17.309362 
0 
1 1720 -27.620839 
4 62 955 1001 1397 90.812510 -22.385122 46.587471 -99.972089 
0 
1 969 37.350530 
2 575 1865 -94.181580 76.440275 
0 
2 360 964 3.893583 51.071442 
4 39 1539 1806 1851 74.104448 -65.675226 -77.927972 -45.400390 
3 394 471 1611 23.446867 -46.467153 -57.847858 
2 1590 1661 -43.327558 -32.492758 
3 444 912 1641 96.812825 -72.706725 -65.069119 
1 743 88.230652 
1 1224 -77.462925 
1 6 59.701880 
2 358 1520 -94.772823 -94.230237 
2 861 1983 8.548556 95.754966 
3 818 1897 1933 -11.296239 -30.578542 97.379559 
1 862 -90.849414 
1 1387 41.563184 
2 431 1482 -52.518765 -62.766077 
3 53 1115 1628 55.842103 -3.077885 -58.487670 
2 266 444 86.437910 56.720795 
4 442 743 1269 1970 8.594262 -10.794700 -72.376304 59.472398 
1 1721 32.874798 
0 
2 235 464 87.280726 -82.280274 
1 1136 -68.725970 
5 147 455 890 1007 1130 -55.129559 -3.378454 -35.164582 45.601301 -17.477033 
5 233 264 1574 1772 1942 29.903389 -31.061793 85.691526 -46.081540 54.081172 
1 1526 -61.435268 
0 
7 36 888 1477 1703 1776 1845 1902 -80.518778 -59.894286 34.642321 1.093471 43.096041 -24.428252 4.279020 
2 1840 1887 75.958345 56.333228 
2 1427 1695 9.848583 -50.412680 
2 1164 1866 98.970772 18.780196 
3 491 505 1525 52.711587 -34.252261 21.311417 
1 1160 -69.734855 
3 70 439 1619 -6.407506 56.767157 19.807486 
2 782 1287 -25.544217 3.303207 
1 705 52.870447 
3 1273 1378 1527 -8.491848 22.739877 -64.350947 
2 746 1514 61.833402 -20.455496 
0 
3 504 1762 1882 -66.095702 -3.377763 42.195657 
1 1047 23.235518 
2 953 1272 60.161993 91.020046 
1 1429 -16.680982 
2 50 1481 34.477967 3.192332 
0 
2 608 790 14.245712 -86.383119 
2 352 905 89.492166 74.751073 
0 
0 
3 353 686 1543 -3.274230 -28.870916 16.177240 
3 511 607 626 82.361173 97.668398 -97.308462 
5 223 420 509 514 1607 89.050993 -99.072510 -54.912962 38.481722 -70.940434 
3 1214 1251 1821 -29.943108 -79.710188 34.367367 
0 
2 254 1309 24.741865 -14.861255 
1 1348 80.435238 
2 793 1467 64.584977 11.572564 
1 75 21.810569 
4 66 416 870 1641 -8.242491 43.465822 31.285459 42.744616 
0 
4 832 846 1090 1730 -59.689435 56.145341 -3.993583 -87.124606 
2 531 986 -10.550475 25.659531 
0 
3 50 625 894 40.067432 20.420320 -41.906402 
0 
3 575 944 1595 97.151328 89.903528 -25.932496 
1 1594 93.286363 
3 1505 1851 1893 13.870749 -55.096575 -11.731535 
1 1862 -55.648646 
2 1194 1977 -40.590990 -94.659163 
2 242 1856 -99.515852 -1.776170 
4 375 675 1356 1491 20.443318 -28.229026 -21.450510 54.197969 
1 1263 -64.258075 
0 
0 
1 614 -97.136075 
1 1627 79.085821 
0 
0 
2 325 1428 -43.298710 -22.898054 
0 
4 83 403 1129 1964 10.432372 88.210715 77.334440 27.436610 
2 787 839 73.879455 -32.766487 
3 287 323 750 -86.741205 92.351977 20.263068 
4 222 423 510 584 -1.112384 4.523621 -62.803631 -83.271408 
2 408 1029 32.554225 -37.571080 
5 46 133 475 989 1740 93.444870 87.832336 -95.927423 39.763151 -46.516111 
3 1448 1894 1908 15.353025 6.084046 -59.851158 
3 651 1358 1587 25.468776 26.888772 -55.592006 
2 1066 1997 -57.355846 90.466521 
0 
1 65 -18.838623 
2 692 1056 -48.382460 59.207691 
2 19 754 -26.869897 -71.826489 
3 457 465 1567 -78.233594 -99.823586 -82.330036 
3 181 491 1973 6.602348 86.524583 62.517027 
1 1235 36.652346 
5 233 606 834 954 1234 72.603108 -64.027755 57.357557 18.394003 -88.249857 
1 803 46.358128 
2 17 126 -47.114418 -20.743995 
2 301 1129 -16.749381 12.596230 
1 510 28.801650 
2 1095 1366 39.917756 -8.725635 
1 803 -0.078768 
0 
1 1584 50.614697 
1 70 -89.209772 
1 943 -35.131856 
6 258 321 456 1154 1187 1968 13.694129 -37.632338 -61.316242 66.528242 74.220260 -10.739635 
0 
0 
1 291 6.540712 
2 1269 1460 76.925281 -47.249553 
3 634 636 1883 98.112423 -61.977604 -74.267181 
1 1747 -5.966089 
2 42 1671 93.933461 91.433362 
4 220 385 1014 1485 24.906486 -95.266203 -42.084410 -28.055280 
1 1297 -79.252950 
2 353 1317 -94.177474 -65.897915 
5 188 639 908 1501 1740 42.786381 -57.829370 80.904309 -92.476073 34.416027 
1 1998 41.496366 
0 
1 651 -93.383724 
2 220 875 -42.154513 24.981539 
1 452 97.708175 
3 113 521 1969 -86.342265 -25.080446 -93.537271 
2 1204 1948 -96.129444 62.986890 
4 327 520 1537 1710 18.288467 49.057259 -97.275452 -58.951307 
4 133 601 1147 1437 -72.663592 8.429238 2.247224 50.862820 
3 259 1376 1402 -2.216366 -27.276906 64.323892 
2 432 574 -43.992453 13.488586 
2 119 1122 56.653485 -25.342468 
1 1635 -62.442729 
3 101 339 1618 17.310810 -7.673064 -79.305610 
2 673 1124 73.549244 -5.606135 
0 
3 1076 1292 1491 -11.582206 -76.618589 19.746745 
0 
3 751 1273 1711 3.908388 -17.321504 -39.712719 
1 941 -88.681349 
1 1838 -76.262408 
4 120 752 1295 1357 -73.062200 -27.219666 -66.429323 0.755968 
2 270 888 81.619872 45.915560 
1 1665 80.702337 
1 216 -4.926601 
1 1769 -1.635112 
1 379 80.505438 
1 1870 31.813605 
3 815 817 1457 -94.829220 24.648123 -77.649236 
3 390 994 1097 45.519617 25.577112 8.555127 
2 446 1082 -3.254659 66.159270 
1 323 -27.704361 
1 1630 -62.215934 
0 
2 690 1952 86.848205 -88.411813 
1 608 37.293114 
0 
1 1871 71.635472 
1 1166 -28.380198 
1 1084 -33.245724 
2 15 1757 -42.176287 -19.341456 
2 157 1581 27.127069 -74.771961 
3 1028 1309 1721 59.640744 53.009524 47.417040 
1 264 -12.874683 
1 1613 -61.933276 
5 541 638 1634 1793 1922 54.249530 -3.111385 16.962195 -31.529061 -52.154094 
1 273 93.189127 
5 644 657 718 1482 1633 -88.795491 6.642773 98.012813 99.506215 55.476029 
2 36 1246 33.975859 -14.956633 
2 904 1097 70.489978 -15.822585 
3 745 802 1205 -0.786253 67.838662 -21.479254 
2 206 1758 -82.581538 -61.849973 
1 189 -19.178991 
2 1151 1549 -18.055444 -17.908334 
2 794 819 56.435382 -8.384903 
3 221 810 1538 -95.601096 -18.816639 -55.066759 
3 350 1612 1915 -75.761023 40.676956 69.241765 
1 1955 41.729177 
0 
3 68 926 1454 8.709780 28.495965 -2.112807 
2 341 701 73.285123 -21.097257 
3 188 331 1237 42.952402 -45.896129 93.746605 
3 965 1082 1758 29.224717 51.891565 -29.955455 
2 13 27 -99.773488 1.017839 
2 304 1054 71.807586 47.668810 
3 505 611 1382 38.343483 58.699585 54.311473 
2 348 1102 80.970944 -54.389964 
2 1593 1616 -42.806703 -33.518493 
5 38 653 687 1189 1541 -50.481264 -77.620174 -82.516499 19.887016 25.500720 
2 1672 1739 7.408244 34.988213 
1 1284 99.407969 
1 1278 -77.607844 
5 139 1409 1542 1985 1991 99.984862 -46.782290 73.379706 -2.676214 -97.531751 
3 699 1299 1884 69.484886 -65.549988 -78.168781 
1 1727 24.283841 
0 
1 958 -83.337924 
4 657 774 961 1647 72.813501 -50.087281 66.045564 20.562648 
1 87 -18.096013 
0 
1 1540 35.334824 
1 150 -10.044059 
2 196 1317 47.063577 -18.491663 
3 70 1069 1319 -3.294425 -32.408808 -85.611538 
1 1918 71.661134 
1 1197 -33.959835 
3 1133 1255 1400 -96.904359 50.404890 -95.550996 
3 197 1395 1855 41.567933 63.787704 44.863626 
4 74 193 1103 1781 67.753626 0.654411 12.241491 -45.018010 
1 1485 10.966206 
2 1558 1582 -38.713006 -21.615290 
2 231 377 -83.366595 -2.473180 
1 1162 -56.378237 
2 563 693 -45.177321 -89.637109 
2 1241 1705 43.709751 -32.695996 
3 847 1480 1851 -97.925986 35.439327 77.872600 
2 1079 1212 -49.963765 75.440584 
4 343 687 859 1499 -6.479783 23.142982 -80.962334 17.417727 
5 5 739 916 1000 1535 86.925242 -38.136994 63.820303 20.003032 -8.593696 
1 340 29.318305 
0 
1 1471 73.442989 
2 526 1696 -40.300494 70.240624 
4 418 1635 1849 1986 20.592554 36.428844 -1.785846 -50.999989 
0 
4 214 893 1851 1995 1.544620 -66.163788 -7.129946 -35.532267 
2 758 1888 93.954704 1.772206 
2 703 1840 0.440160 -97.389150 
0 
3 264 283 924 92.065114 95.972589 19.867367 
2 530 748 -8.982705 74.241090 
2 679 791 -19.219326 81.942296 
2 6 321 -27.250014 -66.311047 
2 883 1233 -71.483398 46.919426 
3 73 557 1456 75.055431 34.519681 65.273798 
2 194 1396 -30.392623 48.381527 
5 1085 1465 1661 1780 1896 96.307038 48.628858 -93.502481 62.522651 -40.892697 
6 397 415 520 1113 1702 1906 92.135213 -68.536600 14.976593 -87.416252 -29.517044 -27.037868 
1 1591 43.864670 
2 5 1712 -37.627998 -54.421736 
4 454 695 1120 1266 -20.351918 -31.152831 -48.411425 40.668408 
2 777 850 89.124069 -75.632975 
2 421 1988 88.760752 -94.851632 
2 368 1854 -34.493406 33.336475 
3 35 1083 1940 5.309638 46.477281 -71.221829 
2 763 1678 25.209794 -19.658267 
0 
3 74 89 990 -68.605543 35.822355 -58.497993 
3 250 1310 1412 93.279799 -51.242532 -53.721468 
1 1008 11.433799 
1 1350 51.322978 
2 52 1803 4.387410 -39.223838 
2 611 1710 -50.907254 -3.024220 
1 1776 -77.430421 
0 
3 338 659 1709 -13.401948 -98.131751 -3.906305 
0 
3 120 380 1210 -37.229291 -52.916649 80.764401 
0 
3 927 1227 1970 50.072015 38.729951 -33.885097 
3 630 759 1766 13.688465 60.796167 77.484700 
3 179 900 1926 -97.576701 -67.905773 -81.870575 
2 454 1807 -20.382331 -55.117870 
3 365 891 1464 28.030702 -2.997155 41.819121 
2 10 1796 78.313535 65.489305 
1 1694 -37.121316 
2 524 1033 -29.606286 -42.528664 
3 59 1864 1886 73.250303 -88.050875 21.504353 
2 839 1746 3.953044 18.680223 
2 992 1613 -60.053265 71.022644 
1 1459 -96.274376 
3 284 1218 1553 -89.276298 66.359010 92.622148 
4 568 630 1109 1893 -26.058726 47.015698 85.896359 -96.982201 
2 243 1754 -55.518355 28.939412 
2 12 389 72.424833 85.530041 
0 
1 841 27.335301 
3 46 1323 1561 18.139226 -20.722474 -90.958194 
3 840 853 889 -65.511840 -52.895458 18.008088 
2 1827 1945 46.646656 8.457037 
2 1645 1825 -12.477810 9.939047 
1 1800 96.271079 
4 1 547 842 1717 37.762087 4.248634 20.560045 83.111019 
2 1798 1808 -21.847841 -61.715403 
1 1738 -18.633664 
2 1134 1806 -91.750075 44.888035 
1 1487 51.717390 
1 1466 77.659527 
2 1221 1222 -24.470283 -73.951795 
6 466 600 1415 1440 1606 1746 60.584285 20.064435 36.410167 -68.862818 10.100458 -22.250035 
2 735 1713 87.153034 -16.380354 
3 237 1363 1572 -77.236458 -51.135200 -21.791781 
1 782 27.355599 
4 673 1124 1578 1837 -56.916501 78.601547 -31.318304 -23.351418 
2 252 307 48.185510 4.736405 
2 32 1781 -57.983387 -56.294432 
4 168 815 1142 1319 -36.135232 97.470962 -91.533499 -1.332667 
3 591 799 1182 50.619043 -51.646759 -57.787000 
1 1947 17.812135 
1 1784 31.839399 
4 250 821 1029 1147 98.610055 -27.787716 4.950914 -97.797897 
1 1855 -75.837928 
2 1505 1857 54.365556 -26.056150 
1 916 -78.908604 
3 1206 1434 1582 -98.993512 -62.902864 -6.412174 
7 146 476 510 616 1344 1489 1869 91.607498 26.384925 -64.444874 -35.748328 -86.890927 -17.121375 46.925499 
1 310 -4.149352 
3 883 914 1838 -71.058065 45.521371 80.649219 
0 
1 700 -45.069503 
4 382 383 541 1058 92.585013 -0.008413 65.090433 56.020029 
2 5 184 -76.751441 -10.134070 
2 1286 1308 56.173986 18.975775 
3 175 719 1190 85.333248 90.934917 -86.352832 
1 1979 -79.722537 
4 363 574 877 1490 -92.967345 -16.559167 -93.508108 95.499906 
1 854 -71.776126 
2 1605 1976 2.016824 -87.108845 
3 799 1460 1980 12.698743 -31.609638 4.950260 
0 
2 929 1688 13.030802 -80.010609 
1 1301 99.825414 
2 476 846 -16.305617 -37.386901 
2 123 875 -56.122865 72.835446 
3 870 875 1347 -64.011310 85.074235 -3.313023 
1 1987 -70.670177 
2 881 1312 -90.153486 62.622930 
3 1132 1220 1715 95.166764 -75.502752 32.613912 
4 46 521 1554 1813 44.361084 4.331960 8.584123 -96.398934 
1 109 90.205046 
2 14 453 25.713982 -22.363355 
4 63 1024 1221 1398 -23.841242 44.098953 74.374094 23.152519 
3 607 1452 1680 -39.943466 35.289921 -99.693732 
1 1285 -13.226995 
3 386 521 815 -82.372895 84.477835 58.663852 
2 704 1178 -89.776147 30.289596 
2 1497 1931 -45.655699 -36.414487 
2 283 1594 -48.532931 -28.244976 
1 1869 57.306495 
3 198 1610 1762 72.450808 -95.218380 7.353620 
0 
0 
2 302 1581 -11.880894 11.689649 
3 769 1836 1920 94.522347 -22.140196 -66.802863 
1 242 28.695851 
2 53 1298 99.208059 44.828805 
1 1019 53.109552 
2 881 1573 31.029758 -97.597296 
3 66 581 677 77.224802 73.564059 -39.972084 
2 1454 1914 22.261880 -39.495270 
1 242 -3.961232 
1 1741 -93.439847 
6 137 300 331 953 1689 1851 -93.373179 94.032568 -37.163186 32.850353 -30.618148 81.456646 
0 
4 475 620 1796 1861 -45.358733 -40.838542 -20.883703 -84.350292 
1 1916 38.734007 
0 
1 657 -17.050055 
0 
2 358 1895 11.449488 -2.001998 
1 1660 36.092506 
5 110 622 864 1763 1816 93.807701 -48.111321 98.464062 93.333068 -73.146015 
1 456 -69.211112 
2 631 1687 -75.635541 -14.022371 
3 946 1460 1827 46.411417 -47.470842 19.305076 
3 304 806 834 -56.810076 -39.716591 0.149116 
2 1074 1872 61.586791 -25.199866 
4 445 540 896 1183 -54.526247 68.403553 -88.934505 17.481031 
2 965 1799 66.523194 -99.694864 
4 146 742 1302 1633 -57.327212 -82.889830 56.238158 -44.330979 
1 1726 -72.460602 
2 1300 1813 80.207609 -70.218315 
3 116 928 1789 -55.265113 -9.550715 -27.700338 
0 
2 466 1274 -86.305676 45.677760 
1 1557 -32.743973 
3 158 1374 1915 2.658985 77.304539 34.748671 
1 1816 -68.822268 
1 402 64.468664 
2 531 1164 60.741824 70.465759 
1 1799 33.498476 
0 
2 332 1413 39.352310 3.917848 
0 
3 69 1932 1936 5.211331 54.711055 -71.218133 
3 544 802 1869 48.061694 -4.858732 84.321330 
3 192 424 1317 -59.311663 81.188007 74.207401 
0 
1 100 58.869673 
1 1666 -40.625018 
1 1239 90.005922 
0 
3 55 1814 1965 19.311609 -59.571781 -38.967724 
2 1353 1527 -70.416519 81.495731 
1 1189 -47.659157 
0 
3 377 541 1729 -52.595379 -22.144983 41.926125 
2 463 1625 72.865345 23.720157 
2 193 763 -86.702941 -26.359700 
2 710 1767 -50.401516 -1.829856 
1 577 -46.438973 
5 8 346 371 755 1612 91.749991 -67.103598 -72.455990 42.642103 50.233504 
2 1180 1951 74.385194 -91.320352 
4 734 1118 1237 1543 48.092029 -77.515087 -10.875501 38.056506 
4 589 716 1012 1082 21.685795 -85.806161 44.856769 -34.343744 
3 68 92 715 32.369253 29.181373 -90.909552 
2 1481 1959 -37.264186 -3.484999 
1 1789 80.238902 
2 716 1254 -92.576529 65.959951 
2 945 1590 6.896926 17.375097 
2 600 1459 54.068154 -74.907768 
2 865 1066 -92.770510 -88.879355 
1 18 88.381917 
1 1108 0.616100 
4 223 343 1889 1941 67.403966 54.012776 95.704967 -97.540416 
2 274 549 -90.334061 57.363725 
5 374 823 1523 1628 1897 -38.809905 7.293819 -0.499843 91.994098 -8.182940 
5 65 485 1317 1427 1503 -52.489781 -32.987157 1.155630 -38.264456 86.218773 
2 616 1653 -3.865293 24.016845 
2 291 951 -70.400208 19.536356 
1 1216 68.645395 
1 1362 -99.297885 
3 966 1090 1686 -32.134398 59.871794 29.865883 
1 1783 -85.303094 
2 12 35 2.333577 -3.871916 
1 1933 23.569656 
2 1031 1783 23.234611 -14.787055 
1 1750 13.812890 
6 44 180 193 652 1099 1737 48.672557 71.427295 -58.486723 65.091705 68.851222 70.478126 
2 810 1559 -24.144835 37.283392 
1 815 -61.875831 
2 1374 1433 -93.293358 28.478806 
5 1332 1402 1464 1524 1940 26.170811 45.824692 -75.671525 -83.745272 -60.380078 
1 1181 29.602960 
3 1021 1056 1160 22.353002 -47.270728 62.033336 
2 599 1011 8.546820 -82.577030 
1 960 -89.083927 
2 1230 1534 -83.859724 -70.032049 
5 82 1828 1837 1888 1966 48.950286 -62.988750 76.789118 75.722815 43.130858 
3 1005 1059 1968 35.967308 50.293883 -49.995956 
2 101 1055 71.619633 65.692679 
4 762 991 1007 1665 4.089008 58.695572 -13.352679 -57.695489 
2 531 794 -70.234036 72.802757 
2 1285 1774 -14.830221 20.938306 
1 1596 81.629150 
2 1660 1930 -10.646302 39.508920 
0 
1 1738 57.738700 
3 904 978 1844 41.000399 -76.259350 38.478558 
1 178 67.210233 
1 666 -5.459528 
2 627 1116 -90.993368 -71.418937 
1 1637 -57.876256 
1 917 70.911843 
2 547 1540 84.990095 76.541459 
3 1016 1474 1654 -51.997131 -71.217314 -6.361648 
0 
1 600 72.739287 
1 212 -92.382500 
4 135 184 996 1851 59.384389 -93.037860 -30.634278 37.662081 
2 211 1571 60.993125 -21.746461 
1 1864 -46.004084 
4 513 720 1693 1896 -88.328948 -33.298771 -64.428685 31.228346 
1 326 -6.522129 
2 1185 1356 -33.046551 51.681067 
1 1778 -57.561926 
0 
0 
2 1316 1768 -78.397218 -28.903921 
1 696 -78.718980 
1 481 41.745295 
2 694 1354 21.810802 -75.011508 
4 746 1406 1576 1703 66.095222 -39.161645 85.701143 80.258712 
0 
3 1220 1709 1951 87.071065 -33.474307 -18.835830 
1 641 32.822457 
1 1505 97.732791 
2 1534 1702 77.400645 85.888989 
2 1171 1645 -65.588845 -40.955591 
1 1406 -91.344530 
3 131 240 620 -30.671690 78.676078 67.547218 
2 548 1915 37.439024 -29.054565 
2 940 1636 -66.801495 21.426771 
3 525 1470 1510 -77.745385 -44.945386 -83.309086 
1 143 -32.916910 
3 136 263 1563 25.477335 -61.026014 -98.159303 
3 563 1563 1711 20.960854 -89.356118 87.104370 
0 
3 638 663 1915 52.823245 28.503595 29.770005 
0 
0 
2 1477 1546 83.208119 -31.132683 
2 331 1536 -45.517807 76.435141 
0 
2 386 414 56.912265 -47.719645 
3 1 525 787 -30.366159 -46.697711 -21.625507 
2 956 1893 -45.111905 45.130010 
4 445 736 883 1772 45.257049 -71.040169 40.472519 70.084168 
2 331 407 39.563115 -12.653502 
2 843 1028 -29.591708 48.713199 
1 1737 65.574169 
5 762 789 1493 1537 1858 16.067123 -41.600991 -50.248785 83.706167 85.319575 
4 256 941 1003 1692 -89.043364 98.061045 -0.664442 0.671947 
1 1363 -14.636220 
2 1049 1507 -23.037100 67.301938 
0 
1 674 68.933310 
3 575 865 1778 66.724132 -38.780075 -8.511863 
2 855 1720 83.979854 25.822928 
2 532 1939 39.723431 74.243201 
1 554 -54.176334 
2 304 1214 61.290150 -84.353952 
2 608 1863 -99.781317 -83.742671 
4 243 747 868 938 -59.216774 -0.545687 -98.818277 -47.664649 
3 186 480 1629 -20.561834 -43.377450 40.652321 
0 
2 1297 1765 -68.268247 -78.741526 
2 1310 1507 -54.361888 -27.700860 
4 227 1277 1451 1980 -28.874510 93.536435 -38.827556 -75.292908 
2 1118 1140 59.298430 -79.207519 
2 89 1894 35.478757 -15.177275 
3 785 1868 1973 -28.253605 60.774084 -34.882037 
2 1321 1893 46.407053 41.094208 
5 168 286 746 864 1918 27.498976 -62.608913 64.597555 -26.694055 -14.357687 
2 433 1727 36.615249 -44.685474 
0 
3 417 425 1371 -39.368024 37.173117 95.005292 
3 13 526 927 -70.533320 -13.799102 -0.638800 
2 977 1860 26.874203 -3.298736 
1 516 -84.172054 
1 1887 -50.033129 
3 68 874 1559 40.109965 -46.631688 12.392979 
2 526 1521 31.002240 4.879033 
3 271 391 1802 99.249850 92.722491 82.063596 
2 1165 1738 26.603720 -36.246721 
4 387 536 1186 1804 32.734124 24.225402 -6.411682 -87.738807 
1 288 -11.873374 
0 
3 523 1007 1880 93.844275 -12.471517 -51.569519 
0 
3 302 967 1005 41.337462 93.896025 24.777101 
3 5 461 944 -75.345554 22.798729 -53.344510 
0 
1 234 -59.536876 
2 1253 1989 -41.977630 70.988509 
3 152 1622 1886 -64.618808 -71.218775 72.768432 
0 
1 1262 43.435334 
4 510 595 1619 1704 13.742139 -8.856584 78.586554 -70.964835 
1 723 60.296440 
1 835 45.420870 
2 357 776 88.892005 -36.785357 
1 1690 -41.679536 
3 249 461 1931 38.616704 13.907137 60.482974 
5 891 1005 1054 1231 1264 70.921803 -60.629359 4.731209 61.256490 -13.689804 
1 316 -10.884336 
1 822 41.868644 
2 152 372 -22.074059 -5.736571 
4 532 1375 1497 1606 99.532989 -75.107135 -86.109498 -6.063993 
2 28 1162 34.061024 95.387292 
6 814 822 864 1421 1621 1640 -74.235705 -80.412766 7.587828 -44.499753 80.238221 -74.689313 
0 
2 293 1194 12.908396 -47.157518 
2 276 425 98.598591 -39.104512 
3 97 236 624 52.779269 -31.696698 -42.678541 
3 256 688 772 -84.096588 -40.534958 -88.167442 
0 
3 598 1244 1883 30.378765 27.937401 97.640837 
1 879 6.111158 
0 
3 640 1857 1916 57.879524 93.748886 -97.397789 
0 
2 145 1623 97.557604 -96.244206 
0 
1 1209 11.966240 
1 1340 -79.044811 
2 726 1018 -5.770696 -80.077138 
3 1323 1334 1376 81.494966 10.595793 13.699147 
4 214 274 318 884 -42.591031 80.673059 3.880127 -12.769423 
2 641 850 40.038123 11.918536 
1 888 26.870654 
1 1936 61.962617 
3 544 1359 1952 42.452858 83.188204 -91.471236 
1 1242 -90.049245 
2 1513 1546 -88.868900 -86.858115 
4 396 613 643 1729 -12.511270 56.169094 -62.758864 -58.784570 
3 138 247 753 -73.740859 88.673837 -44.072627 
3 451 676 1461 7.780105 -76.021901 74.496669 
2 368 479 71.904659 66.987029 
3 709 981 1901 62.944157 41.253876 -54.790457 
0 
2 613 657 15.388843 25.672419 
2 320 365 -91.351941 67.081444 
1 714 -53.471166 
0 
1 1368 95.114892 
2 727 1702 42.978932 -15.978963 
3 148 288 1642 38.246473 -92.259963 -50.902744 
2 695 1702 4.372687 -78.863629 
1 1636 -86.875421 
1 1089 -8.988447 
4 1073 1146 1307 1426 -19.321987 -51.721033 -30.973769 -72.413697 
1 735 -46.165223 
4 496 889 1622 1937 -8.768706 75.103802 -64.648287 49.068316 
1 1824 -49.905025 
0 
1 1707 -73.689146 
1 1639 81.241291 
3 226 306 579 90.404713 17.432302 -78.377202 
3 146 1183 1957 47.213640 9.333196 -62.807244 
0 
3 390 1335 1658 55.925853 -93.571657 -85.985705 
1 397 45.079902 
1 1923 -8.086424 
1 539 -48.765689 
0 
6 314 449 536 587 1711 1790 36.571757 -25.784738 -83.711640 85.167193 -38.983185 -6.482031 
0 
7 768 900 982 1153 1355 1629 1943 -73.474709 -2.234112 52.647140 5.829870 30.520800 47.492283 -63.372320 
1 197 -82.555433 
5 417 659 882 1102 1742 -78.159438 56.325438 80.001510 64.636662 -51.584422 
3 424 518 1567 43.234274 50.719113 -12.098895 
3 779 1684 1986 82.872766 -61.341522 80.799002 
2 1093 1312 -85.031207 48.203140 
2 885 1033 52.566578 43.588286 
1 1068 98.801589 
1 1969 -3.547713 
2 151 1703 51.302523 -87.513140 
1 604 -47.080218 
1 430 50.173808 
4 108 265 448 1413 95.740806 56.372752 -79.518056 -34.799663 
1 719 95.161696 
3 523 1076 1987 37.477721 -37.710459 -68.907716 
0 
2 1320 1896 88.865666 77.391303 
2 1400 1554 94.712882 33.510698 
1 728 27.787225 
1 794 91.867931 
2 727 869 12.799240 34.792538 
5 272 806 1284 1288 1674 5.106819 -70.039416 58.956163 -3.282400 18.075023 
3 1373 1496 1527 -83.928134 79.874306 -7.906969 
1 1327 26.066797 
1 1253 -77.113646 
2 937 1138 -53.843199 -72.184863 
4 383 674 781 1106 -38.094467 -90.198125 24.522585 62.441847 
1 1316 22.917409 
2 507 1126 84.345060 17.328166 
1 1106 87.043431 
4 30 401 1294 1311 64.462423 -74.464605 78.401760 77.761874 
1 1637 -59.551841 
0 
5 649 768 1028 1797 1919 29.067808 -6.910551 38.032839 -40.021444 73.527535 
4 96 843 1374 1537 80.671701 -81.522433 0.301583 54.874579 
0 
2 483 1588 67.772476 9.031847 
1 1734 99.759934 
0 
3 1292 1374 1382 -15.364969 -56.398093 69.016006 
7 176 627 704 745 759 1618 1922 85.540251 97.074183 -65.063736 -30.653998 -32.407712 -30.321353 -74.910706 
1 617 -8.321510 
2 1392 1933 48.720939 70.482768 
2 1243 1519 -30.458131 -23.699673 
4 318 1309 1726 1756 -98.264547 9.088601 59.400785 -11.681665 
2 1126 1548 89.565924 -19.605676 
3 157 469 704 -53.845363 -92.857988 45.941895 
3 648 1059 1854 75.462359 67.346389 -44.820886 
3 1447 1670 1709 -49.357136 87.291805 63.528528 
1 925 94.329619 
1 134 -0.756525 
2 1102 1557 14.204159 10.875839 
0 
2 288 1679 -39.863531 74.233978 
4 255 562 1903 1957 -12.563403 65.465457 78.869562 29.734701 
1 139 -22.106535 
1 554 -44.010252 
0 
2 792 1646 63.053300 -5.008144 
1 53 80.516481 
4 602 1216 1326 1622 31.526318 31.481889 -16.523546 0.904422 
3 455 667 1993 22.970538 -85.359951 10.740477 
2 576 1803 24.456567 -94.011426 
0 
3 1624 1670 1931 -2.930458 45.237371 0.556186 
1 395 -97.375277 
1 1435 91.493321 
0 
3 649 1371 1425 31.666317 -75.926162 86.714873 
3 61 535 882 51.691043 17.485063 -24.845283 
3 1132 1644 1954 78.505136 65.206059 72.586989 
4 602 654 1360 1540 -12.694043 34.679308 -52.573346 99.431811 
3 111 148 982 24.654302 82.899723 37.111053 
1 840 -83.518514 
1 715 78.275434 
2 1187 1322 0.470401 1.695424 
1 1051 13.261210 
3 619 1359 1734 -88.384418 37.770949 -8.064675 
1 1914 14.101111 
2 431 540 50.420230 -7.068238 
1 933 24.551488 
2 93 260 -59.387288 -23.795749 
1 279 -68.052622 
3 156 845 1448 15.877270 -71.616903 -75.793169 
2 1251 1792 -29.432358 22.203863 
2 563 817 -8.769203 52.670593 
1 709 -51.134669 
0 
2 468 1429 -56.345439 44.746124 
0 
4 787 1363 1474 1700 -49.703819 -18.929607 -62.777736 85.379167 
0 
3 1074 1398 1945 -31.389622 6.191922 -94.993251 
1 1041 -89.173254 
2 301 1114 85.089639 21.622053 
0 
5 604 711 944 1024 1316 17.057919 79.027506 -91.927080 -90.456719 -39.306827 
2 658 915 82.702812 50.136142 
0 
4 120 1756 1793 1812 37.748074 -40.612601 48.139824 25.538722 
3 787 839 1456 -40.964960 90.212705 -52.715912 
1 232 -78.299214 
3 1498 1499 1872 -13.602931 -0.741277 -31.831537 
4 8 382 435 1754 27.082026 44.431470 56.739648 -50.986617 
2 897 1385 6.799655 -99.792798 
3 215 226 1719 11.287394 99.042420 -36.903277 
0 
3 356 1007 1940 24.817042 44.121367 93.907913 
5 823 906 1169 1345 1946 -23.688856 4.431572 76.368466 -46.016930 -37.795013 
2 733 1039 -60.387372 -59.164911 
0 
2 369 993 -2.294664 22.348731 
1 998 -4.490380 
1 1081 -62.320405 
3 794 1384 1603 -60.544568 63.775909 23.535922 
1 1029 -21.731236 
2 274 1423 -35.185669 7.038444 
3 1124 1909 1947 -35.819940 -29.112108 58.336285 
0 
3 952 1178 1507 -32.253401 73.048025 6.410784 
5 170 251 1260 1303 1827 17.107828 29.251154 52.692683 -15.356122 31.434464 
2 1471 1971 24.032924 -51.719786 
1 1437 32.457782 
3 725 1207 1690 97.235782 20.587551 -62.021852 
3 207 351 1947 -11.549013 84.820226 -91.331606 
3 415 423 510 -72.568591 -15.558745 -3.805679 
1 695 53.468339 
1 1984 49.115913 
2 845 1928 50.587849 -14.346491 
4 552 859 1817 1978 -81.954821 -18.351608 71.183214 90.471320 
0 
5 321 362 877 900 1107 -11.206541 -76.399464 0.935497 69.728288 -59.254274 
0 
1 1783 -27.413602 
1 157 5.808755 
1 1206 -76.616816 
2 28 1037 67.807178 -55.083142 
1 449 -27.447137 
1 611 87.963873 
2 562 1146 82.414205 51.569952 
3 245 1164 1437 -63.493396 -1.561633 86.830357 
0 
2 377 963 29.787756 -31.622642 
2 690 1517 68.378397 91.068885 
5 112 577 929 1287 1496 -2.393530 78.690410 -80.941686 76.424834 99.041766 
2 1085 1449 35.232490 -70.228884 
3 77 1635 1917 66.401849 -9.114026 28.006492 
1 1372 -73.850299 
1 921 58.879499 
1 1959 72.972059 
3 155 925 1228 -31.030342 37.587406 -94.618424 
2 945 1397 12.284471 71.208554 
1 942 -76.171659 
0 
1 701 10.351437 
3 382 1060 1663 63.410645 -41.573107 -6.062734 
1 583 -72.114782 
4 314 344 1450 1673 43.855015 26.105694 4.893950 8.085396 
5 791 1252 1257 1350 1813 -76.195812 20.477884 99.718377 19.902789 -15.100441 
3 1189 1326 1466 96.118956 -6.694551 21.919912 
1 1350 30.065898 
2 445 1243 -28.614464 -86.150275 
2 587 608 -57.544181 31.709675 
1 349 -14.373694 
1 1682 -58.082360 
3 192 682 724 -94.299338 -91.889908 -28.018619 
0 
5 399 657 1270 1360 1965 -27.446884 -18.485671 49.090492 -74.624758 -95.290360 
3 1279 1777 1914 -79.069630 69.703762 -36.869119 
4 378 589 1069 1360 -95.241111 66.570840 54.923965 33.785521 
0 
1 1596 6.089268 
2 80 920 25.777281 -53.070282 
1 1494 63.765818 
3 1399 1454 1487 76.862635 70.320149 1.043839 
3 83 481 1682 4.197714 -23.398284 -58.319919 
2 1459 1791 -42.641848 -4.774686 
3 215 639 1800 -63.364903 62.171606 31.402612 
2 91 1692 33.252633 -78.164283 
4 209 416 935 1004 -52.994075 13.445151 20.308964 -89.908809 
2 1597 1790 -67.754896 72.410855 
2 533 1115 94.489057 -88.854528 
0 
3 601 1664 1855 55.526317 -70.157636 -32.542666 
0 
2 1356 1620 85.538119 -8.285647 
3 436 1034 1216 -91.430834 -62.022205 26.780097 
1 458 -72.449855 
2 87 149 -60.639149 -63.158026 
3 1872 1905 1998 -92.558658 -65.398297 38.784646 
1 1407 -52.707920 
2 636 1321 -41.154972 -71.330133 
0 
4 112 720 1462 1999 -29.637329 -17.221544 40.619980 -34.779599 
2 149 733 -90.576042 -72.720707 
1 1641 -61.654945 
0 
1 1327 23.481362 
2 254 427 -14.277357 36.310263 
0 
3 72 256 356 -99.565124 51.691867 -22.434769 
2 182 1258 -64.003399 32.795683 
2 61 651 -98.090292 46.369101 
2 929 1585 96.371435 -35.684342 
2 1408 1865 -94.999173 15.370952 
1 1224 -85.417625 
0 
3 1497 1724 1939 -64.655914 -28.933292 -35.780065 
2 460 1031 -53.271655 53.712209 
3 311 804 1926 1.143891 -72.387219 -83.243819 
2 1272 1547 -82.009471 71.441481 
1 413 -39.717324 
5 202 425 874 1192 1677 68.233391 -45.031343 -5.950567 -91.157041 58.195359 
2 532 1719 90.004422 -67.755613 
1 800 -20.181706 
1 1589 -82.568549 
0 
5 649 1083 1617 1673 1818 64.036902 -98.031601 -35.300291 -55.927558 -65.058613 
1 612 87.745911 
1 1024 -96.809421 
3 459 1220 1982 -86.565354 63.453386 43.054750 
2 1132 1553 -94.410856 87.115996 
1 1798 25.053881 
0 
2 99 1761 91.481060 -46.517068 
2 9 1225 79.359598 -92.174228 
4 423 724 1180 1707 65.028975 -50.755012 -1.945868 -45.517383 
2 452 691 -78.382288 -99.740966 
2 1335 1962 -28.915115 84.177697 
5 285 823 918 1487 1939 96.900850 -53.985168 -30.146170 11.720182 45.157395 
0 
3 1773 1809 1820 80.633544 -78.991992 9.990204 
2 280 1858 -88.556842 22.463664 
2 712 1959 34.264005 47.312869 
2 1432 1471 -13.880947 -71.190659 
5 795 876 1117 1192 1566 -43.411036 78.297383 94.894072 -40.411010 -96.740847 
1 440 -81.404065 
2 393 712 90.784700 41.557501 
4 40 1008 1181 1856 96.658998 15.711765 35.925182 50.491372 
1 277 67.826066 
1 289 58.676215 
1 1335 53.544821 
2 734 1796 85.548632 98.387144 
2 77 1098 64.848227 27.557535 
2 266 295 -30.231400 89.464577 
4 615 1159 1455 1945 31.766259 -97.223435 83.423664 56.834108 
3 1183 1313 1356 -45.610258 -44.872139 4.837213 
0 
3 799 841 1081 4.218677 40.498071 -74.164983 
2 566 1913 3.786031 -3.871637 
4 325 1019 1295 1762 -65.013967 63.987247 4.340049 -46.217452 
0 
3 267 1603 1687 20.047605 -85.861332 70.747634 
0 
2 233 1849 -69.051476 26.683889 
2 539 1276 62.032322 -62.355066 
1 82 -5.295437 
3 238 376 851 42.597542 -80.457772 -57.337113 
2 428 623 22.807843 44.433167 
1 229 36.656176 
2 538 636 31.013562 -7.110313 
4 258 397 538 1491 -4.362369 35.752246 -58.376693 -85.424454 
1 1685 44.505827 
3 368 1102 1458 -47.904199 44.563113 -33.223414 
2 656 1511 17.990547 33.132543 
1 474 59.142705 
6 555 584 619 1218 1431 1555 -48.388687 -32.747601 22.043574 7.957048 -49.283939 91.556866 
1 1297 -14.094769 
3 971 1234 1477 -54.496659 -59.555614 41.551007 
2 205 1703 -29.039113 -87.987709 
3 568 1532 1982 -51.413198 -85.495584 5.105603 
0 
2 1677 1697 -86.612241 44.434185 
2 403 1912 -71.192018 -37.902933 
4 116 1122 1580 1910 69.757002 69.495478 96.188245 -44.198676 
1 1381 41.926660 
3 380 636 768 -44.246464 25.187735 35.661297 
4 738 943 1752 1905 -23.038052 18.838409 -33.358377 87.062673 
1 109 -37.730387 
1 155 27.905478 
5 18 31 265 1005 1792 28.584874 89.807173 72.845794 -90.212921 3.083082 
5 26 981 1546 1570 1691 -84.650023 33.969118 -66.188554 96.226774 21.656365 
0 
4 352 790 933 1225 59.542981 97.564207 -73.122387 -58.158730 
1 1463 74.909741 
3 131 227 498 -2.532451 8.342947 -6.277045 
1 1730 49.691702 
4 336 921 982 1918 68.246913 40.415814 38.650084 43.686429 
2 111 266 92.639642 -97.929185 
1 1628 -21.147030 
4 284 468 544 956 45.821767 -24.188828 -11.454156 -5.630676 
0 
1 467 -27.147698 
3 833 1107 1857 -41.672355 71.011520 -32.910568 
3 662 1239 1979 12.902110 -21.564930 66.332878 
2 82 1500 -7.411505 -69.449767 
1 1927 -79.946956 
1 143 -35.060565 
3 682 1165 1237 93.477665 7.937321 -38.033752 
1 1435 94.242725 
2 1085 1087 -55.097257 -86.992412 
2 1020 1462 -97.719032 3.528851 
2 676 690 -43.399243 64.868180 
3 1005 1060 1208 84.639923 -78.878563 55.524323 
0 
1 520 42.786221 
1 1654 88.558472 
4 145 911 1748 1821 1.922015 62.175576 -60.408761 27.438579 
2 167 276 2.130708 -76.592521 
3 122 515 1233 -9.622312 61.580180 71.501025 
1 188 -50.143708 
5 317 975 1351 1560 1903 61.697649 -23.357402 -76.996517 -85.101831 -57.214976 
1 1839 18.112481 
0 
0 
4 207 1828 1857 1898 -61.276409 -94.411133 -17.671565 95.470538 
1 1999 63.062540 
1 17 90.387299 
3 978 1508 1822 -96.900585 -50.071969 26.914050 
2 1853 1929 30.748399 80.051036 
3 254 750 1231 -62.528914 20.768112 26.494701 
1 33 33.774727 
0 
5 427 454 1074 1333 1638 31.333580 88.319578 27.267962 21.028893 -3.019022 
5 137 398 421 633 921 -64.181303 -52.401672 56.853696 -9.484125 49.509620 
2 48 1394 -17.501288 61.816891 
4 411 855 1688 1747 42.247703 -71.786536 24.139370 -23.945674 
1 1848 44.171470 
0 
3 638 784 1485 -73.978163 -39.075991 -1.509091 
0 
2 260 1486 64.230855 -62.612473 
0 
3 738 1733 1993 -84.140352 -49.509633 79.994431 
2 1370 1722 28.453633 -29.396828 
1 1928 -69.679942 
1 112 -50.499703 
4 512 793 1169 1420 14.493590 64.142280 46.718801 -34.878360 
0 
7 357 490 1136 1377 1469 1611 1984 -15.269153 25.327063 -35.024161 16.020635 -82.968045 -68.517453 31.265162 
2 9 1732 -46.061629 65.613039 
3 53 205 641 36.185079 78.019852 -67.347330 
