3500 1750
5 68 241 724 885 1448 49.181486 52.671919 42.849453 -80.849098 42.718035 
0 
3 291 731 1515 32.933249 78.671727 -81.194636 
1 258 -42.961918 
1 674 3.267328 
2 833 1567 -41.231180 40.664161 
1 1075 5.062650 
1 404 -68.288164 
1 1705 80.547582 
3 229 1606 1718 -57.727433 0.499592 1.368942 
1 231 61.430751 
1 1656 18.680276 
4 333 578 616 893 -94.588351 40.274865 30.636899 90.492106 
2 192 647 -19.933763 -95.314719 
0 
4 114 504 1171 1391 -57.665477 97.072780 -40.382101 16.622561 
0 
3 13 307 713 18.146769 -10.126042 -59.799195 
2 934 1267 -27.483793 28.475777 
1 1133 77.960842 
0 
2 779 822 51.898286 -96.564443 
2 524 1143 -53.747894 4.768052 
1 191 -45.629284 
0 
2 419 1175 36.372838 -55.507385 
0 
1 858 -16.760274 
1 1623 -57.480255 
1 1408 34.033592 
3 422 998 1656 30.053625 54.336359 -78.777459 
1 1341 -3.976314 
1 1595 78.299969 
3 43 424 1565 -34.957248 -63.707259 -59.496498 
1 1476 -12.347552 
1 266 70.758260 
0 
1 1611 -17.184777 
2 470 652 -17.644175 35.574678 
1 1631 -5.543009 
1 1324 6.504215 
1 1466 25.153347 
3 693 1472 1590 21.090148 -29.331476 19.669156 
6 219 274 412 845 1043 1300 63.073825 -37.759614 94.492818 1.759032 -56.068010 8.174517 
1 790 -53.438907 
2 268 673 49.792813 58.194712 
0 
1 515 -82.899734 
2 364 649 56.920628 -15.400473 
2 424 1315 98.699536 -20.871659 
1 1378 29.661893 
3 916 981 1599 94.970738 26.201932 28.255344 
3 597 1176 1588 56.533285 -43.933831 -93.524343 
4 88 626 851 1475 -9.966816 87.691927 95.338341 -84.752605 
1 200 -93.022373 
2 1265 1324 96.913436 -32.360064 
1 1435 -65.934905 
2 63 705 80.777128 -96.086610 
3 705 1093 1198 93.974300 62.146250 89.868240 
3 977 1218 1481 30.342535 48.704910 -25.956397 
1 1670 -22.840414 
2 603 1206 -77.859363 19.664942 
2 514 1192 87.644867 59.486421 
2 983 1368 38.263995 -83.378949 
1 33 -29.868054 
2 565 662 -41.726919 3.886769 
2 169 1619 10.662865 -88.468513 
5 252 375 1006 1015 1476 26.664280 -81.259390 -10.138874 15.991965 92.465502 
3 471 964 1730 34.691483 -15.571212 91.787953 
0 
1 1349 -49.296250 
2 39 760 59.595013 36.559342 
0 
1 354 26.124026 
2 1067 1169 -32.117408 -9.447534 
2 342 667 -77.829582 78.545627 
1 1546 -76.207350 
1 211 28.596734 
1 428 -83.552976 
2 1293 1313 -5.344339 94.074283 
3 903 1181 1210 44.839109 69.726631 -68.056313 
3 275 1182 1199 36.029467 25.535081 -9.303516 
2 96 858 -75.778701 -50.477075 
1 1647 16.603473 
0 
1 1402 -48.143862 
3 782 917 1468 2.251322 53.334517 -51.989344 
3 315 646 1032 76.044148 -35.218324 -10.382784 
1 968 -79.186679 
1 63 -48.564090 
0 
1 874 -80.990097 
5 393 761 913 1591 1634 -72.407419 78.018682 -8.602387 -47.023586 50.239619 
1 308 -15.715688 
4 167 371 460 1224 -68.358013 -5.571097 90.977784 41.908761 
2 452 1530 52.274426 -86.701748 
0 
1 146 35.153020 
0 
1 1568 82.054312 
1 897 62.486267 
2 1138 1520 42.796057 -45.908884 
3 187 662 999 -60.153911 -71.196035 -66.360370 
2 609 1146 -25.855508 10.714176 
2 675 898 73.717691 -47.111196 
1 360 -51.563766 
2 850 882 96.055907 -56.472134 
3 670 1089 1457 -71.551473 13.099374 -82.964652 
0 
2 36 46 64.867984 97.707776 
2 1127 1572 29.279999 91.716496 
4 6 316 877 878 81.065448 35.593970 -99.452627 29.554361 
3 1688 1703 1721 -0.003618 43.070703 -66.389486 
0 
0 
1 204 -39.018640 
2 1272 1738 40.908845 36.727082 
4 230 684 1189 1399 38.455760 60.804009 -65.842517 -92.933832 
2 299 1420 35.429073 -60.623161 
1 1613 69.995643 
2 1184 1502 -82.731092 -53.354271 
0 
0 
2 431 814 -80.535819 91.035259 
2 746 1065 94.229172 -81.822009 
1 1058 -85.999648 
1 1138 78.533117 
0 
4 622 1430 1534 1708 -76.928951 -42.508078 66.295318 85.349976 
1 44 -3.160767 
1 463 12.212090 
0 
3 297 1054 1406 55.104525 -40.294161 8.894034 
3 337 1580 1651 -6.394275 -46.685332 40.045720 
6 149 162 668 906 1713 1723 -1.602416 -93.619310 -21.468629 17.522277 -14.781285 -31.776069 
1 1055 75.888066 
4 231 520 1537 1658 -16.922627 87.536666 36.982916 -95.545884 
1 1587 12.631717 
3 179 258 1106 -40.718178 30.056680 66.501842 
3 60 443 1165 36.929165 -86.337877 86.977463 
0 
2 819 1286 79.056905 7.387109 
1 127 94.745767 
1 112 -68.845391 
3 204 843 1004 66.957097 29.557667 15.370316 
1 539 -49.211242 
2 530 1644 40.594874 -74.942504 
0 
2 1625 1661 94.770154 53.565511 
1 695 -9.160742 
2 521 1380 81.199117 1.794843 
0 
1 572 33.992916 
4 483 637 802 1258 -63.027674 -64.404632 95.351774 97.991052 
3 583 726 1614 38.421331 84.218277 -22.990051 
1 1580 84.103518 
2 690 1307 -63.966629 -15.391997 
1 917 55.438805 
0 
1 321 -50.367268 
1 1333 -74.235241 
2 519 1412 77.571903 -31.723128 
1 656 9.899206 
0 
1 355 54.799727 
1 930 -50.482724 
1 1678 77.694080 
1 1368 -79.476855 
2 293 1241 59.629600 -80.203222 
1 1630 50.522313 
4 19 241 688 1281 -5.442862 85.275964 -31.640670 87.378385 
0 
1 1570 82.815059 
4 941 1039 1289 1685 -16.274378 -88.800663 96.377058 57.498354 
1 629 -19.421528 
4 128 151 983 1086 16.576362 66.255718 -74.404968 66.130059 
3 562 1276 1302 -22.603387 -62.068324 39.871008 
3 35 1191 1360 -40.942649 -45.477138 11.181306 
0 
3 1081 1173 1215 -88.142786 -49.516436 -58.328323 
0 
1 1177 -16.145571 
1 534 69.654480 
1 503 -25.314062 
5 14 698 1200 1245 1615 95.950803 -80.357033 -31.071780 20.581973 27.447822 
1 1419 95.255093 
0 
1 1310 45.452084 
5 17 615 958 1460 1577 68.728124 34.495477 61.398712 15.177569 91.966727 
2 603 1455 -5.613129 -28.218396 
1 1575 57.263008 
0 
0 
1 1216 43.611322 
2 986 1096 17.194649 20.055630 
1 1666 13.229712 
2 583 756 -4.951790 93.256270 
5 305 848 930 1576 1642 -97.779309 9.102553 -1.572992 52.270352 45.614059 
3 8 1012 1697 -55.422666 69.154915 -79.274369 
3 527 1160 1609 -34.817576 -9.847255 -73.013505 
3 213 258 1610 -70.322392 7.591551 -62.447905 
4 16 121 1283 1292 19.717815 7.845548 58.370563 -65.997341 
2 298 1456 -53.640375 28.672423 
1 793 -63.919671 
1 1519 92.965355 
1 1528 -32.665937 
0 
2 573 1540 82.771306 -71.840182 
4 30 134 615 1125 3.298900 -84.972502 93.219297 12.448894 
0 
1 1145 -1.588399 
0 
1 741 -56.496424 
2 91 250 42.155796 63.086372 
2 294 1098 52.952554 81.788372 
4 156 277 323 663 16.661675 -81.625710 -99.335972 -75.379095 
1 548 76.261807 
3 435 650 843 -52.052448 47.785867 -25.419524 
2 1015 1591 -68.183384 43.266032 
2 762 1559 -23.664168 -11.583453 
2 344 358 76.222853 -37.631291 
1 1405 -5.756110 
1 356 -35.373269 
2 516 1426 21.953141 -43.810702 
3 136 268 1592 45.972511 -83.484210 66.086779 
1 547 83.841586 
0 
3 169 568 1178 -54.376152 -29.824630 50.012987 
2 160 182 -24.810443 58.901025 
2 628 805 -7.069024 -17.173664 
4 8 813 1431 1618 76.911086 41.200414 11.334312 -0.349238 
1 666 72.702056 
0 
1 1470 6.951546 
1 1406 45.241978 
2 48 1566 33.537145 -34.275498 
2 544 745 63.514243 40.814141 
1 1410 -63.979818 
4 17 249 767 1364 -49.378436 25.530588 -57.222721 8.596843 
5 143 884 944 1001 1455 -30.992978 84.141850 34.112421 51.745596 -23.588239 
1 736 95.916502 
2 93 1612 9.451991 -13.310570 
0 
4 95 435 908 1688 68.259163 65.423151 -47.382175 11.626625 
2 448 1240 -86.715008 -69.385192 
1 765 46.277241 
2 348 1641 47.566978 -23.842928 
1 460 -25.529593 
2 1113 1749 -14.609621 -76.938193 
1 252 -5.246729 
0 
3 783 948 1124 -97.052656 87.989913 7.779115 
0 
3 51 332 355 -89.868584 26.439942 39.709042 
2 681 1246 99.917266 -24.725388 
2 883 1176 -52.451677 36.665601 
2 392 1042 -32.673120 21.619695 
4 1137 1335 1438 1718 -30.221749 95.103249 -70.317932 -13.238775 
2 741 1736 40.948153 3.487224 
4 277 923 1293 1625 -58.078137 41.525387 -57.012958 -48.420942 
1 976 -76.271609 
0 
1 557 -17.381482 
2 546 788 -25.242259 -65.051694 
3 578 1208 1336 1.168146 5.231633 -76.852690 
2 15 1478 92.594946 -90.601372 
0 
3 272 1190 1460 2.716951 27.870354 83.834366 
4 774 1017 1365 1574 -63.911527 36.501474 0.142354 19.738934 
1 671 -96.813431 
2 832 1214 67.009162 9.762150 
0 
1 1734 -94.294538 
2 0 684 -56.856808 -52.938190 
1 1436 -29.431994 
2 184 1280 -67.204777 -34.324985 
2 189 1208 86.092048 19.763227 
2 322 949 -68.725145 -0.267299 
4 654 933 1320 1419 30.496317 21.822348 -23.037933 -87.633312 
4 247 373 505 1259 -30.044502 -87.642431 94.766673 28.929859 
1 234 -45.396153 
2 589 973 62.903536 -89.148665 
4 43 257 641 1059 -44.750774 98.318248 -32.864720 89.314717 
1 244 56.350447 
2 629 1627 40.217976 49.847500 
2 516 1292 83.624295 90.845609 
1 147 12.379592 
1 1651 -5.043910 
1 1710 43.087418 
2 329 1082 -63.931949 -3.056141 
0 
2 390 736 55.385414 2.132301 
3 302 876 1668 12.984763 17.514112 10.924421 
1 428 86.792647 
0 
1 393 -96.843735 
2 44 1556 4.277975 70.433486 
1 502 -32.966763 
4 77 648 732 911 64.225478 -49.327466 -93.901915 24.166660 
4 355 633 915 1425 -47.113023 26.118180 -88.208083 -17.258058 
1 442 7.707247 
1 403 -70.073100 
3 364 1127 1492 -88.055833 95.972803 -39.982034 
2 42 1605 -17.863255 77.478609 
2 109 1267 9.923748 75.252694 
2 856 1115 -86.172896 -75.567762 
3 286 1073 1359 -2.545279 -19.840241 -95.873936 
0 
3 404 885 1397 44.716460 62.934562 25.347186 
0 
0 
2 1157 1385 63.038277 -8.380964 
0 
1 1388 8.885749 
1 211 26.711205 
5 67 305 719 893 964 83.575500 73.156814 -17.096023 66.295747 91.168688 
1 745 26.642561 
5 377 665 1116 1436 1516 -49.611867 6.874207 76.922731 -76.920242 -51.907888 
2 500 1366 -56.637160 -86.599571 
1 374 46.093438 
2 86 1396 -23.648701 83.289242 
4 350 750 1513 1552 68.523346 -15.342369 14.194137 80.189120 
4 698 1095 1473 1565 -25.445755 -55.921757 -33.621963 16.642152 
2 310 614 -67.678969 -78.879146 
2 757 1151 28.989648 -87.517922 
3 93 532 605 97.627146 67.644304 -6.414068 
2 102 1335 -36.168869 96.997383 
2 447 1135 83.977265 -95.736188 
2 77 484 86.600779 12.522048 
0 
3 1326 1454 1477 -48.472014 30.876294 -72.929465 
2 817 1176 -91.623067 -55.971326 
1 869 -78.830105 
1 792 93.301950 
6 335 784 843 973 1237 1578 80.189107 1.851649 -15.041117 -46.783533 -13.001116 -73.182779 
1 245 -43.627696 
0 
1 1161 75.166596 
2 380 1731 -94.073920 -21.762834 
4 393 753 997 1113 -9.697267 20.890698 -64.689298 -59.453829 
1 860 -47.390743 
1 1497 -34.701471 
1 1143 48.364513 
1 1182 64.035301 
2 91 1037 -48.909856 56.133078 
2 1077 1132 -5.261151 0.053558 
1 596 38.525938 
3 436 1254 1613 59.659988 -49.934906 60.533615 
1 1404 -21.876632 
3 236 622 655 78.182354 -57.086351 -46.949835 
1 682 -95.286295 
0 
2 585 1010 -49.441665 -81.502519 
1 1238 82.944389 
3 376 822 1146 -77.805184 -8.634495 96.880530 
2 972 1236 46.052783 11.910050 
1 559 28.160554 
2 256 1524 14.058157 -61.212014 
0 
1 1211 -86.849523 
3 558 756 1550 -76.514941 -26.132699 56.992313 
0 
2 152 1672 51.478926 -39.272273 
1 727 -48.183993 
4 393 717 1126 1137 -11.113008 81.962330 80.391165 -50.777006 
1 1573 -33.488959 
1 164 33.562460 
5 65 227 306 519 1247 78.417054 -96.028738 -93.724935 -20.033486 94.299310 
3 754 887 1517 62.488558 24.610861 7.447181 
1 1094 48.503565 
0 
2 667 1610 80.767259 -89.502463 
3 406 1001 1713 35.312374 68.614046 76.834862 
1 1038 -93.850291 
3 476 1112 1716 25.486768 -19.598295 -22.977506 
1 1111 63.092217 
0 
0 
1 1574 -51.952936 
2 489 1525 -78.570706 -47.550898 
2 85 1182 46.822013 45.177029 
1 991 53.930162 
1 628 64.252051 
5 93 175 576 1584 1588 45.350224 -33.642320 -11.066852 -27.655357 -23.569151 
1 83 54.347960 
0 
3 145 1044 1669 10.969450 -8.308882 46.192422 
2 1080 1130 23.143205 30.206560 
1 435 -16.439889 
1 1027 19.424413 
1 202 -9.955307 
2 1448 1708 -21.423266 -68.150822 
0 
2 866 1670 -64.574903 55.881210 
3 162 442 1190 -24.270821 72.264161 25.546894 
2 1115 1354 84.150962 -4.692367 
1 1017 -14.138042 
2 297 1113 -58.500307 -71.663440 
3 382 565 1029 -96.081676 -45.060204 -12.541630 
2 480 1600 99.697611 22.025734 
4 736 818 934 1417 -15.838929 -47.795172 10.149198 62.513164 
1 1226 -19.609023 
0 
2 796 802 -57.931322 -39.457158 
3 804 847 1558 -99.968098 44.479735 -91.420198 
1 149 76.314809 
1 1631 21.179614 
2 238 499 -16.389213 27.247810 
0 
2 406 463 96.647181 -79.487333 
3 28 566 860 12.374453 93.149803 -89.446869 
1 544 12.862152 
2 156 1521 41.203009 41.921998 
1 1268 -11.322305 
2 133 450 63.567585 63.383064 
6 389 619 643 1092 1284 1590 76.446316 -79.971861 54.615583 10.095121 -81.615486 -84.606114 
3 470 1410 1534 54.199721 90.629059 -76.986850 
0 
0 
2 250 286 38.697686 -21.239845 
3 89 390 447 59.862218 47.279052 -85.425074 
3 661 986 1326 -8.825847 -93.817389 -2.584938 
3 202 695 1278 29.816612 18.221588 -42.688618 
4 655 946 1117 1467 83.617396 15.099951 -28.181223 87.675009 
3 27 62 1003 -73.317648 42.981502 -41.773584 
1 716 -22.076109 
2 723 1075 91.243612 15.883053 
0 
0 
1 455 98.995290 
2 188 874 -61.020545 -15.954680 
3 833 1276 1523 95.077370 21.144593 61.843667 
2 1441 1589 3.224349 23.185565 
1 1225 1.142238 
2 230 1474 -19.240657 7.450135 
1 496 12.674797 
4 189 485 780 1706 -16.725218 -47.800176 -85.234723 3.485004 
1 33 47.952670 
3 841 886 1419 15.650626 -7.156901 93.934300 
1 1528 -29.174241 
2 2 1346 -11.620758 53.976393 
1 54 -61.676020 
0 
4 136 230 417 523 -50.521847 65.114774 -7.252903 -24.058993 
2 254 638 -65.658250 62.347537 
1 970 -45.792900 
4 665 697 941 1061 65.297864 -8.361183 -77.796592 31.574289 
1 127 -36.114862 
0 
3 588 1433 1440 50.560306 -97.246074 -90.807779 
2 790 1677 -41.807897 94.102774 
0 
1 1030 -36.290352 
2 338 791 87.564106 55.887995 
2 932 1747 30.577472 29.510302 
1 133 95.221611 
2 701 1536 -34.896373 46.337225 
0 
2 34 1650 -93.679051 -63.608077 
1 901 -43.562292 
2 622 636 -47.845158 96.605427 
3 270 474 1735 2.105212 -93.179593 1.598346 
1 706 1.461867 
2 113 886 -43.262635 -81.137603 
1 1383 -39.849601 
4 347 825 1166 1633 -99.125331 -71.390137 27.884895 75.713366 
1 692 -41.827503 
3 712 991 1043 6.901361 -46.751952 -59.155091 
2 457 1250 -76.893244 95.556621 
2 344 837 -52.546014 21.901864 
2 465 647 -4.208546 -82.660041 
1 1430 -68.749439 
0 
1 1688 42.234683 
1 1392 41.670372 
0 
3 263 357 382 28.364971 59.205051 48.922249 
0 
3 460 1067 1252 -63.674103 59.371715 88.145559 
3 235 408 1691 30.331610 22.399889 -9.000160 
3 928 1485 1520 69.938193 93.217766 30.320734 
1 1596 53.280097 
2 356 1231 41.797624 -75.613643 
1 82 87.170165 
3 19 478 1487 -9.811550 -62.199560 53.984643 
1 424 38.498830 
1 989 -41.085129 
2 578 800 95.686544 51.347427 
1 775 89.707412 
1 1390 24.404661 
1 1184 12.130608 
1 85 -6.262484 
1 95 -79.395679 
1 1119 84.334850 
1 1536 10.538766 
0 
3 263 329 731 -52.325694 -33.352186 -24.122595 
1 308 -96.064377 
1 554 2.653309 
2 244 1316 81.999114 -63.012683 
2 223 1654 0.440946 58.771571 
0 
1 275 -85.000956 
3 430 462 1342 -61.030639 -15.200914 52.429149 
2 615 1588 -36.979058 93.364325 
3 432 1232 1385 -19.625663 8.499556 42.117481 
3 42 1081 1508 -79.111678 -93.427973 -21.917119 
2 397 581 9.389944 -46.499574 
3 51 174 1744 -90.762927 13.234252 94.658127 
2 398 1223 -37.147959 -64.752903 
1 651 19.738756 
3 54 242 1097 39.101341 -90.682333 -37.657033 
2 246 1539 27.108820 -25.762774 
5 92 171 580 928 935 45.489792 20.914805 -53.463101 74.224386 -9.367001 
0 
3 1260 1715 1726 -28.857199 79.663693 -25.227759 
5 90 349 668 1105 1470 -91.600004 -3.417509 -47.212856 57.417862 -78.406818 
1 1572 -24.290060 
1 438 32.602661 
1 1721 89.057555 
3 809 1559 1609 -37.626894 58.584322 -86.760271 
0 
2 539 1702 -62.824188 43.177445 
1 608 -65.836895 
2 741 1602 -42.014628 82.713887 
1 1474 -93.799317 
0 
3 73 504 1088 -72.009566 -51.082691 -93.751439 
1 842 -54.936393 
2 721 1490 3.090088 57.504290 
3 121 750 1249 -32.555325 -54.383385 -66.989068 
4 978 1565 1629 1675 -10.947575 66.236285 -38.251092 45.633058 
6 293 545 614 967 1317 1620 44.571260 -35.146398 2.840026 96.875823 36.914075 75.318050 
2 182 406 -39.915766 32.417034 
2 177 1135 -76.278245 73.391843 
0 
1 246 42.296618 
0 
3 131 435 1119 13.146169 80.997205 -20.932009 
2 895 964 49.932544 -28.382979 
1 1488 -2.423062 
1 805 -62.764310 
0 
0 
2 1272 1538 -88.906288 68.474207 
2 1423 1456 -42.035151 -30.937976 
1 1303 -38.318092 
3 832 1153 1528 31.575203 11.956550 19.257540 
1 77 22.681836 
3 30 788 954 -41.198344 -28.758161 -57.329474 
1 190 -39.171100 
3 80 89 1553 65.710043 -30.217098 -61.997340 
0 
0 
1 1307 44.011231 
3 58 1543 1605 76.448724 -32.266948 68.402742 
1 943 44.798707 
3 515 1198 1608 -22.971414 4.905359 -37.107242 
3 174 244 1161 3.253587 89.733962 66.675054 
2 1355 1475 93.081206 -97.392530 
0 
1 157 46.632767 
0 
1 279 62.373058 
3 941 1017 1499 -80.866814 6.538840 31.449817 
1 1707 -33.052159 
2 809 1319 -83.860168 -32.618829 
1 1356 -35.383352 
1 866 -86.580959 
0 
1 1318 98.834171 
1 1243 -57.018237 
2 220 1567 61.519832 16.345211 
4 774 1001 1122 1728 91.550323 78.601134 58.665353 -58.695080 
1 261 95.702045 
2 32 1419 84.605438 89.275868 
2 400 1135 46.955367 -60.200607 
2 910 1414 -30.253461 25.569605 
1 1489 55.987327 
1 1225 50.739049 
0 
2 327 914 78.888007 -80.578580 
2 376 715 -8.722727 -26.079357 
0 
1 450 52.003463 
2 37 670 -59.094417 -32.336604 
2 851 1600 -43.315503 -72.278015 
2 676 1152 -30.020084 62.017125 
1 858 -92.344025 
0 
1 804 42.771569 
0 
2 161 1490 38.758451 44.055558 
1 540 -37.062765 
0 
1 679 -2.464796 
1 1522 16.202849 
2 623 1443 57.976975 -79.660711 
3 16 136 984 12.166670 35.303431 -13.375836 
1 1015 -42.293061 
1 1106 80.419426 
2 786 1165 -42.922570 82.400752 
1 1730 12.274143 
2 674 1391 82.511096 18.526974 
3 647 1029 1649 47.104921 -64.007953 -11.604619 
1 360 -84.500206 
2 382 529 -56.976178 -13.521099 
1 210 81.431933 
2 671 765 -18.008726 -99.464620 
2 1249 1650 -36.516654 66.604974 
1 1132 -65.339343 
1 373 9.677063 
1 1160 -53.397582 
2 1425 1573 -87.029512 0.606989 
2 244 800 41.077929 -3.107924 
2 401 587 -67.539540 -40.096364 
1 1529 82.177946 
5 130 155 1108 1154 1463 58.210049 -88.738624 -63.276673 86.812342 91.920119 
1 374 13.757205 
3 364 948 1368 -67.444499 27.895482 -4.186796 
2 965 1029 64.692261 69.916467 
1 1297 -54.426590 
1 338 94.032670 
1 1253 90.687802 
0 
2 505 1291 -14.703711 -72.146954 
0 
1 727 59.686684 
3 121 1106 1574 -16.897872 -34.258879 -7.598170 
3 963 1332 1425 -79.405949 -73.441147 79.263921 
3 232 401 529 59.016884 28.404335 -9.156626 
3 784 1519 1737 67.338138 -54.755284 31.151930 
2 783 952 50.269943 -98.426356 
1 517 83.481604 
2 383 529 68.220625 -52.547624 
3 427 1090 1190 22.996352 54.414639 45.553555 
1 1217 41.357246 
0 
3 477 1386 1617 -31.131210 -70.127875 70.077248 
0 
3 33 869 1582 -45.300457 4.187298 -38.806078 
1 921 -24.598080 
2 45 1732 19.492174 31.989217 
0 
3 92 767 1143 15.234184 97.961585 59.565722 
2 1151 1261 -42.858253 -4.144698 
2 231 360 -1.174508 0.507378 
2 359 740 -97.210704 89.209750 
5 428 923 1064 1218 1502 -84.070533 -87.098315 49.021063 -93.513158 70.756996 
2 420 851 -84.548514 92.226091 
2 583 1011 -95.452861 -42.164061 
3 648 1241 1606 64.526774 -31.412186 23.895680 
1 306 -40.246051 
3 896 900 1173 -27.927787 12.285189 -66.144622 
1 1577 84.258843 
3 224 889 1727 -65.775148 -35.777653 18.725144 
1 1328 53.799611 
0 
2 183 1654 -17.351095 -91.109068 
3 15 371 1171 -13.415562 62.998183 -69.530156 
1 1057 -27.808764 
2 813 1538 50.249373 91.962264 
1 103 71.915438 
2 205 618 -60.374042 17.637723 
1 610 81.521650 
2 643 792 -27.802064 -21.169368 
3 465 1205 1218 75.756777 -66.473530 66.679609 
0 
3 201 313 436 -70.230446 20.590368 -6.263760 
2 103 574 -42.896224 41.623665 
2 471 1158 2.826020 -70.173410 
1 358 -57.447495 
1 950 -33.966470 
4 371 409 816 1573 52.500701 91.023422 -41.130368 39.735580 
2 818 909 53.076919 -17.726594 
3 280 1125 1212 24.908507 -66.201440 33.854982 
2 740 932 -96.402918 75.537536 
1 824 -14.336383 
2 1477 1742 -32.657603 -37.699676 
2 1261 1367 -17.550794 -43.168608 
0 
0 
2 1014 1345 5.993999 60.957136 
2 1124 1648 -56.661261 -77.033480 
1 700 13.482792 
1 857 -92.802406 
2 638 1049 -10.157573 16.939444 
0 
2 191 744 -20.479468 -57.621782 
3 1020 1466 1699 68.467007 6.368878 64.560280 
2 503 1739 -28.983622 -81.053289 
0 
3 738 1373 1675 53.489281 47.333083 -63.338355 
4 142 560 634 903 -47.862115 92.954366 85.766440 -70.056180 
4 107 432 673 1298 -63.971461 -35.747466 39.318050 16.192780 
2 966 1186 27.909449 -1.426104 
0 
4 915 1455 1490 1713 12.416566 -41.738835 -41.912654 -28.162232 
2 719 1247 43.533327 81.349469 
1 102 34.029495 
5 28 380 850 902 1495 -83.666328 -14.355573 61.158591 -94.473709 30.996432 
1 813 -59.214513 
3 316 1277 1464 46.594266 -29.923710 90.829181 
1 822 37.814252 
0 
1 1095 23.580042 
0 
2 686 1105 -22.133923 -55.068547 
4 409 578 593 1504 60.411926 90.476594 -32.716577 67.828933 
1 1228 -47.130594 
0 
1 328 -88.070837 
2 188 1239 -13.698908 -17.683330 
0 
2 1240 1472 -63.608597 -51.200655 
1 978 98.404443 
2 669 1388 18.024914 1.610397 
5 33 142 326 721 1180 42.913676 44.464227 -83.039532 -18.373407 -92.840069 
2 308 641 44.720171 -94.173038 
1 1721 -35.894517 
3 305 1088 1462 -60.303138 59.525640 -87.051631 
1 437 36.453812 
3 168 344 1040 88.701808 -79.860337 13.868840 
1 1098 -64.125434 
0 
1 1190 0.734933 
2 103 898 87.224879 74.977720 
0 
1 92 -93.809593 
0 
3 211 572 1357 -65.024313 29.429852 -48.231078 
2 357 498 79.741545 -84.451389 
0 
2 242 943 -46.913024 3.909671 
0 
3 153 1087 1291 -37.371662 -20.629556 10.306456 
0 
1 99 -46.634460 
1 666 -99.148671 
4 298 568 1190 1397 35.336490 -5.334504 -21.253876 -44.062303 
3 310 1153 1268 73.872096 39.106414 -83.168806 
0 
3 45 441 475 79.948015 46.332736 -92.529412 
2 777 927 -46.768623 67.376941 
1 593 23.434851 
1 628 50.519142 
3 389 419 1692 -36.874596 45.546587 -1.623749 
3 1208 1443 1460 40.642493 -53.483648 36.169049 
3 468 997 1025 1.777583 -71.031490 10.643354 
2 771 915 -20.156669 -26.457999 
2 653 1658 -29.513638 18.270273 
1 781 85.031450 
2 701 1741 31.920179 -81.512101 
2 559 1254 -11.562876 -54.476791 
1 1394 62.756854 
3 810 1033 1124 69.626101 39.433356 -56.535843 
1 1492 -18.567994 
1 1004 46.877477 
3 449 1221 1332 -17.695364 5.637427 15.879887 
3 749 856 1589 -92.351781 94.063368 -7.392859 
3 45 215 1660 -52.854653 -38.747853 -7.048461 
0 
3 494 1224 1686 -68.263756 -47.922035 -54.436459 
4 206 330 723 1567 89.148513 -74.424636 49.921098 69.312370 
0 
3 1064 1077 1129 42.755820 30.391331 -70.570930 
0 
5 457 599 885 1101 1498 -63.835952 58.903849 -76.707192 22.852029 -63.244102 
2 357 1419 -10.248352 -47.714429 
4 22 1402 1419 1743 41.417331 58.802501 -8.338445 63.669278 
1 848 -93.342216 
1 502 -47.237733 
1 1482 18.247149 
1 1634 13.798641 
2 205 903 -84.907157 -7.668137 
2 364 864 64.311203 -95.635895 
1 853 48.437627 
0 
1 339 -57.893016 
2 63 1539 83.974756 20.508761 
2 153 1150 -15.372216 -14.429833 
1 240 66.819744 
2 171 829 30.817076 -88.102346 
2 1108 1529 57.950157 35.204717 
2 1008 1318 1.119415 -27.981615 
1 1635 53.232120 
2 246 1384 24.423182 30.691785 
2 635 1047 -11.770904 -89.568585 
0 
2 645 1381 -15.898700 78.247870 
1 1336 25.817590 
1 1318 -73.122712 
1 1551 -2.496733 
1 582 -83.417588 
1 1193 -14.645066 
0 
2 1285 1600 -70.644022 40.761101 
2 952 1507 77.302182 80.858396 
0 
2 1338 1521 45.936571 -80.029040 
1 1654 65.498771 
1 1384 43.574529 
0 
2 769 898 74.291653 74.725503 
3 551 572 635 2.055323 -94.598010 -62.008340 
4 811 909 1025 1329 91.409189 52.045349 -66.071806 -16.673477 
2 1074 1622 25.621043 4.547515 
1 1296 79.710590 
4 429 685 806 829 53.417340 52.185958 -70.564120 68.126364 
2 1077 1537 -77.114030 -92.189897 
0 
0 
3 227 389 1167 -69.144310 -85.978764 31.033233 
0 
0 
1 1477 -11.532048 
2 668 1304 82.504750 -15.423543 
1 1545 -29.828883 
2 1389 1740 -21.451632 -20.318697 
1 751 -65.412114 
2 1708 1747 93.284677 58.826328 
1 883 21.051349 
1 1020 -94.687641 
1 48 -39.224764 
2 94 1052 43.920610 52.601661 
3 229 722 1458 -98.545707 36.882686 78.267317 
2 576 1536 -52.555562 50.649156 
0 
2 272 286 -99.714805 -26.018974 
7 204 267 323 418 891 1044 1052 79.502499 3.645577 90.144535 -27.277817 52.845478 47.535004 -76.103995 
2 999 1680 -74.783777 47.719604 
3 317 870 1058 80.471587 -16.240248 -29.954413 
1 266 85.610751 
3 514 1085 1098 17.283094 -49.408320 -98.030011 
2 677 1070 64.981382 25.129030 
0 
2 23 1369 -75.053598 29.485828 
0 
0 
3 226 973 1340 -6.874067 12.070081 10.043296 
1 1065 -5.270080 
0 
1 1544 -5.789183 
0 
2 560 750 73.186600 3.016562 
2 302 832 47.139646 -82.562065 
0 
0 
1 1551 -20.648777 
1 620 74.958892 
1 353 -37.908236 
1 145 5.625280 
4 209 530 690 705 39.224716 -87.698324 4.586189 -0.661808 
2 1342 1375 -91.271217 -30.849363 
3 45 201 1487 -12.309202 -8.074602 -77.655646 
1 49 33.646658 
3 196 1451 1730 65.141686 -88.204992 78.718472 
2 325 624 -60.925432 33.251361 
3 783 1190 1568 -59.573973 -42.246043 -56.810670 
2 1039 1329 46.232734 15.000665 
1 1119 -20.247967 
4 171 201 840 1161 30.856788 80.741825 -93.131048 77.794698 
0 
2 604 1009 -0.485195 19.519890 
1 1620 71.158134 
3 340 754 1743 -79.887081 -84.571604 -65.491185 
1 136 -61.432529 
2 339 794 -33.421832 -82.199035 
5 9 489 529 918 1655 -5.963019 -98.021949 -54.862775 45.758375 92.933768 
2 670 1664 -24.026517 -12.575405 
1 956 10.673254 
1 193 -52.376985 
1 718 64.411502 
2 1523 1659 -18.131000 -85.065547 
2 340 603 73.748394 55.207221 
3 109 293 716 -21.844441 -98.356363 -94.746828 
1 880 43.506696 
1 789 17.584760 
3 1363 1633 1643 -59.214766 -22.812979 -39.838127 
1 1558 56.964247 
2 743 1559 -16.494493 71.653159 
1 790 14.899321 
2 1448 1739 -96.298277 -73.263233 
2 524 1052 53.522688 -0.654555 
2 1395 1721 -45.588036 -98.194582 
2 537 1030 19.286373 -49.047771 
3 176 558 811 -33.657974 52.597008 94.054251 
4 821 1326 1336 1358 -7.914158 88.957111 -19.253855 -62.840076 
2 348 1601 1.891372 10.547238 
1 172 -82.337123 
1 1648 -12.085369 
3 284 670 1723 20.133525 94.597021 -64.092471 
0 
1 1039 51.776306 
4 384 709 1355 1590 -69.430143 -29.855825 -98.473751 86.318823 
3 515 748 1446 -65.838163 -84.228715 23.221480 
1 169 60.163298 
1 1268 -3.986688 
3 12 572 747 24.968097 35.090183 -4.063662 
2 426 1548 24.524938 38.195507 
0 
3 599 1615 1711 -80.597539 -60.857707 -18.823626 
0 
0 
1 1552 98.614042 
0 
2 50 741 52.411235 20.500255 
2 754 1093 13.806443 -1.954045 
0 
2 283 1401 -88.392265 -72.748126 
1 1148 42.112050 
2 363 1245 -25.278496 -78.227439 
0 
4 41 238 1128 1268 -31.807894 -66.407547 -26.057890 -39.218355 
2 123 851 86.407658 -45.823587 
1 760 44.158983 
3 573 1422 1526 7.158205 95.455451 81.467362 
1 625 9.442417 
4 356 385 857 1423 35.390777 -40.577033 40.620421 -69.135442 
0 
3 315 602 1331 59.355965 1.750297 -14.746546 
4 336 424 636 1200 30.211854 -35.826164 8.797820 -97.592320 
1 1149 -37.981334 
1 380 -97.608448 
2 328 1627 -24.873423 92.205872 
3 268 533 1446 46.690443 59.442929 34.968692 
3 645 1345 1494 92.943751 -5.666084 -16.113892 
2 150 569 0.136999 -67.593909 
3 800 1199 1316 72.068139 -85.457167 -78.585723 
2 101 761 22.375537 -48.588118 
3 130 407 1238 37.577702 75.012335 90.071123 
3 125 303 1547 -43.440680 82.132392 50.750312 
1 1083 -80.868168 
1 173 46.773532 
2 563 1045 -32.645164 56.475782 
2 310 378 14.045868 -41.784415 
0 
1 1074 56.913904 
3 390 795 1257 51.120394 -54.025533 -73.089479 
1 807 -63.788958 
1 1252 76.367947 
2 836 1183 -39.975366 87.890921 
1 463 -30.367264 
2 1469 1573 82.416520 -50.118965 
1 790 -18.653989 
2 1108 1676 0.515122 48.718252 
2 218 1283 94.611092 -36.521622 
2 561 1061 -1.117663 74.323285 
0 
1 1051 56.013692 
1 1231 -86.035381 
1 1460 5.028138 
2 1208 1594 51.498977 93.414015 
4 73 91 992 1619 89.210413 -49.925537 1.100006 84.979775 
1 1578 -76.788736 
2 39 772 -65.738392 26.792442 
1 415 63.851676 
3 352 461 635 -0.843247 68.299111 -67.232894 
1 503 -52.402295 
2 585 1027 13.627679 7.602408 
3 590 1248 1337 70.075888 -22.102790 8.864685 
0 
2 840 1659 -56.519136 29.975424 
1 1312 -72.165612 
0 
0 
2 1069 1228 -88.048830 -4.963406 
1 185 -65.652451 
3 34 561 566 -12.145342 39.866509 28.546583 
1 66 -47.511537 
3 267 519 1427 -91.613073 95.208001 -71.562760 
1 1269 -55.102779 
2 861 1650 -26.448862 76.172909 
1 740 -0.597758 
1 1613 -89.418890 
1 1054 -32.903351 
1 1320 87.712018 
2 110 1454 -19.072524 93.324922 
0 
1 1314 -86.688231 
3 59 320 1435 -46.532739 2.130710 -50.750365 
0 
3 571 1349 1622 -90.648181 -45.871363 -29.027468 
2 427 1749 -47.747127 -17.955165 
0 
1 28 27.399753 
3 689 1195 1204 1.259928 -99.012519 67.152658 
2 746 1154 76.361003 -87.026608 
4 558 1025 1374 1739 36.598915 91.774219 -87.327897 17.149454 
2 709 931 32.258581 -8.371654 
1 1422 -4.282561 
2 1354 1669 -23.421438 88.691010 
2 385 1035 2.436747 92.507464 
0 
0 
1 835 28.385928 
0 
4 229 641 1058 1397 98.807307 -46.935944 28.615331 -26.792499 
3 931 1411 1459 -74.538936 -22.281615 51.587237 
1 789 -92.363258 
3 406 587 1076 73.292560 -4.654188 -80.032894 
2 422 809 -77.551080 74.789044 
2 111 794 -43.772439 -7.788164 
3 428 1432 1641 -87.166696 -36.242354 97.147764 
5 633 732 1154 1585 1673 -31.191459 -31.981979 -79.758156 3.525079 16.977214 
3 857 1026 1483 -59.763677 60.615512 -23.662680 
1 821 83.113036 
0 
4 699 972 1415 1593 -58.729215 -97.822779 38.546464 96.055082 
1 954 -88.712258 
5 15 74 810 1233 1546 -92.984732 -54.449587 23.027729 -2.948142 -37.360355 
4 89 1235 1253 1330 -30.081868 39.622701 -27.648902 -65.567257 
4 542 687 1443 1638 -37.521741 23.855459 -22.573913 -36.664772 
1 1264 22.753570 
0 
1 329 38.640273 
1 819 10.878845 
0 
2 417 839 60.632249 -83.281011 
3 34 699 767 -86.471048 -31.725795 -89.718754 
1 62 -42.504475 
0 
2 183 317 85.997787 -24.465643 
1 1366 61.127283 
2 35 807 -22.136375 -91.395549 
1 639 -2.703735 
3 9 167 684 57.258317 50.886194 -38.029771 
4 273 442 1195 1701 1.997909 -90.519000 -30.025259 -49.796946 
1 548 3.190421 
1 594 18.375957 
1 134 59.835181 
3 111 604 1281 -1.482686 -38.859712 69.017449 
1 1416 50.927483 
0 
1 192 55.889738 
2 945 1586 54.059200 66.563387 
2 924 1739 76.532509 16.851141 
3 55 1043 1649 72.602839 32.291774 -63.925386 
2 1264 1314 8.589715 62.179752 
2 503 884 59.686448 -87.510503 
0 
1 698 87.036759 
3 554 566 970 44.109176 -18.945126 -98.219776 
1 385 11.222722 
2 356 1345 49.163449 89.374918 
2 425 1013 59.338588 92.441777 
2 619 779 66.502577 33.261598 
1 1495 63.097459 
1 265 27.449588 
1 492 -60.905476 
2 7 1283 81.807617 -77.065690 
1 475 88.840776 
2 48 611 -77.576534 -70.316875 
3 604 1415 1608 37.186502 -87.677857 67.659647 
3 855 925 1435 -0.171468 17.502239 -88.078042 
1 340 -88.692402 
2 291 390 58.408581 -75.143369 
1 1569 -3.366499 
2 155 557 -6.480704 32.335103 
2 60 596 -18.314290 6.836030 
2 306 1628 44.208641 -8.558921 
0 
1 859 16.360443 
4 272 1071 1513 1624 84.700152 20.793314 94.195907 14.750599 
4 290 575 1398 1703 94.273883 87.994524 -50.264248 80.051040 
2 85 872 -3.043234 -45.378585 
0 
1 1216 21.513360 
0 
2 377 1645 -99.671965 83.585406 
2 1211 1727 -40.128947 22.897358 
1 675 -41.074000 
3 139 746 1308 -17.570298 85.869606 3.149963 
1 1411 -61.721228 
4 6 111 782 841 -95.668950 -71.240455 39.198322 83.710949 
1 272 -94.688213 
2 221 559 -65.478929 29.394304 
2 45 209 72.704988 60.472977 
0 
2 325 1385 48.574460 -48.853513 
2 442 917 61.979195 21.947424 
1 1497 67.182904 
2 1438 1492 62.329616 -92.227252 
1 1521 25.744677 
0 
4 602 767 1026 1485 -2.803869 -2.883829 -64.632311 -28.918642 
2 1433 1622 53.198244 -39.363975 
1 454 -58.006492 
1 407 61.176822 
2 969 1536 -43.013232 -77.311548 
5 393 617 705 1326 1435 28.727118 -43.805979 40.285824 37.325702 43.514395 
2 504 1532 -70.916939 -14.154445 
2 455 942 -56.725912 -43.839629 
2 985 1039 45.089196 -97.717679 
1 804 96.155743 
4 354 673 1088 1490 -4.555711 31.468421 -13.241910 -40.605920 
1 1160 -30.796907 
2 295 1542 -15.038107 54.176425 
0 
1 488 -59.717798 
5 33 623 820 1014 1390 -67.860688 20.512931 -96.389411 -21.070466 -19.925922 
0 
5 169 841 1619 1729 1747 91.881731 -83.275258 78.764132 -60.997685 59.014844 
0 
0 
0 
0 
2 87 1712 -28.141900 -94.826924 
3 251 553 623 72.852325 69.579561 -94.385600 
1 889 85.797160 
3 872 1343 1455 -70.118137 -80.515910 -58.929243 
0 
0 
0 
1 330 -88.149683 
5 656 979 1083 1616 1684 -86.976183 74.018305 53.873487 -36.395491 27.997900 
1 1170 58.426049 
2 817 1678 -41.937657 71.858354 
0 
1 59 43.758784 
2 699 1311 -44.191332 -65.955389 
4 14 522 807 1183 77.701390 -25.907373 89.456893 77.745709 
2 158 825 94.386176 82.843840 
0 
2 194 542 -22.086756 14.584664 
2 913 964 44.265768 64.206474 
2 502 1624 76.837020 -37.975218 
1 1065 26.693396 
0 
2 497 805 41.878747 -69.471960 
2 670 879 7.715226 98.341707 
0 
1 1485 90.490147 
2 554 1461 -65.217201 -71.057347 
0 
3 243 825 1517 -78.839676 77.074129 11.153909 
5 244 726 1025 1036 1168 -66.010486 48.488998 92.479495 49.895044 -15.083074 
5 40 443 502 999 1718 73.506757 -6.373321 -61.078440 -38.786956 -60.375392 
2 177 417 -92.349712 28.719775 
2 128 272 -41.008464 -17.558465 
2 442 472 2.189899 -72.847571 
1 1597 -25.376967 
1 436 66.701305 
1 1339 2.545489 
0 
1 1502 19.199130 
0 
3 215 1312 1319 62.065722 -83.725134 -35.561797 
3 612 818 1315 -88.782079 93.526288 -18.431790 
2 452 1671 65.084386 -62.288657 
0 
2 1214 1606 41.083242 -43.650531 
1 1723 -13.620839 
4 902 1113 1223 1546 -62.337102 -18.498943 12.904966 -53.751463 
1 902 -23.502797 
4 243 1029 1059 1496 42.676687 48.836931 46.240140 -48.741852 
0 
2 1022 1256 16.101518 76.768501 
0 
2 209 946 7.235718 -93.990904 
3 516 626 1625 -66.010689 65.653228 41.496859 
2 90 556 -34.967933 49.263422 
4 286 507 882 1027 14.923274 34.692204 89.496179 77.987975 
2 460 556 -44.709303 56.366453 
2 97 142 74.344331 -61.557719 
3 236 1580 1669 -43.083515 44.708324 4.825680 
0 
4 477 1038 1216 1287 -31.615454 -92.741290 58.598713 51.671955 
6 272 391 523 576 1529 1580 9.742901 -68.089909 -59.917045 -21.701813 -69.953481 82.493113 
0 
7 86 182 251 304 399 1047 1619 47.584617 -78.648023 -85.749760 -51.176379 44.159654 -1.514518 47.162961 
2 8 1379 -19.188930 -60.457508 
1 16 59.705716 
0 
2 281 1309 -35.120937 50.660036 
1 1410 72.295792 
4 173 261 598 683 16.314100 1.294265 -81.552207 -7.985801 
1 690 -70.345136 
5 526 644 797 1366 1722 7.063558 -36.823010 -44.691098 -71.757223 -78.552881 
1 1124 39.603674 
1 1071 24.989582 
1 664 -95.658505 
3 121 409 1542 -41.873107 6.104229 -65.906626 
2 652 1286 -27.850896 49.602876 
0 
1 1150 -93.318811 
3 303 1143 1156 -64.167123 -25.007498 99.628429 
2 663 797 50.811395 51.630395 
5 97 551 716 1358 1711 -46.895819 20.331345 86.348528 90.044571 81.592436 
3 280 967 1749 -58.852825 72.701507 50.677468 
0 
1 1512 -14.730440 
1 797 31.766314 
5 453 588 835 1110 1247 60.806679 -19.856835 -22.690072 48.899062 -82.404621 
2 114 651 63.933832 -46.855326 
2 1427 1613 -72.480540 74.595254 
2 187 386 97.949883 -21.181077 
3 485 1118 1549 -70.662302 67.856777 55.770625 
1 627 29.941499 
0 
2 629 808 32.707143 -34.315175 
0 
1 1520 -57.787317 
1 4 81.587423 
0 
1 588 -68.934402 
0 
1 1049 87.665519 
3 491 568 681 -35.322469 96.157055 -49.239702 
0 
1 252 -88.559763 
3 277 355 571 56.791033 75.227529 -23.761746 
2 701 1107 -20.515927 -78.585995 
2 775 1737 49.481142 -82.265731 
4 151 848 910 1189 -73.492835 -23.143579 87.469937 15.155181 
4 493 653 829 1700 -91.436834 -4.278053 60.314720 -25.713260 
0 
2 902 1312 -22.213758 -94.790603 
3 486 1058 1242 -6.924796 53.829474 -75.786498 
1 296 79.968664 
1 184 24.614698 
5 187 279 934 1003 1276 -3.493092 77.890904 -36.069563 55.927858 -53.717831 
3 377 972 1489 -30.211515 99.552911 61.813774 
3 370 800 1260 -11.091859 96.737081 -58.066549 
3 695 1146 1190 84.074754 5.325168 1.159330 
1 473 -7.573160 
1 704 -54.564434 
1 1412 17.610545 
4 458 938 1164 1176 -75.188873 67.948567 -67.604402 98.734607 
0 
0 
1 1481 -93.032228 
2 1044 1687 13.003998 43.459636 
0 
4 185 1312 1589 1655 16.280139 80.800916 97.681886 82.936256 
0 
0 
4 543 840 973 1203 71.150066 59.229755 3.373700 69.017422 
2 1 322 -14.109195 -26.560883 
0 
2 719 1294 15.741667 58.699833 
1 761 97.804014 
1 659 -51.660478 
1 1059 64.392266 
1 646 33.050883 
1 998 71.547021 
2 385 1037 77.689833 74.542628 
0 
2 750 1163 -56.101134 -52.080823 
2 1102 1399 -40.487031 -52.278752 
1 1420 79.207297 
3 80 1076 1691 -36.753573 -44.980472 -4.923796 
2 712 1710 62.637300 52.077352 
1 1499 -75.687831 
1 1635 -86.046436 
1 1460 29.221047 
3 305 594 674 -43.767041 58.835684 -49.065708 
1 764 -41.877438 
1 26 23.652417 
2 275 1413 -61.042966 45.187077 
0 
2 383 752 -61.042767 -42.546840 
0 
1 390 89.310618 
0 
1 11 -85.053539 
4 96 138 958 1454 65.280950 18.147014 73.134633 81.224780 
2 1010 1626 -6.480497 60.363876 
0 
1 1546 42.437535 
1 1403 96.688440 
3 111 161 953 14.227605 82.492949 10.847337 
3 89 1008 1148 -63.504481 -76.666229 95.011900 
3 180 371 1491 6.692321 18.004340 -35.478576 
1 975 -38.121548 
3 242 1043 1694 88.523428 -0.339162 -61.606661 
4 232 726 1156 1693 4.544278 64.891481 31.110020 -32.633043 
3 619 1280 1383 -33.321888 62.278520 -88.165938 
3 216 775 874 57.527486 45.184101 -61.696739 
1 1649 18.187942 
1 326 -75.203238 
3 315 1343 1428 -55.115353 84.956849 71.051059 
1 712 12.099754 
1 772 -4.434926 
4 1011 1273 1504 1714 66.872168 27.233182 -68.871947 -10.217044 
0 
4 254 902 1232 1393 25.162207 -68.231747 -23.132783 -76.059315 
2 756 802 -96.109442 -13.833237 
1 577 -47.434270 
1 648 71.744311 
2 471 1032 -12.856728 56.217366 
0 
1 159 -88.731027 
3 467 1081 1699 -91.051400 -14.584505 79.393626 
0 
3 7 248 1289 85.693147 78.284354 -42.699525 
4 164 315 543 1456 -62.234143 -16.326173 86.426449 72.101379 
0 
2 1104 1710 7.523753 -52.129005 
1 1725 -10.381493 
1 831 -13.201619 
5 41 469 1000 1105 1741 79.061758 7.209829 30.105247 4.994287 -30.894193 
1 1557 38.736003 
1 1074 48.471981 
3 934 1358 1468 -96.008448 91.669402 -53.066409 
0 
0 
2 244 1717 -86.362518 -1.231803 
1 204 90.000408 
1 386 90.330229 
2 976 1369 36.806675 95.529214 
3 961 1474 1609 95.710567 -68.956286 86.967855 
1 881 12.716523 
2 1391 1660 63.886509 90.569318 
2 330 1608 -63.220475 -32.481174 
3 241 1373 1725 -81.937537 -72.877919 95.014661 
3 636 675 1706 30.364607 80.657867 33.596892 
0 
3 694 701 749 73.783535 29.848232 32.073910 
1 185 76.504318 
1 965 -0.933959 
2 1220 1673 -75.687799 -26.249252 
1 1615 4.179779 
0 
1 578 36.170845 
1 1212 47.196487 
1 126 -26.890605 
2 1715 1730 57.707050 -19.001145 
1 1575 -4.876286 
0 
3 365 476 1431 50.896494 -6.238721 -21.768466 
1 1311 -15.374995 
1 1084 -4.331013 
2 472 567 38.477511 -28.564454 
1 542 -86.510455 
2 3 337 -51.471083 -20.924623 
1 364 -16.208758 
1 562 -54.418481 
2 180 1534 -52.741412 -47.272914 
1 930 49.094519 
7 233 368 490 696 843 925 1686 -55.206512 -44.470609 -55.956775 82.237275 -92.527473 -74.910769 -17.019601 
2 1493 1652 -42.635994 -41.747547 
4 106 177 1015 1291 86.493948 -75.322683 64.949634 -91.072026 
1 1383 31.269457 
2 692 1372 14.265150 -86.742676 
2 580 1199 -98.266904 -42.575279 
3 357 1126 1187 -31.767404 -83.943342 9.377222 
0 
0 
2 65 1558 -44.664725 -68.080886 
1 1039 -69.701420 
1 1173 46.789363 
0 
2 340 1273 64.387357 98.745915 
1 1439 -75.336044 
0 
1 130 -57.403245 
2 692 1556 83.485109 -6.625327 
2 148 1435 -26.480596 -35.503475 
1 671 95.987216 
2 238 1008 -23.650477 -96.737265 
2 114 1167 65.915179 13.293929 
0 
2 438 1648 14.466378 -29.606176 
3 624 990 1412 19.255055 -15.421346 45.250685 
1 138 -81.737523 
2 63 807 -35.960331 20.966168 
1 1297 91.852604 
1 799 16.690584 
3 79 352 1645 -60.264864 -36.808254 21.480383 
1 472 83.942357 
3 284 346 1381 69.705577 -20.171565 -1.420129 
3 490 1324 1568 18.674012 27.286426 13.376114 
2 962 1090 -22.410121 -91.742435 
2 197 1161 47.520868 -80.877462 
2 568 1009 37.389121 -66.532285 
0 
2 8 912 -14.861550 -54.466633 
0 
2 732 1224 -96.290963 -29.585203 
1 942 8.759914 
2 804 1644 -84.756296 38.387991 
0 
1 1114 -11.501295 
1 1428 -5.987862 
1 319 50.905605 
1 425 -43.340858 
2 713 1604 39.224390 95.928309 
3 485 1216 1593 19.515423 -66.866139 -25.340958 
3 169 360 412 -27.694985 -55.689097 -31.793608 
4 1155 1312 1329 1722 98.601717 84.220568 39.097398 72.561315 
1 214 55.195160 
2 120 1183 53.711079 64.420586 
1 1528 16.134314 
1 720 -63.510672 
2 28 193 23.430863 17.656726 
0 
1 292 -25.236351 
1 138 0.040581 
1 666 14.988682 
2 535 1645 12.862297 69.384807 
2 552 724 -95.586271 -59.442810 
1 695 96.314127 
0 
3 646 923 1348 -99.746817 5.533615 32.332485 
1 217 19.089829 
3 92 329 522 3.157756 81.625130 1.292236 
1 1576 -85.711584 
0 
2 368 816 93.293749 7.828645 
1 733 -20.863064 
5 178 238 272 405 1613 76.749485 14.569574 -7.038433 -15.484021 75.595520 
2 258 1079 29.181360 -66.933448 
1 698 59.379117 
0 
0 
2 809 910 -83.392826 -5.874266 
4 740 1161 1481 1708 -44.020570 -79.248741 81.587470 -78.451927 
1 495 -60.728885 
1 423 64.987000 
0 
4 455 1111 1173 1593 0.548779 -37.612098 49.959889 -20.146805 
1 898 62.153033 
0 
0 
4 1164 1185 1589 1645 -56.421458 -19.210022 76.431292 23.933562 
4 1401 1409 1462 1613 -2.297046 -67.588391 -97.552722 -71.666269 
0 
4 161 271 1235 1605 47.456822 -13.696549 -84.162844 35.727843 
2 208 918 -75.143857 72.117639 
4 395 884 948 1087 -2.789270 -62.212507 42.271206 -83.031590 
1 1691 -65.697774 
3 507 1227 1584 43.208264 31.815205 -24.227756 
3 1101 1103 1399 -33.414318 -13.868801 88.031481 
2 53 814 -70.261159 85.852089 
3 108 646 1008 -51.129169 1.744331 -12.327779 
3 155 1048 1171 -33.351880 82.125234 7.559334 
1 1328 -34.507852 
0 
2 729 1317 16.058461 88.732288 
1 1747 68.119567 
0 
4 502 880 1156 1366 -37.902319 -91.248336 17.374084 68.207625 
3 59 155 222 -58.726076 -2.487837 34.564812 
2 344 1524 -86.146895 6.091594 
1 1689 38.771379 
1 1735 84.912738 
3 388 411 714 34.270820 1.136444 62.755736 
2 925 1473 98.686955 37.885036 
3 670 1254 1527 43.788437 -53.337850 77.462133 
3 2 216 1129 42.153254 33.904811 -11.425639 
1 1541 -66.213046 
1 1724 -67.999904 
1 1326 -1.831695 
4 890 922 1001 1490 -5.861839 -91.506660 -67.160945 92.762428 
2 1207 1593 -75.983343 -20.797574 
0 
1 169 4.083258 
2 452 473 -4.373733 46.008980 
3 231 807 1151 42.779664 88.057185 77.002285 
6 126 786 792 952 985 1347 51.829549 -26.710806 3.359686 97.303672 1.767906 1.314713 
0 
2 668 1580 -21.869071 95.822249 
0 
2 156 896 -16.902062 33.168808 
1 1458 31.473201 
1 1536 -17.290682 
1 1370 72.825154 
0 
5 254 552 849 1015 1746 -18.200318 -23.432178 83.812021 0.926391 -3.128490 
1 1099 -10.786463 
1 10 83.339741 
0 
1 1247 60.647388 
1 1068 -75.978948 
2 856 1606 77.675961 53.075735 
0 
3 516 982 1152 52.566665 -55.244721 18.505077 
1 862 -43.591940 
2 753 1002 35.678151 57.440087 
0 
2 421 1384 -98.447813 44.253162 
5 839 1046 1071 1521 1630 -19.080019 69.920543 48.385355 19.335649 61.174071 
1 259 -42.012058 
3 117 215 1209 -74.286068 -45.159317 -71.611122 
1 104 -89.129947 
2 424 1122 34.316984 -43.256400 
0 
2 12 1736 18.060599 44.388313 
2 435 473 -98.869722 -44.066195 
0 
3 181 1021 1501 73.445346 80.125250 4.854576 
3 445 526 1441 -22.685904 79.085978 25.220046 
2 506 1427 -62.918050 -55.213931 
1 224 80.977472 
1 1657 -57.847027 
2 181 688 13.666681 -5.440920 
2 1334 1708 18.261296 -89.241483 
2 972 1478 51.944170 99.687093 
1 133 -31.218077 
2 29 1047 83.006784 -24.854055 
2 525 586 -99.593512 -19.948922 
0 
6 100 499 574 1042 1198 1712 -94.217213 -94.090096 57.140286 -4.235106 90.135933 74.767297 
6 100 222 764 837 906 1440 56.063108 -44.741929 57.381634 10.651111 74.461543 -31.282558 
0 
2 272 537 91.422395 35.952370 
3 382 1061 1662 86.077746 -52.967293 19.157162 
0 
4 349 412 1185 1270 -86.070314 1.797205 -41.555497 -96.936197 
1 193 -19.844833 
0 
2 359 1333 1.440816 -22.564794 
2 383 474 95.761256 89.514873 
0 
2 349 735 35.699885 -9.359263 
0 
2 393 429 -98.185961 62.284777 
5 358 1199 1380 1678 1743 -48.351205 38.061972 57.055001 -77.718541 67.476426 
4 244 1074 1112 1520 -96.055072 -78.515641 -35.437767 24.784664 
0 
3 210 739 1315 -12.155857 -72.533166 -0.758804 
5 356 847 1290 1452 1495 91.242218 -19.583894 -46.122555 54.311283 -41.518519 
2 344 530 -14.439053 72.993909 
3 322 396 834 -37.456064 -83.906164 76.190594 
3 346 846 1460 -9.878877 17.562128 22.507391 
4 80 193 1126 1212 22.120082 11.428261 -35.184723 -40.694099 
2 36 877 2.260710 -68.781580 
1 711 28.248496 
3 43 414 1146 80.307596 -18.883744 -58.216241 
2 117 257 48.558483 24.160623 
0 
4 62 138 1124 1632 -36.332451 50.317866 -83.014157 -67.498712 
2 484 1060 -57.199796 47.702110 
2 45 542 -75.139676 82.650548 
0 
1 1313 54.605965 
2 1282 1654 -19.448737 72.765637 
0 
3 54 87 1019 -78.282630 26.823793 58.450211 
2 651 768 66.754206 29.900922 
2 1431 1439 76.340262 -66.191939 
0 
3 28 551 1672 -92.734843 51.884187 -27.760228 
4 504 544 710 892 -20.912455 -98.765592 36.982512 98.197568 
0 
1 1254 83.900373 
2 983 1304 -43.495401 -80.063704 
0 
3 1044 1135 1470 -6.042088 -45.359122 -56.340707 
2 1283 1393 -12.606481 -8.443900 
3 330 946 1404 -67.539964 -71.971356 -70.687943 
3 497 630 839 -15.469736 99.603801 -21.043668 
2 387 771 78.430010 11.708757 
4 182 448 742 1303 91.237448 50.577705 -28.291160 59.597807 
2 1165 1636 -75.486431 -79.619906 
0 
2 554 683 1.286860 54.054149 
1 564 24.088217 
0 
1 1250 15.878407 
1 1733 -43.928567 
2 1445 1537 41.555378 -50.193456 
1 1399 97.432494 
3 477 1178 1288 -27.606540 -9.329448 -89.213893 
1 625 -6.470488 
2 475 983 -84.124340 -50.074430 
1 1219 27.810637 
1 332 -1.045700 
2 320 1342 55.134455 -50.735562 
0 
1 1167 9.454100 
1 527 -81.144547 
1 1167 -39.607629 
2 176 1499 72.535095 73.966675 
0 
3 943 969 1338 87.201096 -86.382712 -4.818765 
2 187 1717 39.344607 -68.755485 
3 1039 1310 1321 65.365353 84.641109 -44.706949 
2 55 581 -49.597564 -5.621124 
1 438 -76.755627 
1 1228 -69.020127 
3 535 1132 1416 -97.184393 70.476079 84.584974 
2 356 428 -80.599016 -62.660209 
0 
1 464 -43.481382 
2 847 1694 -58.014860 67.647827 
2 771 1456 -29.212190 -87.920420 
4 798 926 1260 1272 -47.021552 -11.655374 17.585151 52.264630 
0 
0 
4 441 464 502 1576 88.445654 98.558431 89.204545 -78.659450 
4 91 686 1107 1514 -51.295490 73.581852 -65.984127 -6.541715 
2 602 1376 -59.092330 3.560966 
0 
2 253 761 80.776524 1.606092 
1 910 -17.298286 
5 30 1311 1360 1577 1662 85.851708 35.975372 -31.691468 -53.277149 95.713751 
4 125 231 1545 1648 26.555018 27.524703 49.284646 -29.503913 
3 445 490 958 -91.379732 89.754491 19.620249 
4 151 346 908 987 27.560958 -9.066574 -32.297949 -26.589692 
1 1180 -77.679470 
3 945 1088 1093 -23.758097 63.270623 43.228426 
2 1540 1551 -56.527028 48.089134 
1 824 -85.073955 
5 216 636 1377 1619 1720 98.920362 25.169587 -69.665339 8.963659 31.959741 
0 
1 932 21.002875 
2 472 1248 67.701442 64.553548 
1 928 -24.492948 
4 277 392 856 942 -92.593482 52.843068 -55.049333 50.033361 
4 349 1384 1527 1547 -67.808530 -11.205486 21.546514 66.864859 
1 4 -5.280063 
1 1503 -40.172600 
1 1448 -51.458361 
0 
1 248 -99.553354 
2 138 1140 -32.120995 92.426714 
1 525 -65.617319 
2 712 1602 89.452603 71.829325 
4 333 1124 1474 1738 69.816202 15.565030 -48.211130 -98.457972 
3 762 1210 1545 -83.550997 99.830182 47.213678 
2 58 1086 42.617299 37.232297 
0 
0 
0 
1 104 9.647841 
4 789 818 999 1614 -68.703396 0.703156 -76.777173 22.778860 
0 
3 1040 1337 1516 -66.674948 19.587064 47.235188 
0 
1 431 -53.765898 
2 166 277 46.552784 21.196911 
1 804 7.672033 
3 0 399 1342 54.833996 -79.960154 -40.232999 
2 1177 1727 -86.883694 68.164710 
1 1722 31.043924 
3 96 1125 1238 -0.623536 -21.583590 59.928810 
1 800 56.601103 
3 86 630 1070 -57.534274 19.196580 29.541834 
3 523 1718 1724 6.618304 -56.746539 -41.077933 
2 197 1415 -64.402676 65.330023 
0 
3 534 899 1444 -98.742111 72.932319 -90.370349 
1 1359 89.449883 
4 23 519 867 1382 -33.547084 -79.971978 -8.048457 -45.374729 
1 1283 3.970386 
1 22 -32.771593 
2 733 909 -61.473478 30.224696 
0 
1 968 -58.150841 
5 567 799 910 1170 1584 77.134724 -48.976202 38.974739 -18.605899 24.127276 
3 88 1557 1628 62.198147 94.803328 -48.017697 
3 313 761 1210 -80.553557 77.152813 -99.341784 
2 1555 1676 88.279988 39.514323 
3 132 191 1539 92.863968 25.140070 34.153336 
2 627 1538 -0.716375 62.104994 
2 985 1686 -35.043049 -49.466109 
1 945 -45.371962 
2 449 745 72.044665 -3.936956 
3 210 830 1010 75.107254 77.127396 -91.100398 
0 
2 51 1218 -70.696821 31.242620 
0 
5 368 555 1478 1680 1731 84.916011 -35.751242 24.839450 79.502155 73.060405 
0 
0 
2 575 1241 -20.004577 -49.101252 
2 439 750 -21.806359 31.212340 
1 441 -29.202535 
2 1273 1586 -3.306447 96.096261 
5 87 1037 1091 1141 1579 22.680724 -11.220927 -68.188278 -10.898194 -19.169248 
3 228 242 365 -46.997400 -21.383081 64.528437 
1 929 -47.871626 
2 1012 1496 90.746189 20.839008 
0 
1 937 -74.867356 
4 297 933 972 1534 6.826511 94.405184 -42.761787 -0.188218 
4 66 393 562 940 -96.951082 -70.444635 -52.446741 7.398024 
1 1566 10.714044 
1 1498 41.069241 
2 679 1357 81.374853 -97.956012 
2 1023 1106 -33.715868 23.683100 
0 
2 208 1517 1.261482 -53.757031 
3 86 1361 1516 99.017553 68.174051 69.311929 
3 298 857 1240 -92.309925 68.187651 -22.463801 
1 1462 -74.433789 
2 419 1133 -40.106705 -45.295138 
1 954 -0.837676 
1 462 -69.599244 
0 
2 285 361 91.934299 37.005742 
4 263 357 498 538 -93.551611 18.292363 56.866961 19.504726 
2 590 1113 77.550382 0.124408 
2 416 428 -83.685730 -25.285644 
2 713 1635 24.386760 80.600547 
4 435 578 797 1081 -91.632039 31.011098 -91.269153 -28.604820 
1 1108 -44.317629 
2 447 586 -59.417212 -73.714917 
4 611 654 748 1747 19.417486 -95.436710 67.427915 -5.621171 
1 1654 -41.560403 
1 964 94.185009 
2 114 1253 -68.747585 -44.707282 
1 845 26.732121 
2 969 1321 -0.113938 86.567235 
2 559 1307 15.450653 6.000342 
1 809 8.051686 
1 1130 51.497003 
2 339 652 18.788369 -75.178787 
4 627 1282 1462 1624 28.821066 -39.167544 -14.368769 14.515135 
2 976 1611 -82.873782 13.876907 
0 
2 1184 1474 8.083054 -64.942782 
1 475 80.872820 
4 977 1234 1261 1475 -18.355797 11.140322 -77.841007 -5.120761 
1 1163 89.216821 
1 151 -18.266060 
0 
1 1302 -54.518929 
3 991 1105 1220 -85.638722 44.205267 17.834876 
0 
2 18 1342 -31.406697 -55.259763 
0 
2 700 1668 -56.150023 -90.632001 
0 
2 104 469 -59.709451 39.719884 
0 
0 
2 617 1633 50.563846 7.417612 
3 10 14 1668 -52.462521 4.498434 -45.562212 
2 735 1531 -52.189373 24.524190 
3 473 784 1325 -31.261654 -94.648126 48.911973 
0 
1 761 -79.412296 
0 
2 62 1145 -67.961128 -69.282395 
5 430 662 967 1043 1410 -80.240279 -44.555132 26.575026 -42.163050 -64.535228 
6 300 443 581 606 1623 1701 -37.332691 65.062387 -46.061158 63.580134 81.316004 47.245807 
3 294 358 1506 -19.575915 -16.784876 19.486072 
0 
2 485 1166 85.188916 39.421572 
2 113 1184 13.185306 32.742797 
2 547 1449 -54.495883 54.770035 
1 98 31.465648 
3 168 797 1321 79.043766 15.612706 -93.942775 
0 
4 62 456 1069 1496 59.774701 58.855108 -5.853197 -80.950674 
3 86 988 1492 -75.365489 70.112186 -81.505083 
1 160 44.160179 
2 130 739 -87.766273 17.745185 
1 31 -43.980458 
2 433 1620 60.777403 -89.366907 
8 70 237 465 587 899 1136 1317 1632 -38.481935 46.118120 87.255044 95.790694 13.059459 83.886442 -33.582255 61.449556 
1 1066 -48.323618 
4 349 1069 1596 1696 -29.313203 -8.442914 -34.693023 -67.872434 
1 1612 94.731909 
2 277 989 -70.212671 74.301233 
1 390 9.520460 
2 470 761 -29.957120 13.777595 
0 
1 486 62.855401 
3 359 1119 1273 -80.952540 49.068746 16.233208 
2 179 875 28.746745 -8.553862 
3 964 1101 1229 77.043025 -29.050774 -80.981415 
3 625 1214 1733 -74.248564 52.069813 92.652799 
2 221 988 -6.408193 -83.404350 
1 1637 81.994284 
1 1259 -66.007915 
1 1726 -25.637829 
4 158 648 964 1368 7.929241 -72.467529 62.414286 -48.734006 
1 518 -29.090701 
0 
3 518 1037 1333 -66.062819 48.538762 -71.499319 
2 674 1622 23.135818 91.648001 
0 
2 840 1457 98.283110 43.249366 
1 1404 -46.952941 
3 215 1184 1419 11.480700 65.926780 31.773926 
1 1413 20.989357 
3 54 494 1493 -82.742336 74.229816 7.326084 
2 336 1212 -72.962930 22.309300 
1 999 -51.867809 
2 33 543 37.132659 98.507538 
2 122 1612 82.140428 52.078067 
3 61 78 1230 98.553304 28.192240 47.816240 
2 257 1051 -27.267401 -79.605757 
2 369 634 78.229657 1.598269 
1 785 42.519612 
3 80 1356 1597 -2.603979 62.933652 -37.449939 
1 113 81.686672 
3 805 910 1130 -34.657407 11.496363 56.684673 
2 405 689 -39.198489 63.745210 
1 175 63.245024 
1 1423 -52.939469 
0 
1 792 8.537883 
1 721 -77.022789 
2 1231 1592 -11.405162 -42.539797 
4 520 560 565 672 80.958193 58.785087 48.359207 -51.331142 
1 639 -10.023188 
3 299 915 1165 72.987918 71.188304 -99.988896 
0 
0 
2 154 1694 60.867167 94.472319 
2 896 928 -44.236763 68.236582 
2 805 1311 -70.889254 34.036693 
2 1052 1383 -35.727637 -26.834479 
1 127 -20.073172 
2 611 1033 -47.046846 -55.764682 
4 1131 1317 1500 1646 -2.182729 -32.442385 80.957517 87.362852 
0 
4 994 1155 1481 1502 -51.209226 81.324329 64.496891 -47.611757 
3 252 652 1708 16.497136 55.535296 88.592068 
1 1482 -4.558362 
1 734 80.006817 
0 
1 120 47.385555 
1 578 -26.328567 
1 412 84.547824 
2 277 1704 28.794503 -95.761614 
1 217 47.133212 
0 
0 
1 1679 13.251963 
0 
2 936 1136 -61.590475 -99.300244 
1 1334 -50.648620 
3 548 966 1606 97.271213 -94.618528 1.352938 
0 
0 
3 380 561 1058 2.483683 43.389310 -0.616906 
2 795 938 -16.103284 -18.313513 
3 227 838 882 3.500957 -43.626599 -52.713382 
2 645 835 -6.007012 61.711865 
3 224 239 1674 38.059731 92.877355 -48.900815 
3 249 1506 1625 -88.289907 -26.527211 -55.425566 
2 224 266 58.381237 -93.075183 
2 813 1267 35.364867 -30.302804 
1 1487 -86.007258 
1 89 82.010072 
2 663 1141 3.970925 -90.027965 
1 460 -4.325997 
1 385 77.714897 
0 
2 673 1362 22.219391 31.021010 
1 766 53.385940 
5 60 113 635 796 1632 36.365594 42.527543 20.352493 11.525437 -51.316834 
0 
1 1304 98.037947 
0 
2 210 882 -98.708589 10.703441 
0 
4 93 990 1027 1421 94.327335 -59.976687 -56.947888 -60.663265 
4 284 766 1101 1166 -26.593546 68.428885 -21.893330 -92.842265 
1 106 -9.825878 
4 159 264 1344 1417 -73.992260 70.758304 -72.725550 -30.824735 
0 
4 337 1063 1136 1154 -48.526364 -76.625280 -23.481269 -19.727523 
1 1182 6.341948 
1 1657 24.865005 
2 270 1552 -37.443532 4.270986 
4 146 971 1396 1557 96.085423 24.581935 -55.778093 -63.821247 
4 438 551 1532 1554 -97.058149 -6.555975 -76.268370 41.622693 
1 1651 78.027592 
2 143 1347 47.576735 99.083387 
3 730 1315 1424 -81.558233 -14.321963 33.261221 
0 
1 9 86.395297 
5 295 968 1015 1395 1687 81.872776 48.236746 -61.434311 -68.940020 79.044820 
6 250 438 747 1022 1110 1534 -50.048062 -71.324090 99.955569 -99.257686 54.534769 -3.691259 
2 588 1201 6.506824 9.633373 
1 745 -97.256653 
2 529 782 -14.741268 -65.890399 
3 30 685 1102 -42.993842 -48.453707 98.033076 
1 260 -11.024474 
1 984 -70.969389 
0 
1 650 3.414570 
2 1347 1700 -56.441243 -59.431313 
1 1303 -4.804277 
3 101 262 1004 -97.895875 55.150874 18.651671 
0 
1 1465 65.558521 
2 737 1186 53.766233 -63.360576 
2 858 1559 87.420611 16.695298 
1 1593 -9.429092 
1 1143 27.164092 
1 1001 59.817383 
3 425 846 1716 80.919550 -40.205427 77.349685 
1 183 -44.565778 
5 833 946 963 1084 1177 19.490312 -3.033060 96.996588 66.883139 56.713533 
0 
2 339 535 -36.051748 -74.127118 
0 
0 
1 1103 -42.785293 
4 129 163 1295 1398 -26.070995 77.899363 47.785779 -48.128423 
1 1250 40.503060 
1 203 -43.704412 
1 158 -98.937601 
2 624 1115 91.325566 35.694050 
3 312 397 715 -50.891089 1.991693 -17.615179 
2 914 1351 -32.597967 -47.110018 
3 189 284 1048 57.582556 -59.013229 28.656752 
2 177 608 17.121722 3.937533 
1 376 40.172192 
5 110 179 362 919 934 -68.537559 52.878994 -83.771702 -71.903901 -53.851714 
0 
0 
4 479 1220 1463 1630 16.580099 53.424941 -60.832466 50.691308 
4 32 94 1230 1588 -25.509487 -2.678692 51.682276 -2.475733 
2 143 615 84.403446 -65.819187 
2 1393 1706 92.663659 -47.921665 
2 397 1263 -58.000800 -93.884143 
2 506 1342 73.278476 -22.723243 
2 271 1196 -24.723421 67.271074 
3 69 136 535 -65.508606 83.832095 -53.481555 
2 173 1246 25.166666 -76.335476 
2 553 1095 -63.086490 -85.707403 
1 157 -99.904016 
1 1273 -47.836142 
1 972 13.776222 
2 585 1583 -18.783997 -7.971326 
3 149 426 554 76.807249 -23.677064 83.060934 
1 1634 35.421933 
1 508 -23.021105 
0 
0 
2 343 931 -24.787382 -68.951705 
3 487 747 818 -21.241811 -36.798851 -90.434791 
1 1241 5.287978 
2 1374 1682 87.593093 -1.291566 
2 54 181 -52.861477 34.260784 
0 
2 472 1246 -36.528263 1.126478 
1 810 34.460789 
0 
2 265 783 85.435074 -35.548137 
2 226 1184 -73.986933 54.584707 
0 
3 380 631 709 18.745107 33.820965 -18.658618 
0 
4 195 908 1085 1179 64.452346 28.870874 -52.212151 29.092260 
1 1388 87.613143 
2 182 1691 -73.197895 82.122459 
0 
1 1104 42.157002 
0 
0 
1 435 -42.727902 
1 1579 -52.071112 
1 1322 -64.579743 
1 1025 5.219264 
1 1441 8.171143 
6 55 75 426 498 922 1404 70.029294 -24.718922 30.817410 18.778289 -28.198464 60.368239 
1 683 -35.471515 
2 1693 1718 -34.332529 -22.346838 
4 309 506 654 1007 90.184604 -52.703685 -81.293517 -42.963540 
1 968 99.418901 
0 
3 153 1096 1409 54.719342 56.216381 77.565086 
1 1189 16.366875 
1 1382 85.404060 
1 1678 59.835261 
1 433 87.401190 
0 
4 92 862 1119 1175 -65.398333 -71.607043 53.210623 -48.385832 
3 505 929 1311 -24.868690 94.533659 29.259915 
2 821 1233 61.680775 83.239005 
4 852 1157 1234 1677 -16.063421 37.371874 -67.319944 42.732427 
3 286 318 1709 55.331979 -80.391277 77.056324 
0 
2 448 1651 -49.542617 -51.960606 
1 1460 -67.514448 
3 760 830 1064 48.679801 79.341389 -42.284084 
3 988 1712 1749 -75.009446 -35.263911 68.507905 
2 326 425 1.335594 -47.302038 
3 74 379 1599 57.493588 -34.412378 39.095119 
0 
2 1153 1606 -62.953841 -62.762747 
3 500 501 1414 -84.418416 92.881721 -23.927248 
3 1306 1578 1582 97.776386 -5.687163 37.242023 
2 242 1388 -53.321978 28.924688 
1 154 -79.980074 
2 188 801 -27.945559 5.403399 
4 1042 1073 1243 1749 71.376159 89.057742 52.543613 -61.659181 
3 541 810 1470 -51.801351 71.676739 -85.179339 
2 201 886 -22.181529 3.722817 
1 778 -33.438923 
3 269 583 1713 -1.476274 74.544715 28.596127 
0 
0 
3 292 401 524 -22.933623 -48.062213 -0.124455 
4 1140 1221 1225 1493 54.718008 46.766378 87.923678 82.218163 
1 729 94.651202 
4 627 966 1064 1577 16.027193 -52.695740 16.325502 -16.983011 
1 1049 48.536417 
0 
0 
2 151 245 -93.510421 -45.850724 
1 814 -15.965286 
4 122 529 609 1522 54.593844 31.056037 86.111280 14.847587 
1 953 -21.022447 
4 213 282 714 1445 -42.560136 -73.658903 30.819104 -71.788850 
1 876 -78.738506 
2 354 1006 -4.687259 11.190318 
1 1351 -30.973324 
2 824 1128 18.039870 13.425968 
2 1448 1748 26.697546 -98.828149 
4 197 549 815 1513 42.450505 46.285672 -86.033381 1.798737 
2 1007 1436 -66.176373 73.629257 
0 
0 
2 703 1462 -85.912632 -23.643589 
0 
0 
2 68 950 97.590179 80.216595 
2 309 539 23.746207 29.659090 
0 
4 94 203 1214 1248 -49.576888 33.627054 -89.899236 -19.836504 
3 707 1216 1303 7.766597 -15.269175 -51.845718 
3 401 426 1484 -31.837293 -92.927965 99.414380 
1 1720 60.981429 
2 1643 1713 41.257262 44.716321 
5 637 1145 1160 1180 1509 90.570377 23.258490 74.714118 0.343623 61.395185 
1 1569 80.579988 
1 1721 -72.486071 
1 883 -51.178946 
3 65 79 198 -50.491744 -6.400180 -35.301689 
1 1007 -67.999082 
1 1582 34.894152 
1 1163 -61.019809 
2 553 608 82.703059 82.341259 
1 881 -66.243854 
2 1325 1604 -77.039901 56.402264 
3 858 1295 1364 -48.004379 -97.527628 0.305345 
0 
1 240 -79.892216 
1 959 98.723125 
2 19 1203 -71.544798 95.126172 
3 391 431 876 77.197446 12.325981 -1.919476 
3 114 399 1105 77.723214 -42.189922 92.487156 
3 77 186 1002 -82.229684 -66.798892 -78.517897 
3 1276 1492 1594 28.887804 93.331245 -6.991211 
0 
2 129 1248 -42.551359 -82.298633 
5 150 684 1162 1529 1651 -16.714455 -51.037311 -4.888488 -2.443738 -98.547621 
2 140 1019 47.516875 -64.774098 
3 366 473 559 66.833560 55.123712 -47.352059 
3 1378 1596 1637 -40.215141 69.490440 -16.682242 
0 
1 1409 -9.763430 
5 546 598 757 1020 1484 36.707976 -12.127186 50.548867 26.529932 1.933737 
1 1190 -5.600069 
1 780 -29.904724 
1 1217 -81.104180 
2 452 1119 -28.748757 11.364437 
1 143 -33.083643 
3 788 1077 1614 37.495962 -48.926667 66.813915 
4 282 1052 1119 1362 -6.426174 17.633001 -31.766136 -18.015766 
6 577 862 1367 1560 1640 1716 -3.024880 33.172268 70.524744 -49.244413 -70.487478 12.926471 
2 1557 1669 -60.593877 78.347800 
4 87 543 1205 1387 76.239126 -60.921326 3.839704 -62.441486 
1 1208 -68.121451 
3 676 1123 1641 -5.158332 -57.119398 51.069519 
1 1270 33.628329 
3 430 526 1687 56.977881 -32.902854 -55.121128 
1 1091 63.611519 
2 867 1134 -56.904151 -62.553360 
2 155 1301 -35.619569 -42.363964 
1 1672 77.111344 
1 788 31.650060 
2 1049 1654 41.322570 93.012688 
3 258 1228 1747 -7.761629 -98.538849 -69.662999 
3 83 1233 1346 4.001564 69.780486 2.478960 
4 658 873 951 1417 18.050024 18.987960 -57.674317 2.657168 
2 776 1377 95.428253 -40.827194 
1 1261 -13.142882 
4 691 971 1383 1717 -69.489609 99.610951 -94.794013 -52.096166 
0 
4 641 1199 1218 1399 58.593165 0.169360 35.494583 -79.591612 
1 1152 -7.327294 
0 
2 1085 1675 -94.006614 52.321533 
4 175 508 560 935 90.021718 -34.907057 82.306918 -65.324894 
0 
0 
1 916 -50.365994 
3 598 1213 1463 22.371867 -56.785571 -3.055376 
1 1593 89.096676 
0 
0 
1 1040 -37.370681 
1 1143 35.615520 
1 806 -17.104274 
0 
0 
4 526 941 1333 1729 -37.621744 -71.624508 92.643508 74.060740 
4 537 1041 1242 1285 -76.944279 -97.037882 53.831788 -7.024872 
2 1095 1239 55.927157 82.910607 
2 1549 1635 98.807831 -46.755251 
2 1500 1732 60.925439 46.425453 
4 671 1000 1082 1323 -43.413726 66.826822 -53.564197 7.998003 
0 
3 105 485 496 -40.546334 77.584347 36.055701 
5 414 581 966 972 1190 24.474267 -48.299341 -69.125275 -62.595790 91.954936 
2 1293 1671 -50.819848 -10.847583 
2 705 1463 -1.825189 -44.596982 
0 
3 501 1534 1536 -78.997459 -57.134869 -14.254631 
2 553 1312 52.283110 37.380365 
0 
3 135 484 1257 -0.760828 46.674327 -8.429306 
1 1520 95.381054 
2 486 1371 -7.853388 -17.746918 
0 
2 524 1542 -26.693947 -36.417775 
0 
3 196 1189 1606 56.860572 -22.290588 78.855959 
2 765 1541 25.531762 -15.635098 
2 986 1046 -92.815650 -27.140315 
1 734 64.779524 
2 734 1278 -99.368410 36.256922 
3 313 1270 1698 -76.976512 -62.304780 -91.329641 
4 124 212 776 1718 -7.897142 -39.477650 -22.628776 58.016587 
2 638 1013 6.069412 74.590076 
1 461 -12.062725 
2 813 1449 -46.690224 -65.158464 
6 69 108 473 649 1039 1374 -68.381437 24.038530 98.392742 81.302845 14.231534 -39.279790 
0 
1 1698 -12.441205 
0 
5 125 214 612 1382 1533 92.734108 22.332349 -0.954236 -18.352191 -15.904693 
1 955 82.539056 
3 443 694 1088 -84.171997 67.724024 99.528373 
1 765 54.627916 
1 1714 11.180823 
3 707 1445 1648 -45.734986 -76.413307 -93.913137 
2 985 1031 98.150661 -52.801849 
0 
2 1314 1465 -31.184537 96.341714 
0 
2 97 928 82.732088 87.411228 
2 754 1512 84.908890 18.783210 
2 1457 1675 -98.734658 -97.628575 
4 86 428 798 864 -29.242052 15.059976 36.679074 -75.011578 
1 1285 72.874320 
0 
0 
4 237 401 680 1515 12.478187 26.767373 4.256330 -32.940922 
0 
1 80 -20.064291 
0 
1 1665 -76.548475 
2 608 782 2.292129 40.295819 
3 721 916 1397 86.891158 -42.493253 -70.277407 
0 
3 34 950 1606 58.234343 -86.382716 50.457675 
1 172 17.946415 
2 850 1590 -74.383320 82.550793 
1 1047 -19.157522 
0 
2 572 811 -57.602454 6.711693 
5 81 819 862 902 1145 -44.306653 57.290679 13.369802 -34.906517 -20.277299 
1 357 -44.444883 
1 544 -12.122081 
2 813 1035 -9.488424 62.327974 
1 1523 62.732360 
0 
2 25 1296 4.929546 -59.704468 
2 77 1516 44.893609 -49.481517 
0 
0 
0 
4 841 1012 1076 1140 -87.821036 -28.376816 75.963250 -28.103375 
2 212 445 96.147244 23.437775 
1 127 80.261582 
3 356 1157 1576 32.174699 -19.756750 -91.558359 
2 626 1249 59.420221 36.985735 
0 
2 651 1030 59.816505 81.384666 
0 
1 483 50.978506 
0 
1 981 66.903689 
0 
0 
0 
1 806 -31.793281 
3 1133 1438 1666 -24.891337 -56.581372 28.252579 
1 1425 -98.311007 
1 1580 69.100818 
2 1256 1540 54.011475 60.977623 
2 272 1057 16.014093 7.230163 
1 1378 -93.406232 
1 1629 12.167656 
3 10 251 1124 74.963509 37.227120 25.518273 
1 303 18.575091 
6 18 294 513 882 1393 1643 -21.289071 53.032131 -40.619531 -44.685594 -34.014840 54.803154 
1 610 63.763476 
0 
5 112 593 760 945 1324 24.031314 8.686840 59.914941 48.096837 -42.295864 
1 22 -79.864382 
3 8 1660 1678 42.896609 35.364394 -66.005364 
4 334 906 1060 1164 -60.365285 51.194232 -88.676719 -44.868399 
3 25 796 1136 6.813792 -12.622812 87.799312 
1 1146 -41.783673 
1 261 66.305240 
5 336 508 756 902 1003 -53.402928 69.353474 45.570749 51.870791 9.571432 
3 223 1355 1520 -63.135626 66.846770 -67.004855 
2 1162 1338 -59.966262 -53.657113 
0 
3 413 428 606 16.215623 -68.222702 -72.197475 
2 1046 1148 -28.159090 65.132026 
4 1002 1319 1633 1693 -12.352740 79.207032 50.586079 59.626640 
4 291 941 1008 1292 98.846734 42.844661 -79.612234 -73.778069 
1 368 -13.261006 
0 
1 1422 -96.509913 
2 371 654 -56.973543 -30.784148 
3 281 681 1380 46.678638 3.650376 40.466258 
1 517 39.712175 
4 664 1304 1357 1418 -86.687901 55.091866 -27.537689 32.086150 
2 1353 1715 15.150473 80.413121 
0 
2 598 666 -51.505790 5.848986 
1 1453 3.825752 
0 
3 613 808 1020 5.751112 82.580526 -8.735829 
2 324 792 -61.579602 -76.971168 
2 840 1428 -18.279304 -97.735191 
0 
2 697 822 9.620150 89.250757 
0 
2 189 1357 37.086334 40.841447 
3 728 1246 1631 -18.428409 -86.227737 74.490866 
1 189 -31.009724 
2 483 1231 42.320927 -76.967818 
2 1139 1595 -93.044001 -47.320290 
1 1404 -78.485192 
0 
1 1199 81.528182 
1 1525 70.727749 
0 
4 687 810 1409 1520 96.713283 90.305120 -32.130112 -77.359484 
6 99 841 851 947 1114 1135 93.191803 81.287173 -51.498182 84.642062 -44.256927 -7.370287 
1 992 22.191698 
0 
2 1401 1649 64.064405 13.723517 
2 716 934 97.862860 8.052054 
5 66 79 368 1319 1363 17.954404 -48.633663 -15.580407 -78.204139 58.318519 
2 461 476 90.130900 81.755810 
1 1329 60.865645 
2 1296 1494 74.070731 80.819661 
1 1233 -4.576718 
3 573 1134 1651 -60.530155 65.559608 -74.949476 
2 240 1250 -55.814231 21.213106 
0 
2 728 1299 4.080016 -81.001913 
1 1075 -12.704781 
2 240 1126 59.202010 0.921596 
1 155 58.281144 
2 324 912 80.840659 -70.250810 
0 
0 
3 62 691 1648 -2.839571 48.353637 85.421993 
4 14 776 1136 1656 -82.504285 -88.270568 -30.189868 -70.320458 
1 1687 69.747182 
1 1035 -58.988505 
0 
0 
3 390 477 1667 67.236710 -10.843886 -1.072127 
0 
4 185 476 702 1677 -19.362772 -17.028397 -92.920196 33.322588 
5 190 422 526 833 1597 -35.030285 66.206786 35.073793 -29.354630 -55.110522 
6 202 281 292 642 696 1396 -33.267768 35.921631 -64.810143 25.219125 27.544662 -36.149236 
0 
2 19 1673 -52.836594 44.751401 
3 767 941 1490 -84.695552 14.097501 22.615715 
2 199 1544 -45.503198 23.281083 
2 834 1181 -48.776293 -60.284902 
0 
3 719 1032 1725 79.936435 -41.402968 1.971730 
3 579 1063 1151 64.164874 21.584537 -10.660718 
1 879 -46.429089 
1 262 -2.014459 
4 332 1234 1353 1590 -31.900365 -79.348390 24.792890 80.808581 
1 1033 6.449831 
2 402 1595 1.121885 86.012614 
1 13 -56.449086 
0 
0 
0 
1 1104 99.462827 
2 349 1689 -52.204932 79.508694 
2 877 1122 -21.807416 35.178027 
2 289 380 81.527088 -44.648185 
1 1072 52.492627 
0 
1 1623 -5.443542 
1 1477 3.948868 
1 1497 -75.036702 
0 
0 
1 117 -33.976669 
2 35 188 -8.512240 70.793620 
1 1318 -83.993864 
3 226 379 1627 10.923971 -27.064858 74.056239 
3 886 1442 1678 87.509071 82.364811 14.777396 
1 1572 33.223493 
1 586 -89.670129 
1 277 75.411651 
1 1071 -50.116342 
2 320 714 -66.325561 0.750650 
3 619 774 1189 -0.677207 40.861753 -28.644076 
2 152 712 36.217462 3.667630 
2 42 1517 -51.493580 4.299057 
3 737 1361 1362 72.210368 -4.397692 -62.906794 
3 427 936 1322 -52.572308 57.061344 47.788096 
0 
1 1022 -21.947842 
1 600 -16.584733 
4 561 1219 1303 1696 21.386285 -71.916768 40.460282 9.683307 
2 1405 1411 39.645965 42.094918 
0 
1 1613 -97.886050 
3 247 1507 1573 -65.251937 -92.525885 92.264951 
1 1565 0.910178 
1 1514 -62.380214 
1 1336 -3.404309 
3 450 628 1176 -28.334449 -26.603942 -52.275039 
2 1009 1642 -64.483387 36.133388 
0 
2 1457 1549 79.512221 17.412248 
0 
0 
2 236 1018 78.284939 -61.913875 
3 414 1099 1194 82.807897 -52.781677 -31.553292 
2 928 1549 37.832125 -40.749100 
2 799 1720 49.677826 67.057941 
2 169 217 26.230463 -6.953683 
1 640 -40.463180 
1 904 -6.348394 
4 203 726 769 1167 -89.379956 -93.435427 -46.007627 -16.233329 
0 
0 
3 359 423 496 -41.515706 -63.496567 17.968945 
0 
2 637 1398 47.346484 49.229730 
2 7 514 18.194348 -6.060280 
3 187 1487 1648 -26.688653 4.436779 81.220234 
1 355 36.526283 
2 140 1032 -7.684584 -54.538197 
3 166 1269 1583 -16.572232 52.723027 -68.340291 
3 1259 1564 1573 -78.824598 4.762896 -2.891314 
5 176 178 423 1055 1255 -41.170741 -70.237955 40.094125 26.794250 -50.326467 
1 590 48.604491 
3 364 838 1176 75.989653 13.837491 49.127603 
2 224 675 27.097689 78.585197 
1 214 1.152773 
3 551 712 1483 26.464728 -10.964737 57.235901 
1 860 -97.613581 
0 
3 2 355 525 -15.290612 51.219108 91.027819 
0 
4 239 772 1042 1510 -50.701108 20.539631 70.669669 47.020297 
1 1498 -4.670977 
1 653 -42.615188 
5 37 995 1113 1293 1482 1.740118 85.327147 57.278443 78.254047 -36.787053 
0 
2 566 1135 -20.046796 49.696512 
1 137 83.505728 
2 386 1018 -74.280089 -59.365518 
1 201 14.344722 
1 340 -57.727379 
0 
1 123 -57.018448 
2 265 973 -65.860131 -4.812951 
1 1434 -73.378431 
0 
2 204 1140 69.390543 79.321386 
2 41 414 98.171976 -44.887157 
3 916 1490 1556 38.522264 86.509257 8.478833 
4 570 599 1285 1407 6.670998 34.507151 -93.986179 -57.054260 
4 187 377 1216 1386 24.086992 -22.068925 79.337893 99.113561 
3 346 371 1518 -47.586278 31.614345 -56.495133 
2 909 1233 12.555598 -66.064970 
2 1282 1555 43.572381 -15.136850 
1 1103 -33.171325 
1 60 18.239555 
2 202 1744 -8.013864 -37.373619 
0 
0 
3 419 1313 1620 51.862548 -35.439823 98.843492 
1 949 60.295242 
2 126 1501 15.310169 36.692153 
4 390 723 1060 1549 53.938738 90.946849 11.188450 34.742263 
6 10 109 344 679 732 928 21.779171 73.837878 -96.110289 30.298865 58.938514 37.609644 
3 10 875 1582 -79.306589 87.669552 84.153099 
1 624 -80.729071 
0 
0 
1 1476 -31.070931 
2 254 293 53.744706 -36.498856 
2 510 744 32.667838 -49.475495 
2 574 1106 -38.212349 33.753790 
1 200 -21.303058 
0 
1 214 0.115970 
0 
2 768 789 27.310992 -84.585634 
1 928 -29.822972 
1 902 81.991157 
3 692 947 1401 48.320851 75.843001 67.415323 
1 1554 -58.962218 
3 741 986 1689 -14.547818 -97.367701 60.016594 
0 
0 
3 238 424 1124 -37.759096 -50.865296 79.059288 
3 868 1184 1436 -12.716859 -80.946496 78.711321 
0 
3 36 317 595 45.209556 -35.078749 -39.652835 
0 
0 
2 766 886 5.375599 -92.280281 
0 
3 994 1034 1382 4.846277 -22.433593 -58.988862 
1 470 -76.610132 
0 
1 126 -92.888163 
2 403 1020 -45.382154 87.415054 
3 686 901 1304 -83.327639 66.891585 -72.830498 
2 109 682 18.074543 70.396398 
1 511 -56.167681 
0 
3 511 875 942 95.987660 -82.648198 -80.790050 
1 1138 -84.780716 
0 
3 10 636 1681 -34.096675 -46.674483 51.814989 
1 213 -35.699236 
3 328 1008 1574 -92.383128 27.529791 -72.473740 
1 580 -22.520479 
0 
2 488 858 12.116845 89.236979 
1 184 1.414776 
3 785 981 1359 97.120788 80.732953 26.367487 
2 313 531 68.530618 71.891538 
3 309 1506 1572 5.677801 -91.243160 -57.437470 
2 163 970 5.855966 49.157484 
4 474 735 1144 1372 93.380145 -60.051777 -10.306294 -20.612603 
1 1333 -82.934671 
1 959 -20.161285 
2 949 1075 -59.754672 86.928552 
4 258 559 1587 1660 -99.944051 11.244456 71.841747 41.414674 
2 867 1444 -98.203371 -47.865512 
0 
2 264 410 -48.591210 6.281922 
1 1260 -77.263440 
1 1282 96.165318 
2 821 1110 -70.138799 69.991801 
0 
2 331 1055 66.286301 92.056563 
2 30 223 40.630828 31.066701 
2 255 1106 -44.488661 33.392955 
4 322 503 1158 1467 66.221611 94.447957 -89.588936 7.412540 
2 889 1210 76.096874 84.588923 
7 276 836 839 1092 1445 1573 1660 -47.339135 11.991596 19.576826 -90.029364 12.325055 4.069306 4.836541 
2 1562 1690 -21.526611 43.341182 
1 855 73.330937 
3 284 1330 1594 19.971634 79.831649 -13.510859 
4 105 769 822 1743 47.283228 8.657031 -57.129023 2.988572 
5 584 916 917 984 1661 -79.125126 -61.878896 91.755582 20.387221 50.254435 
4 155 582 1024 1070 -46.915345 77.887036 -62.270304 13.271621 
2 235 580 72.137635 -18.253409 
2 270 1719 13.820623 39.736867 
2 644 752 -22.496085 -42.806956 
3 573 1107 1396 68.254267 -88.668830 -43.885348 
1 1215 9.501076 
1 934 11.345256 
2 175 614 -17.773148 -35.232773 
5 371 1470 1534 1648 1663 -79.966402 67.128095 48.512175 -58.884983 14.202928 
2 751 973 -96.046937 -94.558839 
1 693 19.584593 
1 876 71.835288 
2 36 1228 6.739813 10.666464 
3 905 1151 1360 41.241592 64.326299 -37.076157 
6 85 709 1316 1323 1365 1399 -25.555127 50.176897 -79.235578 -44.980906 66.831441 -0.227307 
0 
0 
0 
1 130 67.541387 
0 
2 593 1514 87.020324 48.445883 
2 201 571 -36.397735 8.702504 
1 1320 -42.280759 
1 1346 34.710600 
1 1153 -18.015163 
0 
1 1383 -60.326117 
1 1503 -39.744679 
3 485 1413 1569 -93.882486 -37.164619 -79.658077 
1 1574 70.363426 
2 815 1245 -71.204236 -46.259139 
0 
4 156 272 276 1143 -58.566503 38.305126 71.159083 -59.833396 
3 236 332 1648 -3.976613 -5.800696 99.574559 
1 1712 -61.032022 
2 530 1145 -1.807273 7.501393 
1 435 -22.083474 
2 140 590 81.831634 -72.175652 
0 
1 23 73.946626 
2 677 1542 96.276351 63.736794 
1 1063 35.829934 
1 716 -55.512238 
0 
1 426 -35.686053 
1 1001 69.763013 
0 
0 
1 1350 -7.587557 
1 1694 -76.224369 
3 797 1188 1511 -27.624361 27.963366 82.848210 
1 1737 55.570271 
2 98 277 40.081840 -29.952703 
4 225 741 1194 1651 -80.955098 -6.118577 66.593057 25.248590 
3 770 1488 1529 -80.915789 -49.727364 -89.589943 
3 52 411 672 70.006029 6.190538 30.549897 
2 849 1110 -72.451488 -83.764350 
0 
2 61 1653 60.228741 -19.500742 
2 607 1123 99.367266 60.608170 
2 490 543 -0.936228 -88.634170 
3 378 522 1558 77.542392 -97.630812 5.912962 
1 474 86.952173 
1 248 48.932462 
0 
1 178 41.025198 
1 348 -42.979353 
1 1561 -61.448835 
1 284 -61.929039 
2 217 1472 58.189497 -74.871251 
1 366 -61.602102 
2 358 1475 18.334061 -75.722068 
1 1721 -52.636443 
3 150 338 1563 -17.473153 -32.954622 -44.327454 
4 93 704 977 1599 40.674318 0.784265 -86.728324 8.708145 
5 583 934 1342 1576 1599 -38.700964 88.538535 91.631285 59.723995 -63.117405 
0 
2 854 918 -36.193613 27.297269 
2 1249 1656 -59.608342 -6.999769 
2 235 1322 86.062878 15.055230 
0 
0 
4 756 1650 1709 1737 65.169164 40.432848 2.226070 -23.361793 
1 1028 -30.085619 
1 1362 -84.656752 
0 
1 267 65.634079 
3 767 823 971 83.918081 -8.739352 41.646506 
1 1338 54.642109 
1 389 -29.288176 
3 129 677 1212 3.881697 56.826127 21.592659 
1 1094 69.639905 
1 996 -28.642116 
1 536 77.190238 
2 752 1309 -28.700273 -41.015645 
3 403 1245 1366 -76.189015 -86.905124 80.002995 
2 707 1581 2.069012 74.925614 
0 
3 108 256 405 -11.421817 0.993911 65.978921 
6 347 474 679 722 1079 1718 -44.827732 39.133859 87.658843 -45.747543 96.345622 -74.590693 
0 
1 478 26.450632 
4 774 1007 1010 1666 82.579284 -76.072238 48.997443 -69.363900 
1 999 60.856568 
2 275 390 21.508990 27.642462 
2 864 1423 -1.219673 0.093987 
1 1331 -1.102103 
2 404 705 -18.921374 -83.486354 
0 
1 1465 8.014127 
0 
2 46 554 -71.975165 -6.402518 
2 263 1504 65.176218 1.642300 
0 
2 413 1646 95.861167 91.459637 
1 1086 -77.878913 
1 923 -35.438785 
1 614 19.236202 
1 1406 -64.657384 
2 449 1083 -86.482286 19.388870 
1 513 -10.426975 
2 1224 1497 33.629571 -48.400851 
1 288 18.506115 
2 32 1432 59.107721 41.434335 
0 
1 913 -45.873188 
2 708 1227 -74.164457 -72.474945 
2 343 764 11.569871 -18.297511 
2 1074 1255 -48.152186 -98.870076 
1 673 32.829474 
1 768 73.722326 
2 587 1119 -86.166483 -52.860006 
0 
3 196 1100 1129 42.422712 52.451302 -42.652666 
2 276 1619 -5.421533 -66.234374 
5 459 891 966 974 1665 37.818106 -48.430815 61.900948 99.222912 -72.664749 
2 1066 1405 -35.893900 7.755028 
1 1061 -80.108239 
2 579 1373 -28.188422 77.788920 
3 440 879 1447 55.927083 -47.534417 -70.263861 
3 76 1296 1689 22.726067 83.816517 61.690002 
0 
1 1741 -78.120569 
1 531 -86.488661 
5 857 903 1188 1267 1512 86.915638 -32.741766 -57.523592 -8.121573 93.288447 
2 41 1256 -38.231953 -93.459616 
0 
2 909 1224 1.794141 45.639538 
2 557 1300 47.986216 -28.213624 
0 
1 236 -74.226646 
2 230 668 2.651465 97.354593 
4 337 788 885 1646 -10.169086 33.802824 73.750208 -4.952536 
1 1003 -91.304994 
3 773 1341 1408 -54.729762 -41.599273 -16.189910 
3 1008 1244 1277 -51.780315 -97.407001 18.933044 
4 74 408 1020 1559 97.165891 -74.397884 -10.499830 -17.922412 
3 229 1040 1272 -89.212726 70.071506 -75.514834 
0 
2 755 1079 69.884166 -75.280338 
4 110 425 1211 1267 92.836387 60.412920 -89.769531 27.404710 
3 0 411 591 -63.844288 94.370081 42.620326 
2 1427 1586 69.437504 -71.667999 
3 494 1020 1620 -85.467296 92.894516 -88.349973 
0 
2 650 1386 -94.425523 -29.495476 
2 612 1187 -30.268716 -45.579318 
0 
2 614 793 45.093944 -0.823389 
1 405 -35.327599 
4 284 510 696 940 -5.085581 -24.740931 62.170231 71.016837 
2 123 1749 28.025394 -48.774020 
3 330 647 1460 51.412167 -3.716650 69.553412 
1 315 77.295719 
0 
3 457 1065 1494 94.629078 1.882859 -60.186082 
2 540 713 59.495694 75.929985 
3 28 327 490 65.035277 63.133618 53.865702 
2 1383 1616 -58.506228 -12.049173 
5 999 1324 1328 1394 1589 -99.292367 99.857379 74.964849 94.798426 44.469461 
4 383 606 1295 1297 47.095615 9.101312 37.714106 -47.905130 
1 987 66.619971 
3 186 725 1559 61.093774 -69.983959 44.785611 
3 267 795 1257 -51.444792 15.838866 -33.383836 
3 361 713 1643 51.311302 -41.649147 54.896621 
1 1260 41.266089 
2 1095 1181 -89.591082 -32.047452 
4 31 186 731 1519 -9.298287 29.291657 -41.439123 96.352924 
0 
1 1024 -4.748433 
0 
1 334 42.335957 
0 
3 517 1174 1606 29.857881 92.282762 -34.908404 
0 
1 676 51.536880 
1 1482 -66.709975 
3 289 1265 1627 5.189427 34.416863 90.592981 
1 1454 53.476845 
4 558 687 700 1587 -47.622737 -16.558738 -48.526104 88.755991 
4 94 675 1279 1530 31.726003 62.490512 -7.775652 -86.830432 
2 256 1350 39.829749 91.992045 
0 
3 98 1244 1449 3.520379 -36.177657 -0.537443 
1 762 68.108468 
1 725 55.639393 
1 1340 27.808850 
2 197 388 -47.218209 16.751795 
1 475 63.559360 
1 663 -33.561005 
4 55 66 932 1361 -73.753505 -46.437856 90.014711 -64.171993 
2 546 1138 -66.745320 98.075622 
2 690 918 30.137425 72.808045 
2 91 1056 28.792843 12.993237 
3 805 1074 1085 84.175150 -50.964022 -31.469064 
2 310 487 8.846158 -71.647441 
2 1125 1291 56.694488 -39.021572 
1 517 -36.488181 
1 1381 -68.697492 
2 349 1215 67.107972 -53.418827 
3 102 1153 1693 27.620903 27.611344 30.523852 
1 599 -21.113141 
5 36 407 609 1277 1589 -47.474663 42.214978 16.048054 35.281524 -61.887784 
2 323 1605 54.947328 67.856341 
1 118 7.128218 
3 1242 1355 1701 50.059868 -23.535822 59.456686 
3 884 1006 1707 20.679572 11.109489 -58.893617 
1 1253 -58.266732 
0 
2 1106 1629 93.708468 -87.695906 
1 1411 92.083959 
5 47 623 693 1241 1741 35.845676 -70.110603 10.275801 7.902022 -28.523957 
1 1567 -40.830510 
1 1565 97.983663 
2 352 887 -17.707063 -95.005189 
1 179 60.473092 
2 1278 1358 92.854467 -5.042399 
2 239 996 99.425380 -91.700096 
2 607 624 35.191440 -7.542465 
4 960 971 1219 1326 -57.017114 -76.683665 -68.844170 -58.666293 
2 130 820 -7.248900 76.921726 
2 461 1393 -62.622755 -83.373930 
2 166 202 4.571651 -14.406848 
0 
2 34 181 38.986851 -39.193184 
0 
3 456 729 779 -4.359248 12.397715 5.178273 
3 194 488 1176 71.735709 76.550415 -75.694133 
1 1376 -48.908767 
1 1089 5.456336 
2 826 921 31.167120 68.149088 
3 184 999 1356 -63.868388 -10.523446 87.213514 
0 
2 31 596 -97.882586 99.155361 
1 40 99.694191 
2 622 1667 84.645057 89.664079 
1 1460 8.425177 
0 
2 499 1353 -40.643826 -71.969285 
1 1648 -13.258628 
1 1654 -34.871731 
1 324 19.337340 
2 771 1110 5.029643 -19.677794 
3 957 1058 1545 65.300695 -11.695966 52.474726 
2 1149 1651 -45.444183 38.785773 
0 
3 631 1107 1230 99.758275 29.576864 -77.400601 
0 
1 1123 95.965882 
2 373 929 -87.663991 -54.874926 
0 
2 531 569 44.523469 97.573433 
2 1102 1392 -50.396435 40.377937 
2 612 1297 -32.850119 80.284070 
3 1128 1217 1458 -83.960956 51.792861 15.701856 
3 205 803 1382 -20.714770 -61.138335 -23.345641 
1 775 80.218453 
2 163 1486 33.716612 -68.536270 
0 
1 751 -12.598322 
1 1302 7.746633 
3 271 766 1222 -57.910317 -96.951646 49.574364 
1 1469 99.476254 
2 19 1428 67.579926 55.273628 
1 725 -0.632496 
4 318 772 1406 1735 88.752798 -13.022012 22.295715 68.688393 
3 615 751 1215 6.892638 -4.279586 51.136721 
3 254 294 1264 -64.572116 92.446666 36.846675 
4 764 796 812 1008 -75.260543 -95.122844 24.104721 -29.952448 
4 43 1272 1540 1683 91.892875 9.271814 86.976823 -81.152130 
3 375 729 1715 -70.694471 63.430823 94.446028 
3 382 504 627 -4.361526 82.228075 48.769533 
0 
0 
2 438 740 9.344752 54.344282 
4 291 635 708 1582 -51.013623 -2.817508 -31.547682 35.438901 
1 850 -88.599077 
0 
0 
0 
2 581 1198 14.123933 -66.473081 
3 11 306 938 -42.360057 5.506531 16.416624 
1 1391 -84.528960 
1 162 -49.857748 
1 369 61.128320 
1 278 -33.291857 
2 1275 1674 -23.521915 75.878564 
0 
1 1327 -4.338373 
2 569 882 22.756004 -81.568962 
1 694 78.914468 
1 52 -91.464372 
3 3 783 1349 -25.683149 63.126387 14.107099 
4 65 222 259 1251 55.200356 -23.615452 76.720066 -12.464332 
2 1379 1640 76.839327 65.575863 
2 278 1448 51.438300 23.584001 
2 660 1308 19.194098 72.069701 
2 490 1221 -16.760241 31.940497 
1 1561 -80.989180 
0 
1 962 -98.094170 
3 54 950 952 89.791374 93.075739 78.079640 
1 338 -80.653900 
2 60 1006 56.550668 -81.786878 
1 487 34.079247 
0 
0 
1 547 -27.248447 
1 49 62.785739 
2 559 580 19.607868 9.497670 
3 575 1331 1628 -70.792303 98.987239 84.457751 
0 
3 1314 1377 1710 -89.675483 -94.760466 -91.949145 
0 
0 
0 
2 189 1385 -39.651794 -3.302531 
2 816 1097 84.219200 -84.207022 
1 1638 10.281042 
5 209 823 1552 1624 1727 -92.241313 58.650138 24.598145 54.528523 45.888879 
1 1536 -41.728098 
0 
1 645 -75.946084 
1 1221 -53.476789 
1 1463 -43.688525 
0 
2 948 1402 43.579159 -1.696808 
2 1406 1516 9.283818 69.198216 
0 
2 1101 1285 -80.789428 -40.548826 
3 213 1051 1376 70.780374 67.249955 -87.101485 
1 666 79.083732 
0 
0 
0 
0 
1 1204 18.759529 
2 358 1337 -63.193784 -74.752314 
1 586 49.640368 
3 1013 1263 1607 -30.632285 -71.882595 69.691635 
1 855 91.488010 
2 1031 1180 -19.290721 37.428303 
3 1368 1642 1729 -88.071770 3.659753 -33.711065 
1 1695 76.602130 
1 1548 96.402734 
0 
4 33 451 697 1121 64.341415 -28.222450 91.400230 55.309745 
1 59 -16.162522 
5 178 381 557 872 1171 40.826846 -49.881741 41.818471 75.660641 65.250040 
0 
0 
3 602 709 763 -70.607716 -41.255009 70.431297 
1 757 96.142728 
1 88 -26.999262 
3 1163 1196 1383 -41.842341 82.244838 -85.009181 
4 87 464 745 1046 84.036181 57.958384 -63.426203 81.705984 
1 515 73.285116 
0 
4 7 374 521 1498 -53.792071 -63.340975 -98.060033 -52.604976 
1 1059 43.673577 
1 1289 70.077174 
1 728 10.707810 
1 553 -86.106175 
1 753 51.809147 
3 755 776 865 -52.472998 12.229252 60.487791 
1 1724 84.708090 
4 612 1067 1077 1682 -96.967994 29.318224 -4.829235 48.907578 
4 290 502 1689 1711 13.241677 48.157880 -24.472271 -65.174984 
3 334 638 1375 41.145121 -91.634097 -68.539875 
1 267 40.569520 
1 745 -25.814705 
0 
4 834 1010 1681 1735 17.021254 30.053214 83.454448 -89.931026 
2 745 1591 -82.925193 77.231971 
0 
1 1613 53.225661 
1 1139 58.173111 
2 713 1640 54.418818 -73.785016 
4 82 414 558 1172 -67.374584 -30.029567 82.861166 -85.083996 
2 442 787 56.105095 36.557899 
1 58 96.305315 
1 179 -9.727509 
0 
3 462 1536 1546 -87.871790 98.307064 59.462943 
0 
3 673 898 1452 31.157038 -45.960812 69.269804 
1 516 -39.881653 
2 566 1180 2.331531 -53.797622 
0 
2 772 1535 68.210897 -29.702378 
0 
2 438 813 76.665867 68.315993 
1 1284 37.578593 
2 510 1163 2.163894 17.900466 
1 269 -68.090346 
0 
2 992 1478 -61.599918 28.003347 
2 419 1566 -8.007554 76.252155 
2 1165 1250 6.002257 21.024262 
1 360 -54.992400 
2 305 1586 71.924181 94.783101 
4 1146 1246 1282 1504 -80.182306 0.877981 74.142691 68.065037 
2 243 344 72.784799 8.397822 
1 391 -18.188601 
2 674 1380 -13.863701 92.210390 
3 479 1292 1651 -95.681839 83.561548 97.904719 
2 451 499 -63.730245 89.229514 
1 426 -74.287981 
2 769 890 5.429805 -21.067245 
0 
1 110 51.531936 
4 120 683 1361 1495 -85.598199 -46.008475 84.692745 -17.783028 
2 481 772 -35.775008 96.273763 
2 284 994 73.671486 56.816024 
3 665 1095 1655 21.371518 -51.882430 -1.450415 
3 729 1119 1582 36.251757 27.672112 -87.962123 
3 25 1465 1557 -63.791808 41.667644 92.922921 
2 310 1725 23.742809 93.357900 
4 66 302 307 1593 -71.365580 11.906680 -63.867996 -54.432544 
2 473 596 -73.984525 24.742000 
2 585 690 -11.727039 75.861282 
2 179 437 96.530779 9.918662 
2 714 1287 -88.304565 -79.159579 
2 671 1481 -24.927666 -71.340009 
1 155 46.465885 
5 288 470 485 641 676 -0.274249 -96.409232 27.240100 22.722786 73.538694 
0 
1 381 -44.819176 
1 657 30.878585 
4 676 1210 1475 1698 -66.467473 -7.179656 -84.490079 -97.039892 
4 1055 1629 1651 1726 30.762383 -28.877053 60.626738 65.381769 
2 307 554 -50.967399 -95.581840 
2 877 1008 10.324903 56.292686 
0 
3 496 643 1056 83.702573 -16.201597 -38.734474 
3 715 1255 1685 86.393554 -56.242735 3.062487 
4 360 1251 1263 1465 81.840429 43.765111 65.637059 91.905516 
1 202 -25.945772 
0 
2 290 1004 -45.863787 59.688148 
1 1252 -28.065579 
1 682 82.603997 
1 201 82.938713 
5 116 119 514 665 1076 15.398023 62.802925 47.008592 -63.164348 22.759126 
1 553 -64.694910 
0 
0 
0 
1 1558 -44.299242 
3 360 776 1592 -81.098381 64.869766 72.593251 
2 160 1378 39.436694 97.494736 
2 874 1173 -50.501067 -15.406943 
5 171 418 707 1325 1337 -42.824803 89.674380 71.362894 71.333827 46.571849 
4 569 891 988 1614 1.757281 67.402874 99.004934 30.781437 
1 1131 -70.316652 
2 232 807 80.446243 56.330485 
1 909 -36.707936 
2 211 1625 66.096603 68.084786 
5 285 901 1131 1442 1526 -66.442593 85.113568 -43.106392 81.676919 -36.218364 
4 419 1243 1319 1669 -42.820920 -66.377736 -52.380128 49.524702 
2 1199 1399 63.569578 85.197150 
2 738 1568 72.168879 -45.200125 
1 1415 -52.293463 
2 428 1457 74.803946 -88.562340 
2 841 927 56.868965 -23.483273 
1 12 -3.570380 
2 307 485 17.934552 68.318426 
4 111 287 413 1182 13.611152 -83.235643 -33.105307 59.402323 
2 172 1328 -73.676892 68.327399 
2 106 585 12.060630 -30.105492 
0 
2 474 963 -78.976228 23.328566 
2 456 527 6.118931 -57.927654 
1 744 -88.714903 
3 368 381 1222 63.361110 -55.982667 31.471448 
0 
0 
1 200 2.698367 
2 186 1613 76.467597 -92.907167 
4 14 371 1344 1488 -23.055803 21.629828 -41.769854 -65.462668 
1 134 -39.473823 
1 1391 -17.057727 
2 809 811 -95.706952 32.804731 
0 
0 
4 287 655 724 1164 -84.620730 98.333852 -73.989464 8.954398 
0 
1 1536 80.671244 
3 455 849 1056 -83.034680 62.123189 98.061408 
3 626 1306 1712 -79.960825 -93.180820 79.776252 
3 9 521 1528 97.152344 -43.070431 -6.778685 
3 437 1149 1409 -78.832287 -33.161716 6.193597 
3 320 709 1586 14.742899 -22.090415 -6.319471 
0 
2 993 1598 -14.262308 12.602524 
6 4 512 575 692 1012 1290 41.589803 35.076964 78.892781 -87.020359 45.548885 4.779220 
0 
2 9 617 -8.502354 52.793350 
2 669 787 36.144459 22.886375 
0 
2 555 578 -30.028574 -57.538593 
1 341 63.548730 
1 613 12.142044 
2 727 1718 -62.589799 92.097628 
1 1528 -13.916902 
1 338 97.740183 
1 1008 -82.877420 
1 486 -15.767800 
0 
1 489 84.908744 
3 451 1146 1198 -63.332592 -70.638791 60.624875 
2 131 1125 4.252398 78.020978 
1 290 -53.584137 
0 
2 847 1150 58.056859 -76.205660 
4 379 969 1101 1505 58.281741 75.418419 86.039000 -51.240596 
3 273 569 660 -23.585200 -46.964487 63.512775 
2 1363 1720 -71.838154 -9.816595 
2 392 518 75.926698 -83.994405 
3 363 441 1560 -21.158388 -33.861394 15.323438 
1 735 65.563405 
3 267 1349 1577 90.680570 -42.882339 62.593103 
3 482 562 912 -25.550661 81.384561 7.439641 
0 
0 
1 1095 43.957650 
3 35 512 1367 82.903412 -33.046840 40.666168 
3 38 1029 1415 88.206229 18.749271 72.468217 
1 871 -57.815218 
2 1096 1621 -96.604028 -30.279355 
2 623 753 -23.077031 29.678917 
2 436 1408 47.656196 -44.818951 
0 
3 41 1360 1487 -53.903845 -52.949425 -99.624801 
2 412 1470 -92.498472 54.903524 
2 284 882 86.749047 -80.416933 
1 584 26.327499 
0 
1 1481 83.949815 
5 273 635 1200 1235 1608 39.370249 -5.682940 -57.850186 69.882194 -99.112355 
1 697 40.231338 
0 
1 1110 -36.068726 
1 1201 -2.816691 
3 890 1369 1468 53.973847 -41.897520 -34.891051 
1 67 -47.382464 
1 1638 13.651326 
2 693 867 92.496706 96.087297 
0 
3 156 609 1096 1.324306 -36.203104 -57.985162 
4 25 1039 1365 1572 76.828539 14.792397 -14.489849 -46.286944 
1 1346 91.495184 
1 68 5.740011 
1 157 28.399997 
4 50 378 527 1558 10.129595 -63.834507 -97.407312 39.970554 
4 78 451 1051 1524 9.474425 8.265100 -85.699273 -38.360176 
0 
1 38 -54.957542 
0 
2 10 176 2.490929 -59.857241 
3 290 917 1300 -80.712714 95.690335 33.944155 
1 338 47.872847 
2 1155 1395 5.880975 -42.357705 
3 108 1060 1530 -46.900528 92.458838 86.903383 
1 1676 -34.978207 
2 59 687 18.157524 -99.291921 
2 187 856 -32.555533 -25.638804 
4 739 948 1239 1600 -50.758310 22.845649 20.811390 -43.197913 
1 148 -87.220547 
2 767 1469 -76.422576 21.288316 
1 1629 -19.490393 
1 984 -99.355632 
1 518 29.743365 
3 584 1135 1229 -87.463594 46.267122 76.538174 
1 19 -97.466595 
5 624 641 713 886 1444 52.746258 -58.610641 -1.424217 8.863564 30.515122 
0 
2 822 1313 -37.718017 -43.592094 
0 
3 138 383 984 -0.477616 -25.273520 -1.494400 
0 
2 1170 1507 -45.829442 -93.634793 
3 157 202 1633 -55.343404 -42.393376 -48.695863 
0 
2 884 1140 -35.383016 21.972789 
1 591 -64.280420 
1 1528 17.189544 
0 
0 
2 1172 1397 -3.004262 -15.821135 
1 378 -11.924152 
1 906 -87.890412 
4 318 369 372 1438 75.356178 81.367020 -27.469648 -49.763890 
1 1057 -36.652469 
3 1199 1222 1255 -97.432748 -8.126683 19.121643 
3 115 541 1028 -76.598728 -57.855017 65.818518 
2 821 1710 37.363668 -86.435410 
2 1575 1725 64.672639 76.255258 
1 908 -95.003409 
0 
1 27 27.567281 
5 119 122 864 908 1295 4.603152 -47.644271 29.163849 54.655651 22.117746 
4 59 1076 1163 1207 37.765808 -95.252177 -58.031380 -48.283459 
1 999 81.282081 
1 753 -25.358219 
6 527 633 837 1139 1412 1477 -97.918744 -23.050962 29.173795 71.959833 -15.949066 -87.018851 
3 326 1305 1340 -67.322417 -66.281657 26.029515 
1 543 66.153289 
0 
1 98 68.188102 
2 1053 1287 -88.239893 -76.663552 
4 224 523 740 1026 50.974952 85.161713 -18.400030 -1.606502 
1 438 97.250597 
4 839 1091 1214 1313 -53.056789 -94.167184 -40.398458 -70.054647 
2 537 1427 87.193382 -28.674699 
2 197 975 60.425942 -61.140457 
2 196 1643 48.802804 -5.675022 
2 558 679 10.814136 -65.585378 
1 503 15.036580 
3 219 1169 1273 70.191519 -33.114269 95.330534 
1 563 -20.754354 
3 675 1372 1622 -61.724682 50.685751 12.007269 
0 
1 8 -44.990802 
3 325 1036 1721 -52.072720 74.186664 -95.762635 
0 
2 1058 1175 -20.669348 -96.358223 
4 447 1572 1664 1720 -39.745708 20.907295 -39.013332 23.439700 
4 1098 1168 1603 1651 13.044997 63.156954 40.990206 10.922107 
3 10 25 1665 -56.676236 20.081148 43.343439 
4 246 703 844 1149 69.604711 43.713795 75.588192 47.447192 
3 918 1062 1387 36.612330 -58.679992 -95.818763 
1 1631 71.845940 
2 391 534 76.623058 -25.867300 
1 427 9.343607 
0 
2 1216 1259 81.663139 -5.013204 
2 146 776 -89.846975 61.857351 
4 17 119 942 1744 49.621365 -33.055392 -53.159150 -66.805902 
2 294 1467 78.443829 -45.104487 
2 381 1084 -90.519550 94.578498 
3 270 610 1096 4.295891 95.774099 39.751197 
1 655 -9.785569 
1 111 89.025074 
3 323 599 1287 60.374618 47.727016 10.341980 
1 434 -31.920141 
1 1096 -88.876773 
1 1075 58.921023 
2 606 1748 57.263790 55.885015 
0 
2 947 1491 -77.576994 -70.985965 
0 
1 246 63.995428 
4 525 734 1050 1709 44.597998 -80.193766 0.249948 -18.999401 
1 506 -44.736126 
0 
1 778 59.991670 
2 321 557 92.604286 74.074111 
3 725 1321 1450 -15.627733 17.720455 -52.649912 
1 1594 9.208946 
2 832 906 21.534417 -35.284659 
2 1074 1333 -75.362162 -9.675127 
3 206 956 1473 7.804674 -76.324410 79.335585 
0 
0 
1 23 38.073788 
0 
4 69 1136 1137 1383 -68.008032 61.607725 55.071517 2.877768 
0 
1 1268 16.822431 
2 323 1063 82.327425 64.113244 
1 260 -93.415883 
2 406 987 -73.581728 95.494357 
1 307 2.117700 
2 701 1626 38.959702 -24.605473 
1 1451 -57.367549 
2 627 760 74.435464 -59.325634 
3 684 940 1442 -24.962916 19.245683 57.649510 
1 533 -33.721074 
3 141 1267 1443 -53.977449 -28.639104 14.698038 
1 1575 -3.298693 
1 682 -57.901815 
0 
8 327 772 927 996 1268 1315 1438 1744 63.790930 -37.988353 37.671952 39.622139 -66.881352 -12.224993 8.799128 43.128441 
4 64 566 729 1423 -80.999101 5.948111 -13.539325 56.223117 
3 566 751 1203 -96.952727 78.434202 -39.490670 
2 653 1436 40.238856 -54.403581 
2 296 1443 -81.985140 89.594569 
5 424 777 814 1409 1693 -63.696823 59.629030 -51.642460 -0.737858 -35.055495 
1 1134 -0.154726 
2 390 565 81.286357 19.990918 
1 1686 68.265542 
3 873 1177 1203 -73.686135 -11.049322 14.328813 
4 574 583 1478 1687 15.918469 -25.785181 -91.945905 -7.590725 
3 311 676 972 -8.675230 -54.050856 69.465510 
1 1379 81.831940 
1 787 -62.351826 
0 
1 1301 33.309864 
2 1226 1242 52.160343 59.331139 
2 1353 1485 -99.867160 11.874240 
4 72 567 626 1639 76.095346 43.256296 27.450775 -43.978428 
5 19 472 1042 1321 1651 -98.783448 97.127347 -1.788526 -20.769689 21.363620 
4 233 547 1126 1338 -47.742913 3.853600 -10.274900 28.857555 
0 
0 
1 1210 -16.315216 
1 1164 17.883307 
1 703 65.092692 
3 322 863 914 1.471891 -38.647892 22.837171 
3 47 220 613 91.121666 -33.543833 -68.241948 
1 725 41.447971 
1 1599 -59.134286 
0 
2 381 662 -48.510599 -51.057971 
2 753 856 -16.782500 30.759573 
2 1455 1592 2.648002 25.639050 
1 594 -52.882801 
0 
1 872 -39.212291 
3 423 985 1125 80.874412 96.094287 -42.056118 
4 35 385 425 1696 -11.952389 -62.397936 -23.673254 -94.793774 
1 188 -87.711374 
1 1740 -15.667351 
0 
0 
2 538 1273 -94.952002 32.979599 
1 1193 74.362054 
2 242 1207 -90.789390 50.410076 
3 256 271 1145 -81.059276 -52.742318 -1.041620 
0 
0 
2 704 771 -17.399781 32.547903 
0 
4 645 936 1205 1683 44.743601 -82.211910 4.225208 64.030997 
1 1428 79.837383 
1 1004 -53.967712 
0 
4 86 542 1308 1475 88.769908 58.313358 -57.426969 -60.101517 
1 1430 -33.878959 
1 1456 -29.051861 
2 1309 1529 -25.040998 -8.926202 
0 
0 
1 854 33.922904 
3 442 777 905 -26.100488 35.273720 53.510724 
3 635 1538 1574 10.642072 90.559136 -34.325662 
2 426 1150 -19.386845 -14.405464 
2 760 1327 -7.220139 60.219884 
2 1211 1479 -55.525103 -57.029230 
2 57 1503 11.125909 -39.177457 
0 
0 
2 972 1280 51.249429 -47.038770 
2 621 721 -17.346281 39.283560 
2 1611 1718 41.666703 54.887959 
2 210 439 53.520499 -69.597458 
0 
3 840 883 1356 -51.094771 -20.813767 38.609835 
3 1455 1508 1579 -23.068336 25.188610 40.359105 
2 43 1267 -89.761900 -71.571827 
2 617 1318 43.306757 93.353911 
1 33 -15.572490 
0 
2 491 594 -13.750434 19.349374 
2 769 909 -58.788350 -52.049391 
3 143 510 612 -37.570775 33.416484 -4.494822 
2 74 1024 -43.995294 17.735590 
3 531 656 1593 -2.552819 88.626796 81.909990 
3 459 1500 1636 82.041005 11.470582 58.406298 
3 11 1221 1678 91.551622 -33.365320 67.556370 
1 1297 15.897139 
1 1564 39.683175 
3 122 759 926 -94.013732 73.711662 -92.297945 
1 486 -17.416425 
0 
2 1138 1349 -25.647864 3.465689 
3 282 1688 1732 -48.122342 79.997582 -56.243143 
1 141 21.132374 
4 1058 1331 1350 1608 28.291059 -71.080239 -65.820248 -81.188580 
1 262 66.983792 
3 11 630 919 0.221764 -2.566422 57.490897 
1 1393 16.099684 
3 551 742 1498 -54.717921 -77.812229 -12.445094 
4 970 1044 1421 1503 -58.968647 -23.773311 8.311909 64.326344 
3 106 1014 1492 58.953231 17.260671 26.160880 
4 141 796 1188 1407 81.001481 44.047405 6.238012 14.438600 
3 372 604 1327 56.674499 -6.919160 63.286643 
2 645 1347 64.341931 3.526711 
3 1417 1585 1620 -15.120090 -32.275489 99.170914 
1 900 -33.704479 
2 568 1379 -35.791028 19.488201 
0 
1 730 28.740811 
4 260 402 1147 1433 44.110331 89.398323 -58.788040 -31.170777 
1 692 -17.908811 
1 734 -88.921553 
1 482 -28.690466 
2 726 1594 97.526000 29.132871 
1 1400 14.110403 
4 177 900 1362 1500 -12.627464 -62.948860 -72.867275 -9.436814 
0 
1 786 75.873694 
1 426 -12.567547 
1 979 98.795171 
1 1283 81.705396 
3 118 211 1253 30.285828 6.743877 -38.441893 
3 350 678 1160 -21.429686 -71.132367 76.669620 
2 866 1560 3.860473 77.987651 
2 1216 1687 91.546711 -61.769604 
0 
2 758 1541 -67.860366 47.756490 
0 
1 956 28.518882 
2 325 1174 7.031395 0.333927 
3 126 1029 1409 68.798051 -29.286378 46.066771 
0 
2 189 533 93.041949 46.976140 
0 
1 480 22.693933 
3 633 1348 1683 13.198677 24.595934 33.030907 
3 221 822 1072 62.823710 96.568729 51.752089 
1 1667 -75.628744 
2 409 484 9.853799 -37.291505 
1 1182 -42.178600 
5 222 227 993 1632 1671 -57.681682 -80.126720 26.590830 -18.720117 16.322870 
1 1633 6.000388 
1 303 -89.645924 
1 1010 -51.162139 
0 
3 86 1185 1262 -58.134595 -92.616599 -25.506259 
2 110 313 -61.651067 -16.886100 
1 1486 -63.587214 
4 244 488 565 1042 -92.300774 -58.753060 98.714138 -46.694376 
1 464 88.738994 
1 391 -65.855325 
3 676 740 1235 5.629467 16.899720 -89.801404 
3 20 1448 1570 48.203762 -70.301374 -9.256887 
2 278 1201 67.609958 17.162196 
3 106 1136 1624 88.643252 33.853899 97.519370 
2 339 430 -6.798315 -38.936116 
1 952 81.544990 
4 83 608 721 1175 64.483856 32.433832 -29.616209 -73.615529 
2 518 686 64.281265 99.207152 
0 
1 1216 89.774457 
3 355 1430 1506 -94.607462 -44.750464 82.483170 
2 410 818 -93.467974 -16.256474 
2 419 1562 -91.684124 82.369844 
1 174 -69.168858 
2 992 1492 -89.565986 -32.539525 
0 
1 1253 65.705002 
2 204 1686 -77.446141 47.326058 
0 
1 956 55.930987 
1 1212 -31.037399 
1 1645 7.996777 
2 259 993 43.666757 43.793918 
1 1188 35.908155 
2 645 993 -97.908533 -48.291091 
1 533 17.371067 
0 
1 129 19.560037 
2 1417 1560 49.785189 24.507634 
1 373 21.026214 
3 1036 1226 1370 51.888842 52.966600 39.800928 
1 1086 -63.294802 
4 165 674 728 1713 20.070746 0.630250 -67.604197 -84.113508 
2 764 889 66.274768 -90.502575 
0 
0 
2 679 1293 11.893902 0.827117 
2 811 1687 31.963347 87.556934 
1 976 -92.918864 
2 477 1134 -28.287240 72.535839 
2 381 1446 -83.117175 36.883907 
3 136 716 1477 65.961446 69.193162 -88.423135 
2 415 1260 8.366273 20.880077 
0 
3 1244 1261 1284 93.998569 65.670098 27.928417 
0 
1 190 35.441829 
2 217 938 -25.703516 -75.655536 
1 1299 20.514951 
2 786 1353 6.750280 86.130102 
0 
0 
2 316 542 20.294768 -0.736343 
1 489 -28.716299 
1 1244 -44.644702 
1 538 95.674468 
1 1502 -44.375778 
3 503 710 1731 55.873116 88.585710 34.356795 
1 1168 -98.893578 
1 1152 -60.659893 
7 112 273 663 1195 1501 1625 1717 -28.836314 -50.965141 -16.938159 31.421819 99.515723 -96.059688 -73.349175 
2 55 1642 40.339688 74.415924 
2 730 868 25.183397 67.508955 
2 407 1749 59.997680 42.992421 
2 1280 1667 -50.389875 -83.482805 
4 518 670 828 866 -50.790813 -18.142529 -79.370666 47.075722 
2 358 427 -10.243332 -41.185971 
1 179 62.707168 
2 634 935 85.611831 -69.849498 
2 1047 1593 -90.955396 -20.026310 
2 574 995 58.630521 54.492664 
4 733 1003 1036 1332 58.423706 -44.574015 -49.488305 42.161474 
2 665 1195 36.886090 48.405148 
4 313 1113 1356 1406 -15.597678 71.224862 -67.300278 3.066454 
2 395 1286 93.745437 78.022816 
1 896 -85.263798 
2 1050 1576 24.287487 -12.894885 
1 468 43.347662 
1 1663 42.078363 
2 154 1718 -16.333713 64.628355 
2 1041 1618 46.080605 56.385237 
2 657 764 -88.368133 -35.976834 
5 54 1029 1061 1379 1539 96.821538 4.763660 28.222307 99.786329 -0.392285 
2 0 199 -10.323196 -22.226623 
2 64 512 73.403858 -73.661518 
3 582 748 1120 17.460189 -54.378403 35.210897 
4 236 872 1114 1541 72.719459 26.119372 29.748657 83.408652 
1 1631 -82.976723 
1 984 -5.903851 
1 1005 -90.565372 
1 1653 -29.883210 
4 137 1294 1559 1569 24.892759 -86.079107 -1.863639 -8.854115 
1 175 17.312469 
3 216 595 1164 -96.498299 -25.474846 -81.684122 
3 679 1521 1585 -23.702523 -62.886171 -46.078100 
2 677 1676 -63.187898 -2.602476 
3 257 403 1235 96.321753 37.602972 7.790790 
2 146 999 -91.925519 -2.017579 
1 438 -58.305992 
1 1125 45.425167 
2 499 1162 32.335441 65.071856 
2 978 1607 54.987245 79.313763 
2 697 1095 90.956384 -2.346084 
4 115 530 1058 1357 25.156937 44.071066 -89.002388 -44.815608 
4 148 239 533 562 -25.967642 -11.549002 -36.794324 88.259724 
0 
3 523 961 1539 -0.403549 -3.106745 56.294017 
2 1503 1559 51.790037 -91.263590 
2 367 619 -64.781821 55.615116 
0 
2 742 1071 83.718979 63.913839 
3 245 462 751 -51.060478 -5.122539 -41.900261 
1 638 16.939663 
1 1029 -40.659157 
1 1297 24.778638 
1 657 -39.850943 
2 1346 1455 76.869728 60.672064 
0 
1 224 -47.347940 
2 257 651 81.131592 -12.601483 
1 51 -63.188009 
1 632 64.486162 
1 1503 62.470601 
2 1528 1607 90.124870 59.693075 
1 1252 29.299491 
0 
0 
1 1634 -13.666060 
2 265 547 -57.757704 15.109834 
2 82 1648 96.538127 43.943728 
4 233 642 798 1704 45.497465 36.984066 -95.071578 2.735297 
2 518 902 -38.155246 79.437902 
1 1366 -26.096969 
1 1554 90.698998 
3 149 1551 1570 55.719780 -73.130018 61.517286 
1 509 10.937997 
0 
4 456 717 836 1188 60.795584 -34.176846 95.380223 -44.404911 
4 217 786 1017 1557 66.193295 48.165748 -10.441176 52.298294 
2 619 1456 -0.941245 -45.745692 
1 1367 75.010483 
2 707 1121 -68.012673 -10.966463 
2 818 1298 -75.283306 -27.983221 
0 
1 714 -19.793505 
1 398 -68.030253 
0 
3 55 837 1305 -24.277615 98.942306 -60.052716 
1 1225 -17.168235 
2 138 206 -23.250293 30.045075 
2 1260 1539 68.654506 62.969976 
2 466 1370 -7.276176 19.850034 
0 
2 1401 1611 -92.413016 99.991989 
3 368 585 945 93.312019 89.547770 -21.462973 
2 295 1734 -88.365556 31.364216 
0 
1 1514 69.355518 
2 959 1732 89.949221 8.270519 
2 1070 1090 -4.051901 69.756166 
4 345 568 1316 1455 96.338978 96.715855 87.116490 -56.783264 
2 359 820 88.193333 -97.867696 
0 
2 417 1494 3.626339 84.927360 
0 
2 307 514 35.863095 -56.612110 
2 350 1500 -39.051536 91.190083 
3 215 1106 1573 -5.532742 -38.852592 70.553857 
2 456 1044 -59.575373 -72.911320 
1 432 -54.252624 
3 754 1043 1176 -81.394209 -52.765202 -66.615479 
