5000 2500
3 137 142 2407 -67.596087 -68.601530 75.886147 
6 437 696 1283 1559 2262 2335 67.522539 -21.914701 44.161511 18.305386 36.526757 77.165554 
5 1060 1518 1917 1927 1962 -30.485616 98.041172 27.453151 -19.025097 81.246056 
5 83 514 523 1779 1996 -68.495146 -7.392561 54.517032 -20.380006 50.712552 
2 552 2421 -26.318803 -36.100586 
4 129 537 1230 2164 63.081078 -64.825075 -67.271545 -75.215822 
3 863 1675 2400 -83.889270 -83.963155 -75.936975 
4 459 634 731 1868 -58.067792 -54.304919 2.194565 44.715504 
2 1811 1818 17.569672 -64.757459 
5 473 1167 1275 1622 1928 16.856292 -12.702162 60.597694 83.567000 53.837494 
2 772 1021 45.684783 45.268730 
6 145 1195 1628 2091 2162 2401 24.024011 21.627804 94.395432 87.634893 -55.022081 36.573710 
1 1797 3.896033 
2 51 1518 -20.932474 35.397746 
2 1310 1538 -37.133738 -13.812636 
3 713 970 1842 -51.302698 65.009891 86.545140 
1 15 -31.678234 
3 371 911 2241 11.979070 53.669505 93.301432 
3 12 917 1040 32.893864 79.540757 -22.881729 
2 309 2230 30.760284 67.449437 
1 1898 -85.454523 
2 867 2277 -82.246516 9.664651 
1 817 73.911555 
4 181 546 1408 1836 56.118189 -5.039720 -97.470487 -43.659068 
4 274 1305 2268 2351 61.062230 -10.617544 25.010374 -88.562935 
4 108 136 2135 2306 79.855076 -9.975187 -95.389340 6.942128 
2 94 2348 20.510391 -80.727701 
3 1028 1825 2497 31.371953 -35.992685 -86.409427 
1 1689 29.535002 
0 
0 
3 562 1622 2477 95.714535 -6.080048 5.677639 
4 409 601 1549 2282 -32.903096 42.754323 -48.938883 -66.989620 
0 
3 209 804 2351 58.030575 -80.059681 -77.631062 
2 1612 2015 -45.186266 34.768391 
0 
3 1193 1439 1878 8.498563 -8.375718 53.225631 
2 127 2479 -3.604533 42.641501 
3 951 1102 1285 -93.361387 -42.036839 0.071211 
1 471 79.222963 
2 11 762 96.553851 36.273946 
2 263 521 -30.570404 32.771505 
2 310 1893 95.568284 -81.444372 
2 681 1742 26.684118 -64.323197 
1 2079 53.338829 
2 575 673 53.383559 -93.359103 
2 187 261 15.735241 -63.706855 
1 10 -37.960523 
6 109 569 800 844 1186 2064 18.966563 -78.081955 -78.714248 46.008344 61.285814 -72.311618 
2 263 553 42.466835 84.146226 
1 1868 -59.939182 
3 120 1210 1314 96.714106 -49.653387 72.004181 
5 64 109 1673 2093 2398 76.360349 18.187317 -29.390962 80.512303 -99.046717 
1 2373 74.865209 
3 515 1275 1762 53.184239 2.784951 -86.191168 
2 1149 2259 -48.471768 85.953174 
3 1108 1215 2028 -4.327811 -70.230591 46.308884 
2 755 2283 -68.741534 14.736352 
2 1271 2152 93.161913 22.748331 
3 758 1233 1749 -98.749069 -51.802192 16.155658 
1 667 82.047841 
5 1081 1771 1798 1885 1900 -1.974105 -39.261999 -53.468385 79.300711 -31.739471 
0 
2 260 887 66.266893 -4.774691 
2 718 2199 -28.917224 -66.507633 
0 
1 2417 81.700520 
4 341 361 915 966 -1.068456 59.900838 -58.005171 93.741560 
2 551 1001 -65.119637 14.005204 
1 2282 58.223515 
4 709 1038 1828 2315 -4.135560 -22.600332 -26.415115 -20.421725 
2 532 984 -79.525998 -75.488138 
4 23 276 2151 2297 38.845446 73.325095 -14.194847 51.753213 
2 909 1560 76.801533 90.036717 
2 1538 1761 -3.654046 49.283834 
0 
1 1385 37.952987 
1 1502 -28.490296 
3 903 1637 1957 52.205139 19.703018 -70.605017 
2 419 1686 33.623065 69.327825 
0 
3 342 1200 1599 -30.931237 -84.266582 -16.356056 
1 417 -18.499079 
1 1647 40.733202 
1 1687 -98.557478 
4 793 905 920 1282 -40.552360 74.187134 -32.771267 -96.410324 
2 216 2242 -75.346132 -66.166898 
2 1518 1645 -44.910364 0.554714 
5 586 977 2018 2197 2324 53.640835 -69.033532 -70.990877 61.471550 9.697718 
2 200 2480 -91.611325 -94.152719 
4 668 1549 1811 2001 -27.615497 -58.733151 27.647878 -69.513960 
3 1192 1503 1752 45.744091 43.666663 9.201193 
2 1514 2359 -35.951329 36.580556 
6 755 1198 1363 1725 2373 2384 29.665967 48.579114 38.425573 -71.116050 -6.402882 -91.552935 
2 169 345 99.152500 32.058187 
2 374 465 81.934598 29.479410 
4 390 1116 2101 2208 51.016746 32.598760 2.083310 -10.551834 
1 654 -79.700985 
3 818 1127 1354 -49.055810 7.702146 47.078084 
3 2208 2277 2388 -89.045537 -35.568555 -2.703832 
3 596 1179 1869 -28.589339 -86.849164 4.639273 
6 1227 1602 1648 1730 2032 2070 -83.226977 88.991662 99.477615 -15.908765 31.692145 -48.796716 
2 936 1326 -5.968906 23.616581 
4 111 465 571 1032 73.943412 -65.016629 -71.011746 86.434826 
2 2143 2201 28.227997 3.519759 
2 1643 1834 -49.449951 -30.107408 
0 
1 1712 -84.495020 
5 1291 1328 1537 1717 2489 -42.305888 10.846192 -54.538497 65.271823 -37.909410 
3 1768 2044 2475 62.193807 -46.862851 -81.817692 
3 969 1610 1649 -49.306196 -7.204819 -58.395998 
1 96 -33.503613 
2 348 1830 29.091276 -81.191897 
3 1092 1724 1897 -37.917195 35.818507 26.766986 
3 687 704 1323 -73.537752 41.221513 28.872446 
0 
4 2057 2066 2182 2498 50.105346 92.842623 35.069255 -24.569193 
2 424 546 64.908388 -63.804934 
2 464 1343 -5.302455 -80.996771 
5 582 660 1341 1739 1993 69.519969 -5.897109 -89.124198 -7.384114 35.122332 
1 220 65.224787 
3 1739 2279 2333 -30.484542 3.833223 -81.969654 
1 2022 -4.590443 
5 953 1731 1959 2222 2300 -72.302499 75.946676 -24.998486 59.946937 34.724753 
0 
6 674 1183 1200 1233 2083 2221 28.702905 24.967607 -56.367849 21.680676 75.716237 21.899922 
2 1046 2453 21.393215 -35.263546 
3 1062 1091 1953 -64.226064 -23.660054 -62.362802 
1 358 11.915455 
2 454 746 68.352183 -92.636453 
3 125 1561 1905 71.690926 57.218849 -15.934014 
5 142 464 1611 1660 2235 71.603014 -96.766841 -11.591332 -65.824513 28.031319 
4 401 1565 1769 2246 4.482939 -97.658706 -0.501175 8.156880 
2 1237 2228 87.969359 37.978685 
4 1256 1509 2004 2372 69.057581 87.225745 34.478440 52.285303 
2 1028 2459 78.328225 69.562472 
1 1818 81.600719 
0 
2 1735 1790 -68.095859 -6.827854 
2 476 1891 46.555915 -5.512433 
0 
2 530 2142 67.890155 -77.569393 
1 1543 -43.549580 
3 394 2229 2449 42.395817 71.262366 -71.308993 
2 860 1001 34.354198 92.192957 
4 775 1068 1400 1659 79.555179 70.101425 75.241343 73.654706 
4 661 1292 1614 2273 36.228928 -51.027934 -25.488221 74.916636 
7 561 624 944 1397 1450 1502 1891 -99.858512 -95.763332 -34.941761 59.494864 -17.114493 -40.256568 32.642173 
6 110 285 361 434 690 2318 63.180485 -51.959603 -64.743868 -37.892314 -69.338959 81.927150 
3 656 1468 1470 -48.681009 65.732950 -31.739577 
1 119 -13.149581 
5 715 876 1442 1779 1927 97.555397 40.146905 55.560983 -76.498349 -27.149875 
0 
4 1239 1607 1614 1891 -57.107630 64.186700 -64.191822 -32.566413 
4 373 722 1371 1484 30.281028 14.110075 -29.691737 -48.308754 
4 100 224 507 1592 56.953547 33.841142 -97.039763 -92.148974 
4 1681 1782 2030 2226 39.462260 -77.892672 -80.939297 97.328817 
4 589 684 868 2044 27.695828 -72.846327 -67.909223 -66.841485 
5 641 912 1400 1545 1676 48.024281 51.844696 -67.040681 -25.000161 92.774587 
4 558 979 1185 1492 -19.539223 66.303941 54.448683 -13.723108 
2 116 1888 64.141389 -82.797817 
3 631 928 1241 12.958416 81.972158 -95.827714 
1 993 1.463611 
5 309 473 521 1978 2185 -30.795850 67.312252 -42.466281 -68.681050 16.819790 
5 258 294 613 1464 1994 98.986080 -98.817424 46.550722 -97.433972 -49.588423 
3 555 1354 2384 67.010910 32.115202 32.916672 
2 553 2028 -42.179997 -10.336592 
1 931 98.330548 
6 992 1052 1104 1123 1527 2118 -3.457417 32.231697 49.060644 -98.124168 -67.313702 15.523388 
2 1258 1889 32.106025 -96.699767 
5 620 670 1815 1970 2291 -97.852726 -73.199340 60.249686 4.699495 -4.043384 
3 70 951 1308 -29.605517 36.787374 0.089809 
2 2189 2219 -27.305410 67.111963 
3 592 1767 2331 -27.725832 -93.111117 -74.772795 
5 194 470 826 878 1980 99.095289 95.494736 40.814603 58.220487 25.166467 
4 2089 2266 2342 2345 -39.200046 88.236046 -88.704589 -73.930969 
3 385 605 1802 -27.346848 -71.085206 27.871270 
0 
1 2496 14.833526 
5 155 845 1265 1325 1374 -49.201600 -28.152972 87.897369 25.232045 -9.562360 
4 833 856 1131 1751 85.161219 -92.138194 -74.075130 11.766652 
4 287 353 777 1481 5.560127 29.551904 8.208302 57.520080 
3 43 1388 2344 57.965688 -56.901647 92.493681 
4 626 974 1490 1586 21.571439 3.681575 15.407844 38.997189 
3 167 1989 2478 19.824074 32.759973 34.185295 
2 1044 1781 -21.789504 59.604613 
4 1375 1414 2465 2474 -52.339141 9.727676 48.863457 -56.774692 
2 1522 1632 7.327152 -47.619623 
1 906 6.540568 
0 
2 408 1131 12.658225 -14.706575 
5 356 490 615 1172 2479 -27.961669 35.486446 -84.723263 94.547748 6.422034 
3 367 1038 2203 10.250650 76.282703 -55.249929 
0 
2 533 1022 -4.864192 26.042211 
4 664 1729 2017 2117 44.401990 43.381117 38.824759 13.271418 
4 290 634 1792 1948 -88.309231 -88.612654 -55.460770 -4.616735 
1 2134 23.066549 
1 2275 -29.700213 
4 1505 1752 1789 1995 23.014002 81.641661 93.562709 7.062431 
3 560 977 2009 68.643530 -50.099143 -52.672454 
3 1458 1848 2348 74.680125 -43.307790 -9.969447 
3 258 1006 1998 19.701078 38.650284 -94.716584 
3 228 1069 1396 -28.007561 -96.958896 -0.929996 
4 1775 2085 2091 2256 32.284905 -80.381618 54.135024 -98.404585 
1 1579 -38.695506 
1 2125 -17.417265 
1 1657 -46.799150 
1 1264 26.412264 
5 165 1208 1451 1484 2212 -34.820112 87.056929 -99.664995 -29.026188 -90.347864 
2 582 713 32.705771 -46.591986 
2 328 1396 41.653176 51.874997 
3 637 1369 2210 93.088630 -79.870004 -9.969779 
3 130 1206 1808 59.278907 39.014985 23.093496 
1 2325 -13.846513 
3 1262 1812 2134 -4.921193 -53.762543 93.296162 
3 1006 1705 1942 -70.409258 43.013638 15.441816 
4 169 1617 2043 2369 58.306087 -6.459472 8.818458 -55.865606 
0 
2 517 2376 83.327880 55.507043 
1 1720 -4.517814 
4 764 780 1265 1942 79.768288 -28.400113 -42.523748 -33.332454 
4 400 1637 1877 2062 -29.656097 -94.872838 35.852939 53.794797 
4 610 710 2172 2449 -17.409017 32.902050 -3.089657 43.936816 
2 302 2423 -32.987467 -56.311628 
1 423 86.096952 
1 1195 -59.941619 
0 
1 1729 -80.862587 
1 1902 -87.369157 
4 747 1651 1686 2465 -32.861150 -85.785716 -58.678790 -66.945029 
2 527 1383 73.955208 -38.352472 
1 2305 -74.942023 
3 9 625 2127 37.205678 -43.119847 -53.052414 
4 1120 1607 1847 2032 62.076795 54.938172 80.517032 85.798867 
1 799 -58.753385 
1 1507 -72.911618 
2 352 2049 -60.667080 -47.288240 
1 1254 9.625053 
2 200 2142 -2.389475 -10.665727 
1 1643 -1.909024 
0 
2 561 1993 5.327770 45.577570 
1 1299 36.802141 
4 860 1168 1701 2122 -40.945469 36.562696 -15.779322 21.802752 
2 1495 2371 -47.466550 -87.840544 
1 407 99.811771 
2 271 2108 -29.400676 -50.522877 
3 687 932 1015 -26.521178 -67.669421 61.485062 
1 1826 -44.539078 
2 547 1484 78.120922 -70.644876 
3 132 575 2108 -65.618527 -31.698474 -47.931886 
0 
2 117 2091 58.819937 -57.956275 
0 
3 137 403 911 73.653468 -64.479507 -29.850335 
1 706 37.321872 
0 
6 39 229 1301 1555 2044 2272 -73.513133 -76.851959 -35.821359 -73.401707 -29.175561 71.726266 
4 349 704 1363 2395 -54.524785 76.014492 -91.863119 -29.737766 
3 1061 1492 2125 85.379765 4.230180 80.079152 
2 1007 1039 91.290788 78.145185 
4 164 416 928 959 80.893434 -95.352511 87.229940 80.041679 
4 787 2081 2378 2396 6.870184 42.659376 26.260288 -39.477530 
0 
2 1130 2268 69.055650 81.393438 
3 240 241 319 1.484727 -53.595309 16.436844 
2 832 2381 -22.947625 91.883564 
1 1328 -34.203278 
3 613 1610 1977 -49.440081 25.411484 -58.118689 
1 408 66.782744 
2 864 1305 -2.557481 -17.510519 
1 1109 5.747882 
1 305 23.328497 
4 537 1079 1140 1656 -20.398558 -33.899594 -69.208192 27.440114 
1 922 25.476022 
2 1181 1962 -67.698143 22.036698 
3 1806 1906 1987 -25.004110 -76.820352 27.777808 
2 1961 1965 88.233624 -3.864914 
4 16 843 1089 1263 -53.327736 92.202539 36.452584 -7.204824 
3 188 1623 1824 24.327510 44.645147 29.067533 
4 1007 1261 1394 1609 40.683173 -76.439035 -38.646551 87.146260 
4 648 742 1567 2408 -55.823231 -28.001872 -79.273723 28.008288 
3 68 1398 1548 -74.782000 20.933453 40.191974 
4 221 969 1397 1949 -22.878745 60.730147 -90.403873 61.164980 
3 783 859 1751 -2.590357 41.122790 92.498845 
2 424 1821 20.716510 57.653784 
2 1356 1545 -8.017001 38.838301 
5 363 812 1288 1659 2156 -72.595248 -33.409250 82.807094 18.151599 1.813486 
0 
6 148 466 609 916 1247 2281 83.372606 -36.880711 28.058050 -80.807326 -85.425839 45.810370 
0 
0 
1 1484 -39.499447 
2 1264 1333 24.246515 39.628554 
2 130 2457 -95.259878 14.617414 
0 
1 1216 -75.550951 
4 955 1375 1819 2180 63.585895 -59.749386 -18.117603 -2.991872 
3 1080 1492 2446 -1.332559 39.427233 -89.847069 
2 988 1522 -89.581930 25.322714 
5 194 471 679 736 1058 24.388510 12.509446 75.627429 -28.717577 40.496485 
2 397 1181 -52.571384 -85.210275 
3 827 975 2362 -78.960780 -39.759968 -57.562418 
3 513 1928 2363 -44.361587 21.180000 0.378574 
2 1055 1969 -83.256861 14.147142 
4 122 1140 1319 2247 -82.975641 -74.532460 -86.262123 -47.149319 
4 215 1051 1328 2055 91.841417 45.553712 95.106227 -35.604263 
3 597 1225 1491 -34.454649 62.303069 -18.211699 
3 1627 2366 2412 -25.602698 75.170499 -36.399657 
2 2023 2199 -67.309862 -78.481231 
3 1645 1658 1883 -83.383372 -29.856119 -51.551263 
2 1115 1863 24.334733 31.854672 
4 758 1048 1065 2416 33.838369 -13.331157 33.259033 40.131982 
2 436 2045 73.456968 -23.095693 
2 295 1752 33.899777 80.794814 
2 646 2059 -72.926567 97.747437 
6 74 379 530 1139 1577 2408 31.844488 -73.599639 -27.792168 -64.056579 -17.607654 99.290063 
5 116 1047 1199 1732 2441 -0.629423 -21.011660 13.964417 -34.063432 -91.277454 
2 1372 1422 15.158458 82.259889 
2 69 2222 28.176239 -47.935004 
2 1547 1671 -43.105745 -66.004629 
0 
1 1913 39.384321 
5 332 370 1480 1522 1984 -92.801604 45.224401 14.225025 85.398448 -84.748580 
4 12 234 1057 1140 -76.135163 13.045167 -29.656525 41.543104 
4 6 93 571 663 14.012143 89.018934 -66.495636 -61.345450 
1 713 5.490944 
3 80 943 1484 39.730636 -23.735034 63.328635 
2 1529 2357 -52.075367 32.483465 
2 576 1776 -5.219121 -42.356819 
3 13 806 2413 43.200595 -64.257834 40.109101 
3 84 1234 1825 -41.828783 61.029140 -18.011206 
5 647 686 1145 2228 2360 33.385352 30.411024 -0.857459 -81.315944 16.597169 
3 639 761 2173 44.206504 31.944462 -27.750474 
4 974 2036 2326 2460 13.222999 -43.204091 -14.666501 88.344902 
2 167 2482 26.854316 -33.052317 
2 156 1688 -93.371497 37.334102 
3 1012 1797 2431 -83.099784 -26.096250 93.855435 
2 534 570 -99.665241 -69.395217 
2 466 822 55.332393 84.075633 
0 
2 265 493 6.834567 -4.419888 
3 965 1268 1562 -25.428649 -35.601804 20.617053 
0 
3 1236 1722 2319 -36.067625 -33.301616 37.249398 
0 
1 2060 -44.126938 
3 53 108 1686 -63.744804 13.479162 -13.402926 
4 556 880 1525 2183 -18.951330 27.105627 -68.280354 7.150861 
2 631 1725 -3.852261 4.782401 
2 1427 2380 -82.394305 2.624082 
1 2265 98.235523 
2 27 107 -63.784251 -46.998588 
2 408 1594 -66.388009 34.067557 
2 562 841 9.374705 34.391409 
4 31 604 810 1607 -79.412919 73.751697 -5.913135 -65.965232 
4 1465 1968 2220 2400 -82.903014 -5.620466 -64.956876 93.413696 
1 1305 52.176647 
0 
1 1387 35.076745 
4 1329 1505 2182 2425 -52.207385 63.965689 -60.823787 -9.075295 
1 797 -0.788555 
2 705 1724 -84.244187 -85.623819 
2 1547 2280 -54.259878 57.128278 
2 1133 1349 17.951759 -59.762949 
2 1366 2490 2.676767 82.071599 
2 601 1667 -13.361003 -42.501045 
1 2035 -61.670966 
1 514 70.301086 
1 526 -24.962992 
2 236 539 35.229527 -35.206237 
1 2365 -33.105882 
3 296 632 1553 33.218703 72.165544 1.239980 
0 
4 448 1019 1271 2277 53.218056 55.067526 -41.407178 17.716215 
0 
6 934 984 1254 1535 1747 2378 56.603566 54.284495 7.887471 36.317098 3.529967 -84.755575 
6 250 398 479 794 865 1470 -55.955650 87.627520 14.957284 -14.735870 64.538571 -28.383087 
1 1306 -87.833477 
4 60 404 1323 1357 -24.161491 -6.140753 -53.237898 30.642171 
2 112 1634 30.115718 23.084946 
3 560 1405 1658 36.783485 27.646522 -90.232044 
5 228 408 783 1075 1586 97.132088 -22.676838 84.094344 -7.786784 -99.137316 
3 96 557 2357 -73.779179 83.428555 -4.079280 
5 199 290 1202 1618 2496 -23.411729 -13.059693 -15.964865 32.320715 39.936593 
3 1680 1787 2155 -97.927569 49.363229 41.120640 
6 425 464 622 1225 2327 2497 -60.406995 -41.733869 -49.145551 12.370892 -48.079308 -0.592728 
3 128 268 1324 -45.258895 22.923710 74.772780 
0 
0 
2 262 1284 -92.415097 2.826101 
1 958 86.967142 
2 1362 1610 51.290208 -0.236898 
6 649 1136 1310 1598 2133 2298 35.320795 -90.497872 96.510324 -18.402069 -46.135039 -11.554629 
2 601 1709 49.594777 -25.479197 
0 
1 357 -66.337947 
3 49 674 1257 -57.817691 26.283174 88.000925 
5 23 400 486 496 2266 -87.818553 -22.900447 27.076299 57.931112 -38.374411 
2 910 1465 -3.931355 -87.508016 
2 75 622 43.598799 11.898008 
4 94 205 1183 2251 -94.563286 24.419163 -53.126551 4.840135 
3 18 404 823 -59.240032 30.909041 39.429396 
3 570 698 1413 44.929933 -42.032913 69.939757 
1 280 -59.633026 
0 
2 1441 1565 21.693090 33.518966 
1 331 -85.590195 
1 95 -19.626313 
0 
3 429 859 1616 -58.212311 0.064241 -32.602253 
1 610 -2.974853 
3 903 1188 2167 -47.585120 75.795187 86.852478 
3 1543 1694 1899 51.430901 -73.062132 -64.622504 
5 123 1280 1318 1763 1867 1.953068 -5.266258 35.314095 28.111054 86.852809 
3 155 588 1253 -34.852289 -81.449498 -80.673303 
7 20 925 1378 1642 1733 2369 2473 16.174683 59.000941 97.679941 -67.915228 7.912991 -19.280765 -52.141421 
1 395 64.509890 
2 1261 1701 87.233515 -24.776037 
1 1507 -19.498499 
0 
2 497 566 -32.325962 -36.641657 
2 78 1854 -65.683521 -95.006788 
3 935 1366 1904 -83.941369 -4.908943 22.114775 
2 758 1034 37.316675 48.602171 
3 379 2193 2203 60.588936 -44.482334 79.671771 
1 222 -5.705018 
2 647 1864 -42.896914 90.399235 
1 2095 -48.016682 
1 717 84.538879 
4 587 1112 1853 2371 -86.928234 12.205828 84.181001 -29.785097 
4 401 1133 1414 1562 -97.723150 58.343975 92.241390 -27.946475 
3 332 1685 2134 -82.662372 13.262951 82.048875 
1 1814 11.493187 
2 1050 1300 79.123480 91.742061 
4 549 645 1403 1881 -22.722868 -81.736389 -89.516177 -81.270758 
0 
2 213 2006 74.555612 -79.845447 
3 400 692 1225 78.533382 93.659049 -61.323075 
1 1054 50.038748 
1 1725 -23.610734 
1 1228 11.870082 
3 359 1990 2396 -38.080379 35.214369 -25.632160 
1 222 -82.169991 
2 1334 1994 -92.936666 94.122870 
4 1793 2055 2254 2369 -78.495541 -48.970557 23.482218 60.985323 
4 981 1277 1804 2423 -41.442821 74.775443 -20.608675 -23.655672 
2 1574 1839 62.620128 -78.621016 
4 88 791 834 1328 -54.844808 48.378582 -90.653842 -99.762290 
1 2133 95.381494 
3 1050 1464 1498 -69.876658 60.842507 -68.690233 
4 1101 1396 1456 2014 -80.989061 -23.293766 39.916284 -43.041789 
2 418 1663 -74.986464 -34.711225 
0 
2 1110 2104 46.202169 67.678695 
4 613 1690 1817 2048 -94.326887 -75.059307 -84.993831 37.399334 
2 982 1684 -69.002129 -58.575967 
3 453 686 1802 46.461593 -77.526657 28.261769 
3 1155 1215 1733 28.277557 74.802039 -21.409016 
0 
4 346 470 916 1240 9.799038 72.489910 46.614812 37.925594 
2 195 1399 -19.611526 -64.775507 
3 502 627 2015 40.261450 -11.554311 -65.803987 
1 541 -74.517834 
3 1495 1627 1991 21.370336 85.434320 -95.782454 
7 35 440 702 842 1029 1207 1899 35.993974 42.008569 37.240938 5.318992 -1.508068 -87.783942 94.474198 
0 
2 410 1380 78.898513 -44.188897 
0 
4 1261 1453 2381 2457 22.510426 -88.406703 96.860989 52.186855 
3 277 767 1622 60.222058 59.577136 27.761071 
5 589 1428 1480 1654 1924 -82.339362 61.948960 -32.868393 -29.106862 -65.205388 
2 853 1210 34.447508 37.393854 
2 1675 1871 -31.894007 87.772549 
2 79 509 56.976502 -56.086372 
3 950 2153 2212 -61.629214 72.453605 -22.890883 
2 1742 2139 70.776544 -47.004372 
6 64 116 286 1046 1341 1929 23.893210 86.258184 -71.658004 68.124119 94.517444 -41.294363 
3 1147 1159 1885 -41.387667 10.588783 71.994313 
1 595 -41.337509 
3 888 1123 1836 52.866313 -35.835817 52.733081 
2 306 1002 84.487696 -35.745865 
4 392 886 1676 2423 -96.991346 95.656091 54.356254 81.105194 
3 805 1077 1660 23.817593 -91.678532 -43.145914 
2 580 2059 33.524532 -36.027841 
1 1121 5.095406 
2 471 1496 70.828455 84.139333 
1 941 -44.897529 
1 1364 -60.480960 
4 20 269 2226 2232 -12.404925 -23.139528 -27.989002 -52.745598 
3 76 432 1366 -16.422589 -95.388758 -34.283416 
3 1393 2123 2293 2.645785 8.191546 12.609479 
0 
2 579 981 -35.049776 4.544643 
2 911 2089 -11.076079 47.175352 
1 2161 -74.147948 
2 343 2397 -46.167430 64.225400 
4 87 1377 1466 1670 -32.301442 -72.381686 29.214247 98.795477 
3 1188 1600 2435 63.675059 -79.477079 -78.796661 
2 108 1867 -84.187333 -3.187641 
5 44 141 223 1952 2491 63.503668 0.318241 97.057202 65.178665 -12.001753 
2 2072 2410 44.457476 -60.751565 
0 
1 1563 74.056712 
1 1165 -20.808281 
2 2177 2486 -0.239217 82.132957 
5 864 1412 1816 2138 2343 -18.754996 -21.985910 -47.415838 -34.923551 -52.291083 
2 1354 1421 82.322976 47.928380 
3 426 1366 2184 29.026267 93.126830 76.545915 
5 961 2093 2094 2339 2406 66.655454 48.816624 47.157436 51.760229 -23.966686 
2 1537 2253 -41.888092 61.527967 
1 1451 78.847866 
4 862 1321 2257 2436 -38.399777 68.362567 -31.025442 -79.957386 
1 1450 49.915876 
1 1502 -7.451177 
1 1547 64.122540 
5 363 522 543 983 1885 38.051459 -83.906984 -86.843431 -86.233100 64.158648 
3 218 1507 2446 53.257104 -4.555439 -29.644416 
3 573 1477 1772 -34.834682 -22.289288 -5.761189 
3 323 490 643 -98.116270 7.882720 73.011722 
2 620 1213 -33.501377 37.255320 
3 22 510 807 -87.837283 42.020394 -42.384831 
3 431 567 1494 55.228895 40.919729 94.096604 
1 1246 -92.435474 
1 2479 27.879211 
2 33 2389 30.436288 7.492753 
1 506 40.773747 
1 1946 -31.122819 
1 877 -91.357871 
3 970 1619 2376 34.018477 27.034555 -44.349015 
1 1176 67.378922 
1 1215 60.536439 
2 857 1749 73.448960 47.351977 
0 
1 2083 -49.181280 
0 
0 
3 2 1412 1942 -59.983109 47.848163 -87.566398 
2 2140 2322 67.225942 45.252641 
2 1426 2210 -38.254807 -78.841845 
4 651 1276 1387 1975 75.720143 58.872405 65.418068 -57.697462 
2 541 800 -47.921394 -29.257204 
3 631 1441 1654 -21.405661 32.550820 97.082433 
3 218 557 2234 -73.211824 43.112110 -42.040753 
2 372 1521 1.339801 65.297587 
4 660 1262 2060 2130 -86.539098 -48.727028 -90.941715 25.772593 
2 469 2435 -66.664243 70.880822 
4 113 1059 1367 1832 97.276029 -1.951779 -79.099294 18.881930 
3 63 252 1112 25.142567 14.023801 67.567011 
1 1974 27.387597 
6 24 32 189 411 863 1803 8.593554 1.169277 -87.990509 -72.932223 87.368457 7.697171 
1 2342 57.063671 
1 1331 -27.114139 
0 
0 
3 38 434 716 -2.790987 13.591489 38.751475 
2 329 1108 -60.188839 92.259597 
5 850 1646 1727 1839 1915 -73.628621 -64.590735 -84.389274 4.379297 65.658676 
1 1122 -11.644695 
2 299 1831 -87.691384 -80.506756 
3 184 481 1240 92.245186 -59.490290 21.911617 
3 158 249 478 89.484499 -62.689807 98.662983 
0 
0 
2 1763 1979 9.435974 -11.461566 
1 1005 -86.029146 
5 27 591 775 1642 2393 92.152843 98.448350 -50.893634 -49.566203 52.387416 
2 938 1840 3.879029 -49.856794 
3 816 1154 2321 29.197182 -29.346222 13.388342 
3 352 993 1765 -44.277313 34.337819 -67.672720 
0 
3 25 1025 2429 -8.458944 -37.887394 -8.751722 
2 351 2258 50.530412 -71.249050 
3 1003 1990 1995 -95.429027 97.277709 -86.444750 
3 684 1538 1710 -56.100283 21.072405 -24.183199 
5 591 1164 1203 1311 1767 7.430880 94.435693 -6.409846 -25.335926 91.450755 
1 327 85.238224 
0 
2 5 1552 14.797750 17.144097 
0 
1 1805 24.630285 
2 59 118 -5.789296 -25.551787 
1 2301 12.791065 
3 310 411 2345 -11.079216 95.492934 69.387275 
3 126 1201 2040 -6.587702 89.541066 37.873978 
1 48 -84.024474 
2 1075 1896 25.003834 5.371759 
2 842 2483 -70.190698 41.920445 
0 
4 365 693 1035 1673 -90.683996 -4.648841 24.952339 22.228553 
7 988 1569 1611 1757 1949 2112 2225 -67.595323 -26.347463 -81.356014 -14.459969 34.438633 -15.415756 -68.403605 
7 129 181 639 709 718 1411 1935 -13.947129 93.675119 71.371065 -91.250578 97.760541 63.846229 74.747454 
3 300 1119 1662 77.980507 43.612920 91.400234 
2 1704 1755 71.154364 26.890820 
4 509 958 1199 1849 -26.111625 8.387277 0.779176 83.990256 
3 277 1706 2334 -16.036252 79.574209 -11.109072 
4 421 649 1738 1909 24.044672 27.302689 1.406031 68.359109 
1 1585 -67.047186 
2 727 1799 17.808501 -81.326513 
2 526 1531 -2.479727 93.944183 
0 
2 1195 1675 -61.909332 48.250428 
1 787 64.302017 
4 1648 1973 2082 2283 -20.111083 93.598305 -68.604124 -81.926355 
4 374 600 1524 1888 -11.958648 -25.130955 71.460480 -0.227461 
5 1149 2130 2192 2357 2486 27.853604 -18.994235 6.579712 30.828513 99.629674 
0 
2 89 1053 -4.239490 -8.511285 
5 594 836 893 1563 2193 39.315231 -76.620651 56.016192 -31.713303 46.440800 
3 759 1771 2069 16.006825 -20.897638 11.719273 
0 
2 1023 1508 82.222133 -30.503001 
2 145 365 98.434817 50.257629 
1 1466 -50.024924 
4 115 1160 1328 1907 63.729965 65.396791 -90.230293 3.283931 
3 67 2059 2094 -9.648958 52.710780 92.460015 
0 
1 2463 -57.050824 
3 213 422 1775 -1.334122 -1.442442 30.540617 
2 397 2451 -93.751189 -38.331646 
5 20 968 2148 2150 2407 -16.165449 17.742103 66.315276 98.175705 45.254141 
1 494 14.918586 
2 291 1294 44.378719 7.824297 
1 2085 -81.522783 
4 723 782 1542 2153 41.291466 73.866235 38.263842 83.048540 
3 217 937 1003 11.708658 94.185082 13.854267 
1 904 66.452941 
1 2093 -5.851970 
2 629 2366 -73.099276 -4.325547 
1 410 45.715292 
2 1662 2381 -69.278173 62.858174 
1 2061 -35.985922 
1 763 -75.639401 
3 267 1252 2485 -1.849353 63.373328 -10.875207 
1 1832 -97.334535 
4 181 789 2097 2118 -0.370150 -41.050857 -48.672673 18.370573 
1 698 76.926649 
0 
0 
4 405 1393 1653 2023 84.930651 -21.015977 -86.820182 44.915564 
1 1965 -68.823324 
2 1532 2491 17.608111 11.616801 
2 313 2205 25.062437 39.005367 
3 169 1935 2275 -55.534301 45.958630 28.133983 
1 1226 -64.674748 
4 101 131 1123 2204 -60.137245 -39.542319 20.002609 -91.960026 
3 245 249 286 -65.059060 8.872789 -83.080745 
4 1035 1338 2080 2334 -39.236909 -74.848361 48.258807 82.302862 
0 
0 
2 124 321 -68.645215 44.070050 
2 4 2316 -38.870954 -47.662478 
6 344 422 990 1407 2001 2104 -39.365833 -29.614733 42.257720 9.447558 -87.724948 40.594983 
1 1394 -43.966432 
2 809 811 72.419027 -50.576431 
1 87 -74.318134 
5 45 120 125 923 1753 81.949860 62.068396 59.086869 8.558027 46.068033 
4 492 523 2223 2460 -20.827553 74.538279 -7.921930 63.179990 
2 341 1597 40.230557 -76.144487 
3 525 790 867 -95.049964 81.082413 -67.096597 
4 351 697 1816 2351 -59.595633 -26.212467 -48.747807 94.739070 
3 728 764 2037 7.672800 15.775995 39.413923 
3 1411 2339 2351 61.758237 7.895894 71.485159 
2 1250 2248 0.488898 -0.746675 
2 1792 1853 66.068775 -26.196230 
1 2444 15.408856 
3 844 1088 2097 -55.103523 -54.102084 -72.224427 
2 151 684 -9.994372 -40.456043 
1 1117 4.373704 
0 
2 1052 1818 8.214440 37.060405 
5 798 1111 1939 1974 2366 -96.149494 -88.021815 -84.523127 71.533364 -42.424823 
7 183 325 524 532 696 1238 1612 13.149254 73.394149 -36.317215 -28.514713 66.910679 59.015094 22.963498 
3 1404 1887 2448 72.989283 37.199079 -48.354543 
3 593 1539 2094 60.167709 64.597795 89.788161 
4 977 1110 1487 1958 -34.358011 66.033955 80.156049 18.725508 
2 893 1508 90.730302 -7.000714 
3 613 1309 1648 27.358070 -17.340485 15.505392 
4 867 1762 1877 1963 -63.889081 75.621401 42.095494 42.443209 
2 1391 1451 -97.669372 27.045474 
1 2097 46.797308 
0 
4 924 1258 1726 2437 -56.955919 6.430021 72.543341 -75.217942 
2 969 1501 -51.328165 44.312702 
5 81 413 524 842 2191 76.077928 92.377070 50.673792 17.054495 -42.038606 
3 17 756 1509 56.175235 24.538830 15.127153 
2 422 1526 -28.179759 -1.798558 
1 366 66.352085 
4 465 699 858 1845 84.469967 31.534736 -92.905313 78.860343 
2 438 1406 83.702473 -27.391939 
2 168 1071 -49.799524 55.220957 
6 52 124 311 742 2104 2430 -77.745638 57.986720 0.808477 90.745729 -11.561332 -84.715582 
3 675 810 1951 -42.705377 -55.508228 -23.366906 
3 285 1676 1805 98.982183 76.996695 59.015735 
5 207 261 706 2306 2392 -16.878907 78.280206 -91.976884 68.218345 -37.451229 
3 713 1049 2238 39.163373 44.012012 17.757891 
3 1322 1896 2208 30.036367 80.361361 -97.065615 
3 271 1688 1798 10.708147 0.716842 60.447752 
0 
2 1985 2349 33.272306 -30.381840 
4 131 637 1602 2070 47.585033 -1.062736 -43.396464 -42.646871 
1 1423 64.446833 
2 1449 1785 -49.786212 -0.843731 
3 261 294 2472 12.148037 38.398029 2.412920 
0 
1 498 -45.465220 
3 479 1266 2116 79.696899 -11.126490 97.626577 
1 92 -6.750132 
2 680 1589 -64.796111 -50.187086 
5 1675 1684 1887 1991 2120 -60.972345 -32.899562 -31.147499 25.776780 -80.550612 
5 283 826 1302 1391 1869 98.465622 -95.028156 -16.549191 8.916695 27.753704 
4 43 700 1865 2402 -84.747273 17.911624 35.323447 88.565829 
4 201 767 1955 2070 -13.968260 -29.346041 -25.899230 -28.635492 
2 633 1987 26.696828 -52.467616 
3 192 266 2139 -13.200893 64.775435 -97.876285 
1 1754 32.124493 
6 253 602 792 2163 2198 2273 4.437703 29.445964 15.292988 -53.843436 73.457521 87.357865 
6 222 280 513 912 1481 1774 -42.352433 -88.830711 65.662038 -34.064708 -4.884760 96.574608 
2 338 415 -4.792270 -22.171139 
2 1285 2457 -80.864371 14.552209 
2 224 564 -65.785698 72.328011 
4 451 1602 2276 2452 87.886654 -4.504942 -5.384415 -96.413186 
1 956 -95.751711 
4 1916 2003 2131 2465 80.117036 -13.918164 10.706055 -58.883694 
0 
5 403 558 1426 1693 2359 74.715155 -13.231416 27.190821 81.656665 -80.785092 
3 218 998 1582 -91.050765 -56.949521 -77.326064 
1 2464 93.526044 
2 383 705 -70.901711 -78.545282 
1 791 -11.173242 
1 426 -19.959969 
1 533 -15.169292 
1 918 -37.144248 
5 563 680 825 1768 2398 34.912640 60.133300 59.023749 83.807624 -74.908413 
2 62 809 -95.062273 76.617497 
1 1026 6.059861 
5 1055 1886 2226 2302 2411 -67.004842 74.795758 -33.100435 93.531582 -8.111937 
3 692 1251 1519 -8.162515 -27.438653 98.743629 
3 730 2282 2293 20.644249 47.450595 97.695702 
3 275 752 1364 11.722695 -69.956633 -68.707476 
0 
4 956 1273 1577 1977 -39.520398 7.783325 84.025402 -28.191279 
7 1042 1310 1311 1639 1835 2042 2112 11.855212 76.333489 88.543930 32.943891 77.746997 78.311912 -24.489749 
0 
1 960 -51.309775 
2 798 1575 -51.569808 -15.706455 
2 65 528 -19.991736 73.421338 
8 9 21 282 469 566 1135 2186 2447 19.182337 56.179201 98.955375 -57.298151 92.446804 -31.245247 -96.773014 97.013561 
1 1787 -79.934902 
3 205 763 2084 -0.373760 -5.846900 -78.181427 
0 
5 660 911 1352 2235 2381 95.393018 -32.610878 14.547602 46.096529 19.089914 
1 1665 -93.857336 
0 
2 1934 2145 65.650258 4.889391 
5 754 1099 1270 1311 2375 -10.108081 -19.088840 -50.086070 -5.326151 66.190329 
6 243 658 1048 1670 1798 2435 -30.950859 -74.288473 30.935474 -57.404124 47.887146 -21.691368 
4 342 347 922 1755 76.200939 53.187789 15.525955 30.639545 
4 212 990 1499 2173 -65.818987 62.059071 -84.221675 -73.766142 
4 441 887 1163 2387 9.814581 63.251547 -82.897209 5.963632 
1 1896 87.049240 
2 614 1690 -16.124465 -31.540538 
2 680 2254 -93.442952 -88.015077 
0 
3 150 901 1422 -27.326678 -36.636226 77.915459 
4 129 1112 1610 2270 84.424004 63.326218 -21.460230 -60.153563 
1 540 -92.215190 
2 513 1778 79.926311 54.866247 
3 649 1706 2187 -9.933129 -68.660057 85.384194 
2 985 1477 93.053889 -65.189869 
2 861 2018 16.775146 -16.360938 
3 428 456 1399 -86.109848 85.091987 -7.118390 
3 1192 1509 1772 71.382804 28.752011 95.432642 
4 213 437 909 1033 11.960180 -99.989244 -70.081865 -18.561494 
3 660 1208 2293 86.056055 -55.200854 -36.027241 
2 1730 1852 -79.094849 84.703849 
3 778 1029 1976 96.805752 -18.015025 5.295116 
7 45 403 1024 1073 1399 1476 2014 8.868603 -35.971903 31.070164 22.006747 -32.331502 -82.757214 45.241946 
0 
3 1578 2141 2148 15.599165 76.672262 -22.925525 
1 1454 93.588817 
2 1055 1796 74.791835 25.322727 
1 339 24.585748 
1 224 82.140186 
2 1347 2330 -47.943563 -15.958254 
3 77 1206 2468 -65.912054 -35.438121 -81.825707 
5 117 129 1476 1490 2340 53.611448 3.820822 50.190845 -47.584775 -15.842696 
0 
5 2136 2188 2291 2434 2438 -51.211681 -21.099480 40.251933 -71.831929 -19.917326 
1 1828 64.339299 
4 579 582 1612 2284 6.799365 -83.672228 71.007670 69.560074 
3 1157 1503 1569 -86.299296 62.203934 68.753702 
1 1410 43.898193 
2 33 775 -90.918432 14.335136 
2 15 1916 3.714763 -78.143252 
2 977 2282 95.217925 -82.657747 
1 1710 -8.769071 
0 
1 93 62.811713 
3 1221 1662 1686 -19.206285 -86.435577 -36.340131 
3 155 1072 1707 96.271061 27.635119 48.507737 
3 1460 1598 1715 -61.836112 -96.487514 27.631806 
2 86 470 85.754172 -76.760136 
0 
5 291 703 1034 1785 2199 -91.500596 -72.309680 -21.690839 56.094456 -98.688923 
3 1490 2022 2101 -86.564254 -36.226284 -47.392354 
1 1054 98.300069 
0 
3 583 1588 2292 23.772169 94.230424 3.305908 
4 414 518 751 2479 -45.129558 -53.876877 52.481480 -67.874849 
3 277 340 691 15.096959 -57.943566 -57.352724 
1 35 -55.543253 
1 55 -96.939958 
0 
2 806 2230 35.981295 -80.717296 
1 911 -44.053809 
2 410 1485 66.423054 97.011727 
2 510 2310 13.702310 94.081878 
1 1820 85.180189 
2 830 1573 68.043667 9.949449 
1 1439 -34.755814 
2 1361 2347 -15.109198 42.200515 
0 
5 650 1034 1471 1698 2280 -51.313332 29.303357 51.742842 65.563398 25.943870 
2 1179 1722 -53.568352 -38.222644 
3 299 1302 1676 -57.107280 -73.606844 -24.474420 
3 1326 1533 1573 -82.914263 48.634456 -99.440600 
3 1617 1624 1685 -27.459814 6.765544 1.154270 
4 62 426 709 1997 20.955120 -5.125426 -56.094435 59.576173 
0 
4 1222 1720 2057 2332 33.683331 -49.596699 -78.982657 -84.631124 
2 69 628 -92.979572 73.170364 
1 1312 70.818883 
4 53 344 1669 2097 -84.382528 14.431089 -39.286532 57.808949 
3 1132 2325 2456 84.458598 17.859130 -23.212343 
3 369 1334 1491 75.426426 -84.691216 -62.385075 
4 226 1124 1618 1789 38.396415 -36.642333 23.099944 -7.871967 
5 229 290 464 2053 2147 63.367651 -15.693514 8.159079 70.368216 -62.643505 
3 658 910 2062 26.437582 44.748872 -69.910416 
2 1058 1261 -1.535479 -94.247904 
4 723 1791 2124 2240 91.369788 51.969359 -94.316616 -31.970023 
6 390 1448 1455 1883 2010 2053 -36.824970 52.028484 72.019389 -70.272784 -93.269255 -25.420853 
3 275 353 886 -51.727152 -31.466775 7.481749 
1 1156 76.755329 
4 18 923 2090 2351 92.299040 28.551606 13.689509 -7.571619 
4 893 2084 2369 2376 71.110513 71.370429 33.337610 -86.393366 
3 1376 2319 2460 43.586252 -38.894659 -87.336094 
1 1150 15.334568 
0 
3 1609 1778 2118 -77.041258 11.431717 29.129040 
0 
4 222 547 1898 2143 58.123951 59.335012 -37.207794 87.707930 
4 910 1331 1446 2261 9.037440 40.978799 77.226400 62.192558 
4 627 755 775 1979 -93.108350 6.211399 11.850281 -4.016102 
0 
1 293 -13.685154 
3 415 713 1211 33.067291 39.458507 84.513284 
2 1137 1836 -76.798020 38.405791 
1 909 71.779712 
3 1816 2306 2322 -23.736017 -47.752018 41.105389 
3 1043 1488 2432 85.017597 -17.567037 -34.605079 
2 37 2394 -90.674169 -96.150861 
5 377 798 853 1040 1130 -0.619943 -83.415182 -89.987065 -41.011404 -90.731539 
1 596 59.095375 
0 
2 179 388 -21.963622 -71.588441 
0 
1 1365 11.401664 
2 2267 2368 4.853639 4.239883 
2 430 526 0.269631 -71.198776 
4 267 722 884 1859 73.193912 85.158101 83.711905 48.707108 
2 780 1019 17.529216 -22.874996 
5 153 250 1241 1545 2273 44.299066 52.972905 -10.177192 -41.465538 -79.033887 
0 
2 982 2140 -0.478162 -32.367730 
1 2472 83.507152 
2 184 1016 81.304480 -4.607817 
5 610 618 1298 1377 2458 -23.602670 -86.398047 -41.000615 -29.100443 -57.105818 
1 93 -49.149857 
3 404 1525 2253 -85.759193 -5.238701 5.772415 
2 608 2318 -68.588534 -45.265377 
2 290 1858 8.965062 -19.047013 
0 
0 
0 
3 1077 1537 2393 -67.846511 76.208741 -85.974624 
4 867 1246 2250 2390 -32.316081 -39.408609 -14.674238 32.701102 
1 2119 -84.953576 
3 737 1304 1528 -81.887870 73.233099 -28.113880 
6 239 706 1394 1682 1893 2328 -58.435709 -56.697061 -10.459594 86.307524 -57.014200 66.284084 
2 2129 2198 65.062914 15.416897 
8 167 420 1426 1523 1615 2169 2299 2333 9.323044 39.188127 -90.754317 57.663473 72.620166 95.360644 -22.736016 37.420157 
3 695 1468 2227 36.482698 -85.176574 32.029245 
3 553 1266 1888 63.306802 -84.886235 78.961758 
4 160 768 1160 1734 -37.730101 54.285716 -10.253633 46.750398 
0 
0 
6 387 513 517 713 830 1198 -20.151625 -83.614086 73.856468 -82.621988 46.659576 -12.318236 
2 202 2396 14.346639 -16.211185 
3 152 891 1824 -2.561855 -82.769895 60.265072 
2 747 1202 -35.565208 -62.601345 
2 720 2468 22.987018 18.975021 
1 1268 40.033710 
3 32 786 1107 46.887125 -69.346146 -18.390307 
0 
0 
3 32 1483 2434 41.034839 -50.083560 -72.588758 
2 1911 2314 -58.206165 -12.653229 
4 127 1584 2068 2313 -70.973311 -77.815580 80.569189 54.170644 
0 
1 1704 -89.850188 
4 466 1353 1824 1861 -52.580573 3.414529 -60.934787 -56.192875 
1 2402 97.349330 
2 1017 1904 -95.282655 25.950020 
2 2361 2417 58.162745 -2.784758 
6 223 368 424 885 2063 2148 -78.169844 70.185118 76.447558 64.873453 84.193644 -1.959934 
0 
3 129 1412 2471 4.390895 47.130456 71.553689 
4 3 788 1719 1870 0.523470 -96.096645 99.622557 4.023937 
3 479 1049 1143 -61.638885 -63.584070 34.010632 
2 865 1194 -75.688390 -70.893498 
4 17 172 571 1897 -57.807475 71.712544 74.111234 20.234946 
1 1603 91.977450 
3 28 40 354 -70.584924 -74.843749 19.310103 
2 533 965 -19.126080 -57.022141 
0 
3 348 1381 2261 -15.522535 -86.220531 -57.179215 
3 70 1385 2066 9.959648 6.441439 -44.967546 
2 807 938 44.517856 -17.449415 
2 461 2134 27.479014 -31.477178 
1 1819 10.795148 
2 634 1549 81.095999 -40.896198 
3 939 2335 2360 53.485694 -59.018578 -0.000950 
4 738 755 1348 1541 72.681224 33.952601 13.480429 -4.990997 
3 293 475 1696 71.486877 -75.555059 28.499120 
4 153 379 1826 2078 27.173095 -28.747041 -45.193074 42.544350 
4 211 1026 1657 1980 -69.817710 -75.272783 42.334461 16.704675 
1 890 15.752161 
2 125 680 -4.470566 64.875971 
0 
7 116 155 308 420 460 1381 2258 -41.977732 -8.346476 21.068663 -24.579672 -91.851600 -38.832345 -7.458059 
2 1438 1602 8.659268 -37.459080 
2 607 2122 38.260318 -88.116147 
2 452 500 -32.336611 -24.536633 
2 824 2281 42.185378 58.085964 
4 354 640 699 2248 -52.160870 -92.992254 89.551285 -75.765051 
2 1459 2408 -45.557593 -74.177565 
3 312 1589 1879 -98.707157 -33.580321 46.454141 
1 2382 -41.686492 
2 1430 2240 -27.163995 -62.715437 
4 755 825 1051 1324 20.206082 -94.664901 63.663200 -24.813119 
4 617 910 1033 1125 99.303198 -54.135134 -53.590051 -94.210382 
2 88 1308 -79.122770 -13.083011 
1 1039 -38.671065 
2 150 1424 89.945233 -82.312379 
3 1469 1827 2341 -6.293926 -26.907193 -23.133851 
0 
3 636 1189 2392 93.740880 -28.931126 41.652346 
4 302 317 1334 1556 -18.951120 -72.941278 65.772379 -84.428427 
1 584 -7.411336 
2 898 1193 -50.265253 97.746493 
1 313 -5.723473 
0 
1 309 -9.391316 
2 1716 1972 -5.580301 16.447855 
2 1158 1872 -31.469087 2.401624 
3 1805 1826 2101 -16.771086 -30.813875 86.753387 
3 1278 2188 2209 10.948036 -41.103961 -97.939395 
0 
3 1245 1743 2372 27.975724 -63.961892 39.054919 
5 733 772 805 961 2166 62.657680 -70.864787 -41.308453 72.417126 11.282337 
3 42 510 1221 -57.052668 54.494389 -17.638216 
2 158 231 31.860366 -25.572518 
1 2431 -62.797116 
2 1176 1545 37.560155 58.056518 
3 155 661 2419 6.974798 -68.857737 -37.461549 
1 591 19.144955 
4 670 739 1327 1722 55.512932 -77.571218 26.784104 -63.964514 
1 1422 0.396002 
3 1833 1999 2378 -32.540607 73.708473 -55.875012 
2 98 1408 -77.996116 37.632692 
4 353 548 607 1527 82.512629 -67.804751 -18.567750 -86.232466 
5 69 978 1248 1386 2483 78.830233 44.032099 54.315695 87.424716 18.265538 
3 712 1431 2084 24.859622 3.725044 -36.809447 
1 1037 -48.201494 
2 1400 1658 -92.526722 -2.278778 
4 3 106 964 1135 49.471342 40.048630 15.677278 64.433793 
1 1413 -1.283280 
4 100 1862 2048 2386 -41.042691 57.860140 36.782945 -98.130843 
3 614 1804 2483 -8.521742 90.652555 -8.151414 
3 906 1238 1535 3.568148 97.000546 76.021781 
1 1309 -11.128711 
2 818 1788 79.685427 63.016917 
3 284 523 2148 -39.928607 47.955552 -42.171918 
4 151 615 1398 1828 -30.179407 63.535224 -97.143895 88.486709 
1 147 69.445328 
0 
2 1001 1558 -80.806711 -29.452475 
4 331 1277 1356 1758 -91.053238 98.921246 98.441056 -49.494368 
4 404 559 2100 2262 -46.155183 -77.740302 43.602703 32.533206 
3 65 578 2359 -49.756948 97.290925 -84.593871 
2 1693 2432 62.296648 -70.959498 
3 447 2069 2377 -87.933691 81.862261 -44.197568 
2 266 1063 -76.805288 66.390244 
2 227 520 -90.844910 44.652394 
3 460 782 1713 -51.388743 4.745274 -42.610801 
3 25 504 551 79.095769 -74.456457 -95.188053 
2 819 1674 -0.305792 -2.976784 
1 150 69.232416 
5 559 1101 1155 1330 1851 64.266662 -39.408592 79.863996 -45.122319 -53.276864 
1 252 66.711953 
0 
3 1488 1713 2047 -9.315726 -68.336991 80.445640 
3 139 264 2110 56.049583 -37.188846 -21.507320 
3 509 1505 1601 23.007234 -10.502633 47.457415 
0 
3 931 1451 1577 -97.925379 93.914616 41.946520 
1 1721 54.839061 
3 1199 1826 2401 2.472871 -99.345999 68.018855 
2 1687 1888 40.365862 97.221291 
3 431 697 1557 13.008342 -65.860086 93.040193 
2 636 1959 16.781022 -55.640030 
1 820 24.702394 
1 6 84.300915 
3 814 1391 2257 76.499394 -38.350072 88.421983 
4 148 593 1956 2165 -67.116546 -88.329311 37.429700 5.517803 
1 1871 41.048540 
3 1364 2426 2443 -10.698104 -57.807720 6.343683 
1 2377 53.910682 
3 477 1303 2286 93.855656 -97.068000 -29.357999 
4 683 1230 1427 2494 -44.377308 -32.433854 75.046150 5.545780 
4 41 1046 1298 2235 -77.562738 -14.159265 43.873697 -79.891963 
2 1373 1922 30.619398 24.392091 
1 1342 8.027301 
0 
2 246 457 25.459795 -86.633370 
1 499 9.937587 
3 1751 1957 2039 88.312410 81.404113 62.934652 
5 103 451 1180 1186 1850 -84.869643 -80.561470 -30.445644 -30.860684 -89.654264 
2 68 2069 31.081567 -68.075108 
0 
2 1748 2029 11.019390 -53.529262 
2 242 1749 42.428371 65.709019 
3 581 1339 2088 -73.130472 7.674571 50.745969 
5 111 211 537 1333 1638 83.367776 94.174406 57.197302 61.898368 -28.967938 
0 
1 371 -86.981740 
2 344 1622 -54.103454 -31.692801 
1 1444 -2.962888 
4 50 582 1531 1985 -44.768141 44.476733 -16.086409 -86.522433 
2 14 1308 61.670526 -9.572042 
2 893 1907 79.188545 -1.972094 
1 1743 -31.068861 
4 1488 1572 1609 2223 -0.627466 -30.869958 25.685271 57.453900 
1 338 85.437580 
5 137 1111 1537 1626 2030 91.514521 89.993733 3.954021 -88.110330 23.182552 
4 194 498 660 1408 19.752574 -57.308516 -88.143390 70.570641 
4 931 1747 1852 2477 -89.358322 32.264746 -83.954308 -73.160773 
5 266 1666 1874 1970 2123 -96.208673 42.270478 58.095381 15.535825 59.921027 
8 93 339 816 822 1297 1416 1712 2104 -77.420899 23.972644 76.940496 -16.866612 -16.093489 53.364107 34.157742 7.963174 
2 9 1516 34.010101 85.825810 
0 
2 1425 1990 55.644092 -94.568053 
2 1632 1908 59.872102 -6.287256 
1 2492 -3.636218 
3 782 1834 2286 -31.599983 43.488019 -12.689759 
3 357 800 1198 -57.722194 -17.287995 83.983028 
3 560 2044 2271 -6.269355 -10.721818 98.612277 
3 760 1660 1675 -3.235234 55.759022 85.754325 
3 19 545 2088 14.302378 4.998760 14.313687 
0 
4 1525 1878 1938 2219 72.611110 42.872878 87.732906 16.281879 
3 646 843 1712 -54.235332 48.422371 -33.365883 
1 246 0.012068 
2 682 2168 99.807089 -14.382283 
1 1932 -96.134530 
0 
3 371 866 1252 8.206029 90.823184 21.666625 
2 1308 2084 8.688476 -64.189242 
3 400 906 2389 -91.992346 64.169627 -4.702817 
6 49 98 376 522 1254 1954 -4.107973 73.283418 84.917816 10.737874 -2.066864 3.053410 
2 728 2429 -11.591346 -91.743084 
3 949 1368 2192 -6.043314 96.686676 28.028783 
1 901 98.275455 
2 56 1894 -60.534091 -37.333297 
4 761 1061 1649 1677 -42.269271 33.653968 -30.142872 -66.959600 
2 439 1954 -92.917191 -44.869688 
2 1793 1795 -59.123826 -25.921488 
5 136 1029 1108 1493 1616 46.494628 49.756462 -49.202764 8.807290 61.655419 
3 1333 1742 2001 -28.085627 5.791447 -47.839076 
3 1224 1263 2478 -99.267732 -98.297544 38.497406 
0 
2 1035 2463 -86.253046 1.664811 
3 196 817 1824 -40.421067 -25.758846 -63.451727 
2 1387 2097 98.481058 38.038815 
1 1431 -54.072070 
4 242 622 1257 1313 -33.603034 27.320320 -4.315101 -55.437406 
3 84 1941 2034 -31.343920 -29.413719 -93.521926 
2 1144 1252 -43.084049 -83.267986 
2 1612 2031 4.637054 -39.846002 
3 1076 1113 2186 6.340826 75.761193 -27.919077 
1 462 -89.125493 
1 321 -24.807686 
1 1401 -90.697353 
1 871 -76.685746 
3 176 2322 2422 54.110696 -35.103616 89.182805 
2 103 636 22.735818 -32.635936 
3 466 1571 1617 -38.446577 39.330618 26.098336 
1 682 92.964524 
2 174 2430 49.525863 19.006382 
4 78 310 871 1548 73.815929 40.681625 -40.075112 -28.755741 
2 1650 1925 44.690298 -13.854423 
6 119 498 1385 1531 1689 2423 90.263588 3.480625 -88.135545 -80.865556 48.569972 30.386231 
2 1743 1786 84.226600 -65.577143 
2 1699 2144 -49.661761 -23.113723 
4 8 301 2055 2386 -10.498153 -79.967556 -41.784445 -98.856974 
2 138 1001 15.910493 58.294718 
2 521 1503 -11.300906 -12.033065 
0 
2 169 2009 57.060046 -10.552883 
3 705 721 1881 76.107925 -97.023333 -75.751529 
5 82 290 700 2030 2368 -76.273795 -43.673105 -32.582713 83.054511 -46.777049 
5 13 1045 1372 1982 2264 70.096426 94.539047 12.295689 10.740848 -95.048018 
2 1668 2155 -16.605977 -50.828924 
0 
2 868 1554 -41.174410 69.372121 
2 1849 1918 -47.191962 -31.909399 
0 
2 947 1611 5.931032 -31.803782 
2 581 2348 -62.554399 39.840213 
1 780 29.046585 
1 654 64.942265 
4 380 853 1691 2213 -46.074536 -82.962909 -24.762454 10.771100 
2 926 1497 64.129709 -86.720318 
2 960 1795 -64.679650 -16.338989 
3 651 1228 1573 25.173194 67.318421 61.406986 
3 168 432 549 52.131740 72.528320 -98.082217 
3 68 1569 2249 -0.758987 12.717897 33.304203 
4 1300 1483 1861 2404 -58.747262 37.932237 88.127328 38.365919 
4 128 691 985 1500 -8.914846 2.272854 -39.098938 -60.740589 
0 
3 1541 2092 2274 77.668706 14.975578 -67.309993 
3 277 1611 1876 68.059937 11.214250 21.044939 
0 
2 619 960 55.353685 -29.838245 
3 1024 1507 1873 -83.626734 -73.400353 75.132980 
1 97 69.661977 
3 1055 1291 2216 4.743881 -48.265679 -94.590401 
4 174 289 2273 2402 -75.670270 -79.360690 25.889447 16.869516 
2 202 783 -87.099968 82.582319 
3 1211 1830 2200 81.185897 -13.764841 60.283982 
6 132 857 1601 1775 2241 2357 27.034516 -63.836961 -57.653423 -50.303134 -77.253343 45.693057 
6 95 120 187 1213 1313 2102 55.537825 90.211210 -63.100686 61.937093 99.991907 37.143452 
2 642 1517 90.833569 84.491487 
3 1153 2128 2198 -52.674542 -63.036876 -85.224750 
3 634 2252 2428 85.716447 86.014803 -11.492629 
2 227 2035 -78.865755 39.960253 
1 1897 -77.634547 
2 212 322 0.494872 -58.501550 
4 105 542 864 2165 39.866496 83.903472 -56.944300 34.787307 
2 263 1033 -79.200655 0.619895 
3 1161 1335 1902 96.309260 -61.267358 -77.339000 
1 1252 63.836601 
4 276 733 2141 2366 -6.878381 32.850901 -85.943965 -17.507214 
4 91 519 1156 1933 59.533217 -58.051927 -16.504309 65.962899 
2 243 1160 -81.430788 -76.093599 
0 
3 1106 1402 1836 25.814154 48.946676 50.504655 
5 118 374 680 722 781 -32.660981 -59.925928 25.708462 -56.733293 90.939993 
1 542 -18.437021 
5 226 713 1122 1193 1883 -69.101630 -81.476777 75.711778 61.631080 -84.363802 
4 1739 1794 1881 2395 38.087670 -42.912813 80.605357 -44.642508 
1 1167 34.597047 
0 
1 1603 61.407270 
1 1094 -43.861003 
2 196 1228 -96.330859 -22.370655 
1 77 22.814117 
0 
4 464 483 650 2148 -94.448600 72.064083 88.595207 -24.445806 
3 745 1881 2489 82.166659 3.659274 90.502980 
3 433 703 1574 -85.088224 -90.584605 69.746078 
1 1772 78.243331 
2 474 2246 -24.464034 -73.033753 
5 678 935 1652 1725 1984 93.230691 -1.141725 -86.996234 34.157455 -96.767156 
2 1016 1530 -72.118794 -52.048008 
4 954 1396 1980 2110 39.367593 -62.274449 -12.563716 -24.493576 
3 400 910 1239 5.545911 81.181365 -31.046215 
1 187 -78.490867 
4 168 596 1540 1965 94.233497 1.028814 -93.872172 21.168967 
2 19 1472 -89.565538 10.890296 
2 845 1073 7.301081 95.866080 
2 638 717 47.001160 45.201696 
3 828 1611 2314 90.307466 77.011059 96.704086 
3 744 1407 1490 56.935522 85.064284 -34.067759 
2 1949 2262 -37.487386 -7.514612 
0 
3 434 1349 2256 -42.287735 56.463646 -14.076899 
3 99 673 2276 50.001863 68.219024 -37.594482 
2 948 2466 74.921873 -44.714575 
3 1128 1540 1842 -18.458995 91.174905 -17.244433 
2 802 851 -99.599849 -96.338804 
3 861 1489 2413 91.417254 -51.507305 53.742639 
1 220 33.423827 
0 
3 623 774 2349 -40.872485 -67.753565 63.765364 
0 
4 604 1282 1840 1908 40.631917 -3.508184 -21.166089 18.778738 
3 1511 1566 1638 -32.476203 -61.553744 23.859737 
7 341 1061 1072 1128 1347 2015 2153 -75.834547 49.702633 12.448004 16.084392 -34.185735 93.591562 -36.171530 
5 241 1619 1907 2171 2226 9.563599 -11.773997 2.373901 -6.712879 -51.300889 
3 943 1661 2395 26.857227 89.122776 -74.504432 
0 
2 228 524 -62.100516 55.918237 
3 358 819 1746 -21.669918 84.075227 12.201415 
3 802 1852 2368 -93.796100 -31.001834 5.898995 
2 6 376 41.990589 68.557748 
2 1139 1420 -77.731506 47.858518 
7 150 347 463 644 661 1458 2133 -22.884371 -65.102523 -15.419345 13.893512 -85.545650 -38.121024 27.026124 
1 752 -89.787578 
5 547 1427 1701 2024 2241 53.352721 3.971406 91.961643 39.842607 54.959650 
6 944 1045 1377 1621 2096 2413 -82.030065 -56.227071 -95.485999 -7.300252 15.858328 13.943765 
1 1379 -88.392865 
7 443 834 1008 1399 1766 2178 2189 35.867048 -45.155768 -78.482986 58.254433 43.285261 19.425792 -62.780499 
0 
4 248 1463 1567 2394 -83.259864 51.050410 -1.321549 -82.193861 
4 410 898 940 1718 92.785769 -64.571157 80.541634 57.816573 
2 261 2439 -3.837176 42.517041 
2 460 2038 8.038681 74.911097 
4 164 192 1161 1195 -83.635502 86.935300 -8.729401 -45.221573 
4 408 1462 1695 2291 -82.708874 78.374762 -13.827854 -10.139131 
2 55 773 -63.754917 -59.094142 
0 
3 471 1600 2179 3.922637 -39.446160 -70.243101 
2 1221 1480 -98.951274 40.344480 
3 107 1020 1641 41.680986 21.374251 -6.395412 
0 
2 28 1301 -53.250221 5.836674 
0 
5 377 896 1336 2014 2182 -42.361663 39.012282 26.762290 -97.030940 72.997264 
2 959 1417 -75.252007 32.586611 
3 639 1355 2078 92.362179 0.453162 31.375726 
4 675 752 848 2468 -2.180053 13.011032 -77.718065 -9.729396 
2 974 1312 -98.262798 99.645580 
7 376 563 620 810 903 1087 1759 -31.507014 -43.380030 -46.580431 -90.577445 65.775929 77.670234 -99.482201 
0 
4 867 1064 1803 1939 -45.054642 63.866151 3.582973 -47.252751 
3 430 871 990 74.843329 22.221600 -51.862670 
2 513 1413 -53.980772 -46.813590 
1 931 30.063487 
3 455 853 1354 20.697652 71.865654 59.444816 
3 210 629 1668 9.170853 -53.039540 39.568383 
5 68 1318 1667 1825 1859 -52.726762 91.159784 -70.665239 41.045757 -19.144439 
2 2320 2448 58.240097 76.773368 
2 1782 1869 23.123011 69.275479 
2 1054 1385 24.158935 86.019640 
8 659 683 1006 1226 1559 1793 2103 2216 17.254371 23.290465 6.834795 -90.101212 -82.591436 19.480791 99.302031 59.707432 
0 
3 952 2084 2375 -70.217906 16.486976 51.373145 
1 2041 18.059676 
1 322 90.712817 
3 900 909 2076 -59.805137 9.500442 -77.362403 
0 
1 9 95.835654 
0 
1 456 59.318271 
1 1400 -87.506835 
2 616 2112 46.091488 41.911197 
4 115 802 912 1029 -74.792831 -85.069527 29.703162 29.084224 
5 11 582 1771 2118 2130 54.496158 88.104032 -87.390734 58.409788 12.062236 
5 224 962 1738 1940 2189 -33.615464 78.418762 -99.304535 43.137736 -88.860457 
1 1286 -73.531693 
2 512 1751 -61.651529 -13.296145 
2 1413 1551 87.831580 -72.039737 
1 1738 -66.837843 
0 
0 
1 20 -39.753274 
3 313 912 960 29.695123 85.493136 -84.026236 
2 691 839 -87.509095 84.791139 
1 713 -50.098529 
1 2230 20.434668 
3 242 887 1343 -31.442725 75.015980 -53.785000 
0 
2 1135 1534 16.895903 -69.210806 
7 704 987 1002 1547 1565 1831 2167 -53.038859 -70.321033 3.851076 -14.297288 11.344645 68.614685 -21.255219 
2 678 1116 -38.613768 -58.669712 
2 2009 2199 17.101097 60.140164 
2 1527 2239 -88.953654 -17.699028 
3 962 1480 2437 98.867429 -58.861790 -69.458190 
3 501 964 1695 64.574089 -65.091448 -58.454988 
3 136 1908 2264 -46.160712 78.977452 38.429224 
2 1306 2005 65.693014 12.441441 
1 1999 97.199860 
1 1932 58.606988 
4 228 272 1409 2409 -55.906614 -66.761627 -28.657734 44.952668 
1 2437 38.624831 
1 1642 -30.178339 
3 522 1225 1557 99.462099 -84.274455 -48.511741 
2 1215 1365 -73.347160 -10.573077 
4 1438 1770 1964 1978 -32.958800 -44.374103 64.262494 -3.941800 
1 1390 -2.337934 
6 71 355 612 891 1511 2338 -66.923061 -89.301838 23.728854 74.891799 27.171210 -41.052584 
3 1453 1973 2448 -85.843289 0.616609 -33.797014 
1 127 -59.454164 
4 956 1372 1885 2052 -86.341162 24.124532 -72.515099 3.917355 
3 1390 1689 2273 -66.650637 -79.712363 29.408569 
5 102 444 811 831 1799 91.573815 -11.880050 -97.417755 -52.498613 85.382182 
3 353 1066 1558 -53.242506 14.056961 18.777277 
3 1045 1229 1761 -96.672672 89.914810 -31.863460 
8 122 150 522 793 1316 2116 2241 2245 -95.820708 73.994780 98.008789 63.786687 18.068913 98.236394 -49.764956 24.892917 
1 1454 27.924977 
4 304 1066 1332 1438 18.340167 -17.412558 -23.717796 -56.708997 
1 1503 79.987391 
3 264 946 1795 99.516849 37.179545 78.458070 
2 1116 2081 -64.297441 22.200433 
3 366 2073 2212 72.637880 -34.202867 31.220484 
2 162 744 -85.307841 46.161899 
3 1244 1407 1567 16.112630 -53.192692 53.501211 
2 35 244 93.379945 -87.322310 
3 832 1034 1305 77.756074 52.000683 97.932809 
2 47 2476 14.452752 -9.302069 
1 301 -83.917454 
4 841 1580 1828 2226 -32.580999 -68.531026 4.487407 92.072503 
2 1422 2138 -89.565698 71.128794 
1 64 -68.012095 
3 567 763 1870 55.810469 -66.059581 68.199296 
2 1359 2039 -44.613974 36.631633 
2 211 987 1.372762 -2.334838 
3 99 809 2188 59.536362 -32.982415 42.720532 
2 1986 2174 -93.294786 83.126221 
0 
3 669 1033 1577 -57.330016 75.199086 8.471460 
4 303 1829 2196 2217 50.905866 -26.089915 80.272873 11.039283 
0 
0 
3 99 1642 1691 -29.098587 -73.165820 55.491001 
1 896 98.072128 
0 
4 54 1351 2126 2340 96.265402 -60.877731 45.494124 -78.763463 
3 563 750 1404 -39.440833 -1.691905 98.777551 
3 1785 2164 2305 2.966643 -81.587461 -42.928720 
3 1028 1669 2071 41.344602 -28.065363 34.503211 
1 2064 64.077733 
5 152 542 554 1032 2229 9.248276 97.008861 39.546931 -27.101610 68.920439 
5 8 542 596 636 1909 76.565784 -33.746334 28.287787 -86.315498 95.456048 
2 1300 2280 -63.229256 -6.048342 
4 338 509 1742 1877 -37.397824 51.962323 75.478282 16.720174 
0 
2 2238 2381 -22.322743 -91.884450 
3 277 805 1248 59.514296 -97.210359 12.811146 
0 
2 136 1698 -78.048400 -10.989310 
0 
5 167 236 904 1399 1928 -47.455252 -70.273636 72.273769 14.654000 98.921686 
1 1640 -34.503634 
1 569 -48.961079 
2 614 1431 -53.045712 -44.697188 
1 1961 77.430540 
1 2081 -30.884552 
1 2241 42.186828 
2 189 658 99.018556 -39.969382 
1 1551 -86.852476 
1 928 88.764091 
2 416 1673 27.219634 -69.959877 
6 19 216 399 477 1542 2075 -83.156665 78.950679 63.578433 50.983883 -28.103561 45.054919 
1 256 3.906086 
3 162 1507 2414 -54.318810 52.731977 -0.005404 
6 887 982 2029 2052 2089 2110 -26.039501 -55.044496 31.946356 48.060152 -49.907494 -16.586851 
5 103 106 543 564 1463 35.532949 91.605976 16.173836 55.211803 -36.273623 
4 84 261 328 2396 -79.381379 -25.676570 53.294420 -80.999156 
3 138 247 1717 33.812016 86.463373 7.458590 
2 277 1991 2.884078 -60.114521 
3 316 832 1930 -38.528916 9.671057 -5.593547 
5 290 707 1788 2036 2305 55.945997 12.142420 22.823264 15.751168 -33.715416 
1 32 77.379300 
2 639 696 -53.475811 -87.174610 
1 802 66.842827 
1 676 55.656764 
1 497 28.174615 
5 11 812 1106 1309 2378 -62.020690 -67.595719 10.491457 94.883986 -31.321080 
3 1025 1405 2413 13.066444 97.506758 -18.460409 
5 370 936 1700 1844 2322 86.519285 -21.795994 72.046241 26.706685 16.161149 
2 903 2381 57.791090 31.728474 
4 669 1391 1393 1936 22.037260 5.033599 78.059887 77.457301 
0 
1 2316 -18.619098 
1 2248 82.570869 
3 11 108 290 20.250837 -86.212075 47.922818 
1 1272 42.058855 
2 903 1947 33.014718 44.177883 
1 585 -9.455939 
2 227 1440 -59.325611 -14.753050 
0 
4 937 996 1585 1835 -10.242192 -20.099136 99.168216 -86.625139 
3 100 800 2491 -3.315378 -28.835680 -39.365652 
2 777 1083 65.774274 -38.486549 
2 1087 2139 -4.891743 -73.297109 
1 1350 -83.385358 
2 266 561 -41.520566 83.356440 
4 366 1021 1824 2155 -62.339316 -11.644781 -52.805663 -97.755780 
3 230 271 1312 -0.429489 -80.857025 -28.179750 
1 764 97.154946 
2 124 1307 63.760124 -46.532375 
4 618 697 1416 2002 -49.570003 94.391129 39.100281 -28.008439 
6 25 38 666 889 1714 2117 2.117736 14.767514 13.389402 -98.890604 -1.751064 34.050005 
1 1310 57.317612 
0 
5 275 1218 1883 2010 2263 61.992475 84.769272 -84.735296 65.675675 4.987230 
2 957 1149 -78.249960 -42.917796 
4 688 1671 1749 2143 -58.145652 42.201831 -55.042187 76.800254 
2 2014 2077 -98.857371 39.515382 
2 1609 1891 68.608981 -32.918541 
4 796 1032 1167 1661 -63.319305 -97.247225 -13.116533 -81.690602 
5 523 842 1259 1832 2429 -48.917758 1.216881 -5.116454 -85.239766 89.474363 
1 2134 96.678349 
0 
1 1834 5.148544 
2 990 1010 67.222324 16.702736 
4 147 1351 1480 2495 28.847076 4.826272 80.245012 -72.801952 
2 1343 2114 52.847363 72.178815 
1 1695 -33.378365 
2 35 2015 -45.658812 43.738022 
3 329 492 1518 37.364616 -34.496682 38.800259 
1 635 89.909795 
1 1262 -85.341299 
2 36 1103 51.223974 -35.637546 
3 735 1055 1356 -45.721362 19.417396 40.724920 
7 20 80 1344 1650 1652 2144 2426 -63.656180 -41.278767 -30.414597 -16.506882 15.741297 11.951159 62.626414 
3 11 237 1874 85.217089 -22.539448 28.812899 
4 873 1599 1653 2085 -9.830995 -97.178254 38.238236 23.224831 
4 233 1355 1590 1643 -30.360368 48.091433 36.263742 47.429763 
4 223 705 1129 1995 -19.917298 -32.664155 35.630844 94.755204 
2 172 2326 90.318640 -83.685663 
0 
4 154 281 1856 2374 34.434847 7.623524 -40.544945 25.938859 
0 
1 1540 -27.955409 
2 936 972 -16.339873 -44.864516 
3 1269 2014 2067 57.502298 64.524898 -91.714459 
1 1122 46.558577 
3 60 950 1508 34.135219 -12.088459 -35.023520 
2 1358 1589 25.574215 -13.679909 
3 502 703 706 63.873573 -28.546560 -46.965393 
1 1991 26.276437 
1 1176 -45.224310 
1 588 34.551240 
3 1210 1502 2282 -67.334030 -67.055791 -27.243605 
3 671 1370 2105 -22.009658 -83.014174 87.301876 
3 627 1161 1962 -49.448856 74.891497 71.719939 
1 2093 34.697946 
3 825 1307 2005 46.312928 -30.101600 -38.271749 
2 1244 1953 -75.248456 -11.523281 
6 147 167 473 1911 2217 2381 7.280407 -96.232446 -16.481975 -56.783570 -26.642051 -2.765761 
1 1561 57.482188 
2 158 2261 19.845361 -76.740432 
3 378 1614 2302 22.969726 59.980425 -26.833773 
6 200 280 1380 2098 2398 2409 -29.637460 -47.599859 42.575342 22.336350 -81.210709 18.393064 
2 868 2213 13.002951 -78.349080 
2 2296 2338 -49.191140 -63.477375 
1 842 17.614122 
3 499 1163 2181 23.879985 -96.285729 -87.308882 
6 64 800 889 1163 1682 2217 -97.529084 -69.031501 -89.770361 94.614346 -50.100540 -30.646116 
2 46 2044 39.558019 18.826354 
0 
1 958 -56.469068 
4 658 1422 2000 2383 73.736857 70.077920 -60.087939 61.571846 
3 57 1063 1612 99.802940 8.170121 78.870062 
4 251 358 1081 1618 -21.646119 -11.905294 -28.691068 96.510092 
3 702 1575 2223 19.455100 21.721916 46.444359 
1 56 -18.024231 
2 937 1266 42.389295 -31.235966 
2 1393 1549 -14.482506 3.171038 
4 117 203 762 1368 -14.549108 11.396978 56.844603 -96.150050 
1 1745 -35.200146 
3 160 2207 2232 -9.173663 48.951656 -69.046096 
4 143 1210 1389 1810 75.119940 -46.119760 12.351819 -27.941869 
2 866 1681 32.674569 -96.069894 
3 12 75 2391 4.194972 19.406364 5.359844 
3 1025 1181 2114 95.609332 -26.684813 20.836193 
2 1693 2445 95.147399 77.385981 
0 
2 2070 2092 43.297868 -65.329562 
1 1569 -7.625981 
2 179 1401 -79.213969 -91.409713 
5 224 549 753 888 1740 9.572305 79.733282 76.564654 30.194491 14.919635 
4 128 717 909 1785 52.378837 -97.777499 -20.250576 86.139778 
3 1519 2208 2397 88.317759 16.374773 -43.919167 
1 1751 -70.526647 
1 1755 -28.875784 
1 692 79.005962 
2 1898 2227 -34.137089 -49.437499 
1 2048 36.882391 
1 2303 13.669754 
2 1183 1592 -97.964037 80.185648 
2 479 1510 33.597947 -28.377302 
0 
0 
1 124 -30.815808 
2 1115 1668 -37.404848 79.767942 
3 1137 1353 2396 -11.265665 37.374665 -17.831519 
0 
0 
5 299 413 1167 1211 1890 -84.343802 -91.974844 -88.506676 -93.284677 -93.361680 
4 1138 1373 1389 1496 -20.770580 31.864795 -82.360336 -14.303688 
4 235 471 872 1537 -1.346536 42.655729 63.560480 61.876236 
0 
3 454 1334 1629 -6.201486 -62.555964 28.096033 
4 250 1361 1370 1568 -96.024820 -15.213213 18.902165 5.422644 
1 2373 -20.903095 
5 477 1138 1799 1821 2140 -65.669467 -69.150347 -69.144477 -53.181210 -53.073267 
2 334 1786 -56.050263 -39.808288 
2 51 1509 -55.332865 73.466435 
4 449 845 2179 2273 13.110025 94.790873 -64.305687 29.155044 
4 379 417 844 2037 -53.772929 79.581328 17.549716 99.672033 
4 178 704 1188 1522 7.606058 48.415204 3.835292 -29.074520 
4 160 1138 1378 2377 -35.576412 46.602773 59.263781 95.492524 
6 73 303 802 2286 2309 2474 -1.992104 -44.612170 20.979460 21.912031 75.058768 -61.263330 
2 395 2400 14.696216 -52.759774 
2 115 1155 63.369041 36.212654 
4 2 956 1545 1668 -71.443648 93.678690 -64.974719 -88.972365 
0 
2 698 1218 28.220725 12.781110 
3 232 1257 2369 68.056206 53.333108 -64.535049 
5 1027 1786 2076 2138 2481 74.123229 -58.271750 -16.182934 54.306580 20.964809 
2 70 452 -20.312511 20.220532 
2 194 1293 -48.266361 -54.209995 
2 35 278 -65.204643 30.838921 
2 1978 1999 -27.173246 28.360732 
3 293 682 1259 -17.986086 60.709353 86.489198 
1 428 -32.343995 
3 116 479 1416 12.746061 -79.138178 -31.117124 
3 234 819 1988 54.489122 -14.785857 -58.546629 
2 1671 2427 -3.985012 46.126945 
2 1383 1780 -58.223318 57.582059 
1 585 29.185326 
1 750 -28.959958 
3 540 1204 2434 -72.974936 27.131465 40.438370 
0 
2 995 2472 19.745820 -50.135864 
3 438 884 1993 14.944021 3.362264 35.017854 
3 261 555 1514 43.296772 -16.653218 -65.095991 
3 898 1194 2468 2.897083 -32.506465 -53.340975 
1 934 -16.963023 
2 160 2471 -0.624809 97.581484 
3 332 814 1513 87.517752 10.053578 93.767587 
2 965 2422 63.069102 -72.096006 
2 1163 1353 -67.683586 57.970453 
1 1046 25.101111 
3 1269 1583 1674 -76.748148 -56.473052 97.969555 
2 645 784 -59.081489 90.082300 
1 620 -36.463443 
5 16 162 551 852 1649 55.587373 -27.679126 7.876511 14.795466 9.913067 
4 68 879 945 1350 -75.175604 6.787622 74.833066 -17.619597 
2 93 503 90.438201 -83.975411 
1 50 -57.543421 
4 993 1338 1539 2269 81.770213 -41.487786 -22.100548 25.006203 
0 
4 75 1111 1815 1915 78.177743 16.417023 92.715650 -19.663434 
4 1315 1397 1603 1745 0.922073 -42.076815 -95.269228 -72.328643 
1 1615 -19.997959 
3 22 500 1156 -98.086855 -15.979581 64.995738 
1 536 44.064047 
2 1877 2224 -72.694641 -19.631508 
2 311 1813 26.665076 -97.460973 
5 1424 1509 2191 2293 2373 -99.610660 52.183338 -88.092944 -83.309629 12.525438 
3 1058 1197 2340 30.295295 67.440269 20.570875 
0 
1 840 -4.474241 
1 1742 -27.848818 
4 575 1148 2220 2341 81.770964 -54.818018 4.560811 -54.758767 
7 796 1667 1957 2093 2149 2404 2472 -46.339813 89.059094 77.501452 34.175508 -90.001394 -76.540080 45.427019 
2 1288 1575 94.247602 -40.661221 
2 1286 2210 -18.035306 14.076028 
3 1510 1558 1978 -20.862323 -17.875381 -41.906999 
1 348 -68.809666 
3 214 583 1502 97.453282 97.223943 91.704829 
4 1104 1550 2316 2361 66.459967 -38.344231 1.792614 33.726507 
2 1390 2033 30.460600 90.767158 
3 1428 1718 1992 -85.631782 73.236275 68.910571 
4 927 961 1380 2330 4.113955 9.150868 -92.533942 -1.290102 
1 2436 42.291583 
0 
2 1790 2291 60.217334 -46.974781 
4 403 894 1214 1672 -44.718074 -87.312145 -23.559159 -83.393861 
1 122 27.836270 
2 486 678 89.016953 29.821143 
2 506 571 65.948636 -54.545561 
0 
2 1159 1497 -27.765466 -70.336635 
3 687 1932 1950 72.381098 -68.110169 -19.570003 
2 120 723 51.692915 -69.985235 
1 2481 58.451674 
2 849 1510 -75.751097 -12.417467 
1 2046 -53.251349 
3 484 882 1763 -1.978300 84.068289 -93.953872 
5 14 1479 2002 2023 2274 -90.044265 94.127374 -43.885667 -54.506484 -89.989618 
2 753 2408 -17.262082 47.567400 
4 828 973 1926 2333 29.097321 17.309383 44.716984 48.765802 
4 948 1005 1054 1259 -52.764282 40.197581 -82.155465 90.858179 
1 30 90.967595 
7 728 1390 1473 1667 1704 1874 2400 87.675220 -94.777769 57.973350 97.409097 43.831684 16.077872 -16.914503 
1 1609 57.217465 
0 
2 203 1005 -47.152540 4.657128 
1 386 19.051676 
3 1194 1542 2163 63.406279 17.327063 -75.237350 
2 1390 2377 -84.945588 64.890051 
2 1052 1611 -14.852435 -71.026069 
4 414 640 1947 1979 17.707407 -62.861677 17.444869 16.374063 
3 1199 1253 2230 -10.154414 49.639627 -25.187240 
3 1815 2247 2423 -60.181334 5.843669 -64.441541 
3 1424 1605 1853 16.664440 17.070779 55.166879 
2 582 1959 -9.017477 -76.197747 
1 1409 35.197234 
0 
2 385 2496 -74.261770 98.416401 
3 1174 1226 1472 56.176257 -35.441279 28.969828 
3 597 1130 2327 14.094123 89.551872 -34.563504 
4 199 596 1187 1533 -64.962589 -96.994015 74.541140 61.275117 
1 2062 -20.281979 
1 1332 -21.199976 
4 539 1132 1833 2257 -42.656398 -27.667605 75.814856 25.287291 
2 1309 1380 -77.611603 -36.375060 
2 1766 2177 -68.422467 -7.343513 
3 146 207 750 -27.712333 38.630098 81.917726 
3 52 1144 1373 92.646879 -70.271457 4.161080 
2 673 1522 55.801396 -63.414829 
0 
6 68 1011 1081 1453 1594 2277 96.084715 -22.810524 -93.910854 69.485194 -19.867742 -72.464031 
5 485 726 998 1582 2001 -63.107783 -83.595050 -17.321021 78.772445 79.943635 
2 1122 1896 -51.239335 -59.528917 
3 80 590 2083 88.022136 -7.327671 -48.702804 
4 873 2024 2285 2382 1.880711 -23.270973 6.215537 -12.782173 
3 825 1073 1867 82.265462 -98.208383 -16.498658 
3 1081 1830 1841 -85.748591 41.262593 -84.430312 
1 165 -56.611048 
3 569 1275 1767 -59.470501 77.352208 59.083267 
3 641 788 1073 88.365036 13.756747 43.998171 
3 328 528 873 -14.965491 20.847144 57.477239 
1 1178 75.756777 
1 171 -37.168213 
3 1434 1613 2380 -79.473502 62.762152 18.404161 
0 
3 795 1674 2281 94.751105 94.793534 -5.741689 
4 19 169 1252 1712 -20.823449 6.715884 -65.049209 -57.894506 
2 126 692 33.622884 -14.562839 
2 1175 1275 17.939922 -27.212022 
2 279 1770 8.156211 74.068244 
1 1510 99.300485 
2 248 818 49.199702 32.057967 
3 1156 1228 1897 -77.394463 23.692661 -91.048294 
1 503 99.262812 
0 
3 794 1124 2350 -43.225834 -59.071990 -0.911551 
1 1686 -52.640269 
1 1219 -98.923506 
7 166 778 1257 1375 1454 1663 2119 -76.123656 57.348384 -35.873035 -49.399109 83.008547 -40.087154 -33.580402 
3 200 879 1807 -53.330838 -52.016399 4.377008 
4 348 538 1115 1960 -48.498777 91.929499 51.586517 -12.680583 
2 644 1292 -36.942746 73.834347 
4 1071 1507 1856 2202 -76.373958 -56.866576 61.166026 -77.626425 
3 535 1751 2373 83.495454 30.354389 71.728877 
4 46 94 550 1535 23.950837 25.666498 -39.778539 -10.258241 
3 206 351 1411 -2.358214 -74.589676 -85.054547 
2 380 781 -40.924706 53.037067 
1 2413 95.713066 
2 366 1934 -10.934081 77.350886 
0 
2 529 1002 -73.835327 -88.476127 
2 699 1494 -11.664042 23.941537 
4 368 567 654 2466 -18.490710 8.253089 -27.786289 -97.193074 
3 916 1232 2247 -13.468353 95.027911 -27.044218 
0 
1 2148 89.730719 
2 159 815 -26.994408 24.628343 
2 3 1796 69.096035 68.360636 
3 853 1407 1895 -61.515306 78.578432 -3.640096 
9 162 574 636 722 865 1457 1471 1525 1552 -80.554036 -73.399900 62.200786 78.396350 98.777018 -10.148736 -0.291754 18.186093 -76.952611 
1 308 80.079220 
2 1226 2270 95.333929 -73.464714 
3 684 1153 1921 -69.926502 -13.568784 -25.682974 
1 757 73.736451 
3 204 2211 2251 9.633830 -78.044234 -19.451736 
3 438 917 2355 -34.229960 -10.849981 84.852300 
2 857 2476 -32.968434 50.727715 
0 
5 301 803 1857 2086 2324 40.005941 -27.567184 69.326011 67.058371 -2.958114 
3 1687 2100 2470 99.970724 -1.160096 -13.518677 
3 1443 1819 2212 -2.520948 -82.190142 -19.499907 
1 986 11.981807 
1 1560 38.819941 
1 358 20.961142 
1 662 85.074026 
3 999 1227 1273 5.693073 40.727803 -32.280180 
2 323 1722 54.697030 26.205918 
1 830 -29.636049 
3 541 1418 1478 73.207226 -79.023881 -17.022906 
1 658 -63.342539 
2 441 511 43.377420 -98.295144 
1 2446 51.254066 
0 
5 130 1002 1814 1877 2026 -22.260680 56.590291 -43.562231 -77.871317 -94.687726 
2 1365 1571 57.426044 82.615115 
4 1130 1343 1653 1771 -6.387270 50.389355 -98.530624 3.729833 
5 144 182 360 405 1979 10.049227 28.221021 -47.591513 30.963924 37.983417 
3 1601 2000 2318 -52.289800 -35.874434 87.809120 
2 810 1970 -97.875504 16.023192 
1 262 43.779233 
2 220 2440 -68.149904 -15.651831 
4 8 632 1726 2231 -12.448099 62.722022 -25.166364 3.814352 
1 2234 43.029082 
2 355 2108 -87.411470 5.088719 
4 455 2008 2415 2463 96.997178 -23.876581 39.698133 -45.034933 
1 2153 59.600309 
6 743 1348 1518 1555 1641 2090 -25.118655 25.671944 84.492190 91.720423 -59.597850 -3.703302 
6 113 1232 1752 1795 1805 2228 59.118417 -97.839328 -37.114586 35.236306 -60.904389 -76.672017 
4 345 659 1482 2133 -68.956312 -23.029633 -48.557532 86.192154 
6 239 655 1074 1516 1697 1717 90.091815 -91.135448 77.522234 5.863871 11.035797 84.614808 
2 1003 1289 -19.147288 -60.448544 
0 
2 170 1147 46.015852 -79.080865 
4 230 1001 1136 2069 29.236802 87.620080 63.120030 -3.887426 
3 95 435 1741 -79.657160 86.874022 15.374860 
2 90 1290 55.071812 29.671328 
1 1720 -53.365385 
1 118 71.809992 
2 2342 2490 -50.650417 96.091710 
3 1620 1764 1766 -72.340738 87.873578 -88.752185 
0 
3 180 2317 2325 44.611201 -86.885661 -46.576107 
3 319 720 1365 -22.929003 -36.968625 -10.924006 
5 161 220 272 844 1974 81.868607 -38.811768 47.748977 -35.121295 -85.589876 
7 723 739 768 806 873 1753 1968 -89.223986 6.205262 -79.016296 31.727256 18.042158 -44.246303 -95.034335 
2 951 2222 52.545957 -33.754082 
3 112 771 1698 18.265732 54.416375 35.415706 
3 389 882 1098 72.843759 50.292795 60.473210 
2 398 2349 38.677240 37.266862 
5 470 670 1422 2146 2163 -44.540589 20.553261 -26.568128 -70.562338 72.796120 
2 1285 2063 -20.828183 -63.322398 
2 826 1664 -71.018942 -17.646162 
1 702 58.383495 
4 92 1131 1220 2313 -79.381443 -22.676833 -35.154964 -17.094758 
1 1717 38.396410 
2 442 741 -56.511783 -50.961420 
4 123 1100 1635 1810 42.972840 -87.339117 26.365803 -71.675484 
0 
1 986 -87.954124 
4 1121 1211 1384 1667 42.026098 -50.102357 -12.184136 88.841196 
3 836 1783 2449 93.198997 2.847946 -7.526637 
3 1091 1888 2100 38.005942 -25.153644 -80.387526 
2 543 1931 69.578412 -56.894001 
5 298 1792 1987 2002 2379 -78.170928 35.996242 -84.322113 -35.241467 19.969825 
3 310 320 1790 -4.577837 59.871516 19.161844 
1 1162 -40.364206 
3 641 2065 2122 -98.416110 37.456518 -82.682046 
2 1936 2356 26.183114 75.732972 
3 1601 1973 2129 35.262929 59.344119 -9.628896 
4 359 1017 2055 2280 -31.682075 -9.739055 -84.766569 -69.087792 
3 627 752 1811 78.525171 -72.420224 -33.218146 
4 40 516 1775 1893 94.897176 -75.289998 -43.136810 79.943411 
1 1766 89.434261 
1 137 -8.451292 
2 1351 2255 -78.894585 61.760710 
3 833 1390 2027 -13.625383 82.285253 85.190689 
2 469 1736 -70.805159 83.834105 
1 994 28.943124 
4 1253 1687 2044 2117 0.844829 71.695389 -69.867981 85.628401 
3 362 2242 2398 27.259051 34.643544 5.108954 
1 1113 -41.245505 
3 308 477 550 74.907629 -47.496481 -66.653270 
2 529 685 30.179092 -18.443807 
3 1331 2188 2281 -48.013772 97.865874 -22.723993 
1 2006 -28.214754 
2 84 2208 20.320475 16.587881 
3 37 1490 2303 -25.393216 -97.348959 -98.280704 
3 1778 1874 2107 70.198278 -40.395913 53.770130 
4 161 189 506 2348 72.167290 -90.416347 61.239314 10.786698 
5 113 257 264 1712 1988 90.459983 -22.628950 28.447702 -3.338264 -64.982259 
6 160 369 593 1138 1290 2383 35.207161 -87.244498 -83.637840 55.186181 -0.809716 16.676152 
3 70 438 1405 24.185702 -54.213017 95.341288 
3 1130 1809 1970 88.397574 80.681631 -26.845827 
1 663 6.376289 
1 2364 97.554579 
2 565 1566 -51.186506 54.575981 
3 607 1139 1855 90.034060 -4.120311 -70.654175 
3 815 1192 1850 72.097361 -75.701958 44.562342 
1 2068 1.282426 
2 313 1662 -1.397552 59.411416 
4 874 2035 2154 2434 -71.865272 1.713274 42.920964 -58.781487 
2 591 1566 -11.554359 -36.591542 
2 457 815 61.780875 50.471012 
2 193 1199 8.877421 32.472910 
2 1550 2336 25.313637 73.941845 
5 60 843 1338 1859 2212 46.372579 62.816046 20.426072 -40.206421 59.641957 
1 527 -2.276269 
1 1404 -25.720962 
1 290 40.907159 
5 456 537 1376 1386 2201 -77.679291 -35.059479 -78.011154 4.851921 -56.705705 
2 778 1150 -64.681083 -81.127771 
3 1134 1511 1517 86.754260 -41.776712 -98.454415 
2 2414 2422 -22.822497 46.405238 
4 495 698 2120 2161 47.719729 -56.297416 67.853385 -60.707125 
2 159 878 48.068707 89.416109 
2 270 2231 92.826785 -3.593729 
4 1366 1767 1925 2354 -23.981027 29.375244 -37.102954 36.598490 
2 1725 2184 -17.227121 35.963759 
2 116 1647 10.521787 -35.161846 
4 1285 1764 2377 2471 2.708758 23.213316 80.939816 7.920594 
5 350 998 1080 1200 2439 16.650772 -0.860387 10.908169 41.691536 -51.912491 
2 847 2292 74.660584 88.801071 
5 90 203 561 782 1118 4.987659 50.881845 -56.374823 -1.564538 42.050726 
3 76 1519 1954 -44.544528 -88.953107 -35.667051 
3 42 1796 1810 -60.019196 -18.463308 -62.705219 
2 359 973 45.714771 50.379838 
1 2336 -58.833217 
3 440 945 1571 41.370497 -49.847475 61.288815 
2 226 750 -48.771521 -70.963427 
2 257 1259 52.712093 -14.364081 
3 822 1041 2201 34.809509 74.858929 -31.968350 
3 117 428 1569 -65.217668 -13.754909 -8.764058 
4 1309 1970 1997 2117 29.190373 88.034433 72.886365 85.014665 
1 509 -20.884249 
2 275 579 -40.580634 64.078585 
1 634 -39.756712 
1 2381 88.688854 
5 254 397 925 986 1180 -67.765076 -47.368068 -58.060722 -42.649873 -57.867509 
1 1516 53.611465 
2 1434 2322 62.215006 83.235804 
0 
2 832 1924 48.865811 -81.138018 
0 
3 133 484 993 -20.183235 -2.651818 84.845719 
1 1139 65.934952 
2 288 340 -14.365566 -12.339969 
2 1197 2445 -94.589149 -27.876226 
4 39 789 2175 2195 53.318869 -68.226743 32.273038 -32.147899 
3 37 1088 2112 -50.677399 -73.270564 59.612766 
1 1110 50.054802 
2 253 1667 -39.449732 60.688329 
2 1465 2107 -52.808633 67.210625 
3 591 1031 1799 77.672398 14.793440 32.802348 
2 1432 2351 -62.046034 81.796656 
2 156 566 33.227499 -7.989575 
0 
4 284 1084 2293 2491 -77.546079 78.499151 38.527531 -46.693118 
1 2294 -28.582835 
2 86 1557 10.749911 88.466420 
1 1459 -63.796574 
3 195 396 2477 -85.188576 1.686096 6.887038 
1 520 -11.845238 
1 184 1.102019 
2 495 1379 -3.373064 19.645563 
1 2342 41.869602 
1 1419 -61.696772 
4 247 364 461 1115 87.703521 -10.877508 23.155871 34.747815 
3 777 1759 1797 58.144056 -56.191166 56.429063 
2 364 1479 68.553604 82.333458 
3 255 1001 1163 -29.221770 31.784775 86.335600 
4 442 581 735 1311 36.303026 -0.659814 -93.925258 63.214126 
2 1325 2180 -92.140899 -90.709898 
2 1526 1731 -11.028535 -7.340807 
1 1879 -71.115169 
1 2109 35.990737 
5 1005 1190 1335 1895 2268 2.159019 -98.182867 -73.703648 -2.830372 -85.686415 
5 239 313 1178 1468 2411 79.144844 -45.395534 81.294752 63.074305 -19.800519 
1 1491 -97.979572 
2 324 2171 -20.501332 70.592316 
1 1179 -29.778762 
1 1491 7.927346 
1 538 98.977577 
3 542 999 1400 79.305413 6.738369 47.365263 
3 97 760 1201 13.602175 -7.545457 -86.208806 
5 531 903 1212 1769 2224 -62.033389 -32.076399 31.491447 75.352526 -94.893972 
2 1174 1722 -74.741767 24.796350 
1 319 -71.728181 
2 842 1342 -19.706459 38.203741 
3 36 754 1964 -39.238835 45.065939 82.423230 
3 856 1241 1508 -80.796296 26.184351 42.178546 
1 20 -45.847945 
1 1926 -58.103266 
1 117 -99.478861 
2 1941 2084 -23.828429 -56.662157 
0 
4 769 1410 1924 2021 -22.534270 50.517670 -1.017070 -90.678984 
0 
2 1270 2140 -10.642364 74.109592 
0 
2 84 1459 79.396846 60.380168 
6 348 862 1143 1267 1795 2268 -13.320079 -53.385399 74.074618 -90.083028 -48.881375 -9.569477 
1 1376 72.690121 
2 829 2335 39.553322 47.453660 
2 548 1115 43.373965 18.870772 
4 524 718 1878 2261 4.712282 60.957827 31.599650 -67.388212 
2 415 2151 76.196454 -52.141165 
0 
2 320 2130 -86.518940 -54.011001 
0 
2 1129 1344 -99.518491 52.287326 
1 971 96.669415 
3 315 1782 2275 51.038989 61.092936 65.706064 
0 
2 81 2407 57.826111 25.166776 
3 702 1178 1980 -51.551636 52.369175 47.619081 
0 
4 932 1080 1895 1931 50.850157 32.678688 -63.591982 58.020962 
4 4 1071 1102 2444 8.009036 -37.116171 9.666957 -65.696953 
3 636 698 1294 -18.524179 35.715930 29.914620 
3 236 1288 2408 -85.962215 58.607345 -20.171380 
2 1568 2083 92.722848 -99.679243 
2 806 2385 35.701771 79.119198 
0 
2 38 1288 -27.439619 -70.859388 
0 
4 154 363 1234 2135 19.920879 -65.316834 31.504099 -50.035484 
1 1743 72.732011 
3 1683 2251 2307 -10.580969 94.426289 65.244289 
2 1416 1928 43.817372 -17.500506 
2 1175 1931 58.189672 -63.669541 
0 
3 1456 2169 2204 -73.252028 6.272939 -59.306199 
6 246 827 845 900 1079 1358 -40.812478 15.545031 -96.638206 96.546730 -25.731541 -25.075721 
3 236 670 1289 -13.682442 -76.045424 -41.527614 
3 29 629 1666 5.908015 -19.753703 -0.676191 
2 270 610 -90.617758 -68.114459 
2 674 944 82.478338 13.182702 
2 1372 2167 16.403366 43.655580 
4 173 1563 1697 1828 -0.555592 -9.999445 -10.698774 -14.663422 
2 270 1811 25.071944 55.296248 
2 698 1566 -18.565158 -92.027972 
2 1067 1599 -68.555369 81.113783 
6 112 653 812 1094 1481 1856 21.557666 -33.933202 -85.028926 2.865945 -30.681359 -27.847277 
2 560 1344 -66.443362 -65.973947 
3 315 1274 1600 -13.138733 37.701148 49.258654 
3 309 1269 2459 14.571483 -67.114101 73.338386 
1 1002 58.253058 
2 398 2282 89.569147 -96.623206 
5 466 1637 1728 1905 2068 49.098712 -22.549819 -9.696968 -17.157295 -84.349713 
2 45 1746 34.018103 -28.852870 
1 2008 33.580712 
6 174 688 1161 1427 1761 2255 17.171980 14.829759 9.061336 57.662209 97.524321 -57.038123 
0 
0 
2 267 2332 -65.684899 -15.719707 
3 496 1259 1892 -87.357329 -21.011918 42.581216 
1 11 93.266087 
4 954 1476 1713 1771 -23.417145 98.860902 43.961186 19.578311 
6 157 921 983 1744 2405 2489 -60.828965 -35.507229 39.222873 53.189714 35.449324 16.545013 
1 1029 -54.557668 
1 1511 -25.133336 
0 
2 478 1892 -64.611647 -84.980794 
1 1843 -52.012726 
4 126 1100 1439 1933 28.519831 -6.656766 -63.693669 17.558375 
3 201 830 1948 71.744185 -6.141764 -24.320950 
0 
2 735 2440 26.437833 18.166040 
3 397 1445 2282 -76.041844 91.530276 47.289435 
4 110 436 1539 2478 3.001191 90.635891 66.454258 91.775478 
5 37 457 975 1118 1398 97.938179 -24.119895 -43.682680 93.561584 67.578749 
1 1680 49.524236 
3 695 1454 2161 -11.991306 -81.993313 -61.778753 
1 1885 -49.775417 
9 55 771 900 1111 1306 1348 1379 1408 2105 -28.333912 -36.992787 38.059845 -24.075861 -34.750175 66.004322 -75.245856 10.507210 -69.141105 
4 601 672 1392 2122 -64.065432 -15.459596 43.463377 35.461205 
3 123 1430 1911 24.902104 15.911338 -52.926753 
3 311 1175 1711 20.342225 -11.376356 -7.369017 
4 24 303 1007 1305 64.304739 -4.410998 -70.846700 55.711869 
3 444 1463 1581 -58.849933 -74.468051 62.541907 
3 281 1965 2134 58.956951 -37.242500 -65.701719 
3 1128 1367 2355 -6.110691 -77.100459 61.749068 
2 1073 2216 -96.377608 99.887516 
3 1345 1399 2269 68.852459 -10.001497 56.921731 
4 322 482 664 2284 -8.482642 98.263409 21.286919 -36.170364 
2 1943 2337 50.785886 5.264104 
3 101 499 2340 39.443569 87.575106 67.238782 
0 
2 1041 1451 -43.471136 68.186363 
1 632 -85.292821 
1 2169 37.296161 
3 333 1825 1900 31.052946 -34.247538 26.875788 
5 385 1310 1746 1770 2348 -6.135819 41.632266 70.829420 -68.205049 -93.420146 
3 542 712 1601 27.255209 62.882374 -66.046698 
5 22 126 738 2037 2445 -4.698301 -7.722563 9.244739 5.934102 -20.829639 
1 2154 29.831460 
2 171 1505 23.804473 -22.338838 
3 572 579 2336 47.020899 71.883114 7.280406 
1 1205 -84.204347 
3 575 1757 2420 -58.520640 -17.019835 27.812094 
1 1691 46.984777 
4 1469 2125 2265 2419 -20.479113 -40.473359 29.743152 0.553388 
1 54 -79.814704 
1 895 -84.498055 
5 306 340 353 1938 2493 63.737914 82.831505 -41.175917 -50.218202 -29.390092 
4 249 1337 1531 2455 10.495096 89.667936 56.859676 -50.249820 
5 148 894 1117 1852 1885 -12.025653 -91.727506 -94.939581 -17.117656 -97.208026 
7 232 433 792 1304 2235 2329 2366 68.431443 11.302928 45.458118 39.175568 -96.456683 -0.271479 14.435701 
3 404 580 2222 -2.560825 -56.907055 -64.872038 
2 361 1450 -31.367737 -55.784472 
5 7 487 1498 1735 2180 -37.005586 94.076470 16.630726 24.419381 -62.721684 
4 149 774 1369 2195 -82.533188 -84.938202 -97.692586 -1.231729 
3 246 2298 2346 46.085557 8.530557 -43.021852 
3 546 1398 1960 16.275716 7.624699 -38.901227 
2 693 1951 -78.874497 -59.632195 
1 428 74.513525 
3 139 590 1916 -94.284943 -33.611101 -75.288575 
1 2373 -98.131215 
2 1362 1499 -13.279573 -54.641406 
2 598 2020 -69.174875 -89.689480 
2 1541 2214 -15.688381 -32.000904 
2 562 1415 -47.039351 41.976374 
6 298 829 956 1415 1440 2037 -66.123335 59.459904 -91.692263 -28.538089 -31.312090 68.354741 
2 114 314 47.118892 -53.478183 
4 180 716 723 2388 57.069790 6.517963 1.590381 -37.581015 
4 140 1394 2026 2394 31.481263 -80.316722 -66.717611 -33.991286 
2 326 1052 6.706140 82.930912 
2 695 1434 15.639537 61.186178 
0 
4 89 385 795 1625 -90.717038 85.436264 26.417396 -63.057617 
2 1496 1641 -38.939739 26.548310 
3 673 1383 2001 88.466060 70.616674 -34.899103 
2 1031 1763 43.202347 90.399219 
4 535 557 690 1810 -92.762100 50.091224 -4.483331 -93.161679 
2 1812 1935 -57.087897 -28.470878 
3 272 1561 1861 -97.199828 83.281762 47.540400 
5 214 568 1663 2062 2232 64.517165 70.390198 -69.173895 -52.278170 7.360118 
5 99 151 706 739 1720 -19.744392 43.204847 -11.496699 16.079365 -23.398887 
3 1587 1918 2081 89.429562 -65.582108 -78.051482 
0 
2 174 1417 -62.882242 -7.812829 
4 914 1457 2089 2316 -20.214633 47.323879 17.310256 76.333892 
4 494 1207 2053 2073 -77.729021 -49.102925 45.930184 38.235503 
3 491 942 977 76.835994 -78.039512 -62.219159 
0 
1 1556 57.961495 
1 1754 49.411158 
2 1325 1613 -25.770678 -73.738832 
2 43 1976 3.790512 -44.027943 
5 411 620 1120 1166 1200 54.317031 27.813737 -13.710032 49.699459 31.996551 
1 560 -44.121749 
2 627 2486 34.904357 -73.569390 
3 763 1082 2304 47.889052 -63.894506 4.019961 
6 184 1000 1570 1637 1980 2273 46.897618 -34.269013 -7.425555 34.884349 -51.441053 -12.305936 
2 1213 2417 -74.361074 53.369797 
3 457 1498 2167 -5.938885 -11.415247 -56.538002 
1 2182 55.063563 
5 55 209 1338 1469 1719 18.921254 -55.899621 -51.008135 25.264265 33.860042 
3 143 433 1912 56.885661 -54.830699 -17.008397 
5 661 690 1034 1876 2197 59.665769 -53.198587 -41.019592 -41.207866 -78.687877 
3 11 1181 1365 -53.419546 -52.500480 -54.894470 
1 263 39.552584 
1 1906 -31.393976 
2 116 597 -66.080599 54.734334 
4 1266 1488 1506 1625 55.716123 54.157568 18.362480 -82.591568 
4 1315 1386 1498 1638 -12.676976 66.347539 -64.630403 73.210762 
2 1657 2310 84.060920 -42.238552 
3 892 2214 2219 96.390331 92.550974 -43.842123 
2 39 337 -11.836903 -94.807426 
2 974 2243 -47.272135 -25.430676 
2 631 2258 -57.908971 -19.892685 
2 210 1957 -29.268934 -66.862240 
1 1658 47.094894 
3 167 855 1653 52.455225 71.803273 -37.731121 
1 1217 -69.267137 
0 
4 298 1460 1933 2235 8.640979 -18.427534 -3.848819 58.257818 
3 463 933 2413 -29.618105 -53.202710 -75.405713 
1 1212 8.815133 
1 792 0.200159 
1 91 6.723940 
1 2105 -69.475861 
5 516 525 855 1253 2319 -42.059195 23.486473 -39.843473 -45.782525 -65.902034 
4 766 784 1533 2261 -47.349385 16.594505 62.420756 -78.669697 
2 2283 2396 70.478438 22.352464 
3 355 814 1543 -68.039510 39.253913 -70.388649 
3 447 1329 1344 51.536251 -88.931724 -8.088015 
1 1903 -71.613172 
2 782 1354 66.257249 12.247724 
3 338 549 1213 -24.075381 82.391502 46.331638 
0 
5 187 585 962 1021 2435 84.082004 -58.486714 -66.578187 -70.772572 47.078590 
3 715 929 1331 -31.101182 50.281862 -14.800880 
3 1271 1397 1713 -82.230390 88.048279 -99.659196 
3 1522 1660 1918 65.841846 73.439985 30.547281 
3 159 1112 1680 -33.078202 -92.289878 -47.750619 
0 
5 14 324 1052 1922 1925 37.659497 -66.402908 52.189881 38.749072 -11.700646 
1 793 78.632183 
1 1146 30.166729 
1 578 -50.232649 
2 494 1984 78.274296 -78.240541 
5 82 786 977 1763 2284 91.657232 22.806188 -96.557906 90.091706 -52.840970 
2 451 1651 4.378111 -31.222713 
4 1054 1609 1781 2338 46.689697 -70.110263 79.791240 -21.814379 
2 958 1051 -32.277932 71.431028 
3 204 584 1097 3.830242 -46.031859 29.992084 
1 125 -36.198097 
1 731 -83.553752 
2 989 998 -60.657529 63.986114 
0 
3 1254 1477 2250 -27.207910 -18.384693 -33.976441 
3 251 946 1211 -6.944401 95.005205 -62.037207 
3 960 1364 1741 -72.392653 -2.124043 44.531683 
2 376 1403 49.874714 -69.976181 
0 
4 15 1207 1414 1555 83.565312 -24.464666 5.743060 -10.044719 
2 1097 2067 63.733544 -42.792371 
6 170 760 1180 1327 1513 2374 26.101266 -85.364144 -67.019762 -90.343204 -27.688390 -92.294463 
2 564 985 -89.533512 -35.812807 
2 605 1700 44.959100 79.195872 
4 1079 1347 1892 2145 -23.625365 -9.390588 -42.083743 65.759107 
9 450 1164 1377 1657 1696 1768 1940 2221 2301 -30.936256 -59.535099 84.986754 36.491459 31.731105 -54.590691 -90.775556 57.397225 -92.531969 
1 1110 50.878299 
3 369 731 1087 5.531660 -96.231547 69.319738 
4 292 530 947 1278 -77.973618 8.000872 -66.845592 97.838773 
2 1946 2415 70.361682 89.103650 
1 1473 -92.128720 
1 1190 -64.552539 
4 714 766 1096 2250 -12.278867 -0.667583 70.439254 7.957466 
3 35 864 1884 -47.029815 -89.614139 59.065007 
2 522 640 -4.552763 -21.153908 
4 941 949 1537 2455 79.785265 45.556938 97.476089 19.847011 
4 829 2118 2190 2418 -53.004596 -36.046983 48.827438 -7.660362 
1 128 -26.777708 
2 1401 2259 87.117986 7.747776 
1 661 16.971570 
1 1879 97.323816 
2 863 1581 -0.843964 27.840567 
1 1860 -26.462866 
2 831 2139 99.489035 -42.756161 
2 581 1015 22.820157 -84.781473 
5 77 311 760 1021 1083 27.249479 -6.698864 -45.309427 -93.209571 17.412195 
2 1189 2418 -50.279145 5.826831 
2 1683 1930 51.365434 67.274560 
1 540 5.300178 
2 1628 2182 -52.083084 -78.435656 
0 
1 2254 78.724931 
2 1114 1864 -9.752831 -40.553649 
0 
2 138 553 -86.423662 77.933518 
5 377 986 1293 1769 2321 -45.355781 39.302448 -48.844941 -39.590013 -67.215800 
2 460 1240 72.034785 85.465425 
0 
1 826 -99.818897 
2 320 1266 93.022885 -29.811111 
5 363 948 973 1211 1953 46.703311 -14.903287 -13.784216 65.383456 38.784085 
5 512 1231 1497 2121 2359 43.764403 78.719467 -0.050272 -2.768823 0.991398 
0 
0 
4 503 1101 1869 2055 -37.344826 -15.454089 11.249288 55.438286 
2 816 1247 -73.396005 -4.476267 
2 1924 2407 30.388267 -75.814372 
2 1110 1170 -36.522144 25.917674 
2 1167 1211 38.986698 39.026606 
4 807 833 908 2228 -97.613882 65.143150 97.878888 47.155380 
1 464 -81.542790 
4 127 1957 2020 2486 -83.730815 -53.435036 2.430501 39.322979 
1 200 51.144183 
2 1151 2032 -20.571177 -72.912085 
3 955 1799 1946 -80.150437 54.353268 81.212052 
2 883 1170 91.934439 88.506110 
2 331 2402 48.992667 46.109220 
6 31 81 1055 1258 2210 2472 88.610986 58.334411 -11.925101 40.630602 -8.202435 3.635006 
4 50 621 651 1226 13.713607 -87.637781 24.073750 24.625901 
2 925 1794 -29.344021 -52.371891 
1 156 13.547607 
3 2 1241 2348 -11.593936 22.922149 64.473467 
2 776 2375 9.960416 51.533244 
0 
1 430 -55.739864 
3 126 407 1979 -60.760044 55.663518 35.417566 
1 74 -12.086333 
7 269 907 1015 1203 1655 2215 2370 73.943142 -80.274006 82.064013 54.580156 47.520378 8.074255 -84.432116 
2 1835 2018 -62.472467 53.331665 
1 1685 2.936845 
1 319 -61.805164 
3 66 663 1018 -50.271263 30.279786 24.808615 
4 21 246 788 1169 88.878510 93.791562 99.739153 -44.148072 
1 106 57.424118 
3 1584 1789 2041 -23.596280 72.056319 6.318028 
1 158 6.144867 
3 588 1179 2180 48.705111 -51.332773 66.851964 
3 708 949 996 85.436731 -50.054028 -6.619537 
2 25 1462 -85.113074 8.233654 
2 860 1034 10.599631 79.737911 
4 149 704 1201 1879 -79.975634 -47.198277 31.473623 36.779389 
3 88 1374 1643 96.052382 -60.641351 41.804181 
3 964 1216 2000 -81.055583 83.725513 -52.781167 
1 1823 56.769048 
2 1042 2390 -33.549321 -87.918834 
4 960 1047 1309 2174 -34.892714 -85.939902 48.844478 2.848486 
1 242 -69.643063 
5 477 602 642 817 2288 74.861133 -32.783985 -87.533595 75.241504 11.219465 
2 1318 1473 -12.343346 41.971937 
3 1029 1584 1966 5.161893 -60.376876 34.395797 
6 317 983 1144 1804 1991 2315 60.712112 -38.360102 -31.741564 -1.472250 58.738413 75.639702 
5 530 598 1458 1462 1595 -95.950603 5.318741 67.973116 83.822594 -4.346151 
2 779 1548 -61.525998 -10.830619 
4 1 720 784 1946 86.331949 40.863036 -6.367277 -42.887685 
3 948 1353 1673 -7.694720 35.857901 -60.358319 
4 724 1611 1685 2289 29.141243 70.012320 -8.320592 -93.474813 
3 598 999 2209 -23.382456 -90.926932 36.347653 
4 678 1905 2183 2220 -76.110102 -75.466414 81.950980 -80.750849 
5 825 1080 1415 1472 2311 -96.411199 -81.081248 -20.876186 56.815471 -69.286823 
4 805 1705 2232 2358 -89.163650 -60.710310 -79.707036 -46.999939 
2 21 601 -7.359458 74.129402 
3 1194 1871 2058 -93.409244 -42.738892 -72.163755 
3 284 958 979 -8.487537 88.249798 19.611490 
4 548 2018 2073 2413 -22.415501 -36.459221 -88.536708 23.694995 
1 1806 80.354436 
5 322 477 568 821 823 24.434583 -42.318995 -79.920705 -67.233152 -75.060171 
2 1565 2013 -19.882290 5.446314 
6 622 1007 1072 1468 1523 2030 -18.837634 97.399536 -13.410968 97.186937 -8.523004 28.236716 
2 570 855 -15.506570 93.434487 
4 747 1543 1585 1985 19.224773 -70.486968 -70.980398 -14.209651 
0 
1 2493 30.917344 
3 260 296 547 -82.612566 37.959574 19.812271 
3 0 124 1426 -60.917318 45.922329 -3.542055 
4 170 874 1920 2175 -97.025162 -39.790072 9.702755 74.129941 
2 220 390 17.611896 -15.755433 
1 2002 -70.383652 
3 759 875 1883 -98.236359 -43.921068 49.655293 
2 250 1419 94.136029 -94.642469 
3 0 204 2224 -47.508743 -43.855196 -25.965558 
2 452 2210 84.751334 88.977201 
2 2071 2316 62.419722 -63.663267 
3 1297 1725 2277 92.948542 96.853107 22.731362 
4 357 524 1427 1437 -98.672967 -12.428623 -11.868619 0.562088 
3 1049 1683 1875 57.624917 11.588992 -66.929907 
5 412 603 919 1415 2122 -67.809415 -4.895325 99.259466 24.315007 78.338825 
3 171 1250 1274 -95.851080 42.604586 80.371092 
4 548 1351 1839 2218 -84.369035 -71.743010 31.947767 45.112458 
5 38 375 784 1400 1880 68.371294 -67.605616 63.992067 43.927530 59.902123 
3 27 216 1410 -38.570431 98.252796 -34.200892 
2 1356 2339 74.067354 0.855026 
3 189 1240 1415 -95.177101 -24.294992 93.853155 
0 
2 75 1408 93.006931 12.581254 
2 269 1661 35.694494 -87.671556 
4 898 1135 1895 2423 -7.726507 33.181758 90.749795 20.544974 
4 212 520 682 2214 -57.153959 22.925656 -6.406917 88.233234 
6 241 553 555 679 1173 1800 -91.811377 -53.094132 63.810390 -26.236767 83.300807 -72.985242 
2 1741 1871 44.470754 -60.434647 
3 1824 2134 2140 48.554967 68.396240 -69.240613 
1 1142 8.235822 
0 
3 1384 2099 2113 25.478452 85.860362 -47.035687 
0 
2 365 400 -13.809964 -78.560284 
0 
3 1868 1985 2028 -42.875333 -62.536001 14.315663 
0 
4 429 1361 1695 2470 35.967405 -41.918014 39.602499 -34.826589 
1 536 92.806645 
4 825 1239 1807 2365 20.724930 -9.795509 -22.214062 67.747316 
1 2064 27.482688 
1 112 6.348897 
5 769 948 978 1158 2446 -60.732950 53.924573 -23.619976 -25.056106 34.383204 
3 728 750 2055 -49.914304 58.305671 -38.429949 
1 496 8.271945 
2 884 2404 97.750173 -89.257549 
1 2110 -4.396308 
2 260 1352 -65.641038 84.981128 
4 476 1394 1698 2084 76.843427 29.283057 -0.136677 37.674909 
2 22 1581 38.313145 57.347787 
2 920 1303 90.711410 -7.826313 
1 2418 11.791931 
2 550 612 -13.630195 -53.968898 
2 653 668 44.791924 77.146345 
1 2394 31.768080 
4 64 950 1019 1647 88.328031 86.087859 -50.069510 61.883317 
0 
1 536 79.315351 
0 
2 533 917 58.641783 93.379370 
1 142 83.777643 
1 545 35.967808 
1 1109 -12.049018 
2 1331 1385 37.746588 10.802669 
2 665 865 55.221190 -57.453242 
2 682 1333 99.134519 -78.802334 
2 1414 1895 67.857286 -2.232423 
0 
1 547 -87.441840 
2 365 2468 27.084444 -17.402479 
3 99 1967 2176 87.397121 42.655136 86.175971 
2 1429 2225 23.715753 66.391457 
1 558 86.850179 
3 1062 1833 2011 -99.920796 -96.356779 33.761513 
4 459 588 1278 1763 -63.441479 -42.754312 7.867195 -39.268484 
5 77 671 711 1219 2062 -35.251341 -45.227054 -82.975795 98.911508 26.027319 
2 228 704 -56.207477 -55.312436 
0 
3 817 912 1625 -34.907635 -81.795140 26.255969 
4 163 1526 1779 1860 -31.205874 -93.715907 76.764773 26.807658 
2 1134 2367 42.177576 -95.838465 
1 1856 2.057132 
6 337 1010 1263 1620 1691 1780 -7.776598 -97.011321 -4.842880 -75.166458 -97.225703 33.549385 
1 1570 -31.519836 
1 1473 -26.573189 
2 869 1547 -43.404693 -89.101298 
2 528 738 -36.711777 90.788871 
2 685 1481 -56.186475 -85.880414 
2 1903 2435 -73.485189 -13.138998 
4 298 1178 1220 1295 -85.206502 -24.907152 43.079344 -89.281056 
4 2 341 710 1943 -56.305900 82.203866 -96.589194 68.288155 
3 1121 1187 1245 1.267689 -95.137937 58.593486 
6 582 1242 1366 1408 2117 2242 -75.282297 79.201706 -74.556517 3.090866 -52.626240 -14.365392 
1 2354 -1.714850 
3 355 667 2340 16.960575 28.485885 -55.872772 
2 263 747 87.190380 96.293576 
3 202 951 1395 -2.553149 -99.406450 93.180159 
2 1615 2298 14.477976 -54.753140 
1 556 -53.452330 
5 413 1409 1531 1769 2230 27.463841 -9.433424 17.164210 -51.157048 -94.643968 
3 415 851 1801 82.113907 93.035604 58.658080 
2 1115 2005 78.612139 -11.834562 
2 432 1469 50.912443 52.026132 
4 139 1157 1220 2231 73.718269 60.985546 -76.920682 24.639492 
1 1638 97.552750 
3 1505 2014 2333 -71.837473 -66.470425 7.505184 
4 210 614 817 2001 91.999131 -58.448736 82.877678 50.546654 
1 75 -84.637532 
4 573 1294 1589 2159 -15.332244 -36.533214 -12.129353 97.706213 
1 477 -55.628179 
2 181 2017 -74.104288 13.484562 
3 499 1413 1711 -61.771284 11.995274 55.258686 
3 1478 1780 2372 11.036736 46.277250 -22.872746 
6 181 470 572 1196 1912 2194 93.525770 -30.941019 -39.865507 35.492171 -81.917418 10.954703 
2 397 1857 -35.889152 25.902427 
3 296 629 2047 -90.251155 5.186664 61.688566 
5 74 1503 1516 1912 1956 -68.756813 13.765425 -84.845596 -48.281098 88.811908 
1 2330 -14.526711 
2 1674 2331 69.454399 54.427052 
4 938 1334 1592 2168 72.617995 -59.538423 -22.501341 -87.323455 
4 68 1172 1791 1834 69.775054 3.203114 -0.873389 -0.493439 
3 718 917 1650 -54.302498 -10.537368 -71.753763 
0 
1 739 -0.804935 
3 547 1719 2177 -20.636139 -26.388053 88.970862 
2 1155 1458 17.276277 -74.028816 
0 
7 242 868 1250 1429 1674 2057 2298 97.226306 99.609625 -79.400675 -53.761813 16.534591 -85.692643 -5.880135 
2 284 405 -82.493835 -28.863049 
0 
6 189 269 1734 2021 2032 2217 -75.990559 26.891280 45.557822 -73.154166 43.665521 -33.972955 
2 1432 2292 -11.592298 30.564523 
1 1787 95.728834 
3 79 416 1372 59.644543 -74.330669 -35.788656 
2 27 2451 95.389580 -75.479385 
3 35 147 639 84.828010 49.950776 43.504528 
2 1353 1948 17.130989 -99.581339 
3 288 1322 1703 85.850145 65.404373 64.123799 
3 891 1673 1890 -96.226758 61.533311 17.886481 
5 13 1535 2049 2360 2437 57.364493 31.445345 78.547156 6.120178 48.637621 
5 689 1151 1293 2222 2351 -81.970062 -37.201923 52.053569 -6.530418 -14.052940 
1 657 -86.306688 
2 163 1471 -67.938760 3.766190 
3 501 840 2052 59.682992 13.711699 -4.666950 
2 858 2091 -46.956445 -48.746579 
6 652 836 914 1028 1482 1762 77.674854 -81.300424 -91.456244 52.841157 -12.305595 -4.336882 
4 143 146 479 1290 78.823564 -63.553690 -21.713333 -36.489990 
0 
2 379 1929 -95.964520 61.447237 
2 277 2429 -42.924111 37.102806 
3 240 1258 2106 -50.514633 3.201805 -11.984417 
2 413 415 -52.178803 -21.666006 
2 200 1078 24.676866 -22.947253 
3 1306 1490 1795 -91.657662 82.569649 31.600923 
3 213 401 829 -79.715629 -41.753974 -86.545636 
5 225 645 1111 1448 2487 -79.925315 52.044565 -88.666954 73.012089 87.131035 
4 1231 1304 1359 1399 -59.268176 -96.774026 25.918189 -17.655676 
1 1355 72.938633 
3 95 951 1428 82.714209 -26.220020 19.747294 
2 4 505 53.471157 47.057171 
7 167 463 735 888 1317 1997 2107 94.773242 -44.038146 51.365547 6.481059 -2.479966 47.110056 32.532741 
2 1586 2340 42.872117 -5.423001 
3 1596 1722 1858 -58.268794 30.707887 -29.505975 
3 33 1469 1606 -81.469530 -86.988759 -37.441161 
2 960 2021 -83.455579 -36.021315 
2 1669 1698 25.698666 -6.646337 
3 1199 1462 1771 -60.986857 -18.190520 -3.717042 
2 49 1773 3.492774 -89.658629 
3 30 1675 1946 49.633074 -28.313333 4.228183 
2 945 1345 -54.958452 -17.850861 
0 
3 299 807 1470 92.696759 -52.955084 -2.455109 
3 269 463 2316 44.723034 -97.782650 55.718162 
3 70 1106 1483 -81.976360 -30.294409 -34.826639 
4 85 215 1482 1900 69.412595 9.528113 -1.706779 78.577845 
2 1263 1916 21.131949 99.044970 
1 833 25.745261 
3 967 2079 2360 -89.169491 75.415997 28.620914 
1 2459 -52.988539 
1 810 45.268003 
1 160 -66.391991 
1 1910 -94.465795 
2 1502 2057 -16.343957 68.311797 
5 39 649 1346 1442 1748 15.801361 -36.632274 13.665359 -53.227893 81.400020 
0 
4 634 1095 2164 2169 -39.922355 -70.395949 24.661178 21.893321 
5 430 629 1503 1789 2162 83.609081 -20.292458 -35.723476 63.037899 -45.164065 
1 191 33.224778 
2 297 676 -41.990097 22.208205 
3 182 419 656 -90.099024 91.422659 55.912449 
1 842 5.710896 
5 70 527 1334 1842 2380 47.195244 85.032044 -61.106275 51.274217 -93.139957 
0 
2 900 1220 27.297829 50.033656 
3 407 1891 2269 -76.440149 -89.890113 21.484560 
1 1437 24.717925 
3 278 443 2072 54.541467 52.341526 23.061039 
2 1043 1272 -53.726490 -73.590352 
3 729 1067 1516 -67.313061 -0.775004 -17.529260 
2 650 1622 63.925078 96.796978 
3 379 1056 2045 -89.867284 -64.723709 -42.164436 
1 845 10.333280 
0 
0 
4 392 1291 1628 1804 48.404154 -63.523978 53.860674 -8.466405 
11 48 139 306 671 966 1041 1140 1337 1351 2257 2445 46.809388 31.507824 66.825698 39.365417 9.310195 -3.886587 -90.563540 -98.544136 16.990954 -55.203636 -57.738011 
3 1453 1763 2228 46.157861 -55.464140 6.790224 
2 629 2455 -18.802775 62.502633 
1 1845 -60.304410 
3 494 1156 2183 -44.656639 60.339083 -86.643296 
2 70 602 -55.647298 42.427745 
1 2143 91.304004 
2 486 1892 -28.742161 48.059852 
1 1994 -1.760629 
2 791 2285 11.750464 -85.844450 
3 269 660 674 50.181172 72.438791 80.690218 
2 1070 1665 -18.361533 -39.845887 
1 2239 82.257970 
2 366 661 66.033820 -94.872816 
0 
1 662 64.447831 
2 697 1952 55.072597 83.200694 
6 121 476 714 2018 2067 2348 -43.683855 -37.137296 90.497799 -59.488162 -71.874403 83.652464 
2 35 1683 99.004969 -38.433409 
3 274 810 1137 -14.918789 73.886127 35.324723 
3 85 1221 1327 44.181881 -67.785510 54.919166 
3 95 437 1700 -11.307942 33.305912 -41.241749 
1 1889 -46.361991 
0 
2 1823 2299 55.369344 -93.943586 
3 1304 1626 2007 7.155975 -73.924179 96.628449 
3 329 706 1825 77.929861 53.097760 -33.769307 
3 1026 1109 1732 10.584792 -62.079536 -85.490248 
2 444 1768 40.433278 17.010935 
2 244 1951 67.423419 -48.390710 
0 
6 734 872 1136 1397 1681 1739 44.322922 2.868909 33.446274 45.004563 -66.306723 -47.600502 
2 304 2136 -17.785132 -96.543366 
2 98 1341 -66.914985 26.933530 
3 432 1369 1624 11.685636 -79.999134 21.796752 
3 128 1129 2188 3.507640 46.301474 50.728327 
3 692 758 1995 34.928047 -88.873070 51.377301 
3 713 1345 2178 4.007791 49.597105 -76.878075 
1 1895 95.861705 
3 351 556 1449 61.090250 -3.906323 85.115027 
7 81 551 709 1625 1648 1689 1880 94.119990 47.952933 -70.533830 -41.374399 -95.138493 -71.409760 -73.122303 
1 2194 66.884070 
2 769 1255 -99.116855 -65.711877 
3 873 2165 2424 -86.806750 -18.639726 29.608169 
2 123 1384 -44.030188 -96.422560 
2 1538 1615 -85.894090 97.891282 
0 
2 643 897 7.343917 -91.799831 
1 1153 90.747575 
1 988 -80.104524 
1 1825 50.735152 
1 651 -65.928177 
2 1493 1720 16.133887 57.128858 
1 1888 48.100063 
4 428 592 1538 1583 -79.166526 15.279149 -17.526666 -32.923195 
2 114 514 -88.259781 64.287863 
4 1080 2113 2472 2480 60.504053 -68.870939 -93.864866 81.372893 
4 638 918 1461 2145 28.600566 -98.838741 53.989430 -46.504518 
4 478 1904 2221 2384 -82.002788 -67.468398 -48.281635 -79.317653 
4 829 1291 1825 1943 -23.555475 -65.232522 45.930116 17.766791 
2 259 294 -16.914917 -75.728442 
1 2274 59.126554 
5 36 571 889 1560 2110 45.308036 6.100085 -35.461783 78.856727 16.236066 
4 572 1044 1371 2323 -71.708775 -40.151005 26.301016 85.279523 
0 
2 44 1162 86.378556 -75.625452 
2 107 1898 75.969443 27.727562 
4 31 562 780 2362 99.761857 -49.285756 -27.740410 -34.697065 
4 150 427 1136 2085 -2.507455 -37.370195 -6.103787 -4.558298 
4 1252 1362 2198 2385 14.365752 -95.143004 36.242603 24.375121 
1 1099 68.621077 
1 2303 -39.458989 
1 413 -94.733783 
5 812 898 1559 1896 2288 -7.214441 54.250825 86.103718 66.407669 -1.870553 
2 272 873 15.587328 -56.345038 
5 535 763 1423 2116 2473 -94.327896 72.645568 99.313318 -45.087639 49.412030 
7 153 173 518 867 1367 1682 1954 65.499270 87.017719 -44.685207 28.370881 89.337293 -65.283516 -63.018939 
5 1044 1229 1311 2368 2420 -79.418989 7.012728 26.372988 -15.973810 -53.960548 
4 1037 1374 1488 2201 -41.662209 -31.089663 -44.787870 -95.638207 
2 289 2232 -64.146235 -90.493840 
5 360 1122 1903 2361 2386 23.130270 -9.977365 -64.682012 47.829193 93.883490 
1 679 48.831822 
4 831 903 1014 2339 16.884435 64.461095 0.653678 -10.967018 
5 496 607 1102 1196 2000 9.825274 -78.464220 -76.763420 -34.640720 70.330771 
5 189 1082 1996 2269 2283 -37.995069 17.106029 81.881579 69.381473 12.524860 
0 
2 2099 2337 -64.686416 18.052838 
2 894 2156 -39.095748 67.333318 
2 1103 1710 -3.804238 -73.584747 
2 774 2203 22.684271 78.211925 
6 780 1063 1122 1704 2034 2193 -78.995062 98.384055 84.717376 81.215293 -4.719852 68.770256 
2 532 1798 -16.225009 -84.471091 
1 2302 15.997090 
0 
1 247 7.072000 
1 2425 -84.235041 
2 736 1383 -47.555028 -14.968901 
4 189 425 1547 1912 55.497530 72.383793 -63.109611 65.506691 
1 385 56.583676 
0 
0 
3 100 1337 1892 36.615104 85.725482 56.210391 
3 374 1901 2026 26.275940 1.569722 61.199805 
4 703 874 1486 2175 -18.729383 78.434213 -19.600696 -33.939346 
0 
5 503 946 2252 2311 2437 -91.241680 17.461263 -21.947578 99.769650 70.446885 
2 1289 2479 43.014044 -96.027386 
2 356 1003 55.630905 95.596824 
2 1198 1595 90.255716 -43.040522 
2 152 1351 60.787270 -29.215042 
7 106 219 407 1282 1596 1866 2471 16.128249 -64.161660 -62.351256 -30.428175 12.407841 29.712237 -66.267434 
1 479 62.734957 
1 1428 81.823089 
0 
1 1200 22.023816 
1 1780 -37.948984 
4 145 195 1678 2210 -53.271845 -98.119027 -70.335708 -80.079066 
3 360 607 1034 -51.485018 20.971800 36.299140 
4 135 1522 1585 2107 -22.211790 0.455314 -35.107977 -57.749509 
2 1233 2055 -74.481352 -29.538584 
2 631 2064 5.644540 -53.558027 
3 1797 2397 2398 -33.603977 -68.239178 -63.467337 
1 226 -2.383413 
5 94 882 974 1745 1920 58.127277 74.434756 17.275916 8.543829 42.521618 
3 412 413 965 -95.743891 83.784047 26.474939 
2 352 2459 53.074056 77.186709 
2 1115 1733 84.778895 25.072038 
4 153 426 1647 1752 -74.448838 49.731510 42.277905 -64.720703 
7 518 1173 1293 1651 2080 2165 2343 -20.802987 40.767746 -29.578114 89.373992 99.003616 49.708736 7.690942 
0 
2 322 1987 -72.087644 53.854818 
2 1091 2034 94.019696 27.570068 
1 1292 41.607449 
0 
5 886 1553 1661 2166 2254 34.153119 54.471372 -36.806738 25.055228 -59.392233 
1 290 29.950402 
1 963 -2.937708 
4 102 329 509 785 -67.374878 -63.872833 -64.752190 -86.359072 
4 178 358 631 1128 -27.221736 -30.831149 97.821847 4.568604 
2 1112 1786 -82.736888 12.465937 
2 547 2201 42.935475 -34.660380 
5 1328 1762 1919 1928 2177 -41.293682 -4.314619 -48.752098 -57.988795 98.961747 
3 1516 1680 2320 22.131506 -48.995274 -69.230306 
1 1419 -55.609966 
1 2055 4.562370 
2 618 2182 -75.582846 -35.748326 
4 58 1101 2124 2235 -81.239798 -75.728607 99.450614 -59.835904 
2 110 2137 -40.371288 68.067896 
1 610 -13.405277 
5 246 448 736 1204 1514 17.353272 -4.822961 -35.766843 -45.452992 -44.183898 
1 1328 76.314466 
2 1499 1908 91.735752 91.530902 
0 
2 1259 1765 39.530604 -32.661825 
2 847 1850 7.329006 -29.628390 
1 307 -79.483582 
2 851 1571 -2.996352 -69.213514 
2 225 1287 30.350998 -63.324566 
3 882 1128 1911 38.056811 -92.094697 -97.909481 
1 589 0.084720 
4 2 191 372 415 -44.460205 40.059109 21.722716 -29.627582 
8 86 255 513 682 893 1691 1854 2067 0.930110 27.513027 56.413462 -91.941093 -91.585495 -25.084763 10.665965 -3.729974 
3 1293 1596 1872 -29.953520 49.278201 -88.085014 
4 600 790 2137 2171 57.334552 57.696311 15.304765 35.144113 
0 
3 1562 1713 1856 95.207738 93.805371 69.795690 
5 104 475 561 1815 1912 -90.265492 5.832692 73.857286 -69.925816 75.661355 
1 511 -92.012860 
3 115 1013 2389 45.467918 43.155368 -55.209606 
4 113 175 1011 1647 -22.451133 46.308528 -71.344507 -42.217372 
2 402 813 -69.312312 61.646342 
6 455 960 1129 1333 1452 1882 0.448261 44.104190 -70.965829 19.804900 40.940611 -84.625100 
1 2161 -92.455425 
1 485 55.999885 
3 1038 1687 1844 38.429328 34.855197 -88.220415 
1 347 32.605763 
2 2377 2478 -66.537183 -90.265186 
0 
3 689 882 1347 76.702518 41.339329 3.988046 
3 808 1508 2161 -32.891984 -38.402370 78.255944 
3 710 1807 2357 70.594347 -22.349004 15.537993 
2 2118 2476 -76.000242 -88.468283 
2 713 2275 -95.669684 -25.139184 
1 126 96.380955 
2 636 1222 -34.469723 67.780676 
5 106 480 1050 2043 2158 -27.159231 30.639996 -12.006988 89.571445 -67.649700 
2 977 1893 11.259595 74.155873 
0 
2 1069 1862 -57.715676 -16.158734 
2 139 1946 -69.216070 80.487543 
3 262 296 502 -43.897195 -86.111458 -55.283391 
5 181 211 487 1026 1273 6.910306 -34.193922 -84.774830 -73.596576 78.109692 
1 2411 -6.165667 
4 433 1191 1753 2223 -11.043562 -81.592468 -38.961715 -9.132252 
1 2376 45.558887 
2 445 2067 -66.700511 -53.441773 
1 782 -61.756237 
1 1118 29.099873 
2 415 1408 -29.317886 85.487718 
4 956 1024 1164 1723 -99.164928 30.224878 18.036323 -20.288936 
1 1296 52.910006 
2 925 1878 -66.991946 42.682483 
3 532 572 1580 -16.187461 33.581974 21.636575 
2 72 731 -35.057208 74.796659 
4 297 1206 1308 2230 38.358872 -26.858453 -15.631303 35.348042 
2 1609 2229 -5.005435 -49.570777 
2 458 1032 -41.847209 -91.302658 
3 1779 2061 2245 58.097136 83.390153 44.072635 
3 395 1180 2243 26.217014 -38.011892 94.545861 
2 525 1954 93.180370 -20.925718 
4 1422 1429 1776 2228 27.539388 15.456463 -71.267616 -51.861959 
3 324 929 1840 21.169481 -78.562468 68.565247 
6 105 870 1263 1301 1318 2260 -96.577731 52.013273 90.516114 63.750497 -90.438185 -8.623536 
2 357 2246 29.074113 -69.825721 
1 1777 -45.895984 
3 1361 1997 2268 -3.333690 2.260472 -94.488102 
5 57 243 1597 1674 2169 14.728865 90.132237 -88.047470 -64.752952 -66.638495 
7 596 1156 1242 1288 1335 1864 2481 -41.533436 99.746812 94.657025 -52.808713 0.482631 97.415487 88.391278 
2 2100 2111 20.015865 53.403572 
1 1727 -50.267392 
3 1140 1434 1611 -84.720532 -92.070095 59.155614 
7 24 257 562 653 1331 1491 2353 24.769216 76.208743 -65.363187 -18.452862 -11.828833 12.497545 -77.570541 
5 33 355 513 928 1516 -77.269797 -92.611884 -89.772164 20.563097 66.842708 
3 419 502 1709 -20.199863 -48.025059 -38.643750 
2 192 1970 -65.771612 -62.198962 
1 1216 50.075593 
2 1128 1133 -34.132888 -42.403209 
3 21 2049 2081 51.991701 -5.466853 -5.328487 
3 599 1114 2130 -88.073790 -56.966273 -83.601700 
0 
4 129 232 253 2160 -23.176097 15.857786 -16.667619 -92.841648 
2 31 1099 48.936941 85.869755 
1 981 -62.483325 
5 679 951 1788 1843 2033 2.699580 71.382983 42.127143 -69.232586 54.066376 
1 603 -90.795281 
2 899 2165 45.625503 -12.582387 
6 462 568 1290 1543 1925 2469 4.531427 68.640914 -75.052819 -90.056206 89.354344 14.912302 
1 245 -93.207785 
6 458 515 598 1337 1515 1755 -14.812454 -67.534629 43.775675 -88.849456 -35.877057 -16.640208 
2 428 2271 -0.067248 43.900980 
0 
3 405 1133 2323 -83.111032 -34.308227 74.223324 
4 483 1182 2067 2473 -5.409101 14.857375 -53.328114 -40.360035 
3 81 190 1061 -39.886949 74.029005 61.758948 
0 
2 145 732 -95.048465 -76.038450 
5 952 1404 1992 2246 2401 49.801193 92.027047 96.870141 -1.511681 47.049602 
5 188 579 942 2319 2452 72.989866 -48.893045 -3.973949 -12.500606 -36.109056 
3 398 766 1865 7.307667 36.986755 12.774669 
9 443 957 1208 1397 1501 1539 1649 1681 2350 67.292808 39.193705 -48.921863 -53.705336 -2.910521 -74.962132 47.411293 -45.163100 -11.135248 
0 
2 922 1908 55.644490 -21.731349 
1 1556 95.857791 
1 898 -4.843668 
4 1202 1454 1644 1970 0.834723 49.196055 -37.214883 -1.078165 
6 105 248 373 722 1010 2089 52.572590 -55.495064 -26.323317 -7.652487 -26.569425 -89.728619 
5 264 481 1325 1640 2016 -70.499151 1.116231 -53.798870 36.550306 26.883622 
3 1434 1971 2488 -69.783933 29.916851 -59.868047 
3 325 2378 2379 83.649103 94.839512 75.227491 
1 414 99.107566 
2 649 2288 16.018922 -0.781878 
1 381 -50.006497 
3 1111 1247 1295 9.855974 57.171703 -54.045305 
3 487 1276 1575 -23.262615 66.534876 88.374550 
1 1488 -0.504095 
3 542 1304 1796 16.561636 -3.126509 -72.217697 
1 1969 -67.416967 
3 7 166 1190 45.384160 97.887885 -96.011804 
3 1671 1818 1832 -12.860329 -9.217583 70.964909 
3 206 358 2090 71.300364 55.954352 48.243100 
3 300 774 1152 -69.731802 44.851112 -5.982942 
3 1364 2182 2285 -74.950356 -87.526485 -51.845377 
4 710 1162 1249 2095 99.664235 10.194879 19.387394 -81.000014 
1 1592 37.626104 
2 635 2312 -77.156649 -73.465510 
2 674 1951 4.202487 -67.611738 
2 767 1602 -68.637255 18.950566 
4 386 558 950 2024 40.897003 28.239661 -70.889169 -24.172087 
5 118 1337 1804 2116 2459 -94.075961 12.917362 21.510108 90.136161 -85.084364 
3 3 424 1895 -34.430475 -70.264168 19.664382 
4 35 1521 2103 2417 45.020372 25.985561 -9.393270 32.145155 
5 316 504 593 1677 1941 -59.739703 -55.483544 42.287814 -90.006882 64.418867 
5 419 1299 1624 1630 1647 -92.782159 -87.320436 -67.592075 40.419904 -75.039932 
9 213 223 873 891 1593 1635 2058 2202 2396 -45.414799 -90.145314 -23.721646 -65.795095 48.416159 -87.192641 7.162422 59.943706 99.529519 
1 2330 -11.513950 
5 970 1097 1742 2282 2338 -11.543378 -9.841861 -12.511662 -43.128310 -72.739802 
0 
2 853 1359 -69.217098 -78.839875 
1 2332 -32.239551 
3 1154 1715 2229 6.425198 59.253118 49.264420 
1 1499 -27.096633 
1 2416 -87.106248 
3 45 874 2221 -93.349399 54.033354 -75.562035 
1 2324 37.322825 
6 296 1020 1492 1779 1834 2080 -87.304414 -3.884249 99.197467 43.490441 37.404931 17.358905 
4 204 1486 2365 2419 -5.059619 -41.037570 -35.446426 -91.014131 
3 1564 2022 2070 87.779684 -46.434095 1.382538 
1 385 39.087341 
3 155 808 1952 59.870784 -86.575726 8.785161 
3 861 949 1651 90.349108 45.619053 -59.593479 
3 1788 1832 2425 63.496129 -28.447507 20.459035 
1 413 2.621455 
0 
1 1863 61.929583 
3 558 2162 2170 97.720599 51.171210 -35.285719 
2 573 2444 -9.131887 76.343686 
1 217 24.961882 
3 140 1663 2437 -19.602058 -18.975405 -21.370981 
4 394 1038 1142 1314 -49.013139 -39.798675 0.701662 11.114182 
5 122 641 739 879 1151 -75.528909 28.484036 14.980244 39.036099 41.163298 
4 1201 1236 1312 1723 24.362110 19.335179 -32.391324 2.067747 
1 1042 -39.790581 
0 
3 1480 1946 2134 -98.176433 -72.514118 -96.052637 
3 1350 1353 1456 26.136323 -47.355480 22.535219 
6 18 620 1004 1242 2063 2403 57.996468 46.506569 2.689361 3.882771 31.057898 -44.444611 
2 2077 2440 23.400367 74.829834 
3 1575 2191 2297 39.699908 10.472907 76.522559 
0 
3 327 404 983 -48.394795 32.185388 -14.997969 
3 945 1482 1792 -60.684720 3.677194 50.438518 
0 
1 1334 -32.766136 
2 665 1549 82.916071 -47.723359 
3 657 827 1731 -73.997306 96.257360 39.909205 
4 1204 1564 1833 2416 82.317218 -65.181262 64.987029 -71.101226 
5 1036 1071 1579 1904 2315 -19.236415 37.503927 -8.647663 -70.931136 -43.293390 
4 247 270 825 851 -2.469855 -64.601579 -94.980706 51.684670 
1 2217 51.441163 
6 80 190 571 1401 1986 2084 -33.900532 -59.099413 -92.355202 -23.555590 35.288274 -41.259216 
4 717 1750 2056 2470 -63.763623 3.957398 -20.589328 78.663476 
1 2018 37.030908 
5 118 1129 1178 1631 2464 -78.589150 -68.504317 3.320480 40.884295 -7.868490 
1 510 51.123873 
4 1324 1963 2031 2051 77.144363 -80.312859 -32.190572 -60.733797 
3 804 1817 2324 -49.899855 52.932324 -65.271834 
4 531 1163 1371 1876 70.955033 40.872437 48.464898 -54.949058 
2 1190 1242 -66.542388 -63.701800 
6 216 222 281 850 1162 1432 -8.216440 30.332400 -31.393502 -64.866091 99.739836 53.528130 
3 181 1140 1888 90.684414 -45.061657 -38.297182 
2 212 1178 -17.035085 41.713290 
5 714 905 1401 2228 2371 -63.053175 49.288446 57.063267 17.996404 22.707424 
1 1973 35.925412 
1 1002 -82.646973 
1 1669 41.385312 
4 985 1676 1914 2226 33.903951 23.222026 91.775228 -2.558706 
4 990 1151 1252 2209 -84.759262 -15.684641 -57.703225 45.639849 
4 290 506 1969 2445 -12.431189 -36.179437 -34.267421 -69.641830 
8 263 740 1401 1596 1792 1926 2198 2496 -35.406070 -69.617079 44.863068 -78.238574 96.079995 62.497941 30.253783 75.072767 
4 30 600 1715 2272 -98.444969 -13.527587 -72.878401 -79.963255 
0 
2 1072 1896 -61.254677 -52.786682 
5 10 324 997 1563 2077 -56.917115 -92.056325 -60.736987 -34.068426 -93.355737 
3 1997 2178 2400 -34.199353 34.392072 -85.555867 
2 164 1470 -12.127242 80.781828 
3 806 1930 2041 -74.254820 -26.020432 87.023547 
1 845 95.990574 
1 1912 55.878569 
0 
3 439 2006 2174 39.387329 57.796277 -3.609303 
3 298 612 1335 69.565271 -45.920004 -27.791894 
1 2419 8.030946 
1 458 -73.161731 
3 39 819 2426 54.376800 -23.543739 -0.795411 
1 2119 -29.341273 
1 23 5.641859 
3 507 787 2441 92.528148 -53.580892 -11.314246 
3 1247 2190 2373 4.723979 21.101291 62.951235 
3 958 2200 2233 -53.494936 -17.521818 89.618961 
1 1639 79.996367 
6 367 641 1364 1872 1945 2379 -23.888989 -50.016967 -82.536090 -82.809199 81.264481 99.770277 
2 164 598 -23.424424 18.315877 
1 1526 -94.763309 
2 436 617 -44.442262 -55.142351 
3 1208 1857 2094 -93.560541 65.288134 24.617091 
3 1351 1753 1912 -73.085791 46.492522 -4.064391 
3 791 1263 2000 -38.126026 54.873561 -42.476897 
2 1254 2118 87.208817 14.349577 
2 886 2023 -31.777082 48.125666 
4 35 714 715 2349 -9.135496 70.614907 -12.704025 -83.369243 
5 308 341 378 1396 1788 -67.610987 -5.268565 98.457956 27.392350 -53.642410 
4 118 1146 1736 2363 86.764882 -65.190991 90.772606 -34.631311 
2 1298 1521 -34.361733 95.612407 
3 343 2093 2424 -52.072638 -68.166442 35.923970 
3 626 1142 2204 0.430323 36.773048 96.139983 
3 266 1790 2447 0.444415 86.262971 -21.906991 
1 659 23.959081 
1 1345 51.706896 
1 40 24.070699 
2 843 1329 84.957536 56.527742 
3 258 2009 2452 -25.267987 -98.096708 -80.298891 
6 1250 1308 1321 1443 1700 1707 1.461227 34.775400 -35.103786 71.102945 37.309570 59.757864 
1 775 20.783151 
3 502 536 1933 -45.283768 19.465647 80.925360 
1 1396 -68.006590 
2 1579 2216 9.990088 -85.832640 
1 411 68.054993 
2 694 2219 7.867332 91.918822 
3 565 1055 2179 -43.814023 16.775044 -16.561916 
3 1376 2190 2418 78.729262 -67.891722 69.384670 
2 916 959 -73.601962 39.666590 
3 954 990 1706 -83.614795 -90.640228 -8.069836 
6 548 1371 1805 1934 2431 2451 60.276502 40.558789 -17.384927 -1.756806 -75.514306 -58.851503 
5 557 676 1066 1296 2029 -11.574680 91.499915 -34.356980 -35.137211 28.367503 
2 989 1046 39.901207 -27.843415 
3 254 862 1559 -48.317234 15.769805 12.193958 
5 813 1038 1901 2201 2265 -80.210072 99.135222 -19.790765 -22.522608 -30.498841 
3 2 1557 1906 46.214926 15.667222 55.953164 
5 177 683 1951 2159 2182 -64.519969 -42.067302 -95.194185 25.547346 -66.711676 
2 61 1533 -29.269634 35.594600 
2 908 1778 -0.465223 48.828423 
1 1812 -63.323993 
5 20 1513 1734 1746 2443 -7.244966 -13.147640 10.374183 -36.698094 -18.926958 
4 57 389 1116 1818 58.788030 22.097721 -4.182070 7.644116 
3 47 1407 1973 80.416028 -95.394084 53.561064 
3 11 157 300 -77.008414 30.759297 24.932479 
3 415 1688 2164 -97.870165 -4.030440 79.573800 
1 2120 -12.697650 
2 248 505 -60.672703 23.710344 
2 96 259 55.383175 46.035350 
5 370 724 1913 2011 2325 -91.645558 -61.614522 83.434504 0.106658 23.502906 
4 7 988 1119 1779 -21.073752 96.036884 -23.325044 -39.139630 
3 663 1066 1599 52.942816 66.820112 24.094687 
4 422 607 927 2274 48.630225 33.263039 -39.920441 22.256584 
0 
5 229 487 1763 2231 2318 44.136792 -64.948316 79.055595 -76.338756 -0.023585 
1 960 -92.950866 
3 413 680 1128 -82.873687 16.971181 -77.735554 
3 324 1188 2464 5.282311 -58.980605 -87.146254 
2 150 659 -44.579804 73.206258 
3 272 1096 2295 61.104370 89.391891 -94.601820 
1 2493 51.469247 
2 623 787 81.518827 -10.010606 
3 903 1088 1994 59.780059 90.584243 -53.547036 
2 751 1215 -55.281321 11.510865 
3 299 892 1414 -62.253106 -97.295772 97.742100 
1 1914 24.680196 
2 880 1859 -85.136844 36.254307 
5 755 836 845 1095 2482 -74.562668 63.961997 12.879586 -18.522047 -8.835764 
2 341 692 -57.222216 -88.116170 
2 564 1069 -53.294417 -99.369944 
1 692 38.399472 
2 235 285 21.872345 -80.070958 
3 929 1170 1901 -74.294117 40.755199 92.747412 
3 754 858 2272 -39.327908 -28.551346 25.556590 
1 2253 -24.873135 
1 506 53.988848 
2 2459 2494 99.919736 -61.844991 
4 771 1403 2215 2479 7.516769 -74.025935 32.268110 -88.676190 
4 2 1850 1863 1964 -68.582902 -71.383795 57.503873 13.503535 
0 
3 110 272 1812 56.597338 35.399793 -68.787949 
0 
1 2278 -33.116433 
2 1261 1715 63.573961 45.847602 
1 2446 54.822810 
2 994 1327 -51.194814 -86.927158 
3 952 1367 1519 81.416951 -42.777581 -2.960589 
3 1374 1886 2428 -65.839680 38.489601 -95.293648 
1 1945 -72.278132 
6 296 641 695 1196 1933 1966 -64.522436 20.243982 -82.654863 -86.034548 71.115698 -35.849248 
8 357 364 474 483 638 977 1229 2304 4.247362 -35.196875 41.951650 -87.043353 -17.897844 -10.207027 37.828557 -48.063741 
3 107 816 1135 67.485412 -64.873209 28.216675 
1 1490 8.663371 
2 637 1079 -99.408801 -98.494482 
5 282 301 309 1718 1938 -1.986557 -52.945867 -31.343305 -60.562396 71.001067 
5 31 430 1398 1904 2495 31.820575 2.868879 -99.146483 -64.832895 2.550456 
2 879 1969 -29.405807 78.718846 
4 898 1275 1541 2323 -93.407493 27.293555 -61.387518 -83.960163 
0 
1 1601 -33.361891 
2 219 1218 4.545299 39.073611 
7 310 1041 1343 1817 2022 2112 2287 25.930297 60.617169 11.334477 -13.168709 -2.723820 70.674741 -89.180674 
4 433 547 783 1049 -36.813562 -79.559206 36.903059 -94.903136 
3 944 1539 2367 83.778637 -6.306118 92.502290 
2 159 1371 -46.163162 -74.222523 
0 
2 1005 1197 59.246082 -59.595020 
2 1288 1380 -6.854902 93.995972 
5 191 767 1251 1580 1603 41.530457 68.080453 93.331447 5.329660 14.253914 
2 699 1693 -90.865419 45.886524 
3 1361 1711 1760 -53.206537 -69.635625 83.786350 
4 118 226 1205 1710 -77.630720 -5.995096 -85.964339 -45.584237 
3 312 2006 2186 90.638310 37.579775 -97.338762 
3 65 701 1145 -19.905342 -86.615674 -36.687488 
5 1399 1414 1930 2164 2467 82.682163 21.912346 8.492511 2.653466 89.465097 
3 750 1056 1486 4.847551 -65.451426 33.628324 
5 990 1253 2050 2450 2465 55.295840 -25.617070 96.469674 -19.439982 14.842842 
1 879 35.060273 
3 1333 1339 2238 39.712692 -66.195111 66.779064 
1 338 78.044357 
2 1053 1146 12.924539 50.799923 
5 86 1326 1811 2003 2241 30.951028 -74.466188 -9.503577 -27.359654 5.789636 
3 768 996 2225 -60.514447 49.424700 -86.995952 
2 621 2229 78.564276 -61.079699 
4 953 1386 2179 2265 37.271929 24.123350 35.214725 56.398769 
1 1545 59.435769 
2 1987 2453 -1.554301 52.668069 
7 698 1483 1623 1924 2217 2359 2365 -82.956982 78.617883 31.393179 21.874772 18.011856 26.887906 12.025446 
0 
3 360 851 1074 3.820925 -4.026298 19.661322 
2 157 2370 -42.477202 28.054092 
3 146 1266 1708 -3.785052 92.832733 88.205054 
4 609 1575 2139 2152 14.721180 -74.534549 26.454479 -67.476783 
5 544 1543 2284 2349 2385 71.508051 49.559582 94.238787 -91.114636 -46.953380 
1 2361 40.988871 
3 316 567 1039 -70.297487 -4.959835 -54.000134 
1 1177 -99.134423 
2 2075 2149 -21.751657 -23.449421 
4 427 693 2474 2484 -15.969468 -71.216913 94.955936 30.651497 
3 365 1350 2079 -87.905050 95.249523 -95.913103 
2 1233 1719 -21.981599 13.200974 
3 31 1183 2095 -42.256497 -86.655274 55.923251 
3 325 741 2234 -90.046646 -4.681831 -36.519342 
1 2100 -26.280242 
2 27 1505 -98.957576 0.159950 
3 248 1244 2271 20.280542 49.154530 81.562652 
2 1982 2195 -60.692372 12.015734 
2 1578 2054 67.807325 -34.926756 
6 213 253 654 908 916 1270 5.153940 48.194153 -56.304980 -8.926478 83.305681 66.704518 
6 60 123 1287 1780 1980 2346 73.589152 -3.548564 13.787309 -42.777499 69.870230 -22.457247 
4 167 275 276 427 73.728503 -82.668406 48.485980 -6.390823 
1 2392 -13.988430 
2 117 2281 61.965128 79.939149 
3 346 382 2183 7.255271 19.853755 68.669653 
2 391 446 -79.256275 -36.074320 
1 646 -66.462723 
2 663 1308 -40.544597 -31.686423 
1 1422 -90.779564 
2 782 2310 93.097583 26.507970 
3 620 1101 2461 -51.405555 17.832634 -51.024408 
3 794 1702 2249 69.376333 -39.583226 45.640166 
6 882 1314 1323 1488 1619 2459 36.666524 39.617103 13.611006 -99.655697 21.425485 98.697568 
5 629 936 1150 1562 1770 -57.291987 73.082796 -28.755529 -99.717992 97.184272 
6 91 326 1140 1408 1477 2359 21.898093 40.285834 96.568297 -55.751317 -64.546620 -35.122357 
0 
0 
1 481 -77.033880 
4 1336 1618 1745 2286 65.219213 -19.721827 42.270772 -43.032878 
0 
1 1792 -54.539013 
2 953 1318 -54.989112 93.927733 
3 65 1798 2048 -72.533357 64.746934 -56.094117 
1 1087 5.662991 
6 14 277 481 524 1470 2148 43.241403 98.575692 -19.518910 37.624096 -62.756959 -31.665937 
3 722 1804 2191 35.756653 77.037752 -98.190349 
6 64 417 826 1432 1500 2493 39.525129 82.009935 -6.256478 -9.647804 84.468094 -65.775986 
4 231 824 1291 1584 20.387213 -9.732140 -42.834900 86.673027 
4 396 399 1507 1921 49.932353 -10.686100 15.087440 -22.765914 
1 1616 28.608280 
2 1722 2118 88.608510 -11.943106 
3 363 2135 2204 -14.791450 -61.772212 38.904002 
1 414 53.894799 
4 858 882 1795 2059 -29.523074 -10.326919 -23.879838 94.753772 
3 504 837 1555 48.494199 -34.673628 37.169387 
0 
6 163 246 1338 1669 2276 2336 23.118466 91.012616 43.115374 57.128958 55.813857 -89.443484 
3 1088 1739 2370 -21.678844 -91.786219 -69.420962 
1 909 -18.405912 
0 
2 727 2127 66.139135 55.142707 
3 109 153 1753 -78.377979 77.894288 -94.663744 
4 148 621 1457 1681 50.070694 -5.338366 -84.141436 -98.575239 
3 553 1112 2431 -24.719272 -56.750817 86.218399 
3 1035 1334 2177 -89.063452 -0.155351 -99.952541 
3 250 386 2442 54.681849 -74.182610 37.484025 
1 1733 -24.479809 
5 403 1216 1563 2232 2362 -26.617132 -79.119020 -62.481105 83.071665 71.368646 
4 524 1005 1142 1547 -39.045774 48.998763 10.905974 -20.545108 
4 252 578 859 2057 86.486654 89.577729 54.434855 -65.183425 
0 
1 984 31.120501 
0 
2 63 765 -46.691454 -4.198608 
1 2134 75.997165 
1 363 -2.432662 
8 127 261 1276 1391 1428 1522 1570 2308 -41.715938 -44.547196 27.826369 82.577442 -49.432939 -3.646923 83.841642 -33.313324 
2 1030 1297 60.195965 57.581021 
6 654 1441 1989 2216 2266 2458 30.291579 93.577388 -52.028054 -99.705327 22.285850 -53.578478 
4 1018 1133 1756 2291 -77.443428 33.959721 91.273904 -75.992258 
2 438 1147 43.047062 98.200764 
1 1138 19.885510 
1 749 -4.819746 
2 433 2316 -78.127860 -48.367458 
3 267 1410 1577 77.453930 -65.899456 29.135493 
5 1288 1608 1692 1704 1850 -47.131729 89.298483 -90.075722 2.500173 -59.926416 
3 155 1388 1560 0.565029 -59.526218 82.022260 
3 4 9 1842 -42.985198 59.633594 -64.928632 
3 922 1145 2335 79.172695 -26.947806 3.694971 
1 1328 -57.545007 
2 1370 1700 25.461718 32.632685 
1 1572 39.406993 
3 252 772 1119 -48.523209 93.094096 65.383640 
1 2455 -27.600240 
2 1145 1929 86.854819 59.651503 
3 889 2264 2321 -46.240744 -1.380548 -67.055184 
2 284 2204 9.854381 -57.725094 
5 64 842 912 1352 2044 87.158723 47.090615 94.955747 17.852806 66.548831 
2 540 1945 54.729104 -77.020582 
2 1449 2439 80.258152 42.357462 
2 42 1272 3.764579 21.480996 
0 
0 
1 685 92.159108 
6 618 844 1783 1878 1902 1939 -50.642434 2.920412 40.685129 89.184714 5.856707 7.779691 
0 
2 138 345 96.623016 -92.834863 
3 373 587 1459 67.157921 31.432771 -42.348388 
2 2037 2201 -34.042011 13.070615 
2 0 1451 -64.651278 -77.345668 
1 1558 16.935857 
4 156 1514 1773 1925 61.507551 -12.578435 21.807297 -5.720152 
2 222 2034 2.160767 -94.213989 
2 1623 2473 11.775282 -75.826308 
4 1225 1935 2284 2355 86.975414 -27.719592 -73.990624 -43.883392 
0 
5 70 697 969 1224 1460 -89.621976 -16.608291 -10.638963 -74.438984 -24.763329 
2 1770 2467 83.815918 65.618099 
3 913 1535 2050 -72.329937 -93.362570 51.737219 
3 409 856 1239 40.073604 -48.979264 -16.789085 
3 871 965 1676 54.537770 -64.744723 -85.068271 
3 373 1244 1902 -95.115397 -1.959700 81.536338 
6 119 131 147 288 1936 1941 -8.655636 31.649514 3.690261 72.803945 60.861249 -77.210826 
1 1425 11.739069 
5 102 918 1833 2073 2418 -36.562100 -69.167405 -3.259893 81.765164 -19.906379 
1 302 73.060433 
4 662 800 1245 1856 39.122587 -65.731349 -61.846190 -55.690332 
3 327 1271 2397 98.503283 46.681744 94.100547 
2 1116 1932 -33.396611 35.876991 
5 737 1803 1881 2068 2283 -27.272496 52.040420 11.402488 -81.927161 -41.411269 
1 862 -45.735681 
3 1034 1077 1317 76.853641 30.379208 -59.057422 
0 
1 331 -0.818402 
4 1461 1770 2160 2236 33.916029 56.743828 82.779034 69.513312 
3 49 321 2250 70.837105 61.474256 -80.293140 
6 563 932 1185 1233 1602 2419 89.436811 56.520482 -56.521681 69.674902 -60.640459 -46.146981 
2 1436 1893 74.867742 54.590242 
3 705 1232 2072 44.961018 13.176926 54.600952 
1 1482 -56.597067 
3 547 2338 2455 26.444911 11.794779 -2.535732 
2 259 924 70.737903 76.423289 
2 111 724 -4.974756 19.719125 
1 616 50.523069 
1 1085 68.680115 
3 177 1105 2084 9.468982 87.244751 -66.555021 
0 
1 1263 72.435216 
0 
4 1341 1945 1958 2412 73.268632 73.656389 -68.515994 54.966598 
1 1619 58.529375 
3 639 1391 1441 86.574611 32.914037 63.972122 
1 869 49.839934 
1 599 -68.224026 
5 860 986 1145 2238 2480 -16.547556 10.599366 -0.490023 26.077436 77.163254 
1 40 32.630080 
3 375 1347 1836 45.680896 -73.196461 -63.977425 
5 330 1305 1447 1547 1584 -54.792696 78.754442 41.760425 -8.113183 72.202324 
2 163 1874 3.557810 -78.488462 
4 483 633 699 2424 99.206631 68.111027 38.726589 12.918455 
2 856 1773 98.017567 -47.256844 
2 992 1482 15.795531 -12.796133 
5 451 539 1175 1479 1848 81.301038 57.216775 56.462239 -87.185108 57.898496 
0 
4 118 447 694 1001 -68.443918 -85.263169 75.084156 85.549640 
4 41 532 1600 1860 68.437698 26.527949 71.027912 -96.157517 
6 641 732 998 1244 2069 2414 67.634696 -86.573611 36.201839 -57.838206 94.106539 65.884053 
1 986 60.274755 
5 34 451 583 1513 2378 98.924405 -75.266795 99.650238 -44.196030 66.754189 
3 526 1104 2413 1.308681 -24.074486 -68.705084 
2 54 153 22.875122 91.190966 
2 576 1261 51.429128 96.630051 
2 277 773 59.767459 48.669703 
0 
2 1349 2443 71.686919 29.606969 
1 2078 -29.942555 
5 312 444 683 1756 1928 78.895008 50.812360 75.041971 18.073287 74.525594 
2 1728 1922 20.972933 31.992635 
3 478 858 2277 -41.280753 -45.972648 64.579326 
4 196 210 1062 1129 50.291880 -27.479315 38.961102 27.455221 
3 411 1857 2057 -51.821162 84.073048 -71.746281 
4 377 815 833 965 37.597058 84.476061 -27.394161 -39.415812 
2 1731 1797 11.707599 -48.855685 
1 1355 -75.708796 
5 1173 1762 2001 2431 2444 -98.977857 -18.538643 -30.496000 24.380861 -10.322510 
6 267 1342 1993 2280 2307 2475 -0.377020 69.332277 -71.297046 -37.929077 -77.302667 95.453004 
0 
2 609 1176 99.815854 32.957834 
1 379 -23.457760 
4 67 657 1369 1755 73.484390 45.456105 -69.755644 94.924345 
3 992 1090 2379 -56.845442 57.806887 8.627665 
3 1363 1797 2481 -76.401998 -37.617255 -77.968146 
2 277 930 -63.725451 -96.201329 
3 239 1206 1598 -31.582280 68.473052 -72.203368 
1 1252 63.870898 
3 4 909 1263 78.814121 7.440107 96.981097 
3 892 2199 2372 -63.134581 -20.936592 -27.353218 
0 
4 150 1587 2113 2302 -29.920821 -86.994914 -34.161435 97.167552 
2 1752 2161 55.363179 86.301317 
0 
4 145 280 1925 2425 15.138416 46.116918 82.312822 -70.512014 
2 1093 1393 14.215847 92.345605 
4 1069 1381 1456 2145 74.666661 65.098757 -2.638670 -72.091353 
3 584 1163 1560 8.544506 -53.951394 66.220345 
5 36 481 1862 2132 2294 26.118098 68.726147 -49.673771 53.312831 -15.042812 
1 524 -78.073055 
3 271 666 2468 -94.926218 -61.632340 -8.435292 
4 70 485 1415 1955 -74.431337 73.504563 68.637541 50.165940 
2 1309 1861 8.699543 86.291784 
3 1031 1218 1471 42.779353 -46.893039 46.426774 
4 243 622 1793 2403 -23.372012 -14.291582 -7.783905 49.664012 
3 1314 2155 2240 46.417834 -78.908614 75.235816 
0 
1 727 33.696792 
1 1498 82.727240 
1 69 -86.677823 
4 73 2147 2434 2458 32.911954 -40.609366 -25.613662 91.201428 
2 413 2091 -37.187683 48.952977 
5 76 1152 1655 1767 2469 82.096857 59.995759 71.453828 -4.708457 -48.122941 
4 1257 1355 2166 2257 -94.998928 79.274774 -72.586161 -15.188797 
2 2173 2404 64.011731 47.241059 
2 395 2463 87.201122 -54.826839 
6 240 656 1094 1224 2370 2402 40.661675 -82.943155 -84.986739 97.659244 -74.000940 61.293060 
2 905 1021 -14.103733 36.660580 
1 2441 -36.695606 
2 2396 2433 90.331426 -57.490487 
1 761 43.642253 
4 979 1144 1247 2399 -27.697310 -66.110910 54.170595 54.678506 
3 721 1311 2236 -74.613438 -81.496718 17.944132 
5 26 247 751 1181 2325 -8.694399 2.526916 -19.521220 55.149971 -51.460445 
3 224 951 1610 -46.693554 10.443808 -87.187933 
0 
4 1118 1250 1444 2359 -5.453004 47.980037 -70.492954 62.962458 
1 1134 26.967251 
3 201 619 2197 31.828939 -67.011781 81.088188 
2 628 1999 -70.117081 -46.360352 
3 2038 2336 2442 35.431332 -79.207715 88.264235 
0 
2 1241 2279 -78.589607 -79.651686 
3 83 110 2009 -30.749100 35.624865 8.871557 
1 2154 7.929176 
2 736 2115 -59.443668 34.655515 
5 697 893 1437 1492 1915 85.353835 -73.497673 18.947663 -88.716727 28.912932 
3 417 676 1174 44.962823 9.867203 35.500338 
4 559 1153 2308 2329 77.120147 88.833331 -90.486122 41.621646 
3 1408 2243 2439 74.502162 -22.726727 -91.120438 
2 1893 2422 -38.494815 -56.727550 
2 1083 1562 51.793523 -83.338411 
4 89 1220 1715 2381 1.840640 -95.327140 -92.507758 -7.138618 
2 2286 2414 -19.292207 54.197646 
1 864 -76.822586 
2 353 2034 -44.294544 -58.632569 
1 1543 18.709325 
2 589 1652 72.636462 -60.505621 
5 383 1336 1462 2175 2341 90.889590 -42.706041 -96.027756 -66.267632 -48.462438 
2 130 1014 -69.905194 -8.008382 
0 
3 474 498 827 -68.110281 75.964874 -35.257105 
2 868 2464 16.885182 95.534785 
1 105 26.939091 
4 627 645 723 1744 46.515687 -29.725420 47.898392 -85.600540 
3 1341 2243 2317 -65.978021 -59.935316 -23.470528 
2 208 2066 97.297457 -15.378330 
5 155 183 344 1477 2304 21.286239 -52.358592 -25.541101 30.926861 55.909834 
2 1373 2072 41.958468 -60.173599 
4 3 887 895 1529 50.739771 -27.028488 53.720223 3.373142 
1 1632 78.934235 
0 
3 547 1634 2066 -3.770275 -69.832012 91.611551 
0 
3 980 1357 1857 27.100542 -79.646657 -55.547311 
0 
4 197 871 2043 2201 16.021516 -79.264630 74.646539 37.450168 
3 1492 1771 1796 93.394086 76.678078 42.385765 
3 945 2184 2418 7.199884 63.206456 -16.654655 
3 445 1344 1397 -5.732732 -3.285993 -3.667080 
1 389 50.194306 
1 739 -45.568149 
2 406 2184 1.356666 73.970704 
1 865 69.564096 
1 2175 -20.918941 
3 1288 1376 1959 -7.113770 64.751282 -21.929629 
2 962 2101 -95.876082 9.613066 
1 859 14.432626 
1 1524 3.190440 
1 511 51.127847 
5 151 777 927 993 1088 -37.768613 -96.641014 46.403652 -77.708141 92.815324 
7 243 682 1143 2215 2349 2459 2466 2.240682 -33.089348 83.348532 -42.459703 -29.336442 -67.691581 -96.126202 
7 869 1159 1161 1227 1577 1952 2315 -46.398079 -51.986998 -13.063858 74.212000 -89.351811 -86.260728 -2.919036 
2 1184 1661 65.587799 -99.657504 
2 247 1032 66.861064 71.893367 
2 1201 1319 68.015060 56.869110 
1 704 14.888651 
2 182 1182 -34.867023 -90.432515 
0 
1 1483 29.795554 
2 1033 1345 26.475539 41.756904 
5 723 824 1660 2299 2316 -9.545183 -82.024512 77.936831 -10.545004 36.524457 
4 1889 1972 2116 2142 -5.026393 44.184982 -23.176778 -2.663762 
3 310 414 1493 12.698767 39.449744 15.492413 
2 1025 1237 -0.533005 53.553226 
4 218 815 1526 2112 33.756306 -17.384292 -57.418045 62.041708 
3 257 1032 1632 71.799218 -10.074112 -20.670241 
3 713 1925 2135 41.030990 85.148547 -86.440738 
2 50 1105 58.527646 41.735075 
3 73 324 1783 64.398848 18.993234 17.732519 
2 529 1405 58.594805 41.426459 
3 668 690 1515 82.734440 -87.766591 88.454866 
1 1809 -60.527067 
4 294 1993 2153 2404 -93.967488 -93.756997 -27.091268 -12.451744 
4 1132 1477 1614 2128 -83.640149 26.487429 19.187685 -94.092094 
0 
1 1158 9.588009 
6 306 635 1028 1273 1484 1647 76.212331 -83.509138 94.739677 -6.556162 -90.904281 54.601350 
6 190 316 1138 1452 2190 2286 -72.025922 42.022841 -12.604719 67.823100 -5.308584 69.833282 
3 652 1074 2261 -94.416947 -69.989877 81.060759 
4 645 1234 1260 2423 -97.489486 -55.949498 -96.320133 -63.193687 
2 1077 1724 33.428719 -13.028192 
4 1186 2119 2174 2184 75.137303 -34.704593 57.335644 -37.819325 
2 4 2006 -44.512534 -48.959243 
2 1849 2373 61.980279 23.743789 
3 598 1387 1884 -56.024677 73.065275 -4.805434 
1 37 -81.057608 
2 1679 1910 -45.659081 16.903085 
1 2163 -0.694914 
1 2099 -6.689022 
3 343 509 789 51.066554 -51.084532 -59.624498 
2 1396 1464 -17.811044 27.855614 
3 1028 1563 1627 -71.871450 57.949007 -40.239908 
3 32 1414 1531 65.450718 -85.597326 16.057108 
3 7 80 1358 -21.144002 22.562535 -13.157420 
1 2434 14.147813 
2 1896 2353 85.451868 -17.394022 
3 389 1257 2050 -23.655217 2.541556 3.069455 
2 134 1031 1.876027 -20.648676 
1 1828 21.229133 
4 352 939 1080 1390 -6.896926 -11.920523 18.374958 74.513184 
3 303 1701 2357 72.351471 35.014369 -22.421056 
1 1953 -70.947095 
5 492 753 766 1212 1486 -79.152040 -82.227800 26.220203 10.622623 -99.158565 
2 40 1017 -68.244050 41.785331 
2 1312 2156 -94.905225 8.639202 
2 1322 1605 -50.932444 -80.222023 
3 85 700 2414 87.439247 48.619330 39.453300 
0 
3 550 563 1750 96.175775 -43.793029 -6.724371 
4 483 807 1648 2069 56.722724 16.703916 24.912749 84.373293 
1 2390 86.251463 
3 745 1978 2443 -21.934388 -14.733246 46.017468 
4 338 406 706 711 97.002089 48.559523 26.019544 82.568561 
5 194 621 1261 1410 2421 16.665409 -80.479124 -77.067363 -2.297462 50.890501 
3 134 1867 2038 -16.610173 -0.971888 -22.719735 
3 1364 1669 2155 -27.997870 -67.062726 87.475648 
3 92 936 1008 -66.328460 34.065792 -67.279692 
3 424 1285 1379 -42.328836 13.341558 -90.658112 
3 32 1947 2270 -72.809270 -21.139908 21.465000 
3 376 1402 2403 -29.469212 5.603397 19.448205 
6 367 765 956 1351 1830 2437 -59.123633 69.791254 -96.783827 -10.888404 -93.354878 -34.996735 
2 1899 2337 18.335751 46.716138 
2 63 1069 -82.667264 -48.770790 
1 2109 32.613121 
2 662 923 36.967563 3.261607 
1 549 -92.081385 
4 771 1643 1691 2349 75.265501 -39.090919 93.513678 -82.056301 
1 1272 84.520336 
0 
5 215 983 1429 2162 2456 -96.154924 65.508609 -43.538835 -48.379770 63.265927 
2 149 675 -81.407281 -74.707965 
2 321 2470 55.726046 -38.234455 
4 97 821 1389 2262 5.287046 7.556837 85.484578 -11.289149 
2 2329 2451 -19.787131 55.191787 
2 249 2384 -99.048047 -56.486580 
6 368 505 1100 1153 1755 2461 -9.085850 99.655555 -72.321922 -56.473665 -72.570397 -6.593220 
2 264 2239 81.359879 33.022285 
1 1063 80.514319 
5 103 811 1457 1517 1627 5.227021 -17.154181 -49.313578 59.186985 29.932928 
2 802 2150 69.281157 -13.585997 
3 10 458 1410 -17.787139 21.564639 -22.851092 
4 94 861 1769 2304 8.348839 -25.248412 41.546215 8.094852 
2 577 1605 43.735139 85.032662 
4 434 572 941 2327 -83.825863 13.117640 -2.522778 14.977163 
4 477 1098 1137 1240 33.022810 24.499687 -44.035006 76.666271 
1 1079 1.178608 
0 
2 517 1142 36.383955 78.135048 
3 1138 1155 2458 67.076137 -91.423659 -48.889617 
1 2496 2.938236 
3 578 1987 2197 -30.078419 -38.349904 -22.175457 
2 734 808 73.876580 31.260582 
3 441 2185 2246 28.836838 36.736967 -68.705538 
1 1346 39.568377 
5 117 672 677 1727 2291 -10.717795 -45.550947 -69.120666 -62.158061 42.646222 
3 654 1437 2441 -62.264884 -11.769202 -40.110750 
1 359 -27.866753 
2 1647 2003 17.958471 -90.928189 
0 
5 201 503 1357 2305 2376 43.423440 54.020836 96.150921 -58.927094 50.148955 
2 2186 2351 68.689461 -37.022374 
2 1281 1506 -22.776608 -48.939366 
4 845 1076 1286 1909 8.308873 83.212052 89.765885 12.459071 
4 749 858 1411 1507 55.486812 70.435225 -18.107878 51.450906 
1 14 94.974073 
3 443 1574 2482 84.462433 -24.517313 22.722578 
2 1019 1151 0.139441 64.143407 
2 166 2266 5.845356 -17.303956 
4 484 569 956 1407 82.869234 -35.647138 -17.812846 -27.744359 
3 1125 1512 2355 -35.538944 47.342001 84.995978 
1 1585 -23.682652 
3 1313 1404 2292 98.687130 36.583318 -79.436767 
4 89 1030 1162 2141 -9.245541 72.738060 80.132460 86.178667 
1 1376 17.268539 
4 102 443 525 673 31.878223 79.384306 -35.218272 0.525581 
1 1131 59.754809 
1 389 42.824966 
2 866 1903 1.021332 97.856423 
2 579 1352 -9.494659 -2.704517 
3 768 2337 2423 -97.895744 -70.657201 96.049419 
2 203 379 -15.016976 43.342590 
3 786 1470 1853 -49.402777 -18.090131 -11.979254 
4 546 1370 1909 2373 -29.255683 34.459282 -83.558701 25.781890 
3 320 474 601 36.922251 70.723455 -7.646934 
2 668 2280 -26.722731 -90.136271 
2 137 1211 -24.262603 -45.363206 
0 
1 1877 -19.297618 
0 
1 1845 -89.738869 
3 345 2320 2474 -13.009065 16.348357 2.503668 
1 1851 78.119883 
2 352 1620 -4.538305 -17.895244 
3 113 621 2317 -64.897263 -37.775091 18.286786 
3 307 2494 2496 -77.922436 -2.081156 -77.040555 
7 43 359 750 1330 1429 1664 2059 -14.589972 0.732585 75.946769 78.975054 -93.262032 21.441934 95.165490 
5 469 518 569 928 2214 92.304498 -94.525225 -38.645235 38.304105 31.854877 
4 1469 1935 2217 2300 63.345243 -18.166249 -17.567517 33.372362 
2 824 2026 29.568272 4.044523 
3 594 1026 1786 -77.650186 -14.804977 -62.612357 
3 441 761 1382 -73.936311 -6.335569 -57.743505 
1 1208 19.765207 
5 108 1140 1314 1962 2374 11.810957 -4.644630 -77.448911 -82.574863 53.501999 
0 
3 277 348 2467 -23.260235 31.545481 74.211379 
1 293 95.019262 
3 165 804 1826 -8.402308 78.469042 -58.648333 
4 445 515 860 912 96.735969 -55.730540 87.981306 -36.203850 
3 1387 2142 2419 48.194428 65.305408 75.687355 
4 227 556 748 1136 41.157254 86.538410 -14.556258 41.293384 
1 2155 25.403266 
2 32 281 91.396952 90.548584 
1 1041 -94.216262 
3 546 2058 2089 99.216120 99.850266 94.724795 
4 160 907 1299 1337 87.350024 92.594786 67.638615 -87.861882 
5 119 152 331 946 1154 -80.149078 -4.859992 67.861888 -70.787792 20.751401 
0 
3 316 842 1903 -97.401758 -85.824853 94.251424 
4 1118 1215 1603 1695 -55.874478 17.050220 -25.982906 -91.055578 
2 970 1583 -95.060695 58.105869 
2 841 2331 -63.045174 -6.035825 
4 873 1029 1409 1888 57.533274 -50.730002 -40.301086 40.608451 
1 2498 37.809273 
3 265 1216 1383 65.247987 6.057438 61.823416 
4 18 1326 1584 2407 72.750287 -8.219375 -78.710667 16.434264 
2 588 2112 -96.675832 -92.496150 
2 242 1699 -33.585843 32.811118 
1 1420 27.681731 
2 182 2046 87.886283 -65.002615 
5 1398 1646 1961 2060 2453 -49.954516 -18.877432 -66.175298 -91.797751 -79.253548 
3 264 1450 1985 -74.881362 -86.717108 51.936570 
1 460 -77.902439 
4 1191 1734 1762 2230 52.594300 1.286565 -93.913170 30.474222 
3 163 883 1340 13.737282 93.953042 47.171447 
1 2187 -15.739580 
1 1699 -86.944884 
2 1198 1626 98.274491 12.717842 
2 752 2464 47.604893 49.589071 
6 857 969 1282 1563 1689 1978 0.897545 28.835965 4.385632 21.997691 -78.459208 97.918455 
3 712 2034 2059 -63.473104 -58.813981 87.241472 
0 
3 129 368 1829 66.223140 -94.456531 72.409792 
4 237 1027 1589 1958 -73.106935 66.564531 37.800140 -13.324089 
2 2331 2334 30.413169 8.387300 
3 899 1985 2081 32.712446 -45.824801 -34.450256 
1 1245 -77.310897 
3 233 410 1168 92.653186 -10.533281 -99.074802 
6 666 881 903 1092 1791 1792 -82.900002 -11.116284 91.704065 63.682767 -28.210209 -68.359768 
5 230 372 683 1391 1520 50.586204 -4.460472 -75.574519 8.430629 -5.820093 
0 
1 317 45.240211 
4 527 1088 1532 2091 -77.724889 -41.912279 -29.986607 75.698120 
1 817 -88.416437 
3 352 1387 1493 -61.562040 33.971781 -34.711088 
1 623 -73.009584 
0 
1 1514 -62.002355 
1 1237 98.378405 
2 1246 1529 28.487865 88.360935 
1 2355 33.915430 
4 375 521 2363 2440 -93.453745 53.975656 56.555615 -77.757464 
3 1420 1778 2225 65.512740 58.234928 -70.481124 
0 
5 470 1283 1592 2021 2373 13.356355 5.218815 62.683885 -37.106753 63.361933 
7 181 544 748 953 1369 1842 1988 -84.142620 -45.162627 36.096480 41.284581 -7.525852 60.134502 68.475260 
3 0 1349 1427 3.646776 -70.173798 -15.217645 
1 273 88.608489 
3 1444 1515 2001 14.426048 30.836645 -35.298111 
3 781 1000 1122 99.172804 -89.263349 -32.642645 
3 621 2288 2367 -47.921755 6.227798 -53.713686 
1 123 4.474095 
4 574 1114 1362 1966 79.877825 52.374338 97.210926 -10.282735 
0 
2 72 1543 -1.882122 22.568429 
3 509 1631 1932 15.385639 -60.334263 -30.414505 
1 540 79.047295 
3 545 1034 1105 13.036073 49.463777 87.138900 
4 751 1047 1494 2055 -64.511758 -41.878078 25.039874 -22.112134 
4 708 1182 1349 2025 82.982328 -59.087234 -38.054545 44.387988 
0 
5 288 445 1033 1637 2364 -53.217418 45.921714 34.071687 -5.665318 0.782325 
3 1044 1304 1364 7.519239 -37.624811 -43.304903 
0 
0 
2 702 890 99.853222 21.336760 
0 
4 390 621 1185 1714 -11.352183 -30.392331 27.977389 -70.815008 
5 142 403 1606 1947 1977 82.738376 14.707162 -13.105257 35.450525 -45.162032 
5 111 173 541 854 2061 13.803715 60.417509 -50.943703 88.414922 79.462042 
5 590 1457 1942 2162 2302 2.566344 -63.519240 62.120190 -43.249235 -34.789472 
4 1149 1830 2063 2478 -74.716958 -12.580932 -63.259904 -32.210546 
5 528 548 977 1311 1657 -0.036748 4.348207 65.132057 4.701260 3.935910 
2 273 284 -34.187840 44.708260 
5 454 851 1483 1502 1811 -3.317003 -72.104586 58.720521 -2.331354 11.205720 
3 740 1016 2024 -41.060507 -79.171483 33.542455 
1 2018 66.581472 
1 1011 6.896448 
3 476 596 1580 90.772985 -67.463298 -47.191676 
2 2189 2233 -24.520220 -99.646809 
2 1218 2394 -53.218774 -61.388086 
4 101 238 1022 1156 24.053430 -91.027033 96.799528 -74.244628 
3 239 982 1021 -68.502434 45.807741 -98.701972 
3 265 736 2210 56.918620 -21.092461 -54.701311 
1 188 -77.165572 
2 1158 1241 84.920881 99.702397 
1 240 58.925212 
4 935 2074 2143 2358 -5.046200 -15.165226 44.323071 -59.365660 
1 1064 -43.845840 
3 763 882 1814 -68.114569 11.823624 -73.003313 
4 14 77 1224 1972 -77.927833 85.169066 88.804635 -81.494500 
3 1123 1341 1484 -29.530588 -6.871683 -12.864125 
3 760 1220 1959 24.180482 26.390643 57.038979 
3 424 1540 1632 34.916737 -15.291169 30.837812 
2 482 2079 27.435358 -72.259250 
4 320 828 1845 2121 80.497034 13.629488 97.970207 61.493897 
1 982 -95.037037 
3 110 814 1847 34.594831 89.845190 -41.666800 
4 1037 1541 1852 2113 63.786725 -4.808519 -37.867810 -82.148477 
5 675 1396 1485 1668 1981 -55.572282 -38.926499 20.147270 18.791537 15.110693 
5 427 835 1448 1962 1982 -6.406526 55.778986 -8.608788 1.865824 40.634715 
2 1187 2157 -85.138119 -50.628344 
4 306 469 1146 1955 -38.070043 98.602162 -65.160421 89.691311 
3 81 95 235 79.720287 -49.657625 52.370198 
4 810 1050 2145 2186 78.498848 56.834183 -55.553686 -64.262480 
4 585 594 725 2209 75.788875 49.968630 96.952386 -88.732103 
3 408 1949 2499 99.226583 -78.310703 -99.845290 
3 546 2130 2209 -59.756240 64.335451 -28.334140 
0 
2 162 1119 65.858541 -30.647981 
4 158 182 362 1615 -50.730572 74.201715 -9.586855 80.096602 
1 2042 -56.136238 
3 587 719 1194 42.026654 -12.689702 -66.046051 
6 238 382 1417 1680 2117 2280 31.413666 5.301183 -55.943217 -17.252731 20.338069 84.061381 
4 758 1687 1756 2451 85.623977 -78.854838 -98.683513 -36.853114 
5 766 960 1596 1995 2253 -78.095549 33.654934 -28.904934 -36.286676 16.964959 
4 337 1782 2457 2487 -25.892826 -8.119513 61.878785 -18.194465 
2 157 1432 86.141433 -72.440934 
3 1185 1559 2392 -82.748625 87.867223 -56.366674 
3 693 1038 1784 -98.731806 -91.443890 -90.960778 
0 
3 163 533 2266 -95.644448 18.333211 36.670098 
1 226 -54.889350 
3 1387 2031 2316 -27.927623 -60.375798 -42.736131 
2 244 631 77.119095 84.461251 
1 2473 50.565931 
1 1568 70.985601 
4 152 335 1871 2027 -25.843700 -63.930440 -14.371640 -40.198970 
3 159 331 449 -61.147580 12.517466 51.409765 
1 2139 24.097973 
4 519 990 1339 2141 -61.905809 -52.942186 -64.952576 75.430034 
3 383 1567 1969 -52.770530 -82.618616 93.526732 
3 1068 1115 2116 -28.684270 2.015961 -77.559172 
3 552 1172 1864 -89.516781 65.998981 94.463249 
3 706 1049 1706 5.002715 -56.736298 -39.399687 
1 973 49.722499 
2 179 1421 0.702123 -96.484558 
2 747 2053 81.454509 82.958457 
3 289 2172 2416 2.736992 70.416296 -13.526166 
1 1159 11.795146 
1 1 -56.033268 
3 252 356 833 56.316989 -68.499820 -63.362897 
1 1009 -55.234928 
2 353 1847 -32.922161 -96.468567 
2 576 1137 46.135054 73.231450 
2 157 1803 -23.168381 62.025410 
1 1002 31.168960 
1 2311 68.970723 
1 1207 -13.556037 
1 2420 6.123910 
3 818 1014 2414 67.964505 5.380713 -87.145894 
4 403 1973 2041 2212 69.922337 -37.485024 59.148621 38.914767 
1 1728 -37.778960 
3 498 973 1502 85.374670 63.823595 -63.987718 
2 1101 1745 23.791789 29.904131 
7 194 512 615 833 855 923 2243 24.529237 -22.718492 -41.105990 76.004598 13.945804 22.819373 86.017991 
2 347 2026 -26.459968 71.614921 
0 
2 899 1034 -27.798404 64.867634 
2 1482 1491 -69.228536 -77.433638 
1 1743 -13.585392 
2 59 132 -33.315364 -84.358010 
3 432 1013 2060 -20.108953 -75.717906 27.892055 
4 411 1810 2090 2180 13.677738 49.948356 85.115093 -9.811527 
1 257 -96.543325 
3 1036 1072 1614 47.311513 -35.975408 -71.415608 
3 1345 2201 2217 -26.205183 55.354497 -90.632742 
5 157 948 1206 1380 2442 67.001221 43.736783 44.517846 -66.613176 96.686974 
3 313 630 2075 -88.007810 -38.454149 31.334235 
4 120 1019 1476 1955 88.079515 28.811089 -19.955447 -73.771209 
5 65 144 455 1222 1669 -49.682559 58.974883 -37.338464 -89.346435 -43.695960 
2 661 1620 -41.169537 29.184608 
4 167 302 1472 2144 40.863259 -9.679468 56.647639 12.882418 
0 
1 742 -22.159973 
1 298 66.422232 
4 423 993 1336 2024 73.774362 -18.724660 -32.441091 -33.342907 
2 102 2226 30.512054 -86.315183 
2 563 1385 -63.879312 -81.371297 
2 238 824 -72.896512 54.849640 
4 930 965 1318 2157 69.965621 92.601195 20.857432 -74.995335 
9 417 421 972 1036 1044 1253 1484 1548 2393 -7.630888 49.553702 76.972817 82.075345 -98.926580 -86.576484 -55.478726 -45.881760 50.907148 
0 
1 568 -61.661567 
3 864 905 1243 -23.025207 74.399016 -22.773800 
4 1092 1204 1911 2041 90.667324 -33.244842 15.203478 -93.251108 
2 1854 2333 -69.769397 74.986163 
4 156 1329 1393 2096 69.132874 -83.326284 -54.994113 -33.952018 
1 1952 53.747519 
3 555 1713 1717 -13.876838 -70.406152 -1.978426 
5 631 1202 1437 1887 1955 59.849457 13.700279 52.855890 4.177545 -16.161790 
1 220 53.736441 
1 1470 12.376614 
2 218 1613 -37.090494 -3.363254 
2 1706 2392 -37.070055 66.115037 
0 
3 479 1227 1414 78.398922 -57.143395 36.340785 
1 1573 -20.036310 
3 2017 2163 2411 -2.348779 -18.001529 -9.367473 
3 945 1474 2066 -46.870134 4.428211 -76.977446 
2 105 1834 22.770946 -34.013070 
0 
7 209 669 920 1002 1288 1571 2088 -69.091312 91.569427 18.635522 -38.840364 -13.237785 15.523086 -38.163382 
1 2378 -47.243074 
2 641 1032 76.575362 -53.598132 
1 350 15.721444 
0 
3 1388 1420 1751 -21.551227 -15.432787 -33.126340 
2 540 916 -7.120725 -43.014205 
2 1824 2188 -90.633797 -5.240632 
5 1381 1787 1983 2143 2173 48.698232 -92.578954 -94.654255 81.199833 55.197163 
1 2482 -96.952824 
2 1245 1704 -17.352278 -42.988740 
3 188 1514 1638 -68.000572 81.404147 -5.725748 
7 271 505 676 771 1540 2210 2499 -50.656261 -93.806324 84.615901 56.320235 -79.015306 -59.714904 59.232076 
3 468 770 1785 -38.800276 76.453870 -63.736265 
1 190 16.691808 
3 356 1876 2123 7.361603 -60.998067 77.496130 
1 875 -36.421248 
6 38 272 779 1580 2000 2244 -48.673740 5.570257 -48.954748 -70.010624 -75.863835 -45.212737 
0 
1 435 -19.150970 
2 1662 1803 66.402948 -94.295217 
1 1513 48.354545 
8 284 320 882 1064 1520 1632 2036 2440 -43.622759 16.203695 64.358646 24.869969 -54.753058 -44.837664 21.891825 97.886489 
1 1503 63.586984 
3 236 514 2262 -88.260355 -61.602208 -96.515138 
3 471 1190 2348 -42.292908 -40.142925 88.237016 
0 
3 497 818 1533 87.196265 28.301373 -96.479653 
2 798 2434 -65.244024 -3.670948 
2 714 1812 -80.482504 -95.014538 
1 879 -92.801215 
2 307 1801 -80.903802 -90.564900 
4 655 1556 2122 2219 -47.304556 -79.307139 54.663033 -5.951232 
4 863 1159 1188 1709 -72.261523 -76.021168 -27.661757 -30.665633 
1 186 91.331481 
3 73 854 1170 -3.800494 -29.677325 -7.383318 
2 2172 2446 -57.198718 4.317051 
2 775 1858 -48.250772 -94.375915 
2 860 2148 -62.197654 -91.506130 
2 970 2333 1.299192 41.283695 
2 135 244 -23.994683 -32.840375 
4 506 774 1678 2413 -66.350202 27.111256 23.823448 -45.739194 
1 2147 8.738177 
2 1020 2221 -31.006872 -3.393401 
3 231 259 1939 89.354055 -84.198624 12.573523 
4 316 1500 1855 1971 43.097208 -84.706356 1.782147 65.696637 
4 20 993 1265 1662 -21.648648 -4.690039 -99.806905 57.155612 
1 920 40.690541 
4 1211 1382 2195 2237 -97.101273 -67.594903 32.262041 87.306941 
8 507 644 841 1376 1415 1946 1951 2475 -84.029297 28.582993 -58.170718 -58.042134 42.342913 -72.597300 -37.614756 82.369098 
0 
1 2075 -16.623040 
3 1314 1774 2028 96.731695 -30.749238 -49.037190 
2 522 1985 35.704341 90.521293 
4 543 980 1095 2242 -7.988892 -49.967663 -6.308108 8.626852 
2 916 1029 59.075298 71.775204 
1 1294 62.321327 
5 32 148 361 449 495 90.592010 -83.667790 -52.079909 -80.478589 12.956098 
1 691 21.567252 
3 103 1537 2181 68.580233 -40.542893 -25.442979 
1 727 92.610938 
1 785 80.995133 
3 29 1030 1426 86.826537 78.934407 -99.446275 
0 
3 862 1320 1526 -46.046826 72.886511 57.156401 
0 
3 1016 1986 2038 51.915855 -48.199459 46.497949 
3 661 2179 2419 -4.696282 19.866537 -50.107460 
6 535 623 677 817 1633 1675 91.641826 -61.673020 -65.486483 -96.542571 70.632703 -29.877669 
2 777 1693 40.220833 90.073598 
2 38 373 0.598707 -19.771894 
3 848 1909 2238 43.405432 37.823472 26.838657 
2 1155 1500 -49.261114 46.939952 
5 194 817 915 2141 2250 -89.164610 5.360769 -17.311894 15.301417 3.523491 
6 28 444 446 1218 1323 1951 -74.723378 -90.953328 57.229320 -90.188009 19.364543 -26.928478 
2 1952 2000 -52.661830 -36.236307 
2 170 2229 -7.944982 11.445299 
2 1444 1923 42.443092 6.092836 
2 253 268 -13.194641 -49.238451 
1 25 45.402640 
2 1766 2180 48.708339 -34.437366 
5 52 151 300 1104 1341 -62.440076 -18.890030 20.100941 -7.138049 92.335660 
3 419 749 1131 16.155279 28.062666 91.559020 
3 128 1333 1860 30.265179 -97.285318 89.692785 
1 2300 31.917394 
3 91 630 1897 81.732100 36.589212 61.444725 
3 499 595 1729 96.401599 28.601298 47.156089 
5 230 1271 1666 1871 2050 98.955116 6.472715 -82.781293 -16.150692 0.062873 
3 967 1461 1744 1.350642 -72.533920 48.975647 
2 1399 2224 13.460507 -63.298709 
0 
2 69 704 77.395618 76.253490 
2 74 1840 -58.834476 -45.726074 
4 472 1701 1739 2420 -39.341072 -65.030014 57.248001 -96.250203 
2 1115 1630 34.073733 -88.897964 
1 269 52.924553 
3 327 571 1609 -63.718836 -65.386340 14.731664 
6 141 512 1272 1621 1629 2109 7.655787 33.680233 -65.602830 0.822748 -55.140227 18.664268 
4 136 1430 1456 1738 -80.642645 99.802770 50.201132 -40.554004 
3 792 907 1544 63.110912 -80.937238 -99.662106 
1 2448 53.705381 
2 1475 2068 15.045562 -48.192409 
2 1165 1430 11.604900 -12.879754 
5 367 588 741 852 2158 -76.802532 -27.662173 -9.503339 -19.576204 -3.920843 
3 656 958 1933 29.094202 -1.239134 -93.484099 
7 12 316 1236 1391 1403 1433 2437 -74.762670 36.689462 65.395350 -64.034565 -78.190264 -90.125300 17.526678 
1 1055 4.446946 
0 
1 1979 84.602533 
1 958 56.403640 
2 143 2261 79.485640 -23.010191 
4 790 1158 2228 2312 -48.337039 5.725116 78.991014 20.896870 
2 30 1389 11.125253 32.902532 
5 358 772 1242 1586 1890 -83.728936 -10.639178 31.596860 39.978452 -24.540258 
1 870 -86.828649 
1 546 -83.089841 
2 476 695 -99.154889 97.848725 
2 1090 1447 -23.736904 0.596395 
1 1587 -65.834522 
2 250 787 57.814389 15.806823 
3 709 1257 1809 59.682526 -1.967111 22.318305 
2 1402 2096 65.258479 12.242961 
1 1028 37.112113 
2 883 1737 -34.550792 -57.328804 
0 
4 97 1351 1645 2137 -95.596786 85.863013 -51.863850 39.615419 
1 1085 -57.042116 
3 89 483 1764 17.247507 -41.096831 -4.478235 
3 837 1054 1575 6.314343 41.489462 65.244163 
4 371 1354 1355 1893 -75.850497 56.040710 68.388937 10.706626 
1 2277 92.939360 
3 577 1082 1990 9.726280 -12.875692 -59.843323 
6 100 145 404 476 587 2498 14.136561 40.941303 -50.712612 70.475724 19.563678 -95.685808 
3 312 2208 2346 17.468949 -4.655869 -53.973705 
4 554 634 1320 1772 4.501374 57.730052 -54.182788 -35.440563 
4 1504 1918 2007 2190 2.827424 -16.634994 95.812992 -81.639084 
1 2090 72.760895 
4 1076 1459 2193 2460 -97.957298 -96.636089 42.167205 -41.863418 
4 128 459 1340 1574 -52.877239 -80.497597 -57.529164 2.737951 
3 1866 2147 2258 -30.016107 -69.138133 72.625254 
3 1196 1424 2130 -17.659761 6.570229 95.853162 
2 535 1940 6.769747 26.807800 
1 1467 -37.776491 
4 52 1102 1925 1984 -40.250898 -0.357161 97.695094 21.414714 
1 655 -23.997388 
2 504 1732 1.778572 39.739486 
4 552 1010 1502 2063 18.871502 37.500245 33.223751 -95.684543 
4 1513 1754 2203 2289 -46.386000 -64.371585 -44.281658 26.300732 
5 303 363 690 1120 1155 32.756887 17.210526 -82.699875 16.129139 18.484185 
2 646 1996 -42.199012 -35.384621 
1 278 -99.168966 
2 961 1025 -86.740004 3.207159 
2 1806 2183 -87.749272 9.148643 
2 878 1643 -42.913662 53.919602 
4 428 556 1648 1960 -0.298614 50.051446 -54.456051 -96.877581 
2 94 712 -78.285003 -49.534334 
3 355 1203 1581 6.112977 3.973023 93.167365 
2 493 1762 55.069370 9.632137 
3 76 888 2243 -84.527319 36.140132 5.016002 
3 563 1182 1559 5.421911 -21.306097 -3.960517 
1 972 52.756920 
5 113 225 569 657 2495 -83.931777 97.353960 -89.019488 70.934464 18.066979 
2 375 1952 -50.982498 -64.587138 
1 2454 -98.299099 
4 17 46 2104 2350 80.582161 -2.171738 21.038672 -8.007171 
3 227 707 932 -33.996696 61.902618 -4.778535 
1 1959 -58.514582 
2 176 1530 -56.109062 18.528505 
2 353 2087 -24.413729 -35.907260 
1 201 34.432167 
2 2244 2496 -23.006928 22.852149 
1 1895 -58.161435 
2 190 2294 61.384240 96.167055 
0 
0 
1 2355 66.926670 
2 387 2469 72.495296 -96.855174 
1 485 13.775245 
1 1820 -11.367908 
3 27 1597 2244 -43.027775 46.250641 -96.698244 
1 1361 -11.455814 
4 172 661 1275 1843 -25.498786 -94.710931 -18.408125 40.437351 
2 846 1909 -82.772874 32.491155 
1 1545 -89.646815 
2 956 1041 95.197990 -56.396883 
1 208 -17.356367 
4 2002 2058 2257 2468 56.536136 44.898629 -94.364895 94.884561 
2 953 2389 35.895787 -39.778060 
3 1494 1598 2432 13.125179 -15.161492 78.310085 
1 1245 13.922260 
3 713 1295 1749 81.367571 82.289989 -98.077836 
3 1136 1869 2493 -85.606379 63.622355 -40.045196 
0 
0 
4 248 1834 2196 2457 -60.557063 27.043252 -19.011725 -23.053062 
1 293 74.418962 
6 390 588 990 1085 1829 2121 -25.202418 -9.786484 -22.075042 44.930732 63.841792 28.567891 
3 838 1776 2030 67.956879 50.655536 25.630797 
5 175 432 530 935 2286 -5.559856 -75.074972 48.670355 2.923076 -84.010551 
6 825 1785 1822 1971 2096 2199 55.388535 57.599892 -39.802618 -51.866066 -1.707978 9.393986 
1 1956 49.775706 
2 731 1172 -37.398798 10.337224 
4 385 679 768 2128 -46.097399 21.128611 -65.468951 74.602022 
2 361 1158 44.672373 -72.551401 
3 459 791 966 -57.309777 -61.064184 70.149524 
4 3 291 1323 2085 -75.263203 -71.483070 -61.542291 63.793751 
3 74 1569 2105 11.058438 -98.107664 -20.070704 
3 48 1971 2244 -67.244756 42.239437 -55.703552 
2 224 716 -6.906234 -99.778614 
2 1338 2383 34.595104 42.692715 
3 1422 2105 2408 93.771201 -82.305132 69.653896 
8 110 443 619 947 1162 1651 1663 2319 46.452091 -68.381678 -27.848032 91.196094 -73.404748 -64.599198 -49.994643 12.507480 
1 2179 50.384937 
1 1835 18.222577 
4 552 1587 1826 2261 79.957881 76.127760 77.968217 -67.963576 
0 
1 1064 -43.751751 
2 731 2156 10.500745 44.979830 
3 366 1900 2161 -1.319321 -97.477655 -31.127337 
2 911 1991 74.315111 -25.995020 
3 989 1135 1619 -20.658318 -37.918791 -40.171501 
2 284 1030 56.508422 -11.087624 
1 1142 -43.451161 
2 964 1484 -82.968005 -13.136911 
3 879 1352 1763 34.716436 90.112581 -28.274368 
5 29 338 959 1415 1491 7.111722 -32.072003 -47.574860 -27.983044 -75.933878 
1 417 30.292946 
3 254 554 728 -57.159233 -81.197951 49.485711 
2 1300 2119 -95.274179 -48.204445 
2 112 1520 -75.378564 -88.327065 
1 2309 43.190738 
2 1063 2478 -44.733788 4.623847 
12 673 717 747 810 822 847 978 1092 1102 1157 1375 1419 27.568303 -87.200438 -41.576103 -71.788733 -41.362946 -28.033067 19.867415 74.929828 98.918722 -2.114141 3.982715 69.802990 
5 545 1158 1228 1638 2358 10.684293 -42.675132 -47.692967 71.031185 -13.898616 
2 1031 1102 -25.154693 4.093472 
2 1228 1975 5.228686 -90.998687 
1 1888 -57.184649 
0 
3 1509 1576 2419 74.328982 23.259590 -84.172177 
4 907 1208 1378 1687 37.184957 29.550269 54.063324 94.101424 
0 
3 754 1171 2435 41.105591 -21.210254 33.116098 
6 878 904 1638 1832 1948 2382 54.768970 91.144374 23.115752 -73.314877 33.970147 -99.532651 
4 980 1055 1708 2131 78.376815 -41.981425 37.992531 -49.083894 
3 343 400 981 -15.418052 -51.017121 -36.166949 
4 767 852 933 2402 -27.157619 -21.336270 -64.691778 -27.240954 
5 721 907 1598 1871 2178 -16.788654 16.319025 15.427567 65.890715 -97.013372 
4 368 539 1896 2243 -31.954878 -59.545820 70.948484 -44.853665 
0 
4 394 1823 2118 2235 -75.484840 6.972540 -75.245183 -30.746475 
0 
1 191 75.895966 
3 141 735 2015 -60.616034 -4.187177 -57.338886 
1 1040 9.695628 
0 
3 54 1505 1539 76.516078 54.889639 48.664707 
2 610 2090 2.020943 -32.925247 
3 1337 1774 2310 17.083994 92.387806 98.824724 
3 312 610 1742 17.601158 61.380675 23.431760 
1 208 7.935673 
1 532 3.812894 
1 1948 43.923540 
3 525 1248 2311 -64.457564 -85.487509 58.566632 
2 723 2299 -88.085274 13.249169 
2 1639 2455 74.218512 36.505817 
0 
1 1540 -14.860558 
3 743 795 1242 -28.682842 4.092793 83.716677 
3 1069 1788 2289 -8.518827 -41.396401 21.601638 
3 1070 2033 2095 94.445674 2.261964 48.948663 
1 2011 54.468532 
8 162 645 817 1270 1419 1761 1969 2284 -89.890764 54.565688 94.918067 5.501791 22.075209 32.973528 -5.835740 -48.599444 
1 1891 49.786429 
6 888 1169 2104 2196 2357 2460 -56.334014 23.859529 -93.762012 87.778997 -67.070114 -62.365733 
0 
0 
4 24 178 1113 2228 70.409185 36.663902 8.634865 -19.517198 
1 1062 -93.888852 
2 204 2243 74.699153 -18.544540 
3 1471 1906 2423 89.955162 -39.363240 56.154948 
2 194 606 53.600816 32.033823 
3 1276 2210 2354 -9.708544 31.799112 97.817561 
3 189 422 1382 0.658606 -22.815121 64.975163 
1 499 -73.986997 
3 1650 1893 2307 77.789468 -64.187440 -71.104032 
3 148 443 769 -31.574563 -87.354728 95.565134 
6 851 1321 1333 1660 2164 2455 69.832879 -53.350087 -53.197833 41.650537 23.728107 -48.423912 
6 122 576 1009 1828 2003 2378 5.068602 32.143216 77.755388 -58.034992 85.745918 -12.122331 
2 409 1207 46.216042 32.108197 
4 18 1097 1102 1606 -65.052873 -44.634442 17.920503 33.441172 
7 171 718 1696 1800 2094 2095 2405 14.659995 -53.018799 72.812202 -49.820705 -31.231337 97.729844 -92.428732 
2 232 1911 95.958380 -92.397070 
2 67 1364 32.667456 40.387340 
2 424 1491 38.049301 -0.105557 
1 2158 89.933634 
4 821 1308 1398 1489 -61.110580 82.767408 -92.343211 9.113094 
5 619 670 1119 1464 1514 -19.387263 60.716553 9.456258 91.048870 80.178728 
1 36 -5.749325 
7 122 844 1335 1582 1596 2081 2499 42.631968 -92.019819 38.447709 -0.701453 -65.921441 -9.646376 -81.093081 
5 21 169 396 1205 2344 10.351470 -70.731870 -77.384790 -64.414776 48.831746 
3 1113 1165 1604 7.116090 67.545100 -46.852478 
1 719 -10.196860 
2 1018 1571 51.309961 59.888863 
7 87 167 419 491 777 1807 1919 89.860432 -5.648163 89.973266 92.550846 66.159688 -41.870504 48.433274 
2 370 1143 -70.889080 -95.044037 
2 585 863 18.832228 -76.579526 
4 802 956 1133 1309 35.741534 -69.358732 74.573391 10.845689 
2 1616 1792 -88.813253 -55.038725 
5 732 1002 1185 1408 2294 -38.773701 36.892960 20.932626 8.949721 -19.193386 
3 566 1270 1832 -6.686514 -63.473829 18.490257 
4 1026 1413 1635 1647 6.234405 -80.677203 59.246250 30.558173 
5 284 423 2187 2264 2310 -22.834079 98.339143 -38.628048 -86.389834 -88.709301 
4 633 698 876 1022 27.939002 10.729729 -82.207344 -26.693758 
3 931 2083 2442 -98.126061 9.761553 -2.368066 
1 502 24.442291 
4 339 467 807 1174 -62.678606 -42.483026 27.971136 -14.409169 
1 377 5.662688 
3 385 793 1452 -13.871190 -90.107574 -71.954453 
3 153 867 2414 45.852989 95.302677 -41.532502 
1 1981 -36.746081 
3 961 1582 2015 -90.043372 -59.023473 77.976179 
6 43 695 1352 1384 1664 1805 -15.583518 -62.020221 47.047761 -59.986372 49.221832 71.618516 
1 1564 -24.840415 
3 195 1321 1534 29.389297 9.503113 82.870081 
1 925 40.016479 
3 688 1392 1863 -62.906013 31.810567 71.355698 
3 258 626 1871 -68.130233 -56.091266 -49.428922 
1 539 -10.466783 
2 578 2301 -50.729531 -43.696822 
2 716 924 17.157924 82.984832 
4 102 897 1952 1991 -25.976000 -47.689038 82.685706 3.205896 
4 1128 1226 1386 2132 -57.896443 -10.844164 48.055804 53.205668 
3 552 853 1284 -52.854052 14.254547 -81.348252 
1 1904 35.222217 
0 
4 282 733 2217 2432 -7.969907 57.124011 -39.483130 -78.376374 
3 13 1125 1510 -36.687591 -92.957521 48.776048 
5 119 830 889 1323 2098 41.091033 -10.644089 5.790017 -45.186100 64.692108 
0 
3 168 972 2449 -89.432106 6.606560 74.914698 
6 347 1006 1763 2075 2145 2181 -67.133639 -9.218001 -1.358183 -69.966726 54.248454 57.441452 
0 
3 1470 2126 2210 78.628045 -73.086554 -35.493536 
4 131 342 1051 1752 -32.874726 -18.988326 14.220679 -18.378213 
2 1530 2126 93.869762 -97.082010 
2 1072 1827 71.795023 66.424328 
1 779 0.584675 
9 132 546 789 1337 1561 1865 1895 2102 2122 81.365751 -12.466163 45.295147 -27.950909 -36.379610 -4.352646 -62.121251 14.432256 8.575677 
5 269 1720 1821 1965 2382 -34.697825 -85.728220 -99.674189 21.215541 -31.506516 
2 666 1097 -21.205404 -12.030557 
2 131 805 66.814383 -6.387055 
2 789 2383 -83.814283 46.797858 
2 129 2476 26.455447 -25.397420 
8 300 575 908 977 994 997 1069 1894 -76.783844 -41.533844 41.406479 21.236311 -15.544894 -26.576558 -35.484694 -91.222804 
1 1333 -41.697191 
6 201 487 582 848 1004 1679 -11.596017 23.575066 -75.371019 -20.082014 -75.715197 93.965283 
4 135 593 1382 2117 0.763444 -99.312455 80.111794 -40.849469 
2 377 1349 -78.469903 44.017392 
3 100 521 1515 9.918666 24.523425 77.995738 
1 974 -57.371626 
3 749 1165 2389 -98.285347 -16.771497 -54.931639 
5 419 983 1130 1751 2273 14.850120 74.586655 -66.034546 -48.271868 52.987807 
1 882 71.932646 
3 1042 2070 2326 65.128717 -11.696183 -98.943010 
0 
2 575 1145 -47.920637 49.435630 
2 1463 1666 -59.823357 15.854787 
2 493 2177 22.093871 96.036513 
0 
4 62 1475 1784 2156 12.382619 17.956962 -84.111540 -36.206476 
1 994 -15.553242 
2 1150 1584 -64.909466 -56.258741 
1 1652 84.529226 
2 756 1417 86.683414 93.702870 
5 1183 1222 1295 1377 2142 85.263597 -48.524362 -67.062468 5.691011 -80.066557 
4 182 450 496 918 -78.758992 -58.746536 -52.994101 -20.084817 
0 
2 1031 1894 -68.752788 -80.721054 
2 1076 1534 88.995160 5.278665 
3 39 290 1785 83.792128 -17.346383 62.245641 
5 285 919 1767 2072 2485 73.113660 5.986338 3.187464 14.984243 -84.435874 
3 279 378 862 -89.518174 -39.031129 61.821501 
2 378 525 95.609317 70.962600 
3 354 1180 1187 0.318693 96.649369 99.956866 
0 
3 203 551 1456 -81.787320 -61.658925 -41.212893 
2 32 1513 -53.500670 -64.883210 
4 886 1098 1517 1627 -63.567295 -59.022034 95.224697 -67.938819 
3 331 1947 2162 43.715615 80.826897 -18.353275 
2 225 2380 70.833130 24.947832 
0 
4 615 769 1598 1781 -31.572934 -71.128310 45.176694 57.150588 
2 680 1601 -69.743115 -96.913323 
4 1442 1479 1647 1810 26.752780 83.652260 61.636366 -59.314963 
1 1610 -61.652635 
5 69 299 843 1884 2458 -97.532226 6.505137 -62.858987 -70.306544 74.850490 
2 260 2470 -10.319263 -58.936337 
3 1095 1217 1779 -71.049502 78.010158 -15.301863 
3 559 698 2486 82.686543 -0.449428 -91.223850 
1 78 -49.674647 
1 1250 -98.244305 
4 219 463 2430 2477 -83.118590 -3.205643 83.727473 -75.406510 
0 
4 837 1053 1477 1651 70.238513 25.477668 86.296421 -66.843994 
5 45 1003 1451 1505 1956 68.472140 14.653613 -53.784265 -62.039770 42.922743 
3 108 778 1044 27.326921 -84.734109 -84.437046 
3 608 671 2438 -99.829386 56.431058 -52.230926 
3 1009 1339 1606 3.496563 56.624855 56.262515 
2 220 2497 67.212061 94.534456 
6 108 148 306 1103 1217 2221 -98.486203 57.823098 -62.105277 -30.018518 -15.364868 76.786222 
2 243 2257 -32.911852 58.558430 
1 2328 2.699391 
3 57 1978 2299 -24.541565 68.884706 -73.714793 
1 680 -44.304912 
3 524 922 2376 18.735670 -30.695338 -33.106038 
1 99 81.370057 
1 1194 59.944060 
2 1587 1900 -61.877152 61.230676 
4 816 1218 1414 1581 -67.969412 46.784624 26.083855 -21.511088 
4 1828 1917 1953 2221 78.143403 -93.777884 46.593870 54.168601 
2 25 1046 -72.579988 -9.025263 
7 301 391 489 553 1635 1836 2493 -41.163703 -26.563282 10.286554 -20.736112 81.189519 31.619109 80.478129 
3 1121 1370 1510 -30.138530 36.673260 92.567944 
4 504 759 1650 1790 -11.130958 90.900778 -56.362498 27.957860 
2 1023 1665 59.860199 26.581243 
2 388 742 22.557860 57.347341 
4 630 999 1472 2423 -1.992825 57.428197 -73.153408 -11.455729 
1 1241 37.677851 
2 868 2266 -32.867751 90.892703 
4 319 548 639 1678 33.318605 64.388688 -43.977730 -29.608910 
1 2035 46.958005 
3 522 638 690 31.164281 51.497909 48.472328 
2 908 1858 13.699648 27.540844 
2 612 1479 34.515153 -49.384653 
2 1759 1904 -5.622925 -86.160571 
1 2006 31.113193 
3 729 1755 2457 52.521123 85.506988 -31.236387 
4 96 852 1055 1764 99.381712 -81.121736 -67.328596 -91.878420 
4 308 923 2235 2492 12.449747 30.856905 27.121274 82.445187 
3 243 1374 1408 48.947199 94.958903 -32.102987 
2 1136 1885 -60.552188 -56.948859 
6 57 707 1500 1810 1947 2439 -47.391058 -25.303530 -42.881099 49.658772 -44.521735 -41.684562 
1 2303 -68.889229 
2 1109 2036 -0.157016 -91.840268 
3 525 1281 2223 -45.970897 -72.159725 76.095341 
2 1041 2117 -11.396849 -5.495076 
4 1137 1692 1840 1853 1.705045 -76.753625 57.928585 2.093976 
3 1580 1941 2380 -16.794854 -81.114884 -36.924173 
2 459 1086 -92.848627 98.300673 
1 135 -54.278541 
3 34 1265 1716 85.440608 -60.215123 -94.029607 
3 75 1523 2421 -74.149103 42.430364 32.757565 
4 1716 1823 2028 2446 26.151160 67.023678 -70.859256 95.064193 
1 155 42.450045 
0 
0 
4 222 759 1711 2492 -95.546055 42.395192 67.341039 96.234146 
2 1326 1835 8.609744 66.917042 
2 1827 2223 81.040343 -7.982505 
1 2329 -71.349583 
3 181 519 2359 -42.715954 -92.737642 6.855523 
3 187 1151 2281 52.901822 19.887545 61.283237 
3 1004 1627 2034 -31.682053 -99.786388 60.135391 
3 738 1625 2473 76.558388 -1.246301 37.396194 
2 1184 1623 -15.710560 -48.498230 
1 479 64.621350 
5 38 215 1065 2007 2349 55.070524 -50.600473 -6.448984 -72.349936 16.668802 
5 237 525 1788 2235 2384 97.660280 -69.872739 -36.743391 90.254262 -17.475663 
2 610 1550 -83.363167 66.662856 
2 52 1819 -31.436605 4.327985 
0 
0 
3 895 1164 1807 -33.753521 95.053558 16.980363 
1 1050 -11.421796 
5 419 1612 1890 1907 2478 27.576452 35.614330 26.777767 -27.780675 -51.238113 
3 160 972 1991 14.615906 26.880990 25.006581 
3 281 332 518 -51.103645 17.664635 -92.197522 
6 680 1358 1596 1732 2023 2118 -29.699500 -11.812410 80.950212 -3.455831 -50.376716 -28.981793 
2 1478 2257 53.427647 -93.915620 
3 449 1696 2368 -7.914021 48.453879 -16.612371 
5 223 1009 1781 2037 2284 -64.967642 -21.383216 -19.962022 79.304948 17.112579 
3 980 1838 2322 -42.847034 -54.492304 -48.183084 
1 2352 -83.751219 
1 258 56.220747 
2 203 975 73.041607 -66.815254 
1 1453 49.509216 
3 111 792 1894 46.610403 92.288247 -81.453223 
1 370 57.996275 
2 1593 1757 -81.620004 33.605991 
2 1825 2055 -87.636171 -32.766537 
5 1 160 397 667 2198 2.725737 1.249153 -84.344511 28.564770 -28.449289 
2 227 1340 -14.642933 35.152350 
2 258 1219 92.317728 -8.497113 
0 
5 227 488 940 1486 2412 -54.803313 -40.056610 -50.520237 29.505235 -99.392346 
2 339 1456 84.835082 43.115346 
3 1331 1904 1996 6.920239 39.964065 -89.235091 
4 443 449 663 1890 66.308565 96.822733 78.806321 93.447354 
2 913 1314 -87.767766 -95.066463 
2 365 994 -18.344919 96.354210 
1 1315 32.135602 
1 427 -37.895237 
3 225 1819 2238 62.701866 36.603804 -24.992273 
1 1497 -37.215442 
5 1196 1335 1558 1571 2298 97.726625 93.352424 -31.906958 82.613529 -61.095896 
2 198 894 76.795698 46.000870 
1 2118 87.846684 
2 963 2181 -62.498726 48.370708 
6 109 339 664 925 1224 1688 -84.885761 -35.583689 -90.316443 -80.272894 59.571008 -78.423255 
3 345 587 1989 -68.496381 -25.289417 60.595678 
4 689 833 1966 2475 9.530734 -36.981023 19.425655 41.163379 
0 
0 
0 
1 2037 32.781851 
4 1067 1492 2409 2411 -85.761722 31.726795 43.556858 65.115101 
0 
5 50 462 558 639 2002 -60.564489 14.656216 -77.838061 66.493803 60.478312 
3 220 1508 1841 65.341356 -23.650519 -86.178230 
2 669 1325 -3.769635 -55.186451 
3 610 1100 2281 -29.144431 17.717919 -67.176319 
3 658 1002 1576 -81.022187 12.956836 -80.427291 
1 473 -2.696291 
3 979 1239 1832 -82.945577 -10.811695 -24.448548 
3 335 1916 2311 -76.040263 19.431568 -79.416974 
4 244 769 1228 1485 -66.906903 -72.762542 -40.718238 -3.907537 
2 197 1871 31.864530 93.267036 
1 611 -85.600769 
2 1241 1639 96.879210 89.088301 
2 458 1636 -19.350745 29.744982 
1 22 -63.748763 
3 72 775 1312 -92.429366 -7.274222 -78.824958 
1 1234 41.348911 
3 172 359 1372 7.320625 -84.204228 -63.726798 
0 
4 1419 1523 2202 2488 54.821412 -53.026580 -57.068178 92.446628 
5 964 992 1062 1648 2405 11.086569 65.227596 -4.402986 -37.818904 -22.385542 
4 1357 1899 2180 2347 69.079354 44.130234 -20.661290 -55.907791 
1 5 -47.470905 
1 1045 81.277479 
0 
5 348 946 1384 1599 2388 -45.332564 -99.798992 31.963636 60.917188 -58.229674 
2 90 703 -73.108665 -20.854636 
4 35 1168 2115 2232 -92.986554 56.220833 54.059169 80.615558 
1 1612 -65.857558 
3 200 1471 1997 -94.553347 -59.347566 -36.841607 
2 183 382 -83.099075 2.075257 
2 42 231 -67.513664 -19.710100 
5 89 2038 2158 2254 2415 -19.605266 57.593738 3.222558 -66.253174 -49.173744 
3 263 1128 1509 21.119704 -28.497542 45.527944 
1 651 -88.665935 
5 407 471 1061 1389 1587 -70.177894 -45.390300 19.208324 92.314349 -1.421424 
1 1729 -5.034143 
2 864 1204 89.383280 -35.951622 
5 341 437 487 905 2353 12.525732 49.929969 -73.726559 11.175675 8.938096 
4 297 634 1715 2237 -84.010012 -77.582431 13.501478 -62.997515 
3 296 2186 2450 5.654650 13.574501 10.742606 
1 377 -18.479720 
3 1208 1463 1927 -0.045253 71.390469 -19.678204 
3 356 633 2055 -6.053701 12.797702 -5.647920 
0 
4 72 1404 1490 2037 46.399256 -13.821476 19.019586 -12.498726 
5 455 566 827 862 2162 -7.670082 -91.304144 -17.299338 -7.903726 60.717871 
2 830 943 -8.153108 -1.858969 
0 
0 
3 738 1784 2450 14.905581 -31.816889 -41.013786 
1 852 72.178738 
1 36 -80.230042 
5 212 452 467 882 2221 1.722686 57.193440 -52.932018 48.927172 -1.625092 
3 376 1800 2311 -17.765184 67.660009 -89.106398 
1 1202 0.651306 
1 653 48.925513 
2 1265 1306 17.882434 25.941351 
3 549 861 1528 -14.784853 61.609397 -69.964997 
3 74 1327 1612 -93.719495 36.075982 12.648462 
1 430 95.270932 
3 1324 1357 1998 -40.026254 -64.267516 23.715598 
5 823 1067 1349 1782 1853 58.991287 -80.264466 93.343974 -26.661230 19.283026 
2 336 1302 -91.138526 -36.541272 
0 
1 1723 -23.712138 
3 14 22 2100 -36.878251 23.962911 66.834706 
2 38 1218 89.541397 -66.525617 
4 1189 1670 1891 1917 -26.492945 31.502363 53.210625 72.048159 
2 549 850 -73.211907 -64.106076 
4 258 471 1443 1612 -87.358245 85.542730 29.700011 -59.214575 
7 15 66 916 1320 1898 2198 2439 -12.051081 97.270113 81.650469 -27.590554 2.727526 -91.164832 -62.390057 
3 809 1367 2151 52.135044 72.941848 90.320118 
1 1745 -25.455408 
2 344 683 -9.729881 -88.708503 
2 61 1649 49.294589 -85.633609 
1 1642 95.749603 
0 
5 20 229 284 1108 2033 -53.282536 -71.191942 -48.375946 54.758843 37.200903 
1 268 -32.631634 
2 678 866 10.108067 -62.985370 
1 2320 -21.531857 
2 956 2094 -40.858182 -54.450332 
2 1665 2453 39.437777 86.005490 
1 1711 8.959680 
3 215 1241 1516 60.242654 -82.461567 28.249289 
2 28 378 99.523853 -19.578929 
1 728 -9.453089 
7 151 427 989 1558 1920 2066 2166 -27.197935 73.452581 -45.274087 48.171687 21.905850 -36.915640 -58.835426 
0 
2 403 614 -94.923957 46.272938 
3 1184 1531 2443 -99.813774 88.901602 -92.515312 
5 96 1860 1915 2061 2484 -12.188073 57.183725 33.616988 2.693774 98.237786 
0 
1 2237 80.162116 
1 1945 -10.796827 
3 2087 2173 2353 -21.369870 87.263368 7.083572 
4 548 659 747 1380 64.443138 -32.773897 38.468548 -62.597573 
5 1455 1579 1950 2267 2403 44.160559 -85.543585 -83.511391 59.536230 -28.290438 
2 1866 2249 51.682516 -61.466462 
2 1971 2483 86.679365 18.083847 
5 1095 1418 2019 2189 2190 92.318995 2.553048 76.147780 -80.313444 -3.560741 
1 927 45.835884 
2 1828 2490 84.472926 29.401069 
1 1069 32.297622 
3 16 852 1198 -38.883206 26.592268 48.161410 
1 447 72.420179 
2 652 1650 -98.445394 -43.370852 
2 667 2462 27.854747 79.602743 
3 223 575 858 -1.990857 74.009012 -45.207423 
3 1689 2183 2490 -59.948709 43.428220 -10.262425 
1 1833 -43.571051 
4 607 698 956 2231 18.274164 15.905702 -46.150296 27.169214 
5 323 1700 1923 1931 2452 10.472523 81.485799 -13.387116 -93.634856 -58.954106 
4 348 788 1873 2402 10.193359 -98.639344 58.978431 -11.568453 
2 1271 1498 25.654037 -84.256539 
1 1952 -90.778017 
3 634 850 1116 16.435028 19.922615 51.667682 
1 1597 86.775513 
2 1079 1380 -26.917832 -31.398461 
3 339 955 1425 97.429631 7.003860 68.148215 
2 214 1866 -26.338925 38.341621 
3 523 634 2020 -58.950300 -19.132068 69.018889 
1 2269 93.868818 
2 1356 1951 -24.550343 10.749646 
3 554 812 874 -97.237516 -7.115942 8.815090 
4 377 814 979 2318 86.322103 35.513166 -34.122576 17.265435 
2 1456 1543 -63.842356 -93.871886 
2 2035 2414 -78.360505 -31.970211 
4 65 483 1185 2242 -94.532063 34.000315 -28.310494 33.266025 
2 461 1676 -15.923979 85.361172 
2 562 1251 -90.810389 -25.697438 
0 
1 376 3.754352 
2 227 647 70.905043 -80.809329 
3 358 1773 2326 9.283472 -87.503935 -59.637834 
4 230 521 1657 1809 51.602333 -66.269035 58.155868 43.993053 
3 1787 1822 2269 29.699734 61.465807 -57.686847 
3 610 1216 1903 -20.684548 -19.968993 25.695162 
3 438 469 531 -79.278863 5.961827 93.472444 
4 1283 1797 1831 2112 -7.288622 0.728786 84.544821 95.447325 
2 1069 1669 -5.390238 55.209053 
2 99 916 -79.072614 -15.053300 
2 817 1998 52.372477 -74.701036 
2 865 1808 46.092191 -56.073833 
4 163 182 1667 2314 -27.377447 9.968305 -43.592458 56.787691 
4 546 800 1319 2239 55.224616 64.826405 -73.740372 -10.897638 
6 216 734 737 1169 1643 1886 63.470989 -16.188625 -41.765240 -45.223117 63.043376 8.833857 
0 
2 1797 2443 26.179290 32.578017 
1 1783 40.437309 
3 118 592 1526 21.679447 4.572145 72.275469 
4 1370 1524 1818 2438 32.302657 -92.042245 -81.417850 5.932319 
1 1209 31.647406 
3 45 306 831 66.328520 49.339762 31.587033 
2 210 1682 67.508340 32.602697 
2 200 1381 -12.947614 -27.374652 
3 834 1303 1319 15.062759 88.351930 48.842103 
1 556 -50.346405 
2 234 592 2.646656 64.262100 
2 1214 1389 22.731223 -64.737416 
4 116 1077 1764 2334 -51.645738 54.327951 -89.471523 -14.107497 
0 
2 165 728 71.393439 -18.848581 
0 
1 324 -9.361552 
1 726 -97.044280 
3 228 486 1961 19.123817 71.088453 6.236810 
2 710 1911 -61.810438 -35.570221 
6 506 1395 1631 1901 2056 2483 43.722106 -16.192005 -36.381719 -50.005734 -21.985182 -82.985710 
0 
2 1482 2250 76.999695 16.579249 
2 534 1741 70.241284 38.723321 
0 
1 1545 77.175161 
3 553 1462 2393 17.606144 42.977210 83.674837 
2 548 1451 0.090383 80.475023 
1 576 55.860945 
3 1121 1372 2005 80.099258 69.473867 -68.304233 
5 540 1292 1672 1818 2267 -28.164549 34.731555 87.317896 -41.722913 20.383026 
1 1025 -56.950203 
3 502 648 895 -13.717201 56.480135 15.539110 
2 923 973 -52.533569 -86.405280 
0 
5 8 1031 1156 1409 1434 -76.541752 91.280040 -57.511059 -46.132797 -23.285261 
2 179 681 59.523058 37.495769 
2 4 564 -77.764274 -97.246166 
4 85 1208 1707 1852 -52.422663 75.773799 -7.570490 62.455359 
2 624 855 -20.824107 -43.639316 
2 111 1753 -19.984566 -43.662618 
1 559 37.702708 
1 83 48.773218 
0 
5 24 882 1279 1286 1335 97.037729 6.450654 38.250430 -52.604299 45.898023 
3 776 1372 1820 -35.813473 75.681846 40.889542 
1 113 -81.098776 
2 1492 2172 77.177304 -28.755835 
2 1405 2436 31.332939 13.061506 
3 91 94 1444 -23.412124 -62.161049 78.961224 
2 383 2254 11.617442 9.081518 
2 916 1155 79.977280 -81.988456 
4 873 935 1659 1688 6.722028 -86.912206 67.195620 23.294107 
3 1467 1724 2044 72.897104 -33.208619 61.815824 
1 683 42.230438 
2 2202 2215 54.996538 24.348524 
2 1694 2355 57.537058 90.771606 
1 432 69.962820 
3 1062 1396 2263 -55.739928 -61.222206 -35.347425 
1 2269 -46.206208 
1 947 -89.582538 
1 1053 -59.539232 
0 
2 1174 1416 -10.009326 79.248743 
1 927 -78.538608 
5 75 1254 1416 2257 2453 69.520223 -45.007564 24.210175 50.697038 97.504502 
0 
3 480 1613 2455 80.410729 85.259262 26.798973 
3 699 765 2379 -55.460597 -17.403847 65.925182 
2 109 1660 5.603905 -67.826135 
5 937 944 1051 1061 1479 96.188944 -59.217062 93.636729 76.939300 64.793003 
2 578 1618 -62.706556 -12.339447 
3 1352 1384 1589 75.097010 37.003924 49.776682 
1 41 -51.070515 
6 840 1089 1500 1668 2107 2344 1.151434 81.561082 33.283269 -94.611174 -87.227371 -52.539112 
4 1846 1967 2004 2193 -1.486166 -92.396278 -42.087118 -5.147941 
2 687 2377 -12.489812 49.044621 
1 11 -73.652127 
1 201 13.693222 
1 821 -89.407828 
2 513 2465 -90.367219 -26.173211 
2 848 1685 33.475234 -53.881564 
0 
2 889 2476 -75.364268 48.374804 
1 132 70.781132 
2 1782 1825 48.808925 99.939999 
0 
0 
1 389 35.971812 
1 354 -18.492563 
3 150 373 1717 16.518734 40.929155 37.020404 
2 139 1856 -93.469900 -87.788997 
3 246 511 1514 -1.806305 -67.257237 76.104274 
4 799 1204 1610 1787 -9.540339 -55.054357 -54.833405 -88.622517 
1 1506 26.890976 
2 972 1459 93.311460 92.612879 
1 1419 42.692452 
2 1653 2248 -39.727993 -86.469837 
4 408 671 831 960 60.138190 84.306751 32.211711 68.805643 
3 229 680 1234 -11.754494 49.915361 2.413646 
3 442 496 1237 -68.925226 -69.659580 -98.171990 
0 
2 625 1193 41.110719 71.941919 
2 1330 2320 -83.700429 49.387285 
1 326 24.343983 
0 
4 209 1147 2175 2427 64.561271 -30.411236 19.211623 -38.922894 
0 
1 451 89.347349 
6 404 682 787 1460 1615 1728 2.642201 -17.128563 1.845069 -16.662735 -85.036313 60.391484 
4 1047 1062 1782 1966 44.893292 -41.018329 -50.163386 -3.093994 
6 1169 1271 1319 1670 1765 1962 -1.107120 -65.316883 3.707161 -65.124048 1.757887 54.389545 
1 1122 91.720193 
0 
3 314 528 2369 28.015969 89.176466 -25.047785 
1 634 -62.364311 
4 915 1442 1444 1608 -27.484751 56.194118 -71.362460 6.054067 
3 1556 1823 2286 -63.262073 -48.289153 -36.894870 
2 0 2102 72.464084 -33.083814 
2 660 1179 -62.048598 55.129626 
2 804 1279 33.016057 88.408842 
0 
4 1888 1957 2046 2275 -13.608801 86.455031 44.890697 -76.727329 
2 884 1846 92.416297 -87.344059 
1 124 -45.791854 
1 2304 -45.173515 
2 161 976 -92.064466 -81.836851 
2 636 2082 -47.228032 68.928399 
0 
4 264 276 433 1962 -55.805608 21.530902 86.318967 5.769697 
7 119 624 1183 1630 2088 2162 2449 18.656046 3.912453 98.556755 57.269038 -45.093843 -47.856628 -95.526987 
4 621 1734 2257 2336 -45.238069 38.054042 98.878445 64.463007 
7 588 632 677 1477 1930 2338 2427 -9.744174 59.880639 -44.750622 27.730142 28.068160 85.866034 -44.389410 
4 39 388 2355 2423 -70.364148 -1.892211 47.972812 -21.240259 
5 110 256 804 812 1436 3.018026 37.381638 51.060706 -5.118630 -80.873611 
7 904 1026 1768 1992 2138 2282 2305 90.665330 -95.756358 32.955257 36.396342 40.888983 -34.891306 59.141188 
3 700 1046 1903 5.968594 83.826555 -1.392997 
5 761 1260 1461 1988 2241 -51.087028 -89.696073 6.393955 53.345250 92.666311 
5 330 387 624 2171 2229 -74.294199 93.085109 22.263390 72.501171 -84.079629 
2 396 1151 -63.910456 -16.661183 
3 566 715 1661 -18.044473 96.875238 25.048318 
3 1200 1449 2165 -5.563894 -52.273188 -97.530233 
3 219 568 647 -20.940827 -93.708581 -87.763508 
1 1348 98.906012 
2 1003 1093 94.831048 -86.359387 
2 314 1352 36.852562 57.920163 
2 765 2394 33.561307 -59.711388 
0 
3 961 1015 2395 -85.562786 77.020802 -36.615849 
1 1229 -14.716356 
4 532 1220 1562 2490 -93.523898 -71.897421 -88.619264 3.628566 
5 39 153 156 471 1659 26.682489 -84.781674 -79.590739 -95.722832 37.704202 
3 457 1528 2339 92.776237 -50.821568 -59.010235 
1 1191 86.807777 
1 1239 -41.925021 
0 
2 953 1641 -39.078056 99.395450 
3 1239 2078 2184 49.961495 -23.852020 -98.699507 
3 136 283 470 -69.335555 -18.083206 60.174721 
0 
4 1794 1976 2107 2162 -25.089763 13.675404 -54.763129 -11.444384 
1 484 76.618344 
2 375 921 -62.072246 17.521207 
6 50 97 225 453 1039 1820 98.990371 15.172680 26.702902 -81.431347 73.253430 50.679881 
2 540 1719 -92.308198 -75.633499 
2 605 1571 5.779153 49.544307 
2 1609 1818 -10.039236 -79.130943 
0 
1 1388 4.316735 
2 958 1832 -75.533235 91.501945 
2 2106 2123 -50.966463 -27.464671 
2 669 2478 -7.505643 -88.923898 
1 448 14.512338 
1 1693 -43.654497 
3 193 1213 1515 -9.064198 -8.678260 34.532308 
3 77 1798 2455 6.075693 55.379061 78.935656 
1 1400 57.196712 
1 263 22.446439 
2 831 2480 -1.164250 50.697302 
1 911 -38.659875 
6 115 576 1154 1217 1723 2151 87.370713 -82.546602 56.129700 -10.959277 48.141873 3.802294 
5 197 216 254 323 1928 -53.450926 -37.622740 55.890387 85.640503 -53.028001 
2 170 801 3.980414 61.846937 
4 1095 1169 1978 2475 -10.647632 67.437874 59.023859 -27.224966 
3 249 781 867 -78.611068 52.444660 32.446932 
2 625 2039 -47.137760 -12.043200 
2 42 2323 -4.214239 -64.615178 
1 222 69.837031 
2 1916 2119 81.001592 -42.880702 
2 944 1291 -24.474140 48.825716 
4 585 1063 1956 2216 -59.626749 -22.662420 -94.456420 -97.905267 
7 93 433 478 503 941 1278 2287 56.650103 66.557978 -4.412275 -81.493188 56.606782 -94.118287 8.550530 
6 150 825 1415 1668 2374 2378 -15.197771 -87.211527 -72.354377 54.970038 -21.245830 43.345494 
5 487 1029 1509 1555 1684 -12.781928 81.623419 -56.414592 83.631802 -70.071918 
2 344 1357 36.947190 68.839001 
6 598 1013 1353 2032 2366 2448 63.318746 -15.396081 -10.425465 -65.523389 55.273117 3.917573 
0 
1 1011 -19.018510 
2 418 458 30.877934 -79.310212 
5 247 298 412 1303 2174 -68.445488 -14.846270 -93.268449 13.603318 -9.463768 
3 481 1215 1568 42.814281 36.378575 34.259555 
3 1414 2119 2232 54.827513 70.009581 -23.360281 
4 937 1176 1732 1771 -45.958249 42.420330 34.331214 -88.265333 
5 345 582 1225 1709 2130 -68.302067 84.066284 -77.495572 13.034276 -42.639787 
2 664 771 6.710205 5.899996 
2 888 1644 -38.583786 -44.072171 
1 723 41.343082 
6 48 172 229 426 1568 2011 -99.307795 80.457369 -28.380686 0.029824 -13.373573 33.904297 
5 202 722 1114 2087 2402 57.603550 59.703370 5.095968 -83.738995 82.338931 
3 578 1016 2421 25.959689 -98.289670 -48.851934 
3 383 1485 1764 -46.558870 -25.744633 98.854347 
1 925 -86.285420 
3 1156 1293 2068 -32.622326 -98.353439 -95.347397 
0 
3 177 332 1180 -97.946321 73.999172 -11.434986 
2 769 2014 70.644409 62.611401 
0 
1 1324 81.501988 
1 2021 -53.850367 
1 551 -65.700812 
6 20 759 962 976 1428 1735 -90.434003 64.262286 7.336171 -59.226466 -90.924224 -58.568040 
6 334 779 781 1278 1746 1967 89.031808 -64.069658 85.155918 46.623894 -31.896344 -40.949694 
3 600 1339 2382 79.937787 80.529750 -31.577092 
2 2160 2313 68.756970 68.605071 
3 35 889 1380 94.463724 -41.149547 5.435960 
2 907 1633 -47.575916 97.944590 
3 626 1196 1648 -34.788240 68.757380 26.473114 
2 1320 1731 -84.458920 26.383364 
1 1053 -85.211053 
2 23 401 -46.827317 25.391920 
4 389 1071 1120 1134 32.903091 64.059441 16.874125 -49.542083 
4 716 1034 1137 1739 -41.919807 -11.322310 -15.709820 84.963459 
1 2001 -91.067504 
2 357 1244 86.336211 -28.299928 
2 1045 2159 -76.570477 48.098615 
4 908 1295 1807 2328 31.872383 92.971519 -81.010350 93.820250 
1 1925 -31.187766 
2 771 1964 -89.953466 -67.265995 
2 1228 2355 -55.119413 -47.087681 
3 447 1294 1847 -56.294023 74.707584 -56.739013 
3 478 1388 2370 6.455725 -78.956491 90.520372 
0 
2 1495 1946 47.119558 42.089572 
0 
2 130 363 34.536554 83.075711 
5 363 743 1506 1838 1919 22.975658 -95.408158 41.728723 -84.021336 36.008837 
4 254 1382 2092 2477 42.849828 87.471131 81.384903 -8.281627 
2 1241 1649 82.546192 -78.329246 
2 959 1001 -6.645206 35.732151 
3 1158 1305 2112 -66.493224 -28.013429 2.117443 
3 977 1946 2359 89.944815 73.110589 69.270132 
1 238 -33.371636 
8 883 1030 1076 1096 1485 2111 2147 2370 78.654830 11.522928 -67.793623 -76.781858 -57.522787 -25.908345 29.306265 79.126756 
2 575 2330 21.915673 27.512548 
1 63 -11.928802 
5 455 482 790 1654 1968 -87.644546 38.167191 -51.566598 13.169539 72.837321 
5 119 548 1920 2178 2301 -28.214099 -70.734467 -49.602388 47.996830 -88.168327 
0 
4 246 1229 1460 2250 26.852468 -48.644014 -74.460992 3.230228 
3 647 755 1153 -79.372142 -57.204748 3.372564 
3 1234 1668 1934 -44.617573 -62.011090 40.890191 
3 998 1147 2137 -49.364632 -27.131838 -1.406887 
2 33 1886 89.694252 -51.171615 
1 1620 -59.591217 
3 422 710 2266 29.053788 4.244342 79.454403 
2 567 1506 59.007889 74.685202 
6 1057 1597 2044 2162 2384 2469 -81.558037 -67.642214 -89.660212 -4.555218 23.875531 21.867460 
2 1120 1454 -1.015347 30.754245 
3 294 1962 2249 39.326692 -53.321579 48.782657 
3 1787 2049 2280 74.977215 -71.378975 23.386650 
1 412 -28.386373 
5 441 769 875 1064 2347 46.125966 -35.178186 -70.615030 -69.839122 -68.266834 
4 579 1059 1143 1647 2.915101 -39.242238 -7.992584 -38.068848 
6 844 846 995 1536 1691 2207 -76.718845 -78.097299 43.860584 65.901233 -96.442940 -23.245505 
5 289 600 1667 1808 2469 99.995694 -37.760278 32.156073 65.722481 43.689977 
5 943 994 1536 1910 1956 -43.282674 35.645656 -33.953938 -47.271295 -59.702873 
2 1340 1996 97.577813 43.247722 
1 2258 -40.625349 
5 400 685 1388 1857 2025 -0.119587 -36.266215 53.369963 -80.437008 28.692816 
4 505 511 1307 1962 -37.725004 -42.322418 10.236811 47.521946 
3 801 1266 2310 -9.299662 -64.870601 60.722373 
5 777 865 993 2338 2456 5.968146 -16.573434 50.086506 -61.995604 -30.889995 
2 658 793 92.372260 -89.297952 
1 4 -18.585966 
3 1242 1706 2447 -84.364259 17.098310 -24.274409 
2 493 2200 -39.389287 10.486106 
2 158 599 -68.966881 12.643677 
0 
1 1401 47.893532 
2 871 2472 7.174806 -62.899534 
3 1204 1481 1767 -49.418782 15.251320 -96.177082 
4 349 661 683 2400 80.661879 -39.737707 -80.044829 21.197040 
4 198 824 2013 2435 -59.834365 -41.411320 -26.545892 41.495971 
2 281 2448 -47.945611 9.342538 
4 226 321 978 2418 -60.118402 -34.321232 55.166873 6.141399 
2 296 998 28.875876 87.781150 
2 1217 1567 -51.067688 -10.076204 
4 233 666 701 2242 26.084133 30.899146 -54.543282 18.230914 
3 945 1744 1845 18.483476 -2.215002 23.655137 
4 46 768 1374 2002 -96.686617 59.989552 -0.951754 -68.029791 
1 27 -78.125288 
2 420 681 83.740060 23.453792 
1 710 36.509088 
0 
1 2394 -18.462702 
3 714 2289 2480 -26.577947 72.621985 -10.307748 
1 1312 72.812134 
2 1152 1569 -34.270982 97.513533 
2 26 1701 63.952946 30.636178 
1 1571 -15.383792 
4 122 907 968 2272 -78.480608 -39.180777 -77.270495 96.555975 
4 894 984 1028 1731 -44.144083 -42.914447 99.910584 88.918360 
1 2494 67.426912 
3 284 1544 2288 42.355946 -52.622874 85.872984 
2 1329 2377 -37.125786 -82.151810 
2 2305 2333 -96.952693 30.136249 
3 546 1952 1980 28.902299 64.700428 61.559830 
2 1680 1854 -42.426737 39.093741 
3 152 789 1593 18.082181 55.856929 -19.935431 
2 676 948 49.979385 20.092729 
2 292 1756 46.373131 -19.923081 
4 838 1368 1683 2403 58.760505 -0.299841 73.182046 57.082438 
4 324 1054 1852 2059 34.812275 -75.887873 -37.998872 -56.596475 
5 14 190 521 1592 1909 -46.288795 -55.896181 -62.066359 47.405422 61.926971 
4 68 921 1722 2144 -8.075915 80.203366 -95.535645 -45.868084 
0 
4 424 552 882 1044 20.858678 39.108498 -52.198289 -85.960501 
2 1460 1633 43.076990 -17.238770 
2 902 1232 57.024392 -37.775444 
3 764 1485 2351 -51.436096 73.864152 45.404720 
2 1292 1868 -30.981175 40.950374 
1 2329 -34.984638 
1 1813 81.068159 
4 41 998 1409 2397 9.380857 -85.376957 20.383464 76.221665 
3 583 1337 1455 -65.501949 65.805382 -99.193208 
3 968 1215 1245 59.472788 86.001788 14.140442 
3 400 1305 1564 -41.170620 87.340315 -33.108002 
4 194 1509 1842 2179 90.677541 -29.243876 -47.004887 20.048648 
4 201 1061 1270 2174 -49.329465 -81.464099 28.255217 -63.054494 
5 182 516 793 1249 1939 34.291568 11.753414 20.541810 30.738695 -83.525913 
2 1337 2255 88.594752 -11.757528 
3 309 2059 2425 -78.839293 49.292335 61.884846 
2 716 2183 -20.905343 -72.955536 
2 516 1199 -81.752188 70.617004 
7 1348 1505 1605 1649 1915 2085 2486 -96.461151 58.609485 90.140600 -69.764310 -6.404014 39.777544 -39.040009 
1 704 75.135601 
3 77 116 1165 72.326393 -89.459179 27.705336 
1 1335 61.189797 
1 1729 -20.478744 
3 150 582 2101 -50.214437 69.840510 19.726984 
4 413 851 1360 2280 -38.527191 57.456738 29.486762 -25.514439 
0 
0 
2 403 474 69.513350 56.361645 
6 134 937 1357 1417 1568 2384 -47.939436 30.890810 -9.491337 49.094824 6.859740 -3.901275 
1 751 -55.364812 
4 864 1105 1417 1528 -52.355238 53.396033 -85.437744 82.935463 
4 1034 1550 1653 2442 49.955018 -45.542004 -7.944148 -69.279385 
2 1193 2450 18.262428 26.007472 
1 1481 59.331394 
1 274 61.787034 
4 653 1009 1091 1761 50.420113 65.701276 -48.940995 36.710234 
4 331 802 2133 2475 22.732246 90.265601 -39.833924 21.697910 
5 656 1373 1450 1667 1743 -19.853741 83.107025 -65.549785 40.722317 -46.294455 
3 925 1063 2179 -59.424078 -97.965494 97.351401 
3 1363 1942 2044 25.808472 -14.219980 76.734667 
2 350 1190 11.064486 -12.826283 
4 1328 2208 2423 2439 -63.745308 -82.866398 -55.403169 -60.188988 
2 1154 1900 11.890985 50.022859 
2 1310 2259 -0.395136 22.826794 
2 449 792 -73.335027 -65.280034 
3 205 1380 1912 -50.782723 -43.912361 86.860444 
0 
2 845 2264 11.772277 39.467851 
0 
4 66 721 1219 1644 22.678664 -53.498024 -13.847486 -35.730898 
1 2021 96.527607 
3 1615 1737 1807 31.445058 -73.103287 -58.301481 
5 119 768 2138 2334 2492 57.904982 14.442507 -12.484647 22.521971 93.370131 
3 47 603 876 32.565024 -76.018291 -86.886631 
3 197 207 769 -76.451423 49.078194 -63.984611 
2 895 1586 85.638912 56.049428 
3 395 928 2254 66.291958 97.440810 40.221445 
1 1758 34.984492 
0 
4 595 842 1253 2194 -74.652494 3.371202 86.039106 -16.279985 
4 100 146 626 740 -76.073783 76.566906 53.445474 45.272237 
1 2197 -41.355090 
4 814 1037 1874 2250 76.012641 -25.689161 15.691457 -20.089538 
3 755 1132 2006 95.694203 72.884498 20.909941 
2 566 2142 40.379057 -67.882990 
1 1829 23.972979 
5 68 563 1486 2010 2249 -32.435585 66.231837 -80.344373 -0.054652 13.901815 
5 886 1170 1374 1534 1721 89.717639 -73.166222 43.548522 -35.814084 12.566147 
1 2307 10.814880 
1 1992 9.430429 
1 1320 -36.338946 
2 320 388 -65.881798 -69.722752 
4 36 65 335 2006 -12.359004 67.066661 -44.232620 84.791775 
4 1381 1690 1986 2215 -13.889307 -7.489011 33.468288 69.902884 
2 955 1994 -76.367818 -88.289306 
1 1214 63.779432 
3 656 1346 2382 3.859126 55.934672 0.856158 
2 626 1607 13.296804 85.943987 
2 795 2086 29.618416 77.089083 
2 1035 2428 -53.795961 87.405138 
2 1275 2301 -67.485248 64.971239 
3 234 386 867 31.747337 64.312190 -6.885579 
0 
3 1737 1937 2297 83.888569 -23.976591 69.297856 
3 230 1616 1907 -85.560067 33.943322 69.923561 
1 2444 61.238304 
2 865 906 -37.231728 -66.336490 
1 2091 -84.010023 
2 571 1614 2.068721 -89.225959 
2 63 1996 24.108979 32.843223 
1 2207 -5.351309 
4 1784 1824 2113 2451 44.918930 10.584672 -0.053974 -48.295138 
3 410 790 1403 -68.568963 93.350466 -83.777056 
2 14 2032 32.208960 89.581378 
2 107 1806 -46.082018 -27.714663 
2 313 1874 -16.904458 -50.699198 
2 246 1908 -86.058463 -44.174321 
2 1545 2420 80.696454 16.031252 
1 2058 44.842399 
5 792 1592 1740 1831 1958 83.998412 -12.947995 -90.161540 10.774233 -57.145578 
1 2439 -96.715081 
2 394 1338 -58.893277 -20.358851 
2 499 1185 -21.031144 80.118840 
1 666 -27.872935 
4 73 723 797 1052 2.518842 -9.096298 61.893510 52.692998 
6 168 211 239 875 1791 2218 19.590467 71.820740 -48.623423 -99.491258 21.013300 26.381860 
4 590 608 1798 1902 84.492181 -86.471820 2.310161 2.163621 
2 187 629 15.589889 -31.953736 
2 864 1474 -69.738060 20.113403 
2 713 2023 -48.341430 97.356633 
5 458 1374 1540 1634 1987 -72.303955 -53.465697 -45.682557 56.727921 90.823451 
3 293 770 1327 48.984066 -50.977715 -26.238841 
2 524 1911 -25.003059 -69.251167 
4 362 379 845 1345 81.208565 14.190514 -21.520794 70.612490 
4 272 544 1118 2012 78.188335 -32.710867 4.264511 30.991898 
4 359 747 1280 1411 70.026715 -63.052966 71.879796 29.151512 
2 1135 1537 29.765476 2.111058 
4 1 326 1748 2452 55.380193 12.464610 16.153107 -60.060902 
4 119 643 1352 1660 -84.046508 26.826007 57.858538 94.961056 
3 227 1645 2230 -95.804476 -79.243457 -48.908448 
0 
6 16 480 1015 1153 2012 2224 20.292518 -12.913855 -60.027874 -49.919708 40.502734 58.250548 
3 214 1356 1999 -95.443936 -8.762334 25.073227 
6 67 93 437 515 703 1298 87.528816 52.821626 -98.598741 -22.059616 -13.764791 38.715894 
0 
6 242 1582 1646 1666 1807 2463 25.826485 -91.571599 28.588724 -20.973514 99.383624 60.502832 
3 348 1263 1682 -85.772963 26.784039 -26.082246 
2 801 1725 -28.892651 18.244656 
4 31 163 1066 1247 -71.404923 29.722681 -76.581101 -51.223653 
5 330 461 500 628 2324 82.612910 28.191054 24.103247 74.663131 68.327260 
1 32 -84.829460 
3 98 1578 2071 21.150913 -4.597542 -18.186771 
3 885 1983 2355 -24.694682 -39.730348 -87.376327 
3 445 730 1934 -49.744336 45.348532 67.359838 
2 394 1486 -24.492019 -76.580227 
2 2027 2348 -76.666207 -51.128567 
2 1001 2039 -99.324636 3.689006 
0 
2 1072 1175 -50.311012 -23.341977 
0 
2 251 1988 16.929501 27.378214 
1 1780 83.443502 
3 1107 1274 2094 45.863588 -28.579358 16.178741 
1 790 -87.016083 
5 188 478 1272 1706 2185 58.048216 42.993877 99.208585 -55.616806 -70.566251 
2 1636 2332 -29.610449 6.346017 
3 362 508 1454 28.810917 -61.531145 1.492673 
3 436 916 1763 -53.683219 42.513020 94.464875 
3 635 679 908 71.188283 -96.723632 -26.044961 
2 128 622 -86.974423 32.303189 
2 563 1022 12.660118 -71.555084 
4 277 349 1922 2010 -99.921146 -22.213126 22.936785 0.542651 
2 1064 1313 33.306418 -44.501171 
3 88 2012 2112 2.906480 -27.257497 75.340872 
2 19 1127 1.224489 -79.954108 
2 1528 1964 24.750690 25.879290 
1 825 27.925768 
8 81 129 575 777 970 1157 1394 2010 -27.389297 15.120115 86.401614 17.430975 44.397511 -65.594057 -44.688459 86.873761 
5 342 954 1397 1417 2351 5.199755 33.026560 93.747120 -80.409607 50.544448 
4 164 921 1063 1479 21.110857 -47.419371 33.457841 69.142915 
1 1787 62.524881 
3 790 1614 2269 -41.534679 -7.198884 -8.990215 
2 214 900 90.749656 -79.830662 
5 238 1319 1597 1607 1665 97.627145 -46.787407 -42.837021 -71.105785 59.759108 
2 227 2329 -57.565018 67.401837 
1 141 -87.445436 
2 102 1591 -68.001019 -77.449417 
2 579 2336 30.523283 -32.992310 
2 414 1196 81.052582 69.760170 
3 1090 1951 2019 -92.796828 -55.932722 -96.629468 
3 1150 1500 2001 -78.025151 33.318257 43.995251 
1 1618 47.495447 
3 776 786 1878 -76.900060 -8.522351 -94.683848 
0 
3 37 1724 2046 38.573514 2.752859 93.119798 
1 757 -45.776145 
2 539 1267 -5.055317 -70.588113 
3 239 1297 1607 15.005499 -85.970069 81.868415 
2 512 1392 95.728262 50.027557 
1 1638 -0.804666 
1 1106 81.577872 
3 76 905 2460 -41.958909 -89.829765 24.872386 
3 308 1358 1540 -75.440362 84.835647 29.502920 
5 504 523 1158 2212 2278 -50.383740 16.004309 -19.732962 31.786074 -61.303964 
6 83 275 1311 1942 2008 2425 60.128742 -41.499315 -27.840732 0.202938 -90.064344 30.511529 
3 718 958 1865 49.055575 -17.124778 -20.519407 
4 983 1668 2193 2414 40.880723 -84.784976 -57.189763 87.071692 
2 2195 2392 -79.367721 68.918778 
3 168 2399 2426 75.484105 92.170813 -57.782682 
2 356 623 76.685588 -74.005507 
1 1192 51.304290 
2 376 1567 -26.140732 -47.312534 
5 41 730 1995 2252 2341 -9.501593 66.622709 -79.045255 -43.606855 -53.361228 
0 
2 186 1418 39.675025 -93.239942 
1 802 -65.776355 
1 2243 4.881580 
1 2472 -75.061377 
3 1122 2243 2333 -80.558756 -39.437568 87.381864 
3 27 665 1994 48.279976 88.951212 -50.565852 
2 566 1609 34.481253 15.878431 
2 798 2118 -42.492424 -76.476475 
1 11 85.147054 
3 497 1207 2443 49.286215 -5.941731 67.754632 
5 869 992 1352 1650 2329 -99.363650 42.356389 96.338555 53.525250 -23.673569 
0 
0 
4 23 370 705 884 -44.825971 3.952851 97.234275 -73.867199 
5 341 530 618 1613 1789 36.939459 39.002603 36.309834 -84.244004 39.365671 
1 1510 -85.870512 
5 706 1210 1403 1557 1850 -67.580119 72.172197 83.791510 -86.287416 -49.053803 
2 2304 2399 49.795216 -26.869587 
3 538 743 1632 4.256246 36.111096 74.372141 
2 1711 2181 -55.804358 -59.176697 
2 1399 2444 41.373546 -99.498820 
2 318 1236 -61.404276 -8.510277 
2 1689 1827 90.005865 -99.983558 
2 202 1855 32.594740 34.531060 
1 814 73.075113 
3 62 103 1635 25.090833 24.320496 31.390307 
0 
2 1150 1733 55.538921 33.151765 
0 
2 519 1865 -30.830404 44.127944 
2 1462 2499 61.431160 -4.296439 
4 24 237 292 1167 75.873708 30.138739 1.317235 29.258674 
4 113 179 249 1993 94.526986 -47.154547 69.867249 -87.418069 
2 420 2345 -70.497376 -19.539338 
5 263 808 1470 1752 2444 17.502820 -20.074350 -59.893218 -16.186291 7.271010 
2 874 1967 72.781290 -17.574916 
4 1407 1410 1435 1530 -42.635850 -80.488232 59.047753 -34.749867 
5 385 838 1417 1820 2453 27.168667 -58.095297 96.693002 -86.454863 73.509551 
1 1632 92.553533 
3 278 776 1518 10.932947 -9.385922 77.950739 
1 752 -72.337383 
0 
3 1931 1954 2258 -33.635372 -3.776850 80.020173 
2 419 1656 62.268657 -0.531498 
0 
4 396 612 2059 2209 62.304697 -48.599711 -45.711042 -63.399642 
3 693 1228 2145 6.575496 -31.028234 23.814180 
1 969 2.211990 
3 2 1140 2235 -74.501346 -42.921965 82.811279 
1 1094 91.262524 
2 669 1721 -72.483647 70.182159 
0 
0 
3 677 807 1376 45.239169 -87.231254 57.835998 
2 545 2299 6.525223 -17.882489 
1 1437 88.265342 
3 147 1949 2262 -16.658402 -50.252483 -53.502209 
0 
4 193 1142 1548 1555 -76.457018 91.241219 -15.731968 -55.004537 
3 1018 2210 2399 -91.130916 -0.972813 -9.160377 
4 1091 1896 2033 2190 -35.893068 31.444860 9.040421 40.000894 
4 1452 2014 2187 2314 -25.700966 -65.017121 69.499053 35.880948 
1 857 10.461520 
3 718 1303 1632 70.300233 28.481075 16.746211 
1 859 -73.190325 
1 948 -6.609294 
4 764 1430 1668 1718 -40.248335 34.233555 10.610661 -81.740774 
3 676 1625 1889 52.423058 96.804777 -3.947743 
3 322 1011 1786 94.826852 99.844897 -77.640803 
1 357 93.805110 
3 1142 1797 1992 -30.136305 42.326951 93.618116 
2 141 1131 -1.870650 83.085602 
2 1327 2146 4.475727 38.475686 
1 436 -12.292140 
2 559 1801 41.746950 66.392099 
0 
6 844 1212 1260 1301 2384 2420 37.645469 29.984048 84.503574 -10.679529 26.972708 -22.732138 
1 1196 40.865719 
2 846 2034 84.705268 -3.338268 
2 587 885 49.143357 5.751641 
3 541 1027 2076 -78.824985 -24.365112 -10.726739 
2 670 908 -21.124633 28.918730 
5 204 415 716 920 1899 -29.818235 -70.492157 39.273212 43.588875 89.474930 
5 134 232 656 1656 1712 59.088512 -26.342980 -68.971702 -59.388588 83.941805 
3 264 1080 1186 15.248054 88.611888 -59.135299 
1 101 72.087689 
3 531 2010 2172 86.399583 67.857535 7.208743 
4 429 782 1361 2249 -55.374237 5.788717 4.453965 94.159699 
2 75 108 -5.719751 -27.656092 
1 1657 39.591744 
4 793 869 2008 2326 -60.628453 -62.292250 18.243748 -40.834501 
2 2017 2423 54.382417 16.487697 
4 904 1008 1492 2152 -52.259835 -83.028182 12.308592 53.619341 
7 362 695 714 942 1049 1428 1533 66.946107 -76.405001 22.787746 9.154882 4.272757 19.241652 -99.453228 
2 13 2261 39.605669 -90.781547 
3 177 468 821 30.462086 -97.145346 30.448058 
4 465 746 1958 2232 26.562757 3.747442 -61.519141 39.334682 
2 192 2343 -85.212769 23.099326 
4 433 507 772 1509 -74.835500 -83.513366 36.944722 -2.493683 
1 1229 -45.262579 
2 1298 1588 64.579089 -68.265865 
4 1073 1262 2368 2451 66.873835 64.747009 82.177381 57.392974 
3 495 1562 1967 89.447293 57.282948 38.397668 
2 925 1505 -83.477724 87.954569 
3 560 791 952 -83.450955 37.144854 30.128435 
0 
4 1046 1862 1916 2117 -55.241370 63.498712 -28.185194 79.323406 
2 1554 1568 84.799539 53.202769 
2 437 474 46.406007 -2.739533 
4 483 656 1725 1833 32.773287 50.240066 41.758978 -50.332947 
4 306 422 947 2230 38.511849 -47.798245 -27.797573 7.054133 
2 83 137 -84.665482 50.407649 
3 76 834 1781 -39.257564 -72.852192 53.765132 
2 523 1246 -67.266659 98.542503 
1 237 -56.309341 
2 1967 2069 -8.437576 -60.973686 
4 1316 1379 1794 1815 50.142139 -60.300720 -46.946286 63.885446 
5 464 884 1597 1653 2199 91.033996 33.850623 34.620730 -64.585825 -57.896205 
3 758 788 1680 -21.668343 -17.257633 76.934180 
4 47 283 765 1540 5.669048 -92.215021 -43.747192 90.747318 
1 2307 -90.120657 
4 606 1829 2264 2329 18.385713 87.649130 -69.238210 98.790402 
2 13 1512 -34.424824 61.000911 
3 1162 1224 1769 -54.390938 90.747217 48.320323 
5 99 592 1217 2105 2123 81.640816 19.152551 -87.347814 -33.297217 -65.610350 
3 131 415 981 97.760269 -41.794354 12.123685 
4 549 1155 1380 2286 -98.165021 -10.692474 -14.508909 -55.219764 
2 1285 2176 84.961199 31.367041 
1 33 -29.937101 
3 271 1064 2143 76.752789 21.975667 -7.706228 
0 
5 126 453 1567 1774 2393 89.481171 -85.068173 -63.597035 -17.446701 59.620728 
4 167 1786 2040 2351 -35.470581 -43.260781 -59.455668 50.630158 
3 45 458 1797 92.089224 -54.615752 6.628758 
2 1623 1718 88.080895 72.219166 
4 457 972 1040 1495 67.560567 70.631686 87.700549 -51.527475 
2 995 2458 -15.827538 29.765640 
1 654 -54.348995 
3 891 1022 1468 -5.757092 -52.554127 -90.342592 
2 2393 2494 30.218606 1.189987 
1 2414 -26.805524 
2 1835 2159 61.815643 71.685843 
4 945 1018 1567 2387 -97.390081 -41.621576 8.913967 -81.405917 
2 327 2363 49.788632 -76.191114 
3 706 767 1546 40.555158 -24.053332 79.296905 
1 1240 89.707745 
3 609 1897 2484 -14.676375 -69.486353 -65.442624 
1 1508 -15.144486 
2 500 1451 -41.449450 60.481334 
3 349 1873 1987 -18.255589 1.474885 61.731162 
1 2300 -9.781016 
2 51 626 57.486273 99.947529 
0 
2 719 1083 19.089632 62.040517 
1 1424 64.096849 
5 147 1498 1576 1961 2193 48.243570 44.836087 -76.278279 -23.416052 71.107030 
2 661 1625 31.929737 -39.397729 
2 1426 2011 -25.894592 -70.337322 
4 350 502 740 844 -32.843807 -69.105234 12.658288 -58.097516 
0 
0 
3 1180 2015 2386 70.354510 35.674457 62.394418 
2 820 1564 19.497062 13.523999 
4 317 670 1519 2279 44.820456 -50.924482 91.663592 -71.651495 
2 353 1959 15.139721 27.242027 
6 173 414 611 1298 2418 2464 -13.574016 -43.942728 5.008803 -67.890608 93.572425 -4.945141 
1 502 -83.811294 
2 1319 2099 -47.911364 -33.095955 
5 638 1675 1932 2160 2177 16.131516 -44.137860 59.665533 52.253084 57.333796 
3 650 901 2162 -62.551720 -32.916143 -11.116914 
2 1567 2183 61.947390 74.708544 
3 182 1114 1302 -99.249981 7.114543 -82.456616 
5 88 450 1114 1437 2158 -61.963614 -33.039110 33.094080 40.249271 -29.909600 
0 
0 
2 798 2119 -21.109910 -69.905226 
0 
4 40 1388 2303 2385 -57.246877 24.636895 -91.739418 86.066443 
1 336 -45.454255 
1 2416 94.918690 
4 133 936 1319 1748 -34.681456 -42.172523 -69.014598 -71.485072 
1 1366 22.795565 
2 1819 2283 52.049484 -91.249270 
2 1338 1859 -86.154874 -6.817434 
1 582 58.495502 
1 2257 -0.034846 
3 215 1027 1848 -14.765845 56.511556 26.661045 
0 
3 931 1376 1452 -37.308603 18.883075 -75.673169 
3 18 543 669 73.246832 -83.255321 87.538157 
3 179 705 2223 7.749560 48.606095 -53.125318 
2 1045 1147 66.779465 -92.671365 
5 384 401 765 1373 2201 65.907487 55.928680 1.070066 -95.618637 -69.562892 
5 224 786 937 1078 1821 -45.004552 40.404499 -34.014794 5.384715 0.699430 
1 1841 30.581426 
1 667 -82.303064 
3 359 2093 2139 70.379911 -10.075553 19.365878 
3 1468 1513 1740 -48.917979 -79.750730 -83.713617 
5 390 493 827 1695 1843 -88.407852 82.271077 -74.718163 18.284405 -21.001991 
3 40 230 471 -10.109287 27.201085 -17.216261 
3 175 1013 2073 -69.867439 28.749244 -9.667696 
4 1479 1738 1851 1876 -24.180113 20.541889 19.290486 31.359551 
3 764 1486 1716 -87.413246 -15.887639 -1.238228 
2 1015 1903 95.636972 -1.614508 
3 154 798 1409 -90.033636 -9.331248 73.439947 
2 217 643 40.778516 52.541297 
3 229 647 2341 96.398134 58.421604 50.599638 
5 400 563 1219 2226 2255 -64.430358 96.003563 22.430044 -0.222210 46.504824 
2 37 1219 -53.432670 -10.099371 
2 689 724 -96.109156 10.362411 
0 
5 549 754 908 1570 2101 3.322962 -33.845999 -86.727806 -75.738615 -9.255221 
3 1262 1291 1975 -68.379379 65.403582 80.377915 
2 739 843 -48.790895 91.036357 
4 233 555 1140 2040 23.482944 13.987256 -31.382878 23.502854 
3 919 1052 2495 91.086442 -95.215192 -54.575231 
1 659 58.937526 
2 1730 2052 50.880895 21.092711 
4 199 809 2029 2119 85.760542 2.445805 -93.624520 7.974663 
3 418 1094 1903 -20.315134 -48.571254 65.882644 
5 103 218 751 1639 1727 39.688720 -55.591534 -66.848917 -59.516576 64.082261 
1 956 14.444932 
2 366 874 -92.808576 -98.703452 
2 1304 2493 -56.318694 79.061173 
2 823 1099 -16.826879 83.148639 
1 550 84.428001 
3 995 1835 2109 87.671654 -39.979936 12.922587 
0 
2 711 1492 78.841207 -78.648324 
2 1144 2135 24.635534 53.178679 
5 360 428 1155 1514 2301 -8.735344 80.898253 -1.951706 21.478931 44.265552 
1 824 31.109727 
